timestamp_utc,time_ns,seconds_elapsed,x,y,z
2026-09-17T07:32:00.565380,1789630320565380600,49.007380615234375,-0.014373779296875,-0.0213623046875,-1.008514404296875
2026-09-17T07:32:00.575339,1789630320575339500,49.01733959960937,-0.015106201171875,-0.0195159912109375,-1.000091552734375
2026-09-17T07:32:00.585299,1789630320585299700,49.0272998046875,-0.00958251953125,-0.0173187255859375,-1.00250244140625
2026-09-17T07:32:00.595259,1789630320595259600,49.037259765625,-0.0082855224609375,-0.0149993896484375,-1.002532958984375
2026-09-17T07:32:00.605218,1789630320605218600,49.04721850585938,-0.011871337890625,-0.0174560546875,-1.0084686279296875
2026-09-17T07:32:00.615178,1789630320615178500,49.05717846679688,-0.012420654296875,-0.0238494873046875,-1.001861572265625
2026-09-17T07:32:00.625138,1789630320625138700,49.067138671875,-0.0083160400390625,-0.0268707275390625,-1.0012969970703125
2026-09-17T07:32:00.635097,1789630320635097900,49.077097900390626,-0.0046234130859375,-0.023406982421875,-1.006011962890625
2026-09-17T07:32:00.645057,1789630320645057800,49.08705786132813,-0.0034027099609375,-0.02264404296875,-1.0043182373046875
2026-09-17T07:32:00.655017,1789630320655017700,49.09701782226563,-0.001922607421875,-0.0216827392578125,-1.00018310546875
2026-09-17T07:32:00.664977,1789630320664977700,49.10697778320313,-0.0031585693359375,-0.0201416015625,-1.008636474609375
2026-09-17T07:32:00.674936,1789630320674936800,49.116936767578125,0.0008392333984375,-0.0170135498046875,-1.0059051513671875
2026-09-17T07:32:00.684896,1789630320684896800,49.126896728515625,-0.000457763671875,-0.01708984375,-0.9998931884765624
2026-09-17T07:32:00.694856,1789630320694856700,49.136856689453126,-0.0010986328125,-0.015533447265625,-1.0043182373046875
2026-09-17T07:32:00.704815,1789630320704815600,49.14681567382812,-0.001708984375,-0.01611328125,-1.0125885009765625
2026-09-17T07:32:00.714775,1789630320714775600,49.15677563476562,-0.0047149658203125,-0.014495849609375,-1.0014801025390625
2026-09-17T07:32:00.724735,1789630320724735700,49.16673583984375,-0.006500244140625,-0.0127410888671875,-0.998016357421875
2026-09-17T07:32:00.734694,1789630320734694700,49.17669458007813,-0.0084228515625,-0.0119781494140625,-1.0124664306640625
2026-09-17T07:32:00.744654,1789630320744654600,49.18665454101563,-0.0098419189453125,-0.00860595703125,-1.004669189453125
2026-09-17T07:32:00.754614,1789630320754614500,49.19661450195313,-0.0097808837890625,-0.0093536376953125,-0.9969635009765624
2026-09-17T07:32:00.764573,1789630320764573700,49.20657373046875,-0.00732421875,-0.010284423828125,-1.005401611328125
2026-09-17T07:32:00.774533,1789630320774533600,49.21653369140625,-0.0096893310546875,-0.010223388671875,-1.0094757080078125
2026-09-17T07:32:00.784493,1789630320784493600,49.22649365234375,-0.009490966796875,-0.0118255615234375,-1.0018310546875
2026-09-17T07:32:00.794453,1789630320794453500,49.23645361328125,-0.0061798095703125,-0.0148468017578125,-0.99932861328125
2026-09-17T07:32:00.804412,1789630320804412700,49.24641259765625,-0.0047454833984375,-0.0164031982421875,-1.0065765380859375
2026-09-17T07:32:00.814372,1789630320814372600,49.25637255859375,-0.0052337646484375,-0.0175628662109375,-1.0111846923828125
2026-09-17T07:32:00.824332,1789630320824332800,49.26633276367187,-0.00372314453125,-0.0200958251953125,-1.0036468505859375
2026-09-17T07:32:00.834291,1789630320834291700,49.27629174804687,-0.0065460205078125,-0.020050048828125,-0.99554443359375
2026-09-17T07:32:00.844251,1789630320844251600,49.28625170898437,-0.0045623779296875,-0.019683837890625,-1.0054168701171875
2026-09-17T07:32:00.854211,1789630320854211600,49.296211669921874,-0.004852294921875,-0.018829345703125,-1.013397216796875
2026-09-17T07:32:00.864170,1789630320864170500,49.30617041015625,-0.0078277587890625,-0.0201416015625,-1.000701904296875
2026-09-17T07:32:00.874130,1789630320874130700,49.31613061523438,-0.0077056884765625,-0.019927978515625,-0.99835205078125
2026-09-17T07:32:00.884090,1789630320884090600,49.32609057617187,-0.0083160400390625,-0.020233154296875,-1.0055694580078125
2026-09-17T07:32:00.894050,1789630320894050600,49.33605053710937,-0.010162353515625,-0.019989013671875,-1.0103759765625
2026-09-17T07:32:00.904009,1789630320904009500,49.346009521484376,-0.008331298828125,-0.0192718505859375,-1.0043792724609375
2026-09-17T07:32:00.913969,1789630320913969700,49.3559697265625,-0.0084228515625,-0.0189208984375,-0.9993896484375
2026-09-17T07:32:00.923929,1789630320923929600,49.3659296875,-0.009490966796875,-0.0191192626953125,-1.003875732421875
2026-09-17T07:32:00.933888,1789630320933888800,49.375888671875,-0.007110595703125,-0.0202484130859375,-1.010711669921875
2026-09-17T07:32:00.943849,1789630320943849000,49.385848876953126,-0.0048980712890625,-0.0173797607421875,-1.0016632080078125
2026-09-17T07:32:00.953809,1789630320953809000,49.39580883789063,-0.005584716796875,-0.0119476318359375,-1.0005645751953125
2026-09-17T07:32:00.963768,1789630320963768000,49.40576806640625,-0.00592041015625,-0.01141357421875,-1.0063629150390625
2026-09-17T07:32:00.973728,1789630320973728300,49.415728271484376,-0.0054168701171875,-0.0149078369140625,-1.0072479248046875
2026-09-17T07:32:00.983688,1789630320983688200,49.42568823242188,-0.0053253173828125,-0.0184173583984375,-1.002044677734375
2026-09-17T07:32:00.993648,1789630320993648000,49.43564819335938,-0.0047760009765625,-0.019744873046875,-1.00335693359375
2026-09-17T07:32:01.003607,1789630321003607000,49.44560693359375,-0.0071258544921875,-0.02117919921875,-1.007965087890625
2026-09-17T07:32:01.013567,1789630321013567200,49.455567138671874,-0.005401611328125,-0.0205535888671875,-1.0059814453125
2026-09-17T07:32:01.023527,1789630321023527200,49.465527099609375,-0.00250244140625,-0.0227203369140625,-1.0002288818359375
2026-09-17T07:32:01.033486,1789630321033486000,49.47548608398437,-0.003753662109375,-0.0266571044921875,-0.9994964599609376
2026-09-17T07:32:01.043446,1789630321043446000,49.48544604492187,-0.0037384033203125,-0.02728271484375,-1.007904052734375
2026-09-17T07:32:01.053406,1789630321053406000,49.49540600585937,-0.002410888671875,-0.02947998046875,-1.009613037109375
2026-09-17T07:32:01.063365,1789630321063365000,49.505365234375,-0.0036773681640625,-0.0374908447265625,-1.002044677734375
2026-09-17T07:32:01.073325,1789630321073325000,49.51532495117188,-0.0050048828125,-0.0475311279296875,-0.9999237060546876
2026-09-17T07:32:01.083285,1789630321083285000,49.52528491210938,-0.0019378662109375,-0.058258056640625,-1.0086212158203125
2026-09-17T07:32:01.093244,1789630321093244200,49.535244140625,-0.0014495849609375,-0.0633392333984375,-1.0088653564453125
2026-09-17T07:32:01.103204,1789630321103204000,49.5452041015625,-0.00372314453125,-0.063262939453125,-1.000213623046875
2026-09-17T07:32:01.113164,1789630321113164300,49.55516430664063,-0.0059051513671875,-0.0619964599609375,-1.001373291015625
2026-09-17T07:32:01.123124,1789630321123124200,49.56512426757813,-0.002899169921875,-0.058868408203125,-1.00494384765625
2026-09-17T07:32:01.133083,1789630321133083100,49.57508325195312,-0.00177001953125,-0.0543212890625,-1.0078582763671875
2026-09-17T07:32:01.143043,1789630321143043000,49.58504296875,0.007659912109375,-0.0560302734375,-1.0014801025390625
2026-09-17T07:32:01.153003,1789630321153003300,49.595003173828125,0.00274658203125,-0.061676025390625,-1.003387451171875
2026-09-17T07:32:01.162962,1789630321162962200,49.60496215820312,0.0019378662109375,-0.0640869140625,-1.004913330078125
2026-09-17T07:32:01.172922,1789630321172922000,49.61492211914062,-0.001312255859375,-0.069488525390625,-1.0058441162109375
2026-09-17T07:32:01.182882,1789630321182882000,49.62488208007812,0.0030517578125,-0.0778961181640625,-0.9986572265625
2026-09-17T07:32:01.192841,1789630321192841000,49.63484106445313,0.0089263916015625,-0.088958740234375,-1.0076141357421875
2026-09-17T07:32:01.202801,1789630321202801200,49.64480126953125,0.0124359130859375,-0.094696044921875,-1.001007080078125
2026-09-17T07:32:01.212761,1789630321212761000,49.65476098632813,0.012451171875,-0.101287841796875,-1.00604248046875
2026-09-17T07:32:01.222721,1789630321222721000,49.66472094726562,0.01385498046875,-0.10418701171875,-0.998291015625
2026-09-17T07:32:01.232680,1789630321232680200,49.67468017578125,0.0146942138671875,-0.105682373046875,-1.000152587890625
2026-09-17T07:32:01.242640,1789630321242640100,49.68464013671875,0.019744873046875,-0.1103363037109375,-1.00390625
2026-09-17T07:32:01.252600,1789630321252600300,49.69460034179688,0.0169677734375,-0.115234375,-1.0017547607421875
2026-09-17T07:32:01.262559,1789630321262559200,49.704559326171875,0.015472412109375,-0.123687744140625,-0.9982147216796876
2026-09-17T07:32:01.272519,1789630321272519200,49.714519287109376,0.0182342529296875,-0.136077880859375,-1.0043792724609375
2026-09-17T07:32:01.282479,1789630321282479000,49.72447900390625,0.0264129638671875,-0.1367340087890625,-1.0002288818359375
2026-09-17T07:32:01.292438,1789630321292438000,49.73443798828125,0.0339508056640625,-0.1350860595703125,-1.0036773681640625
2026-09-17T07:32:01.302398,1789630321302398200,49.74439819335937,0.02703857421875,-0.1406402587890625,-1.012664794921875
2026-09-17T07:32:01.312358,1789630321312358100,49.754358154296874,0.0111541748046875,-0.1479034423828125,-1.0058441162109375
2026-09-17T07:32:01.322318,1789630321322318000,49.764318115234374,0.0070343017578125,-0.14495849609375,-0.99273681640625
2026-09-17T07:32:01.332277,1789630321332277000,49.77427709960938,0.01226806640625,-0.144683837890625,-0.9884033203125
2026-09-17T07:32:01.342237,1789630321342237000,49.78423681640625,0.0074310302734375,-0.149261474609375,-1.00238037109375
2026-09-17T07:32:01.352197,1789630321352197000,49.79419702148437,0.0176239013671875,-0.1437530517578125,-1.005523681640625
2026-09-17T07:32:01.362156,1789630321362156000,49.804156005859376,0.031036376953125,-0.14105224609375,-0.9825897216796876
2026-09-17T07:32:01.372116,1789630321372116000,49.81411596679688,0.0414581298828125,-0.13916015625,-0.990142822265625
2026-09-17T07:32:01.382076,1789630321382076000,49.82407592773438,0.0328826904296875,-0.147064208984375,-1.0200653076171875
2026-09-17T07:32:01.392035,1789630321392035000,49.83403515625,0.0273590087890625,-0.1529998779296875,-1.028289794921875
2026-09-17T07:32:01.401995,1789630321401995300,49.843995361328126,0.03070068359375,-0.1468658447265625,-0.98614501953125
2026-09-17T07:32:01.411955,1789630321411955200,49.853955078125,0.024078369140625,-0.1400146484375,-0.9727020263671876
2026-09-17T07:32:01.421915,1789630321421915100,49.8639150390625,0.0052337646484375,-0.1489410400390625,-1.0131988525390625
2026-09-17T07:32:01.431874,1789630321431874000,49.8738740234375,-0.00347900390625,-0.1455841064453125,-1.0243988037109375
2026-09-17T07:32:01.441834,1789630321441834200,49.883834228515624,-0.001556396484375,-0.142578125,-0.9991455078125
2026-09-17T07:32:01.451794,1789630321451794200,49.893794189453125,0.0087738037109375,-0.134674072265625,-0.9706573486328124
2026-09-17T07:32:01.461753,1789630321461753000,49.90375317382812,0.0310516357421875,-0.1273193359375,-1.003021240234375
2026-09-17T07:32:01.471713,1789630321471713000,49.91371313476562,0.0448760986328125,-0.127716064453125,-1.0399627685546875
2026-09-17T07:32:01.481673,1789630321481673000,49.9236728515625,0.05224609375,-0.113677978515625,-1.03814697265625
2026-09-17T07:32:01.491633,1789630321491633200,49.93363305664062,0.056427001953125,-0.1015625,-0.960693359375
2026-09-17T07:32:01.501592,1789630321501592000,49.94359204101563,0.016448974609375,-0.102386474609375,-0.9850921630859376
2026-09-17T07:32:01.511552,1789630321511552000,49.95355200195313,-0.0208282470703125,-0.097076416015625,-1.0117034912109375
2026-09-17T07:32:01.521512,1789630321521512000,49.96351196289063,-0.0220947265625,-0.09454345703125,-1.019561767578125
2026-09-17T07:32:01.531471,1789630321531471000,49.97347119140625,0.005096435546875,-0.0935821533203125,-0.9664459228515624
2026-09-17T07:32:01.541431,1789630321541431300,49.98343139648438,-0.014617919921875,-0.118682861328125,-1.029541015625
2026-09-17T07:32:01.551391,1789630321551391200,49.99339111328125,-0.0308685302734375,-0.1219635009765625,-1.018157958984375
2026-09-17T07:32:01.561350,1789630321561350100,50.00335009765625,-0.001068115234375,-0.1257781982421875,-0.9587860107421876
2026-09-17T07:32:01.571310,1789630321571310000,50.01331005859375,-0.0382537841796875,-0.1351165771484375,-1.022186279296875
2026-09-17T07:32:01.581270,1789630321581270300,50.02327026367187,-0.090240478515625,-0.13031005859375,-1.0379180908203125
2026-09-17T07:32:01.591230,1789630321591230200,50.033230224609376,-0.096954345703125,-0.13226318359375,-1.0791778564453125
2026-09-17T07:32:01.601189,1789630321601189000,50.04318920898437,-0.0188446044921875,-0.103851318359375,-0.896728515625
2026-09-17T07:32:01.611149,1789630321611149000,50.05314916992187,0.055023193359375,-0.098968505859375,-0.99713134765625
2026-09-17T07:32:01.621109,1789630321621109000,50.06310888671875,-0.0142669677734375,-0.123138427734375,-1.0260162353515625
2026-09-17T07:32:01.631068,1789630321631068200,50.07306811523438,-0.0763092041015625,-0.1075286865234375,-1.042510986328125
2026-09-17T07:32:01.641028,1789630321641028000,50.08302807617188,-0.027130126953125,-0.079193115234375,-0.9481964111328124
2026-09-17T07:32:01.650988,1789630321650988000,50.09298803710937,0.00323486328125,-0.0943603515625,-1.0780792236328125
2026-09-17T07:32:01.660947,1789630321660947200,50.102947265625,-0.0932769775390625,-0.086700439453125,-1.02532958984375
2026-09-17T07:32:01.670907,1789630321670907100,50.1129072265625,-0.1348419189453125,-0.07012939453125,-0.8552398681640625
2026-09-17T07:32:01.680867,1789630321680867000,50.1228671875,-0.0362091064453125,-0.0969390869140625,-0.9220733642578124
2026-09-17T07:32:01.690827,1789630321690827000,50.13282690429688,0.0139312744140625,-0.1064605712890625,-1.26690673828125
2026-09-17T07:32:01.700786,1789630321700786200,50.1427861328125,-0.0686187744140625,-0.1083221435546875,-0.9759674072265624
2026-09-17T07:32:01.710746,1789630321710746000,50.15274609375,-0.123077392578125,-0.1346435546875,-0.7144012451171875
2026-09-17T07:32:01.720706,1789630321720706300,50.16270629882813,-0.080230712890625,-0.1263427734375,-0.9733428955078124
2026-09-17T07:32:01.730665,1789630321730665200,50.17266528320312,0.079498291015625,-0.1249847412109375,-1.4289703369140625
2026-09-17T07:32:01.740625,1789630321740625200,50.182625244140624,0.0465545654296875,-0.10760498046875,-0.968505859375
2026-09-17T07:32:01.750585,1789630321750585000,50.192585205078124,-0.04718017578125,-0.1068878173828125,-0.5997161865234375
2026-09-17T07:32:01.760544,1789630321760544000,50.2025439453125,-0.041717529296875,-0.0989990234375,-0.965972900390625
2026-09-17T07:32:01.770504,1789630321770504000,50.21250390625,-0.0326690673828125,-0.12762451171875,-1.3885650634765625
2026-09-17T07:32:01.780464,1789630321780464000,50.22246411132812,-0.1043548583984375,-0.0663604736328125,-1.235595703125
2026-09-17T07:32:01.790424,1789630321790424000,50.23242407226562,-0.044403076171875,-0.0335693359375,-0.4748687744140625
2026-09-17T07:32:01.800383,1789630321800383000,50.24238305664063,-0.012939453125,-0.0819091796875,-0.9223785400390624
2026-09-17T07:32:01.810343,1789630321810343000,50.25234301757813,0.01214599609375,-0.0801239013671875,-1.3103179931640625
2026-09-17T07:32:01.820303,1789630321820303000,50.26230322265625,0.036102294921875,-0.09808349609375,-1.1397857666015625
2026-09-17T07:32:01.830262,1789630321830262300,50.27226220703125,-0.021697998046875,-0.05902099609375,-0.806854248046875
2026-09-17T07:32:01.840222,1789630321840222200,50.28222216796875,-0.0085601806640625,-0.07891845703125,-0.64862060546875
2026-09-17T07:32:01.850182,1789630321850182100,50.29218212890625,-0.05963134765625,-0.1411895751953125,-1.4162445068359375
2026-09-17T07:32:01.860142,1789630321860142300,50.30214233398438,-0.0592193603515625,-0.1004791259765625,-1.1021575927734375
2026-09-17T07:32:01.870101,1789630321870101200,50.312101318359375,-0.0413970947265625,-0.0930938720703125,-0.9097442626953124
2026-09-17T07:32:01.880061,1789630321880061200,50.322061279296875,0.063720703125,-0.0692138671875,-0.66015625
2026-09-17T07:32:01.890021,1789630321890021000,50.332021240234376,0.0569000244140625,-0.123016357421875,-1.1725006103515625
2026-09-17T07:32:01.899980,1789630321899980000,50.34197998046875,-0.039398193359375,-0.0933990478515625,-1.3215484619140625
2026-09-17T07:32:01.909940,1789630321909940000,50.35193994140625,-0.0326995849609375,-0.0551605224609375,-0.8011016845703125
2026-09-17T07:32:01.919900,1789630321919900200,50.36190014648437,-0.1146087646484375,-0.0875091552734375,-0.8697052001953125
2026-09-17T07:32:01.929860,1789630321929860000,50.371860107421874,0.041290283203125,-0.049041748046875,-1.0348052978515625
2026-09-17T07:32:01.939819,1789630321939819000,50.38181909179688,0.0276947021484375,-0.0865020751953125,-1.2508697509765625
2026-09-17T07:32:01.949779,1789630321949779000,50.39177905273438,-0.0197906494140625,-0.05535888671875,-0.824951171875
2026-09-17T07:32:01.959739,1789630321959739100,50.4017392578125,-0.00048828125,-0.0721893310546875,-1.056793212890625
2026-09-17T07:32:01.969698,1789630321969698300,50.4116982421875,-0.000946044921875,-0.0589447021484375,-0.930267333984375
2026-09-17T07:32:01.979658,1789630321979658200,50.421658203125,-0.0013885498046875,-0.063201904296875,-1.072845458984375
2026-09-17T07:32:01.989618,1789630321989618200,50.4316181640625,-0.033843994140625,-0.0792236328125,-0.9832000732421876
2026-09-17T07:32:01.999578,1789630321999578000,50.441578125,-0.0218963623046875,-0.08026123046875,-1.0952911376953125
2026-09-17T07:32:02.009537,1789630322009537300,50.451537353515626,-0.0010986328125,-0.071319580078125,-0.82342529296875
2026-09-17T07:32:02.019497,1789630322019497200,50.461497314453126,0.0174713134765625,-0.0928802490234375,-1.104339599609375
2026-09-17T07:32:02.029457,1789630322029457200,50.47145703125,0.014312744140625,-0.0746307373046875,-1.109588623046875
2026-09-17T07:32:02.039416,1789630322039416000,50.481416015625,-0.033966064453125,-0.0575408935546875,-0.9013214111328124
2026-09-17T07:32:02.049376,1789630322049376000,50.4913759765625,-0.0139923095703125,-0.0668487548828125,-0.9438629150390624
2026-09-17T07:32:02.059336,1789630322059336200,50.501336181640625,0.04736328125,-0.052276611328125,-1.06256103515625
2026-09-17T07:32:02.069295,1789630322069295000,50.51129516601563,0.0164794921875,-0.057373046875,-1.1122894287109375
2026-09-17T07:32:02.079255,1789630322079255000,50.52125512695312,0.0129852294921875,-0.037933349609375,-0.822662353515625
2026-09-17T07:32:02.089215,1789630322089215000,50.53121508789062,0.020050048828125,-0.0333099365234375,-1.074249267578125
2026-09-17T07:32:02.099175,1789630322099175200,50.54117504882812,-0.0172119140625,-0.069091796875,-1.0337982177734375
2026-09-17T07:32:02.109134,1789630322109134000,50.55113403320313,-0.0367431640625,-0.0404205322265625,-1.07476806640625
2026-09-17T07:32:02.119094,1789630322119094000,50.56109399414063,-0.0080108642578125,-0.0501251220703125,-1.017669677734375
2026-09-17T07:32:02.129054,1789630322129054000,50.57105395507813,0.0758819580078125,-0.0458984375,-0.73193359375
2026-09-17T07:32:02.139013,1789630322139013000,50.58101318359375,0.0374755859375,-0.086639404296875,-1.111328125
2026-09-17T07:32:02.148973,1789630322148973300,50.59097338867188,-0.0216217041015625,-0.0875244140625,-1.3068084716796875
2026-09-17T07:32:02.158933,1789630322158933200,50.60093334960938,-0.05303955078125,-0.0512542724609375,-0.98541259765625
2026-09-17T07:32:02.168893,1789630322168893200,50.61089306640625,0.071197509765625,-0.0484466552734375,-0.715728759765625
2026-09-17T07:32:02.178852,1789630322178852000,50.62085205078125,0.0697174072265625,-0.02081298828125,-1.0984649658203125
2026-09-17T07:32:02.188812,1789630322188812000,50.63081201171875,-0.053802490234375,-0.0474700927734375,-1.1775970458984375
2026-09-17T07:32:02.198772,1789630322198772200,50.64077221679688,-0.047576904296875,-0.032440185546875,-0.7863311767578125
2026-09-17T07:32:02.208731,1789630322208731100,50.65073120117187,-0.009735107421875,-0.023895263671875,-0.95941162109375
2026-09-17T07:32:02.218691,1789630322218691000,50.66069116210937,-0.0743255615234375,-0.0768890380859375,-1.1047821044921875
2026-09-17T07:32:02.228651,1789630322228651000,50.67065112304687,0.0532379150390625,-0.0372161865234375,-0.9178619384765624
2026-09-17T07:32:02.238611,1789630322238611200,50.680611083984374,0.1126251220703125,-0.032379150390625,-1.126373291015625
2026-09-17T07:32:02.248570,1789630322248570000,50.69057006835938,0.0805816650390625,-0.0532073974609375,-1.0121612548828125
2026-09-17T07:32:02.258530,1789630322258530000,50.70053002929688,0.040283203125,-0.0526885986328125,-0.84600830078125
2026-09-17T07:32:02.268490,1789630322268490000,50.71048999023437,-0.0878143310546875,-0.008270263671875,-1.0450439453125
2026-09-17T07:32:02.278449,1789630322278449200,50.72044921875,-0.0743255615234375,-0.0523529052734375,-1.2323455810546875
2026-09-17T07:32:02.288409,1789630322288409300,50.73040942382813,-0.0089111328125,-0.03778076171875,-0.9210357666015624
2026-09-17T07:32:02.298369,1789630322298369300,50.74036938476563,0.07440185546875,-0.0025177001953125,-0.6974334716796875
2026-09-17T07:32:02.308329,1789630322308329200,50.7503291015625,0.0945892333984375,-0.0395965576171875,-1.241424560546875
2026-09-17T07:32:02.318288,1789630322318288100,50.7602880859375,0.0304718017578125,-0.0372772216796875,-0.961181640625
2026-09-17T07:32:02.328248,1789630322328248000,50.770248046875,-0.0036163330078125,-0.0268402099609375,-0.9975738525390624
2026-09-17T07:32:02.338208,1789630322338208300,50.78020825195313,-0.0220489501953125,-0.0297088623046875,-1.0932464599609375
2026-09-17T07:32:02.348167,1789630322348167200,50.79016723632813,0.001129150390625,-0.0369720458984375,-0.869354248046875
2026-09-17T07:32:02.358127,1789630322358127000,50.800127197265624,-0.0055389404296875,-0.0259246826171875,-0.9123992919921876
2026-09-17T07:32:02.368087,1789630322368087000,50.810087158203125,-0.0218963623046875,-0.0376434326171875,-1.1430206298828125
2026-09-17T07:32:02.378047,1789630322378047200,50.820047119140625,0.0186309814453125,-0.0553741455078125,-1.1297607421875
2026-09-17T07:32:02.388006,1789630322388006100,50.83000610351562,0.0169219970703125,-0.0116119384765625,-0.7701263427734375
2026-09-17T07:32:02.397966,1789630322397966000,50.83996606445312,0.0230255126953125,-0.0294189453125,-0.9596405029296876
2026-09-17T07:32:02.407926,1789630322407926000,50.84992602539062,0.037933349609375,-0.0984344482421875,-1.154632568359375
2026-09-17T07:32:02.417885,1789630322417885200,50.85988525390625,-0.0360107421875,-0.0515594482421875,-1.110626220703125
2026-09-17T07:32:02.427845,1789630322427845000,50.86984521484375,-0.0567626953125,-0.050323486328125,-0.8758392333984375
2026-09-17T07:32:02.437805,1789630322437805000,50.87980517578125,0.034515380859375,-0.0648956298828125,-0.838592529296875
2026-09-17T07:32:02.447765,1789630322447765000,50.88976489257813,0.0275115966796875,-0.0611114501953125,-1.176666259765625
2026-09-17T07:32:02.457724,1789630322457724200,50.89972412109375,-0.0383758544921875,-0.08734130859375,-1.089569091796875
2026-09-17T07:32:02.467684,1789630322467684000,50.90968408203125,-0.022705078125,-0.0947265625,-1.0035858154296875
2026-09-17T07:32:02.477644,1789630322477644300,50.91964428710938,-0.009857177734375,-0.0458831787109375,-0.825469970703125
2026-09-17T07:32:02.487603,1789630322487603200,50.929603271484375,-0.0049896240234375,-0.07135009765625,-1.122802734375
2026-09-17T07:32:02.497563,1789630322497563100,50.939563232421875,-0.044189453125,-0.0875091552734375,-1.1163330078125
2026-09-17T07:32:02.507523,1789630322507523000,50.949523193359376,0.0201873779296875,-0.0451507568359375,-0.8202056884765625
2026-09-17T07:32:02.517483,1789630322517483000,50.95948291015625,0.03851318359375,-0.0903472900390625,-1.0404815673828125
2026-09-17T07:32:02.527442,1789630322527442200,50.96944213867187,-0.000152587890625,-0.0577239990234375,-0.9966278076171876
2026-09-17T07:32:02.537402,1789630322537402000,50.97940209960937,-0.0359954833984375,-0.119232177734375,-1.069244384765625
2026-09-17T07:32:02.547362,1789630322547362000,50.989362060546874,-0.0788726806640625,-0.0755462646484375,-1.0535888671875
2026-09-17T07:32:02.557321,1789630322557321000,50.99932104492188,0.0075836181640625,-0.070526123046875,-0.914276123046875
2026-09-17T07:32:02.567281,1789630322567281000,51.00928100585938,0.1009674072265625,-0.09942626953125,-0.8681793212890625
2026-09-17T07:32:02.577241,1789630322577241000,51.01924096679687,-0.04913330078125,-0.1010894775390625,-1.1121673583984375
2026-09-17T07:32:02.587201,1789630322587201000,51.02920092773437,-0.03509521484375,-0.128326416015625,-1.273590087890625
2026-09-17T07:32:02.597160,1789630322597160200,51.03916015625,0.0544586181640625,-0.058074951171875,-1.0168609619140625
2026-09-17T07:32:02.607120,1789630322607120100,51.0491201171875,-0.0678558349609375,-0.022796630859375,-0.5792236328125
2026-09-17T07:32:02.617080,1789630322617080300,51.05908032226562,-0.03289794921875,-0.1269378662109375,-1.0108795166015625
2026-09-17T07:32:02.627040,1789630322627040300,51.06904028320312,-0.113739013671875,-0.079681396484375,-1.11767578125
2026-09-17T07:32:02.636999,1789630322636999200,51.078999267578126,-0.093719482421875,-0.11370849609375,-1.180908203125
2026-09-17T07:32:02.646959,1789630322646959000,51.088958984375,0.1729736328125,-0.0455474853515625,-1.0714874267578125
2026-09-17T07:32:02.656919,1789630322656919000,51.0989189453125,0.0814666748046875,-0.07086181640625,-0.6502685546875
2026-09-17T07:32:02.666878,1789630322666878200,51.10887817382813,0.0084991455078125,-0.125274658203125,-1.04937744140625
2026-09-17T07:32:02.676838,1789630322676838100,51.118838134765625,-0.0846405029296875,-0.093505859375,-1.1133270263671875
2026-09-17T07:32:02.686798,1789630322686798000,51.128798095703125,-0.090057373046875,-0.1010284423828125,-1.3029937744140625
2026-09-17T07:32:02.696757,1789630322696757000,51.13875708007812,-0.033111572265625,-0.0459747314453125,-0.7353515625
2026-09-17T07:32:02.706717,1789630322706717000,51.14871704101562,0.020233154296875,-0.0859527587890625,-0.733978271484375
2026-09-17T07:32:02.716677,1789630322716677000,51.15867700195312,0.0546875,-0.0865020751953125,-1.183135986328125
2026-09-17T07:32:02.726637,1789630322726637000,51.16863696289062,0.0146484375,-0.10455322265625,-1.214324951171875
2026-09-17T07:32:02.736596,1789630322736596200,51.17859619140625,-0.0611572265625,-0.0418243408203125,-0.971710205078125
2026-09-17T07:32:02.746556,1789630322746556200,51.18855615234375,-0.0113677978515625,-0.054779052734375,-0.6402435302734375
2026-09-17T07:32:02.756516,1789630322756516000,51.19851611328125,-0.0234375,-0.0692596435546875,-1.1062469482421875
2026-09-17T07:32:02.766475,1789630322766475300,51.20847534179688,-0.0201873779296875,-0.070343017578125,-1.2013702392578125
2026-09-17T07:32:02.776435,1789630322776435200,51.21843530273438,-0.0676116943359375,-0.0452117919921875,-1.2350921630859375
2026-09-17T07:32:02.786395,1789630322786395100,51.22839501953125,0.0416107177734375,-0.018341064453125,-0.583709716796875
2026-09-17T07:32:02.796355,1789630322796355000,51.23835498046875,0.0246429443359375,-0.0453338623046875,-0.9262237548828124
2026-09-17T07:32:02.806314,1789630322806314200,51.248314208984375,-0.020416259765625,-0.0303802490234375,-1.2523345947265625
2026-09-17T07:32:02.816274,1789630322816274200,51.25827416992187,-0.0152130126953125,-0.0435791015625,-1.1345367431640625
2026-09-17T07:32:02.826234,1789630322826234000,51.268234130859376,-0.0448150634765625,-0.001434326171875,-0.8158721923828125
2026-09-17T07:32:02.836194,1789630322836194000,51.27819409179688,0.0018768310546875,-0.021881103515625,-0.8527984619140625
2026-09-17T07:32:02.846153,1789630322846153000,51.288153076171874,-0.02362060546875,-0.050445556640625,-1.2404937744140625
2026-09-17T07:32:02.856113,1789630322856113200,51.298113037109374,-0.0098876953125,-0.004852294921875,-1.24578857421875
2026-09-17T07:32:02.866073,1789630322866073000,51.308072998046875,-0.0878753662109375,0.0256195068359375,-0.7961883544921875
2026-09-17T07:32:02.876032,1789630322876032000,51.31803198242188,0.0594635009765625,0.0140533447265625,-0.6670989990234375
2026-09-17T07:32:02.885992,1789630322885992000,51.32799194335937,0.0099029541015625,0.0023345947265625,-1.2534637451171875
2026-09-17T07:32:02.895952,1789630322895952100,51.3379521484375,-0.04754638671875,0.0026092529296875,-1.2545928955078125
2026-09-17T07:32:02.905912,1789630322905912000,51.347912109375,-0.0305023193359375,0.032989501953125,-0.982666015625
2026-09-17T07:32:02.915871,1789630322915871200,51.35787133789062,-0.0088348388671875,0.0667572021484375,-0.4752044677734375
2026-09-17T07:32:02.925831,1789630322925831200,51.3678310546875,0.0728302001953125,-0.011871337890625,-1.2977752685546875
2026-09-17T07:32:02.935791,1789630322935791000,51.377791015625,-0.0190277099609375,-0.024169921875,-1.191253662109375
2026-09-17T07:32:02.945750,1789630322945750000,51.38775,-0.0333404541015625,0.01947021484375,-1.2415008544921875
2026-09-17T07:32:02.955710,1789630322955710200,51.39771020507813,-0.0622711181640625,0.0712432861328125,-0.728057861328125
2026-09-17T07:32:02.965670,1789630322965670100,51.40767016601563,-0.0319061279296875,-0.024169921875,-0.560699462890625
2026-09-17T07:32:02.975630,1789630322975630000,51.41763012695313,-0.0474395751953125,0.012359619140625,-1.2571563720703125
2026-09-17T07:32:02.985589,1789630322985589000,51.427589111328125,-0.126373291015625,-0.022705078125,-1.2257232666015625
2026-09-17T07:32:02.995549,1789630322995549200,51.437549072265625,0.07159423828125,0.001373291015625,-1.296478271484375
2026-09-17T07:32:03.005509,1789630323005509000,51.447509033203126,0.081451416015625,0.0447998046875,-0.3409576416015625
2026-09-17T07:32:03.015468,1789630323015468000,51.45746801757812,0.10467529296875,0.011688232421875,-1.1479339599609375
2026-09-17T07:32:03.025428,1789630323025428000,51.46742797851562,0.002685546875,0.0120391845703125,-1.0288238525390625
2026-09-17T07:32:03.035388,1789630323035388200,51.47738818359375,-0.1138458251953125,-0.02862548828125,-1.45501708984375
2026-09-17T07:32:03.045348,1789630323045348000,51.48734814453125,-0.0421600341796875,0.0784759521484375,-0.75299072265625
2026-09-17T07:32:03.055307,1789630323055307300,51.49730737304687,0.023681640625,-0.0183258056640625,-0.6544647216796875
2026-09-17T07:32:03.065267,1789630323065267200,51.50726708984375,-0.0481109619140625,-0.014739990234375,-1.12115478515625
2026-09-17T07:32:03.075227,1789630323075227100,51.51722705078125,0.094085693359375,0.0004425048828125,-1.3831939697265625
2026-09-17T07:32:03.085186,1789630323085186000,51.52718603515625,0.0215301513671875,0.00799560546875,-0.9361114501953124
2026-09-17T07:32:03.095146,1789630323095146200,51.53714624023438,0.013885498046875,0.0318603515625,-0.63323974609375
2026-09-17T07:32:03.105106,1789630323105106200,51.54710620117187,-0.0654296875,-0.0401153564453125,-1.015899658203125
2026-09-17T07:32:03.115066,1789630323115066000,51.55706616210937,-0.0285186767578125,-0.0570068359375,-1.3143310546875
2026-09-17T07:32:03.125025,1789630323125025000,51.56702490234375,0.0155487060546875,0.02508544921875,-0.9448699951171876
2026-09-17T07:32:03.134985,1789630323134985200,51.57698510742187,-0.0133209228515625,-0.0493927001953125,-0.925506591796875
2026-09-17T07:32:03.144945,1789630323144945200,51.58694506835938,0.034210205078125,-0.0022735595703125,-0.8403778076171875
2026-09-17T07:32:03.154904,1789630323154904000,51.596904052734374,0.031707763671875,-0.044158935546875,-1.1127777099609375
2026-09-17T07:32:03.164864,1789630323164864000,51.606864013671874,-0.008758544921875,-0.017120361328125,-1.1991729736328125
2026-09-17T07:32:03.174824,1789630323174824000,51.616823974609375,0.0046234130859375,-0.0071258544921875,-0.869476318359375
2026-09-17T07:32:03.184784,1789630323184784100,51.6267841796875,-0.0235748291015625,-0.0329742431640625,-0.81622314453125
2026-09-17T07:32:03.194743,1789630323194743000,51.63674291992187,0.0027923583984375,-0.0465850830078125,-1.0867919921875
2026-09-17T07:32:03.204703,1789630323204703000,51.64670288085937,0.02716064453125,-0.048828125,-1.266693115234375
2026-09-17T07:32:03.214663,1789630323214663000,51.65666284179687,0.06414794921875,-0.005828857421875,-0.96588134765625
2026-09-17T07:32:03.224622,1789630323224622000,51.6666220703125,-0.0558929443359375,-0.016326904296875,-0.7955474853515625
2026-09-17T07:32:03.234582,1789630323234582300,51.67658227539062,-0.1066741943359375,-0.0601043701171875,-0.960205078125
2026-09-17T07:32:03.244542,1789630323244542200,51.68654223632812,0.0433349609375,-0.03485107421875,-1.1024932861328125
2026-09-17T07:32:03.254502,1789630323254502100,51.69650219726562,0.0806884765625,-0.03155517578125,-1.1879730224609375
2026-09-17T07:32:03.264461,1789630323264461000,51.7064609375,0.072540283203125,-0.022674560546875,-0.880523681640625
2026-09-17T07:32:03.274421,1789630323274421200,51.71642114257813,-0.040130615234375,-0.04931640625,-0.7639923095703125
2026-09-17T07:32:03.284381,1789630323284381200,51.72638110351563,-0.0360870361328125,-0.0604400634765625,-1.2819671630859375
2026-09-17T07:32:03.294341,1789630323294341000,51.73634106445313,0.04974365234375,-0.0061492919921875,-1.0250091552734375
2026-09-17T07:32:03.304300,1789630323304300000,51.746300048828125,0.0888671875,-0.0545196533203125,-0.8772430419921875
2026-09-17T07:32:03.314260,1789630323314260000,51.756260009765626,-0.0377044677734375,-0.03302001953125,-1.133575439453125
2026-09-17T07:32:03.324220,1789630323324220200,51.76622021484375,-0.0912322998046875,-0.046417236328125,-0.99566650390625
2026-09-17T07:32:03.334179,1789630323334179000,51.77617895507812,-0.073272705078125,-0.052764892578125,-0.9447021484375
2026-09-17T07:32:03.344139,1789630323344139000,51.786138916015624,0.014556884765625,0.015411376953125,-0.8631134033203125
2026-09-17T07:32:03.354099,1789630323354099000,51.79609887695312,0.0680999755859375,-0.064483642578125,-1.187347412109375
2026-09-17T07:32:03.364059,1789630323364059100,51.80605908203125,0.077392578125,-0.0536956787109375,-1.002227783203125
2026-09-17T07:32:03.374018,1789630323374018300,51.81601831054687,0.069793701171875,-0.013763427734375,-1.0050201416015625
2026-09-17T07:32:03.383978,1789630323383978200,51.825978271484374,0.0123748779296875,-0.028472900390625,-0.954620361328125
2026-09-17T07:32:03.393938,1789630323393938200,51.835938232421874,-0.002960205078125,-0.027984619140625,-0.8050689697265625
2026-09-17T07:32:03.403897,1789630323403897000,51.84589697265625,-0.0446929931640625,-0.037353515625,-1.276702880859375
2026-09-17T07:32:03.413857,1789630323413857300,51.85585717773437,-0.060272216796875,-0.0343170166015625,-1.22332763671875
2026-09-17T07:32:03.423817,1789630323423817200,51.86581713867187,0.048309326171875,-0.0014801025390625,-0.7336578369140625
2026-09-17T07:32:03.433777,1789630323433777200,51.87577709960937,0.0353546142578125,-0.01824951171875,-0.73492431640625
2026-09-17T07:32:03.443736,1789630323443736000,51.885736083984376,0.0619354248046875,-0.0706634521484375,-1.282470703125
2026-09-17T07:32:03.453696,1789630323453696000,51.89569604492188,0.0256500244140625,-0.0239105224609375,-1.0961151123046875
2026-09-17T07:32:03.463656,1789630323463656200,51.90565625,-0.02685546875,-0.0098724365234375,-0.9260406494140624
2026-09-17T07:32:03.473616,1789630323473616100,51.9156162109375,-0.0494842529296875,-0.030731201171875,-0.8203582763671875
2026-09-17T07:32:03.483575,1789630323483575000,51.925574951171875,0.022918701171875,-0.036712646484375,-1.060699462890625
2026-09-17T07:32:03.493535,1789630323493535000,51.935534912109375,0.0240631103515625,0.01092529296875,-1.0580902099609375
2026-09-17T07:32:03.503495,1789630323503495200,51.9454951171875,0.028350830078125,0.00787353515625,-1.2431640625
2026-09-17T07:32:03.513454,1789630323513454000,51.9554541015625,0.0386199951171875,0.05828857421875,-0.7360992431640625
2026-09-17T07:32:03.523414,1789630323523414000,51.9654140625,0.018096923828125,-0.0066375732421875,-0.869384765625
2026-09-17T07:32:03.533374,1789630323533374000,51.9753740234375,-0.0276336669921875,0.0050506591796875,-1.1696624755859375
2026-09-17T07:32:03.543334,1789630323543334000,51.985333984375,-0.018341064453125,-0.019195556640625,-1.2344512939453125
2026-09-17T07:32:03.553293,1789630323553293300,51.99529321289062,0.0087432861328125,0.0019378662109375,-0.7536468505859375
2026-09-17T07:32:03.563253,1789630323563253200,52.00525317382812,0.0226898193359375,-0.0202789306640625,-0.8437652587890625
2026-09-17T07:32:03.573213,1789630323573213200,52.015213134765624,0.029449462890625,-0.0467681884765625,-1.295867919921875
2026-09-17T07:32:03.583173,1789630323583173000,52.02517309570312,-0.0232086181640625,-0.013092041015625,-1.0846405029296875
2026-09-17T07:32:03.593132,1789630323593132000,52.03513208007813,-0.0782470703125,0.0007476806640625,-0.88555908203125
2026-09-17T07:32:03.603092,1789630323603092200,52.04509228515625,-0.0302886962890625,0.0206756591796875,-0.907470703125
2026-09-17T07:32:03.613052,1789630323613052200,52.05505224609375,0.022125244140625,-0.02606201171875,-1.003326416015625
2026-09-17T07:32:03.623012,1789630323623012000,52.06501220703125,0.05255126953125,-0.0164031982421875,-1.1344451904296875
2026-09-17T07:32:03.632971,1789630323632971000,52.074970947265626,0.06976318359375,0.0330963134765625,-1.0142974853515625
2026-09-17T07:32:03.642931,1789630323642931200,52.08493115234375,0.0158843994140625,-0.0211181640625,-0.821197509765625
2026-09-17T07:32:03.652891,1789630323652891100,52.09489111328125,-0.0648193359375,-0.03387451171875,-1.070556640625
2026-09-17T07:32:03.662850,1789630323662850000,52.10485009765625,-0.03277587890625,-0.0362701416015625,-1.1892242431640625
2026-09-17T07:32:03.672810,1789630323672810000,52.11481005859375,0.0921630859375,-0.022796630859375,-1.035614013671875
2026-09-17T07:32:03.682770,1789630323682770000,52.12477001953125,-0.0939788818359375,-0.0077362060546875,-0.71209716796875
2026-09-17T07:32:03.692730,1789630323692730000,52.13473022460938,-0.1028289794921875,-0.090057373046875,-1.2374725341796875
2026-09-17T07:32:03.702689,1789630323702689300,52.144689208984374,-0.052642822265625,-0.02392578125,-0.8297576904296875
2026-09-17T07:32:03.712649,1789630323712649200,52.154649169921875,0.0123748779296875,-0.0607452392578125,-1.0693511962890625
2026-09-17T07:32:03.722609,1789630323722609200,52.164609130859375,0.10101318359375,-0.0338287353515625,-1.1591644287109375
2026-09-17T07:32:03.732569,1789630323732569300,52.1745693359375,0.0693817138671875,-0.068084716796875,-0.895233154296875
2026-09-17T07:32:03.742528,1789630323742528300,52.1845283203125,-0.0732879638671875,-0.05352783203125,-0.951324462890625
2026-09-17T07:32:03.752488,1789630323752488200,52.19448828125,0.0160369873046875,-0.0236663818359375,-0.9378662109375
2026-09-17T07:32:03.762448,1789630323762448100,52.2044482421875,-0.0048370361328125,-0.06475830078125,-1.11895751953125
2026-09-17T07:32:03.772408,1789630323772408000,52.214407958984374,-0.0165863037109375,-0.0551910400390625,-1.0194244384765625
2026-09-17T07:32:03.782367,1789630323782367200,52.2243671875,-0.065765380859375,-0.0479888916015625,-1.0378570556640625
2026-09-17T07:32:03.792327,1789630323792327200,52.2343271484375,-0.0085601806640625,-0.0526123046875,-0.9064178466796876
2026-09-17T07:32:03.802287,1789630323802287000,52.244287109375,0.090545654296875,-0.0376434326171875,-0.920379638671875
2026-09-17T07:32:03.812247,1789630323812247000,52.2542470703125,0.107635498046875,-0.056610107421875,-0.961181640625
2026-09-17T07:32:03.822206,1789630323822206000,52.2642060546875,-0.0532379150390625,-0.0916748046875,-1.17877197265625
2026-09-17T07:32:03.832166,1789630323832166100,52.27416625976562,-0.0826416015625,-0.096466064453125,-0.8102569580078125
2026-09-17T07:32:03.842126,1789630323842126000,52.2841259765625,-0.0477294921875,-0.053436279296875,-1.3337860107421875
2026-09-17T07:32:03.852086,1789630323852086000,52.2940859375,0.0537109375,-0.01983642578125,-0.62255859375
2026-09-17T07:32:03.862045,1789630323862045000,52.304044921875,0.008819580078125,-0.1074676513671875,-1.1194915771484375
2026-09-17T07:32:03.872005,1789630323872005000,52.31400512695313,-0.0534820556640625,-0.0370025634765625,-1.1018829345703125
2026-09-17T07:32:03.881965,1789630323881965000,52.32396508789063,-0.01910400390625,-0.0553741455078125,-1.1071014404296875
2026-09-17T07:32:03.891925,1789630323891925000,52.33392504882813,0.028289794921875,-0.0011444091796875,-0.7730255126953125
2026-09-17T07:32:03.901884,1789630323901884200,52.34388427734375,0.0173492431640625,-0.039215087890625,-0.893890380859375
2026-09-17T07:32:03.911844,1789630323911844000,52.353843994140625,-0.045318603515625,-0.0864105224609375,-1.4449005126953125
2026-09-17T07:32:03.921804,1789630323921804300,52.36380419921875,-0.03076171875,-0.01727294921875,-0.7405242919921875
2026-09-17T07:32:03.931764,1789630323931764200,52.37376416015625,0.0058441162109375,-0.0341339111328125,-1.021240234375
2026-09-17T07:32:03.941723,1789630323941723100,52.38372314453125,0.008575439453125,-0.0337371826171875,-1.010833740234375
2026-09-17T07:32:03.951683,1789630323951683300,52.393683349609375,-0.0542449951171875,-0.081390380859375,-0.990753173828125
2026-09-17T07:32:03.961643,1789630323961643500,52.4036435546875,-0.0955352783203125,-0.0360565185546875,-1.285675048828125
2026-09-17T07:32:03.971603,1789630323971603500,52.413603515625,-0.0459747314453125,-0.008087158203125,-0.6869659423828125
2026-09-17T07:32:03.981562,1789630323981562400,52.42356225585937,0.0737152099609375,-0.0623931884765625,-0.9676361083984376
2026-09-17T07:32:03.991522,1789630323991522300,52.433522216796874,-0.00921630859375,-0.0290679931640625,-1.053955078125
2026-09-17T07:32:04.001482,1789630324001482200,52.443482177734374,-0.029083251953125,-0.067779541015625,-1.280731201171875
2026-09-17T07:32:04.011442,1789630324011442400,52.4534423828125,-0.083709716796875,-0.024505615234375,-0.922393798828125
2026-09-17T07:32:04.021401,1789630324021401300,52.4634013671875,0.0532989501953125,-0.0114898681640625,-0.587310791015625
2026-09-17T07:32:04.031361,1789630324031361300,52.473361328125,0.0435333251953125,-0.03338623046875,-1.4323577880859375
2026-09-17T07:32:04.041321,1789630324041321200,52.4833212890625,-0.1845550537109375,-0.0498046875,-1.0204925537109375
2026-09-17T07:32:04.051281,1789630324051281400,52.493281494140625,-0.149505615234375,-0.0191802978515625,-0.7128143310546875
2026-09-17T07:32:04.061241,1789630324061241300,52.503241455078125,-0.1177825927734375,-0.03533935546875,-1.1316375732421875
2026-09-17T07:32:04.071200,1789630324071200300,52.5132001953125,0.158416748046875,0.035369873046875,-1.218048095703125
2026-09-17T07:32:04.081160,1789630324081160200,52.52316015625,0.0771942138671875,0.052825927734375,-0.8552398681640625
2026-09-17T07:32:04.091120,1789630324091120400,52.53312036132812,0.001953125,-0.0213165283203125,-0.9886016845703124
2026-09-17T07:32:04.101080,1789630324101080300,52.543080322265624,-0.0289306640625,0.031402587890625,-0.958038330078125
2026-09-17T07:32:04.111039,1789630324111039500,52.55303955078125,-0.042388916015625,-0.011444091796875,-0.866485595703125
2026-09-17T07:32:04.120999,1789630324120999400,52.56299951171875,-0.0253753662109375,0.003143310546875,-1.3747406005859375
2026-09-17T07:32:04.130959,1789630324130959400,52.57295947265625,-0.0942840576171875,-0.01141357421875,-0.8632049560546875
2026-09-17T07:32:04.140919,1789630324140919600,52.58291943359375,0.01226806640625,0.001708984375,-0.95172119140625
2026-09-17T07:32:04.150878,1789630324150878500,52.59287841796875,-0.003662109375,-0.0103302001953125,-0.8969879150390625
2026-09-17T07:32:04.160838,1789630324160838400,52.60283837890625,0.0187835693359375,-0.0418853759765625,-1.0096435546875
2026-09-17T07:32:04.170798,1789630324170798300,52.61279833984375,-0.0099029541015625,-0.020233154296875,-1.173858642578125
2026-09-17T07:32:04.180758,1789630324180758500,52.62275854492187,-0.0274658203125,-0.0106658935546875,-0.8202667236328125
2026-09-17T07:32:04.190718,1789630324190718500,52.63271850585937,-0.0091705322265625,0.0107421875,-1.1571807861328125
2026-09-17T07:32:04.200677,1789630324200677400,52.64267749023438,-0.02374267578125,0.0208740234375,-0.9311981201171876
2026-09-17T07:32:04.210637,1789630324210637300,52.65263720703125,0.052337646484375,0.02716064453125,-0.96966552734375
2026-09-17T07:32:04.220597,1789630324220597200,52.66259716796875,-0.0721588134765625,-0.0032501220703125,-1.124114990234375
2026-09-17T07:32:04.230557,1789630324230557400,52.67255737304688,-0.0514984130859375,0.0297698974609375,-0.89520263671875
2026-09-17T07:32:04.240517,1789630324240517400,52.68251733398437,-0.0094146728515625,0.016937255859375,-0.8871002197265625
2026-09-17T07:32:04.250476,1789630324250476300,52.692476318359375,0.037841796875,-0.0220794677734375,-1.2119903564453125
2026-09-17T07:32:04.260436,1789630324260436200,52.70243627929688,-0.016510009765625,-0.0175933837890625,-1.0653076171875
2026-09-17T07:32:04.270396,1789630324270396400,52.712396484375,-0.024017333984375,-0.0181884765625,-0.784576416015625
2026-09-17T07:32:04.280356,1789630324280356400,52.7223564453125,-0.0059356689453125,-0.0268707275390625,-1.066314697265625
2026-09-17T07:32:04.290315,1789630324290315300,52.732315185546874,0.000640869140625,-0.0503082275390625,-1.09490966796875
2026-09-17T07:32:04.300275,1789630324300275200,52.742275146484374,-0.0572357177734375,-0.043060302734375,-1.067352294921875
2026-09-17T07:32:04.310235,1789630324310235100,52.752235107421875,-0.0728759765625,-0.0301055908203125,-0.908721923828125
2026-09-17T07:32:04.320195,1789630324320195300,52.7621953125,-0.0128326416015625,-0.0307769775390625,-0.95123291015625
2026-09-17T07:32:04.330155,1789630324330155300,52.7721552734375,0.0742340087890625,-0.0448455810546875,-0.98553466796875
2026-09-17T07:32:04.340114,1789630324340114400,52.78211450195312,-0.017425537109375,-0.021942138671875,-1.0700836181640625
2026-09-17T07:32:04.350074,1789630324350074400,52.792074462890625,-0.017242431640625,-0.0345306396484375,-1.1216583251953125
2026-09-17T07:32:04.360034,1789630324360034600,52.80203466796875,-0.002685546875,-0.0180511474609375,-0.8140106201171875
2026-09-17T07:32:04.369994,1789630324369994500,52.811994384765626,0.0029296875,-0.0287628173828125,-1.0269927978515625
2026-09-17T07:32:04.379954,1789630324379954400,52.821954345703126,0.0814056396484375,-0.0332183837890625,-1.3201751708984375
2026-09-17T07:32:04.389913,1789630324389913300,52.83191333007812,-0.1143798828125,-0.0069122314453125,-0.70513916015625
2026-09-17T07:32:04.399873,1789630324399873300,52.841873291015624,-0.12872314453125,-0.0537261962890625,-1.0843048095703125
2026-09-17T07:32:04.409833,1789630324409833500,52.85183349609375,-0.127349853515625,0.00311279296875,-0.9160003662109376
2026-09-17T07:32:04.419793,1789630324419793400,52.86179345703125,0.070343017578125,-0.0606842041015625,-1.0384521484375
2026-09-17T07:32:04.429753,1789630324429753300,52.87175341796875,0.128082275390625,-0.02703857421875,-1.18316650390625
2026-09-17T07:32:04.439712,1789630324439712300,52.88171215820312,0.11102294921875,-0.0647125244140625,-0.9081573486328124
2026-09-17T07:32:04.449672,1789630324449672400,52.89167236328125,0.01617431640625,-0.0518035888671875,-0.9994049072265624
2026-09-17T07:32:04.459632,1789630324459632400,52.90163232421875,-0.0094451904296875,-0.011810302734375,-0.5577239990234375
2026-09-17T07:32:04.469592,1789630324469592300,52.91159228515625,-0.028961181640625,-0.1217041015625,-1.6281585693359375
2026-09-17T07:32:04.479552,1789630324479552300,52.92155224609375,-0.0760955810546875,-0.02349853515625,-0.9730224609375
2026-09-17T07:32:04.489512,1789630324489512400,52.93151245117187,-0.026275634765625,-0.0299072265625,-0.7867584228515625
2026-09-17T07:32:04.499471,1789630324499471400,52.94147143554687,0.0320892333984375,-0.0047149658203125,-0.9813385009765624
2026-09-17T07:32:04.509431,1789630324509431300,52.951431396484374,0.153900146484375,-0.0496826171875,-0.9151458740234376
2026-09-17T07:32:04.519391,1789630324519391200,52.96139111328125,-0.017059326171875,-0.0210723876953125,-1.4274749755859375
2026-09-17T07:32:04.529351,1789630324529351400,52.971351318359375,-0.056640625,-0.000640869140625,-0.6463165283203125
2026-09-17T07:32:04.539311,1789630324539311400,52.981311279296875,-0.023284912109375,-0.04156494140625,-1.059783935546875
2026-09-17T07:32:04.549270,1789630324549270300,52.99127026367187,0.0652618408203125,0.0225372314453125,-0.88330078125
2026-09-17T07:32:04.559230,1789630324559230200,53.00123022460937,0.0667724609375,-0.08270263671875,-1.2007598876953125
2026-09-17T07:32:04.569190,1789630324569190100,53.01119018554687,-0.047637939453125,-0.0073699951171875,-1.12603759765625
2026-09-17T07:32:04.579150,1789630324579150300,53.021150390625,0.0228729248046875,0.005126953125,-0.6396636962890625
2026-09-17T07:32:04.589110,1789630324589110300,53.0311103515625,0.03656005859375,-0.03192138671875,-1.170623779296875
2026-09-17T07:32:04.599070,1789630324599070200,53.0410703125,0.01312255859375,-0.028656005859375,-0.9969635009765624
2026-09-17T07:32:04.609029,1789630324609029400,53.051029296875,-0.040252685546875,-0.0470733642578125,-1.1666107177734375
2026-09-17T07:32:04.618989,1789630324618989600,53.06098950195312,0.014862060546875,0.0148468017578125,-0.812835693359375
2026-09-17T07:32:04.628949,1789630324628949500,53.070949462890624,0.0518341064453125,-0.0195465087890625,-0.8766326904296875
2026-09-17T07:32:04.638909,1789630324638909400,53.080909423828125,-0.0037384033203125,-0.024658203125,-1.3148651123046875
2026-09-17T07:32:04.648869,1789630324648869400,53.090869384765625,-0.0440826416015625,0.02142333984375,-0.9460601806640624
2026-09-17T07:32:04.658829,1789630324658829600,53.10082958984375,-0.0654754638671875,0.070831298828125,-1.0147857666015625
2026-09-17T07:32:04.668788,1789630324668788500,53.11078857421875,0.0161590576171875,0.0433349609375,-0.7205963134765625
2026-09-17T07:32:04.678748,1789630324678748400,53.12074853515625,0.006561279296875,-0.011138916015625,-1.205596923828125
2026-09-17T07:32:04.688708,1789630324688708400,53.13070825195312,0.04107666015625,0.02996826171875,-1.155364990234375
2026-09-17T07:32:04.698668,1789630324698668500,53.14066845703125,0.04071044921875,0.00872802734375,-0.9379119873046876
2026-09-17T07:32:04.708628,1789630324708628500,53.15062841796875,0.0045928955078125,0.0207977294921875,-0.7516326904296875
2026-09-17T07:32:04.718588,1789630324718588400,53.16058837890625,0.1250762939453125,-0.027496337890625,-1.1425933837890625
2026-09-17T07:32:04.728547,1789630324728547300,53.17054736328125,-0.1283111572265625,-0.0108642578125,-1.31170654296875
2026-09-17T07:32:04.738507,1789630324738507300,53.18050732421875,-0.1561279296875,-0.0195159912109375,-0.6847381591796875
2026-09-17T07:32:04.748467,1789630324748467500,53.190467529296875,-0.093353271484375,0.0278778076171875,-0.951873779296875
2026-09-17T07:32:04.758427,1789630324758427400,53.200427490234375,-0.00848388671875,0.0460662841796875,-0.9454498291015624
2026-09-17T07:32:04.768387,1789630324768387300,53.21038720703125,0.199737548828125,-0.020294189453125,-1.3766326904296875
2026-09-17T07:32:04.778347,1789630324778347300,53.22034716796875,0.01409912109375,0.04901123046875,-0.9733428955078124
2026-09-17T07:32:04.788306,1789630324788306400,53.23030639648437,0.0214996337890625,0.014007568359375,-0.7667694091796875
2026-09-17T07:32:04.798266,1789630324798266400,53.24026635742187,0.0381317138671875,0.0588531494140625,-0.750244140625
2026-09-17T07:32:04.808226,1789630324808226300,53.250226318359374,-0.0387115478515625,-0.0303955078125,-1.4242706298828125
2026-09-17T07:32:04.818186,1789630324818186200,53.260186279296875,-0.0795745849609375,-0.0041961669921875,-1.1889801025390625
2026-09-17T07:32:04.828146,1789630324828146400,53.270146484375,-0.0766448974609375,0.03521728515625,-0.678985595703125
2026-09-17T07:32:04.838106,1789630324838106400,53.2801064453125,0.0348358154296875,-0.00146484375,-0.9358062744140624
2026-09-17T07:32:04.848066,1789630324848066300,53.29006640625,0.0983123779296875,-0.043304443359375,-0.99688720703125
2026-09-17T07:32:04.858025,1789630324858025200,53.30002514648437,0.0339813232421875,-0.0502777099609375,-1.328582763671875
2026-09-17T07:32:04.867985,1789630324867985200,53.30998510742187,-0.074127197265625,-0.00115966796875,-0.71673583984375
2026-09-17T07:32:04.877945,1789630324877945300,53.3199453125,-0.018157958984375,-0.06304931640625,-0.8692779541015625
2026-09-17T07:32:04.887905,1789630324887905300,53.3299052734375,0.020843505859375,-0.026397705078125,-1.2509307861328125
2026-09-17T07:32:04.897865,1789630324897865200,53.339865234375,0.0141754150390625,-0.0208587646484375,-0.9614410400390624
2026-09-17T07:32:04.907825,1789630324907825400,53.34982543945313,-0.0347137451171875,-0.043121337890625,-1.0388336181640625
2026-09-17T07:32:04.917785,1789630324917785300,53.35978540039063,-0.0131378173828125,-0.01580810546875,-0.8165130615234375
2026-09-17T07:32:04.927744,1789630324927744500,53.36974462890625,0.02459716796875,-0.039825439453125,-1.2035980224609375
2026-09-17T07:32:04.937704,1789630324937704400,53.379704345703125,0.005462646484375,-0.0134429931640625,-0.942291259765625
2026-09-17T07:32:04.947664,1789630324947664400,53.389664306640626,-0.0100860595703125,-0.0324554443359375,-0.981353759765625
2026-09-17T07:32:04.957624,1789630324957624300,53.399624267578126,-0.013458251953125,-0.038238525390625,-1.0200653076171875
2026-09-17T07:32:04.967584,1789630324967584300,53.40958422851563,0.0034942626953125,-0.0323028564453125,-0.8319854736328125
2026-09-17T07:32:04.977544,1789630324977544200,53.41954418945313,-0.000640869140625,-0.053558349609375,-1.2551116943359375
2026-09-17T07:32:04.987504,1789630324987504000,53.42950415039063,-0.0144500732421875,-0.0329742431640625,-1.0528564453125
2026-09-17T07:32:04.997463,1789630324997463300,53.43946337890625,-0.021881103515625,-0.0664825439453125,-0.8435516357421875
2026-09-17T07:32:05.007423,1789630325007423200,53.44942333984375,-0.0369720458984375,-0.0260467529296875,-0.9982452392578124
2026-09-17T07:32:05.017383,1789630325017383400,53.45938354492188,-0.0267181396484375,-0.0531463623046875,-1.021514892578125
2026-09-17T07:32:05.027343,1789630325027343400,53.46934326171875,0.0080108642578125,-0.07244873046875,-1.119842529296875
2026-09-17T07:32:05.037303,1789630325037303300,53.47930322265625,-0.00799560546875,-0.028594970703125,-0.8201446533203125
2026-09-17T07:32:05.047263,1789630325047263200,53.48926318359375,0.0139923095703125,-0.078582763671875,-1.16326904296875
2026-09-17T07:32:05.057223,1789630325057223400,53.49922338867187,-0.0367279052734375,-0.063995361328125,-0.982696533203125
2026-09-17T07:32:05.067183,1789630325067183400,53.50918334960937,0.1112518310546875,-0.0469512939453125,-0.957305908203125
2026-09-17T07:32:05.077142,1789630325077142300,53.51914233398438,-0.019775390625,-0.029388427734375,-1.19293212890625
2026-09-17T07:32:05.087102,1789630325087102200,53.52910229492188,-0.170806884765625,-0.0559844970703125,-0.7345123291015625
2026-09-17T07:32:05.097062,1789630325097062400,53.5390625,-0.0815582275390625,-0.0578460693359375,-0.86602783203125
2026-09-17T07:32:05.107022,1789630325107022300,53.54902221679688,-0.107025146484375,-0.0334320068359375,-1.3044891357421875
2026-09-17T07:32:05.116982,1789630325116982300,53.55898217773437,0.114013671875,-0.0190277099609375,-1.1355743408203125
2026-09-17T07:32:05.126942,1789630325126942200,53.56894213867187,0.0626678466796875,0.013427734375,-0.9061279296875
2026-09-17T07:32:05.136902,1789630325136902400,53.57890234375,0.035186767578125,-0.0283203125,-1.0029296875
2026-09-17T07:32:05.146862,1789630325146862300,53.5888623046875,0.004058837890625,-0.03485107421875,-0.833587646484375
2026-09-17T07:32:05.156821,1789630325156821200,53.5988212890625,-0.0535430908203125,-0.017120361328125,-0.9779510498046876
2026-09-17T07:32:05.166781,1789630325166781200,53.60878125,-0.006500244140625,-0.02716064453125,-1.3379364013671875
2026-09-17T07:32:05.176741,1789630325176741000,53.6187412109375,-0.1263885498046875,-0.0199432373046875,-0.959716796875
2026-09-17T07:32:05.186701,1789630325186701300,53.62870141601562,0.0247039794921875,0.0084228515625,-0.8365478515625
2026-09-17T07:32:05.196661,1789630325196661200,53.6386611328125,0.073974609375,-0.0359344482421875,-0.9034881591796876
2026-09-17T07:32:05.206621,1789630325206621200,53.64862109375,0.07012939453125,-0.023529052734375,-1.075775146484375
2026-09-17T07:32:05.216581,1789630325216581400,53.658581298828125,-0.068145751953125,-0.0595703125,-1.0368804931640625
2026-09-17T07:32:05.226541,1789630325226541300,53.668541259765625,-0.052276611328125,-0.0435791015625,-0.981109619140625
2026-09-17T07:32:05.236501,1789630325236501200,53.678501220703126,0.005767822265625,0.0199737548828125,-1.007598876953125
2026-09-17T07:32:05.246460,1789630325246460200,53.68846020507812,0.0546417236328125,-0.0093536376953125,-0.8486175537109375
2026-09-17T07:32:05.256420,1789630325256420000,53.69842016601562,0.0231170654296875,0.0227203369140625,-1.0789031982421875
2026-09-17T07:32:05.266380,1789630325266380300,53.70838037109375,-0.05987548828125,0.0064544677734375,-1.1079559326171875
2026-09-17T07:32:05.276340,1789630325276340200,53.71834033203125,0.0096893310546875,0.024200439453125,-0.98065185546875
2026-09-17T07:32:05.286300,1789630325286300200,53.728300048828125,0.002349853515625,0.04638671875,-0.9038848876953124
2026-09-17T07:32:05.296260,1789630325296260400,53.73826025390625,0.008819580078125,0.009063720703125,-0.9765167236328124
2026-09-17T07:32:05.306220,1789630325306220300,53.74822021484375,0.00469970703125,-0.017974853515625,-1.0585479736328125
2026-09-17T07:32:05.316180,1789630325316180200,53.75818017578125,-0.001373291015625,-0.0242767333984375,-1.0619049072265625
2026-09-17T07:32:05.326140,1789630325326140200,53.76814013671875,-0.07427978515625,-0.0077972412109375,-1.0768280029296875
2026-09-17T07:32:05.336099,1789630325336099000,53.77809912109375,-0.0552520751953125,-0.025238037109375,-1.0360107421875
2026-09-17T07:32:05.346059,1789630325346059300,53.78805932617187,-0.0295867919921875,0.0083465576171875,-0.985504150390625
2026-09-17T07:32:05.356019,1789630325356019200,53.798019287109376,-0.0017242431640625,0.01568603515625,-0.882568359375
2026-09-17T07:32:05.365979,1789630325365979100,53.80797924804688,0.0413360595703125,-0.014404296875,-1.091400146484375
2026-09-17T07:32:05.375939,1789630325375939000,53.81793896484375,0.006500244140625,0.02301025390625,-0.9242706298828124
2026-09-17T07:32:05.385899,1789630325385899300,53.82789916992188,-0.0122222900390625,0.005645751953125,-1.232086181640625
2026-09-17T07:32:05.395859,1789630325395859200,53.83785913085938,-0.0693359375,0.0145263671875,-0.939727783203125
2026-09-17T07:32:05.405819,1789630325405819100,53.84781909179687,0.091766357421875,0.016021728515625,-0.8760223388671875
2026-09-17T07:32:05.415779,1789630325415779300,53.857779296875,0.0144195556640625,0.008148193359375,-1.2703094482421875
2026-09-17T07:32:05.425739,1789630325425739300,53.8677392578125,-0.187591552734375,-0.022308349609375,-0.8786163330078125
2026-09-17T07:32:05.435698,1789630325435698200,53.8776982421875,-0.10614013671875,0.0038604736328125,-0.839996337890625
2026-09-17T07:32:05.445658,1789630325445658000,53.887658203125,-0.1548309326171875,-0.014068603515625,-1.0067901611328125
2026-09-17T07:32:05.455618,1789630325455618000,53.8976181640625,0.080291748046875,-0.004791259765625,-1.4206085205078125
2026-09-17T07:32:05.465578,1789630325465578200,53.907578125,0.1264190673828125,0.0215606689453125,-0.866363525390625
2026-09-17T07:32:05.475538,1789630325475538200,53.9175380859375,0.0163421630859375,-0.05517578125,-0.79095458984375
2026-09-17T07:32:05.485498,1789630325485498000,53.927498046875,-0.0222625732421875,-0.043487548828125,-1.0410919189453125
2026-09-17T07:32:05.495458,1789630325495458000,53.9374580078125,0.0148468017578125,-0.0259552001953125,-0.96044921875
2026-09-17T07:32:05.505418,1789630325505418200,53.947418212890625,-0.0566253662109375,-0.0164794921875,-1.2711639404296875
2026-09-17T07:32:05.515378,1789630325515378200,53.957378173828126,-0.1340179443359375,-0.024322509765625,-1.0209503173828125
2026-09-17T07:32:05.525338,1789630325525338000,53.967338134765626,0.0202789306640625,0.0093231201171875,-0.85491943359375
2026-09-17T07:32:05.535297,1789630325535297300,53.97729736328125,0.0535888671875,0.0003814697265625,-0.8979644775390625
2026-09-17T07:32:05.545257,1789630325545257200,53.98725732421875,0.0230560302734375,-0.041839599609375,-1.1163482666015625
2026-09-17T07:32:05.555217,1789630325555217200,53.997217041015624,-0.042694091796875,-0.013092041015625,-1.030548095703125
2026-09-17T07:32:05.565177,1789630325565177000,54.00717700195312,-0.105010986328125,-0.0341796875,-0.8912200927734375
2026-09-17T07:32:05.575137,1789630325575137000,54.017136962890625,0.0036163330078125,-0.0051116943359375,-1.0825347900390625
2026-09-17T07:32:05.585097,1789630325585097200,54.02709716796875,0.0014801025390625,-0.0617523193359375,-1.1202392578125
2026-09-17T07:32:05.595057,1789630325595057200,54.03705712890625,0.0118560791015625,0.0211334228515625,-0.825897216796875
2026-09-17T07:32:05.605017,1789630325605017000,54.04701708984375,-0.083282470703125,-0.067291259765625,-1.0051116943359375
2026-09-17T07:32:05.614977,1789630325614977000,54.05697705078125,0.0040130615234375,-0.0171966552734375,-1.0559844970703125
2026-09-17T07:32:05.624937,1789630325624937200,54.06693725585937,-0.0498504638671875,-0.0661163330078125,-1.041412353515625
2026-09-17T07:32:05.634896,1789630325634896400,54.076896484375,-0.0282135009765625,-0.00946044921875,-0.9824981689453124
2026-09-17T07:32:05.644856,1789630325644856300,54.08685620117188,-0.0593719482421875,-0.055145263671875,-1.0337066650390625
2026-09-17T07:32:05.654816,1789630325654816300,54.09681616210938,0.0670013427734375,0.010101318359375,-0.87017822265625
2026-09-17T07:32:05.664776,1789630325664776400,54.1067763671875,0.0025177001953125,-0.038421630859375,-1.021484375
2026-09-17T07:32:05.674736,1789630325674736400,54.116736328125,-0.06024169921875,-0.0277557373046875,-1.0198211669921875
2026-09-17T07:32:05.684696,1789630325684696300,54.1266962890625,-0.09039306640625,-0.084320068359375,-1.0120086669921875
2026-09-17T07:32:05.694656,1789630325694656300,54.13665625,-0.0189666748046875,-0.018890380859375,-1.15374755859375
2026-09-17T07:32:05.704616,1789630325704616200,54.1466162109375,-0.02685546875,-0.0175323486328125,-0.954193115234375
2026-09-17T07:32:05.714576,1789630325714576100,54.156576171875,-0.0271148681640625,0.0068206787109375,-0.8072509765625
2026-09-17T07:32:05.724535,1789630325724535300,54.16653540039062,-0.0374298095703125,-0.03192138671875,-0.92462158203125
2026-09-17T07:32:05.734495,1789630325734495200,54.1764951171875,-0.0090484619140625,-0.0669403076171875,-1.106964111328125
2026-09-17T07:32:05.744455,1789630325744455400,54.18645532226562,-0.047393798828125,-0.037445068359375,-1.05902099609375
2026-09-17T07:32:05.754415,1789630325754415400,54.19641528320312,0.0584716796875,-0.0681915283203125,-1.2490692138671875
2026-09-17T07:32:05.764375,1789630325764375300,54.206375244140624,-0.1122589111328125,0.04510498046875,-1.120025634765625
2026-09-17T07:32:05.774335,1789630325774335200,54.21633520507813,-0.1476898193359375,-0.00634765625,-0.6277618408203125
2026-09-17T07:32:05.784295,1789630325784295400,54.22629541015625,0.1440887451171875,0.018218994140625,-0.7925262451171875
2026-09-17T07:32:05.794255,1789630325794255400,54.23625537109375,-0.0184478759765625,-0.0616607666015625,-1.2188720703125
2026-09-17T07:32:05.804215,1789630325804215300,54.24621533203125,0.0702667236328125,-0.020965576171875,-1.2861785888671875
2026-09-17T07:32:05.814175,1789630325814175200,54.25617529296875,-0.1197357177734375,0.018829345703125,-0.875885009765625
2026-09-17T07:32:05.824134,1789630325824134400,54.266134521484375,0.006805419921875,0.0474395751953125,-0.8809661865234375
2026-09-17T07:32:05.834094,1789630325834094300,54.27609423828125,0.0823211669921875,0.0448760986328125,-0.85479736328125
2026-09-17T07:32:05.844054,1789630325844054300,54.28605419921875,-0.077484130859375,-0.017333984375,-1.1788177490234375
2026-09-17T07:32:05.854014,1789630325854014200,54.29601416015625,-0.1268310546875,-0.042724609375,-1.446990966796875
2026-09-17T07:32:05.863974,1789630325863974400,54.30597436523438,-0.0318145751953125,0.049163818359375,-0.6435089111328125
2026-09-17T07:32:05.873934,1789630325873934300,54.31593432617188,0.174163818359375,0.0150604248046875,-0.89068603515625
2026-09-17T07:32:05.883894,1789630325883894300,54.32589428710938,0.105255126953125,-0.0126953125,-0.8664093017578125
2026-09-17T07:32:05.893854,1789630325893854200,54.33585424804688,-0.0087432861328125,-0.0505828857421875,-1.4432525634765625
2026-09-17T07:32:05.903814,1789630325903814400,54.345814453125,-0.1561737060546875,0.005889892578125,-0.9452362060546876
2026-09-17T07:32:05.913773,1789630325913773300,54.355773193359376,-0.0033721923828125,0.0258636474609375,-0.5729827880859375
2026-09-17T07:32:05.923733,1789630325923733200,54.36573315429688,0.01861572265625,0.028900146484375,-1.3180389404296875
2026-09-17T07:32:05.933693,1789630325933693200,54.37569311523438,0.0034332275390625,-0.002593994140625,-1.0074615478515625
2026-09-17T07:32:05.943653,1789630325943653400,54.3856533203125,-0.0079345703125,0.0277099609375,-1.25567626953125
2026-09-17T07:32:05.953613,1789630325953613000,54.39561303710938,-0.0479278564453125,0.0712127685546875,-0.5347137451171875
2026-09-17T07:32:05.963573,1789630325963573200,54.4055732421875,0.0121917724609375,0.0213623046875,-1.0794525146484375
2026-09-17T07:32:05.973533,1789630325973533200,54.415533203125,-0.0099029541015625,0.0122528076171875,-1.2509918212890625
2026-09-17T07:32:05.983493,1789630325983493000,54.4254931640625,-0.0443878173828125,0.0074462890625,-1.08184814453125
2026-09-17T07:32:05.993453,1789630325993453000,54.435453125,-0.031494140625,0.0175933837890625,-0.918487548828125
2026-09-17T07:32:06.003413,1789630326003413200,54.445413330078125,-0.01861572265625,0.0277557373046875,-0.6687469482421875
2026-09-17T07:32:06.013372,1789630326013372200,54.4553720703125,0.0896759033203125,-0.0442352294921875,-1.3098602294921875
2026-09-17T07:32:06.023332,1789630326023332000,54.46533203125,-0.098480224609375,-0.043212890625,-1.2802734375
2026-09-17T07:32:06.033292,1789630326033292000,54.4752919921875,-0.0954437255859375,0.0100860595703125,-0.704345703125
2026-09-17T07:32:06.043252,1789630326043252200,54.48525219726562,0.0261688232421875,0.0001373291015625,-0.958740234375
2026-09-17T07:32:06.053212,1789630326053212200,54.49521215820312,0.0448455810546875,-0.015960693359375,-0.9436187744140624
2026-09-17T07:32:06.063172,1789630326063172000,54.505172119140624,-0.00897216796875,-0.0079193115234375,-1.0722198486328125
2026-09-17T07:32:06.073132,1789630326073132000,54.515132080078125,-0.0608978271484375,-0.024169921875,-1.229705810546875
2026-09-17T07:32:06.083092,1789630326083092200,54.52509228515625,-0.011962890625,0.024078369140625,-0.844696044921875
2026-09-17T07:32:06.093052,1789630326093052200,54.53505224609375,0.06951904296875,-0.0077667236328125,-0.635528564453125
2026-09-17T07:32:06.103011,1789630326103011000,54.54501098632812,0.1422576904296875,-0.0341796875,-1.565155029296875
2026-09-17T07:32:06.112971,1789630326112971000,54.55497094726562,-0.149993896484375,0.021514892578125,-0.9648284912109376
2026-09-17T07:32:06.122931,1789630326122931000,54.56493090820312,-0.2294921875,-0.06829833984375,-0.7885894775390625
2026-09-17T07:32:06.132891,1789630326132891100,54.57489111328125,-0.1280517578125,0.022064208984375,-1.123504638671875
2026-09-17T07:32:06.142851,1789630326142851000,54.58485107421875,0.0037078857421875,0.001556396484375,-0.6817779541015625
2026-09-17T07:32:06.152811,1789630326152811000,54.59481103515625,0.111724853515625,-0.0218963623046875,-1.473846435546875
2026-09-17T07:32:06.162771,1789630326162771200,54.60477124023438,0.0509490966796875,-0.0191802978515625,-0.9657745361328124
2026-09-17T07:32:06.172731,1789630326172731100,54.61473120117188,0.032867431640625,-0.0605010986328125,-0.8954925537109375
2026-09-17T07:32:06.182690,1789630326182690000,54.62468994140625,0.0209197998046875,-0.0014801025390625,-0.687713623046875
2026-09-17T07:32:06.192650,1789630326192650000,54.63464990234375,-0.0238800048828125,-0.05352783203125,-1.1034393310546875
2026-09-17T07:32:06.202610,1789630326202610000,54.64460986328125,-0.1432342529296875,-0.068267822265625,-1.6344757080078125
2026-09-17T07:32:06.212570,1789630326212570000,54.65457006835938,-0.0728302001953125,-0.0045166015625,-0.609527587890625
2026-09-17T07:32:06.222530,1789630326222530000,54.66453002929688,0.03265380859375,-0.00164794921875,-0.6645965576171875
2026-09-17T07:32:06.232490,1789630326232490000,54.67448999023438,0.0811767578125,-0.0348052978515625,-1.103973388671875
2026-09-17T07:32:06.242450,1789630326242450000,54.68444995117188,0.05096435546875,-0.08563232421875,-1.3984222412109375
2026-09-17T07:32:06.252410,1789630326252410000,54.69441015625,-0.1328887939453125,0.015289306640625,-0.9240875244140624
2026-09-17T07:32:06.262370,1789630326262370000,54.7043701171875,-0.0230560302734375,-0.005340576171875,-0.6472320556640625
2026-09-17T07:32:06.272329,1789630326272329200,54.7143291015625,0.0782012939453125,-0.0205535888671875,-1.1115570068359375
2026-09-17T07:32:06.282289,1789630326282289200,54.7242890625,-0.03106689453125,-0.0454254150390625,-1.145721435546875
2026-09-17T07:32:06.292249,1789630326292249000,54.7342490234375,-0.0673065185546875,-0.0325927734375,-1.179473876953125
2026-09-17T07:32:06.302209,1789630326302209000,54.744208984375,-0.01812744140625,0.0173187255859375,-0.6992034912109375
2026-09-17T07:32:06.312169,1789630326312169000,54.7541689453125,0.079437255859375,-0.0160675048828125,-0.8302459716796875
2026-09-17T07:32:06.322129,1789630326322129000,54.76412890625,-0.008087158203125,-0.0415802001953125,-1.32818603515625
2026-09-17T07:32:06.332089,1789630326332089000,54.77408911132813,-0.00445556640625,-0.0296173095703125,-1.109222412109375
2026-09-17T07:32:06.342049,1789630326342049000,54.784049072265624,-0.0256805419921875,-0.0088348388671875,-0.9017791748046876
2026-09-17T07:32:06.352008,1789630326352008200,54.79400830078125,0.0068359375,0.0133514404296875,-0.7262115478515625
2026-09-17T07:32:06.361968,1789630326361968000,54.80396801757813,0.001434326171875,-0.0139923095703125,-1.3456573486328125
2026-09-17T07:32:06.371928,1789630326371928300,54.81392822265625,-0.0388336181640625,0.0165252685546875,-1.099334716796875
2026-09-17T07:32:06.381888,1789630326381888300,54.82388818359375,-0.0979766845703125,0.027099609375,-0.8376617431640625
2026-09-17T07:32:06.391848,1789630326391848200,54.83384814453125,-0.0983428955078125,0.0154571533203125,-0.9751739501953124
2026-09-17T07:32:06.401808,1789630326401808100,54.84380810546875,0.0269927978515625,-0.0108795166015625,-1.0159454345703125
2026-09-17T07:32:06.411768,1789630326411768300,54.85376831054688,0.0422210693359375,0.008209228515625,-1.1131744384765625
2026-09-17T07:32:06.421728,1789630326421728300,54.863728271484376,0.01434326171875,0.05010986328125,-1.0762939453125
2026-09-17T07:32:06.431688,1789630326431688200,54.87368823242188,0.08624267578125,0.047882080078125,-0.8683319091796875
2026-09-17T07:32:06.441647,1789630326441647000,54.883647216796874,0.0082244873046875,0.011138916015625,-0.895751953125
2026-09-17T07:32:06.451607,1789630326451607300,54.893607177734374,-0.0740966796875,-0.0058135986328125,-1.2596282958984375
2026-09-17T07:32:06.461567,1789630326461567200,54.903567138671875,-0.02130126953125,0.0250701904296875,-1.157073974609375
2026-09-17T07:32:06.471527,1789630326471527200,54.913527099609375,0.042388916015625,0.0481719970703125,-0.862945556640625
2026-09-17T07:32:06.481487,1789630326481487000,54.92348706054688,-0.04278564453125,0.0211029052734375,-0.8932647705078125
2026-09-17T07:32:06.491447,1789630326491447300,54.933447265625,-0.0205078125,0.0035400390625,-0.9519500732421876
2026-09-17T07:32:06.501407,1789630326501407200,54.9434072265625,-0.0701904296875,0.0160675048828125,-1.0501556396484375
2026-09-17T07:32:06.511367,1789630326511367200,54.9533671875,-0.01953125,0.0333099365234375,-1.0806884765625
2026-09-17T07:32:06.521326,1789630326521326000,54.963326171875,0.0638580322265625,0.0276947021484375,-0.89190673828125
2026-09-17T07:32:06.531286,1789630326531286000,54.9732861328125,-0.0709075927734375,-0.00439453125,-1.0549774169921875
2026-09-17T07:32:06.541246,1789630326541246200,54.98324609375,-0.016754150390625,0.0069732666015625,-0.915496826171875
2026-09-17T07:32:06.551206,1789630326551206100,54.9932060546875,-0.0495452880859375,-0.008331298828125,-1.0030975341796875
2026-09-17T07:32:06.561166,1789630326561166000,55.003166015625,-0.1162109375,-0.0240478515625,-0.986663818359375
2026-09-17T07:32:06.571126,1789630326571126300,55.01312622070313,0.01220703125,-0.0196533203125,-1.067596435546875
2026-09-17T07:32:06.581086,1789630326581086200,55.02308618164062,-0.0484771728515625,-0.0393524169921875,-0.8806304931640625
2026-09-17T07:32:06.591046,1789630326591046100,55.03304614257812,0.001953125,-0.0317840576171875,-0.9937896728515624
2026-09-17T07:32:06.601005,1789630326601005000,55.043005126953126,0.0613250732421875,-0.01629638671875,-1.087799072265625
2026-09-17T07:32:06.610965,1789630326610965000,55.05296508789063,-0.0278472900390625,0.0103302001953125,-0.9430389404296876
2026-09-17T07:32:06.620925,1789630326620925200,55.06292529296875,0.0220947265625,0.0357818603515625,-1.03900146484375
2026-09-17T07:32:06.630885,1789630326630885000,55.07288500976563,0.0719451904296875,0.053070068359375,-1.0623931884765625
2026-09-17T07:32:06.640845,1789630326640845000,55.08284497070313,-0.052520751953125,0.0417938232421875,-0.9922332763671876
2026-09-17T07:32:06.650805,1789630326650805000,55.09280493164062,-0.0450897216796875,0.018707275390625,-0.904449462890625
2026-09-17T07:32:06.660765,1789630326660765200,55.10276513671875,-0.0506591796875,0.0122222900390625,-1.08660888671875
2026-09-17T07:32:06.670724,1789630326670724000,55.11272412109375,-0.0311431884765625,-0.0140380859375,-1.0658416748046875
2026-09-17T07:32:06.680684,1789630326680684000,55.12268408203125,0.0491180419921875,-0.013671875,-0.8848419189453125
2026-09-17T07:32:06.690644,1789630326690644000,55.13264404296875,0.052978515625,-0.0415802001953125,-1.1032562255859375
2026-09-17T07:32:06.700604,1789630326700604200,55.14260424804687,-0.0101318359375,-0.0825653076171875,-1.023712158203125
2026-09-17T07:32:06.710564,1789630326710564000,55.15256420898437,-0.0228271484375,-0.0500030517578125,-0.996246337890625
2026-09-17T07:32:06.720524,1789630326720524000,55.16252392578125,-0.0131378173828125,-0.028167724609375,-0.998382568359375
2026-09-17T07:32:06.730484,1789630326730484000,55.17248388671875,0.0221405029296875,-0.028411865234375,-1.0830841064453125
2026-09-17T07:32:06.740444,1789630326740444200,55.182444091796874,-0.0327911376953125,0.01629638671875,-0.8433837890625
2026-09-17T07:32:06.750403,1789630326750403000,55.19240307617188,-0.1123199462890625,-0.042999267578125,-1.0161285400390625
2026-09-17T07:32:06.760363,1789630326760363000,55.20236303710937,-0.049346923828125,-0.003326416015625,-1.187591552734375
2026-09-17T07:32:06.770323,1789630326770323000,55.21232299804687,0.0378570556640625,0.0140533447265625,-0.9752655029296876
2026-09-17T07:32:06.780283,1789630326780283100,55.222283203125,0.0631256103515625,0.0038909912109375,-0.71160888671875
2026-09-17T07:32:06.790243,1789630326790243000,55.2322431640625,0.014556884765625,-0.037689208984375,-1.1090240478515625
2026-09-17T07:32:06.800203,1789630326800203000,55.242203125,-0.0721588134765625,-0.042022705078125,-1.1925506591796875
2026-09-17T07:32:06.810163,1789630326810163000,55.252162841796874,-0.0266571044921875,-0.0037078857421875,-1.1051483154296875
2026-09-17T07:32:06.820122,1789630326820122000,55.2621220703125,0.0146331787109375,0.024627685546875,-0.7390899658203125
2026-09-17T07:32:06.830082,1789630326830082300,55.27208227539062,-0.0164947509765625,-0.0759124755859375,-0.983428955078125
2026-09-17T07:32:06.840042,1789630326840042200,55.28204223632813,-0.107574462890625,-0.05096435546875,-1.0937347412109375
2026-09-17T07:32:06.850002,1789630326850002200,55.292002197265624,-0.0830078125,-0.0458831787109375,-1.251251220703125
2026-09-17T07:32:06.859962,1789630326859962000,55.301962158203125,0.0106353759765625,0.0676116943359375,-0.6495513916015625
2026-09-17T07:32:06.869922,1789630326869922000,55.311922119140625,-0.01824951171875,-0.04766845703125,-0.831939697265625
2026-09-17T07:32:06.879882,1789630326879882000,55.321882080078126,-0.1014251708984375,-0.077911376953125,-1.3103485107421875
2026-09-17T07:32:06.889841,1789630326889841200,55.33184106445312,0.0344390869140625,-0.0020294189453125,-1.2463531494140625
2026-09-17T07:32:06.899801,1789630326899801000,55.34180102539062,0.1202545166015625,0.052520751953125,-0.6044921875
2026-09-17T07:32:06.909761,1789630326909761300,55.35176123046875,0.0001373291015625,-0.010894775390625,-0.9687957763671876
2026-09-17T07:32:06.919721,1789630326919721200,55.36172119140625,-0.0918426513671875,-0.04315185546875,-1.041748046875
2026-09-17T07:32:06.929681,1789630326929681200,55.37168115234375,-0.0979766845703125,-0.032684326171875,-1.2298736572265625
2026-09-17T07:32:06.939641,1789630326939641000,55.38164111328125,-0.0263519287109375,0.0177154541015625,-0.912200927734375
2026-09-17T07:32:06.949601,1789630326949601000,55.39160107421875,0.050689697265625,0.0078277587890625,-0.9933929443359376
2026-09-17T07:32:06.959560,1789630326959560000,55.40155981445312,-0.02459716796875,-0.028594970703125,-0.8802337646484375
2026-09-17T07:32:06.969519,1789630326969519900,55.41151977539062,-0.025970458984375,-0.025054931640625,-1.0816802978515625
2026-09-17T07:32:06.979479,1789630326979479800,55.42147973632812,0.0395050048828125,0.0119171142578125,-1.1276702880859375
2026-09-17T07:32:06.989440,1789630326989440000,55.43143994140625,-0.0472412109375,0.0426177978515625,-0.8961029052734375
2026-09-17T07:32:06.999400,1789630326999400000,55.44139990234375,-0.084991455078125,0.0487823486328125,-0.9193878173828124
2026-09-17T07:32:07.009360,1789630327009360000,55.45135986328125,-0.0243377685546875,0.034149169921875,-0.978424072265625
2026-09-17T07:32:07.019319,1789630327019319800,55.46131982421875,-0.0464019775390625,0.05523681640625,-1.0208892822265625
2026-09-17T07:32:07.029278,1789630327029278700,55.47127880859375,-0.0586395263671875,0.04119873046875,-0.9547119140625
2026-09-17T07:32:07.039239,1789630327039239000,55.481239013671875,-0.007598876953125,0.0226287841796875,-1.128936767578125
2026-09-17T07:32:07.049198,1789630327049198800,55.49119873046875,0.0542449951171875,0.0451812744140625,-1.018157958984375
2026-09-17T07:32:07.059158,1789630327059158800,55.50115869140625,0.0444488525390625,0.0384979248046875,-0.8677215576171875
2026-09-17T07:32:07.069119,1789630327069119000,55.511118896484376,-0.069061279296875,0.0385589599609375,-0.952301025390625
2026-09-17T07:32:07.079079,1789630327079079000,55.52107885742188,-0.0605621337890625,0.059600830078125,-1.2090301513671875
2026-09-17T07:32:07.089037,1789630327089037800,55.53103784179687,-0.0689849853515625,0.100433349609375,-0.9664154052734376
2026-09-17T07:32:07.098997,1789630327098997800,55.540997802734374,-0.0404815673828125,0.080169677734375,-0.89190673828125
2026-09-17T07:32:07.108957,1789630327108957700,55.550957763671875,-0.034698486328125,0.0678558349609375,-1.0570526123046875
2026-09-17T07:32:07.118918,1789630327118918000,55.56091796875,0.034210205078125,0.08441162109375,-1.213592529296875
2026-09-17T07:32:07.128877,1789630327128877800,55.5708779296875,0.0714569091796875,0.1337432861328125,-0.8656158447265625
2026-09-17T07:32:07.138837,1789630327138837800,55.580837646484376,-0.07568359375,0.0692291259765625,-0.8997344970703125
2026-09-17T07:32:07.148797,1789630327148797700,55.59079760742188,-0.1627349853515625,0.03173828125,-1.094085693359375
2026-09-17T07:32:07.158756,1789630327158756900,55.6007568359375,-0.004608154296875,0.05877685546875,-1.124847412109375
2026-09-17T07:32:07.168716,1789630327168716800,55.610716796875,0.0046844482421875,0.062103271484375,-0.9147796630859376
2026-09-17T07:32:07.178676,1789630327178676700,55.6206767578125,0.0107421875,0.02911376953125,-0.8255767822265625
2026-09-17T07:32:07.188636,1789630327188636700,55.63063671875,-0.00054931640625,0.0278167724609375,-1.1562042236328125
2026-09-17T07:32:07.198596,1789630327198596900,55.64059692382813,-0.0791473388671875,0.0436859130859375,-1.1084136962890625
2026-09-17T07:32:07.208556,1789630327208556800,55.65055688476563,-0.012725830078125,0.088775634765625,-0.891510009765625
2026-09-17T07:32:07.218516,1789630327218516000,55.660515869140625,-0.0063934326171875,0.069061279296875,-0.938201904296875
2026-09-17T07:32:07.228476,1789630327228476000,55.670475830078125,-0.0729217529296875,0.0274658203125,-0.9973297119140624
2026-09-17T07:32:07.238435,1789630327238435800,55.680435791015626,-0.0400390625,0.0368499755859375,-1.10845947265625
2026-09-17T07:32:07.248396,1789630327248396000,55.69039599609375,0.089385986328125,0.1024017333984375,-1.1717071533203125
2026-09-17T07:32:07.258356,1789630327258356000,55.70035595703125,-0.0670928955078125,0.0591888427734375,-0.9250335693359376
2026-09-17T07:32:07.268316,1789630327268316000,55.71031591796875,-0.146087646484375,0.03680419921875,-0.699371337890625
2026-09-17T07:32:07.278274,1789630327278274800,55.72027490234375,-0.0640411376953125,0.038360595703125,-1.158050537109375
2026-09-17T07:32:07.288235,1789630327288235000,55.73023510742187,-0.038116455078125,0.01873779296875,-1.1806793212890625
2026-09-17T07:32:07.298195,1789630327298195000,55.74019482421875,-0.06951904296875,0.01873779296875,-0.825408935546875
2026-09-17T07:32:07.308155,1789630327308155000,55.75015478515625,0.0789642333984375,0.0388031005859375,-0.897918701171875
2026-09-17T07:32:07.318114,1789630327318114800,55.76011474609375,0.0601959228515625,0.020233154296875,-1.286376953125
2026-09-17T07:32:07.328075,1789630327328075000,55.77007495117188,-0.035125732421875,0.0484771728515625,-0.858978271484375
2026-09-17T07:32:07.338035,1789630327338035000,55.78003491210937,-0.03082275390625,0.07110595703125,-0.9321746826171876
2026-09-17T07:32:07.347993,1789630327347993900,55.789993896484376,-0.0534515380859375,0.0645599365234375,-1.061370849609375
2026-09-17T07:32:07.357953,1789630327357953800,55.79995385742187,-0.0421600341796875,0.0504302978515625,-1.0225372314453125
2026-09-17T07:32:07.367914,1789630327367914000,55.8099140625,-0.0218505859375,0.0835418701171875,-1.0231781005859375
2026-09-17T07:32:07.377874,1789630327377874000,55.8198740234375,-0.0034027099609375,0.0644989013671875,-1.00634765625
2026-09-17T07:32:07.387833,1789630327387833900,55.82983374023438,0.0033416748046875,0.03668212890625,-1.000274658203125
2026-09-17T07:32:07.397793,1789630327397793800,55.83979370117188,-0.01885986328125,0.0621795654296875,-1.02435302734375
2026-09-17T07:32:07.407752,1789630327407752700,55.849752685546875,-0.003509521484375,0.075897216796875,-1.0630950927734375
2026-09-17T07:32:07.417713,1789630327417713000,55.859712890625,-0.0466461181640625,0.042877197265625,-0.876220703125
2026-09-17T07:32:07.427672,1789630327427672800,55.8696728515625,-0.0100860595703125,0.0491485595703125,-0.9391326904296876
2026-09-17T07:32:07.437632,1789630327437632800,55.8796328125,-0.027252197265625,0.02386474609375,-1.28546142578125
2026-09-17T07:32:07.447593,1789630327447593000,55.88959301757812,0.0100250244140625,0.046478271484375,-0.81390380859375
2026-09-17T07:32:07.457553,1789630327457553000,55.89955297851562,-0.00848388671875,0.0619049072265625,-1.0040435791015625
2026-09-17T07:32:07.467511,1789630327467511800,55.90951171875,-0.0093994140625,0.057586669921875,-1.018768310546875
2026-09-17T07:32:07.477471,1789630327477471700,55.9194716796875,-0.0250701904296875,0.0435943603515625,-1.0691986083984375
2026-09-17T07:32:07.487431,1789630327487431700,55.929431640625,-0.05194091796875,0.0553436279296875,-0.999176025390625
2026-09-17T07:32:07.497391,1789630327497391900,55.93939184570313,-0.0161590576171875,0.0678253173828125,-0.9625701904296876
2026-09-17T07:32:07.507351,1789630327507351800,55.94935180664063,0.0152587890625,0.047088623046875,-1.01605224609375
2026-09-17T07:32:07.517311,1789630327517311700,55.95931176757812,0.0043792724609375,0.0760650634765625,-0.8855743408203125
2026-09-17T07:32:07.527271,1789630327527271700,55.96927172851562,-0.04730224609375,0.034149169921875,-1.19329833984375
2026-09-17T07:32:07.537230,1789630327537230800,55.97923095703125,-0.0796661376953125,0.037445068359375,-1.049285888671875
2026-09-17T07:32:07.547190,1789630327547190800,55.989190673828126,0.006744384765625,0.0834808349609375,-0.805755615234375
2026-09-17T07:32:07.557150,1789630327557150700,55.99915063476563,0.046356201171875,0.041961669921875,-1.1162872314453125
2026-09-17T07:32:07.567110,1789630327567110700,56.00911059570313,-0.022613525390625,0.0702362060546875,-0.9936676025390624
2026-09-17T07:32:07.577070,1789630327577070800,56.01907080078125,-0.0559539794921875,0.0419158935546875,-0.897979736328125
2026-09-17T07:32:07.587030,1789630327587030800,56.02903076171875,-0.0404205322265625,0.0433502197265625,-1.183135986328125
2026-09-17T07:32:07.596990,1789630327596990000,56.03898999023438,-0.007720947265625,0.077423095703125,-0.9669342041015624
2026-09-17T07:32:07.606950,1789630327606950000,56.04894995117188,-0.0026702880859375,0.08868408203125,-0.9039306640625
2026-09-17T07:32:07.616910,1789630327616910000,56.05891015625,0.0107421875,0.077117919921875,-1.0140838623046875
2026-09-17T07:32:07.626870,1789630327626870000,56.0688701171875,-0.01434326171875,0.0695037841796875,-1.0976409912109375
2026-09-17T07:32:07.636830,1789630327636830000,56.07882983398437,-0.019805908203125,0.0738525390625,-1.0464935302734375
2026-09-17T07:32:07.646790,1789630327646790000,56.08878979492187,-0.0396575927734375,0.0923919677734375,-0.929168701171875
2026-09-17T07:32:07.656748,1789630327656748800,56.09874877929688,-0.0435028076171875,0.06982421875,-1.01324462890625
2026-09-17T07:32:07.666709,1789630327666709000,56.108708984375,-0.0218505859375,0.0440673828125,-1.00921630859375
2026-09-17T07:32:07.676669,1789630327676669000,56.1186689453125,-0.02801513671875,0.0547332763671875,-1.0540313720703125
2026-09-17T07:32:07.686628,1789630327686628900,56.12862890625,0.029693603515625,0.0438232421875,-0.9677276611328124
2026-09-17T07:32:07.696588,1789630327696588800,56.1385888671875,0.0713653564453125,0.0623016357421875,-0.97607421875
2026-09-17T07:32:07.706549,1789630327706549000,56.148549072265624,0.0091705322265625,0.0809478759765625,-1.0010986328125
2026-09-17T07:32:07.716508,1789630327716508000,56.1585078125,-0.09197998046875,0.0784759521484375,-1.0477447509765625
2026-09-17T07:32:07.726467,1789630327726467800,56.1684677734375,-0.0926666259765625,0.093536376953125,-1.0595855712890625
2026-09-17T07:32:07.736427,1789630327736427800,56.178427734375,-0.010345458984375,0.1243438720703125,-0.931732177734375
2026-09-17T07:32:07.746388,1789630327746388000,56.18838793945312,0.0308990478515625,0.0948028564453125,-0.97943115234375
2026-09-17T07:32:07.756348,1789630327756348000,56.19834790039062,0.0115966796875,0.06048583984375,-1.0514678955078125
2026-09-17T07:32:07.766307,1789630327766307800,56.20830786132812,-0.0187835693359375,0.0709686279296875,-1.0504608154296875
2026-09-17T07:32:07.776266,1789630327776266800,56.21826684570313,-0.0094757080078125,0.090179443359375,-1.0478515625
2026-09-17T07:32:07.786226,1789630327786226700,56.22822680664063,0.0200042724609375,0.0996551513671875,-0.8185882568359375
2026-09-17T07:32:07.796187,1789630327796187000,56.23818676757813,-0.0209808349609375,0.0585784912109375,-1.031707763671875
2026-09-17T07:32:07.806146,1789630327806146800,56.24814672851563,-0.0495452880859375,0.042694091796875,-1.1588592529296875
2026-09-17T07:32:07.816106,1789630327816106800,56.25810668945312,-0.0174102783203125,0.0713348388671875,-0.996673583984375
2026-09-17T07:32:07.826067,1789630327826067000,56.26806689453125,0.0047760009765625,0.078277587890625,-0.9684295654296876
2026-09-17T07:32:07.836027,1789630327836027000,56.27802685546875,0.0135040283203125,0.092437744140625,-0.866180419921875
2026-09-17T07:32:07.845985,1789630327845985800,56.28798583984375,0.0159912109375,0.0701446533203125,-1.0590667724609375
2026-09-17T07:32:07.855945,1789630327855945700,56.29794580078125,-0.033782958984375,0.070709228515625,-1.158447265625
2026-09-17T07:32:07.865905,1789630327865905700,56.30790576171875,-0.0633697509765625,0.0929412841796875,-0.963897705078125
2026-09-17T07:32:07.875865,1789630327875865900,56.31786596679687,0.025848388671875,0.1062164306640625,-0.8624420166015625
2026-09-17T07:32:07.885825,1789630327885825800,56.32782568359375,0.045745849609375,0.0822906494140625,-0.9237823486328124
2026-09-17T07:32:07.895785,1789630327895785700,56.33778564453125,-0.0440216064453125,0.045074462890625,-1.22735595703125
2026-09-17T07:32:07.905745,1789630327905745000,56.34774487304688,-0.0413818359375,0.07366943359375,-1.1077423095703125
2026-09-17T07:32:07.915705,1789630327915705000,56.357705078125,0.0252227783203125,0.1123504638671875,-0.809661865234375
2026-09-17T07:32:07.925665,1789630327925665000,56.3676650390625,0.019378662109375,0.0872650146484375,-0.9152679443359376
2026-09-17T07:32:07.935625,1789630327935625000,56.377625,-0.0175323486328125,0.06512451171875,-1.1561279296875
2026-09-17T07:32:07.945585,1789630327945585000,56.3875849609375,-0.03912353515625,0.0811767578125,-1.1115264892578125
2026-09-17T07:32:07.955544,1789630327955544600,56.39754467773437,-0.0228729248046875,0.1049041748046875,-0.904632568359375
2026-09-17T07:32:07.965503,1789630327965503500,56.40750341796875,0.0118255615234375,0.091278076171875,-0.9084625244140624
2026-09-17T07:32:07.975463,1789630327975463700,56.41746362304688,-0.0081787109375,0.0633697509765625,-1.06610107421875
2026-09-17T07:32:07.985423,1789630327985423600,56.42742358398438,-0.022186279296875,0.0531768798828125,-1.1397857666015625
2026-09-17T07:32:07.995383,1789630327995383600,56.43738354492187,-0.0016021728515625,0.07806396484375,-0.951080322265625
2026-09-17T07:32:08.005343,1789630328005343500,56.44734350585937,0.0160369873046875,0.0856475830078125,-0.8630218505859375
2026-09-17T07:32:08.015303,1789630328015303700,56.4573037109375,0.0013580322265625,0.0848236083984375,-1.0621185302734375
2026-09-17T07:32:08.025262,1789630328025262600,56.4672626953125,-0.0236663818359375,0.0978546142578125,-1.125823974609375
2026-09-17T07:32:08.035222,1789630328035222500,56.47722241210938,-0.0272979736328125,0.10809326171875,-0.980377197265625
2026-09-17T07:32:08.045182,1789630328045182500,56.48718237304688,-0.0121307373046875,0.1035614013671875,-0.8976898193359375
2026-09-17T07:32:08.055142,1789630328055142700,56.497142578125,0.013397216796875,0.08587646484375,-1.0040130615234375
2026-09-17T07:32:08.065102,1789630328065102600,56.5071025390625,0.009033203125,0.06842041015625,-1.1168212890625
2026-09-17T07:32:08.075062,1789630328075062500,56.5170625,-0.010528564453125,0.078399658203125,-1.0267181396484375
2026-09-17T07:32:08.085021,1789630328085021400,56.527021484375,-0.002227783203125,0.0853729248046875,-0.9027099609375
2026-09-17T07:32:08.094981,1789630328094981400,56.5369814453125,0.01251220703125,0.074981689453125,-0.9579010009765624
2026-09-17T07:32:08.104941,1789630328104941600,56.54694165039062,-0.0023193359375,0.0656890869140625,-1.08270263671875
2026-09-17T07:32:08.114901,1789630328114901500,56.55690161132812,-0.0251922607421875,0.062591552734375,-1.069488525390625
2026-09-17T07:32:08.124861,1789630328124861400,56.566861328125,-0.0175628662109375,0.0734100341796875,-0.9418487548828124
2026-09-17T07:32:08.134821,1789630328134821400,56.5768212890625,0.0019073486328125,0.0650177001953125,-0.929046630859375
2026-09-17T07:32:08.144780,1789630328144780500,56.58678051757813,0.0034637451171875,0.044281005859375,-1.0653228759765625
2026-09-17T07:32:08.154740,1789630328154740500,56.59674047851563,-0.0185546875,0.03839111328125,-1.063232421875
2026-09-17T07:32:08.164700,1789630328164700400,56.60670043945313,-0.023223876953125,0.04376220703125,-0.9713287353515624
2026-09-17T07:32:08.174660,1789630328174660400,56.61666040039062,-0.00128173828125,0.0412139892578125,-0.950897216796875
2026-09-17T07:32:08.184620,1789630328184620500,56.62662060546875,0.004058837890625,0.0286712646484375,-1.0018157958984375
2026-09-17T07:32:08.194580,1789630328194580500,56.63658056640625,-0.015960693359375,0.022430419921875,-1.0621337890625
2026-09-17T07:32:08.204539,1789630328204539600,56.64653955078125,-0.0211334228515625,0.0283050537109375,-1.0168609619140625
2026-09-17T07:32:08.214499,1789630328214499600,56.65649951171875,-0.000152587890625,0.0375823974609375,-0.948455810546875
2026-09-17T07:32:08.224459,1789630328224459800,56.66645971679687,0.0087738037109375,0.0309600830078125,-0.98736572265625
2026-09-17T07:32:08.234419,1789630328234419700,56.67641967773437,-0.0086669921875,0.02264404296875,-1.0549163818359375
2026-09-17T07:32:08.244379,1789630328244379600,56.68637963867187,-0.021240234375,0.02142333984375,-1.02777099609375
2026-09-17T07:32:08.254339,1789630328254339600,56.696339599609374,-0.00616455078125,0.0298004150390625,-0.96649169921875
2026-09-17T07:32:08.264298,1789630328264298500,56.70629858398438,0.0047149658203125,0.0294342041015625,-0.9790496826171876
2026-09-17T07:32:08.274258,1789630328274258700,56.7162587890625,-0.0021209716796875,0.019317626953125,-1.0348358154296875
2026-09-17T07:32:08.284218,1789630328284218600,56.72621850585937,-0.0167388916015625,0.015167236328125,-1.0304107666015625
2026-09-17T07:32:08.294178,1789630328294178600,56.73617846679687,-0.0136260986328125,0.0197601318359375,-0.989593505859375
2026-09-17T07:32:08.304138,1789630328304138500,56.74613842773437,-0.00335693359375,0.016510009765625,-0.977630615234375
2026-09-17T07:32:08.314098,1789630328314098700,56.7560986328125,-0.0077056884765625,0.0054168701171875,-1.0106658935546875
2026-09-17T07:32:08.324057,1789630328324057600,56.7660576171875,-0.0196685791015625,-0.0037384033203125,-1.0381927490234375
2026-09-17T07:32:08.334017,1789630328334017500,56.776017578125,-0.0187835693359375,-0.0027923583984375,-0.9989471435546876
2026-09-17T07:32:08.343977,1789630328343977500,56.7859775390625,-0.009185791015625,-0.0049896240234375,-0.970794677734375
2026-09-17T07:32:08.353937,1789630328353937700,56.79593774414062,-0.0108184814453125,-0.0146942138671875,-1.0070343017578125
2026-09-17T07:32:08.363897,1789630328363897600,56.80589770507813,-0.01983642578125,-0.0234832763671875,-1.032440185546875
2026-09-17T07:32:08.373857,1789630328373857500,56.815857421875,-0.0161590576171875,-0.0234832763671875,-1.0052337646484375
2026-09-17T07:32:08.383816,1789630328383816400,56.82581640625,-0.00836181640625,-0.0217437744140625,-0.9783935546875
2026-09-17T07:32:08.393776,1789630328393776400,56.8357763671875,-0.0077667236328125,-0.0263671875,-0.9954681396484376
2026-09-17T07:32:08.403736,1789630328403736600,56.84573657226562,-0.013153076171875,-0.0287322998046875,-1.0243377685546875
2026-09-17T07:32:08.413696,1789630328413696500,56.85569653320312,-0.014190673828125,-0.0237579345703125,-1.01708984375
2026-09-17T07:32:08.423656,1789630328423656400,56.86565649414062,-0.008544921875,-0.0168609619140625,-0.9895782470703124
2026-09-17T07:32:08.433616,1789630328433616600,56.87561669921875,-0.00347900390625,-0.016448974609375,-0.9864654541015624
2026-09-17T07:32:08.443575,1789630328443575600,56.88557543945313,-0.0069732666015625,-0.02197265625,-1.0189971923828125
2026-09-17T07:32:08.453535,1789630328453535500,56.89553540039063,-0.0127716064453125,-0.0244293212890625,-1.024749755859375
2026-09-17T07:32:08.463495,1789630328463495400,56.90549536132813,-0.0114898681640625,-0.0234375,-0.991912841796875
2026-09-17T07:32:08.473455,1789630328473455400,56.91545532226562,-0.0049896240234375,-0.02423095703125,-0.9872894287109376
2026-09-17T07:32:08.483415,1789630328483415600,56.92541552734375,-0.00518798828125,-0.0304718017578125,-1.01141357421875
2026-09-17T07:32:08.493375,1789630328493375500,56.93537548828125,-0.0094146728515625,-0.03173828125,-1.019012451171875
2026-09-17T07:32:08.503334,1789630328503334400,56.94533447265625,-0.011322021484375,-0.03131103515625,-0.9994659423828124
2026-09-17T07:32:08.513294,1789630328513294300,56.95529443359375,-0.00830078125,-0.028350830078125,-0.9893798828125
2026-09-17T07:32:08.523254,1789630328523254500,56.96525463867187,-0.0088653564453125,-0.029205322265625,-1.0037384033203125
2026-09-17T07:32:08.533214,1789630328533214500,56.97521435546875,-0.0124053955078125,-0.030181884765625,-1.0188751220703125
2026-09-17T07:32:08.543174,1789630328543174400,56.98517431640625,-0.0155029296875,-0.029510498046875,-1.0073089599609375
2026-09-17T07:32:08.553134,1789630328553134300,56.99513427734375,-0.0119476318359375,-0.027862548828125,-0.986785888671875
2026-09-17T07:32:08.563093,1789630328563093500,57.00509350585938,-0.009674072265625,-0.0276336669921875,-0.9983673095703124
2026-09-17T07:32:08.573053,1789630328573053700,57.0150537109375,-0.0146331787109375,-0.0301055908203125,-1.017578125
2026-09-17T07:32:08.583013,1789630328583013600,57.025013671875,-0.016143798828125,-0.0284271240234375,-1.008026123046875
2026-09-17T07:32:08.592973,1789630328592973600,57.0349736328125,-0.0137176513671875,-0.0242156982421875,-0.9919891357421876
2026-09-17T07:32:08.602933,1789630328602933800,57.044933837890625,-0.0099639892578125,-0.0215301513671875,-1.00250244140625
2026-09-17T07:32:08.612893,1789630328612893700,57.054893798828125,-0.00897216796875,-0.0194091796875,-1.0137786865234375
2026-09-17T07:32:08.622852,1789630328622852600,57.0648525390625,-0.0100250244140625,-0.0169677734375,-1.0083160400390625
2026-09-17T07:32:08.632812,1789630328632812500,57.0748125,-0.008941650390625,-0.013031005859375,-0.9976806640625
2026-09-17T07:32:08.642772,1789630328642772500,57.0847724609375,-0.0065460205078125,-0.0108184814453125,-0.9995880126953124
2026-09-17T07:32:08.652732,1789630328652732700,57.094732666015624,-0.0065155029296875,-0.0113372802734375,-1.0100250244140625
2026-09-17T07:32:08.662692,1789630328662692600,57.10469262695312,-0.0076751708984375,-0.01153564453125,-1.010589599609375
2026-09-17T07:32:08.672652,1789630328672652500,57.114652587890625,-0.006744384765625,-0.0081939697265625,-1.000030517578125
2026-09-17T07:32:08.682611,1789630328682611500,57.12461157226563,-0.0069732666015625,-0.0080413818359375,-0.995941162109375
2026-09-17T07:32:08.692571,1789630328692571600,57.13457153320312,-0.0088958740234375,-0.0104827880859375,-1.009368896484375
2026-09-17T07:32:08.702531,1789630328702531600,57.14453149414062,-0.0112152099609375,-0.00933837890625,-1.013671875
2026-09-17T07:32:08.712491,1789630328712491500,57.15449145507812,-0.0123138427734375,-0.0070343017578125,-0.999114990234375
2026-09-17T07:32:08.722451,1789630328722451500,57.16445141601562,-0.011138916015625,-0.00732421875,-0.9993896484375
2026-09-17T07:32:08.732411,1789630328732411600,57.17441162109375,-0.0127105712890625,-0.00933837890625,-1.007781982421875
2026-09-17T07:32:08.742370,1789630328742370600,57.18437060546875,-0.0156097412109375,-0.0110015869140625,-1.010467529296875
2026-09-17T07:32:08.752330,1789630328752330500,57.19433056640625,-0.01513671875,-0.010955810546875,-1.003997802734375
2026-09-17T07:32:08.762290,1789630328762290400,57.20429052734375,-0.012786865234375,-0.0114593505859375,-0.9990234375
2026-09-17T07:32:08.772250,1789630328772250400,57.21425048828125,-0.01165771484375,-0.011688232421875,-1.0052490234375
2026-09-17T07:32:08.782210,1789630328782210600,57.22421044921875,-0.0113067626953125,-0.0113372802734375,-1.0103302001953125
2026-09-17T07:32:08.792170,1789630328792170500,57.23417041015625,-0.011383056640625,-0.01129150390625,-1.0028228759765625
2026-09-17T07:32:08.802129,1789630328802129400,57.24412939453125,-0.0078887939453125,-0.0125732421875,-0.9996490478515624
2026-09-17T07:32:08.812089,1789630328812089300,57.25408935546875,-0.0075225830078125,-0.0133514404296875,-1.0071563720703125
2026-09-17T07:32:08.822049,1789630328822049500,57.26404956054687,-0.0093994140625,-0.0140228271484375,-1.0087738037109375
2026-09-17T07:32:08.832009,1789630328832009500,57.27400952148437,-0.0081939697265625,-0.0143890380859375,-1.004486083984375
2026-09-17T07:32:08.841969,1789630328841969400,57.283969482421874,-0.007415771484375,-0.013458251953125,-0.9995880126953124
2026-09-17T07:32:08.851929,1789630328851929300,57.293929443359374,-0.0074005126953125,-0.014129638671875,-1.0050048828125
2026-09-17T07:32:08.861888,1789630328861888800,57.303888671875,-0.008087158203125,-0.016998291015625,-1.0065460205078125
2026-09-17T07:32:08.871848,1789630328871848700,57.3138486328125,-0.0083465576171875,-0.0192413330078125,-1.003631591796875
2026-09-17T07:32:08.881808,1789630328881808600,57.32380859375,-0.0079345703125,-0.0193634033203125,-1.0009002685546875
2026-09-17T07:32:08.891768,1789630328891768600,57.3337685546875,-0.009002685546875,-0.0193939208984375,-1.0022735595703125
2026-09-17T07:32:08.901728,1789630328901728500,57.343728515625,-0.010040283203125,-0.0211181640625,-1.00555419921875
2026-09-17T07:32:08.911688,1789630328911688400,57.3536884765625,-0.0113067626953125,-0.0209503173828125,-1.0073394775390625
2026-09-17T07:32:08.921647,1789630328921647600,57.36364770507812,-0.0111236572265625,-0.0216064453125,-1.0025177001953125
2026-09-17T07:32:08.931607,1789630328931607600,57.37360766601562,-0.011474609375,-0.022003173828125,-1.00048828125
2026-09-17T07:32:08.941567,1789630328941567500,57.3835673828125,-0.0121612548828125,-0.02239990234375,-1.0059967041015625
2026-09-17T07:32:08.951528,1789630328951528200,57.39352807617187,-0.014617919921875,-0.0212249755859375,-1.0062103271484375
2026-09-17T07:32:08.961488,1789630328961488100,57.403488037109376,-0.0131988525390625,-0.0220947265625,-1.0037078857421875
2026-09-17T07:32:08.971448,1789630328971448000,57.41344799804688,-0.0122528076171875,-0.0220947265625,-1.000823974609375
2026-09-17T07:32:08.981407,1789630328981407200,57.4234072265625,-0.0111083984375,-0.01922607421875,-1.0033416748046875
2026-09-17T07:32:08.991367,1789630328991367200,57.4333671875,-0.012054443359375,-0.01806640625,-1.0060272216796875
2026-09-17T07:32:09.001327,1789630329001327000,57.4433271484375,-0.012237548828125,-0.0157623291015625,-1.0053558349609375
2026-09-17T07:32:09.011287,1789630329011287300,57.45328735351563,-0.009765625,-0.015045166015625,-1.0029449462890625
2026-09-17T07:32:09.021247,1789630329021247200,57.46324731445313,-0.009429931640625,-0.016021728515625,-1.0026702880859375
2026-09-17T07:32:09.031206,1789630329031206100,57.4732060546875,-0.00860595703125,-0.016845703125,-1.0069427490234375
2026-09-17T07:32:09.041166,1789630329041166000,57.483166015625,-0.0088958740234375,-0.015899658203125,-1.0062255859375
2026-09-17T07:32:09.051126,1789630329051126300,57.493126220703125,-0.0075531005859375,-0.01470947265625,-1.0025787353515625
2026-09-17T07:32:09.061086,1789630329061086200,57.503086181640626,-0.00762939453125,-0.0144195556640625,-1.004150390625
2026-09-17T07:32:09.071046,1789630329071046100,57.513046142578126,-0.0073089599609375,-0.0129547119140625,-1.00714111328125
2026-09-17T07:32:09.081006,1789630329081006000,57.52300610351563,-0.009368896484375,-0.013031005859375,-1.0055389404296875
2026-09-17T07:32:09.090965,1789630329090965200,57.53296533203125,-0.0106964111328125,-0.0115814208984375,-1.00372314453125
2026-09-17T07:32:09.100925,1789630329100925200,57.54292529296875,-0.0093536376953125,-0.012420654296875,-1.0039520263671875
2026-09-17T07:32:09.110885,1789630329110885000,57.552885009765625,-0.010833740234375,-0.014251708984375,-1.004852294921875
2026-09-17T07:32:09.120845,1789630329120845000,57.562844970703125,-0.011932373046875,-0.0146484375,-1.0063323974609375
2026-09-17T07:32:09.130805,1789630329130805200,57.57280517578125,-0.012298583984375,-0.0147857666015625,-1.005035400390625
2026-09-17T07:32:09.140765,1789630329140765200,57.58276513671875,-0.0113677978515625,-0.0147247314453125,-1.001861572265625
2026-09-17T07:32:09.150724,1789630329150724000,57.59272412109375,-0.0123748779296875,-0.0169677734375,-1.0039215087890625
2026-09-17T07:32:09.160684,1789630329160684000,57.60268408203125,-0.0114593505859375,-0.01776123046875,-1.0052032470703125
2026-09-17T07:32:09.170644,1789630329170644000,57.61264404296875,-0.01141357421875,-0.0175933837890625,-1.0054931640625
2026-09-17T07:32:09.180604,1789630329180604200,57.62260424804688,-0.0119781494140625,-0.0164337158203125,-1.0022125244140625
2026-09-17T07:32:09.190564,1789630329190564000,57.63256420898438,-0.0112762451171875,-0.0182952880859375,-1.00421142578125
2026-09-17T07:32:09.200524,1789630329200524000,57.64252392578125,-0.0115814208984375,-0.01873779296875,-1.003570556640625
2026-09-17T07:32:09.210483,1789630329210483200,57.652483154296874,-0.0118255615234375,-0.017822265625,-1.00518798828125
2026-09-17T07:32:09.220443,1789630329220443100,57.662443115234375,-0.01123046875,-0.0200653076171875,-1.0043792724609375
2026-09-17T07:32:09.230403,1789630329230403000,57.672403076171875,-0.0102081298828125,-0.019256591796875,-1.0025482177734375
2026-09-17T07:32:09.240363,1789630329240363000,57.682363037109376,-0.0099945068359375,-0.0193023681640625,-1.0040130615234375
2026-09-17T07:32:09.250323,1789630329250323000,57.69232299804688,-0.0105438232421875,-0.0203704833984375,-1.0045318603515625
2026-09-17T07:32:09.260283,1789630329260283100,57.702283203125,-0.0102996826171875,-0.0182952880859375,-1.0046539306640625
2026-09-17T07:32:09.270242,1789630329270242300,57.7122421875,-0.0113067626953125,-0.0181121826171875,-1.0031280517578125
2026-09-17T07:32:09.280202,1789630329280202200,57.7222021484375,-0.0093231201171875,-0.01788330078125,-1.0030975341796875
2026-09-17T07:32:09.290162,1789630329290162200,57.732162109375,-0.0084686279296875,-0.0159912109375,-1.004730224609375
2026-09-17T07:32:09.300122,1789630329300122400,57.74212231445313,-0.0084686279296875,-0.0174102783203125,-1.0045013427734375
2026-09-17T07:32:09.310082,1789630329310082300,57.75208227539063,-0.0090789794921875,-0.015716552734375,-1.0045166015625
2026-09-17T07:32:09.320042,1789630329320042200,57.76204223632813,-0.009185791015625,-0.0148162841796875,-1.00390625
2026-09-17T07:32:09.330001,1789630329330001200,57.772001220703125,-0.008392333984375,-0.0141143798828125,-1.0050811767578125
2026-09-17T07:32:09.339961,1789630329339961000,57.781961181640625,-0.0080718994140625,-0.0146331787109375,-1.005584716796875
2026-09-17T07:32:09.349921,1789630329349921300,57.79192138671875,-0.009033203125,-0.0144500732421875,-1.004608154296875
2026-09-17T07:32:09.359881,1789630329359881200,57.801881103515626,-0.0103912353515625,-0.013153076171875,-1.0042572021484375
2026-09-17T07:32:09.369841,1789630329369841200,57.81184106445313,-0.0103302001953125,-0.0143890380859375,-1.0030059814453125
2026-09-17T07:32:09.379801,1789630329379801300,57.82180126953125,-0.0113525390625,-0.0141754150390625,-1.0045928955078125
2026-09-17T07:32:09.389760,1789630329389760300,57.83176025390625,-0.0127716064453125,-0.0152740478515625,-1.005218505859375
2026-09-17T07:32:09.399720,1789630329399720200,57.84172021484375,-0.0131988525390625,-0.0157623291015625,-1.0049591064453125
2026-09-17T07:32:09.409680,1789630329409680100,57.85168017578125,-0.013458251953125,-0.015472412109375,-1.003997802734375
2026-09-17T07:32:09.419640,1789630329419640000,57.86164013671875,-0.0132293701171875,-0.0152587890625,-1.004119873046875
2026-09-17T07:32:09.429600,1789630329429600300,57.87160034179688,-0.0121002197265625,-0.017486572265625,-1.0045318603515625
2026-09-17T07:32:09.439560,1789630329439560200,57.88156030273438,-0.0110626220703125,-0.0193634033203125,-1.00372314453125
2026-09-17T07:32:09.449519,1789630329449519000,57.89151904296875,-0.010223388671875,-0.0197601318359375,-1.0029144287109375
2026-09-17T07:32:09.459479,1789630329459479000,57.90147900390625,-0.0083465576171875,-0.018096923828125,-1.00518798828125
2026-09-17T07:32:09.469439,1789630329469439200,57.911439208984376,-0.00982666015625,-0.0179443359375,-1.004150390625
2026-09-17T07:32:09.479399,1789630329479399200,57.92139916992188,-0.010498046875,-0.0177154541015625,-1.004119873046875
2026-09-17T07:32:09.489359,1789630329489359000,57.93135913085938,-0.0096588134765625,-0.0168609619140625,-1.004119873046875
2026-09-17T07:32:09.499319,1789630329499319000,57.94131909179688,-0.007965087890625,-0.0178680419921875,-1.004638671875
2026-09-17T07:32:09.509278,1789630329509278000,57.95127783203125,-0.010009765625,-0.0167999267578125,-1.0043487548828125
2026-09-17T07:32:09.519238,1789630329519238100,57.961238037109375,-0.011322021484375,-0.0177154541015625,-1.0039825439453125
2026-09-17T07:32:09.529198,1789630329529198000,57.971197998046875,-0.0087890625,-0.0156707763671875,-1.005096435546875
2026-09-17T07:32:09.539158,1789630329539158000,57.981157958984376,-0.0114593505859375,-0.0171661376953125,-1.0044708251953125
2026-09-17T07:32:09.549118,1789630329549118000,57.99111791992188,-0.0122528076171875,-0.017791748046875,-1.0031585693359375
2026-09-17T07:32:09.559078,1789630329559078100,58.001078125,-0.0124664306640625,-0.0176239013671875,-1.0039520263671875
2026-09-17T07:32:09.569037,1789630329569037300,58.011037353515626,-0.01129150390625,-0.0157318115234375,-1.004241943359375
2026-09-17T07:32:09.578997,1789630329578997200,58.020997314453126,-0.01190185546875,-0.0157928466796875,-1.0038909912109375
2026-09-17T07:32:09.588957,1789630329588957200,58.03095727539063,-0.010986328125,-0.0167236328125,-1.0055389404296875
2026-09-17T07:32:09.598917,1789630329598917000,58.04091723632813,-0.00885009765625,-0.016998291015625,-1.0045928955078125
2026-09-17T07:32:09.608877,1789630329608877000,58.050876953125,-0.01080322265625,-0.016845703125,-1.0033111572265625
2026-09-17T07:32:09.618836,1789630329618836200,58.060836181640624,-0.01129150390625,-0.0155029296875,-1.0037689208984375
2026-09-17T07:32:09.628796,1789630329628796200,58.070796142578125,-0.0105133056640625,-0.01531982421875,-1.0058135986328125
2026-09-17T07:32:09.638756,1789630329638756000,58.080756103515625,-0.0085601806640625,-0.0163421630859375,-1.004974365234375
2026-09-17T07:32:09.648716,1789630329648716300,58.09071630859375,-0.0087890625,-0.0155792236328125,-1.0039520263671875
2026-09-17T07:32:09.658676,1789630329658676200,58.10067626953125,-0.008544921875,-0.01470947265625,-1.0037384033203125
2026-09-17T07:32:09.668636,1789630329668636200,58.11063623046875,-0.0104522705078125,-0.0137786865234375,-1.0046844482421875
2026-09-17T07:32:09.678595,1789630329678595000,58.12059497070312,-0.01165771484375,-0.015777587890625,-1.005462646484375
2026-09-17T07:32:09.688555,1789630329688555300,58.13055517578125,-0.009979248046875,-0.014923095703125,-1.00439453125
2026-09-17T07:32:09.698515,1789630329698515200,58.14051513671875,-0.0101165771484375,-0.01458740234375,-1.0041351318359375
2026-09-17T07:32:09.708475,1789630329708475100,58.15047509765625,-0.0106353759765625,-0.0163726806640625,-1.0031280517578125
2026-09-17T07:32:09.718435,1789630329718435000,58.16043505859375,-0.0107421875,-0.016510009765625,-1.003936767578125
2026-09-17T07:32:09.728395,1789630329728395300,58.17039526367188,-0.0103607177734375,-0.0173492431640625,-1.0044403076171875
2026-09-17T07:32:09.738354,1789630329738354200,58.180354248046875,-0.0110321044921875,-0.0184783935546875,-1.0039215087890625
2026-09-17T07:32:09.748314,1789630329748314000,58.190314208984375,-0.011077880859375,-0.0179595947265625,-1.00494384765625
2026-09-17T07:32:09.758274,1789630329758274000,58.20027416992187,-0.0102691650390625,-0.0179901123046875,-1.0054168701171875
2026-09-17T07:32:09.768234,1789630329768234200,58.21023413085938,-0.0111083984375,-0.0180206298828125,-1.004119873046875
2026-09-17T07:32:09.778194,1789630329778194200,58.22019409179688,-0.0097503662109375,-0.017913818359375,-1.004425048828125
2026-09-17T07:32:09.788154,1789630329788154000,58.23015405273438,-0.0101318359375,-0.0163726806640625,-1.0037841796875
2026-09-17T07:32:09.798113,1789630329798113000,58.240113037109374,-0.0098114013671875,-0.01654052734375,-1.0048065185546875
2026-09-17T07:32:09.808073,1789630329808073000,58.250072998046875,-0.0107879638671875,-0.015899658203125,-1.004150390625
2026-09-17T07:32:09.818033,1789630329818033200,58.260033203125,-0.01019287109375,-0.016693115234375,-1.004302978515625
2026-09-17T07:32:09.827993,1789630329827993000,58.2699931640625,-0.0099334716796875,-0.0166168212890625,-1.004486083984375
2026-09-17T07:32:09.837953,1789630329837953000,58.279953125,-0.0083465576171875,-0.016326904296875,-1.0045623779296875
2026-09-17T07:32:09.847913,1789630329847913200,58.28991333007812,-0.009796142578125,-0.0153350830078125,-1.0046539306640625
2026-09-17T07:32:09.857872,1789630329857872100,58.2998720703125,-0.008941650390625,-0.01470947265625,-1.0033721923828125
2026-09-17T07:32:09.867832,1789630329867832000,58.30983203125,-0.009246826171875,-0.0131378173828125,-1.0053558349609375
2026-09-17T07:32:09.877792,1789630329877792000,58.3197919921875,-0.0092315673828125,-0.013153076171875,-1.00433349609375
2026-09-17T07:32:09.887752,1789630329887752000,58.329751953125,-0.0101165771484375,-0.0145721435546875,-1.0028228759765625
2026-09-17T07:32:09.897712,1789630329897712000,58.33971215820313,-0.010162353515625,-0.0145111083984375,-1.003662109375
2026-09-17T07:32:09.907672,1789630329907672000,58.34967211914063,-0.0098419189453125,-0.0156097412109375,-1.00421142578125
2026-09-17T07:32:09.917631,1789630329917631200,58.35963134765625,-0.0109710693359375,-0.015411376953125,-1.00506591796875
2026-09-17T07:32:09.927591,1789630329927591200,58.369591064453125,-0.0105743408203125,-0.013580322265625,-1.0049896240234375
2026-09-17T07:32:09.937551,1789630329937551400,58.37955126953125,-0.0100860595703125,-0.013275146484375,-1.0030059814453125
2026-09-17T07:32:09.947511,1789630329947511300,58.38951123046875,-0.0109710693359375,-0.0135650634765625,-1.0042877197265625
2026-09-17T07:32:09.957470,1789630329957470500,58.399470458984375,-0.011627197265625,-0.0147857666015625,-1.005706787109375
2026-09-17T07:32:09.967430,1789630329967430700,58.4094306640625,-0.0107421875,-0.01531982421875,-1.0051422119140625
2026-09-17T07:32:09.977389,1789630329977389600,58.4193896484375,-0.011627197265625,-0.0161895751953125,-1.0027923583984375
2026-09-17T07:32:09.987349,1789630329987349500,58.429349609375,-0.01129150390625,-0.017852783203125,-1.003326416015625
2026-09-17T07:32:09.997309,1789630329997309400,58.43930932617187,-0.0123443603515625,-0.017242431640625,-1.0064849853515625
2026-09-17T07:32:10.007269,1789630330007269400,58.449269287109374,-0.0092010498046875,-0.0166473388671875,-1.0048370361328125
2026-09-17T07:32:10.017229,1789630330017229600,58.4592294921875,-0.0080413818359375,-0.01678466796875,-1.00360107421875
2026-09-17T07:32:10.027188,1789630330027188500,58.4691884765625,-0.0102081298828125,-0.0180511474609375,-1.00439453125
2026-09-17T07:32:10.037148,1789630330037148400,58.4791484375,-0.010162353515625,-0.0187225341796875,-1.0042572021484375
2026-09-17T07:32:10.047108,1789630330047108400,58.4891083984375,-0.0087432861328125,-0.0179901123046875,-1.0043487548828125
2026-09-17T07:32:10.057068,1789630330057068500,58.499068603515624,-0.007659912109375,-0.017547607421875,-1.0030670166015625
2026-09-17T07:32:10.067028,1789630330067028500,58.509028564453125,-0.006500244140625,-0.017913818359375,-1.0045623779296875
2026-09-17T07:32:10.076988,1789630330076988400,58.518988525390625,-0.00933837890625,-0.0175018310546875,-1.004547119140625
2026-09-17T07:32:10.086947,1789630330086947300,58.528947265625,-0.0091400146484375,-0.01812744140625,-1.0035552978515625
2026-09-17T07:32:10.096907,1789630330096907300,58.5389072265625,-0.009033203125,-0.0210113525390625,-1.0050048828125
2026-09-17T07:32:10.106867,1789630330106867500,58.54886743164062,-0.0091094970703125,-0.02105712890625,-1.0047454833984375
2026-09-17T07:32:10.116827,1789630330116827400,58.55882739257813,-0.0109405517578125,-0.0187530517578125,-1.002685546875
2026-09-17T07:32:10.126787,1789630330126787300,58.568787353515624,-0.0117645263671875,-0.0193939208984375,-1.00360107421875
2026-09-17T07:32:10.136747,1789630330136747500,58.57874755859375,-0.013153076171875,-0.0183258056640625,-1.0054168701171875
2026-09-17T07:32:10.146706,1789630330146706700,58.58870678710937,-0.0116729736328125,-0.01580810546875,-1.00604248046875
2026-09-17T07:32:10.156666,1789630330156666600,58.59866650390625,-0.0108642578125,-0.016326904296875,-1.00311279296875
2026-09-17T07:32:10.166626,1789630330166626600,58.60862646484375,-0.0113983154296875,-0.0157623291015625,-1.003936767578125
2026-09-17T07:32:10.176586,1789630330176586500,58.61858642578125,-0.0096588134765625,-0.0169219970703125,-1.006195068359375
2026-09-17T07:32:10.186546,1789630330186546700,58.628546630859375,-0.00860595703125,-0.01751708984375,-1.0047607421875
2026-09-17T07:32:10.196506,1789630330196506600,58.63850659179688,-0.007476806640625,-0.01654052734375,-1.0025482177734375
2026-09-17T07:32:10.206465,1789630330206465500,58.64846557617187,-0.007415771484375,-0.016998291015625,-1.0018768310546875
2026-09-17T07:32:10.216425,1789630330216425500,58.65842553710937,-0.005584716796875,-0.0173187255859375,-1.005615234375
2026-09-17T07:32:10.226385,1789630330226385700,58.6683857421875,-0.0049896240234375,-0.012420654296875,-1.0052490234375
2026-09-17T07:32:10.236345,1789630330236345600,58.678345703125,-0.0069732666015625,-0.0116424560546875,-1.00335693359375
2026-09-17T07:32:10.246305,1789630330246305500,58.688305419921875,-0.0053253173828125,-0.0137939453125,-1.0040435791015625
2026-09-17T07:32:10.256264,1789630330256264400,58.69826440429687,-0.0014190673828125,-0.012451171875,-1.0050506591796875
2026-09-17T07:32:10.266224,1789630330266224400,58.70822436523437,-0.00079345703125,-0.014190673828125,-1.0055389404296875
2026-09-17T07:32:10.276184,1789630330276184600,58.7181845703125,-0.003387451171875,-0.013763427734375,-1.0030059814453125
2026-09-17T07:32:10.286144,1789630330286144500,58.72814453125,-0.005401611328125,-0.0137176513671875,-1.004669189453125
2026-09-17T07:32:10.296104,1789630330296104400,58.7381044921875,-0.0039215087890625,-0.016021728515625,-1.0053558349609375
2026-09-17T07:32:10.306064,1789630330306064600,58.748064697265626,-0.0019989013671875,-0.016845703125,-1.0045318603515625
2026-09-17T07:32:10.316023,1789630330316023600,58.7580234375,0.001739501953125,-0.01861572265625,-1.003814697265625
2026-09-17T07:32:10.325983,1789630330325983500,58.7679833984375,0.0022735595703125,-0.0186920166015625,-1.0003204345703125
2026-09-17T07:32:10.335943,1789630330335943400,58.777943359375,9.1552734375e-05,-0.0200958251953125,-1.00494384765625
2026-09-17T07:32:10.345903,1789630330345903400,58.7879033203125,0.0009765625,-0.019134521484375,-1.0069580078125
2026-09-17T07:32:10.355863,1789630330355863600,58.797863525390625,0.003173828125,-0.0165557861328125,-1.0052947998046875
2026-09-17T07:32:10.365823,1789630330365823500,58.807823486328125,0.006317138671875,-0.0135650634765625,-1.003753662109375
2026-09-17T07:32:10.375782,1789630330375782400,58.81778247070312,0.007568359375,-0.00970458984375,-1.0026092529296875
2026-09-17T07:32:10.385742,1789630330385742300,58.82774243164062,0.005767822265625,-0.005859375,-1.00439453125
2026-09-17T07:32:10.395702,1789630330395702500,58.83770263671875,0.0047760009765625,-0.003936767578125,-1.0037689208984375
2026-09-17T07:32:10.405662,1789630330405662500,58.847662353515624,0.0037841796875,-0.00250244140625,-1.0062713623046875
2026-09-17T07:32:10.415622,1789630330415622400,58.85762231445312,0.0035400390625,-0.0049591064453125,-1.0047607421875
2026-09-17T07:32:10.425581,1789630330425581600,58.86758154296875,0.0056304931640625,-0.0082855224609375,-1.003204345703125
2026-09-17T07:32:10.435541,1789630330435541500,58.87754150390625,0.00360107421875,-0.00872802734375,-1.0044708251953125
2026-09-17T07:32:10.445501,1789630330445501400,58.88750146484375,0.00091552734375,-0.0103302001953125,-1.0047454833984375
2026-09-17T07:32:10.455461,1789630330455461400,58.89746142578125,-0.0010223388671875,-0.012969970703125,-1.003936767578125
2026-09-17T07:32:10.465421,1789630330465421300,58.90742138671875,-0.0010833740234375,-0.01190185546875,-1.0041351318359375
2026-09-17T07:32:10.475381,1789630330475381200,58.91738134765625,-0.0021514892578125,-0.0106201171875,-1.001739501953125
2026-09-17T07:32:10.485341,1789630330485341400,58.927341552734376,-0.004425048828125,-0.009735107421875,-1.001708984375
2026-09-17T07:32:10.495300,1789630330495300600,58.93730053710937,-0.0049591064453125,-0.0097198486328125,-1.008544921875
2026-09-17T07:32:10.505260,1789630330505260500,58.94726049804687,-0.0020294189453125,-0.011505126953125,-1.0056915283203125
2026-09-17T07:32:10.515220,1789630330515220500,58.957220458984374,-0.00018310546875,-0.0130615234375,-1.000518798828125
2026-09-17T07:32:10.525180,1789630330525180700,58.9671806640625,0.0003509521484375,-0.0186309814453125,-1.002593994140625
2026-09-17T07:32:10.535140,1789630330535140600,58.977140625,-0.0028228759765625,-0.0210113525390625,-1.0103912353515625
2026-09-17T07:32:10.545099,1789630330545099500,58.987099609375,-0.003509521484375,-0.0247802734375,-1.0053558349609375
2026-09-17T07:32:10.555059,1789630330555059500,58.9970595703125,-0.004547119140625,-0.0263519287109375,-0.9978790283203124
2026-09-17T07:32:10.565019,1789630330565019600,59.00701953125,-0.0063323974609375,-0.031585693359375,-1.0013275146484375
2026-09-17T07:32:10.574979,1789630330574979600,59.0169794921875,-0.009979248046875,-0.03753662109375,-1.0124053955078125
2026-09-17T07:32:10.584939,1789630330584939500,59.026939453125,-0.0076141357421875,-0.038848876953125,-1.005950927734375
2026-09-17T07:32:10.594899,1789630330594899500,59.0368994140625,-0.0016632080078125,-0.036712646484375,-0.9997100830078124
2026-09-17T07:32:10.604858,1789630330604858400,59.0468583984375,0.006988525390625,-0.0343170166015625,-1.0035247802734375
2026-09-17T07:32:10.614818,1789630330614818600,59.05681860351562,0.005767822265625,-0.0328521728515625,-1.00836181640625
2026-09-17T07:32:10.624778,1789630330624778500,59.06677856445312,-0.0023040771484375,-0.037872314453125,-1.0101470947265625
2026-09-17T07:32:10.634738,1789630330634738400,59.076738525390624,-0.0086517333984375,-0.044189453125,-1.0047607421875
2026-09-17T07:32:10.644698,1789630330644698400,59.086698486328125,-0.012481689453125,-0.0528411865234375,-0.9971466064453124
2026-09-17T07:32:10.654658,1789630330654658600,59.096658447265625,-0.0132293701171875,-0.05975341796875,-1.0132598876953125
2026-09-17T07:32:10.664617,1789630330664617500,59.10661743164062,-0.0151214599609375,-0.0592041015625,-0.99456787109375
2026-09-17T07:32:10.674577,1789630330674577400,59.11657739257812,-0.0169525146484375,-0.0609130859375,-0.9954833984375
2026-09-17T07:32:10.684537,1789630330684537300,59.12653735351562,-0.0133056640625,-0.0617218017578125,-1.017974853515625
2026-09-17T07:32:10.694497,1789630330694497500,59.13649755859375,-0.005828857421875,-0.0549163818359375,-1.0151824951171875
2026-09-17T07:32:10.704457,1789630330704457500,59.14645751953125,-0.01055908203125,-0.0526275634765625,-0.9951019287109376
2026-09-17T07:32:10.714417,1789630330714417400,59.15641748046875,-0.0167694091796875,-0.0483551025390625,-0.984222412109375
2026-09-17T07:32:10.724376,1789630330724376300,59.16637622070313,-0.02105712890625,-0.0532073974609375,-1.012725830078125
2026-09-17T07:32:10.734336,1789630330734336300,59.17633618164062,-0.0260467529296875,-0.0509796142578125,-1.0211181640625
2026-09-17T07:32:10.744296,1789630330744296400,59.18629638671875,-0.0221099853515625,-0.0490875244140625,-0.9969329833984376
2026-09-17T07:32:10.754256,1789630330754256400,59.19625634765625,-0.0112457275390625,-0.049285888671875,-0.984893798828125
2026-09-17T07:32:10.764216,1789630330764216300,59.20621630859375,-0.014190673828125,-0.0507965087890625,-0.988555908203125
2026-09-17T07:32:10.774176,1789630330774176500,59.21617651367187,-0.0170135498046875,-0.0506591796875,-1.0447998046875
2026-09-17T07:32:10.784135,1789630330784135700,59.2261357421875,-0.006622314453125,-0.050048828125,-1.016845703125
2026-09-17T07:32:10.794095,1789630330794095600,59.236095703125,-0.0057373046875,-0.043212890625,-0.971923828125
2026-09-17T07:32:10.804055,1789630330804055600,59.2460556640625,-0.0072479248046875,-0.0361328125,-0.99102783203125
2026-09-17T07:32:10.814015,1789630330814015500,59.256015380859374,-0.0315399169921875,-0.0371856689453125,-1.0235748291015625
2026-09-17T07:32:10.823975,1789630330823975700,59.2659755859375,-0.042938232421875,-0.0404205322265625,-0.980316162109375
2026-09-17T07:32:10.833934,1789630330833934600,59.2759345703125,-0.013031005859375,-0.0440216064453125,-1.026092529296875
2026-09-17T07:32:10.843894,1789630330843894500,59.28589453125,0.034881591796875,-0.0265655517578125,-1.0539703369140625
2026-09-17T07:32:10.853854,1789630330853854500,59.2958544921875,0.0190277099609375,-0.0081024169921875,-0.91326904296875
2026-09-17T07:32:10.863814,1789630330863814700,59.305814697265625,-0.0282440185546875,-0.0265655517578125,-0.97198486328125
2026-09-17T07:32:10.873774,1789630330873774600,59.315774658203125,-0.02099609375,-0.0287628173828125,-1.1398468017578125
2026-09-17T07:32:10.883734,1789630330883734500,59.325734619140626,0.0073699951171875,-0.0013275146484375,-0.9915618896484376
2026-09-17T07:32:10.893693,1789630330893693400,59.335693359375,0.0084075927734375,-0.01055908203125,-0.8818359375
2026-09-17T07:32:10.903653,1789630330903653400,59.3456533203125,-0.00128173828125,-0.033111572265625,-1.0467681884765625
2026-09-17T07:32:10.913613,1789630330913613600,59.35561352539062,-0.0158538818359375,-0.031097412109375,-1.0759735107421875
2026-09-17T07:32:10.923573,1789630330923573500,59.36557348632813,-0.0220184326171875,-0.029449462890625,-0.9513397216796876
2026-09-17T07:32:10.933533,1789630330933533400,59.375533447265624,0.00048828125,-0.0366973876953125,-0.9925384521484376
2026-09-17T07:32:10.943492,1789630330943492400,59.38549243164063,0.016326904296875,-0.0409088134765625,-1.025299072265625
2026-09-17T07:32:10.953452,1789630330953452500,59.39545263671875,0.01373291015625,-0.025726318359375,-0.98046875
2026-09-17T07:32:10.963412,1789630330963412500,59.40541259765625,-0.0095062255859375,-0.0299072265625,-1.0214996337890625
2026-09-17T07:32:10.973372,1789630330973372400,59.41537231445312,-0.0230255126953125,-0.0332183837890625,-1.033660888671875
2026-09-17T07:32:10.983332,1789630330983332400,59.42533227539062,-0.0164642333984375,-0.0265655517578125,-0.970245361328125
2026-09-17T07:32:10.993292,1789630330993292500,59.43529248046875,-0.00750732421875,-0.01763916015625,-0.927764892578125
2026-09-17T07:32:11.003251,1789630331003251500,59.44525146484375,-0.00714111328125,-0.03851318359375,-1.109588623046875
2026-09-17T07:32:11.013211,1789630331013211400,59.45521142578125,-0.008270263671875,-0.0333404541015625,-1.0348663330078125
2026-09-17T07:32:11.023171,1789630331023171300,59.46517138671875,-0.007354736328125,-0.0339813232421875,-0.904632568359375
2026-09-17T07:32:11.033131,1789630331033131500,59.475131591796874,0.0176849365234375,-0.039093017578125,-1.0147857666015625
2026-09-17T07:32:11.043091,1789630331043091500,59.485091552734374,0.013092041015625,-0.0262451171875,-1.0478973388671875
2026-09-17T07:32:11.053051,1789630331053051400,59.495051513671875,-0.02313232421875,-0.0167083740234375,-0.970184326171875
2026-09-17T07:32:11.063010,1789630331063010600,59.50501049804687,-0.0443115234375,-0.032684326171875,-1.027313232421875
2026-09-17T07:32:11.072970,1789630331072970500,59.51497045898437,-0.0260467529296875,-0.026824951171875,-1.0132293701171875
2026-09-17T07:32:11.082930,1789630331082930700,59.5249306640625,0.0109100341796875,-0.0172882080078125,-0.966278076171875
2026-09-17T07:32:11.092890,1789630331092890600,59.534890625,0.0205078125,-0.026458740234375,-1.0289764404296875
2026-09-17T07:32:11.102850,1789630331102850600,59.5448505859375,0.0307464599609375,-0.0361175537109375,-1.0111083984375
2026-09-17T07:32:11.112810,1789630331112810500,59.554810546875,0.015869140625,-0.00775146484375,-0.99261474609375
2026-09-17T07:32:11.122769,1789630331122769700,59.56476977539062,-0.0557708740234375,-0.0071563720703125,-0.94024658203125
2026-09-17T07:32:11.132729,1789630331132729600,59.5747294921875,-0.072235107421875,-0.045196533203125,-1.0411224365234375
2026-09-17T07:32:11.142689,1789630331142689500,59.584689453125,0.0219879150390625,-0.0333404541015625,-1.1323699951171875
2026-09-17T07:32:11.152649,1789630331152649500,59.5946494140625,0.051513671875,0.008575439453125,-0.888275146484375
2026-09-17T07:32:11.162609,1789630331162609700,59.604609619140625,0.028564453125,-0.0118408203125,-0.9192352294921876
2026-09-17T07:32:11.172568,1789630331172568600,59.61456860351562,0.0019378662109375,-0.02728271484375,-1.1007843017578125
2026-09-17T07:32:11.182528,1789630331182528500,59.62452856445312,0.0135650634765625,-0.01470947265625,-1.0178680419921875
2026-09-17T07:32:11.192488,1789630331192488400,59.63448852539062,-0.0064697265625,-0.0139312744140625,-0.99090576171875
2026-09-17T07:32:11.202448,1789630331202448600,59.64444873046875,-0.021942138671875,-0.0202484130859375,-0.9868316650390624
2026-09-17T07:32:11.212408,1789630331212408600,59.65440869140625,-0.059173583984375,-0.0341033935546875,-0.9868621826171876
2026-09-17T07:32:11.222368,1789630331222368500,59.66436840820312,-0.041534423828125,-0.0289154052734375,-1.052947998046875
2026-09-17T07:32:11.232327,1789630331232327400,59.67432739257813,0.0030670166015625,-0.0145111083984375,-1.042449951171875
2026-09-17T07:32:11.242287,1789630331242287400,59.68428735351562,-0.0028228759765625,-0.014373779296875,-0.9277801513671876
2026-09-17T07:32:11.252247,1789630331252247600,59.69424755859375,0.0059967041015625,-0.0230865478515625,-0.99578857421875
2026-09-17T07:32:11.262207,1789630331262207500,59.70420751953125,0.03338623046875,-0.008453369140625,-1.0798492431640625
2026-09-17T07:32:11.272167,1789630331272167400,59.71416748046875,0.0252685546875,-0.00469970703125,-0.9601898193359376
2026-09-17T07:32:11.282127,1789630331282127400,59.72412744140625,-0.032989501953125,-0.02020263671875,-0.94573974609375
2026-09-17T07:32:11.292086,1789630331292086500,59.73408642578125,-0.026336669921875,-0.0321807861328125,-1.0624847412109375
2026-09-17T07:32:11.302046,1789630331302046500,59.74404638671875,-0.024627685546875,-0.0223388671875,-1.003509521484375
2026-09-17T07:32:11.312006,1789630331312006400,59.75400634765625,-0.019287109375,-0.0214996337890625,-0.9501800537109376
2026-09-17T07:32:11.321966,1789630331321966300,59.76396630859375,-0.010528564453125,-0.02813720703125,-1.0847320556640625
2026-09-17T07:32:11.331926,1789630331331926500,59.773926513671874,0.0103302001953125,-0.0199127197265625,-1.0068206787109375
2026-09-17T07:32:11.341885,1789630331341885400,59.78388549804688,0.00262451171875,-0.01373291015625,-0.8879852294921875
2026-09-17T07:32:11.351845,1789630331351845400,59.79384545898437,0.0054779052734375,-0.027557373046875,-1.069244384765625
2026-09-17T07:32:11.361805,1789630331361805300,59.80380541992187,-0.0081024169921875,-0.02752685546875,-1.0999298095703125
2026-09-17T07:32:11.371765,1789630331371765200,59.81376513671875,-0.0309906005859375,-0.0196380615234375,-0.9471588134765624
2026-09-17T07:32:11.381725,1789630331381725400,59.82372534179687,-0.03057861328125,-0.017120361328125,-0.9533233642578124
2026-09-17T07:32:11.391685,1789630331391685400,59.833685302734374,-0.0424346923828125,-0.0276947021484375,-0.9879608154296876
2026-09-17T07:32:11.401644,1789630331401644500,59.84364453125,-0.02587890625,-0.0261688232421875,-1.0361175537109375
2026-09-17T07:32:11.411604,1789630331411604500,59.8536044921875,0.0160675048828125,-0.0154266357421875,-1.0938720703125
2026-09-17T07:32:11.421564,1789630331421564700,59.86356469726562,0.0245819091796875,-0.0172271728515625,-0.9587249755859376
2026-09-17T07:32:11.431524,1789630331431524600,59.87352465820312,-0.027557373046875,-0.0347747802734375,-0.8897552490234375
2026-09-17T07:32:11.441484,1789630331441484500,59.883484619140624,-0.0353240966796875,-0.045501708984375,-1.0729522705078125
2026-09-17T07:32:11.451444,1789630331451444500,59.893444580078125,-0.014739990234375,-0.0276947021484375,-1.0930328369140625
2026-09-17T07:32:11.461403,1789630331461403400,59.9034033203125,-0.0330047607421875,-0.019073486328125,-0.91259765625
2026-09-17T07:32:11.471363,1789630331471363600,59.91336352539062,-0.034637451171875,-0.032623291015625,-0.989227294921875
2026-09-17T07:32:11.481323,1789630331481323500,59.92332348632812,-0.0466461181640625,-0.0395050048828125,-1.0475921630859375
2026-09-17T07:32:11.491283,1789630331491283500,59.93328344726562,-0.0161590576171875,-0.0184478759765625,-0.983551025390625
2026-09-17T07:32:11.501243,1789630331501243600,59.94324365234375,0.029754638671875,-0.009521484375,-1.03533935546875
2026-09-17T07:32:11.511202,1789630331511202600,59.95320263671875,0.0330352783203125,-0.02166748046875,-1.02313232421875
2026-09-17T07:32:11.521162,1789630331521162500,59.96316259765625,-0.072479248046875,-0.012969970703125,-0.9068450927734376
2026-09-17T07:32:11.531122,1789630331531122400,59.97312231445313,-0.1097869873046875,-0.038848876953125,-1.0110321044921875
2026-09-17T07:32:11.541082,1789630331541082400,59.98308227539062,-0.07550048828125,-0.0353240966796875,-1.1534576416015625
2026-09-17T07:32:11.551042,1789630331551042600,59.99304248046875,0.020751953125,0.0045013427734375,-0.9470672607421876
2026-09-17T07:32:11.561002,1789630331561002500,60.00300244140625,0.0604400634765625,-0.0006866455078125,-0.8840179443359375
2026-09-17T07:32:11.570961,1789630331570961400,60.01296142578125,0.006195068359375,-0.041351318359375,-1.0378875732421875
2026-09-17T07:32:11.580921,1789630331580921300,60.02292138671875,-0.02508544921875,-0.0435333251953125,-1.0926361083984375
2026-09-17T07:32:11.590881,1789630331590881500,60.03288159179687,-0.0252838134765625,-0.01824951171875,-0.9889678955078124
2026-09-17T07:32:11.600841,1789630331600841500,60.04284155273437,-0.03466796875,-0.014984130859375,-0.938720703125
2026-09-17T07:32:11.610801,1789630331610801400,60.052801513671874,-0.075439453125,-0.0276641845703125,-0.9971771240234376
2026-09-17T07:32:11.620761,1789630331620761300,60.06276123046875,-0.0458221435546875,-0.02850341796875,-1.0680389404296875
2026-09-17T07:32:11.630720,1789630331630720300,60.07272021484375,0.00689697265625,-0.0020294189453125,-1.0254058837890625
2026-09-17T07:32:11.640680,1789630331640680400,60.08268041992188,0.0328826904296875,0.0095367431640625,-0.9108123779296876
2026-09-17T07:32:11.650640,1789630331650640400,60.09264038085937,0.0044097900390625,0.0024566650390625,-1.057830810546875
2026-09-17T07:32:11.660600,1789630331660600300,60.10260034179687,-0.0152740478515625,0.0080108642578125,-1.0236968994140625
2026-09-17T07:32:11.670560,1789630331670560500,60.112560546875,-0.04400634765625,0.0111541748046875,-1.0000762939453125
2026-09-17T07:32:11.680519,1789630331680519700,60.12251977539062,-0.044586181640625,0.014251708984375,-0.9886322021484376
2026-09-17T07:32:11.690479,1789630331690479600,60.13247973632812,-0.0518035888671875,0.001617431640625,-0.9643707275390624
2026-09-17T07:32:11.700439,1789630331700439600,60.142439453125,0.001007080078125,-0.01019287109375,-1.024017333984375
2026-09-17T07:32:11.710399,1789630331710399500,60.1523994140625,0.0247650146484375,-0.009735107421875,-1.0198974609375
2026-09-17T07:32:11.720359,1789630331720359700,60.162359619140624,0.0208892822265625,-0.0130615234375,-1.0468902587890625
2026-09-17T07:32:11.730319,1789630331730319600,60.17231958007813,-0.0336456298828125,-0.0196990966796875,-0.9712677001953124
2026-09-17T07:32:11.740278,1789630331740278500,60.18227856445313,-0.05560302734375,-0.0207366943359375,-0.951080322265625
2026-09-17T07:32:11.750238,1789630331750238500,60.19223852539063,-0.04144287109375,-0.0172576904296875,-1.0741729736328125
2026-09-17T07:32:11.760198,1789630331760198700,60.20219873046875,-0.0081634521484375,0.0063934326171875,-1.02178955078125
2026-09-17T07:32:11.770158,1789630331770158600,60.21215869140625,0.0276336669921875,0.0062713623046875,-0.9587860107421876
2026-09-17T07:32:11.780118,1789630331780118500,60.22211840820312,0.01141357421875,-0.0012664794921875,-0.9904632568359376
2026-09-17T07:32:11.790077,1789630331790077400,60.23207739257813,-0.0020751953125,-0.000579833984375,-1.00726318359375
2026-09-17T07:32:11.800037,1789630331800037400,60.24203735351563,-0.0129852294921875,-0.0048980712890625,-1.0509033203125
2026-09-17T07:32:11.809997,1789630331809997600,60.25199755859375,0.005462646484375,-0.0079345703125,-0.993072509765625
2026-09-17T07:32:11.819957,1789630331819957500,60.26195751953125,-0.0175933837890625,-0.0181121826171875,-0.96051025390625
2026-09-17T07:32:11.829917,1789630331829917400,60.27191748046875,-0.0205535888671875,-0.023895263671875,-1.0124359130859375
2026-09-17T07:32:11.839877,1789630331839877600,60.281877685546874,-0.012542724609375,-0.01812744140625,-1.0370941162109375
2026-09-17T07:32:11.849836,1789630331849836500,60.29183642578125,0.0022430419921875,-0.0085906982421875,-1.019683837890625
2026-09-17T07:32:11.859796,1789630331859796500,60.30179638671875,-0.0064849853515625,-0.002532958984375,-0.9620513916015624
2026-09-17T07:32:11.869756,1789630331869756400,60.31175634765625,-0.00933837890625,-0.005859375,-0.9905548095703124
2026-09-17T07:32:11.879716,1789630331879716400,60.32171630859375,-0.0186920166015625,-0.004913330078125,-1.0345458984375
2026-09-17T07:32:11.889676,1789630331889676500,60.33167651367187,-0.0108795166015625,0.0002899169921875,-1.020294189453125
2026-09-17T07:32:11.899635,1789630331899635500,60.34163549804688,-0.0076751708984375,-0.002105712890625,-0.9893798828125
2026-09-17T07:32:11.909595,1789630331909595400,60.35159545898438,-0.0185699462890625,-0.0080413818359375,-0.989105224609375
2026-09-17T07:32:11.919555,1789630331919555300,60.36155541992188,-0.014434814453125,-0.0079345703125,-1.01226806640625
2026-09-17T07:32:11.929515,1789630331929515500,60.371515625,-0.007843017578125,-0.0068817138671875,-1.01708984375
2026-09-17T07:32:11.939475,1789630331939475500,60.38147534179687,0.0097808837890625,-0.00732421875,-1.00421142578125
2026-09-17T07:32:11.949435,1789630331949435400,60.39143530273437,0.00079345703125,-0.012603759765625,-0.981475830078125
2026-09-17T07:32:11.959394,1789630331959394600,60.40139453125,-0.0169830322265625,-0.0154266357421875,-1.014739990234375
2026-09-17T07:32:11.969354,1789630331969354800,60.41135473632813,-0.0282745361328125,-0.0167083740234375,-1.0121612548828125
2026-09-17T07:32:11.979314,1789630331979314700,60.42131469726562,-0.0106201171875,-0.01422119140625,-1.006378173828125
2026-09-17T07:32:11.989274,1789630331989274600,60.43127465820312,-0.0021209716796875,-0.009857177734375,-0.9993743896484376
2026-09-17T07:32:11.999234,1789630331999234600,60.44123461914062,-0.005859375,-0.0093841552734375,-0.989471435546875
2026-09-17T07:32:12.009194,1789630332009194500,60.45119458007812,-0.0140533447265625,-0.0101776123046875,-1.034515380859375
2026-09-17T07:32:12.019153,1789630332019153700,60.46115356445313,-0.008453369140625,-0.000396728515625,-1.0029449462890625
2026-09-17T07:32:12.029113,1789630332029113600,60.47111352539063,-0.003204345703125,0.0039215087890625,-0.9891510009765624
2026-09-17T07:32:12.039073,1789630332039073500,60.48107348632813,-0.0249481201171875,-0.0044097900390625,-0.990936279296875
2026-09-17T07:32:12.049033,1789630332049033700,60.49103369140625,-0.018646240234375,-0.0107879638671875,-1.031463623046875
2026-09-17T07:32:12.058993,1789630332058993700,60.50099365234375,-0.011322021484375,-0.01068115234375,-1.010284423828125
2026-09-17T07:32:12.068953,1789630332068953600,60.51095361328125,-0.007965087890625,-0.01165771484375,-0.9719696044921876
2026-09-17T07:32:12.078912,1789630332078912500,60.52091259765625,-0.0065765380859375,-0.012451171875,-1.0037384033203125
2026-09-17T07:32:12.088872,1789630332088872400,60.53087255859375,-0.0100250244140625,-0.0097808837890625,-1.039337158203125
2026-09-17T07:32:12.098832,1789630332098832600,60.54083251953125,-0.013641357421875,-0.0046539306640625,-1.003692626953125
2026-09-17T07:32:12.108792,1789630332108792600,60.55079248046875,-0.0091705322265625,0.0047149658203125,-0.9694671630859376
2026-09-17T07:32:12.118752,1789630332118752500,60.56075244140625,-0.0067901611328125,0.007904052734375,-1.00665283203125
2026-09-17T07:32:12.128711,1789630332128711400,60.57071142578125,-0.0072784423828125,0.009918212890625,-1.024658203125
2026-09-17T07:32:12.138671,1789630332138671600,60.58067163085938,-0.005615234375,0.009429931640625,-1.0120391845703125
2026-09-17T07:32:12.148631,1789630332148631600,60.59063159179688,-0.0235748291015625,0.0050048828125,-0.9915008544921876
2026-09-17T07:32:12.158591,1789630332158591500,60.60059155273437,-0.0339202880859375,-0.010223388671875,-0.9947052001953124
2026-09-17T07:32:12.168551,1789630332168551400,60.61055151367187,-0.022918701171875,-0.0158233642578125,-1.025482177734375
2026-09-17T07:32:12.178510,1789630332178510300,60.62051025390625,-0.0074310302734375,-0.012298583984375,-1.0042572021484375
2026-09-17T07:32:12.188470,1789630332188470500,60.63047045898438,-0.0107421875,-0.011688232421875,-0.988128662109375
2026-09-17T07:32:12.198430,1789630332198430500,60.64043041992188,-0.0164031982421875,-0.005950927734375,-1.014373779296875
2026-09-17T07:32:12.208390,1789630332208390400,60.65039038085938,-0.01275634765625,0.0061798095703125,-1.016693115234375
2026-09-17T07:32:12.218350,1789630332218350600,60.6603505859375,-0.016937255859375,0.016998291015625,-0.9839019775390624
2026-09-17T07:32:12.228310,1789630332228310500,60.670310546875,-0.0076141357421875,0.017608642578125,-1.01141357421875
2026-09-17T07:32:12.238269,1789630332238269400,60.68026953125,-0.011322021484375,0.009033203125,-1.00927734375
2026-09-17T07:32:12.248229,1789630332248229400,60.6902294921875,-0.010772705078125,0.004058837890625,-1.0032196044921875
2026-09-17T07:32:12.258189,1789630332258189300,60.700189208984376,-0.010528564453125,-0.0049591064453125,-1.0048675537109375
2026-09-17T07:32:12.268149,1789630332268149500,60.7101494140625,-0.0113372802734375,-0.01531982421875,-0.995391845703125
2026-09-17T07:32:12.278109,1789630332278109400,60.720109375,-0.016204833984375,-0.0244903564453125,-1.0152435302734375
2026-09-17T07:32:12.288069,1789630332288069400,60.7300693359375,-0.012359619140625,-0.0214385986328125,-1.0084991455078125
2026-09-17T07:32:12.298028,1789630332298028500,60.74002856445313,-0.0176544189453125,-0.015960693359375,-0.987823486328125
2026-09-17T07:32:12.307988,1789630332307988700,60.74998876953125,-0.0329437255859375,-0.006744384765625,-1.00396728515625
2026-09-17T07:32:12.317948,1789630332317948700,60.75994873046875,-0.0197906494140625,-0.0023956298828125,-1.0150604248046875
2026-09-17T07:32:12.327908,1789630332327908600,60.76990869140625,0.0009765625,0.0003662109375,-1.006805419921875
2026-09-17T07:32:12.337868,1789630332337868500,60.77986865234375,0.022979736328125,-0.0006561279296875,-1.003326416015625
2026-09-17T07:32:12.347828,1789630332347828700,60.789828857421874,0.0050048828125,-0.0141754150390625,-1.0016021728515625
2026-09-17T07:32:12.357787,1789630332357787600,60.79978759765625,-0.038665771484375,-0.03173828125,-1.0051116943359375
2026-09-17T07:32:12.367747,1789630332367747600,60.80974755859375,-0.05023193359375,-0.0347900390625,-0.999267578125
2026-09-17T07:32:12.377707,1789630332377707500,60.81970751953125,-0.0233917236328125,-0.0269927978515625,-1.0103607177734375
2026-09-17T07:32:12.387667,1789630332387667500,60.82966748046875,-0.0085906982421875,-0.0208740234375,-1.0033111572265625
2026-09-17T07:32:12.397627,1789630332397627600,60.83962768554687,-0.0054168701171875,-0.017303466796875,-1.0100250244140625
2026-09-17T07:32:12.407587,1789630332407587600,60.84958764648437,-0.0132293701171875,-0.01385498046875,-1.005859375
2026-09-17T07:32:12.417546,1789630332417546500,60.85954638671875,-0.0231781005859375,-0.0067291259765625,-1.000396728515625
2026-09-17T07:32:12.427506,1789630332427506400,60.86950634765625,-0.0212249755859375,-0.004119873046875,-0.9940948486328124
2026-09-17T07:32:12.437466,1789630332437466600,60.87946655273438,-0.0299072265625,-0.015350341796875,-1.025238037109375
2026-09-17T07:32:12.447426,1789630332447426600,60.88942651367187,-0.024749755859375,-0.0188751220703125,-1.0003509521484375
2026-09-17T07:32:12.457386,1789630332457386500,60.89938647460937,-0.02203369140625,-0.0252532958984375,-1.002044677734375
2026-09-17T07:32:12.467346,1789630332467346400,60.90934643554687,-0.0145263671875,-0.0273284912109375,-0.9972991943359376
2026-09-17T07:32:12.477305,1789630332477305300,60.91930541992187,-0.015594482421875,-0.027252197265625,-1.0149383544921875
2026-09-17T07:32:12.487265,1789630332487265500,60.929265625,-0.014312744140625,-0.0192108154296875,-1.0097198486328125
2026-09-17T07:32:12.497225,1789630332497225500,60.9392255859375,-0.0180206298828125,-0.014068603515625,-0.9962921142578124
2026-09-17T07:32:12.507185,1789630332507185400,60.94918530273438,-0.03082275390625,-0.012481689453125,-0.998443603515625
2026-09-17T07:32:12.517145,1789630332517145600,60.9591455078125,-0.0323944091796875,-0.0149993896484375,-1.0073394775390625
2026-09-17T07:32:12.527105,1789630332527105500,60.96910546875,-0.0265350341796875,-0.01654052734375,-1.019744873046875
2026-09-17T07:32:12.537064,1789630332537064400,60.979064453125,-0.0135650634765625,-0.0156707763671875,-0.996002197265625
2026-09-17T07:32:12.547024,1789630332547024400,60.9890244140625,-0.01214599609375,-0.0200958251953125,-0.9952392578125
2026-09-17T07:32:12.556984,1789630332556984300,60.998984375,-0.0162200927734375,-0.0211029052734375,-1.0074615478515625
2026-09-17T07:32:12.566944,1789630332566944500,61.00894458007812,-0.01190185546875,-0.0199432373046875,-1.0093841552734375
2026-09-17T07:32:12.576904,1789630332576904400,61.01890454101562,-0.0145416259765625,-0.017303466796875,-1.0045166015625
2026-09-17T07:32:12.586864,1789630332586864400,61.02886450195312,-0.02288818359375,-0.0194244384765625,-1.004791259765625
2026-09-17T07:32:12.596823,1789630332596823600,61.03882348632813,-0.029937744140625,-0.02178955078125,-1.00421142578125
2026-09-17T07:32:12.606783,1789630332606783700,61.04878369140625,-0.0219268798828125,-0.019073486328125,-1.0006256103515625
2026-09-17T07:32:12.616743,1789630332616743700,61.05874365234375,-0.01123046875,-0.0142974853515625,-1.0006561279296875
2026-09-17T07:32:12.626703,1789630332626703600,61.06870361328125,-0.0088653564453125,-0.012115478515625,-1.01263427734375
2026-09-17T07:32:12.636663,1789630332636663600,61.07866357421875,-0.0119171142578125,-0.0143890380859375,-1.0039520263671875
2026-09-17T07:32:12.646623,1789630332646623500,61.08862353515625,-0.015777587890625,-0.0131378173828125,-0.9989776611328124
2026-09-17T07:32:12.656582,1789630332656582700,61.09858276367188,-0.017578125,-0.0135498046875,-1.0069732666015625
2026-09-17T07:32:12.666542,1789630332666542600,61.10854248046875,-0.0187225341796875,-0.0104522705078125,-1.005767822265625
2026-09-17T07:32:12.676502,1789630332676502500,61.11850244140625,-0.0177459716796875,-0.0110321044921875,-1.0090484619140625
2026-09-17T07:32:12.686462,1789630332686462700,61.12846264648437,-0.0163116455078125,-0.0130157470703125,-1.002197265625
2026-09-17T07:32:12.696422,1789630332696422700,61.13842260742187,-0.0149078369140625,-0.01324462890625,-1.001953125
2026-09-17T07:32:12.706382,1789630332706382600,61.148382568359374,-0.015716552734375,-0.015045166015625,-1.0017242431640625
2026-09-17T07:32:12.716342,1789630332716342500,61.158342529296874,-0.0186920166015625,-0.01263427734375,-1.0092620849609375
2026-09-17T07:32:12.726301,1789630332726301400,61.16830151367188,-0.0258941650390625,-0.013031005859375,-1.00579833984375
2026-09-17T07:32:12.736261,1789630332736261600,61.17826171875,-0.027374267578125,-0.013671875,-1.0018768310546875
2026-09-17T07:32:12.746221,1789630332746221600,61.1882216796875,-0.0247344970703125,-0.011962890625,-1.0027923583984375
2026-09-17T07:32:12.756181,1789630332756181500,61.19818139648437,-0.02215576171875,-0.0121307373046875,-1.0068206787109375
2026-09-17T07:32:12.766141,1789630332766141400,61.20814135742187,-0.0203857421875,-0.014251708984375,-1.00634765625
2026-09-17T07:32:12.776101,1789630332776101600,61.2181015625,-0.0174102783203125,-0.0103302001953125,-1.000274658203125
2026-09-17T07:32:12.786060,1789630332786060500,61.228060546875,-0.02215576171875,-0.005950927734375,-1.0027923583984375
2026-09-17T07:32:12.796020,1789630332796020500,61.2380205078125,-0.0268402099609375,-0.0045013427734375,-1.0102386474609375
2026-09-17T07:32:12.805980,1789630332805980400,61.24798046875,-0.0297088623046875,-0.0037078857421875,-1.0077972412109375
2026-09-17T07:32:12.815940,1789630332815940600,61.25794067382813,-0.027740478515625,-0.00323486328125,-1.000701904296875
2026-09-17T07:32:12.825900,1789630332825900500,61.267900634765624,-0.02545166015625,-0.004486083984375,-1.002166748046875
2026-09-17T07:32:12.835860,1789630332835860500,61.277860595703125,-0.0260009765625,-0.0043182373046875,-1.00775146484375
2026-09-17T07:32:12.845819,1789630332845819400,61.2878193359375,-0.0287017822265625,-0.00469970703125,-1.0048065185546875
2026-09-17T07:32:12.855779,1789630332855779600,61.29777954101562,-0.030792236328125,-0.0090789794921875,-1.0011444091796875
2026-09-17T07:32:12.865739,1789630332865739500,61.30773950195312,-0.030914306640625,-0.0131072998046875,-1.0037841796875
2026-09-17T07:32:12.875699,1789630332875699500,61.31769946289062,-0.0304107666015625,-0.018035888671875,-1.0092926025390625
2026-09-17T07:32:12.885659,1789630332885659400,61.32765942382812,-0.02630615234375,-0.021697998046875,-1.0017547607421875
2026-09-17T07:32:12.895619,1789630332895619600,61.33761962890625,-0.0189666748046875,-0.0245513916015625,-1.003326416015625
2026-09-17T07:32:12.905578,1789630332905578500,61.34757861328125,-0.015045166015625,-0.0257720947265625,-0.999481201171875
2026-09-17T07:32:12.915538,1789630332915538400,61.35753833007813,-0.0129241943359375,-0.0249176025390625,-1.0110931396484375
2026-09-17T07:32:12.925498,1789630332925498400,61.36749829101562,-0.0136871337890625,-0.0244903564453125,-1.0041656494140625
2026-09-17T07:32:12.935458,1789630332935458300,61.37745825195312,-0.0162506103515625,-0.0242767333984375,-1.001373291015625
2026-09-17T07:32:12.945418,1789630332945418500,61.38741845703125,-0.01385498046875,-0.025238037109375,-1.0024871826171875
2026-09-17T07:32:12.955379,1789630332955379200,61.39737915039063,-0.0071258544921875,-0.0233612060546875,-1.0069732666015625
2026-09-17T07:32:12.965339,1789630332965339400,61.40733935546875,-0.007049560546875,-0.020843505859375,-1.0067901611328125
2026-09-17T07:32:12.975298,1789630332975298300,61.41729833984375,-0.00518798828125,-0.02093505859375,-1.0012969970703125
2026-09-17T07:32:12.985258,1789630332985258200,61.42725830078125,-0.0036773681640625,-0.0194854736328125,-1.0026092529296875
2026-09-17T07:32:12.995218,1789630332995218200,61.43721826171875,-0.0035552978515625,-0.01739501953125,-1.004913330078125
2026-09-17T07:32:13.005178,1789630333005178400,61.44717846679688,-0.0038604736328125,-0.0186767578125,-1.0081787109375
2026-09-17T07:32:13.015138,1789630333015138300,61.45713818359375,-0.00494384765625,-0.019500732421875,-1.0027618408203125
2026-09-17T07:32:13.025098,1789630333025098200,61.46709814453125,-0.00341796875,-0.020111083984375,-1.00128173828125
2026-09-17T07:32:13.035057,1789630333035057400,61.477057373046875,-0.00152587890625,-0.01934814453125,-1.006561279296875
2026-09-17T07:32:13.045017,1789630333045017600,61.487017578125,-0.00030517578125,-0.0184783935546875,-1.0070037841796875
2026-09-17T07:32:13.054977,1789630333054977500,61.4969775390625,-0.0017852783203125,-0.018646240234375,-1.0008697509765625
2026-09-17T07:32:13.064937,1789630333064937500,61.5069375,-0.0014495849609375,-0.0170745849609375,-1.0036773681640625
2026-09-17T07:32:13.074897,1789630333074897400,61.5168974609375,-0.0039215087890625,-0.015625,-1.0072784423828125
2026-09-17T07:32:13.084857,1789630333084857300,61.526857421875,-0.006195068359375,-0.012939453125,-1.004730224609375
2026-09-17T07:32:13.094816,1789630333094816500,61.53681640625,-0.0065460205078125,-0.01263427734375,-1.0029754638671875
2026-09-17T07:32:13.104776,1789630333104776400,61.5467763671875,-0.0076141357421875,-0.0138702392578125,-1.00506591796875
2026-09-17T07:32:13.114736,1789630333114736400,61.556736328125,-0.007904052734375,-0.014678955078125,-1.00567626953125
2026-09-17T07:32:13.124696,1789630333124696300,61.5666962890625,-0.0078125,-0.0137939453125,-1.004669189453125
2026-09-17T07:32:13.134656,1789630333134656500,61.57665649414062,-0.009033203125,-0.012939453125,-1.002410888671875
2026-09-17T07:32:13.144616,1789630333144616400,61.58661645507812,-0.010772705078125,-0.014129638671875,-1.0031280517578125
2026-09-17T07:32:13.154575,1789630333154575400,61.596575439453126,-0.0118560791015625,-0.012542724609375,-1.0068206787109375
2026-09-17T07:32:13.164535,1789630333164535300,61.60653540039063,-0.010833740234375,-0.0118255615234375,-1.00408935546875
2026-09-17T07:32:13.174495,1789630333174495500,61.61649560546875,-0.0109405517578125,-0.014312744140625,-1.003509521484375
2026-09-17T07:32:13.184455,1789630333184455400,61.62645532226563,-0.01080322265625,-0.015594482421875,-1.005645751953125
2026-09-17T07:32:13.194415,1789630333194415400,61.63641528320313,-0.00799560546875,-0.0153656005859375,-1.0043182373046875
2026-09-17T07:32:13.204375,1789630333204375300,61.64637524414063,-0.005584716796875,-0.015350341796875,-1.0032806396484375
2026-09-17T07:32:13.214334,1789630333214334200,61.656334228515625,-0.0036773681640625,-0.0166015625,-1.0060882568359375
2026-09-17T07:32:13.224294,1789630333224294400,61.66629443359375,-0.0055389404296875,-0.01873779296875,-1.005401611328125
2026-09-17T07:32:13.234254,1789630333234254300,61.67625439453125,-0.0059661865234375,-0.019256591796875,-1.00445556640625
2026-09-17T07:32:13.244214,1789630333244214300,61.68621435546875,-0.008209228515625,-0.0214996337890625,-1.004791259765625
2026-09-17T07:32:13.254174,1789630333254174500,61.69617456054687,-0.00994873046875,-0.02044677734375,-1.0015716552734375
2026-09-17T07:32:13.264134,1789630333264134400,61.70613452148437,-0.0090484619140625,-0.02081298828125,-1.0055084228515625
2026-09-17T07:32:13.274094,1789630333274094300,61.71609423828125,-0.0120697021484375,-0.0219268798828125,-1.0051422119140625
2026-09-17T07:32:13.284053,1789630333284053200,61.72605322265625,-0.0169525146484375,-0.0221099853515625,-1.0034332275390625
2026-09-17T07:32:13.294013,1789630333294013200,61.73601318359375,-0.0160064697265625,-0.02117919921875,-1.0035552978515625
2026-09-17T07:32:13.303973,1789630333303973400,61.74597338867188,-0.0163421630859375,-0.0214385986328125,-1.0058441162109375
2026-09-17T07:32:13.313933,1789630333313933300,61.75593334960938,-0.0140838623046875,-0.0203094482421875,-1.0055084228515625
2026-09-17T07:32:13.323893,1789630333323893200,61.76589331054687,-0.0127105712890625,-0.017425537109375,-1.0042572021484375
2026-09-17T07:32:13.333853,1789630333333853400,61.775853515625,-0.0113067626953125,-0.01666259765625,-1.0040283203125
2026-09-17T07:32:13.343812,1789630333343812400,61.785812255859376,-0.0092620849609375,-0.016387939453125,-1.004913330078125
2026-09-17T07:32:13.353772,1789630333353772300,61.79577221679688,-0.0073699951171875,-0.014739990234375,-1.0042724609375
2026-09-17T07:32:13.363732,1789630333363732200,61.80573217773438,-0.0071258544921875,-0.0140228271484375,-1.0035858154296875
2026-09-17T07:32:13.373692,1789630333373692200,61.81569213867188,-0.0070037841796875,-0.01202392578125,-1.003875732421875
2026-09-17T07:32:13.383652,1789630333383652400,61.82565234375,-0.004791259765625,-0.0115814208984375,-1.005615234375
2026-09-17T07:32:13.393612,1789630333393612300,61.8356123046875,-0.0060272216796875,-0.0102386474609375,-1.0055084228515625
2026-09-17T07:32:13.403571,1789630333403571500,61.84557153320313,-0.007049560546875,-0.0106048583984375,-1.0039215087890625
2026-09-17T07:32:13.413531,1789630333413531400,61.85553149414063,-0.0092926025390625,-0.011138916015625,-1.0054168701171875
2026-09-17T07:32:13.423491,1789630333423491600,61.86549169921875,-0.0102996826171875,-0.0111541748046875,-1.005584716796875
2026-09-17T07:32:13.433451,1789630333433451500,61.87545141601562,-0.0117645263671875,-0.012664794921875,-1.0034332275390625
2026-09-17T07:32:13.443411,1789630333443411500,61.88541137695312,-0.01318359375,-0.0150909423828125,-1.00372314453125
2026-09-17T07:32:13.453371,1789630333453371400,61.89537133789062,-0.014434814453125,-0.0170135498046875,-1.0042266845703125
2026-09-17T07:32:13.463330,1789630333463330300,61.90533032226563,-0.01312255859375,-0.01983642578125,-1.0061187744140625
2026-09-17T07:32:13.473290,1789630333473290500,61.91529052734375,-0.0090789794921875,-0.0212249755859375,-1.00347900390625
2026-09-17T07:32:13.483250,1789630333483250400,61.92525048828125,-0.0087890625,-0.0214996337890625,-1.0024566650390625
2026-09-17T07:32:13.493210,1789630333493210400,61.93521044921875,-0.0086822509765625,-0.02093505859375,-1.0052032470703125
2026-09-17T07:32:13.503170,1789630333503170300,61.94517041015625,-0.00799560546875,-0.0206451416015625,-1.0044708251953125
2026-09-17T07:32:13.513130,1789630333513130500,61.955130615234374,-0.008453369140625,-0.01837158203125,-1.0016937255859375
2026-09-17T07:32:13.523090,1789630333523090400,61.96509033203125,-0.009185791015625,-0.020111083984375,-1.00518798828125
2026-09-17T07:32:13.533049,1789630333533049300,61.97504931640625,-0.0074920654296875,-0.02130126953125,-1.006072998046875
2026-09-17T07:32:13.543009,1789630333543009300,61.98500927734375,-0.0096282958984375,-0.0212249755859375,-1.0039520263671875
2026-09-17T07:32:13.552969,1789630333552969500,61.99496948242187,-0.007965087890625,-0.021759033203125,-1.00347900390625
2026-09-17T07:32:13.562929,1789630333562929400,62.00492944335937,-0.00823974609375,-0.020843505859375,-1.0036773681640625
2026-09-17T07:32:13.572889,1789630333572889300,62.01488940429687,-0.008056640625,-0.01861572265625,-1.0049591064453125
2026-09-17T07:32:13.582849,1789630333582849300,62.024849365234374,-0.0072021484375,-0.0160980224609375,-1.0043182373046875
2026-09-17T07:32:13.592808,1789630333592808200,62.03480810546875,-0.0084228515625,-0.0157623291015625,-1.003021240234375
2026-09-17T07:32:13.602768,1789630333602768400,62.04476831054688,-0.0112152099609375,-0.0145416259765625,-1.0043182373046875
2026-09-17T07:32:13.612728,1789630333612728300,62.05472827148437,-0.0120391845703125,-0.013946533203125,-1.006072998046875
2026-09-17T07:32:13.622688,1789630333622688300,62.06468823242187,-0.0120086669921875,-0.0124664306640625,-1.0045623779296875
2026-09-17T07:32:13.632648,1789630333632648400,62.0746484375,-0.0120391845703125,-0.0138702392578125,-1.0025787353515625
2026-09-17T07:32:13.642608,1789630333642608400,62.0846083984375,-0.012725830078125,-0.0139312744140625,-1.0044708251953125
2026-09-17T07:32:13.652567,1789630333652567300,62.0945673828125,-0.01141357421875,-0.0121917724609375,-1.005706787109375
2026-09-17T07:32:13.662527,1789630333662527200,62.10452734375,-0.011993408203125,-0.0137939453125,-1.004302978515625
2026-09-17T07:32:13.672487,1789630333672487200,62.11448706054688,-0.009918212890625,-0.01641845703125,-1.0058135986328125
2026-09-17T07:32:13.682447,1789630333682447400,62.124447265625,-0.0066375732421875,-0.0173797607421875,-1.0049896240234375
2026-09-17T07:32:13.692407,1789630333692407300,62.1344072265625,-0.0064544677734375,-0.01629638671875,-1.004119873046875
2026-09-17T07:32:13.702367,1789630333702367200,62.1443671875,-0.0064544677734375,-0.0175933837890625,-1.002655029296875
2026-09-17T07:32:13.712326,1789630333712326400,62.15432641601563,-0.005706787109375,-0.0189208984375,-1.0039215087890625
2026-09-17T07:32:13.722286,1789630333722286300,62.16428637695312,-0.0061492919921875,-0.0188446044921875,-1.0061187744140625
2026-09-17T07:32:13.732246,1789630333732246300,62.17424633789062,-0.0077667236328125,-0.0177154541015625,-1.0067138671875
2026-09-17T07:32:13.742206,1789630333742206200,62.18420629882812,-0.0097503662109375,-0.01751708984375,-1.0011749267578125
2026-09-17T07:32:13.752166,1789630333752166100,62.19416625976562,-0.010650634765625,-0.0183868408203125,-1.003387451171875
2026-09-17T07:32:13.762126,1789630333762126300,62.20412622070312,-0.012542724609375,-0.0177459716796875,-1.007537841796875
2026-09-17T07:32:13.772085,1789630333772085500,62.21408544921875,-0.0122833251953125,-0.02044677734375,-1.0052947998046875
2026-09-17T07:32:13.782045,1789630333782045400,62.22404541015625,-0.012451171875,-0.021636962890625,-1.0018310546875
2026-09-17T07:32:13.792005,1789630333792005400,62.23400537109375,-0.0117950439453125,-0.02008056640625,-1.0034332275390625
2026-09-17T07:32:13.801965,1789630333801965600,62.243965576171874,-0.012603759765625,-0.0171356201171875,-1.0070343017578125
2026-09-17T07:32:13.811925,1789630333811925500,62.253925537109374,-0.011962890625,-0.0157623291015625,-1.0060882568359375
2026-09-17T07:32:13.821885,1789630333821885400,62.263885498046875,-0.0090484619140625,-0.01605224609375,-1.0013885498046875
2026-09-17T07:32:13.831844,1789630333831844400,62.27384423828125,-0.01055908203125,-0.0160369873046875,-1.0042266845703125
2026-09-17T07:32:13.841804,1789630333841804300,62.28380419921875,-0.0102081298828125,-0.0161895751953125,-1.007171630859375
2026-09-17T07:32:13.851764,1789630333851764500,62.29376440429687,-0.008636474609375,-0.0147247314453125,-1.004364013671875
2026-09-17T07:32:13.861724,1789630333861724400,62.30372436523437,-0.008087158203125,-0.015594482421875,-1.0004425048828125
2026-09-17T07:32:13.871684,1789630333871684400,62.313684326171874,-0.0074462890625,-0.0150909423828125,-1.00299072265625
2026-09-17T07:32:13.881644,1789630333881644300,62.323644287109374,-0.00848388671875,-0.0153350830078125,-1.0058135986328125
2026-09-17T07:32:13.891603,1789630333891603500,62.333603515625,-0.00799560546875,-0.014190673828125,-1.0037841796875
2026-09-17T07:32:13.901563,1789630333901563400,62.3435634765625,-0.0077362060546875,-0.013458251953125,-1.003204345703125
2026-09-17T07:32:13.911523,1789630333911523300,62.3535234375,-0.0088348388671875,-0.01568603515625,-1.00634765625
2026-09-17T07:32:13.921483,1789630333921483300,62.36348315429687,-0.010528564453125,-0.01611328125,-1.0058135986328125
2026-09-17T07:32:13.931443,1789630333931443500,62.373443359375,-0.009796142578125,-0.015228271484375,-1.0038299560546875
2026-09-17T07:32:13.941403,1789630333941403400,62.3834033203125,-0.0105743408203125,-0.0157623291015625,-1.0027618408203125
2026-09-17T07:32:13.951361,1789630333951361500,62.393361572265626,-0.0110321044921875,-0.0171661376953125,-1.0068359375
2026-09-17T07:32:13.961321,1789630333961321700,62.40332177734375,-0.011505126953125,-0.019439697265625,-1.0059814453125
2026-09-17T07:32:13.971281,1789630333971281700,62.41328173828125,-0.0113677978515625,-0.0186309814453125,-1.0039215087890625
2026-09-17T07:32:13.981241,1789630333981241600,62.42324169921875,-0.00982666015625,-0.0178375244140625,-1.0035247802734375
2026-09-17T07:32:13.991201,1789630333991201500,62.43320141601563,-0.0105133056640625,-0.019195556640625,-1.0046844482421875
2026-09-17T07:32:14.001161,1789630334001161700,62.44316162109375,-0.011138916015625,-0.0203857421875,-1.0045166015625
2026-09-17T07:32:14.011121,1789630334011121000,62.45312084960938,-0.0101470947265625,-0.0194549560546875,-1.0033111572265625
2026-09-17T07:32:14.021080,1789630334021080800,62.46308081054688,-0.011199951171875,-0.0186614990234375,-1.0039520263671875
2026-09-17T07:32:14.031040,1789630334031040800,62.47304077148438,-0.011749267578125,-0.0186309814453125,-1.0032196044921875
2026-09-17T07:32:14.041001,1789630334041001000,62.4830009765625,-0.0093536376953125,-0.01849365234375,-1.004638671875
2026-09-17T07:32:14.050961,1789630334050961000,62.4929609375,-0.0087890625,-0.0192413330078125,-1.0032501220703125
2026-09-17T07:32:14.060920,1789630334060920800,62.5029208984375,-0.0094451904296875,-0.0186309814453125,-1.003875732421875
2026-09-17T07:32:14.070879,1789630334070879700,62.51287963867187,-0.0094757080078125,-0.0186309814453125,-1.0045166015625
2026-09-17T07:32:14.080839,1789630334080839700,62.52283959960938,-0.00994873046875,-0.0219879150390625,-1.005462646484375
2026-09-17T07:32:14.090799,1789630334090799900,62.5327998046875,-0.009124755859375,-0.0236053466796875,-1.00421142578125
2026-09-17T07:32:14.100759,1789630334100759800,62.542759765625,-0.00885009765625,-0.0253143310546875,-1.00482177734375
2026-09-17T07:32:14.110719,1789630334110719700,62.5527197265625,-0.008697509765625,-0.0262603759765625,-1.0050201416015625
2026-09-17T07:32:14.120680,1789630334120680000,62.56267993164062,-0.0073394775390625,-0.0254669189453125,-1.0035400390625
2026-09-17T07:32:14.130638,1789630334130638800,62.57263891601563,-0.0055999755859375,-0.02398681640625,-1.004974365234375
2026-09-17T07:32:14.140598,1789630334140598800,62.58259887695313,-0.007415771484375,-0.022064208984375,-1.003662109375
2026-09-17T07:32:14.150558,1789630334150558700,62.59255883789063,-0.009124755859375,-0.02276611328125,-1.0035552978515625
2026-09-17T07:32:14.160518,1789630334160518700,62.6025185546875,-0.0099334716796875,-0.0233612060546875,-1.0038604736328125
2026-09-17T07:32:14.170478,1789630334170478800,62.61247875976562,-0.0121612548828125,-0.0233001708984375,-1.00494384765625
2026-09-17T07:32:14.180438,1789630334180438800,62.62243872070312,-0.0129241943359375,-0.022705078125,-1.003814697265625
2026-09-17T07:32:14.190397,1789630334190397700,62.63239770507813,-0.0110321044921875,-0.0235595703125,-1.0027618408203125
2026-09-17T07:32:14.200357,1789630334200357600,62.64235766601563,-0.01055908203125,-0.025909423828125,-1.0032501220703125
2026-09-17T07:32:14.210317,1789630334210317800,62.65231787109375,-0.0091552734375,-0.028076171875,-1.00494384765625
2026-09-17T07:32:14.220277,1789630334220277800,62.66227783203125,-0.0068206787109375,-0.0300140380859375,-1.0040130615234375
2026-09-17T07:32:14.230237,1789630334230237700,62.67223779296875,-0.0057373046875,-0.031829833984375,-1.0020751953125
2026-09-17T07:32:14.240197,1789630334240197600,62.68219775390625,-0.00634765625,-0.0322418212890625,-1.0038299560546875
2026-09-17T07:32:14.250156,1789630334250156500,62.692156494140626,-0.0078277587890625,-0.0299835205078125,-1.0062408447265625
2026-09-17T07:32:14.260116,1789630334260116700,62.70211669921875,-0.0055999755859375,-0.0303497314453125,-1.00445556640625
2026-09-17T07:32:14.270076,1789630334270076700,62.71207666015625,-0.006256103515625,-0.0311279296875,-1.00390625
2026-09-17T07:32:14.280036,1789630334280036600,62.72203662109375,-0.0055084228515625,-0.035125732421875,-1.0037384033203125
2026-09-17T07:32:14.289996,1789630334289996500,62.73199658203125,-0.00567626953125,-0.041717529296875,-1.00457763671875
2026-09-17T07:32:14.299956,1789630334299956700,62.74195678710937,-0.0070037841796875,-0.0475921630859375,-1.000640869140625
2026-09-17T07:32:14.309916,1789630334309916000,62.751916015625,-0.0068511962890625,-0.058074951171875,-1.009185791015625
2026-09-17T07:32:14.319875,1789630334319875800,62.76187573242188,-0.0035400390625,-0.0716094970703125,-0.9948883056640624
2026-09-17T07:32:14.329835,1789630334329835800,62.77183569335938,-0.003021240234375,-0.0813446044921875,-1.0155029296875
2026-09-17T07:32:14.339795,1789630334339795700,62.78179565429687,-0.0008392333984375,-0.08807373046875,-0.995208740234375
2026-09-17T07:32:14.349755,1789630334349755600,62.79175561523437,-0.0037841796875,-0.095916748046875,-1.0101165771484375
2026-09-17T07:32:14.359715,1789630334359715600,62.80171557617187,-0.0032501220703125,-0.1024169921875,-1.003753662109375
2026-09-17T07:32:14.369674,1789630334369674800,62.8116748046875,-0.004974365234375,-0.1079864501953125,-1.0070343017578125
2026-09-17T07:32:14.379635,1789630334379635000,62.82163500976562,-0.004669189453125,-0.1099090576171875,-0.991943359375
2026-09-17T07:32:14.389595,1789630334389595000,62.83159497070312,0.0029296875,-0.118988037109375,-1.00341796875
2026-09-17T07:32:14.399554,1789630334399554800,62.84155493164062,0.008026123046875,-0.1264495849609375,-1.01055908203125
2026-09-17T07:32:14.409514,1789630334409514800,62.8515146484375,0.0133056640625,-0.1373291015625,-0.995513916015625
2026-09-17T07:32:14.419475,1789630334419475000,62.861474853515624,0.0102691650390625,-0.146942138671875,-1.0007781982421875
2026-09-17T07:32:14.429433,1789630334429433900,62.87143383789063,0.00421142578125,-0.1538543701171875,-1.004302978515625
2026-09-17T07:32:14.439393,1789630334439393800,62.88139379882813,-0.0075531005859375,-0.16033935546875,-1.00909423828125
2026-09-17T07:32:14.449353,1789630334449353700,62.89135375976562,-0.009033203125,-0.1617584228515625,-0.9940643310546876
2026-09-17T07:32:14.459313,1789630334459313700,62.90131372070312,-0.01177978515625,-0.1630096435546875,-1.006744384765625
2026-09-17T07:32:14.469273,1789630334469273900,62.91127392578125,-0.0163726806640625,-0.16217041015625,-0.995819091796875
2026-09-17T07:32:14.479233,1789630334479233800,62.92123388671875,-0.0148468017578125,-0.1616363525390625,-1.0112762451171875
2026-09-17T07:32:14.489192,1789630334489192700,62.93119262695313,-0.0088653564453125,-0.160614013671875,-1.0135498046875
2026-09-17T07:32:14.499152,1789630334499152600,62.94115258789063,-0.004119873046875,-0.1635589599609375,-1.000579833984375
2026-09-17T07:32:14.509112,1789630334509112800,62.95111279296875,-0.0090179443359375,-0.1684417724609375,-0.990692138671875
2026-09-17T07:32:14.519072,1789630334519072800,62.96107275390625,-0.010223388671875,-0.1719207763671875,-0.982269287109375
2026-09-17T07:32:14.529032,1789630334529032700,62.97103271484375,-0.020355224609375,-0.1785125732421875,-1.03076171875
2026-09-17T07:32:14.538992,1789630334538992600,62.98099267578125,-0.01446533203125,-0.1711578369140625,-0.99676513671875
2026-09-17T07:32:14.548951,1789630334548951600,62.99095166015625,-0.0176239013671875,-0.1743621826171875,-0.998931884765625
2026-09-17T07:32:14.558911,1789630334558911700,63.00091186523437,-0.021087646484375,-0.1728363037109375,-0.999359130859375
2026-09-17T07:32:14.568871,1789630334568871700,63.01087158203125,-0.0079498291015625,-0.1619110107421875,-1.011627197265625
2026-09-17T07:32:14.578831,1789630334578831600,63.02083154296875,0.007965087890625,-0.156402587890625,-1.0020751953125
2026-09-17T07:32:14.588791,1789630334588791800,63.03079174804687,0.017852783203125,-0.154693603515625,-0.9887847900390624
2026-09-17T07:32:14.598751,1789630334598751700,63.040751708984374,0.014404296875,-0.1510009765625,-0.9924468994140624
2026-09-17T07:32:14.608710,1789630334608710700,63.05071069335938,0.00244140625,-0.1426239013671875,-1.022613525390625
2026-09-17T07:32:14.618670,1789630334618670600,63.06067065429688,-0.02294921875,-0.14678955078125,-0.9971160888671876
2026-09-17T07:32:14.628630,1789630334628630500,63.07063061523438,-0.03564453125,-0.15155029296875,-1.0225982666015625
2026-09-17T07:32:14.638590,1789630334638590700,63.0805908203125,-0.0031280517578125,-0.134613037109375,-1.0057525634765625
2026-09-17T07:32:14.648550,1789630334648550700,63.09055053710937,0.02593994140625,-0.133331298828125,-0.9922027587890624
2026-09-17T07:32:14.658510,1789630334658510600,63.10051049804687,0.04388427734375,-0.131561279296875,-0.9647064208984376
2026-09-17T07:32:14.668469,1789630334668469800,63.1104697265625,0.022796630859375,-0.1360321044921875,-1.0496978759765625
2026-09-17T07:32:14.678430,1789630334678430000,63.12042993164062,-0.0451507568359375,-0.153594970703125,-1.0281829833984375
2026-09-17T07:32:14.688390,1789630334688390000,63.13038989257812,-0.10931396484375,-0.1702728271484375,-0.883270263671875
2026-09-17T07:32:14.698349,1789630334698349800,63.14034985351562,-0.121795654296875,-0.18878173828125,-1.0784454345703125
2026-09-17T07:32:14.708309,1789630334708309800,63.15030981445312,-0.0020904541015625,-0.16925048828125,-1.02978515625
2026-09-17T07:32:14.718270,1789630334718270000,63.16027001953125,-0.0130767822265625,-0.17877197265625,-1.036895751953125
2026-09-17T07:32:14.728228,1789630334728228900,63.17022875976563,-0.0667572021484375,-0.1551513671875,-0.82745361328125
2026-09-17T07:32:14.738188,1789630334738188800,63.18018872070313,-0.0280914306640625,-0.159149169921875,-0.97930908203125
2026-09-17T07:32:14.748148,1789630334748148700,63.19014868164062,-0.0970458984375,-0.1637725830078125,-1.0349578857421875
2026-09-17T07:32:14.758109,1789630334758109000,63.20010888671875,-0.0471038818359375,-0.169403076171875,-1.1098480224609375
2026-09-17T07:32:14.768068,1789630334768068900,63.21006884765625,0.0355377197265625,-0.1524505615234375,-1.0993194580078125
2026-09-17T07:32:14.778028,1789630334778028800,63.22002880859375,0.00128173828125,-0.1479339599609375,-0.8714752197265625
2026-09-17T07:32:14.787987,1789630334787987700,63.22998779296875,-0.03155517578125,-0.142181396484375,-0.9778594970703124
2026-09-17T07:32:14.797947,1789630334797947600,63.23994775390625,-0.0533447265625,-0.134246826171875,-1.02197265625
2026-09-17T07:32:14.807907,1789630334807907800,63.24990795898437,-0.0854644775390625,-0.1412811279296875,-1.1512298583984375
2026-09-17T07:32:14.817867,1789630334817867800,63.25986767578125,-0.0193023681640625,-0.11810302734375,-0.8599700927734375
2026-09-17T07:32:14.827827,1789630334827827700,63.26982763671875,-0.0501861572265625,-0.129119873046875,-0.9790191650390624
2026-09-17T07:32:14.837787,1789630334837787600,63.27978759765625,0.0078582763671875,-0.152587890625,-0.9490203857421876
2026-09-17T07:32:14.847746,1789630334847746800,63.28974682617188,-0.0118560791015625,-0.1692047119140625,-1.2295379638671875
2026-09-17T07:32:14.857706,1789630334857706800,63.29970678710937,-0.01116943359375,-0.1423797607421875,-0.8585968017578125
2026-09-17T07:32:14.867666,1789630334867666700,63.30966674804687,-0.022369384765625,-0.1501007080078125,-0.972198486328125
2026-09-17T07:32:14.877626,1789630334877626600,63.31962670898437,-0.0233306884765625,-0.15496826171875,-0.924896240234375
2026-09-17T07:32:14.887586,1789630334887586800,63.3295869140625,-0.068511962890625,-0.1628265380859375,-1.1867218017578125
2026-09-17T07:32:14.897545,1789630334897545700,63.33954565429688,-0.00732421875,-0.135589599609375,-0.887725830078125
2026-09-17T07:32:14.907505,1789630334907505700,63.34950561523438,0.0097503662109375,-0.133392333984375,-0.9655609130859376
2026-09-17T07:32:14.917465,1789630334917465600,63.35946557617188,0.0066070556640625,-0.13525390625,-0.983123779296875
2026-09-17T07:32:14.927425,1789630334927425500,63.36942553710937,-0.04864501953125,-0.1367950439453125,-1.2320709228515625
2026-09-17T07:32:14.937385,1789630334937385700,63.3793857421875,-0.0337982177734375,-0.08599853515625,-0.8201751708984375
2026-09-17T07:32:14.947345,1789630334947345700,63.389345703125,-0.0592041015625,-0.0965118408203125,-0.9877777099609376
2026-09-17T07:32:14.957305,1789630334957305300,63.39930541992187,-0.0018157958984375,-0.1004791259765625,-0.9068450927734376
2026-09-17T07:32:14.967265,1789630334967265300,63.409265380859374,0.0048065185546875,-0.136932373046875,-1.2786865234375
2026-09-17T07:32:14.977225,1789630334977225200,63.41922509765625,-0.0166473388671875,-0.08892822265625,-0.84228515625
2026-09-17T07:32:14.987185,1789630334987185400,63.429185302734375,-0.0058746337890625,-0.1151123046875,-0.962310791015625
2026-09-17T07:32:14.997145,1789630334997145300,63.439145263671875,0.0067596435546875,-0.109954833984375,-0.9912261962890624
2026-09-17T07:32:15.007105,1789630335007105300,63.449105224609376,-0.02984619140625,-0.1362152099609375,-1.0908355712890625
2026-09-17T07:32:15.017064,1789630335017064400,63.459064453125,-0.0323333740234375,-0.1206207275390625,-1.045318603515625
2026-09-17T07:32:15.027024,1789630335027024400,63.4690244140625,0.0340576171875,-0.105621337890625,-0.8190155029296875
2026-09-17T07:32:15.036984,1789630335036984300,63.478984375,-0.0555267333984375,-0.1204681396484375,-1.237091064453125
2026-09-17T07:32:15.046944,1789630335046944300,63.4889443359375,-0.0101776123046875,-0.10638427734375,-0.8123779296875
2026-09-17T07:32:15.056904,1789630335056904200,63.498904296875,0.00823974609375,-0.10186767578125,-1.1623077392578125
2026-09-17T07:32:15.066864,1789630335066864000,63.508864013671875,0.0281219482421875,-0.0402984619140625,-0.843017578125
2026-09-17T07:32:15.076823,1789630335076823600,63.51882348632813,-0.023651123046875,-0.108612060546875,-1.1411285400390625
2026-09-17T07:32:15.086783,1789630335086783500,63.528783447265624,-0.038665771484375,-0.0747833251953125,-0.976226806640625
2026-09-17T07:32:15.096743,1789630335096743400,63.538743408203125,-0.06494140625,-0.0719146728515625,-1.11932373046875
2026-09-17T07:32:15.106703,1789630335106703400,63.548703369140625,-0.0213775634765625,-0.064697265625,-0.85052490234375
2026-09-17T07:32:15.116663,1789630335116663600,63.55866357421875,0.0289154052734375,-0.07586669921875,-0.927154541015625
2026-09-17T07:32:15.126622,1789630335126622500,63.56862255859375,-0.0152130126953125,-0.097015380859375,-1.2271270751953125
2026-09-17T07:32:15.136582,1789630335136582400,63.57858251953125,-0.00543212890625,-0.0814056396484375,-0.989166259765625
2026-09-17T07:32:15.146542,1789630335146542300,63.58854223632813,-0.035614013671875,-0.07012939453125,-0.86041259765625
2026-09-17T07:32:15.156502,1789630335156502300,63.598502197265624,0.003692626953125,-0.08245849609375,-0.922882080078125
2026-09-17T07:32:15.166462,1789630335166462500,63.60846240234375,0.0108795166015625,-0.0982513427734375,-1.300018310546875
2026-09-17T07:32:15.176422,1789630335176422400,63.61842236328125,-0.017425537109375,-0.0662994384765625,-0.829742431640625
2026-09-17T07:32:15.186381,1789630335186381300,63.62838134765625,0.0483856201171875,-0.0638885498046875,-1.0989532470703125
2026-09-17T07:32:15.196341,1789630335196341200,63.63834130859375,-0.00244140625,-0.051361083984375,-0.93280029296875
2026-09-17T07:32:15.206301,1789630335206301400,63.648301513671875,-0.086029052734375,-0.093719482421875,-0.977508544921875
2026-09-17T07:32:15.216261,1789630335216261400,63.658261474609375,-0.0019683837890625,-0.04901123046875,-0.915924072265625
2026-09-17T07:32:15.226221,1789630335226221300,63.66822119140625,-0.1121368408203125,-0.0662994384765625,-1.0858154296875
2026-09-17T07:32:15.236181,1789630335236181200,63.67818115234375,0.0027923583984375,-0.0699462890625,-1.11590576171875
2026-09-17T07:32:15.246140,1789630335246140400,63.68814038085937,0.1264495849609375,-0.0263824462890625,-1.04949951171875
2026-09-17T07:32:15.256100,1789630335256100400,63.698100341796874,0.04559326171875,-0.04718017578125,-0.829010009765625
2026-09-17T07:32:15.266060,1789630335266060300,63.708060302734374,0.00244140625,-0.066497802734375,-0.9669342041015624
2026-09-17T07:32:15.276020,1789630335276020200,63.718020263671875,-0.032012939453125,-0.0572662353515625,-1.0438079833984375
2026-09-17T07:32:15.285980,1789630335285980400,63.72798046875,-0.0124359130859375,-0.057891845703125,-1.269927978515625
2026-09-17T07:32:15.295939,1789630335295939300,63.73793920898437,0.0187835693359375,-0.04583740234375,-0.8401947021484375
2026-09-17T07:32:15.305899,1789630335305899300,63.74789916992187,-0.019317626953125,-0.1002044677734375,-0.773895263671875
2026-09-17T07:32:15.315859,1789630335315859200,63.75785913085937,0.0110626220703125,-0.06280517578125,-1.0052490234375
2026-09-17T07:32:15.325819,1789630335325819100,63.76781909179687,0.05865478515625,-0.11859130859375,-1.338409423828125
2026-09-17T07:32:15.335779,1789630335335779300,63.777779296875,0.000152587890625,-0.0364990234375,-1.0196685791015625
2026-09-17T07:32:15.345739,1789630335345739300,63.7877392578125,0.0420989990234375,-0.064178466796875,-0.8057861328125
2026-09-17T07:32:15.355698,1789630335355698400,63.79769848632812,-0.0726165771484375,-0.081573486328125,-0.6367950439453125
2026-09-17T07:32:15.365658,1789630335365658400,63.807658447265624,-0.024444580078125,-0.0906219482421875,-1.4713592529296875
2026-09-17T07:32:15.375618,1789630335375618600,63.81761865234375,0.05419921875,-0.0558319091796875,-1.04803466796875
2026-09-17T07:32:15.385578,1789630335385578500,63.82757861328125,0.0203399658203125,-0.062164306640625,-0.9365692138671876
2026-09-17T07:32:15.395538,1789630335395538400,63.837538330078125,0.0671539306640625,-0.0370635986328125,-0.596893310546875
2026-09-17T07:32:15.405497,1789630335405497300,63.84749731445312,0.0005340576171875,-0.1233978271484375,-1.342926025390625
2026-09-17T07:32:15.415457,1789630335415457300,63.85745727539062,-0.0031585693359375,-0.06475830078125,-1.0886688232421875
2026-09-17T07:32:15.425417,1789630335425417500,63.86741748046875,-0.0067138671875,-0.0623626708984375,-0.971527099609375
2026-09-17T07:32:15.435377,1789630335435377400,63.87737744140625,-0.0343017578125,-0.0859527587890625,-0.7489776611328125
2026-09-17T07:32:15.445337,1789630335445337300,63.88733740234375,0.004638671875,-0.09796142578125,-1.02301025390625
2026-09-17T07:32:15.455297,1789630335455297500,63.89729760742187,0.0428009033203125,-0.0913238525390625,-1.2176971435546875
2026-09-17T07:32:15.465256,1789630335465256400,63.90725634765625,0.0041351318359375,-0.0823516845703125,-1.1615447998046875
2026-09-17T07:32:15.475216,1789630335475216400,63.91721630859375,-0.0589141845703125,-0.06719970703125,-0.7082672119140625
2026-09-17T07:32:15.485176,1789630335485176300,63.92717626953125,-0.06304931640625,-0.101531982421875,-0.948486328125
2026-09-17T07:32:15.495136,1789630335495136300,63.93713623046875,0.0075225830078125,-0.0812530517578125,-1.0916900634765625
2026-09-17T07:32:15.505096,1789630335505096400,63.947096435546875,0.014434814453125,-0.08636474609375,-1.3570098876953125
2026-09-17T07:32:15.515056,1789630335515056400,63.957056396484376,0.005401611328125,-0.03277587890625,-0.6802215576171875
2026-09-17T07:32:15.525015,1789630335525015300,63.96701538085937,0.0279388427734375,-0.0912017822265625,-0.847808837890625
2026-09-17T07:32:15.534975,1789630335534975200,63.97697534179687,-0.0283050537109375,-0.075469970703125,-1.1797332763671875
2026-09-17T07:32:15.544935,1789630335544935400,63.98693530273437,0.060546875,-0.0674591064453125,-1.384918212890625
2026-09-17T07:32:15.554895,1789630335554895400,63.996895263671874,-0.00714111328125,-0.0355377197265625,-0.6878509521484375
2026-09-17T07:32:15.564855,1789630335564855300,64.00685522460938,-0.122833251953125,-0.0799713134765625,-0.6107330322265625
2026-09-17T07:32:15.574814,1789630335574814200,64.01681420898437,-0.078094482421875,-0.11248779296875,-1.2696533203125
2026-09-17T07:32:15.584774,1789630335584774100,64.02677416992188,-0.0487518310546875,-0.065948486328125,-1.2233123779296875
2026-09-17T07:32:15.594734,1789630335594734300,64.036734375,0.10260009765625,-0.0520477294921875,-1.213958740234375
2026-09-17T07:32:15.604694,1789630335604694300,64.0466943359375,0.056732177734375,-0.0430450439453125,-0.6545257568359375
2026-09-17T07:32:15.614654,1789630335614654200,64.056654296875,-0.023162841796875,-0.0914459228515625,-0.8122711181640625
2026-09-17T07:32:15.624614,1789630335624614400,64.06661450195313,-0.0386810302734375,-0.0430450439453125,-1.1770172119140625
2026-09-17T07:32:15.634573,1789630335634573600,64.07657348632813,0.0275115966796875,-0.065582275390625,-1.3603057861328125
2026-09-17T07:32:15.644533,1789630335644533500,64.08653344726562,0.0021514892578125,-0.0141754150390625,-0.7395477294921875
2026-09-17T07:32:15.654493,1789630335654493400,64.09649340820313,0.002716064453125,-0.0543212890625,-0.5870361328125
2026-09-17T07:32:15.664453,1789630335664453400,64.10645336914062,-0.0149688720703125,-0.10601806640625,-1.4219207763671875
2026-09-17T07:32:15.674413,1789630335674413600,64.11641357421875,-0.0193634033203125,-0.0442352294921875,-1.226226806640625
2026-09-17T07:32:15.684372,1789630335684372500,64.12637255859374,-0.03228759765625,-0.0138702392578125,-0.979248046875
2026-09-17T07:32:15.694332,1789630335694332400,64.13633251953125,-0.0042572021484375,-0.0383453369140625,-0.4063262939453125
2026-09-17T07:32:15.704292,1789630335704292400,64.14629223632812,0.017791748046875,-0.1139068603515625,-1.2318572998046875
2026-09-17T07:32:15.714252,1789630335714252500,64.15625244140625,-0.0098419189453125,-0.0654144287109375,-1.3523406982421875
2026-09-17T07:32:15.724212,1789630335724212500,64.16621240234375,0.016448974609375,-0.044464111328125,-1.0096588134765625
2026-09-17T07:32:15.734172,1789630335734172400,64.17617236328125,0.003509521484375,-0.015380859375,-0.510955810546875
2026-09-17T07:32:15.744131,1789630335744131300,64.18613134765624,-0.0302886962890625,-0.0723724365234375,-1.09014892578125
2026-09-17T07:32:15.754091,1789630335754091300,64.19609130859375,-0.067413330078125,-0.064178466796875,-1.3624267578125
2026-09-17T07:32:15.764051,1789630335764051500,64.20605151367188,0.0016326904296875,0.009796142578125,-1.0871124267578125
2026-09-17T07:32:15.774011,1789630335774011400,64.21601147460937,0.04351806640625,0.04119873046875,-0.57080078125
2026-09-17T07:32:15.783971,1789630335783971300,64.22597143554688,0.023223876953125,-0.040374755859375,-0.8636627197265625
2026-09-17T07:32:15.793930,1789630335793930200,64.23593017578125,-0.0806732177734375,-0.080352783203125,-1.5155487060546875
2026-09-17T07:32:15.803890,1789630335803890400,64.24589038085938,-0.098480224609375,0.0068359375,-1.0645751953125
2026-09-17T07:32:15.813850,1789630335813850400,64.25585034179687,-0.0175018310546875,-0.017333984375,-0.7192840576171875
2026-09-17T07:32:15.823810,1789630335823810300,64.26581030273438,0.0179901123046875,-0.01837158203125,-0.789215087890625
2026-09-17T07:32:15.833770,1789630335833770200,64.27577026367187,-0.0003204345703125,-0.0737457275390625,-1.40277099609375
2026-09-17T07:32:15.843730,1789630335843730400,64.28573046875,0.0502166748046875,-0.0426025390625,-1.07110595703125
2026-09-17T07:32:15.853689,1789630335853689300,64.295689453125,0.0302734375,0.025726318359375,-0.779937744140625
2026-09-17T07:32:15.863649,1789630335863649300,64.30564916992188,0.0894622802734375,-0.0043487548828125,-0.90771484375
2026-09-17T07:32:15.873609,1789630335873609200,64.31560913085937,-0.1182708740234375,-0.050018310546875,-1.1866455078125
2026-09-17T07:32:15.883569,1789630335883569400,64.3255693359375,-0.1789703369140625,-0.0379486083984375,-0.917999267578125
2026-09-17T07:32:15.893529,1789630335893529300,64.335529296875,-0.1134033203125,0.012786865234375,-0.984161376953125
2026-09-17T07:32:15.903488,1789630335903488500,64.34548852539062,0.0219879150390625,0.0124664306640625,-0.9723358154296876
2026-09-17T07:32:15.913448,1789630335913448400,64.35544848632813,0.1834564208984375,-0.021148681640625,-1.1861114501953125
2026-09-17T07:32:15.923408,1789630335923408400,64.36540844726562,0.014678955078125,0.0287017822265625,-1.1185150146484375
2026-09-17T07:32:15.933368,1789630335933368300,64.37536840820313,-0.0364532470703125,-0.0262908935546875,-0.7350311279296875
2026-09-17T07:32:15.943328,1789630335943328300,64.38532836914062,0.0057220458984375,0.0137481689453125,-0.8184967041015625
2026-09-17T07:32:15.953288,1789630335953288000,64.39528784179687,0.0025634765625,-0.030487060546875,-1.420684814453125
2026-09-17T07:32:15.963246,1789630335963246800,64.40524682617188,0.0087738037109375,-0.00433349609375,-0.9008636474609376
2026-09-17T07:32:15.973206,1789630335973206800,64.41520678710937,0.0213470458984375,-0.0143280029296875,-0.9178009033203124
2026-09-17T07:32:15.983166,1789630335983166700,64.42516674804688,-0.0184478759765625,-0.071563720703125,-0.8950653076171875
2026-09-17T07:32:15.993127,1789630335993127000,64.435126953125,-0.0443267822265625,-0.070770263671875,-1.2014617919921875
2026-09-17T07:32:16.003086,1789630336003086800,64.4450869140625,0.0309906005859375,-0.01275634765625,-0.9358978271484376
2026-09-17T07:32:16.013045,1789630336013045800,64.45504565429688,0.0779266357421875,-0.0281524658203125,-0.783966064453125
2026-09-17T07:32:16.023005,1789630336023005700,64.46500561523438,-0.0288543701171875,-0.0800628662109375,-1.1056060791015625
2026-09-17T07:32:16.032966,1789630336032966000,64.4749658203125,-0.0604705810546875,-0.0760955810546875,-1.1236572265625
2026-09-17T07:32:16.042925,1789630336042925800,64.48492578125,0.019317626953125,-0.0124664306640625,-0.9401702880859376
2026-09-17T07:32:16.052885,1789630336052885800,64.4948857421875,0.096923828125,0.00054931640625,-0.870635986328125
2026-09-17T07:32:16.062844,1789630336062844700,64.5048447265625,0.0094757080078125,-0.0741424560546875,-0.9652252197265624
2026-09-17T07:32:16.072804,1789630336072804600,64.5148046875,-0.101715087890625,-0.0850067138671875,-1.166015625
2026-09-17T07:32:16.082764,1789630336082764800,64.52476489257812,0.0062408447265625,-0.0054473876953125,-1.11212158203125
2026-09-17T07:32:16.092724,1789630336092724700,64.53472485351563,0.1152801513671875,-0.0058135986328125,-0.8130950927734375
2026-09-17T07:32:16.102684,1789630336102684700,64.5446845703125,-0.0502777099609375,-0.0584716796875,-0.8409271240234375
2026-09-17T07:32:16.112644,1789630336112644600,64.55464453125,-0.1607666015625,-0.1004486083984375,-1.37353515625
2026-09-17T07:32:16.122603,1789630336122603800,64.56460375976563,-0.01751708984375,-0.032806396484375,-1.072845458984375
2026-09-17T07:32:16.132563,1789630336132563700,64.57456372070313,0.065093994140625,-0.0338287353515625,-0.72430419921875
2026-09-17T07:32:16.142523,1789630336142523600,64.58452368164062,-0.0035858154296875,-0.0629119873046875,-0.9619903564453124
2026-09-17T07:32:16.152483,1789630336152483600,64.59448364257813,0.0210418701171875,-0.0999755859375,-1.1751708984375
2026-09-17T07:32:16.162443,1789630336162443800,64.60444384765626,0.0027923583984375,-0.04150390625,-1.0868377685546875
2026-09-17T07:32:16.172403,1789630336172403000,64.61440283203125,0.0788421630859375,0.0093231201171875,-0.869659423828125
2026-09-17T07:32:16.182363,1789630336182363000,64.62436279296875,-0.039093017578125,-0.0319366455078125,-0.9739837646484376
2026-09-17T07:32:16.192322,1789630336192322800,64.63432275390625,-0.2166900634765625,-0.0835418701171875,-0.8233795166015625
2026-09-17T07:32:16.202282,1789630336202282800,64.64428271484375,-0.1345062255859375,-0.023590087890625,-1.21942138671875
2026-09-17T07:32:16.212243,1789630336212243000,64.65424291992187,0.0421295166015625,0.002197265625,-1.109130859375
2026-09-17T07:32:16.222203,1789630336222203000,64.66420288085938,0.1739349365234375,-0.015838623046875,-0.8352813720703125
2026-09-17T07:32:16.232161,1789630336232161800,64.67416186523438,-0.05029296875,-0.012939453125,-1.0585174560546875
2026-09-17T07:32:16.242121,1789630336242121700,64.68412182617188,-0.0387725830078125,-0.0545501708984375,-0.9908599853515624
2026-09-17T07:32:16.252082,1789630336252082000,64.69408203125,0.0026702880859375,-0.002197265625,-0.99609375
2026-09-17T07:32:16.262041,1789630336262041900,64.70404174804688,0.0293121337890625,-0.0026092529296875,-1.1602783203125
2026-09-17T07:32:16.272001,1789630336272001800,64.71400170898437,0.0036773681640625,0.004791259765625,-0.9000701904296875
2026-09-17T07:32:16.281960,1789630336281960700,64.72396069335937,-0.052825927734375,-0.0529327392578125,-0.9142608642578124
2026-09-17T07:32:16.291920,1789630336291920600,64.73392065429688,-0.090545654296875,-0.025787353515625,-1.21368408203125
2026-09-17T07:32:16.301880,1789630336301880800,64.743880859375,0.0504302978515625,0.0235748291015625,-1.0491180419921875
2026-09-17T07:32:16.311840,1789630336311840800,64.7538408203125,0.0408935546875,-0.0096282958984375,-0.84710693359375
2026-09-17T07:32:16.321800,1789630336321800700,64.76380078125,0.0332794189453125,0.0042724609375,-0.8322296142578125
2026-09-17T07:32:16.331759,1789630336331759600,64.77375952148438,-0.0512847900390625,-0.01287841796875,-1.25830078125
2026-09-17T07:32:16.341719,1789630336341719800,64.7837197265625,-0.02264404296875,0.009063720703125,-0.9990081787109376
2026-09-17T07:32:16.351679,1789630336351679700,64.7936796875,0.0070343017578125,0.036407470703125,-0.95574951171875
2026-09-17T07:32:16.361639,1789630336361639700,64.8036396484375,0.0088348388671875,-0.0113372802734375,-0.921783447265625
2026-09-17T07:32:16.371599,1789630336371599600,64.813599609375,-0.0427093505859375,-0.033477783203125,-1.032501220703125
2026-09-17T07:32:16.381559,1789630336381559800,64.82355981445312,-0.015411376953125,0.0180511474609375,-1.15093994140625
2026-09-17T07:32:16.391518,1789630336391518700,64.83351879882812,0.0563812255859375,0.040069580078125,-0.968841552734375
2026-09-17T07:32:16.401478,1789630336401478700,64.84347875976563,0.0051727294921875,0.002471923828125,-0.830291748046875
2026-09-17T07:32:16.411438,1789630336411438600,64.8534384765625,-0.1128387451171875,-0.02374267578125,-1.1317596435546875
2026-09-17T07:32:16.421398,1789630336421398800,64.86339868164063,-0.0675506591796875,-0.00567626953125,-1.12628173828125
2026-09-17T07:32:16.431358,1789630336431358700,64.87335864257813,-0.024078369140625,0.0211029052734375,-0.978424072265625
2026-09-17T07:32:16.441318,1789630336441318000,64.88331787109375,-0.0127716064453125,0.008270263671875,-0.8785552978515625
2026-09-17T07:32:16.451277,1789630336451277800,64.89327783203125,-0.03070068359375,-0.0020599365234375,-1.046234130859375
2026-09-17T07:32:16.461237,1789630336461237800,64.90323779296875,0.0944671630859375,-0.0072021484375,-1.0301361083984375
2026-09-17T07:32:16.471198,1789630336471198000,64.91319799804687,-0.0097503662109375,0.0029754638671875,-1.077972412109375
2026-09-17T07:32:16.481158,1789630336481158000,64.92315795898438,-0.03515625,-0.00146484375,-1.1361541748046875
2026-09-17T07:32:16.491116,1789630336491116800,64.93311669921874,-0.1166229248046875,-0.002044677734375,-0.779998779296875
2026-09-17T07:32:16.501076,1789630336501076700,64.94307666015625,-0.0709075927734375,-0.026031494140625,-0.7754058837890625
2026-09-17T07:32:16.511037,1789630336511037000,64.95303686523438,-0.003753662109375,-0.03387451171875,-1.092376708984375
2026-09-17T07:32:16.520996,1789630336520996900,64.96299682617187,0.0266265869140625,-0.0288848876953125,-1.381805419921875
2026-09-17T07:32:16.530956,1789630336530956800,64.97295678710938,-0.1325836181640625,-0.001373291015625,-1.0535888671875
2026-09-17T07:32:16.540915,1789630336540915700,64.98291577148437,-0.082305908203125,-0.04925537109375,-0.7712860107421875
2026-09-17T07:32:16.550875,1789630336550875600,64.99287573242188,0.20733642578125,-0.00244140625,-0.8303680419921875
2026-09-17T07:32:16.560835,1789630336560835800,65.0028359375,-0.076904296875,-0.000823974609375,-0.9967193603515624
2026-09-17T07:32:16.570795,1789630336570795800,65.01279565429688,0.0031280517578125,-0.055328369140625,-0.934661865234375
2026-09-17T07:32:16.580755,1789630336580755700,65.02275561523437,-0.06170654296875,-0.123138427734375,-1.320709228515625
2026-09-17T07:32:16.590714,1789630336590714600,65.03271459960938,-0.0501708984375,-0.0334320068359375,-1.0521697998046875
2026-09-17T07:32:16.600674,1789630336600674800,65.0426748046875,-0.0815277099609375,-0.014739990234375,-0.8878631591796875
2026-09-17T07:32:16.610634,1789630336610634800,65.052634765625,0.0706329345703125,-0.0050811767578125,-0.82318115234375
2026-09-17T07:32:16.620594,1789630336620594700,65.0625947265625,0.0135345458984375,-0.040863037109375,-1.0451812744140625
2026-09-17T07:32:16.630554,1789630336630554600,65.0725546875,-0.042938232421875,-0.079254150390625,-0.9654388427734376
2026-09-17T07:32:16.640514,1789630336640514800,65.08251489257813,-0.0777130126953125,-0.089324951171875,-1.1096038818359375
2026-09-17T07:32:16.650473,1789630336650473700,65.0924736328125,-0.0035552978515625,-0.067474365234375,-1.0032196044921875
2026-09-17T07:32:16.660433,1789630336660433700,65.10243359375,-0.04473876953125,-0.0503082275390625,-1.0393218994140625
2026-09-17T07:32:16.670393,1789630336670393600,65.1123935546875,-0.053192138671875,-0.0740966796875,-0.8716888427734375
2026-09-17T07:32:16.680353,1789630336680353800,65.12235375976563,0.0081634521484375,-0.064117431640625,-0.9510040283203124
2026-09-17T07:32:16.690313,1789630336690313700,65.13231372070312,0.015960693359375,-0.08148193359375,-1.0510711669921875
2026-09-17T07:32:16.700273,1789630336700273000,65.14227294921875,-0.0193939208984375,-0.055023193359375,-1.0457611083984375
2026-09-17T07:32:16.710232,1789630336710232800,65.15223291015624,-0.0440826416015625,-0.07147216796875,-0.9632720947265624
2026-09-17T07:32:16.720192,1789630336720192800,65.16219287109375,-0.0423583984375,-0.082061767578125,-1.1100006103515625
2026-09-17T07:32:16.730153,1789630336730153000,65.17215307617188,-0.0466766357421875,-0.0561676025390625,-1.1458282470703125
2026-09-17T07:32:16.740113,1789630336740113000,65.18211279296875,0.030548095703125,-0.0313873291015625,-0.7940216064453125
2026-09-17T07:32:16.750071,1789630336750071800,65.19207177734376,-0.0286712646484375,-0.01806640625,-0.9521942138671876
2026-09-17T07:32:16.760031,1789630336760031700,65.20203173828125,0.01593017578125,-0.066192626953125,-0.9895477294921876
2026-09-17T07:32:16.769992,1789630336769992000,65.21199194335938,0.030487060546875,-0.0799102783203125,-1.15252685546875
2026-09-17T07:32:16.779951,1789630336779951900,65.22195190429687,0.000457763671875,-0.0771331787109375,-0.915374755859375
2026-09-17T07:32:16.789911,1789630336789911800,65.23191186523438,0.0790557861328125,-0.01763916015625,-1.3377532958984375
2026-09-17T07:32:16.799870,1789630336799870700,65.24187060546875,-0.079803466796875,-0.0218505859375,-0.7859649658203125
2026-09-17T07:32:16.809830,1789630336809830700,65.25183056640626,-0.1143798828125,-0.04998779296875,-0.59063720703125
2026-09-17T07:32:16.819790,1789630336819790800,65.26179077148437,-0.01123046875,-0.0695953369140625,-1.0660247802734375
2026-09-17T07:32:16.829750,1789630336829750800,65.27175073242188,-0.027435302734375,-0.046295166015625,-1.485260009765625
2026-09-17T07:32:16.839710,1789630336839710700,65.28171069335937,0.0267181396484375,0.0034637451171875,-1.04522705078125
2026-09-17T07:32:16.849669,1789630336849669600,65.29166967773438,0.0271759033203125,-0.0355987548828125,-0.8371124267578125
2026-09-17T07:32:16.859629,1789630336859629800,65.3016298828125,0.07098388671875,-0.037078857421875,-0.5529327392578125
2026-09-17T07:32:16.869589,1789630336869589800,65.31158984375,0.0620880126953125,-0.032501220703125,-1.36260986328125
2026-09-17T07:32:16.879549,1789630336879549700,65.3215498046875,-0.082244873046875,0.063018798828125,-1.259765625
2026-09-17T07:32:16.889509,1789630336889509600,65.33150952148438,-0.060455322265625,-0.0500946044921875,-0.5776214599609375
2026-09-17T07:32:16.899468,1789630336899468800,65.34146875,-0.120208740234375,-0.0724639892578125,-1.4684600830078125
2026-09-17T07:32:16.909428,1789630336909428700,65.3514287109375,0.0919189453125,0.100372314453125,-0.6523590087890625
2026-09-17T07:32:16.919388,1789630336919388700,65.361388671875,0.103790283203125,-0.0477752685546875,-0.9000396728515625
2026-09-17T07:32:16.929348,1789630336929348600,65.3713486328125,-0.004302978515625,-0.0407562255859375,-1.189910888671875
2026-09-17T07:32:16.939308,1789630336939308800,65.38130883789063,0.048980712890625,0.006988525390625,-1.1743927001953125
2026-09-17T07:32:16.949268,1789630336949268000,65.39126806640625,-0.1089935302734375,-0.029754638671875,-0.4963836669921875
2026-09-17T07:32:16.959227,1789630336959227600,65.4012275390625,-0.1194000244140625,-0.10406494140625,-1.2718048095703125
2026-09-17T07:32:16.969187,1789630336969187800,65.41118774414062,0.071441650390625,-0.005218505859375,-1.28741455078125
2026-09-17T07:32:16.979147,1789630336979147800,65.42114770507813,0.1116180419921875,-0.0120391845703125,-0.60772705078125
2026-09-17T07:32:16.989107,1789630336989107700,65.43110766601562,0.0451507568359375,-0.0235443115234375,-0.9830169677734376
2026-09-17T07:32:16.999067,1789630336999067600,65.44106762695313,0.0960235595703125,0.0805206298828125,-1.310760498046875
2026-09-17T07:32:17.009026,1789630337009026800,65.45102685546875,-0.066925048828125,-0.02899169921875,-0.7808990478515625
2026-09-17T07:32:17.018986,1789630337018986800,65.46098681640625,-0.31610107421875,-0.04730224609375,-0.9969635009765624
2026-09-17T07:32:17.028946,1789630337028946700,65.47094677734376,7.62939453125e-05,0.0588531494140625,-1.295654296875
2026-09-17T07:32:17.038906,1789630337038906600,65.48090673828125,0.1667327880859375,-0.0121612548828125,-0.6990203857421875
2026-09-17T07:32:17.048866,1789630337048866800,65.49086669921876,0.0668182373046875,0.0347442626953125,-0.867462158203125
2026-09-17T07:32:17.058825,1789630337058825700,65.50082568359375,0.0435638427734375,-0.0233612060546875,-1.5553436279296875
2026-09-17T07:32:17.068785,1789630337068785700,65.51078564453125,0.0666351318359375,-0.0233001708984375,-0.7719879150390625
2026-09-17T07:32:17.078745,1789630337078745600,65.52074560546875,-0.084625244140625,-0.0123748779296875,-0.7002105712890625
2026-09-17T07:32:17.088705,1789630337088705500,65.53070556640625,-0.1105194091796875,-0.02862548828125,-1.6168670654296875
2026-09-17T07:32:17.098665,1789630337098665700,65.54066577148437,0.061187744140625,-0.06072998046875,-0.8399658203125
2026-09-17T07:32:17.108624,1789630337108624600,65.55062475585937,-0.0297088623046875,0.00897216796875,-0.2603607177734375
2026-09-17T07:32:17.118584,1789630337118584600,65.56058447265625,-0.1970062255859375,0.04571533203125,-1.7322540283203125
2026-09-17T07:32:17.128544,1789630337128544500,65.57054443359375,0.2080841064453125,-0.0409393310546875,-1.4248504638671875
2026-09-17T07:32:17.138504,1789630337138504700,65.58050463867187,0.1501922607421875,0.005706787109375,-0.2885894775390625
2026-09-17T07:32:17.148464,1789630337148464600,65.59046459960938,-0.1768646240234375,0.0575714111328125,-1.063201904296875
2026-09-17T07:32:17.158423,1789630337158423600,65.60042358398438,-0.1380462646484375,-0.040252685546875,-1.5976409912109375
2026-09-17T07:32:17.168383,1789630337168383500,65.61038354492187,0.1878814697265625,-0.0866851806640625,-0.3185272216796875
2026-09-17T07:32:17.178343,1789630337178343700,65.62034375,0.1082305908203125,0.041534423828125,-1.0139617919921875
2026-09-17T07:32:17.188303,1789630337188303600,65.6303037109375,0.0394287109375,-0.0402069091796875,-1.660552978515625
2026-09-17T07:32:17.198263,1789630337198263600,65.640263671875,0.0322418212890625,-0.09185791015625,-0.6077423095703125
2026-09-17T07:32:17.208222,1789630337208222700,65.65022265625,0.0064849853515625,0.0302276611328125,-0.8941802978515625
2026-09-17T07:32:17.218182,1789630337218182700,65.6601826171875,0.125335693359375,-0.003448486328125,-1.06658935546875
2026-09-17T07:32:17.228142,1789630337228142800,65.67014282226563,-0.02178955078125,-0.115386962890625,-1.03271484375
2026-09-17T07:32:17.238102,1789630337238102800,65.68010278320313,-0.0688018798828125,0.03265380859375,-0.786346435546875
2026-09-17T07:32:17.248062,1789630337248062700,65.69006274414062,0.1512298583984375,-0.0071563720703125,-1.3330230712890625
2026-09-17T07:32:17.258021,1789630337258021600,65.70002172851562,0.1092529296875,-0.07757568359375,-0.7718353271484375
2026-09-17T07:32:17.267981,1789630337267981800,65.70998193359375,-0.164764404296875,-0.0139923095703125,-1.0264892578125
2026-09-17T07:32:17.277941,1789630337277941800,65.71994165039062,0.0827789306640625,-0.0135040283203125,-1.0549468994140625
2026-09-17T07:32:17.287901,1789630337287901700,65.72990161132813,0.0501861572265625,-0.105499267578125,-1.0711517333984375
2026-09-17T07:32:17.297861,1789630337297861600,65.73986157226562,-0.1152801513671875,-0.0219268798828125,-0.7524871826171875
2026-09-17T07:32:17.307820,1789630337307820500,65.74982055664063,0.121246337890625,-0.04620361328125,-1.1602935791015625
2026-09-17T07:32:17.317780,1789630337317780700,65.75978076171874,-0.04681396484375,-0.1054229736328125,-1.038665771484375
2026-09-17T07:32:17.327740,1789630337327740700,65.76974072265625,-0.145904541015625,-0.035858154296875,-1.113616943359375
2026-09-17T07:32:17.337700,1789630337337700600,65.77970068359375,0.2100372314453125,0.005615234375,-0.6785736083984375
2026-09-17T07:32:17.347660,1789630337347660500,65.78966064453125,-0.0277862548828125,-0.05792236328125,-1.2188873291015625
2026-09-17T07:32:17.357619,1789630337357619700,65.79961962890626,-0.044036865234375,-0.0583038330078125,-0.9055023193359376
2026-09-17T07:32:17.367579,1789630337367579600,65.80957958984375,0.1360931396484375,-0.0084075927734375,-0.973480224609375
2026-09-17T07:32:17.377539,1789630337377539600,65.81953955078124,-0.0148468017578125,-0.037384033203125,-1.1051788330078125
2026-09-17T07:32:17.387499,1789630337387499500,65.82949951171875,0.0334930419921875,-0.098114013671875,-0.7694244384765625
2026-09-17T07:32:17.397459,1789630337397459700,65.83945971679688,-0.0279693603515625,-0.0757598876953125,-0.9042205810546876
2026-09-17T07:32:17.407418,1789630337407418600,65.84941870117187,-0.137786865234375,-0.0730743408203125,-1.297149658203125
2026-09-17T07:32:17.417378,1789630337417378600,65.85937866210938,0.1021881103515625,-0.020294189453125,-1.18621826171875
2026-09-17T07:32:17.427338,1789630337427338500,65.86933837890625,0.1536712646484375,0.040496826171875,-0.886962890625
2026-09-17T07:32:17.437298,1789630337437298700,65.87929858398438,0.051025390625,0.0092010498046875,-0.93499755859375
2026-09-17T07:32:17.447258,1789630337447258600,65.88925854492187,-0.0203094482421875,-0.0166778564453125,-0.82427978515625
2026-09-17T07:32:17.457217,1789630337457217800,65.8992177734375,-0.0364837646484375,-0.0360260009765625,-1.18328857421875
2026-09-17T07:32:17.467177,1789630337467177700,65.909177734375,0.0644378662109375,0.056549072265625,-1.2279052734375
2026-09-17T07:32:17.477137,1789630337477137700,65.9191376953125,0.1668701171875,-0.008758544921875,-0.88763427734375
2026-09-17T07:32:17.487097,1789630337487097900,65.92909790039063,-0.0709686279296875,-0.0405731201171875,-0.9498748779296876
2026-09-17T07:32:17.497057,1789630337497057800,65.93905786132812,-0.1277618408203125,-0.031951904296875,-1.13232421875
2026-09-17T07:32:17.507016,1789630337507016700,65.9490166015625,-0.095367431640625,-0.0466461181640625,-0.885955810546875
2026-09-17T07:32:17.516976,1789630337516976600,65.9589765625,-0.010040283203125,-0.02301025390625,-0.8394927978515625
2026-09-17T07:32:17.526936,1789630337526936800,65.96893676757813,0.0555267333984375,-0.02703857421875,-1.3468170166015625
2026-09-17T07:32:17.536896,1789630337536896800,65.97889672851562,0.1025848388671875,-0.0404815673828125,-0.882843017578125
2026-09-17T07:32:17.546856,1789630337546856700,65.98885668945313,0.0990447998046875,0.0015106201171875,-0.8187255859375
2026-09-17T07:32:17.556815,1789630337556815600,65.99881567382812,-0.0051727294921875,0.015655517578125,-0.7920684814453125
2026-09-17T07:32:17.566775,1789630337566775600,66.00877563476563,-0.064666748046875,-0.0966339111328125,-1.478546142578125
2026-09-17T07:32:17.576735,1789630337576735700,66.01873583984376,-0.2712554931640625,-0.0211639404296875,-0.940032958984375
2026-09-17T07:32:17.586695,1789630337586695700,66.02869580078125,-0.058013916015625,-0.0060577392578125,-0.6613311767578125
2026-09-17T07:32:17.596655,1789630337596655600,66.03865551757812,0.0396881103515625,-0.0165252685546875,-1.193572998046875
2026-09-17T07:32:17.606614,1789630337606614500,66.04861450195312,0.0254669189453125,0.0040283203125,-1.0557403564453125
2026-09-17T07:32:17.616574,1789630337616574700,66.05857470703126,0.0757598876953125,-0.0275726318359375,-1.1888427734375
2026-09-17T07:32:17.626534,1789630337626534700,66.06853466796875,-0.0120849609375,-0.0048675537109375,-0.7951507568359375
2026-09-17T07:32:17.636494,1789630337636494600,66.07849462890626,-0.0187835693359375,-0.0333404541015625,-0.8369903564453125
2026-09-17T07:32:17.646454,1789630337646454500,66.08845458984375,0.0206146240234375,-0.0709228515625,-1.22125244140625
2026-09-17T07:32:17.656413,1789630337656413400,66.09841333007813,0.0158538818359375,-0.03240966796875,-1.1778717041015625
2026-09-17T07:32:17.666373,1789630337666373600,66.10837353515625,-0.01611328125,-0.055755615234375,-1.0227203369140625
2026-09-17T07:32:17.676333,1789630337676333600,66.11833349609375,-0.1395721435546875,-0.0472564697265625,-0.5626678466796875
2026-09-17T07:32:17.686293,1789630337686293500,66.12829345703125,-0.1382598876953125,-0.099212646484375,-0.859649658203125
2026-09-17T07:32:17.696253,1789630337696253400,66.13825341796876,-0.05853271484375,-0.073944091796875,-1.6459808349609375
2026-09-17T07:32:17.706212,1789630337706212900,66.148212890625,0.0999908447265625,-0.0264129638671875,-0.9963836669921876
2026-09-17T07:32:17.716172,1789630337716172800,66.1581728515625,0.0559539794921875,-0.0115814208984375,-0.96484375
2026-09-17T07:32:17.726132,1789630337726132700,66.1681328125,-0.0173492431640625,0.007720947265625,-0.3986358642578125
2026-09-17T07:32:17.736092,1789630337736092700,66.1780927734375,0.011932373046875,-0.1009674072265625,-1.2844696044921875
2026-09-17T07:32:17.746052,1789630337746052900,66.18805297851563,-0.041473388671875,-0.0647125244140625,-1.392974853515625
2026-09-17T07:32:17.756011,1789630337756011800,66.19801171875,-0.0112152099609375,-0.01361083984375,-0.865753173828125
2026-09-17T07:32:17.765971,1789630337765971700,66.2079716796875,-0.02606201171875,-0.055755615234375,-0.66314697265625
2026-09-17T07:32:17.775931,1789630337775931600,66.217931640625,-0.0879364013671875,-0.0867919921875,-1.1083221435546875
2026-09-17T07:32:17.785891,1789630337785891800,66.22789184570313,-0.0214385986328125,-0.08636474609375,-1.2299957275390625
2026-09-17T07:32:17.795851,1789630337795851800,66.23785180664062,0.042327880859375,-0.040069580078125,-0.9410247802734376
2026-09-17T07:32:17.805810,1789630337805810700,66.24781079101562,0.029449462890625,-0.037322998046875,-0.6717987060546875
2026-09-17T07:32:17.815770,1789630337815770600,66.2577705078125,0.0181732177734375,-0.095550537109375,-1.0983734130859375
2026-09-17T07:32:17.825730,1789630337825730600,66.26773046875,0.0035858154296875,-0.06219482421875,-1.332733154296875
2026-09-17T07:32:17.835690,1789630337835690800,66.27769067382812,-0.0653839111328125,-0.0153961181640625,-0.909942626953125
2026-09-17T07:32:17.845650,1789630337845650700,66.28765063476563,-0.074127197265625,-0.0269622802734375,-0.900970458984375
2026-09-17T07:32:17.855609,1789630337855609600,66.29760961914063,-0.0558624267578125,-0.0265045166015625,-0.9820098876953124
2026-09-17T07:32:17.865569,1789630337865569500,66.30756958007812,-0.0059661865234375,-0.005889892578125,-1.0959320068359375
2026-09-17T07:32:17.875529,1789630337875529700,66.31752978515625,0.0241546630859375,-0.018829345703125,-1.1646575927734375
2026-09-17T07:32:17.885489,1789630337885489700,66.32748974609375,-0.0582427978515625,0.0093841552734375,-1.0361175537109375
2026-09-17T07:32:17.895449,1789630337895449600,66.33744970703125,-0.0377349853515625,0.0022430419921875,-0.7952728271484375
2026-09-17T07:32:17.905408,1789630337905408500,66.34740844726562,-0.0418243408203125,-0.0146942138671875,-1.1573638916015625
2026-09-17T07:32:17.915368,1789630337915368400,66.35736840820313,-0.0612030029296875,0.008392333984375,-0.958953857421875
2026-09-17T07:32:17.925328,1789630337925328600,66.36732861328124,0.089447021484375,-0.0186309814453125,-1.0866851806640625
2026-09-17T07:32:17.935288,1789630337935288600,66.37728857421875,0.13677978515625,-0.0023193359375,-1.0329742431640625
2026-09-17T07:32:17.945248,1789630337945248500,66.38724853515625,-0.026947021484375,-0.0070953369140625,-0.946533203125
2026-09-17T07:32:17.955207,1789630337955207700,66.39720776367187,-0.1725006103515625,-0.02911376953125,-0.840789794921875
2026-09-17T07:32:17.965167,1789630337965167600,66.40716772460938,-0.0443267822265625,-0.017120361328125,-0.778839111328125
2026-09-17T07:32:17.975127,1789630337975127800,66.4171279296875,0.0727081298828125,0.032318115234375,-1.1925506591796875
2026-09-17T07:32:17.985087,1789630337985087700,66.42708764648438,-0.02685546875,-0.01824951171875,-1.177337646484375
2026-09-17T07:32:17.995047,1789630337995047700,66.43704760742187,-0.0603485107421875,-0.0412445068359375,-1.193389892578125
2026-09-17T07:32:18.005006,1789630338005006600,66.44700659179688,-0.0289154052734375,0.0399017333984375,-0.6416778564453125
2026-09-17T07:32:18.014966,1789630338014966800,66.456966796875,0.0635833740234375,0.025390625,-0.8823089599609375
2026-09-17T07:32:18.024926,1789630338024926700,66.4669267578125,0.111724853515625,0.00531005859375,-0.9443511962890624
2026-09-17T07:32:18.034886,1789630338034886700,66.47688671875,0.0051116943359375,-0.058258056640625,-1.328704833984375
2026-09-17T07:32:18.044846,1789630338044846600,66.4868466796875,-0.1244964599609375,0.0195465087890625,-0.985870361328125
2026-09-17T07:32:18.054805,1789630338054805500,66.49680541992187,-0.025390625,0.0439605712890625,-0.8050537109375
2026-09-17T07:32:18.064765,1789630338064765700,66.506765625,0.0197296142578125,0.0640106201171875,-0.9362335205078124
2026-09-17T07:32:18.074725,1789630338074725600,66.5167255859375,0.0228271484375,-0.02191162109375,-1.0640411376953125
2026-09-17T07:32:18.084685,1789630338084685600,66.526685546875,-0.0761566162109375,-0.0387420654296875,-1.2186126708984375
2026-09-17T07:32:18.094645,1789630338094645500,66.5366455078125,-0.006500244140625,0.00128173828125,-0.83447265625
2026-09-17T07:32:18.104604,1789630338104604700,66.54660473632812,0.0265960693359375,0.0056304931640625,-0.930694580078125
2026-09-17T07:32:18.114564,1789630338114564600,66.55656469726563,0.0305633544921875,-0.0357666015625,-1.0576324462890625
2026-09-17T07:32:18.124524,1789630338124524500,66.56652465820312,-0.021453857421875,-0.0211944580078125,-1.0628509521484375
2026-09-17T07:32:18.134484,1789630338134484500,66.576484375,-0.112579345703125,-0.0585174560546875,-0.993255615234375
2026-09-17T07:32:18.144444,1789630338144444700,66.58644458007812,-0.0269775390625,-0.02716064453125,-1.0313568115234375
2026-09-17T07:32:18.154403,1789630338154403600,66.59640356445313,0.0268402099609375,-0.0243988037109375,-0.9214019775390624
2026-09-17T07:32:18.164363,1789630338164363500,66.60636352539062,-0.0129241943359375,-0.054473876953125,-1.21246337890625
2026-09-17T07:32:18.174323,1789630338174323500,66.61632348632813,-0.057159423828125,-0.0164031982421875,-0.9556732177734376
2026-09-17T07:32:18.184283,1789630338184283400,66.62628344726562,0.0103912353515625,-0.028350830078125,-0.838836669921875
2026-09-17T07:32:18.194243,1789630338194243600,66.63624365234375,-0.0959930419921875,-0.0056610107421875,-1.0782012939453125
2026-09-17T07:32:18.204202,1789630338204202800,66.64620263671875,0.055206298828125,-0.028350830078125,-1.0087738037109375
2026-09-17T07:32:18.214162,1789630338214162700,66.65616259765625,0.041046142578125,-0.02093505859375,-1.1584625244140625
2026-09-17T07:32:18.224122,1789630338224122600,66.66612255859376,0.036865234375,0.0051727294921875,-0.844268798828125
2026-09-17T07:32:18.234082,1789630338234082800,66.67608276367187,-0.0588531494140625,-0.050018310546875,-1.16357421875
2026-09-17T07:32:18.244041,1789630338244041700,66.68604174804688,-0.133819580078125,-0.0409393310546875,-0.6403350830078125
2026-09-17T07:32:18.254001,1789630338254001700,66.69600170898437,-0.140045166015625,-0.0882415771484375,-1.1717071533203125
2026-09-17T07:32:18.263961,1789630338263961600,66.70596166992188,-0.1256256103515625,-0.0078582763671875,-1.098052978515625
2026-09-17T07:32:18.273921,1789630338273921800,66.715921875,0.2312469482421875,-0.08319091796875,-1.0327301025390625
2026-09-17T07:32:18.283881,1789630338283881700,66.7258818359375,0.0366363525390625,-0.0422515869140625,-1.0954132080078125
2026-09-17T07:32:18.293840,1789630338293840600,66.73584057617188,0.060791015625,-0.03070068359375,-0.6363372802734375
2026-09-17T07:32:18.303800,1789630338303800600,66.74580053710937,0.0836181640625,-0.122711181640625,-1.08355712890625
2026-09-17T07:32:18.313760,1789630338313760500,66.75576049804687,0.0176239013671875,-0.027984619140625,-1.158538818359375
2026-09-17T07:32:18.323720,1789630338323720700,66.765720703125,-0.0389251708984375,-0.03680419921875,-1.0827789306640625
2026-09-17T07:32:18.333680,1789630338333680600,66.7756806640625,-0.1175384521484375,-0.03228759765625,-0.9102783203125
2026-09-17T07:32:18.343639,1789630338343639600,66.7856396484375,0.0086669921875,0.020263671875,-0.909149169921875
2026-09-17T07:32:18.353599,1789630338353599500,66.795599609375,0.027496337890625,-0.033172607421875,-1.0304718017578125
2026-09-17T07:32:18.363559,1789630338363559700,66.8055595703125,0.0349884033203125,-0.0433197021484375,-1.1282958984375
2026-09-17T07:32:18.373519,1789630338373519600,66.81551953125,-0.0291900634765625,0.00445556640625,-0.7999725341796875
2026-09-17T07:32:18.383479,1789630338383479600,66.8254794921875,0.089813232421875,-0.048675537109375,-1.013458251953125
2026-09-17T07:32:18.393438,1789630338393438500,66.8354384765625,0.0311737060546875,-0.023681640625,-1.056915283203125
2026-09-17T07:32:18.403398,1789630338403398400,66.8453984375,-0.042999267578125,-0.0216522216796875,-0.97802734375
2026-09-17T07:32:18.413358,1789630338413358600,66.85535864257812,-0.0749664306640625,-0.0535430908203125,-1.1016845703125
2026-09-17T07:32:18.423318,1789630338423318500,66.86531860351562,-0.0077362060546875,-0.016998291015625,-0.8665313720703125
2026-09-17T07:32:18.433278,1789630338433278500,66.87527856445313,0.07196044921875,-0.0183868408203125,-0.9683685302734376
2026-09-17T07:32:18.443237,1789630338443237600,66.88523754882813,0.03057861328125,-0.06201171875,-1.054656982421875
2026-09-17T07:32:18.453197,1789630338453197800,66.89519775390625,-0.0422210693359375,-0.0255126953125,-1.2596588134765625
2026-09-17T07:32:18.463157,1789630338463157800,66.90515771484375,-0.01409912109375,0.00830078125,-0.8062896728515625
2026-09-17T07:32:18.473117,1789630338473117700,66.91511767578125,-0.0303802490234375,-0.012298583984375,-0.9136199951171876
2026-09-17T07:32:18.483077,1789630338483077600,66.92507763671875,-0.0108642578125,0.00921630859375,-1.1318206787109375
2026-09-17T07:32:18.493036,1789630338493036500,66.93503662109374,0.0609588623046875,0.0092010498046875,-1.1010589599609375
2026-09-17T07:32:18.502996,1789630338502996700,66.94499682617187,0.0475616455078125,0.010498046875,-0.9634857177734376
2026-09-17T07:32:18.512956,1789630338512956700,66.95495678710938,-0.00469970703125,0.01251220703125,-1.1307525634765625
2026-09-17T07:32:18.522916,1789630338522916600,66.96491650390625,-0.139495849609375,0.006195068359375,-0.7339630126953125
2026-09-17T07:32:18.532876,1789630338532876800,66.97487670898437,-0.0744781494140625,-0.0513458251953125,-0.7706451416015625
2026-09-17T07:32:18.542835,1789630338542835700,66.98483569335937,-0.12884521484375,0.003509521484375,-1.5208282470703125
2026-09-17T07:32:18.552795,1789630338552795600,66.99479565429688,0.081085205078125,-0.0143280029296875,-1.150421142578125
2026-09-17T07:32:18.562755,1789630338562755600,67.00475561523437,0.0447235107421875,0.0302276611328125,-0.86309814453125
2026-09-17T07:32:18.572715,1789630338572715500,67.01471557617188,-0.019866943359375,0.0158538818359375,-0.4176483154296875
2026-09-17T07:32:18.582675,1789630338582675700,67.02467578125,0.0207366943359375,-0.0361328125,-1.3388671875
2026-09-17T07:32:18.592634,1789630338592634600,67.03463452148438,0.0372161865234375,-0.045623779296875,-1.371673583984375
2026-09-17T07:32:18.602594,1789630338602594600,67.04459448242187,-0.0534820556640625,0.095703125,-0.7852783203125
2026-09-17T07:32:18.612554,1789630338612554500,67.05455444335938,0.04559326171875,0.019500732421875,-0.611083984375
2026-09-17T07:32:18.622514,1789630338622514700,67.0645146484375,-0.0535888671875,-0.0330352783203125,-1.1805877685546875
2026-09-17T07:32:18.632474,1789630338632474600,67.074474609375,-0.0203704833984375,3.0517578125e-05,-1.319732666015625
2026-09-17T07:32:18.642433,1789630338642433500,67.08443359375,0.0294647216796875,0.0156707763671875,-0.8772430419921875
2026-09-17T07:32:18.652393,1789630338652393500,67.0943935546875,0.032623291015625,0.019195556640625,-0.569580078125
2026-09-17T07:32:18.662353,1789630338662353400,67.104353515625,-0.0364990234375,-0.0749664306640625,-1.1173095703125
2026-09-17T07:32:18.672313,1789630338672313600,67.11431372070312,0.0224609375,-0.0895233154296875,-1.306365966796875
2026-09-17T07:32:18.682273,1789630338682273500,67.1242734375,0.00933837890625,-0.0102081298828125,-0.94171142578125
2026-09-17T07:32:18.692232,1789630338692232700,67.13423266601562,-0.0317230224609375,-0.0352783203125,-0.7197418212890625
2026-09-17T07:32:18.702192,1789630338702192600,67.14419262695313,-0.0365753173828125,-0.0714111328125,-0.94769287109375
2026-09-17T07:32:18.712152,1789630338712152800,67.15415283203124,-0.0328216552734375,-0.0531768798828125,-1.23004150390625
2026-09-17T07:32:18.722112,1789630338722112800,67.16411279296875,0.096954345703125,-0.00299072265625,-1.1720428466796875
2026-09-17T07:32:18.732072,1789630338732072700,67.17407275390624,0.020294189453125,-0.01007080078125,-0.6618499755859375
2026-09-17T07:32:18.742031,1789630338742031600,67.18403149414063,-0.1238861083984375,-0.0699615478515625,-1.097564697265625
2026-09-17T07:32:18.751991,1789630338751991600,67.19399145507812,-0.03839111328125,-0.0469818115234375,-1.0496826171875
2026-09-17T07:32:18.761951,1789630338761951700,67.20395166015625,0.0224456787109375,-0.03753662109375,-1.1147613525390625
2026-09-17T07:32:18.771911,1789630338771911700,67.21391162109374,0.051361083984375,-0.0216064453125,-0.7950286865234375
2026-09-17T07:32:18.781871,1789630338781871600,67.22387158203125,0.073333740234375,-0.07952880859375,-1.00048828125
2026-09-17T07:32:18.791830,1789630338791830500,67.23383056640625,-0.0349884033203125,-0.0913238525390625,-0.9572906494140624
2026-09-17T07:32:18.801790,1789630338801790700,67.24379077148437,0.069122314453125,-0.0494537353515625,-1.3346405029296875
2026-09-17T07:32:18.811750,1789630338811750700,67.25375073242188,-0.007568359375,-0.0255126953125,-0.64739990234375
2026-09-17T07:32:18.821710,1789630338821710600,67.26371069335937,-0.0619354248046875,-0.117889404296875,-0.9273223876953124
2026-09-17T07:32:18.831670,1789630338831670500,67.27367041015626,-0.2077789306640625,-0.121429443359375,-1.051513671875
2026-09-17T07:32:18.841629,1789630338841629400,67.28362939453125,-0.01171875,-0.0746612548828125,-1.3473968505859375
2026-09-17T07:32:18.851589,1789630338851589600,67.29358959960938,0.0731201171875,-0.029388427734375,-0.712738037109375
2026-09-17T07:32:18.861549,1789630338861549600,67.30354956054687,0.03570556640625,-0.0499725341796875,-0.9876556396484376
2026-09-17T07:32:18.871509,1789630338871509500,67.31350952148438,0.0808563232421875,-0.0384063720703125,-0.98724365234375
2026-09-17T07:32:18.881469,1789630338881469700,67.3234697265625,0.0718231201171875,-0.0264129638671875,-1.199951171875
2026-09-17T07:32:18.891428,1789630338891428600,67.3334287109375,0.0098724365234375,0.0155792236328125,-0.7369232177734375
2026-09-17T07:32:18.901388,1789630338901388500,67.34338842773437,-0.0561981201171875,-0.0523681640625,-1.1254730224609375
2026-09-17T07:32:18.911348,1789630338911348500,67.35334838867188,-0.1680145263671875,-0.0487823486328125,-1.1103515625
2026-09-17T07:32:18.921308,1789630338921308400,67.36330834960937,0.0084228515625,-0.0150146484375,-1.0504302978515625
2026-09-17T07:32:18.931268,1789630338931268600,67.3732685546875,0.0272369384765625,-0.0065765380859375,-0.68603515625
2026-09-17T07:32:18.941227,1789630338941227800,67.38322778320313,0.0328521728515625,-0.0761871337890625,-1.152587890625
2026-09-17T07:32:18.951187,1789630338951187700,67.39318774414062,0.0098724365234375,-0.0391693115234375,-1.0992431640625
2026-09-17T07:32:18.961147,1789630338961147400,67.4031474609375,0.0782012939453125,-0.0241851806640625,-1.1077117919921875
2026-09-17T07:32:18.971107,1789630338971107600,67.41310766601562,-0.009185791015625,0.0375213623046875,-0.730133056640625
2026-09-17T07:32:18.981067,1789630338981067500,67.42306762695313,-0.0716552734375,-0.0330810546875,-0.9951171875
2026-09-17T07:32:18.991026,1789630338991026400,67.4330263671875,-0.037353515625,-0.0243377685546875,-1.1464080810546875
2026-09-17T07:32:19.000986,1789630339000986400,67.442986328125,0.0084991455078125,0.0467529296875,-1.20062255859375
2026-09-17T07:32:19.010946,1789630339010946600,67.45294653320312,0.0683746337890625,0.0760040283203125,-0.7425384521484375
2026-09-17T07:32:19.020906,1789630339020906500,67.46290649414063,-0.0265350341796875,0.0124664306640625,-0.9951171875
2026-09-17T07:32:19.030866,1789630339030866400,67.47286645507812,-0.08642578125,0.0018463134765625,-1.2415313720703125
2026-09-17T07:32:19.040825,1789630339040825300,67.48282543945312,-0.030059814453125,0.0356597900390625,-1.13262939453125
2026-09-17T07:32:19.050785,1789630339050785300,67.49278540039063,-0.0285491943359375,0.0333099365234375,-0.7890625
2026-09-17T07:32:19.060745,1789630339060745500,67.50274536132812,0.021270751953125,0.008819580078125,-0.850982666015625
2026-09-17T07:32:19.070705,1789630339070705400,67.51270532226563,0.0748748779296875,-0.0265045166015625,-1.312774658203125
2026-09-17T07:32:19.080665,1789630339080665300,67.52266528320312,0.077301025390625,0.0305938720703125,-1.0004119873046875
2026-09-17T07:32:19.090624,1789630339090624300,67.53262426757813,0.0336761474609375,0.039276123046875,-1.0013275146484375
2026-09-17T07:32:19.100584,1789630339100584400,67.54258447265624,-0.1486053466796875,0.05279541015625,-0.557342529296875
2026-09-17T07:32:19.110544,1789630339110544400,67.55254443359375,-0.169158935546875,-0.03533935546875,-1.0033416748046875
2026-09-17T07:32:19.120504,1789630339120504300,67.56250439453125,-0.1508941650390625,-0.012115478515625,-1.344451904296875
2026-09-17T07:32:19.130464,1789630339130464300,67.57246435546875,0.1949920654296875,0.0748443603515625,-1.32147216796875
2026-09-17T07:32:19.140423,1789630339140423400,67.58242333984376,0.11322021484375,0.094482421875,-0.708587646484375
2026-09-17T07:32:19.150383,1789630339150383400,67.59238330078125,-0.0194091796875,0.0302581787109375,-0.4124298095703125
2026-09-17T07:32:19.160343,1789630339160343300,67.60234326171874,-0.0232696533203125,-0.054656982421875,-1.5506591796875
2026-09-17T07:32:19.170303,1789630339170303200,67.61230322265625,0.053436279296875,0.0098876953125,-1.224945068359375
2026-09-17T07:32:19.180263,1789630339180263400,67.62226342773438,-0.059967041015625,0.0449676513671875,-0.6978302001953125
2026-09-17T07:32:19.190222,1789630339190222600,67.63222265625,-0.0651702880859375,0.017303466796875,-0.6970062255859375
2026-09-17T07:32:19.200182,1789630339200182500,67.6421826171875,-0.10028076171875,-0.0890655517578125,-1.42730712890625
2026-09-17T07:32:19.210142,1789630339210142500,67.652142578125,-0.0118560791015625,-0.008697509765625,-1.192718505859375
2026-09-17T07:32:19.220102,1789630339220102400,67.66210229492188,0.1123809814453125,0.046539306640625,-0.76812744140625
2026-09-17T07:32:19.230062,1789630339230062600,67.6720625,0.0776824951171875,0.0233612060546875,-0.7728729248046875
2026-09-17T07:32:19.240021,1789630339240021500,67.682021484375,-0.079010009765625,-0.051116943359375,-1.2126312255859375
2026-09-17T07:32:19.249981,1789630339249981400,67.6919814453125,-0.046234130859375,-0.0167694091796875,-1.19097900390625
2026-09-17T07:32:19.259941,1789630339259941400,67.70194140625,-0.00311279296875,0.04730224609375,-0.9809112548828124
2026-09-17T07:32:19.269901,1789630339269901600,67.71190161132813,0.0205841064453125,0.005401611328125,-0.6863555908203125
2026-09-17T07:32:19.279860,1789630339279860500,67.72186059570312,0.002227783203125,-0.0515289306640625,-1.0668487548828125
2026-09-17T07:32:19.289820,1789630339289820400,67.7318203125,-0.0003662109375,-0.0340728759765625,-1.35723876953125
2026-09-17T07:32:19.299780,1789630339299780400,67.7417802734375,0.05517578125,-0.014434814453125,-0.8337249755859375
2026-09-17T07:32:19.309740,1789630339309740300,67.751740234375,0.0077056884765625,-0.02227783203125,-0.7730712890625
2026-09-17T07:32:19.319700,1789630339319700500,67.76170043945312,-0.0513458251953125,-0.06402587890625,-1.0996246337890625
2026-09-17T07:32:19.329660,1789630339329660400,67.77166040039063,-0.0691070556640625,-0.07061767578125,-1.2998504638671875
2026-09-17T07:32:19.339619,1789630339339619300,67.78161938476562,-0.0413360595703125,-0.017181396484375,-0.9572906494140624
2026-09-17T07:32:19.349579,1789630339349579300,67.79157934570313,-0.0158843994140625,-0.0029296875,-0.6949005126953125
2026-09-17T07:32:19.359539,1789630339359539500,67.80153955078126,0.112701416015625,-0.0389556884765625,-0.9672698974609376
2026-09-17T07:32:19.369499,1789630339369499400,67.81149951171875,0.0611572265625,-0.07513427734375,-1.2103729248046875
2026-09-17T07:32:19.379459,1789630339379459300,67.82145922851562,0.014801025390625,-0.0633392333984375,-1.2898406982421875
2026-09-17T07:32:19.389418,1789630339389418200,67.83141821289063,-0.144256591796875,-0.0162811279296875,-0.9818878173828124
2026-09-17T07:32:19.399378,1789630339399378200,67.84137817382812,-0.1327362060546875,-0.0447540283203125,-0.451141357421875
2026-09-17T07:32:19.409338,1789630339409338400,67.85133837890625,0.0864105224609375,-0.00946044921875,-0.8522796630859375
2026-09-17T07:32:19.419298,1789630339419298300,67.86129833984376,0.0509796142578125,-0.0111083984375,-1.804595947265625
2026-09-17T07:32:19.429258,1789630339429258200,67.87125830078125,-0.145477294921875,0.0113677978515625,-0.9842376708984376
2026-09-17T07:32:19.439217,1789630339439217400,67.88121752929688,-0.0272674560546875,-0.0316009521484375,-0.671112060546875
2026-09-17T07:32:19.449177,1789630339449177600,67.89117749023437,0.041717529296875,0.0535125732421875,-0.82470703125
2026-09-17T07:32:19.459137,1789630339459137500,67.90113745117188,0.0887908935546875,-0.03564453125,-1.085357666015625
2026-09-17T07:32:19.469097,1789630339469097500,67.91109741210937,0.0811614990234375,-0.0614166259765625,-1.2305450439453125
2026-09-17T07:32:19.479057,1789630339479057400,67.92105737304688,-0.2122039794921875,-0.0458831787109375,-0.97332763671875
2026-09-17T07:32:19.489016,1789630339489016300,67.93101635742188,-0.048004150390625,-0.0524139404296875,-0.9361724853515624
2026-09-17T07:32:19.498976,1789630339498976500,67.9409765625,0.0959625244140625,-0.0220947265625,-1.09234619140625
2026-09-17T07:32:19.508936,1789630339508936400,67.9509365234375,0.02105712890625,-0.0271148681640625,-0.813140869140625
2026-09-17T07:32:19.518896,1789630339518896400,67.960896484375,-0.1031036376953125,-0.08251953125,-1.09735107421875
2026-09-17T07:32:19.528855,1789630339528855300,67.97085522460938,-0.008819580078125,-0.0648193359375,-1.1484832763671875
2026-09-17T07:32:19.538815,1789630339538815500,67.9808154296875,0.0584716796875,0.00592041015625,-0.8197784423828125
2026-09-17T07:32:19.548775,1789630339548775400,67.990775390625,0.019439697265625,-0.00689697265625,-0.9717559814453124
2026-09-17T07:32:19.558735,1789630339558735400,68.0007353515625,-0.0033721923828125,-0.0407867431640625,-1.088592529296875
2026-09-17T07:32:19.568695,1789630339568695300,68.0106953125,-0.0786895751953125,-0.0287017822265625,-0.9897308349609376
2026-09-17T07:32:19.578655,1789630339578655500,68.02065551757812,-0.0511474609375,-0.0217437744140625,-1.2237548828125
2026-09-17T07:32:19.588614,1789630339588614400,68.03061450195312,-0.0084381103515625,0.007598876953125,-0.7832794189453125
2026-09-17T07:32:19.598574,1789630339598574300,68.04057421875,-0.004669189453125,-0.0323638916015625,-0.882293701171875
2026-09-17T07:32:19.608534,1789630339608534300,68.0505341796875,-0.076202392578125,-0.0385284423828125,-1.2070465087890625
2026-09-17T07:32:19.618494,1789630339618494500,68.06049438476562,-0.0213775634765625,-0.0447235107421875,-1.111572265625
2026-09-17T07:32:19.628453,1789630339628453400,68.07045336914062,-0.0903167724609375,-0.021881103515625,-0.8944854736328125
2026-09-17T07:32:19.638413,1789630339638413300,68.08041333007813,0.01800537109375,-0.0022735595703125,-0.767974853515625
2026-09-17T07:32:19.648373,1789630339648373200,68.09037329101562,0.11236572265625,-0.0402069091796875,-1.1984405517578125
2026-09-17T07:32:19.658333,1789630339658333200,68.10033325195313,0.1426544189453125,-0.0175628662109375,-1.2438201904296875
2026-09-17T07:32:19.668293,1789630339668293400,68.11029345703125,-0.120758056640625,-0.00152587890625,-0.8444976806640625
2026-09-17T07:32:19.678252,1789630339678252500,68.12025244140625,-0.233612060546875,-0.023712158203125,-0.5472869873046875
2026-09-17T07:32:19.688212,1789630339688212500,68.13021240234374,-0.2194976806640625,0.0008392333984375,-1.4427337646484375
2026-09-17T07:32:19.698172,1789630339698172400,68.14017236328125,0.0879669189453125,-0.0061798095703125,-1.19354248046875
2026-09-17T07:32:19.708132,1789630339708132600,68.15013256835938,0.13818359375,0.037353515625,-1.2761688232421875
2026-09-17T07:32:19.718092,1789630339718092500,68.16009252929688,0.0709075927734375,0.0321807861328125,-0.4523468017578125
2026-09-17T07:32:19.728051,1789630339728051500,68.17005151367188,0.05255126953125,-0.05242919921875,-0.6253204345703125
2026-09-17T07:32:19.738011,1789630339738011400,68.18001147460937,0.0343780517578125,-0.08038330078125,-1.80181884765625
2026-09-17T07:32:19.747971,1789630339747971300,68.18997143554688,0.0036468505859375,-0.006591796875,-0.8241119384765625
2026-09-17T07:32:19.757931,1789630339757931500,68.199931640625,-0.096099853515625,-0.03375244140625,-0.8896026611328125
2026-09-17T07:32:19.767891,1789630339767891500,68.20989135742188,-0.093963623046875,-0.0030670166015625,-0.66204833984375
2026-09-17T07:32:19.777850,1789630339777850400,68.21985034179687,0.0295562744140625,-0.0768585205078125,-1.3207855224609375
2026-09-17T07:32:19.787810,1789630339787810300,68.22981030273438,-0.009490966796875,-0.060455322265625,-1.01708984375
2026-09-17T07:32:19.797770,1789630339797770500,68.2397705078125,-0.02105712890625,0.0035552978515625,-0.9329071044921876
2026-09-17T07:32:19.807730,1789630339807730400,68.24973046875,0.1092987060546875,-0.0153350830078125,-0.8298187255859375
2026-09-17T07:32:19.817690,1789630339817690400,68.2596904296875,0.0919342041015625,-0.0669403076171875,-1.0224761962890625
2026-09-17T07:32:19.827649,1789630339827649300,68.26964916992188,-0.09490966796875,-0.0506134033203125,-1.260284423828125
2026-09-17T07:32:19.837609,1789630339837609200,68.27960913085937,-0.0214385986328125,-0.0349578857421875,-0.817779541015625
2026-09-17T07:32:19.847569,1789630339847569400,68.2895693359375,-0.0863494873046875,-0.07659912109375,-1.0391082763671875
2026-09-17T07:32:19.857529,1789630339857529300,68.299529296875,0.0263824462890625,-0.046600341796875,-0.8557281494140625
2026-09-17T07:32:19.867489,1789630339867489300,68.3094892578125,0.010650634765625,-0.121185302734375,-1.2843170166015625
2026-09-17T07:32:19.877448,1789630339877448400,68.31944848632813,-0.0001983642578125,-0.0178680419921875,-1.07366943359375
2026-09-17T07:32:19.887408,1789630339887408400,68.32940844726562,0.0176544189453125,-0.0615081787109375,-0.9453125
2026-09-17T07:32:19.897368,1789630339897368300,68.33936840820313,-0.137054443359375,-0.0769805908203125,-0.96868896484375
2026-09-17T07:32:19.907328,1789630339907328300,68.34932836914062,-0.056365966796875,0.0032806396484375,-0.7121124267578125
2026-09-17T07:32:19.917288,1789630339917288200,68.3592880859375,0.1869964599609375,-0.0714263916015625,-1.19305419921875
2026-09-17T07:32:19.927247,1789630339927247600,68.36924755859376,0.1174468994140625,-0.0222930908203125,-1.27923583984375
2026-09-17T07:32:19.937207,1789630339937207600,68.37920751953125,-0.0366668701171875,-0.037261962890625,-0.7937164306640625
2026-09-17T07:32:19.947167,1789630339947167500,68.38916748046876,-0.098907470703125,-0.0347747802734375,-0.7559967041015625
2026-09-17T07:32:19.957127,1789630339957127400,68.39912744140625,-0.19891357421875,-0.0459747314453125,-1.0306854248046875
2026-09-17T07:32:19.967087,1789630339967087900,68.409087890625,-0.067413330078125,-0.02093505859375,-1.2353973388671875
2026-09-17T07:32:19.977046,1789630339977046800,68.419046875,0.066131591796875,-0.024505615234375,-1.2749176025390625
2026-09-17T07:32:19.987006,1789630339987006700,68.4290068359375,0.06597900390625,0.0211944580078125,-0.711578369140625
2026-09-17T07:32:19.996967,1789630339996967000,68.438966796875,0.124114990234375,-0.00439453125,-0.523162841796875
2026-09-17T07:32:20.006926,1789630340006926800,68.4489267578125,0.0692138671875,-0.0596466064453125,-1.449798583984375
2026-09-17T07:32:20.016886,1789630340016886800,68.45888671875,-0.0252227783203125,-0.019256591796875,-1.0998382568359375
2026-09-17T07:32:20.026845,1789630340026845700,68.468845703125,-0.0746612548828125,-0.03778076171875,-1.08099365234375
2026-09-17T07:32:20.036806,1789630340036806000,68.47880590820313,-0.0677032470703125,0.018310546875,-0.646331787109375
2026-09-17T07:32:20.046765,1789630340046765800,68.48876586914062,0.0048065185546875,-0.05511474609375,-1.0829315185546875
2026-09-17T07:32:20.056725,1789630340056725800,68.49872583007813,0.01898193359375,-0.0609283447265625,-1.1071624755859375
2026-09-17T07:32:20.066685,1789630340066685700,68.50868579101562,0.0626678466796875,-0.0065765380859375,-1.0745391845703125
2026-09-17T07:32:20.076644,1789630340076644900,68.51864477539063,0.0714111328125,0.037261962890625,-0.8897247314453125
2026-09-17T07:32:20.086604,1789630340086604800,68.52860473632812,0.0545196533203125,0.0203094482421875,-0.8195648193359375
2026-09-17T07:32:20.096564,1789630340096564700,68.53856469726563,-0.1085968017578125,0.0167999267578125,-1.197021484375
2026-09-17T07:32:20.106524,1789630340106524700,68.54852465820312,-0.0839996337890625,0.004852294921875,-1.1379547119140625
2026-09-17T07:32:20.116484,1789630340116484900,68.55848486328125,-0.0686187744140625,0.0367584228515625,-0.93798828125
2026-09-17T07:32:20.126443,1789630340126443800,68.56844384765625,0.0682830810546875,0.050628662109375,-0.7515106201171875
2026-09-17T07:32:20.136403,1789630340136403700,68.57840380859375,0.046112060546875,-0.01055908203125,-1.3591766357421875
2026-09-17T07:32:20.146363,1789630340146363600,68.58836376953126,-0.026580810546875,0.007232666015625,-1.0488433837890625
2026-09-17T07:32:20.156323,1789630340156323600,68.59832348632813,-0.0402374267578125,0.05169677734375,-0.9669342041015624
2026-09-17T07:32:20.166283,1789630340166283800,68.60828369140626,-0.0750732421875,0.040130615234375,-0.8749847412109375
2026-09-17T07:32:20.176243,1789630340176243000,68.61824291992187,0.0362548828125,0.0324249267578125,-0.9732513427734376
2026-09-17T07:32:20.186203,1789630340186203000,68.62820288085938,0.02734375,0.009429931640625,-1.2737579345703125
2026-09-17T07:32:20.196162,1789630340196162800,68.63816284179687,0.0470123291015625,0.0715179443359375,-1.030731201171875
2026-09-17T07:32:20.206122,1789630340206122800,68.64812280273438,-0.00946044921875,0.032806396484375,-0.901275634765625
2026-09-17T07:32:20.216082,1789630340216082700,68.65808276367187,-0.1624603271484375,0.0342864990234375,-0.7510223388671875
2026-09-17T07:32:20.226041,1789630340226041900,68.66804174804687,-0.1486663818359375,-0.034515380859375,-1.0847930908203125
2026-09-17T07:32:20.236001,1789630340236001800,68.67800170898437,-0.0804901123046875,0.0228729248046875,-1.2641143798828125
2026-09-17T07:32:20.245961,1789630340245961700,68.68796166992188,0.1881561279296875,0.0495452880859375,-1.0403900146484375
2026-09-17T07:32:20.255922,1789630340255922000,68.697921875,0.0301971435546875,0.00732421875,-0.8237457275390625
2026-09-17T07:32:20.265881,1789630340265881900,68.7078818359375,-0.0156097412109375,-0.033233642578125,-0.5623626708984375
2026-09-17T07:32:20.275840,1789630340275840800,68.7178408203125,-0.018768310546875,-0.0937652587890625,-1.540069580078125
2026-09-17T07:32:20.285800,1789630340285800700,68.72780078125,0.054443359375,0.0114898681640625,-1.02313232421875
2026-09-17T07:32:20.295761,1789630340295761000,68.73776098632813,0.04644775390625,-0.018218994140625,-0.6783599853515625
2026-09-17T07:32:20.305720,1789630340305720800,68.74772094726562,-0.1627044677734375,-0.053253173828125,-0.975128173828125
2026-09-17T07:32:20.315680,1789630340315680800,68.7576806640625,-0.043487548828125,-0.07403564453125,-1.2402191162109375
2026-09-17T07:32:20.325639,1789630340325639700,68.7676396484375,0.046051025390625,-0.0257415771484375,-0.980010986328125
2026-09-17T07:32:20.335599,1789630340335599900,68.77759985351562,0.067657470703125,0.004302978515625,-0.75982666015625
2026-09-17T07:32:20.345559,1789630340345559800,68.78755981445312,0.040740966796875,-0.0626220703125,-0.868560791015625
2026-09-17T07:32:20.355519,1789630340355519700,68.79751977539063,0.0293121337890625,-0.0783233642578125,-1.2253570556640625
2026-09-17T07:32:20.365478,1789630340365478700,68.80747875976563,0.014801025390625,-0.0499114990234375,-1.134552001953125
2026-09-17T07:32:20.375438,1789630340375438600,68.8174384765625,-0.0446624755859375,-0.0412445068359375,-0.773406982421875
2026-09-17T07:32:20.385398,1789630340385398800,68.82739868164063,-0.0196533203125,-0.07891845703125,-0.92547607421875
2026-09-17T07:32:20.395358,1789630340395358700,68.83735864257812,0.0103759765625,-0.0967864990234375,-1.02593994140625
2026-09-17T07:32:20.405318,1789630340405318700,68.84731860351563,0.0464324951171875,-0.0632476806640625,-1.1586456298828125
2026-09-17T07:32:20.415278,1789630340415278600,68.85727856445313,0.0368194580078125,-0.0434722900390625,-0.963470458984375
2026-09-17T07:32:20.425238,1789630340425238000,68.86723803710937,-0.0082550048828125,-0.0526580810546875,-0.7965545654296875
2026-09-17T07:32:20.435198,1789630340435198000,68.87719799804688,-0.03497314453125,-0.1053466796875,-1.09344482421875
2026-09-17T07:32:20.445158,1789630340445158000,68.88715795898437,-0.103729248046875,-0.077362060546875,-1.38348388671875
2026-09-17T07:32:20.455117,1789630340455117800,68.89711791992187,-0.0313262939453125,-0.0123748779296875,-0.64276123046875
2026-09-17T07:32:20.465076,1789630340465076700,68.90707666015625,0.13592529296875,-0.0315704345703125,-0.906707763671875
2026-09-17T07:32:20.475037,1789630340475037000,68.91703686523438,0.1217803955078125,-0.03936767578125,-1.099639892578125
2026-09-17T07:32:20.484996,1789630340484996900,68.92699682617187,0.0547637939453125,-0.0811767578125,-1.42547607421875
2026-09-17T07:32:20.494956,1789630340494956800,68.93695678710938,-0.096832275390625,0.015228271484375,-0.6593475341796875
2026-09-17T07:32:20.504916,1789630340504916700,68.94691674804687,-0.1807098388671875,-0.042510986328125,-0.5131378173828125
2026-09-17T07:32:20.514876,1789630340514876000,68.9568759765625,-0.1843109130859375,-0.07354736328125,-1.6275482177734375
2026-09-17T07:32:20.524835,1789630340524835800,68.9668359375,0.1558380126953125,-0.0222625732421875,-1.0645599365234375
2026-09-17T07:32:20.534795,1789630340534795800,68.97679565429688,0.04168701171875,0.019134521484375,-1.388397216796875
2026-09-17T07:32:20.544755,1789630340544755700,68.98675561523437,-0.0110321044921875,0.0182037353515625,-0.267364501953125
2026-09-17T07:32:20.554716,1789630340554716000,68.9967158203125,0.0495147705078125,-0.1031341552734375,-0.910675048828125
2026-09-17T07:32:20.564674,1789630340564674800,69.0066748046875,0.067657470703125,-0.0640869140625,-1.6425018310546875
2026-09-17T07:32:20.574634,1789630340574634800,69.016634765625,0.0145721435546875,-0.0239410400390625,-0.78704833984375
2026-09-17T07:32:20.584594,1789630340584594700,69.0265947265625,-0.1173553466796875,-0.032958984375,-0.9970703125
2026-09-17T07:32:20.594554,1789630340594554600,69.0365546875,-0.0911102294921875,0.0224151611328125,-0.576568603515625
2026-09-17T07:32:20.604514,1789630340604514800,69.04651489257813,0.023773193359375,-0.048858642578125,-1.5635986328125
2026-09-17T07:32:20.614473,1789630340614473700,69.0564736328125,0.034210205078125,0.042236328125,-0.827789306640625
2026-09-17T07:32:20.624433,1789630340624433700,69.06643359375,-0.0507354736328125,0.0528717041015625,-0.9426116943359376
2026-09-17T07:32:20.634393,1789630340634393600,69.0763935546875,0.1015777587890625,0.03936767578125,-0.9174957275390624
2026-09-17T07:32:20.644353,1789630340644353800,69.08635375976563,0.098175048828125,0.0298309326171875,-0.9993896484375
2026-09-17T07:32:20.654313,1789630340654313700,69.09631372070312,-0.08349609375,0.0057525634765625,-1.21197509765625
2026-09-17T07:32:20.664273,1789630340664273000,69.10627294921875,-0.0988616943359375,0.0284271240234375,-0.85247802734375
2026-09-17T07:32:20.674232,1789630340674232800,69.11623291015626,-0.0246429443359375,0.007537841796875,-0.93048095703125
2026-09-17T07:32:20.684192,1789630340684192800,69.12619287109375,0.0821533203125,0.01483154296875,-1.0372772216796875
2026-09-17T07:32:20.694153,1789630340694153000,69.13615307617188,-0.0232086181640625,-0.009674072265625,-1.183074951171875
2026-09-17T07:32:20.704113,1789630340704113000,69.14611279296875,0.007171630859375,0.024261474609375,-0.942291259765625
2026-09-17T07:32:20.714071,1789630340714071800,69.15607177734375,0.0088348388671875,0.061126708984375,-0.8668670654296875
2026-09-17T07:32:20.724031,1789630340724031700,69.16603173828125,-0.0445709228515625,0.0283966064453125,-1.1336822509765625
2026-09-17T07:32:20.733992,1789630340733992000,69.17599194335938,-0.0475921630859375,0.008087158203125,-0.95965576171875
2026-09-17T07:32:20.743952,1789630340743952000,69.18595190429687,-0.0159912109375,0.042694091796875,-1.043914794921875
2026-09-17T07:32:20.753911,1789630340753911800,69.19591186523438,0.121063232421875,0.0555877685546875,-1.1050872802734375
2026-09-17T07:32:20.763870,1789630340763870700,69.20587060546875,-0.0240631103515625,0.0063018798828125,-0.9789581298828124
2026-09-17T07:32:20.773831,1789630340773831000,69.21583081054688,-0.1654815673828125,0.01483154296875,-0.802947998046875
2026-09-17T07:32:20.783790,1789630340783790800,69.22579077148437,-0.12664794921875,-0.030853271484375,-0.95513916015625
2026-09-17T07:32:20.793750,1789630340793750800,69.23575073242188,-0.074737548828125,0.0059661865234375,-1.200714111328125
2026-09-17T07:32:20.803710,1789630340803710700,69.24571069335937,0.1663818359375,0.0137786865234375,-1.2379150390625
2026-09-17T07:32:20.813669,1789630340813669600,69.25566967773437,0.0845489501953125,0.0247344970703125,-0.8233489990234375
2026-09-17T07:32:20.823629,1789630340823629800,69.2656298828125,-0.0129241943359375,-0.0211029052734375,-0.5554656982421875
2026-09-17T07:32:20.833589,1789630340833589800,69.27558984375,-0.0449981689453125,-0.0358428955078125,-1.4649810791015625
2026-09-17T07:32:20.843549,1789630340843549700,69.2855498046875,0.0608673095703125,0.0276947021484375,-1.0692291259765625
2026-09-17T07:32:20.853509,1789630340853509600,69.29550952148438,-0.0174407958984375,0.0123748779296875,-0.7991943359375
2026-09-17T07:32:20.863468,1789630340863468800,69.30546875,-0.164215087890625,-0.0313873291015625,-0.9765625
2026-09-17T07:32:20.873428,1789630340873428700,69.3154287109375,-0.0514068603515625,-0.0521240234375,-1.237579345703125
2026-09-17T07:32:20.883388,1789630340883388700,69.325388671875,0.04095458984375,-0.0114898681640625,-0.8634796142578125
2026-09-17T07:32:20.893348,1789630340893348600,69.3353486328125,0.08978271484375,-0.0326995849609375,-0.9476165771484376
2026-09-17T07:32:20.903308,1789630340903308800,69.34530883789063,0.0233612060546875,-0.0260772705078125,-0.9829559326171876
2026-09-17T07:32:20.913268,1789630340913268000,69.35526806640625,0.000152587890625,-0.047027587890625,-1.065032958984375
2026-09-17T07:32:20.923228,1789630340923228000,69.36522778320312,-0.0017242431640625,-0.003204345703125,-0.9495849609375
2026-09-17T07:32:20.933187,1789630340933187800,69.37518774414062,-0.0576019287109375,-0.014068603515625,-1.0659942626953125
2026-09-17T07:32:20.943147,1789630340943147800,69.38514770507813,-0.0392608642578125,-0.0225677490234375,-0.8644256591796875
2026-09-17T07:32:20.953107,1789630340953107000,69.39510693359375,-0.0087738037109375,-0.036468505859375,-1.0951995849609375
2026-09-17T07:32:20.963066,1789630340963066600,69.40506665039062,0.0262908935546875,-0.0119781494140625,-1.048828125
2026-09-17T07:32:20.973026,1789630340973026600,69.41502661132813,0.0567474365234375,-0.01361083984375,-1.01409912109375
2026-09-17T07:32:20.982986,1789630340982986500,69.42498657226562,-0.003509521484375,0.0029754638671875,-0.8946990966796875
2026-09-17T07:32:20.992946,1789630340992946400,69.43494653320313,-0.0398712158203125,-0.022979736328125,-0.961883544921875
2026-09-17T07:32:21.002905,1789630341002905600,69.44490551757812,-0.0878753662109375,-0.0394439697265625,-1.2545013427734375
2026-09-17T07:32:21.012865,1789630341012865500,69.45486547851563,-0.0657806396484375,0.002960205078125,-0.8861846923828125
2026-09-17T07:32:21.022825,1789630341022825500,69.46482543945312,0.0233917236328125,-0.01617431640625,-0.8375244140625
2026-09-17T07:32:21.032785,1789630341032785400,69.47478540039063,0.06787109375,-0.019256591796875,-1.0941314697265625
2026-09-17T07:32:21.042745,1789630341042745600,69.48474560546875,0.147491455078125,-0.0164794921875,-1.2038116455078125
2026-09-17T07:32:21.052704,1789630341052704500,69.49470458984375,-0.0206298828125,-0.004608154296875,-0.9619903564453124
2026-09-17T07:32:21.062664,1789630341062664400,69.50466455078126,-0.12353515625,0.004058837890625,-0.59320068359375
2026-09-17T07:32:21.072624,1789630341072624400,69.51462426757813,-0.23516845703125,-0.0556793212890625,-1.0394134521484375
2026-09-17T07:32:21.082584,1789630341082584300,69.52458422851562,0.041168212890625,0.003997802734375,-1.3089447021484375
2026-09-17T07:32:21.092544,1789630341092544500,69.53454443359375,0.190704345703125,0.038177490234375,-1.2339019775390625
2026-09-17T07:32:21.102503,1789630341102503400,69.54450341796876,-0.038970947265625,0.0340728759765625,-0.513824462890625
2026-09-17T07:32:21.112463,1789630341112463400,69.55446337890625,0.041168212890625,-0.0193328857421875,-0.70391845703125
2026-09-17T07:32:21.122423,1789630341122423300,69.56442333984376,0.0634765625,-0.0299224853515625,-1.51318359375
2026-09-17T07:32:21.132383,1789630341132383500,69.57438354492187,0.1377410888671875,0.0538330078125,-1.1345062255859375
2026-09-17T07:32:21.142343,1789630341142343400,69.58434350585938,0.0233917236328125,0.0710601806640625,-0.6535186767578125
2026-09-17T07:32:21.152302,1789630341152302600,69.59430249023437,-0.2168426513671875,-0.0095367431640625,-0.9362335205078124
2026-09-17T07:32:21.162262,1789630341162262500,69.60426245117188,0.0167236328125,0.0097808837890625,-1.231781005859375
2026-09-17T07:32:21.172222,1789630341172222500,69.61422241210937,0.0721282958984375,0.0572052001953125,-0.8851776123046875
2026-09-17T07:32:21.182182,1789630341182182700,69.6241826171875,0.0857696533203125,0.0290374755859375,-0.9459228515625
2026-09-17T07:32:21.192142,1789630341192142600,69.634142578125,-0.0400238037109375,-0.033538818359375,-0.9347076416015624
2026-09-17T07:32:21.202101,1789630341202101500,69.6441015625,-0.0165557861328125,-0.0516204833984375,-1.2193603515625
2026-09-17T07:32:21.212061,1789630341212061400,69.6540615234375,0.0547943115234375,0.04510498046875,-0.9083099365234376
2026-09-17T07:32:21.222021,1789630341222021600,69.66402172851562,-0.0089263916015625,0.0179443359375,-0.9302215576171876
2026-09-17T07:32:21.231981,1789630341231981600,69.67398168945313,-0.05792236328125,0.0195465087890625,-1.0428619384765625
2026-09-17T07:32:21.241940,1789630341241940500,69.6839404296875,-0.04974365234375,0.021270751953125,-1.0205230712890625
2026-09-17T07:32:21.251900,1789630341251900400,69.693900390625,0.0545806884765625,0.028411865234375,-1.093780517578125
2026-09-17T07:32:21.261860,1789630341261860400,69.7038603515625,0.0295257568359375,0.0492706298828125,-0.940887451171875
2026-09-17T07:32:21.271820,1789630341271820500,69.71382055664063,-0.0540313720703125,0.0194854736328125,-1.0366973876953125
2026-09-17T07:32:21.281780,1789630341281780500,69.72378051757812,-0.0517730712890625,0.000335693359375,-1.050262451171875
2026-09-17T07:32:21.291739,1789630341291739400,69.73373950195312,-0.04815673828125,0.0068817138671875,-1.1103973388671875
2026-09-17T07:32:21.301699,1789630341301699300,69.74369921875,-0.119354248046875,0.0021820068359375,-0.9232025146484376
2026-09-17T07:32:21.311659,1789630341311659500,69.75365942382813,0.0764312744140625,-0.0088043212890625,-0.8420562744140625
2026-09-17T07:32:21.321619,1789630341321619500,69.76361938476562,0.0659942626953125,-0.01800537109375,-1.1348724365234375
2026-09-17T07:32:21.331579,1789630341331579400,69.77357934570313,0.0813140869140625,-0.018096923828125,-1.24749755859375
2026-09-17T07:32:21.341538,1789630341341538300,69.78353833007813,-0.066436767578125,-0.046539306640625,-0.8896484375
2026-09-17T07:32:21.351498,1789630341351498500,69.79349853515625,-0.115264892578125,-0.0311737060546875,-0.6853790283203125
2026-09-17T07:32:21.361458,1789630341361458400,69.80345849609375,-0.0642547607421875,-0.044647216796875,-0.973541259765625
2026-09-17T07:32:21.371418,1789630341371418400,69.81341845703125,-0.031707763671875,-0.0268402099609375,-1.3301849365234375
2026-09-17T07:32:21.381378,1789630341381378300,69.82337841796875,-0.060272216796875,0.0010833740234375,-1.0850982666015625
2026-09-17T07:32:21.391337,1789630341391337500,69.83333740234374,-0.0083770751953125,-0.016357421875,-1.0576324462890625
2026-09-17T07:32:21.401297,1789630341401297700,69.84329760742187,0.1064453125,0.0347442626953125,-0.5499267578125
2026-09-17T07:32:21.411257,1789630341411257600,69.85325756835938,0.0524749755859375,-0.0231475830078125,-0.959228515625
2026-09-17T07:32:21.421217,1789630341421217500,69.86321752929688,-0.0399627685546875,-0.0821685791015625,-1.61077880859375
2026-09-17T07:32:21.431177,1789630341431177500,69.87317749023437,-0.1255645751953125,0.0061492919921875,-0.80352783203125
2026-09-17T07:32:21.441136,1789630341441136600,69.88313671875,0.007781982421875,-0.016571044921875,-0.68707275390625
2026-09-17T07:32:21.451096,1789630341451096600,69.8930966796875,0.0176544189453125,-0.045867919921875,-1.2552642822265625
2026-09-17T07:32:21.461056,1789630341461056500,69.90305639648437,-0.0069732666015625,-0.0452880859375,-1.059814453125
2026-09-17T07:32:21.471016,1789630341471016400,69.91301635742188,-0.0119781494140625,-0.0991363525390625,-0.9528961181640624
2026-09-17T07:32:21.480975,1789630341480975400,69.92297534179687,0.0013427734375,-0.0432281494140625,-0.9070892333984376
2026-09-17T07:32:21.490935,1789630341490935600,69.932935546875,0.0045623779296875,-0.0904541015625,-1.0337677001953125
2026-09-17T07:32:21.500895,1789630341500895500,69.9428955078125,0.0445404052734375,-0.06951904296875,-1.0370635986328125
2026-09-17T07:32:21.510855,1789630341510855400,69.95285546875,-0.0682373046875,-0.05780029296875,-0.97088623046875
2026-09-17T07:32:21.520815,1789630341520815400,69.9628154296875,-0.0166473388671875,-0.051910400390625,-1.071685791015625
2026-09-17T07:32:21.530774,1789630341530774500,69.9727744140625,0.0389251708984375,-0.0281219482421875,-0.8602447509765625
2026-09-17T07:32:21.540734,1789630341540734500,69.982734375,-0.0044708251953125,-0.023101806640625,-0.951995849609375
2026-09-17T07:32:21.550694,1789630341550694400,69.9926943359375,-0.0067138671875,-0.04962158203125,-1.148284912109375
2026-09-17T07:32:21.560654,1789630341560654300,70.002654296875,0.0040740966796875,-0.0053558349609375,-0.9816741943359376
2026-09-17T07:32:21.570614,1789630341570614500,70.01261450195312,-0.0218505859375,-0.0035858154296875,-0.8718414306640625
2026-09-17T07:32:21.580573,1789630341580573400,70.02257348632813,-0.0316162109375,-0.0644683837890625,-1.1576995849609375
2026-09-17T07:32:21.590533,1789630341590533400,70.03253344726562,0.001983642578125,-0.0447845458984375,-1.2328338623046875
2026-09-17T07:32:21.600493,1789630341600493300,70.04249340820313,-0.0848846435546875,0.0388031005859375,-0.6962738037109375
2026-09-17T07:32:21.610453,1789630341610453500,70.05245361328124,-0.03466796875,-0.01544189453125,-0.912322998046875
2026-09-17T07:32:21.620413,1789630341620413400,70.06241333007813,0.104339599609375,-0.06427001953125,-1.1935577392578125
2026-09-17T07:32:21.630372,1789630341630372600,70.07237255859376,-0.0135040283203125,-0.038482666015625,-1.2559967041015625
2026-09-17T07:32:21.640332,1789630341640332500,70.08233251953125,-0.234832763671875,-0.0247039794921875,-0.8885650634765625
2026-09-17T07:32:21.650292,1789630341650292500,70.09229248046876,-0.1209869384765625,-0.05072021484375,-0.6371917724609375
2026-09-17T07:32:21.660252,1789630341660252700,70.10225268554687,0.2261505126953125,0.029815673828125,-0.8948516845703125
2026-09-17T07:32:21.670212,1789630341670212600,70.11221264648438,0.1109466552734375,-0.008026123046875,-1.5099029541015625
2026-09-17T07:32:21.680171,1789630341680171500,70.12217163085937,-0.2072601318359375,-0.021514892578125,-1.3183135986328125
2026-09-17T07:32:21.690131,1789630341690131500,70.13213134765626,-0.1566009521484375,-0.007598876953125,-0.659088134765625
2026-09-17T07:32:21.700091,1789630341700091600,70.14209155273437,0.0050048828125,0.039459228515625,-1.04022216796875
2026-09-17T07:32:21.710051,1789630341710051600,70.15205151367188,0.10406494140625,0.052947998046875,-1.0473480224609375
2026-09-17T07:32:21.720010,1789630341720010500,70.16201049804687,-0.0193023681640625,0.0379180908203125,-0.993438720703125
2026-09-17T07:32:21.729970,1789630341729970400,70.17197045898438,0.003662109375,-0.022125244140625,-0.8990478515625
2026-09-17T07:32:21.739930,1789630341739930400,70.18193041992187,-0.0600433349609375,-0.02099609375,-1.174774169921875
2026-09-17T07:32:21.749890,1789630341749890600,70.191890625,0.0153350830078125,-0.013336181640625,-0.9024810791015624
2026-09-17T07:32:21.759850,1789630341759850500,70.2018505859375,0.014129638671875,0.0181732177734375,-0.8833770751953125
2026-09-17T07:32:21.769809,1789630341769809400,70.21180932617187,-0.014801025390625,-0.0308990478515625,-0.9737396240234376
2026-09-17T07:32:21.779769,1789630341779769300,70.22176928710938,0.0203399658203125,-0.0382537841796875,-1.0603179931640625
2026-09-17T07:32:21.789729,1789630341789729500,70.2317294921875,-0.0142059326171875,-0.032470703125,-1.0021514892578125
2026-09-17T07:32:21.799689,1789630341799689500,70.241689453125,-0.0516357421875,-0.0176849365234375,-1.0116424560546875
2026-09-17T07:32:21.809649,1789630341809649400,70.2516494140625,-0.0087890625,-0.021636962890625,-1.0869903564453125
2026-09-17T07:32:21.819608,1789630341819608600,70.26160864257812,0.0162811279296875,0.0036773681640625,-0.8268585205078125
2026-09-17T07:32:21.829568,1789630341829568500,70.27156860351562,-0.0157012939453125,-0.0098724365234375,-0.9313201904296876
2026-09-17T07:32:21.839528,1789630341839528400,70.28152856445313,0.0921478271484375,-0.0288543701171875,-1.1683197021484375
2026-09-17T07:32:21.849488,1789630341849488400,70.29148828125,0.01068115234375,0.006317138671875,-0.9392547607421876
2026-09-17T07:32:21.859448,1789630341859448300,70.3014482421875,-0.06689453125,-0.04583740234375,-0.97076416015625
2026-09-17T07:32:21.869407,1789630341869407500,70.31140747070313,-0.08197021484375,-0.06280517578125,-1.2391357421875
2026-09-17T07:32:21.879367,1789630341879367700,70.32136767578125,-0.095916748046875,-0.0297698974609375,-0.933380126953125
2026-09-17T07:32:21.889327,1789630341889327600,70.33132763671875,-0.0457305908203125,-0.008575439453125,-0.844635009765625
2026-09-17T07:32:21.899287,1789630341899287600,70.34128759765625,0.053436279296875,-0.056182861328125,-1.046539306640625
2026-09-17T07:32:21.909247,1789630341909247500,70.35124755859376,0.205047607421875,-0.071258544921875,-1.2839813232421875
2026-09-17T07:32:21.919206,1789630341919206400,70.36120629882812,-0.0811309814453125,-0.059906005859375,-0.8432159423828125
2026-09-17T07:32:21.929166,1789630341929166600,70.37116650390625,-0.1769866943359375,-0.07037353515625,-0.5724334716796875
2026-09-17T07:32:21.939126,1789630341939126500,70.38112646484375,-0.2009735107421875,-0.08758544921875,-1.4831695556640625
2026-09-17T07:32:21.949086,1789630341949086500,70.39108642578125,-0.033721923828125,-0.0322113037109375,-1.0414886474609375
2026-09-17T07:32:21.959046,1789630341959046400,70.40104638671875,0.134002685546875,-0.0520172119140625,-1.2967376708984375
2026-09-17T07:32:21.969006,1789630341969006300,70.41100634765625,-0.0280914306640625,0.00823974609375,-0.448486328125
2026-09-17T07:32:21.978966,1789630341978966300,70.42096630859375,0.058746337890625,-0.116607666015625,-0.9094085693359376
2026-09-17T07:32:21.988926,1789630341988926200,70.43092626953126,0.1035614013671875,-0.101806640625,-1.43853759765625
2026-09-17T07:32:21.998886,1789630341998886400,70.44088647460937,0.1104888916015625,-0.0084381103515625,-1.05645751953125
2026-09-17T07:32:22.008845,1789630342008845300,70.45084521484375,-0.06536865234375,-0.025848388671875,-0.551727294921875
2026-09-17T07:32:22.018805,1789630342018805200,70.46080517578125,-0.2259368896484375,-0.1356201171875,-1.1107330322265625
2026-09-17T07:32:22.028765,1789630342028765200,70.47076513671875,0.1125640869140625,-0.1043548583984375,-1.257080078125
2026-09-17T07:32:22.038725,1789630342038725400,70.48072534179687,0.0116119384765625,-0.0473175048828125,-0.7787017822265625
2026-09-17T07:32:22.048685,1789630342048685300,70.49068530273438,0.0345458984375,-0.043212890625,-0.9151458740234376
2026-09-17T07:32:22.058644,1789630342058644200,70.50064428710938,0.0699005126953125,-0.0448455810546875,-1.0385894775390625
2026-09-17T07:32:22.068604,1789630342068604200,70.51060424804687,-0.0361175537109375,-0.041900634765625,-1.073272705078125
2026-09-17T07:32:22.078564,1789630342078564000,70.52056420898438,0.0373077392578125,0.0156097412109375,-0.8532257080078125
2026-09-17T07:32:22.088524,1789630342088524300,70.53052416992188,0.0504608154296875,-0.0194854736328125,-1.1280975341796875
2026-09-17T07:32:22.098484,1789630342098484200,70.54048413085937,-0.0236968994140625,-0.0460662841796875,-0.963348388671875
2026-09-17T07:32:22.108443,1789630342108443100,70.55044311523437,-0.0179595947265625,-0.01220703125,-1.041656494140625
2026-09-17T07:32:22.118403,1789630342118403000,70.56040307617188,0.1102447509765625,-0.01824951171875,-0.9783477783203124
2026-09-17T07:32:22.128363,1789630342128363300,70.57036328125,-0.10308837890625,-0.0617218017578125,-0.9617462158203124
2026-09-17T07:32:22.138323,1789630342138323200,70.5803232421875,-0.068084716796875,-0.0344696044921875,-1.1233367919921875
2026-09-17T07:32:22.148282,1789630342148282400,70.59028247070313,0.07830810546875,-0.0095977783203125,-1.169769287109375
2026-09-17T07:32:22.158242,1789630342158242300,70.6002421875,0.0114898681640625,-0.0230560302734375,-0.6598663330078125
2026-09-17T07:32:22.168202,1789630342168202200,70.6102021484375,-0.024993896484375,-0.0285491943359375,-1.062469482421875
2026-09-17T07:32:22.178162,1789630342178162400,70.62016235351562,0.0793609619140625,-0.0023956298828125,-1.1833953857421875
2026-09-17T07:32:22.188122,1789630342188122400,70.63012231445313,-0.047210693359375,-0.0237579345703125,-1.059906005859375
2026-09-17T07:32:22.198081,1789630342198081300,70.64008129882812,-0.0188446044921875,0.0279083251953125,-0.6915435791015625
2026-09-17T07:32:22.208041,1789630342208041200,70.65004125976563,-0.0205535888671875,-0.001495361328125,-1.1562347412109375
2026-09-17T07:32:22.218001,1789630342218001400,70.66000146484375,-0.126739501953125,-0.0113525390625,-0.9612274169921876
2026-09-17T07:32:22.227961,1789630342227961300,70.66996142578125,0.040252685546875,0.0411224365234375,-1.16796875
2026-09-17T07:32:22.237921,1789630342237921300,70.67992138671875,0.1082305908203125,0.0311431884765625,-0.968963623046875
2026-09-17T07:32:22.247880,1789630342247880200,70.68988012695313,-0.03985595703125,-0.0187225341796875,-0.968597412109375
2026-09-17T07:32:22.257840,1789630342257840400,70.69984033203124,-0.0125732421875,-0.0111083984375,-0.97314453125
2026-09-17T07:32:22.267800,1789630342267800300,70.70980029296875,0.0057525634765625,-0.0003509521484375,-1.05523681640625
2026-09-17T07:32:22.277760,1789630342277760300,70.71976025390624,-0.0447235107421875,-0.006561279296875,-0.872894287109375
2026-09-17T07:32:22.287720,1789630342287720200,70.72972021484375,-0.0944366455078125,-0.0247039794921875,-1.21575927734375
2026-09-17T07:32:22.297679,1789630342297679000,70.73967919921876,-0.02423095703125,0.0153045654296875,-1.01708984375
2026-09-17T07:32:22.307639,1789630342307639300,70.74963940429687,-0.0160064697265625,-0.0034332275390625,-0.7927398681640625
2026-09-17T07:32:22.317599,1789630342317599200,70.75959912109376,-0.050872802734375,-0.01043701171875,-0.868499755859375
2026-09-17T07:32:22.327559,1789630342327559200,70.76955908203125,-0.0086669921875,-0.04486083984375,-1.2754364013671875
2026-09-17T07:32:22.337519,1789630342337519000,70.77951904296874,0.059326171875,0.0060577392578125,-1.051605224609375
2026-09-17T07:32:22.347478,1789630342347478300,70.78947827148437,0.0731353759765625,0.0388031005859375,-0.909912109375
2026-09-17T07:32:22.357438,1789630342357438200,70.79943823242188,-0.0140380859375,0.02899169921875,-1.0119171142578125
2026-09-17T07:32:22.367398,1789630342367398100,70.80939819335937,-0.0269622802734375,0.0235443115234375,-1.054718017578125
2026-09-17T07:32:22.377358,1789630342377358000,70.81935815429688,-0.03460693359375,0.0233306884765625,-0.9051361083984376
2026-09-17T07:32:22.387317,1789630342387317200,70.82931713867187,0.0047149658203125,0.0197296142578125,-1.2222747802734375
2026-09-17T07:32:22.397277,1789630342397277400,70.83927734375,0.03717041015625,0.010772705078125,-0.9559783935546876
2026-09-17T07:32:22.407237,1789630342407237400,70.8492373046875,-0.004364013671875,-0.0575714111328125,-0.730316162109375
2026-09-17T07:32:22.417197,1789630342417197300,70.859197265625,-0.0377197265625,-0.0686798095703125,-1.047210693359375
2026-09-17T07:32:22.427157,1789630342427157200,70.8691572265625,-0.0492095947265625,-0.104949951171875,-1.2834625244140625
2026-09-17T07:32:22.437116,1789630342437116400,70.87911645507812,-0.02197265625,-0.062408447265625,-0.824920654296875
2026-09-17T07:32:22.447076,1789630342447076400,70.88907641601563,0.0341033935546875,-0.0278167724609375,-1.0162200927734375
2026-09-17T07:32:22.457036,1789630342457036300,70.89903637695312,0.08251953125,-0.0367431640625,-1.0879364013671875
2026-09-17T07:32:22.466996,1789630342466996200,70.90899633789063,-0.064178466796875,-0.08001708984375,-0.9924163818359376
2026-09-17T07:32:22.476956,1789630342476956400,70.91895629882812,-0.171783447265625,-0.034759521484375,-0.770965576171875
2026-09-17T07:32:22.486915,1789630342486915300,70.92891528320312,-0.062835693359375,-0.0110321044921875,-1.0046234130859375
2026-09-17T07:32:22.496875,1789630342496875300,70.93887524414062,0.067596435546875,-0.0399017333984375,-1.2412567138671875
2026-09-17T07:32:22.506835,1789630342506835200,70.94883520507813,0.041656494140625,0.016082763671875,-1.20599365234375
2026-09-17T07:32:22.516795,1789630342516795400,70.95879541015626,0.0115203857421875,0.0053558349609375,-0.817535400390625
2026-09-17T07:32:22.526754,1789630342526754300,70.96875439453125,-0.0061187744140625,-0.025054931640625,-0.53955078125
2026-09-17T07:32:22.536714,1789630342536714200,70.97871435546875,0.0040435791015625,-0.0832061767578125,-1.4337005615234375
2026-09-17T07:32:22.546674,1789630342546674200,70.98867407226562,-0.0527496337890625,-0.0423583984375,-1.2351226806640625
2026-09-17T07:32:22.556634,1789630342556634000,70.99863403320313,-0.00341796875,-0.0144805908203125,-0.6432342529296875
2026-09-17T07:32:22.566594,1789630342566594300,71.00859423828125,-0.0087127685546875,-0.0707244873046875,-1.0287933349609375
2026-09-17T07:32:22.576553,1789630342576553500,71.01855346679687,-0.05377197265625,-0.0376129150390625,-1.13165283203125
2026-09-17T07:32:22.586513,1789630342586513400,71.02851342773438,-0.0478973388671875,-0.0733795166015625,-0.8614501953125
2026-09-17T07:32:22.596473,1789630342596473300,71.03847338867187,-9.1552734375e-05,-0.0322265625,-1.1325531005859375
2026-09-17T07:32:22.606433,1789630342606433300,71.04843334960937,-0.025390625,-0.04339599609375,-1.0080108642578125
2026-09-17T07:32:22.616393,1789630342616393200,71.05839331054688,0.034027099609375,-0.0164947509765625,-0.843292236328125
2026-09-17T07:32:22.626352,1789630342626352400,71.06835229492188,-0.0549163818359375,-0.0431365966796875,-1.111083984375
2026-09-17T07:32:22.636312,1789630342636312300,71.07831225585937,-0.01971435546875,-0.0106353759765625,-1.0577545166015625
2026-09-17T07:32:22.646272,1789630342646272300,71.08827221679688,-0.01171875,0.00030517578125,-1.0529327392578125
2026-09-17T07:32:22.656232,1789630342656232400,71.098232421875,0.011077880859375,0.0047149658203125,-0.7594757080078125
2026-09-17T07:32:22.666192,1789630342666192400,71.1081923828125,-0.0504608154296875,-0.008056640625,-1.2080535888671875
2026-09-17T07:32:22.676151,1789630342676151300,71.1181513671875,-0.0201263427734375,0.0128936767578125,-0.9842071533203124
2026-09-17T07:32:22.686111,1789630342686111200,71.128111328125,-0.0218505859375,0.000457763671875,-0.832275390625
2026-09-17T07:32:22.696071,1789630342696071400,71.13807153320313,-0.0475921630859375,-0.02288818359375,-1.05902099609375
2026-09-17T07:32:22.706031,1789630342706031400,71.14803125,-0.036834716796875,-0.0370941162109375,-1.2045135498046875
2026-09-17T07:32:22.715990,1789630342715990300,71.157990234375,0.0142364501953125,0.0149688720703125,-0.8963165283203125
2026-09-17T07:32:22.725950,1789630342725950200,71.1679501953125,-0.066070556640625,0.041351318359375,-0.8929901123046875
2026-09-17T07:32:22.735910,1789630342735910100,71.17791015625,-0.002197265625,-0.001953125,-1.276702880859375
2026-09-17T07:32:22.745870,1789630342745870300,71.18787036132812,-0.0642242431640625,-0.004669189453125,-1.0375518798828125
2026-09-17T07:32:22.755830,1789630342755830300,71.19783032226563,-0.1818084716796875,0.020660400390625,-0.731536865234375
2026-09-17T07:32:22.765789,1789630342765789200,71.2077890625,-0.0709228515625,0.021453857421875,-0.6780853271484375
2026-09-17T07:32:22.775749,1789630342775749000,71.2177490234375,0.2479400634765625,0.03662109375,-1.2696075439453125
2026-09-17T07:32:22.785709,1789630342785709300,71.22770922851562,0.0978851318359375,-0.02783203125,-1.2495269775390625
2026-09-17T07:32:22.795669,1789630342795669200,71.23766918945313,-0.1966400146484375,-0.0570526123046875,-0.958587646484375
2026-09-17T07:32:22.805629,1789630342805629200,71.24762915039062,-0.168731689453125,-0.037933349609375,-0.894561767578125
2026-09-17T07:32:22.815588,1789630342815588400,71.25758837890625,0.1417083740234375,0.0457305908203125,-0.8795623779296875
2026-09-17T07:32:22.825548,1789630342825548300,71.26754833984376,0.050140380859375,0.0109405517578125,-1.0909271240234375
2026-09-17T07:32:22.835508,1789630342835508200,71.27750830078125,0.045135498046875,0.0077972412109375,-0.86981201171875
2026-09-17T07:32:22.845468,1789630342845468200,71.28746826171874,-0.025634765625,-0.0227203369140625,-0.923370361328125
2026-09-17T07:32:22.855427,1789630342855427300,71.29742724609375,-0.0166473388671875,-0.00146484375,-1.131622314453125
2026-09-17T07:32:22.865387,1789630342865387300,71.30738720703125,0.05584716796875,0.0361480712890625,-1.0953369140625
2026-09-17T07:32:22.875347,1789630342875347500,71.31734741210937,0.017181396484375,0.044158935546875,-0.8363037109375
2026-09-17T07:32:22.885307,1789630342885307400,71.32730737304688,-0.05987548828125,-0.0029449462890625,-0.9757843017578124
2026-09-17T07:32:22.895267,1789630342895267300,71.33726733398437,-0.02703857421875,-0.006561279296875,-1.1618194580078125
2026-09-17T07:32:22.905226,1789630342905226200,71.34722631835938,-0.1197357177734375,0.009613037109375,-1.2215423583984375
2026-09-17T07:32:22.915186,1789630342915186200,71.35718627929687,-0.074310302734375,0.0042877197265625,-0.8241729736328125
2026-09-17T07:32:22.925146,1789630342925146400,71.367146484375,-0.0266265869140625,-0.003631591796875,-0.9564361572265624
2026-09-17T07:32:22.935106,1789630342935106300,71.37710620117187,0.04168701171875,-0.0146636962890625,-0.9296722412109376
2026-09-17T07:32:22.945066,1789630342945066200,71.38706616210938,0.0210723876953125,-0.0236968994140625,-1.192108154296875
2026-09-17T07:32:22.955025,1789630342955025200,71.39702514648438,-0.0052642822265625,-0.0379486083984375,-0.8846435546875
2026-09-17T07:32:22.964984,1789630342964984300,71.406984375,-0.0255126953125,-0.0655975341796875,-0.8470611572265625
2026-09-17T07:32:22.974944,1789630342974944300,71.4169443359375,-0.003173828125,-0.0732574462890625,-1.1119537353515625
2026-09-17T07:32:22.984904,1789630342984904200,71.426904296875,0.029327392578125,-0.063690185546875,-1.2533721923828125
2026-09-17T07:32:22.994863,1789630342994863600,71.43686352539062,-0.12255859375,-0.0174102783203125,-0.796234130859375
2026-09-17T07:32:23.004823,1789630343004823600,71.44682348632813,-0.045562744140625,-0.0262451171875,-0.831573486328125
2026-09-17T07:32:23.014783,1789630343014783500,71.45678344726562,0.0825958251953125,-0.0639190673828125,-1.351104736328125
2026-09-17T07:32:23.024743,1789630343024743400,71.46674340820313,0.167144775390625,-0.01007080078125,-1.131591796875
2026-09-17T07:32:23.034703,1789630343034703600,71.47670361328124,-0.0666351318359375,0.051910400390625,-0.7444000244140625
2026-09-17T07:32:23.044662,1789630343044662500,71.48666259765625,-0.2192840576171875,-0.0096893310546875,-0.4911346435546875
2026-09-17T07:32:23.054622,1789630343054622500,71.49662255859376,-0.2757415771484375,-0.0998077392578125,-1.6991729736328125
2026-09-17T07:32:23.064582,1789630343064582400,71.50658251953125,0.2487945556640625,-0.04931640625,-1.159820556640625
2026-09-17T07:32:23.074542,1789630343074542600,71.51654248046874,0.125335693359375,0.095458984375,-0.6990966796875
2026-09-17T07:32:23.084502,1789630343084502500,71.52650244140625,0.023284912109375,-0.031524658203125,-0.5423736572265625
2026-09-17T07:32:23.094461,1789630343094461400,71.53646142578125,-0.1272125244140625,-0.04327392578125,-1.984100341796875
2026-09-17T07:32:23.104421,1789630343104421400,71.54642138671875,0.104949951171875,0.080322265625,-0.676116943359375
2026-09-17T07:32:23.114381,1789630343114381300,71.55638134765626,-0.212371826171875,-0.0243377685546875,-0.81488037109375
2026-09-17T07:32:23.124341,1789630343124341500,71.56634155273437,-0.1517333984375,-0.0644683837890625,-1.0881805419921875
2026-09-17T07:32:23.134300,1789630343134300400,71.57630053710938,0.11920166015625,-0.111297607421875,-1.0085296630859375
2026-09-17T07:32:23.144260,1789630343144260400,71.58626025390625,0.16143798828125,-0.05291748046875,-0.8386383056640625
2026-09-17T07:32:23.154220,1789630343154220300,71.59622021484375,0.02716064453125,0.0705413818359375,-1.494476318359375
2026-09-17T07:32:23.164180,1789630343164180500,71.60618041992187,0.0276336669921875,-0.0327606201171875,-0.6780853271484375
2026-09-17T07:32:23.174140,1789630343174140400,71.61614038085938,-0.158294677734375,-0.048187255859375,-0.861846923828125
2026-09-17T07:32:23.184099,1789630343184099300,71.62609936523438,-0.0915985107421875,0.0584564208984375,-1.2896881103515625
2026-09-17T07:32:23.194059,1789630343194059300,71.63605932617187,0.1136627197265625,-0.0285797119140625,-0.9376678466796876
2026-09-17T07:32:23.204019,1789630343204019200,71.64601928710937,0.01708984375,0.0540771484375,-0.6761474609375
2026-09-17T07:32:23.213979,1789630343213979400,71.6559794921875,-0.010711669921875,0.0625457763671875,-1.472930908203125
2026-09-17T07:32:23.223939,1789630343223939300,71.66593920898437,0.006683349609375,-0.065155029296875,-0.9130096435546876
2026-09-17T07:32:23.233898,1789630343233898500,71.6758984375,-0.004791259765625,0.0060272216796875,-0.829254150390625
2026-09-17T07:32:23.243858,1789630343243858400,71.6858583984375,0.0107421875,0.0777435302734375,-0.9745330810546876
2026-09-17T07:32:23.253818,1789630343253818600,71.69581860351562,-0.0162506103515625,-0.0209503173828125,-1.135498046875
2026-09-17T07:32:23.263778,1789630343263778600,71.70577856445313,0.0186309814453125,0.0561370849609375,-1.0405120849609375
2026-09-17T07:32:23.273738,1789630343273738500,71.71573852539062,0.062835693359375,0.03619384765625,-1.094024658203125
2026-09-17T07:32:23.283697,1789630343283697400,71.72569750976562,-0.0327606201171875,0.0042572021484375,-1.03106689453125
2026-09-17T07:32:23.293657,1789630343293657300,71.7356572265625,-0.0378570556640625,0.01690673828125,-0.940460205078125
2026-09-17T07:32:23.303617,1789630343303617500,71.74561743164062,0.0012969970703125,0.00787353515625,-0.96331787109375
2026-09-17T07:32:23.313577,1789630343313577500,71.75557739257812,-0.044219970703125,-0.01708984375,-1.094390869140625
2026-09-17T07:32:23.323536,1789630343323536400,71.76553637695312,-0.0345916748046875,-0.006744384765625,-0.8972015380859375
2026-09-17T07:32:23.333496,1789630343333496300,71.77549633789063,-0.04779052734375,-0.0027313232421875,-0.9140625
2026-09-17T07:32:23.343456,1789630343343456500,71.78545654296875,0.0123748779296875,0.0084228515625,-1.096466064453125
2026-09-17T07:32:23.353416,1789630343353416400,71.79541650390625,-0.0086822509765625,0.0122528076171875,-1.0697479248046875
2026-09-17T07:32:23.363376,1789630343363376400,71.80537646484375,-0.07745361328125,0.0071563720703125,-0.985260009765625
2026-09-17T07:32:23.373335,1789630343373335300,71.81533520507813,0.0726165771484375,0.028411865234375,-1.148956298828125
2026-09-17T07:32:23.383295,1789630343383295200,71.82529516601562,0.0367431640625,0.0167388916015625,-1.00946044921875
2026-09-17T07:32:23.393255,1789630343393255400,71.83525537109375,-0.096832275390625,0.00146484375,-0.746917724609375
2026-09-17T07:32:23.403215,1789630343403215400,71.84521533203124,0.02490234375,-0.0069732666015625,-1.05181884765625
2026-09-17T07:32:23.413174,1789630343413174300,71.85517431640625,-0.0070648193359375,-0.025634765625,-1.0470428466796875
2026-09-17T07:32:23.423134,1789630343423134200,71.86513427734376,-0.0066680908203125,-0.0109405517578125,-0.8898468017578125
2026-09-17T07:32:23.433094,1789630343433094400,71.87509448242187,0.07525634765625,-0.0262908935546875,-1.0524444580078125
2026-09-17T07:32:23.443054,1789630343443054300,71.88505444335938,-0.1147918701171875,-0.0564117431640625,-1.248291015625
2026-09-17T07:32:23.453014,1789630343453014300,71.89501416015625,0.0861358642578125,0.022308349609375,-0.84661865234375
2026-09-17T07:32:23.462973,1789630343462973400,71.90497338867188,0.0655670166015625,-0.010772705078125,-0.78045654296875
2026-09-17T07:32:23.472933,1789630343472933400,71.91493334960937,-0.1389617919921875,-0.059967041015625,-0.947509765625
2026-09-17T07:32:23.482893,1789630343482893600,71.9248935546875,-0.0950469970703125,-0.06072998046875,-1.1375732421875
2026-09-17T07:32:23.492853,1789630343492853500,71.934853515625,0.1268463134765625,-0.031280517578125,-0.9901580810546876
2026-09-17T07:32:23.502812,1789630343502812400,71.9448125,-0.028045654296875,-0.0671539306640625,-0.94256591796875
2026-09-17T07:32:23.512772,1789630343512772400,71.9547724609375,-0.0242767333984375,-0.10174560546875,-1.192718505859375
2026-09-17T07:32:23.522732,1789630343522732500,71.96473266601562,0.0947113037109375,-0.048126220703125,-0.8744354248046875
2026-09-17T07:32:23.532692,1789630343532692500,71.9746923828125,-0.1038818359375,-0.089569091796875,-0.8752593994140625
2026-09-17T07:32:23.542652,1789630343542652400,71.98465234375,-0.0440216064453125,-0.042388916015625,-0.97412109375
2026-09-17T07:32:23.552611,1789630343552611300,71.994611328125,0.0724945068359375,-0.0644683837890625,-1.3246307373046875
2026-09-17T07:32:23.562571,1789630343562571300,72.0045712890625,-0.0263519287109375,-0.034027099609375,-0.829437255859375
2026-09-17T07:32:23.572531,1789630343572531500,72.01453149414063,0.13031005859375,-0.024749755859375,-1.13690185546875
2026-09-17T07:32:23.582491,1789630343582491400,72.02449145507812,0.0522308349609375,-0.0088043212890625,-0.9227142333984376
2026-09-17T07:32:23.592451,1789630343592451300,72.03445141601563,0.020599365234375,-0.0465240478515625,-1.0291290283203125
2026-09-17T07:32:23.602410,1789630343602410200,72.04441015625,-0.0266265869140625,-0.02557373046875,-0.9365386962890624
2026-09-17T07:32:23.612370,1789630343612370400,72.05437036132813,-0.1516571044921875,-0.078155517578125,-1.0403594970703125
2026-09-17T07:32:23.622330,1789630343622330400,72.06433032226562,-0.149322509765625,-0.06982421875,-0.76348876953125
2026-09-17T07:32:23.632290,1789630343632290300,72.07429028320313,0.08544921875,-0.0781402587890625,-1.13323974609375
2026-09-17T07:32:23.642249,1789630343642249500,72.08424951171875,0.2141876220703125,-0.0722198486328125,-1.2893218994140625
2026-09-17T07:32:23.652209,1789630343652209400,72.09420947265625,-0.01690673828125,-0.0989837646484375,-0.7350921630859375
2026-09-17T07:32:23.662169,1789630343662169300,72.10416943359375,-0.124847412109375,-0.09088134765625,-0.7301483154296875
2026-09-17T07:32:23.672129,1789630343672129300,72.11412939453125,-0.0479278564453125,-0.0464324951171875,-1.490570068359375
2026-09-17T07:32:23.682089,1789630343682089200,72.12408911132812,0.0487823486328125,-0.0317535400390625,-0.90753173828125
2026-09-17T07:32:23.692048,1789630343692048400,72.13404833984374,-0.057891845703125,-0.0287017822265625,-0.7861785888671875
2026-09-17T07:32:23.702008,1789630343702008600,72.14400854492187,-0.0687408447265625,-0.0223846435546875,-1.059112548828125
2026-09-17T07:32:23.711968,1789630343711968500,72.15396850585938,0.04534912109375,-0.0633697509765625,-0.993377685546875
2026-09-17T07:32:23.721928,1789630343721928400,72.16392846679688,0.0084228515625,-0.0166168212890625,-1.1410980224609375
2026-09-17T07:32:23.731888,1789630343731888400,72.17388842773437,-0.0837860107421875,-0.02093505859375,-0.9552764892578124
2026-09-17T07:32:23.741847,1789630343741847600,72.18384765625,-0.0098114013671875,-0.0548553466796875,-0.9378662109375
2026-09-17T07:32:23.751807,1789630343751807500,72.19380737304688,0.01904296875,-0.0328216552734375,-0.928741455078125
2026-09-17T07:32:23.761767,1789630343761767400,72.20376733398437,-0.0878143310546875,-0.0558624267578125,-1.008544921875
2026-09-17T07:32:23.771727,1789630343771727400,72.21372729492188,0.0239715576171875,-0.0544891357421875,-1.2795257568359375
2026-09-17T07:32:23.781686,1789630343781686300,72.22368627929687,-0.03021240234375,0.025177001953125,-0.8108978271484375
2026-09-17T07:32:23.791646,1789630343791646500,72.233646484375,-0.0148468017578125,-0.042236328125,-0.8353271484375
2026-09-17T07:32:23.801606,1789630343801606400,72.2436064453125,0.0106048583984375,-0.0389404296875,-1.301513671875
2026-09-17T07:32:23.811566,1789630343811566300,72.25356640625,-0.0497894287109375,-0.0162353515625,-0.840118408203125
2026-09-17T07:32:23.821526,1789630343821526300,72.2635263671875,-0.0524749755859375,-0.031494140625,-0.91021728515625
2026-09-17T07:32:23.831485,1789630343831485400,72.2734853515625,0.0056915283203125,-0.0659637451171875,-1.29754638671875
2026-09-17T07:32:23.841445,1789630343841445400,72.2834453125,-0.0393524169921875,-0.0428314208984375,-0.960235595703125
2026-09-17T07:32:23.851405,1789630343851405300,72.2934052734375,-0.0611419677734375,0.016510009765625,-0.880218505859375
2026-09-17T07:32:23.861365,1789630343861365200,72.303365234375,-0.0180511474609375,-0.0041351318359375,-0.9972381591796876
2026-09-17T07:32:23.871325,1789630343871325400,72.31332543945312,0.077972412109375,-0.009368896484375,-1.2847747802734375
2026-09-17T07:32:23.881284,1789630343881284400,72.32328442382813,-0.0717315673828125,0.0043487548828125,-0.9217681884765624
2026-09-17T07:32:23.891244,1789630343891244300,72.33324438476562,-0.165130615234375,0.0041961669921875,-0.6732177734375
2026-09-17T07:32:23.901204,1789630343901204200,72.34320434570313,0.00225830078125,0.0088043212890625,-0.8587646484375
2026-09-17T07:32:23.911164,1789630343911164400,72.35316430664062,0.1195068359375,-0.00274658203125,-1.3535919189453125
2026-09-17T07:32:23.921123,1789630343921123600,72.36312353515625,-0.076873779296875,-0.0121612548828125,-1.3766326904296875
2026-09-17T07:32:23.931083,1789630343931083500,72.37308349609376,-0.285552978515625,-0.0184173583984375,-0.6664581298828125
2026-09-17T07:32:23.941043,1789630343941043500,72.38304345703125,0.01123046875,0.00555419921875,-0.9070892333984376
2026-09-17T07:32:23.951003,1789630343951003400,72.39300341796876,0.198150634765625,-0.0135345458984375,-1.1097259521484375
2026-09-17T07:32:23.960963,1789630343960963800,72.4029638671875,0.041748046875,-0.0234527587890625,-1.0454254150390625
2026-09-17T07:32:23.970922,1789630343970922800,72.4129228515625,-0.091705322265625,-0.051605224609375,-0.9128875732421876
2026-09-17T07:32:23.980882,1789630343980882700,72.42288256835937,-0.0391845703125,-0.026031494140625,-0.98846435546875
2026-09-17T07:32:23.990842,1789630343990842600,72.43284252929688,0.0040740966796875,-0.0168304443359375,-1.016143798828125
2026-09-17T07:32:24.000802,1789630344000802800,72.442802734375,-0.040740966796875,-0.041656494140625,-1.193878173828125
2026-09-17T07:32:24.010761,1789630344010761700,72.45276171875,-0.1105804443359375,0.004913330078125,-0.90203857421875
2026-09-17T07:32:24.020721,1789630344020721700,72.4627216796875,0.0132293701171875,0.0125274658203125,-0.902740478515625
2026-09-17T07:32:24.030681,1789630344030681600,72.472681640625,-0.067230224609375,-0.0251617431640625,-1.002899169921875
2026-09-17T07:32:24.040641,1789630344040641500,72.4826416015625,0.004486083984375,-0.0562744140625,-1.093231201171875
2026-09-17T07:32:24.050601,1789630344050601700,72.49260180664062,0.01934814453125,-0.02947998046875,-1.2961883544921875
2026-09-17T07:32:24.060560,1789630344060560600,72.502560546875,0.04071044921875,0.047332763671875,-0.3778839111328125
2026-09-17T07:32:24.070520,1789630344070520600,72.5125205078125,0.05462646484375,-0.09552001953125,-1.2865753173828125
2026-09-17T07:32:24.080480,1789630344080480500,72.52248046875,-0.028778076171875,-0.052703857421875,-1.045257568359375
2026-09-17T07:32:24.090440,1789630344090440700,72.53244067382812,-0.002716064453125,-0.037200927734375,-1.1106414794921875
2026-09-17T07:32:24.100400,1789630344100400600,72.54240063476563,-0.1258087158203125,0.0081787109375,-0.6478118896484375
2026-09-17T07:32:24.110359,1789630344110359600,72.55235961914063,-0.114959716796875,-0.0999908447265625,-1.2625274658203125
2026-09-17T07:32:24.120319,1789630344120319500,72.56231958007812,0.0001220703125,-0.1477203369140625,-1.170654296875
2026-09-17T07:32:24.130279,1789630344130279400,72.57227954101562,0.052764892578125,0.0286712646484375,-0.7544097900390625
2026-09-17T07:32:24.140239,1789630344140239600,72.58223950195313,0.2006683349609375,-0.05706787109375,-0.98236083984375
2026-09-17T07:32:24.150198,1789630344150198800,72.59219873046875,0.105255126953125,-0.043304443359375,-1.15655517578125
2026-09-17T07:32:24.160158,1789630344160158700,72.60215869140625,-0.1788482666015625,-0.042816162109375,-1.0290069580078125
2026-09-17T07:32:24.170118,1789630344170118700,72.61211865234375,-0.204010009765625,-0.029876708984375,-0.3969268798828125
2026-09-17T07:32:24.180078,1789630344180078800,72.62207885742187,-0.26708984375,-0.058837890625,-1.4342193603515625
2026-09-17T07:32:24.190038,1789630344190038800,72.63203881835938,0.36279296875,-0.0551300048828125,-1.29815673828125
2026-09-17T07:32:24.199997,1789630344199997700,72.64199780273438,0.16357421875,0.0179290771484375,-0.8261871337890625
2026-09-17T07:32:24.209957,1789630344209957600,72.65195751953125,-0.095550537109375,0.01104736328125,-0.8506317138671875
2026-09-17T07:32:24.219917,1789630344219917800,72.66191772460938,0.0055389404296875,0.0224609375,-1.0533905029296875
2026-09-17T07:32:24.229877,1789630344229877800,72.67187768554687,-0.093597412109375,0.0091705322265625,-1.03692626953125
2026-09-17T07:32:24.239836,1789630344239836700,72.68183666992188,-0.0833587646484375,-0.0107574462890625,-1.025115966796875
2026-09-17T07:32:24.249796,1789630344249796600,72.69179663085937,0.15338134765625,-0.0086669921875,-1.065521240234375
2026-09-17T07:32:24.259756,1789630344259756500,72.70175659179688,0.0394439697265625,-0.012176513671875,-0.6933441162109375
2026-09-17T07:32:24.269716,1789630344269716700,72.711716796875,-0.1183319091796875,-0.0303192138671875,-1.1932220458984375
2026-09-17T07:32:24.279676,1789630344279676700,72.7216767578125,0.1361083984375,0.081939697265625,-1.220428466796875
2026-09-17T07:32:24.289635,1789630344289635600,72.73163549804687,0.1046295166015625,0.0524139404296875,-0.8900604248046875
2026-09-17T07:32:24.299595,1789630344299595500,72.74159545898438,-0.0953369140625,0.070068359375,-0.737274169921875
2026-09-17T07:32:24.309555,1789630344309555700,72.7515556640625,0.00732421875,0.0443115234375,-1.2806243896484375
2026-09-17T07:32:24.319515,1789630344319515600,72.761515625,0.036773681640625,0.046051025390625,-0.84619140625
2026-09-17T07:32:24.329474,1789630344329474600,72.771474609375,-0.00421142578125,0.04345703125,-0.9139251708984376
2026-09-17T07:32:24.339434,1789630344339434500,72.7814345703125,0.050018310546875,0.0133819580078125,-1.187469482421875
2026-09-17T07:32:24.349394,1789630344349394400,72.79139453125,0.0125732421875,-0.0317535400390625,-1.174224853515625
2026-09-17T07:32:24.359354,1789630344359354600,72.80135473632812,-0.1061248779296875,-0.003997802734375,-0.6271209716796875
2026-09-17T07:32:24.369314,1789630344369314600,72.811314453125,-0.030670166015625,-0.0156707763671875,-1.031402587890625
2026-09-17T07:32:24.379273,1789630344379273700,72.82127368164062,-0.0889434814453125,-0.0345611572265625,-1.1914825439453125
2026-09-17T07:32:24.389233,1789630344389233700,72.83123364257813,-0.1416015625,-0.016265869140625,-1.092437744140625
2026-09-17T07:32:24.399193,1789630344399193900,72.84119384765626,0.0827178955078125,0.0468902587890625,-0.9832000732421876
2026-09-17T07:32:24.409153,1789630344409153800,72.85115380859375,0.0471038818359375,0.01043701171875,-0.916015625
2026-09-17T07:32:24.419113,1789630344419113700,72.86111376953124,-0.054412841796875,-0.0177459716796875,-0.902801513671875
2026-09-17T07:32:24.429072,1789630344429072600,72.87107275390625,0.0006866455078125,-0.007568359375,-1.1038665771484375
2026-09-17T07:32:24.439032,1789630344439032600,72.88103247070312,-0.01995849609375,0.0047149658203125,-1.0495147705078125
2026-09-17T07:32:24.448992,1789630344448992800,72.89099267578125,-0.00543212890625,0.0243682861328125,-0.8684539794921875
2026-09-17T07:32:24.458952,1789630344458952700,72.90095263671876,0.1069793701171875,0.0119171142578125,-1.020294189453125
2026-09-17T07:32:24.468912,1789630344468912600,72.91091259765625,-0.10791015625,-0.046295166015625,-1.2452545166015625
2026-09-17T07:32:24.478871,1789630344478871600,72.92087158203125,-0.070648193359375,0.0152587890625,-0.847442626953125
2026-09-17T07:32:24.488831,1789630344488831700,72.93083178710937,0.226226806640625,0.04632568359375,-1.1535186767578125
2026-09-17T07:32:24.498791,1789630344498791700,72.94079174804688,-0.04962158203125,-0.0202484130859375,-0.869415283203125
2026-09-17T07:32:24.508751,1789630344508751600,72.95075170898437,-0.1319122314453125,-0.0383758544921875,-1.105621337890625
2026-09-17T07:32:24.518710,1789630344518710500,72.96071044921875,0.0882720947265625,0.013641357421875,-0.856048583984375
2026-09-17T07:32:24.528670,1789630344528670500,72.97067041015625,0.014984130859375,-0.031585693359375,-0.9742279052734376
2026-09-17T07:32:24.538630,1789630344538630700,72.98063061523438,-0.0872039794921875,-0.063629150390625,-1.0528564453125
2026-09-17T07:32:24.548590,1789630344548590600,72.99059057617187,0.019561767578125,-0.025909423828125,-1.2120208740234375
2026-09-17T07:32:24.558550,1789630344558550500,73.00055053710938,0.13555908203125,-0.0028533935546875,-0.9379730224609376
2026-09-17T07:32:24.568509,1789630344568509700,73.010509765625,-0.0264892578125,-0.0323638916015625,-0.8071136474609375
2026-09-17T07:32:24.578469,1789630344578469600,73.0204697265625,-0.1154937744140625,-0.041748046875,-1.0741424560546875
2026-09-17T07:32:24.588429,1789630344588429600,73.0304296875,0.0354156494140625,-0.0231170654296875,-0.929107666015625
2026-09-17T07:32:24.598389,1789630344598389500,73.04038940429687,0.0012664794921875,-0.0652618408203125,-1.024444580078125
2026-09-17T07:32:24.608348,1789630344608348700,73.0503486328125,-0.0576934814453125,-0.044403076171875,-1.0361785888671875
2026-09-17T07:32:24.618308,1789630344618308600,73.06030859375,0.094329833984375,-0.04046630859375,-1.30987548828125
2026-09-17T07:32:24.628268,1789630344628268800,73.07026879882812,0.020111083984375,-0.01007080078125,-0.5671234130859375
2026-09-17T07:32:24.638228,1789630344638228700,73.08022875976563,-0.1481170654296875,-0.0563507080078125,-1.060302734375
2026-09-17T07:32:24.648188,1789630344648188700,73.09018872070313,0.04949951171875,-0.0086669921875,-1.0648040771484375
2026-09-17T07:32:24.658147,1789630344658147600,73.10014770507813,0.0755157470703125,-0.0494842529296875,-1.1574554443359375
2026-09-17T07:32:24.668107,1789630344668107800,73.11010766601562,-0.0880279541015625,-0.01666259765625,-1.0310516357421875
2026-09-17T07:32:24.678067,1789630344678067700,73.12006762695313,-0.0089569091796875,-0.0235595703125,-0.8874969482421875
2026-09-17T07:32:24.688027,1789630344688027600,73.13002758789062,-0.023529052734375,-0.06884765625,-0.7736358642578125
2026-09-17T07:32:24.697986,1789630344697986600,73.13998657226563,0.07415771484375,0.0291290283203125,-1.3248291015625
2026-09-17T07:32:24.707946,1789630344707946500,73.14994653320312,-0.0233001708984375,-0.0457611083984375,-0.9872894287109376
2026-09-17T07:32:24.717906,1789630344717906700,73.15990673828125,-0.179901123046875,-0.0479888916015625,-0.5716400146484375
2026-09-17T07:32:24.727866,1789630344727866600,73.16986669921874,-0.1220245361328125,-0.0064239501953125,-0.9655303955078124
2026-09-17T07:32:24.737826,1789630344737826600,73.17982666015625,0.151763916015625,0.00311279296875,-1.4569091796875
2026-09-17T07:32:24.747785,1789630344747785500,73.18978540039062,0.0345611572265625,-0.065643310546875,-1.18682861328125
2026-09-17T07:32:24.757745,1789630344757745700,73.19974560546875,-0.11181640625,0.0076141357421875,-0.3086395263671875
2026-09-17T07:32:24.767705,1789630344767705600,73.20970556640626,-0.1066436767578125,0.0180511474609375,-1.4987335205078125
2026-09-17T07:32:24.777665,1789630344777665500,73.21966552734375,0.1226043701171875,-0.032501220703125,-0.815216064453125
2026-09-17T07:32:24.787625,1789630344787625500,73.22962548828124,0.0012359619140625,0.0089111328125,-1.1358184814453125
2026-09-17T07:32:24.797585,1789630344797585000,73.2395849609375,-0.10577392578125,0.052398681640625,-1.0103302001953125
2026-09-17T07:32:24.807544,1789630344807544800,73.249544921875,0.039276123046875,0.003326416015625,-0.683258056640625
2026-09-17T07:32:24.817504,1789630344817504800,73.2595048828125,-0.0213165283203125,-0.0030517578125,-1.307708740234375
2026-09-17T07:32:24.827464,1789630344827464700,73.26946459960938,-0.056396484375,0.056304931640625,-1.1215057373046875
2026-09-17T07:32:24.837423,1789630344837423600,73.27942358398437,0.0089263916015625,-0.0236663818359375,-0.80859375
2026-09-17T07:32:24.847383,1789630344847383800,73.2893837890625,0.0267486572265625,0.0018463134765625,-0.7731170654296875
2026-09-17T07:32:24.857343,1789630344857343700,73.29934375,0.02825927734375,-0.0485382080078125,-1.1540374755859375
2026-09-17T07:32:24.867303,1789630344867303700,73.3093037109375,-0.02215576171875,-0.06329345703125,-1.3462066650390625
2026-09-17T07:32:24.877263,1789630344877263600,73.319263671875,-0.0165252685546875,0.0437164306640625,-0.80145263671875
2026-09-17T07:32:24.887222,1789630344887222800,73.32922290039062,0.04144287109375,0.0425567626953125,-0.5981597900390625
2026-09-17T07:32:24.897182,1789630344897182700,73.3391826171875,-0.01263427734375,-0.034637451171875,-1.2885284423828125
2026-09-17T07:32:24.907142,1789630344907142700,73.349142578125,-0.12445068359375,-0.007232666015625,-1.1605072021484375
2026-09-17T07:32:24.917102,1789630344917102600,73.3591025390625,-0.028533935546875,0.068115234375,-0.871429443359375
2026-09-17T07:32:24.927061,1789630344927061500,73.3690615234375,0.0600738525390625,0.0660858154296875,-0.96771240234375
2026-09-17T07:32:24.937021,1789630344937021700,73.37902172851562,-0.0003662109375,-0.011932373046875,-1.0623779296875
2026-09-17T07:32:24.946981,1789630344946981600,73.38898168945312,-0.078857421875,0.004241943359375,-1.2755279541015625
2026-09-17T07:32:24.956941,1789630344956941600,73.39894165039063,-0.041412353515625,0.0402069091796875,-0.8666839599609375
2026-09-17T07:32:24.966901,1789630344966901500,73.40890161132812,0.0543975830078125,0.04296875,-0.936065673828125
2026-09-17T07:32:24.976860,1789630344976860400,73.4188603515625,0.0625457763671875,-0.012908935546875,-1.12451171875
2026-09-17T07:32:24.986820,1789630344986820400,73.4288203125,-0.1273651123046875,-0.0642242431640625,-0.8835296630859375
2026-09-17T07:32:24.996780,1789630344996780500,73.43878051757812,-0.1189727783203125,-0.0215301513671875,-0.7740020751953125
2026-09-17T07:32:25.006740,1789630345006740500,73.44874047851563,0.065155029296875,-0.003936767578125,-1.086212158203125
2026-09-17T07:32:25.016699,1789630345016699600,73.45869970703124,0.1302642822265625,-0.059295654296875,-1.2538909912109375
2026-09-17T07:32:25.026659,1789630345026659600,73.46865966796875,-0.132904052734375,-0.0590362548828125,-1.100830078125
2026-09-17T07:32:25.036619,1789630345036619500,73.47861962890624,-0.104888916015625,0.00030517578125,-0.70281982421875
2026-09-17T07:32:25.046579,1789630345046579700,73.48857983398437,0.03277587890625,0.0139312744140625,-0.9485321044921876
2026-09-17T07:32:25.056539,1789630345056539600,73.49853955078125,0.1055755615234375,-0.0276641845703125,-1.156890869140625
2026-09-17T07:32:25.066498,1789630345066498600,73.50849853515625,-0.0485076904296875,0.0025482177734375,-1.1275787353515625
2026-09-17T07:32:25.076458,1789630345076458500,73.51845849609376,-0.0720367431640625,-0.036651611328125,-0.764068603515625
2026-09-17T07:32:25.086418,1789630345086418700,73.52841870117187,0.03350830078125,0.005828857421875,-1.170501708984375
2026-09-17T07:32:25.096378,1789630345096378600,73.53837866210938,0.096038818359375,0.0008087158203125,-0.9128875732421876
2026-09-17T07:32:25.106338,1789630345106338600,73.54833862304687,-0.0839691162109375,-0.0363616943359375,-1.1765899658203125
2026-09-17T07:32:25.116297,1789630345116297500,73.55829736328126,-0.1485137939453125,-0.0344696044921875,-0.917083740234375
2026-09-17T07:32:25.126257,1789630345126257400,73.56825732421875,0.0717315673828125,-0.047882080078125,-1.0240325927734375
2026-09-17T07:32:25.136217,1789630345136217600,73.57821752929688,0.03765869140625,0.005828857421875,-1.0309600830078125
2026-09-17T07:32:25.146177,1789630345146177500,73.58817749023437,-0.0394439697265625,-0.077667236328125,-0.8210601806640625
2026-09-17T07:32:25.156136,1789630345156136400,73.59813647460938,-0.035064697265625,-0.1067962646484375,-1.177947998046875
2026-09-17T07:32:25.166096,1789630345166096400,73.60809643554687,0.05474853515625,-0.0704345703125,-0.868927001953125
2026-09-17T07:32:25.176056,1789630345176056600,73.618056640625,0.08013916015625,-0.04412841796875,-1.06243896484375
2026-09-17T07:32:25.186016,1789630345186016500,73.6280166015625,0.040802001953125,-0.055450439453125,-1.1438446044921875
2026-09-17T07:32:25.195976,1789630345195976400,73.6379765625,-0.03240966796875,-0.028228759765625,-0.928131103515625
2026-09-17T07:32:25.205935,1789630345205935400,73.64793530273438,-0.033721923828125,-0.0339813232421875,-1.02215576171875
2026-09-17T07:32:25.215895,1789630345215895300,73.65789526367188,-0.0166778564453125,-0.0184478759765625,-1.13482666015625
2026-09-17T07:32:25.225855,1789630345225855500,73.66785546875,-0.030487060546875,0.0006256103515625,-0.929595947265625
2026-09-17T07:32:25.235815,1789630345235815400,73.6778154296875,0.053192138671875,-0.0149688720703125,-1.0184173583984375
2026-09-17T07:32:25.245774,1789630345245774600,73.68777465820312,0.0895843505859375,0.019683837890625,-0.8644561767578125
2026-09-17T07:32:25.255734,1789630345255734500,73.69773461914062,0.144073486328125,-0.0363922119140625,-1.2498626708984375
2026-09-17T07:32:25.265694,1789630345265694700,73.70769482421875,-0.0894775390625,-0.0154571533203125,-0.9268646240234376
2026-09-17T07:32:25.275654,1789630345275654700,73.71765454101562,-0.242279052734375,-0.0117645263671875,-0.6943359375
2026-09-17T07:32:25.285614,1789630345285614600,73.72761450195313,-0.061614990234375,-0.0102081298828125,-1.0217742919921875
2026-09-17T07:32:25.295573,1789630345295573500,73.73757348632813,0.127532958984375,-0.0429229736328125,-1.5915679931640625
2026-09-17T07:32:25.305533,1789630345305533700,73.74753369140625,0.10614013671875,-0.001800537109375,-0.9871673583984376
2026-09-17T07:32:25.315493,1789630345315493600,73.75749365234375,-0.0306396484375,-0.0128631591796875,-0.57244873046875
2026-09-17T07:32:25.325453,1789630345325453600,73.76745361328125,0.146728515625,0.0480804443359375,-0.7360687255859375
2026-09-17T07:32:25.335412,1789630345335412500,73.77741259765625,0.049957275390625,0.027740478515625,-1.4934539794921875
2026-09-17T07:32:25.345372,1789630345345372400,73.78737231445312,-0.04449462890625,0.0153961181640625,-1.1188812255859375
2026-09-17T07:32:25.355332,1789630345355332600,73.79733251953125,-0.04071044921875,0.0041046142578125,-0.758941650390625
2026-09-17T07:32:25.365292,1789630345365292500,73.80729248046875,0.0049896240234375,0.0104827880859375,-0.693634033203125
2026-09-17T07:32:25.375252,1789630345375252500,73.81725244140625,-0.01519775390625,-0.059051513671875,-1.202117919921875
2026-09-17T07:32:25.385211,1789630345385211400,73.82721142578124,-0.1010589599609375,-0.013275146484375,-1.3489227294921875
2026-09-17T07:32:25.395171,1789630345395171600,73.83717163085937,-0.0001068115234375,0.034912109375,-0.745361328125
2026-09-17T07:32:25.405131,1789630345405131500,73.84713159179688,0.0247039794921875,0.0051422119140625,-0.797149658203125
2026-09-17T07:32:25.415091,1789630345415091500,73.85709155273437,-0.0201873779296875,0.01019287109375,-0.9651641845703124
2026-09-17T07:32:25.425050,1789630345425050600,73.86705053710938,0.0149383544921875,-0.0404205322265625,-1.3097076416015625
2026-09-17T07:32:25.435010,1789630345435010600,73.87701049804687,-0.012603759765625,0.0372314453125,-1.0993499755859375
2026-09-17T07:32:25.444970,1789630345444970500,73.88697045898438,-0.041290283203125,0.0239715576171875,-0.6301727294921875
2026-09-17T07:32:25.454930,1789630345454930400,73.89693041992187,0.0887603759765625,-0.0192718505859375,-0.985137939453125
2026-09-17T07:32:25.464890,1789630345464890400,73.90689038085938,-0.038848876953125,-0.0170440673828125,-1.31268310546875
2026-09-17T07:32:25.474849,1789630345474849500,73.916849609375,-0.12701416015625,-0.0074920654296875,-0.8009796142578125
2026-09-17T07:32:25.484809,1789630345484809700,73.92680981445312,-0.0450286865234375,-0.0476837158203125,-1.1483154296875
2026-09-17T07:32:25.494769,1789630345494769700,73.93676977539063,0.000701904296875,-0.0666046142578125,-1.0778350830078125
2026-09-17T07:32:25.504729,1789630345504729600,73.9467294921875,0.0274505615234375,-0.05743408203125,-0.95452880859375
2026-09-17T07:32:25.514688,1789630345514688500,73.9566884765625,0.0475006103515625,-0.013885498046875,-0.980194091796875
2026-09-17T07:32:25.524648,1789630345524648400,73.9666484375,0.09295654296875,-0.015716552734375,-0.8208160400390625
2026-09-17T07:32:25.534608,1789630345534608600,73.97660864257813,0.162994384765625,-0.1035919189453125,-1.3943634033203125
2026-09-17T07:32:25.544568,1789630345544568600,73.98656860351562,-0.0774383544921875,-0.0145721435546875,-0.8700714111328125
2026-09-17T07:32:25.554528,1789630345554528500,73.99652856445313,-0.1817779541015625,-0.00067138671875,-0.6328887939453125
2026-09-17T07:32:25.564487,1789630345564487400,74.0064873046875,-0.15814208984375,-0.0650787353515625,-1.004730224609375
2026-09-17T07:32:25.574447,1789630345574447600,74.01644750976563,0.069732666015625,-0.104583740234375,-1.65374755859375
2026-09-17T07:32:25.584407,1789630345584407600,74.02640747070312,0.0816802978515625,-0.01129150390625,-1.16485595703125
2026-09-17T07:32:25.594367,1789630345594367500,74.03636743164063,0.0261688232421875,0.0038299560546875,-0.3468170166015625
2026-09-17T07:32:25.604326,1789630345604326400,74.04632641601563,0.233154296875,-0.0640716552734375,-0.763885498046875
2026-09-17T07:32:25.614286,1789630345614286300,74.05628637695312,0.0916595458984375,-0.0672454833984375,-1.750030517578125
2026-09-17T07:32:25.624246,1789630345624246500,74.06624658203125,-0.11376953125,-0.03399658203125,-1.1382293701171875
2026-09-17T07:32:25.634206,1789630345634206500,74.07620654296875,-0.111358642578125,-0.05792236328125,-0.285888671875
2026-09-17T07:32:25.644166,1789630345644166400,74.08616650390626,-0.0361328125,-0.0963134765625,-1.0944976806640625
2026-09-17T07:32:25.654125,1789630345654125600,74.09612548828125,0.1224822998046875,-0.134368896484375,-1.4031829833984375
2026-09-17T07:32:25.664085,1789630345664085500,74.10608544921875,0.0014190673828125,-0.0344085693359375,-1.18170166015625
2026-09-17T07:32:25.674045,1789630345674045400,74.11604541015625,0.0954437255859375,0.0200958251953125,-0.4940643310546875
2026-09-17T07:32:25.684005,1789630345684005400,74.12600537109375,0.1172027587890625,-0.046875,-1.007904052734375
2026-09-17T07:32:25.693964,1789630345693964500,74.13596459960938,-0.1153106689453125,-0.0088348388671875,-1.1977081298828125
2026-09-17T07:32:25.703924,1789630345703924500,74.14592456054687,-0.11175537109375,-0.0476226806640625,-1.126556396484375
2026-09-17T07:32:25.713884,1789630345713884700,74.155884765625,-0.08416748046875,-0.0173187255859375,-1.05419921875
2026-09-17T07:32:25.723844,1789630345723844600,74.1658447265625,0.0414276123046875,-0.0449676513671875,-0.6577301025390625
2026-09-17T07:32:25.733803,1789630345733803500,74.17580346679688,0.1663360595703125,-0.0422821044921875,-1.04437255859375
2026-09-17T07:32:25.743763,1789630345743763500,74.18576342773437,0.0406036376953125,-0.0153961181640625,-1.2242889404296875
2026-09-17T07:32:25.753723,1789630345753723600,74.1957236328125,0.038787841796875,-0.094085693359375,-1.032928466796875
2026-09-17T07:32:25.763683,1789630345763683600,74.20568359375,-0.0203857421875,0.0198516845703125,-1.0692138671875
2026-09-17T07:32:25.773643,1789630345773643500,74.2156435546875,-0.07794189453125,0.0518798828125,-0.617950439453125
2026-09-17T07:32:25.783602,1789630345783602400,74.2256025390625,-0.1432952880859375,-0.052398681640625,-1.3401641845703125
2026-09-17T07:32:25.793562,1789630345793562400,74.23556225585938,-0.1349029541015625,-0.036224365234375,-0.9949798583984376
2026-09-17T07:32:25.803522,1789630345803522600,74.2455224609375,0.1893310546875,-0.04534912109375,-1.106109619140625
2026-09-17T07:32:25.813482,1789630345813482500,74.255482421875,0.151580810546875,-0.03570556640625,-1.0885162353515625
2026-09-17T07:32:25.823441,1789630345823441400,74.26544140625,-0.1618194580078125,-0.019989013671875,-0.69268798828125
2026-09-17T07:32:25.833401,1789630345833401300,74.2754013671875,-0.0238800048828125,-0.020904541015625,-0.5784149169921875
2026-09-17T07:32:25.843361,1789630345843361500,74.28536157226563,0.2344512939453125,-0.0999298095703125,-1.65606689453125
2026-09-17T07:32:25.853321,1789630345853321500,74.29532153320312,-0.08941650390625,0.029388427734375,-1.5272216796875
2026-09-17T07:32:25.863281,1789630345863281400,74.30528149414063,-0.172760009765625,0.0419921875,-0.305450439453125
2026-09-17T07:32:25.873240,1789630345873240600,74.31524047851562,0.013702392578125,0.0562744140625,-0.5532073974609375
2026-09-17T07:32:25.883200,1789630345883200800,74.32520068359375,-0.007843017578125,0.018951416015625,-1.6406707763671875
2026-09-17T07:32:25.893160,1789630345893160700,74.33516064453126,0.0592041015625,-0.063720703125,-1.2215423583984375
2026-09-17T07:32:25.903120,1789630345903120600,74.34512060546875,0.0682373046875,0.04302978515625,-0.844940185546875
2026-09-17T07:32:25.913079,1789630345913079600,74.35507958984375,7.62939453125e-05,0.1647796630859375,-0.6791839599609375
2026-09-17T07:32:25.923039,1789630345923039500,74.36503955078125,0.0958099365234375,-0.0504913330078125,-0.769561767578125
2026-09-17T07:32:25.932999,1789630345932999700,74.37499975585938,-0.0057220458984375,-0.048431396484375,-1.9560394287109375
2026-09-17T07:32:25.942959,1789630345942959600,74.38495971679687,-0.1412506103515625,0.0688934326171875,-0.63873291015625
2026-09-17T07:32:25.952918,1789630345952918500,74.39491845703125,-0.0765533447265625,0.0694122314453125,-0.3153533935546875
2026-09-17T07:32:25.962878,1789630345962878500,74.40487841796875,-0.01812744140625,0.0009613037109375,-1.3437042236328125
2026-09-17T07:32:25.972838,1789630345972838700,74.41483862304688,0.0153350830078125,-0.0724334716796875,-1.240020751953125
2026-09-17T07:32:25.982798,1789630345982798600,74.42479858398437,0.0691070556640625,-0.1076202392578125,-1.111419677734375
2026-09-17T07:32:25.992758,1789630345992758500,74.43475854492188,0.0616455078125,0.0554351806640625,-0.5229034423828125
2026-09-17T07:32:26.002717,1789630346002717400,74.44471752929688,-0.11102294921875,0.052398681640625,-1.061859130859375
2026-09-17T07:32:26.012677,1789630346012677400,74.45467749023437,0.2777862548828125,-0.0508880615234375,-0.796417236328125
2026-09-17T07:32:26.022637,1789630346022637600,74.46463745117188,0.260467529296875,-0.073822021484375,-1.37933349609375
2026-09-17T07:32:26.032597,1789630346032597500,74.47459741210938,-0.247314453125,0.0306854248046875,-0.7782440185546875
2026-09-17T07:32:26.042556,1789630346042556400,74.48455639648438,-0.2330169677734375,-0.0435333251953125,-0.7996978759765625
2026-09-17T07:32:26.052516,1789630346052516400,74.49451635742187,-0.0692596435546875,-0.1067962646484375,-1.4848480224609375
2026-09-17T07:32:26.062476,1789630346062476500,74.5044765625,-0.0680389404296875,-0.0197906494140625,-1.19049072265625
2026-09-17T07:32:26.072436,1789630346072436500,74.5144365234375,-0.0395050048828125,0.0542755126953125,-0.58001708984375
2026-09-17T07:32:26.082396,1789630346082396400,74.524396484375,0.193756103515625,0.0651702880859375,-1.0169677734375
2026-09-17T07:32:26.092355,1789630346092355600,74.53435546875,-0.0755157470703125,-0.0341949462890625,-1.1872100830078125
2026-09-17T07:32:26.102315,1789630346102315500,74.5443154296875,-0.240081787109375,-0.1178741455078125,-0.9445343017578124
2026-09-17T07:32:26.112275,1789630346112275700,74.55427563476563,-0.0574951171875,-0.04034423828125,-0.7108001708984375
2026-09-17T07:32:26.122235,1789630346122235600,74.56423559570312,0.1058807373046875,0.0025634765625,-1.2081756591796875
2026-09-17T07:32:26.132194,1789630346132194600,74.57419458007813,0.1100921630859375,-0.078826904296875,-1.2613525390625
2026-09-17T07:32:26.142154,1789630346142154500,74.58415454101562,-0.1878509521484375,-0.061370849609375,-0.7424774169921875
2026-09-17T07:32:26.152114,1789630346152114700,74.59411474609375,-0.2187957763671875,-0.0750885009765625,-0.788726806640625
2026-09-17T07:32:26.162074,1789630346162074600,74.60407470703124,0.1097564697265625,-0.1171875,-1.29840087890625
2026-09-17T07:32:26.172033,1789630346172033500,74.61403344726563,0.0560302734375,-0.0472412109375,-1.0382232666015625
2026-09-17T07:32:26.181993,1789630346181993500,74.62399340820312,-0.1112518310546875,-0.0537109375,-0.951446533203125
2026-09-17T07:32:26.191953,1789630346191953400,74.63395336914063,-0.005096435546875,-0.0884552001953125,-0.9107818603515624
2026-09-17T07:32:26.201913,1789630346201913600,74.64391357421874,0.0354156494140625,-0.067962646484375,-1.038909912109375
2026-09-17T07:32:26.211872,1789630346211872500,74.65387255859375,0.1551971435546875,-0.077117919921875,-0.8940277099609375
2026-09-17T07:32:26.221832,1789630346221832400,74.66383251953125,0.1406097412109375,0.040069580078125,-1.1577301025390625
2026-09-17T07:32:26.231792,1789630346231792400,74.67379248046875,-0.050323486328125,-0.025726318359375,-0.7216644287109375
2026-09-17T07:32:26.241752,1789630346241752600,74.68375268554688,-0.1449127197265625,-0.0650482177734375,-1.0958099365234375
2026-09-17T07:32:26.251712,1789630346251712500,74.69371240234375,-0.1129608154296875,-0.1363525390625,-1.514129638671875
2026-09-17T07:32:26.261671,1789630346261671400,74.70367138671875,0.0455169677734375,0.0354461669921875,-0.8331146240234375
2026-09-17T07:32:26.271631,1789630346271631400,74.71363134765625,0.0245513916015625,0.033172607421875,-0.453216552734375
2026-09-17T07:32:26.281591,1789630346281591300,74.72359130859375,0.0595245361328125,-0.024932861328125,-0.9885406494140624
2026-09-17T07:32:26.291551,1789630346291551500,74.73355151367187,-0.040069580078125,-0.2019500732421875,-1.5894927978515625
2026-09-17T07:32:26.301510,1789630346301510700,74.7435107421875,0.1177978515625,0.0041351318359375,-1.390533447265625
2026-09-17T07:32:26.311470,1789630346311470600,74.753470703125,0.0297088623046875,0.085113525390625,-0.0697479248046875
2026-09-17T07:32:26.321430,1789630346321430500,74.76343041992187,-0.1172027587890625,-0.0231170654296875,-0.499908447265625
2026-09-17T07:32:26.331390,1789630346331390700,74.773390625,-0.29339599609375,-0.1984405517578125,-2.512237548828125
2026-09-17T07:32:26.341350,1789630346341350700,74.7833505859375,0.0996551513671875,0.030548095703125,-0.915130615234375
2026-09-17T07:32:26.351309,1789630346351309600,74.7933095703125,0.0032196044921875,0.0684967041015625,-0.093109130859375
2026-09-17T07:32:26.361269,1789630346361269500,74.80326953125,0.157989501953125,-0.0012664794921875,-0.8001251220703125
2026-09-17T07:32:26.371229,1789630346371229700,74.81322973632813,0.1609649658203125,0.0603485107421875,-2.2508697509765625
2026-09-17T07:32:26.381189,1789630346381189600,74.82318969726562,-0.0610809326171875,-0.0035247802734375,0.0822906494140625
2026-09-17T07:32:26.391148,1789630346391148500,74.8331484375,-0.3583984375,-0.0738983154296875,-1.221435546875
2026-09-17T07:32:26.401108,1789630346401108500,74.8431083984375,-0.0631103515625,0.1029510498046875,-1.1380157470703125
2026-09-17T07:32:26.411068,1789630346411068400,74.853068359375,0.236297607421875,-0.075958251953125,-0.67138671875
2026-09-17T07:32:26.421028,1789630346421028600,74.86302856445313,-0.0524749755859375,-0.0278778076171875,-1.634674072265625
2026-09-17T07:32:26.430987,1789630346430987500,74.87298754882812,0.1405487060546875,0.1481781005859375,-1.053253173828125
2026-09-17T07:32:26.440947,1789630346440947500,74.88294750976563,-0.0729217529296875,-0.0506744384765625,-0.4258880615234375
2026-09-17T07:32:26.450907,1789630346450907400,74.89290747070312,-0.2574920654296875,0.0216522216796875,-1.0195159912109375
2026-09-17T07:32:26.460867,1789630346460867600,74.90286767578125,0.10498046875,0.0126190185546875,-1.411590576171875
2026-09-17T07:32:26.470827,1789630346470827500,74.91282763671875,0.050750732421875,-0.02545166015625,-0.70404052734375
2026-09-17T07:32:26.480786,1789630346480786700,74.92278662109375,0.0972900390625,0.1732330322265625,-0.9578094482421876
2026-09-17T07:32:26.490746,1789630346490746600,74.93274658203126,-0.0423736572265625,-0.024993896484375,-1.4590301513671875
2026-09-17T07:32:26.500706,1789630346500706600,74.94270654296875,-0.15069580078125,-0.0924224853515625,-0.828155517578125
2026-09-17T07:32:26.510666,1789630346510666500,74.95266650390624,-0.0034637451171875,0.079498291015625,-0.5465850830078125
2026-09-17T07:32:26.520625,1789630346520625700,74.96262573242187,0.0495758056640625,-0.026092529296875,-1.3763275146484375
2026-09-17T07:32:26.530585,1789630346530585600,74.97258569335938,0.049591064453125,-0.006744384765625,-0.8392333984375
2026-09-17T07:32:26.540545,1789630346540545500,74.98254565429687,0.0651092529296875,-0.0046234130859375,-0.913970947265625
2026-09-17T07:32:26.550505,1789630346550505700,74.99250561523438,0.0036163330078125,-0.124267578125,-1.358001708984375
2026-09-17T07:32:26.560464,1789630346560464600,75.00246459960937,-0.227783203125,-0.07708740234375,-0.848114013671875
2026-09-17T07:32:26.570424,1789630346570424600,75.01242456054688,0.0034332275390625,-0.02752685546875,-0.8128814697265625
2026-09-17T07:32:26.580384,1789630346580384500,75.02238452148437,0.2520904541015625,0.082305908203125,-0.71014404296875
2026-09-17T07:32:26.590344,1789630346590344400,75.03234448242188,-0.1519317626953125,-0.0679779052734375,-1.198333740234375
2026-09-17T07:32:26.600304,1789630346600304600,75.0423046875,-0.0727691650390625,-0.1531982421875,-1.46246337890625
2026-09-17T07:32:26.610263,1789630346610263600,75.052263671875,0.0937652587890625,-0.0053558349609375,-0.8158416748046875
2026-09-17T07:32:26.620223,1789630346620223500,75.06222338867188,-0.0162811279296875,-0.078399658203125,-0.8577728271484375
2026-09-17T07:32:26.630183,1789630346630183400,75.07218334960938,-0.0332489013671875,0.0216217041015625,-1.0481414794921875
2026-09-17T07:32:26.640143,1789630346640143600,75.0821435546875,0.00750732421875,0.01507568359375,-1.008087158203125
2026-09-17T07:32:26.650102,1789630346650102500,75.0921025390625,0.06353759765625,-0.062530517578125,-1.212646484375
2026-09-17T07:32:26.660062,1789630346660062500,75.1020625,0.072906494140625,-0.019775390625,-1.08392333984375
2026-09-17T07:32:26.670022,1789630346670022400,75.1120224609375,-0.0814971923828125,-0.0597076416015625,-0.7786712646484375
2026-09-17T07:32:26.679982,1789630346679982300,75.121982421875,-0.1231536865234375,-0.0474853515625,-0.8420257568359375
2026-09-17T07:32:26.689941,1789630346689941800,75.13194165039063,0.1385650634765625,0.058380126953125,-1.004974365234375
2026-09-17T07:32:26.699901,1789630346699901700,75.14190161132812,0.0606689453125,-0.146270751953125,-1.4304046630859375
2026-09-17T07:32:26.709861,1789630346709861600,75.15186157226563,-0.15814208984375,-0.1047210693359375,-1.06158447265625
2026-09-17T07:32:26.719821,1789630346719821600,75.16182153320312,0.145416259765625,0.0089874267578125,-1.1235809326171875
2026-09-17T07:32:26.729781,1789630346729781500,75.17178149414063,0.023773193359375,0.0166015625,-0.61993408203125
2026-09-17T07:32:26.739740,1789630346739740700,75.18174072265624,-0.1707000732421875,0.0137786865234375,-0.868133544921875
2026-09-17T07:32:26.749700,1789630346749700600,75.19170068359375,0.0640716552734375,-0.0040130615234375,-1.00836181640625
2026-09-17T07:32:26.759660,1789630346759660500,75.20166064453124,-0.019195556640625,-0.0727386474609375,-1.285369873046875
2026-09-17T07:32:26.769620,1789630346769620500,75.21162036132813,0.036102294921875,0.0062255859375,-0.8765411376953125
2026-09-17T07:32:26.779579,1789630346779579600,75.22157958984376,0.0332489013671875,-0.0303802490234375,-1.221405029296875
2026-09-17T07:32:26.789539,1789630346789539600,75.23153955078125,-0.0280609130859375,0.0529937744140625,-0.7186279296875
2026-09-17T07:32:26.799499,1789630346799499500,75.24149951171874,0.0121307373046875,0.0409698486328125,-0.9128570556640624
2026-09-17T07:32:26.809459,1789630346809459500,75.25145947265625,-0.0273590087890625,-0.0406494140625,-0.858917236328125
2026-09-17T07:32:26.819418,1789630346819418400,75.26141845703125,-0.066070556640625,-0.0482330322265625,-1.346832275390625
2026-09-17T07:32:26.829378,1789630346829378600,75.27137866210937,0.1334075927734375,0.0390777587890625,-0.817840576171875
2026-09-17T07:32:26.839338,1789630346839338500,75.28133837890626,0.1349334716796875,-0.0040130615234375,-1.004974365234375
2026-09-17T07:32:26.849298,1789630346849298400,75.29129833984375,-0.0478668212890625,-0.00640869140625,-0.834930419921875
2026-09-17T07:32:26.859258,1789630346859258400,75.30125830078126,0.024688720703125,-0.038970947265625,-1.3271942138671875
2026-09-17T07:32:26.869217,1789630346869217500,75.31121752929687,0.039581298828125,0.020477294921875,-0.754425048828125
2026-09-17T07:32:26.879177,1789630346879177500,75.32117749023438,-0.038482666015625,0.001068115234375,-1.12200927734375
2026-09-17T07:32:26.889137,1789630346889137400,75.33113745117187,0.072784423828125,0.01556396484375,-0.9979705810546876
2026-09-17T07:32:26.899097,1789630346899097300,75.34109741210938,-0.0287628173828125,0.00372314453125,-1.2220916748046875
2026-09-17T07:32:26.909056,1789630346909056500,75.35105639648438,-0.260894775390625,-0.0480499267578125,-0.9233245849609376
2026-09-17T07:32:26.919016,1789630346919016700,75.3610166015625,-0.0102386474609375,-0.04150390625,-0.9108734130859376
2026-09-17T07:32:26.928976,1789630346928976600,75.3709765625,-0.0580291748046875,-0.0774078369140625,-0.8023681640625
2026-09-17T07:32:26.938936,1789630346938936600,75.3809365234375,-0.0761566162109375,-0.1162567138671875,-1.1564483642578125
2026-09-17T07:32:26.948895,1789630346948895500,75.3908955078125,0.21234130859375,0.0352935791015625,-1.2991485595703125
2026-09-17T07:32:26.958855,1789630346958855700,75.40085571289063,0.110321044921875,0.0140838623046875,-0.7351531982421875
2026-09-17T07:32:26.968815,1789630346968815600,75.41081567382813,-0.139678955078125,0.0088043212890625,-0.9089202880859376
2026-09-17T07:32:26.978775,1789630346978775600,75.42077563476562,0.1122283935546875,0.02984619140625,-1.20159912109375
2026-09-17T07:32:26.988735,1789630346988735700,75.43073583984375,-0.019866943359375,0.008148193359375,-1.2264404296875
2026-09-17T07:32:26.998694,1789630346998694700,75.44069458007813,-0.120391845703125,0.0521240234375,-0.87921142578125
2026-09-17T07:32:27.008654,1789630347008654600,75.45065454101562,-0.016021728515625,0.03436279296875,-0.881866455078125
2026-09-17T07:32:27.018614,1789630347018614500,75.46061450195313,-0.007293701171875,-0.0270233154296875,-0.9964752197265624
2026-09-17T07:32:27.028574,1789630347028574700,75.47057470703125,0.045501708984375,-0.0493316650390625,-1.154541015625
2026-09-17T07:32:27.038533,1789630347038533600,75.48053369140625,0.095703125,-0.0222320556640625,-0.9758758544921876
2026-09-17T07:32:27.048493,1789630347048493600,75.49049365234374,-0.01312255859375,-0.0370941162109375,-0.9011077880859376
2026-09-17T07:32:27.058453,1789630347058453500,75.50045361328125,0.007415771484375,-0.0454864501953125,-0.879150390625
2026-09-17T07:32:27.068413,1789630347068413400,75.51041333007812,-0.09979248046875,-0.074432373046875,-1.238555908203125
2026-09-17T07:32:27.078372,1789630347078372600,75.52037255859375,0.026123046875,-0.0017852783203125,-1.0037078857421875
2026-09-17T07:32:27.088332,1789630347088332500,75.53033251953126,0.0431060791015625,-0.0014495849609375,-0.8480377197265625
2026-09-17T07:32:27.098292,1789630347098292500,75.54029248046875,-0.0005035400390625,-0.0319061279296875,-0.8992462158203125
2026-09-17T07:32:27.108252,1789630347108252400,75.55025244140624,-0.0419464111328125,-0.0584564208984375,-1.25927734375
2026-09-17T07:32:27.118212,1789630347118212600,75.56021264648437,0.0561676025390625,-0.0027008056640625,-0.87109375
2026-09-17T07:32:27.128171,1789630347128171800,75.570171875,0.049896240234375,0.0249786376953125,-0.90972900390625
2026-09-17T07:32:27.138131,1789630347138131700,75.58013159179687,-0.0289154052734375,-0.05908203125,-0.9774932861328124
2026-09-17T07:32:27.148091,1789630347148091600,75.59009155273438,-0.0684814453125,-0.066802978515625,-1.171112060546875
2026-09-17T07:32:27.158051,1789630347158051800,75.6000517578125,-0.033294677734375,-0.0179290771484375,-0.976226806640625
2026-09-17T07:32:27.168010,1789630347168010800,75.6100107421875,0.0424652099609375,-0.0233917236328125,-0.799530029296875
2026-09-17T07:32:27.177970,1789630347177970700,75.619970703125,0.0399017333984375,-0.0709228515625,-0.9954681396484376
2026-09-17T07:32:27.187930,1789630347187930600,75.6299306640625,-0.033111572265625,-0.0990753173828125,-1.23431396484375
2026-09-17T07:32:27.197890,1789630347197890600,75.639890625,-0.0001983642578125,-0.0275421142578125,-1.0514068603515625
2026-09-17T07:32:27.207849,1789630347207849500,75.64984936523437,0.039703369140625,-0.008819580078125,-0.7010955810546875
2026-09-17T07:32:27.217809,1789630347217809700,75.6598095703125,0.07586669921875,-0.061676025390625,-1.11273193359375
2026-09-17T07:32:27.227769,1789630347227769600,75.66976953125,-0.04315185546875,-0.081298828125,-1.281890869140625
2026-09-17T07:32:27.237729,1789630347237729500,75.6797294921875,-0.1155242919921875,-0.045867919921875,-0.6876678466796875
2026-09-17T07:32:27.247688,1789630347247688400,75.6896884765625,-0.1517333984375,-0.0353851318359375,-0.7597198486328125
2026-09-17T07:32:27.257648,1789630347257648600,75.69964868164062,0.1134185791015625,-0.055267333984375,-1.3308868408203125
2026-09-17T07:32:27.267608,1789630347267608600,75.70960864257812,0.2309722900390625,-0.0408172607421875,-1.2623443603515625
2026-09-17T07:32:27.277568,1789630347277568500,75.71956860351563,-0.038055419921875,-0.0468902587890625,-0.676055908203125
2026-09-17T07:32:27.287528,1789630347287528400,75.72952856445312,-0.1333465576171875,-0.0486297607421875,-0.8907623291015625
2026-09-17T07:32:27.297487,1789630347297487600,75.73948754882812,-0.014373779296875,-0.021514892578125,-1.2426605224609375
2026-09-17T07:32:27.307447,1789630347307447600,75.74944750976563,0.039459228515625,-0.0146484375,-1.1097564697265625
2026-09-17T07:32:27.317407,1789630347317407500,75.75940747070312,-0.028839111328125,-0.0084381103515625,-0.971282958984375
2026-09-17T07:32:27.327367,1789630347327367400,75.76936743164063,0.0037841796875,-0.02874755859375,-0.817138671875
2026-09-17T07:32:27.337326,1789630347337326600,75.77932666015624,0.026702880859375,-0.0442047119140625,-0.8850555419921875
2026-09-17T07:32:27.347286,1789630347347286800,75.78928686523437,0.007537841796875,-0.0541534423828125,-1.4206695556640625
2026-09-17T07:32:27.357246,1789630347357246700,75.79924682617188,0.0224151611328125,-0.001953125,-1.0760650634765625
2026-09-17T07:32:27.367206,1789630347367206700,75.80920654296875,-0.0089263916015625,-0.016265869140625,-0.6483154296875
2026-09-17T07:32:27.377165,1789630347377165600,75.81916552734376,-0.0769195556640625,-0.011688232421875,-0.863739013671875
2026-09-17T07:32:27.387125,1789630347387125800,75.82912573242187,-0.04193115234375,-0.059112548828125,-1.2847442626953125
2026-09-17T07:32:27.397085,1789630347397085700,75.83908569335938,0.0463104248046875,0.0445404052734375,-1.1847991943359375
2026-09-17T07:32:27.407045,1789630347407045600,75.84904565429687,0.1482391357421875,0.1172332763671875,-0.699249267578125
2026-09-17T07:32:27.417005,1789630347417005600,75.85900561523438,-0.03167724609375,0.020904541015625,-0.959686279296875
2026-09-17T07:32:27.426964,1789630347426964500,75.86896459960937,-0.064697265625,0.0045623779296875,-1.017608642578125
2026-09-17T07:32:27.436924,1789630347436924700,75.87892456054688,-0.031890869140625,0.0359954833984375,-1.2995147705078125
2026-09-17T07:32:27.446884,1789630347446884600,75.88888452148437,0.0047454833984375,0.0636444091796875,-0.7332611083984375
2026-09-17T07:32:27.456844,1789630347456844500,75.89884448242188,0.0070953369140625,-0.0210113525390625,-0.890899658203125
2026-09-17T07:32:27.466803,1789630347466803500,75.90880346679687,-0.0229949951171875,-0.0740966796875,-1.1611785888671875
2026-09-17T07:32:27.476763,1789630347476763600,75.918763671875,0.0497589111328125,0.0031890869140625,-1.2145233154296875
2026-09-17T07:32:27.486723,1789630347486723600,75.9287236328125,0.0359344482421875,0.0142059326171875,-0.7848358154296875
2026-09-17T07:32:27.496683,1789630347496683500,75.93868359375,0.0634765625,0.0230255126953125,-1.061981201171875
2026-09-17T07:32:27.506642,1789630347506642700,75.948642578125,-0.1121063232421875,-0.003631591796875,-1.0542449951171875
2026-09-17T07:32:27.516602,1789630347516602600,75.9586025390625,-0.213836669921875,-0.0164947509765625,-0.8253173828125
2026-09-17T07:32:27.526562,1789630347526562800,75.96856274414063,-0.14068603515625,0.02337646484375,-1.08746337890625
2026-09-17T07:32:27.536522,1789630347536522800,75.97852270507812,0.161773681640625,0.039215087890625,-1.1650390625
2026-09-17T07:32:27.546481,1789630347546481700,75.98848168945312,0.1719512939453125,0.0375823974609375,-1.1409759521484375
2026-09-17T07:32:27.556441,1789630347556441600,75.99844165039063,-0.0655517578125,0.0177001953125,-0.6943511962890625
2026-09-17T07:32:27.566401,1789630347566401800,76.00840185546875,-0.0567474365234375,-0.0110015869140625,-0.9477691650390624
2026-09-17T07:32:27.576361,1789630347576361700,76.01836181640626,-0.0389862060546875,-0.0237274169921875,-1.352569580078125
2026-09-17T07:32:27.586320,1789630347586320600,76.02832055664062,0.0177154541015625,0.0296173095703125,-0.9163665771484376
2026-09-17T07:32:27.596280,1789630347596280600,76.03828051757813,-0.04266357421875,-0.0188140869140625,-0.8763885498046875
2026-09-17T07:32:27.606240,1789630347606240500,76.04824047851562,-0.0359954833984375,-0.073699951171875,-0.9681854248046876
2026-09-17T07:32:27.616200,1789630347616200700,76.05820068359375,0.020782470703125,-0.058990478515625,-0.986358642578125
2026-09-17T07:32:27.626160,1789630347626160600,76.06816064453125,0.0140533447265625,-0.0638580322265625,-1.33355712890625
2026-09-17T07:32:27.636119,1789630347636119600,76.07811962890625,-0.0579071044921875,-0.0049591064453125,-0.9010467529296876
2026-09-17T07:32:27.646079,1789630347646079500,76.08807958984374,-0.0031890869140625,-0.05462646484375,-0.567108154296875
2026-09-17T07:32:27.656039,1789630347656039700,76.09803979492187,0.0386505126953125,-0.055633544921875,-1.2421875
2026-09-17T07:32:27.665999,1789630347665999600,76.10799951171875,-0.022308349609375,-0.058074951171875,-1.0577545166015625
2026-09-17T07:32:27.675958,1789630347675958500,76.11795849609375,-0.0106048583984375,-0.0506591796875,-1.0550384521484375
2026-09-17T07:32:27.685918,1789630347685918500,76.12791845703126,0.02117919921875,0.0015869140625,-0.7894287109375
2026-09-17T07:32:27.695878,1789630347695878400,76.13787841796875,0.0076751708984375,-0.0596466064453125,-0.8601531982421875
2026-09-17T07:32:27.705838,1789630347705838600,76.14783862304688,0.0261993408203125,-0.0486907958984375,-1.26611328125
2026-09-17T07:32:27.715797,1789630347715797800,76.1577978515625,-0.0574798583984375,-0.05682373046875,-1.0091400146484375
2026-09-17T07:32:27.725757,1789630347725757700,76.1677578125,-0.0711212158203125,-0.026275634765625,-1.0071258544921875
2026-09-17T07:32:27.735717,1789630347735717600,76.17771752929687,0.0118255615234375,-0.0648193359375,-0.915771484375
2026-09-17T07:32:27.745677,1789630347745677800,76.187677734375,0.044891357421875,-0.02838134765625,-1.0716552734375
2026-09-17T07:32:27.755636,1789630347755636700,76.19763671875,-0.0673980712890625,-0.0682220458984375,-1.0274658203125
2026-09-17T07:32:27.765596,1789630347765596700,76.2075966796875,-0.0236968994140625,-0.0254669189453125,-1.0412750244140625
2026-09-17T07:32:27.775556,1789630347775556600,76.217556640625,0.0458984375,-0.0498504638671875,-0.846099853515625
2026-09-17T07:32:27.785516,1789630347785516500,76.2275166015625,0.0301055908203125,-0.05535888671875,-1.409881591796875
2026-09-17T07:32:27.795475,1789630347795475700,76.23747583007813,-0.0881805419921875,-0.0358428955078125,-1.087371826171875
2026-09-17T07:32:27.805435,1789630347805435600,76.247435546875,-0.1762237548828125,-0.01263427734375,-0.404327392578125
2026-09-17T07:32:27.815395,1789630347815395600,76.2573955078125,0.0707855224609375,0.0386199951171875,-0.8540802001953125
2026-09-17T07:32:27.825355,1789630347825355500,76.26735546875,0.299102783203125,-0.081573486328125,-1.462921142578125
2026-09-17T07:32:27.835314,1789630347835314400,76.277314453125,-0.110076904296875,-0.0374603271484375,-1.284637451171875
2026-09-17T07:32:27.845274,1789630347845274600,76.28727465820313,-0.3390350341796875,-0.0940704345703125,-0.891754150390625
2026-09-17T07:32:27.855234,1789630347855234600,76.29723461914062,0.0062255859375,0.0072174072265625,-0.935821533203125
2026-09-17T07:32:27.865194,1789630347865194500,76.30719458007812,0.1301116943359375,0.0418243408203125,-1.0076141357421875
2026-09-17T07:32:27.875154,1789630347875154400,76.31715454101563,0.0675201416015625,0.09051513671875,-0.7488555908203125
2026-09-17T07:32:27.885113,1789630347885113600,76.32711352539063,-0.060943603515625,-0.0623321533203125,-1.0268402099609375
2026-09-17T07:32:27.895073,1789630347895073500,76.33707348632812,-0.023712158203125,-0.0709991455078125,-1.080108642578125
2026-09-17T07:32:27.905033,1789630347905033500,76.34703344726563,-0.0700531005859375,-0.07000732421875,-1.05694580078125
2026-09-17T07:32:27.914993,1789630347914993400,76.35699340820312,0.028778076171875,0.0064239501953125,-1.0691986083984375
2026-09-17T07:32:27.924952,1789630347924952600,76.36695263671875,0.0308990478515625,0.00653076171875,-1.00885009765625
2026-09-17T07:32:27.934912,1789630347934912800,76.37691284179688,0.026336669921875,0.0249786376953125,-0.8259124755859375
2026-09-17T07:32:27.944872,1789630347944872700,76.38687280273437,-0.1217041015625,-0.0123291015625,-0.9962615966796876
2026-09-17T07:32:27.954832,1789630347954832600,76.39683251953124,0.079376220703125,-0.0337982177734375,-1.092681884765625
2026-09-17T07:32:27.964791,1789630347964791600,76.40679150390625,0.0246429443359375,0.006500244140625,-1.1981201171875
2026-09-17T07:32:27.974751,1789630347974751700,76.41675170898438,-0.0340423583984375,-3.0517578125e-05,-0.813720703125
2026-09-17T07:32:27.984711,1789630347984711700,76.42671166992187,-0.03448486328125,0.00360107421875,-0.98858642578125
2026-09-17T07:32:27.994671,1789630347994671600,76.43667163085938,-0.001129150390625,0.0071563720703125,-0.927520751953125
2026-09-17T07:32:28.004630,1789630348004630500,76.44663061523437,0.02947998046875,-0.0135040283203125,-0.95361328125
2026-09-17T07:32:28.014590,1789630348014590700,76.4565908203125,-0.01177978515625,-0.0267791748046875,-1.12384033203125
2026-09-17T07:32:28.024550,1789630348024550700,76.46655053710937,-0.0595703125,-0.0361785888671875,-1.073760986328125
2026-09-17T07:32:28.034510,1789630348034510600,76.47651049804688,0.0119171142578125,0.012603759765625,-1.0400390625
2026-09-17T07:32:28.044469,1789630348044469500,76.48646948242188,0.0252227783203125,0.03656005859375,-0.891448974609375
2026-09-17T07:32:28.054429,1789630348054429700,76.4964296875,0.07342529296875,0.0305328369140625,-1.11517333984375
2026-09-17T07:32:28.064389,1789630348064389600,76.5063896484375,-0.0177154541015625,-0.0082855224609375,-1.171051025390625
2026-09-17T07:32:28.074349,1789630348074349600,76.516349609375,-0.1570281982421875,0.02630615234375,-0.79241943359375
2026-09-17T07:32:28.084308,1789630348084308700,76.52630883789062,-0.1215362548828125,0.0227813720703125,-0.52740478515625
2026-09-17T07:32:28.094268,1789630348094268700,76.5362685546875,0.2721405029296875,0.0131072998046875,-1.16259765625
2026-09-17T07:32:28.104228,1789630348104228600,76.546228515625,0.12921142578125,-0.0706024169921875,-1.4821624755859375
2026-09-17T07:32:28.114188,1789630348114188500,76.5561884765625,-0.241729736328125,-0.03668212890625,-0.8975830078125
2026-09-17T07:32:28.124147,1789630348124147700,76.56614770507812,-0.162139892578125,-0.0555419921875,-0.8444976806640625
2026-09-17T07:32:28.134107,1789630348134107600,76.57610766601563,0.163726806640625,0.0153961181640625,-1.01226806640625
2026-09-17T07:32:28.144067,1789630348144067800,76.58606787109375,0.0578765869140625,-0.000457763671875,-1.0852203369140625
2026-09-17T07:32:28.154027,1789630348154027800,76.59602783203125,0.013671875,-0.0213470458984375,-0.803558349609375
2026-09-17T07:32:28.163986,1789630348163986700,76.60598657226562,-0.0453033447265625,-0.05145263671875,-1.0096893310546875
2026-09-17T07:32:28.173946,1789630348173946600,76.61594653320313,-0.02471923828125,-0.063568115234375,-1.1761016845703125
2026-09-17T07:32:28.183906,1789630348183906600,76.62590649414062,0.0135345458984375,-0.0241241455078125,-1.0421600341796875
2026-09-17T07:32:28.193866,1789630348193866800,76.63586669921875,-0.053131103515625,-0.0100555419921875,-0.9738922119140624
2026-09-17T07:32:28.203825,1789630348203825700,76.64582568359376,0.017578125,-0.0205078125,-0.877838134765625
2026-09-17T07:32:28.213785,1789630348213785600,76.65578564453125,0.0370941162109375,-0.022430419921875,-1.086883544921875
2026-09-17T07:32:28.223745,1789630348223745500,76.66574560546874,-0.0134735107421875,-0.04443359375,-0.9637908935546876
2026-09-17T07:32:28.233705,1789630348233705700,76.67570581054687,-0.11328125,-0.052337646484375,-1.1048583984375
2026-09-17T07:32:28.243665,1789630348243665700,76.68566577148438,-0.0479583740234375,-0.0443572998046875,-1.115386962890625
2026-09-17T07:32:28.253624,1789630348253624600,76.69562451171875,0.0117340087890625,-0.009979248046875,-0.9326019287109376
2026-09-17T07:32:28.263584,1789630348263584500,76.70558447265626,-0.0052490234375,-0.0139007568359375,-0.95489501953125
2026-09-17T07:32:28.273544,1789630348273544400,76.71554443359375,-0.11895751953125,-0.020782470703125,-1.0154876708984375
2026-09-17T07:32:28.283504,1789630348283504600,76.72550463867188,0.0355987548828125,-0.0616455078125,-0.9521331787109376
2026-09-17T07:32:28.293463,1789630348293463800,76.7354638671875,0.0069580078125,-0.0659027099609375,-1.143524169921875
2026-09-17T07:32:28.303423,1789630348303423700,76.745423828125,-0.027587890625,-0.0627288818359375,-0.83795166015625
2026-09-17T07:32:28.313383,1789630348313383700,76.7553837890625,0.0867767333984375,-0.02386474609375,-0.9560699462890624
2026-09-17T07:32:28.323344,1789630348323344000,76.76534375,0.1206817626953125,-0.0285186767578125,-1.0494232177734375
2026-09-17T07:32:28.333302,1789630348333302800,76.775302734375,0.0945587158203125,-0.0419769287109375,-1.1672821044921875
2026-09-17T07:32:28.343262,1789630348343262700,76.7852626953125,-0.12005615234375,-0.03643798828125,-0.8700714111328125
2026-09-17T07:32:28.353222,1789630348353222700,76.79522265625,-0.2164459228515625,-0.0450592041015625,-0.538177490234375
2026-09-17T07:32:28.363182,1789630348363182600,76.8051826171875,0.06298828125,-0.0396881103515625,-1.161376953125
2026-09-17T07:32:28.373141,1789630348373141800,76.81514184570312,0.0454864501953125,-0.023895263671875,-1.5984344482421875
2026-09-17T07:32:28.383101,1789630348383101700,76.82510180664063,-0.10467529296875,-0.01336669921875,-0.8820953369140625
2026-09-17T07:32:28.393061,1789630348393061600,76.8350615234375,-0.0739288330078125,0.016998291015625,-0.7052764892578125
2026-09-17T07:32:28.403021,1789630348403021600,76.845021484375,0.0461273193359375,0.0506134033203125,-1.095794677734375
2026-09-17T07:32:28.412980,1789630348412980500,76.85498046875,0.17608642578125,0.0006561279296875,-0.875732421875
2026-09-17T07:32:28.422940,1789630348422940700,76.86494067382813,0.0257568359375,-0.016357421875,-1.3150634765625
2026-09-17T07:32:28.432900,1789630348432900600,76.87490063476562,-0.067138671875,-0.019378662109375,-0.859130859375
2026-09-17T07:32:28.442860,1789630348442860500,76.88486059570313,-0.098541259765625,0.04425048828125,-0.706512451171875
2026-09-17T07:32:28.452819,1789630348452819700,76.89481982421874,-0.001739501953125,0.046844482421875,-1.35211181640625
2026-09-17T07:32:28.462779,1789630348462779600,76.90477954101563,-0.070465087890625,-0.00408935546875,-1.0673675537109375
2026-09-17T07:32:28.472739,1789630348472739600,76.91473950195312,-0.08355712890625,0.0304412841796875,-0.9707794189453124
2026-09-17T07:32:28.482699,1789630348482699500,76.92469946289063,0.1284332275390625,0.05816650390625,-1.09063720703125
2026-09-17T07:32:28.492658,1789630348492658700,76.93465869140626,0.04132080078125,0.087615966796875,-0.6679840087890625
2026-09-17T07:32:28.502618,1789630348502618600,76.94461865234375,0.05682373046875,-0.02496337890625,-1.0663909912109375
2026-09-17T07:32:28.512578,1789630348512578800,76.95457885742188,-0.06951904296875,-0.0261383056640625,-1.24627685546875
2026-09-17T07:32:28.522538,1789630348522538800,76.96453881835937,-0.0252838134765625,0.0249176025390625,-0.8686065673828125
2026-09-17T07:32:28.532497,1789630348532497700,76.97449755859375,-0.0813140869140625,0.0407562255859375,-1.1776123046875
2026-09-17T07:32:28.542457,1789630348542457600,76.98445751953125,-0.079193115234375,0.064056396484375,-0.6735687255859375
2026-09-17T07:32:28.552417,1789630348552417800,76.99441772460938,0.0194854736328125,-0.0115814208984375,-1.0898590087890625
2026-09-17T07:32:28.562377,1789630348562377700,77.00437768554687,0.0834503173828125,-0.010406494140625,-1.246063232421875
2026-09-17T07:32:28.572336,1789630348572336600,77.01433666992187,0.0799102783203125,0.0357666015625,-0.8513641357421875
2026-09-17T07:32:28.582296,1789630348582296600,77.02429663085937,0.0926971435546875,0.025787353515625,-0.6048736572265625
2026-09-17T07:32:28.592256,1789630348592256500,77.03425659179688,0.107421875,-0.0094146728515625,-1.2299346923828125
2026-09-17T07:32:28.602216,1789630348602216700,77.044216796875,-0.0252685546875,-0.033355712890625,-1.557830810546875
2026-09-17T07:32:28.612175,1789630348612175600,77.05417553710937,-0.1851348876953125,0.04608154296875,-0.56195068359375
2026-09-17T07:32:28.622135,1789630348622135600,77.06413549804688,-0.175933837890625,-0.0145111083984375,-0.4817352294921875
2026-09-17T07:32:28.632095,1789630348632095500,77.07409545898437,-0.2386322021484375,-0.0873565673828125,-1.4726409912109375
2026-09-17T07:32:28.642055,1789630348642055700,77.0840556640625,0.299560546875,-0.111846923828125,-1.51641845703125
2026-09-17T07:32:28.652014,1789630348652014800,77.09401489257813,0.051116943359375,0.0338592529296875,-0.844940185546875
2026-09-17T07:32:28.661974,1789630348661974800,77.10397485351562,0.0352325439453125,0.0250396728515625,-0.3161163330078125
2026-09-17T07:32:28.671934,1789630348671934700,77.11393481445313,-0.0129241943359375,-0.0343170166015625,-1.3487091064453125
2026-09-17T07:32:28.681894,1789630348681894700,77.12389477539062,0.06341552734375,-0.04486083984375,-1.3056182861328125
2026-09-17T07:32:28.691853,1789630348691853800,77.13385375976563,-0.193634033203125,0.0244598388671875,-1.026397705078125
2026-09-17T07:32:28.701813,1789630348701813800,77.14381372070312,-0.170806884765625,-0.0497589111328125,-0.6068115234375
2026-09-17T07:32:28.711773,1789630348711773700,77.15377368164063,-0.013214111328125,-0.028656005859375,-1.1420440673828125
2026-09-17T07:32:28.721733,1789630348721733600,77.16373364257812,0.299163818359375,-0.0701751708984375,-0.99517822265625
2026-09-17T07:32:28.731692,1789630348731692500,77.17369262695313,0.0735626220703125,-0.055389404296875,-1.3597869873046875
2026-09-17T07:32:28.741652,1789630348741652700,77.18365283203126,-0.0367584228515625,0.011749267578125,-0.8003997802734375
2026-09-17T07:32:28.751612,1789630348751612700,77.19361279296875,-0.1255645751953125,0.0066375732421875,-0.8155059814453125
2026-09-17T07:32:28.761572,1789630348761572600,77.20357250976562,-0.18389892578125,-0.11480712890625,-1.037109375
2026-09-17T07:32:28.771531,1789630348771531500,77.21353149414062,-0.00225830078125,-0.14715576171875,-1.3034515380859375
2026-09-17T07:32:28.781491,1789630348781491700,77.22349169921876,0.1489410400390625,-0.0426025390625,-0.9290924072265624
2026-09-17T07:32:28.791451,1789630348791451600,77.23345166015625,0.2011871337890625,-0.01934814453125,-0.4671478271484375
2026-09-17T07:32:28.801411,1789630348801411600,77.24341162109376,0.06719970703125,-0.0456695556640625,-1.405914306640625
2026-09-17T07:32:28.811370,1789630348811370500,77.25337060546875,-0.1277008056640625,-0.0728912353515625,-1.1627655029296875
2026-09-17T07:32:28.821330,1789630348821330400,77.26333032226563,-0.1219024658203125,-0.0356903076171875,-0.856170654296875
2026-09-17T07:32:28.831290,1789630348831290600,77.27329052734375,0.016632080078125,0.00543212890625,-0.8093109130859375
2026-09-17T07:32:28.841250,1789630348841250600,77.28325048828125,0.0550994873046875,-0.080902099609375,-0.9759368896484376
2026-09-17T07:32:28.851209,1789630348851209700,77.29320971679688,-0.044830322265625,-0.059295654296875,-1.1921844482421875
2026-09-17T07:32:28.861169,1789630348861169700,77.30316967773437,0.1378631591796875,0.0192108154296875,-1.1755218505859375
2026-09-17T07:32:28.871129,1789630348871129900,77.3131298828125,-0.0126953125,-0.0318145751953125,-0.9149627685546876
2026-09-17T07:32:28.881089,1789630348881089800,77.32308984375,0.0967559814453125,0.0421600341796875,-0.7505645751953125
2026-09-17T07:32:28.891048,1789630348891048700,77.33304858398438,-0.031494140625,-0.0766143798828125,-1.087646484375
2026-09-17T07:32:28.901008,1789630348901008600,77.34300854492187,-0.1984405517578125,-0.070037841796875,-1.0536651611328125
2026-09-17T07:32:28.910968,1789630348910968600,77.35296850585938,0.0639495849609375,0.0512542724609375,-1.1142730712890625
2026-09-17T07:32:28.920928,1789630348920928800,77.3629287109375,0.13458251953125,-0.0081939697265625,-0.9008331298828124
2026-09-17T07:32:28.930887,1789630348930887700,77.3728876953125,-0.1486053466796875,-0.0878448486328125,-1.1399993896484375
2026-09-17T07:32:28.940847,1789630348940847600,77.38284765625,-0.0044097900390625,-0.045989990234375,-0.8634033203125
2026-09-17T07:32:28.950807,1789630348950807600,77.3928076171875,0.104156494140625,0.0022125244140625,-0.9444732666015624
2026-09-17T07:32:28.960767,1789630348960767700,77.40276782226563,-0.0101776123046875,-0.017669677734375,-1.0503387451171875
2026-09-17T07:32:28.970727,1789630348970727400,77.4127275390625,0.051025390625,0.0009002685546875,-1.057708740234375
2026-09-17T07:32:28.980687,1789630348980687400,77.42268725585937,0.0146636962890625,0.0428009033203125,-1.03448486328125
2026-09-17T07:32:28.990647,1789630348990647300,77.43264721679688,-0.008270263671875,0.0699005126953125,-0.9235992431640624
2026-09-17T07:32:29.000607,1789630349000607200,77.44260717773437,0.02203369140625,0.02288818359375,-1.027313232421875
2026-09-17T07:32:29.010567,1789630349010567400,77.4525673828125,-0.1550445556640625,-0.0172271728515625,-1.0901031494140625
2026-09-17T07:32:29.020526,1789630349020526300,77.4625263671875,0.044342041015625,0.0336761474609375,-1.1530609130859375
2026-09-17T07:32:29.030486,1789630349030486300,77.472486328125,0.112335205078125,0.0274658203125,-0.81884765625
2026-09-17T07:32:29.040446,1789630349040446200,77.4824462890625,-0.070556640625,-0.0325927734375,-0.853790283203125
2026-09-17T07:32:29.050406,1789630349050406400,77.49240649414062,0.00396728515625,-0.0499420166015625,-1.2716827392578125
2026-09-17T07:32:29.060365,1789630349060365300,77.502365234375,-0.026519775390625,-0.0006866455078125,-0.9298095703125
2026-09-17T07:32:29.070325,1789630349070325200,77.5123251953125,0.006927490234375,0.0227508544921875,-0.8177642822265625
2026-09-17T07:32:29.080285,1789630349080285200,77.52228515625,0.0145111083984375,-0.028961181640625,-1.0814208984375
2026-09-17T07:32:29.090245,1789630349090245000,77.5322451171875,-0.14654541015625,-0.05181884765625,-1.14874267578125
2026-09-17T07:32:29.100204,1789630349100204500,77.54220458984375,0.0093231201171875,0.037567138671875,-0.913726806640625
2026-09-17T07:32:29.110164,1789630349110164500,77.55216455078126,0.1885833740234375,0.039581298828125,-0.7722320556640625
2026-09-17T07:32:29.120124,1789630349120124400,77.56212451171875,-0.0550994873046875,-0.0746612548828125,-1.1935577392578125
2026-09-17T07:32:29.130084,1789630349130084400,77.57208447265624,-0.06048583984375,-0.004058837890625,-1.2073211669921875
2026-09-17T07:32:29.140043,1789630349140043300,77.58204321289062,0.12200927734375,0.0684051513671875,-0.80706787109375
2026-09-17T07:32:29.150003,1789630349150003500,77.59200341796875,0.0208587646484375,0.01580810546875,-0.8678131103515625
2026-09-17T07:32:29.159963,1789630349159963400,77.60196337890625,-0.1242218017578125,-0.090423583984375,-1.2089996337890625
2026-09-17T07:32:29.169923,1789630349169923300,77.61192333984376,-0.20172119140625,-0.0753326416015625,-1.0421600341796875
2026-09-17T07:32:29.179882,1789630349179882200,77.62188232421875,-0.1049346923828125,-0.0012359619140625,-0.70343017578125
2026-09-17T07:32:29.189842,1789630349189842400,77.63184252929688,0.14093017578125,-0.0286865234375,-0.9550018310546876
2026-09-17T07:32:29.199802,1789630349199802400,77.64180224609375,0.1168975830078125,-0.1140899658203125,-1.47625732421875
2026-09-17T07:32:29.209762,1789630349209762300,77.65176220703125,-0.0919036865234375,-0.0446929931640625,-0.9034881591796876
2026-09-17T07:32:29.219721,1789630349219721200,77.66172119140624,-0.02227783203125,-0.0069732666015625,-0.5574493408203125
2026-09-17T07:32:29.229681,1789630349229681200,77.67168115234375,-0.03118896484375,-0.035552978515625,-1.112274169921875
2026-09-17T07:32:29.239641,1789630349239641300,77.68164135742188,-0.0067596435546875,-0.0853729248046875,-1.3440399169921875
2026-09-17T07:32:29.249601,1789630349249601300,77.69160131835937,-0.044769287109375,-0.00897216796875,-0.9826507568359376
2026-09-17T07:32:29.259560,1789630349259560400,77.701560546875,-0.04058837890625,-0.0057373046875,-0.7156982421875
2026-09-17T07:32:29.269520,1789630349269520400,77.71152026367187,-0.0041046142578125,-0.073944091796875,-0.8124542236328125
2026-09-17T07:32:29.279480,1789630349279480600,77.72148046875,0.006500244140625,-0.0740203857421875,-1.52783203125
2026-09-17T07:32:29.289440,1789630349289440500,77.7314404296875,-0.067962646484375,-0.042816162109375,-1.092315673828125
2026-09-17T07:32:29.299399,1789630349299399400,77.7413994140625,-0.08477783203125,-0.0116424560546875,-0.75421142578125
2026-09-17T07:32:29.309359,1789630349309359400,77.751359375,-0.03216552734375,-0.024871826171875,-0.7238311767578125
2026-09-17T07:32:29.319319,1789630349319319300,77.7613193359375,-0.043731689453125,-0.11785888671875,-1.2927703857421875
2026-09-17T07:32:29.329279,1789630349329279500,77.77127954101563,-0.0063629150390625,-0.052642822265625,-1.214752197265625
2026-09-17T07:32:29.339238,1789630349339238400,77.78123828125,0.0480194091796875,-0.023284912109375,-0.7277984619140625
2026-09-17T07:32:29.349198,1789630349349198300,77.7911982421875,0.0099334716796875,-0.047149658203125,-0.7946319580078125
2026-09-17T07:32:29.359158,1789630349359158300,77.801158203125,-0.11090087890625,-0.0943603515625,-1.3724517822265625
2026-09-17T07:32:29.369118,1789630349369118500,77.81111840820313,-0.131866455078125,-0.0529632568359375,-1.11260986328125
2026-09-17T07:32:29.379077,1789630349379077400,77.82107739257812,0.0045166015625,-0.0242156982421875,-0.8400726318359375
2026-09-17T07:32:29.389037,1789630349389037300,77.83103735351563,0.06298828125,-0.0134124755859375,-0.6907958984375
2026-09-17T07:32:29.398997,1789630349398997200,77.84099731445312,-0.0105743408203125,-0.1110687255859375,-1.264556884765625
2026-09-17T07:32:29.408957,1789630349408957400,77.85095751953125,-0.023590087890625,-0.024444580078125,-1.1812591552734375
2026-09-17T07:32:29.418916,1789630349418916400,77.86091625976563,0.1052398681640625,0.011627197265625,-0.8901214599609375
2026-09-17T07:32:29.428876,1789630349428876300,77.87087622070312,-0.0409393310546875,0.0057830810546875,-0.9757843017578124
2026-09-17T07:32:29.438836,1789630349438836200,77.88083618164063,-0.275054931640625,-0.0376739501953125,-0.8818817138671875
2026-09-17T07:32:29.448796,1789630349448796200,77.89079614257813,-0.2867431640625,-0.068023681640625,-1.0194549560546875
2026-09-17T07:32:29.458755,1789630349458755300,77.90075537109375,0.1202850341796875,0.0388031005859375,-1.0457000732421875
2026-09-17T07:32:29.468715,1789630349468715500,77.91071557617188,0.201629638671875,-0.0163421630859375,-1.4050140380859375
2026-09-17T07:32:29.478675,1789630349478675500,77.92067553710937,-0.0277862548828125,-0.0198516845703125,-0.650634765625
2026-09-17T07:32:29.488635,1789630349488635400,77.93063549804687,-0.0484161376953125,-0.0065460205078125,-0.837005615234375
2026-09-17T07:32:29.498594,1789630349498594300,77.94059423828125,-0.076873779296875,-0.0060272216796875,-1.173248291015625
2026-09-17T07:32:29.508554,1789630349508554500,77.95055444335938,-0.0279541015625,0.057037353515625,-1.355438232421875
2026-09-17T07:32:29.518514,1789630349518514400,77.96051440429687,-0.075164794921875,0.01824951171875,-0.683685302734375
2026-09-17T07:32:29.528474,1789630349528474400,77.97047436523438,-0.082061767578125,0.0486907958984375,-0.9400634765625
2026-09-17T07:32:29.538433,1789630349538433300,77.98043334960937,0.03277587890625,-0.027374267578125,-1.1393890380859375
2026-09-17T07:32:29.548393,1789630349548393200,77.99039331054688,-0.0418701171875,0.0177764892578125,-1.1710205078125
2026-09-17T07:32:29.558353,1789630349558353400,78.000353515625,-0.0901336669921875,0.028778076171875,-0.8416595458984375
2026-09-17T07:32:29.568313,1789630349568313300,78.01031323242188,-0.0351409912109375,-0.0100250244140625,-1.0004730224609375
2026-09-17T07:32:29.578272,1789630349578272300,78.02027221679687,-0.0089263916015625,0.0248565673828125,-1.0419921875
2026-09-17T07:32:29.588232,1789630349588232200,78.03023217773438,0.05377197265625,0.0301055908203125,-0.9621429443359376
2026-09-17T07:32:29.598192,1789630349598192400,78.0401923828125,0.0141143798828125,0.0538177490234375,-0.9120941162109376
2026-09-17T07:32:29.608152,1789630349608152300,78.05015234375,-0.0485382080078125,-0.02984619140625,-0.9477081298828124
2026-09-17T07:32:29.618111,1789630349618111500,78.06011157226563,0.0607147216796875,-0.0005035400390625,-1.2009735107421875
2026-09-17T07:32:29.628071,1789630349628071400,78.07007153320312,-0.0551300048828125,0.02001953125,-1.1184539794921875
2026-09-17T07:32:29.638031,1789630349638031400,78.08003125,-0.035980224609375,0.0643157958984375,-0.6635894775390625
2026-09-17T07:32:29.647991,1789630349647991300,78.0899912109375,-0.0420074462890625,0.0128173828125,-0.9949493408203124
2026-09-17T07:32:29.657950,1789630349657950500,78.09995043945312,-0.06610107421875,-0.0407562255859375,-1.2827301025390625
2026-09-17T07:32:29.667910,1789630349667910400,78.10991040039063,-0.266021728515625,-0.0321502685546875,-1.3897857666015625
2026-09-17T07:32:29.677870,1789630349677870300,78.11987036132813,0.0587921142578125,0.0807037353515625,-0.2449188232421875
2026-09-17T07:32:29.687830,1789630349687830500,78.12983056640626,0.2996978759765625,0.017730712890625,-0.9095611572265624
2026-09-17T07:32:29.697790,1789630349697790500,78.13979052734375,0.261444091796875,-0.0731964111328125,-1.3511199951171875
2026-09-17T07:32:29.707749,1789630349707749400,78.14974926757813,-0.20196533203125,-0.133331298828125,-0.9562835693359376
2026-09-17T07:32:29.717709,1789630349717709300,78.15970922851562,-0.043548583984375,-0.02374267578125,-0.4923248291015625
2026-09-17T07:32:29.727669,1789630349727669500,78.16966943359375,0.0220794677734375,-0.0546722412109375,-0.9106292724609376
2026-09-17T07:32:29.737628,1789630349737628400,78.17962841796874,0.0777435302734375,-0.067596435546875,-1.9158477783203125
2026-09-17T07:32:29.747588,1789630349747588400,78.18958837890625,-0.0997314453125,-0.038726806640625,-0.8990325927734375
2026-09-17T07:32:29.757548,1789630349757548300,78.19954833984374,-0.1992034912109375,-0.0009918212890625,-0.7177886962890625
2026-09-17T07:32:29.767508,1789630349767508200,78.20950830078125,-0.165679931640625,0.018280029296875,-1.0263824462890625
2026-09-17T07:32:29.777468,1789630349777468400,78.21946850585938,0.143646240234375,-0.0001373291015625,-0.942230224609375
2026-09-17T07:32:29.787427,1789630349787427300,78.22942724609375,0.0760040283203125,-0.02337646484375,-1.1424102783203125
2026-09-17T07:32:29.797387,1789630349797387300,78.23938720703126,-0.196807861328125,-0.0695953369140625,-1.18243408203125
2026-09-17T07:32:29.807347,1789630349807347200,78.24934716796875,0.154937744140625,-0.0489044189453125,-0.8229522705078125
2026-09-17T07:32:29.817307,1789630349817307400,78.25930737304688,0.28314208984375,0.0032806396484375,-0.784820556640625
2026-09-17T07:32:29.827266,1789630349827266600,78.2692666015625,-0.038543701171875,0.013336181640625,-0.7897796630859375
2026-09-17T07:32:29.837226,1789630349837226500,78.2792265625,-0.2856292724609375,-0.1735992431640625,-1.44183349609375
2026-09-17T07:32:29.847186,1789630349847186400,78.2891865234375,-0.16534423828125,-0.125823974609375,-1.410797119140625
2026-09-17T07:32:29.857146,1789630349857146400,78.299146484375,0.0973968505859375,0.0291900634765625,-0.4969482421875
2026-09-17T07:32:29.867105,1789630349867105300,78.30910522460937,0.2108306884765625,0.045806884765625,-0.8191986083984375
2026-09-17T07:32:29.877065,1789630349877065500,78.3190654296875,-0.070037841796875,0.0028076171875,-0.781402587890625
2026-09-17T07:32:29.887025,1789630349887025400,78.329025390625,-0.196075439453125,-0.18017578125,-1.4638671875
2026-09-17T07:32:29.896985,1789630349896985300,78.3389853515625,-0.12078857421875,-0.117156982421875,-1.5897979736328125
2026-09-17T07:32:29.906944,1789630349906944300,78.3489443359375,0.086761474609375,0.049468994140625,-0.4338531494140625
2026-09-17T07:32:29.916904,1789630349916904400,78.35890454101562,0.1240386962890625,0.051239013671875,-0.3279876708984375
2026-09-17T07:32:29.926864,1789630349926864400,78.36886450195313,0.1343994140625,-0.02215576171875,-1.1328125
2026-09-17T07:32:29.936824,1789630349936824300,78.37882421875,-0.0469818115234375,-0.1784210205078125,-2.1274566650390625
2026-09-17T07:32:29.946783,1789630349946783200,78.388783203125,-0.090606689453125,0.084442138671875,-0.9202117919921876
2026-09-17T07:32:29.956743,1789630349956743400,78.39874340820313,0.0020294189453125,0.029693603515625,0.0655517578125
2026-09-17T07:32:29.966703,1789630349966703400,78.40870336914062,0.0119781494140625,-0.0355072021484375,-0.94427490234375
2026-09-17T07:32:29.976662,1789630349976662300,78.41866235351563,-0.1403656005859375,-0.1548004150390625,-2.1170806884765625
2026-09-17T07:32:29.986621,1789630349986621400,78.42862133789062,-0.1577911376953125,-0.0137481689453125,-0.5213775634765625
2026-09-17T07:32:29.996581,1789630349996581600,78.43858154296875,-0.0032501220703125,0.028167724609375,-0.0750885009765625
2026-09-17T07:32:30.006541,1789630350006541600,78.44854150390626,0.196075439453125,0.01446533203125,-2.185333251953125
2026-09-17T07:32:30.016501,1789630350016501500,78.45850146484375,0.223114013671875,-0.0167388916015625,-1.0926971435546875
2026-09-17T07:32:30.026460,1789630350026460400,78.46846044921875,-0.152252197265625,0.0541534423828125,-0.5171051025390625
2026-09-17T07:32:30.036420,1789630350036420600,78.47842065429687,-0.1853485107421875,-0.029541015625,-0.614410400390625
2026-09-17T07:32:30.046380,1789630350046380500,78.48838061523438,-0.2848052978515625,0.01727294921875,-2.05780029296875
2026-09-17T07:32:30.056340,1789630350056340500,78.49834057617187,0.29632568359375,0.025146484375,-0.52777099609375
2026-09-17T07:32:30.066299,1789630350066299400,78.50829931640625,0.1004791259765625,-0.0085601806640625,-0.40960693359375
2026-09-17T07:32:30.076259,1789630350076259300,78.51825927734374,-0.116912841796875,-0.040679931640625,-1.918365478515625
2026-09-17T07:32:30.086219,1789630350086219500,78.52821948242187,0.071868896484375,0.08984375,-0.74200439453125
2026-09-17T07:32:30.096179,1789630350096179500,78.53817944335937,-0.17034912109375,0.0697479248046875,-0.483612060546875
2026-09-17T07:32:30.106138,1789630350106138400,78.54813842773437,-0.3415374755859375,-0.0888824462890625,-1.6045074462890625
2026-09-17T07:32:30.116098,1789630350116098300,78.55809838867188,0.069305419921875,-0.1136627197265625,-1.511505126953125
2026-09-17T07:32:30.126058,1789630350126058500,78.56805859375,0.1067352294921875,0.0269622802734375,-0.0565338134765625
2026-09-17T07:32:30.136018,1789630350136018400,78.57801831054688,0.1248016357421875,0.0656890869140625,-0.5933380126953125
2026-09-17T07:32:30.145977,1789630350145977600,78.5879775390625,0.2218780517578125,0.0305023193359375,-1.91278076171875
2026-09-17T07:32:30.155937,1789630350155937500,78.5979375,0.034271240234375,-0.0576019287109375,-1.28240966796875
2026-09-17T07:32:30.165897,1789630350165897700,78.60789770507813,-0.1209716796875,0.066680908203125,-0.2414703369140625
2026-09-17T07:32:30.175857,1789630350175857700,78.61785766601562,-0.232269287109375,0.0017547607421875,-0.782379150390625
2026-09-17T07:32:30.185816,1789630350185816600,78.62781665039063,-0.225128173828125,-0.08953857421875,-1.8065032958984375
2026-09-17T07:32:30.195776,1789630350195776500,78.63777661132812,0.2657470703125,-0.069580078125,-0.8121795654296875
2026-09-17T07:32:30.205736,1789630350205736400,78.647736328125,-0.0444183349609375,0.0570068359375,-0.745452880859375
2026-09-17T07:32:30.215696,1789630350215696600,78.65769653320312,0.094146728515625,-0.023956298828125,-0.56170654296875
2026-09-17T07:32:30.225655,1789630350225655600,78.66765551757813,0.3161163330078125,-0.0642547607421875,-1.85394287109375
2026-09-17T07:32:30.235615,1789630350235615500,78.67761547851562,0.05462646484375,0.0623016357421875,-0.846649169921875
2026-09-17T07:32:30.245575,1789630350245575400,78.68757543945313,-0.3184661865234375,0.001312255859375,-0.5833740234375
2026-09-17T07:32:30.255534,1789630350255534300,78.69753442382813,-0.34136962890625,-0.1226806640625,-1.127899169921875
2026-09-17T07:32:30.265494,1789630350265494500,78.70749462890625,-0.1588897705078125,-0.1380767822265625,-1.357818603515625
2026-09-17T07:32:30.275454,1789630350275454500,78.71745434570313,0.291595458984375,0.0777130126953125,-0.9792633056640624
2026-09-17T07:32:30.285414,1789630350285414400,78.72741430664063,0.056610107421875,0.0633087158203125,-0.475067138671875
2026-09-17T07:32:30.295373,1789630350295373300,78.73737329101563,-0.1365509033203125,-0.2937469482421875,-1.790740966796875
2026-09-17T07:32:30.305333,1789630350305333200,78.74733325195312,0.0248565673828125,0.0783843994140625,-1.1955718994140625
2026-09-17T07:32:30.315293,1789630350315293400,78.75729345703125,-0.0082855224609375,-0.001068115234375,0.2230224609375
2026-09-17T07:32:30.325253,1789630350325253400,78.76725341796875,-0.0441131591796875,-0.029388427734375,-1.3501434326171875
2026-09-17T07:32:30.335212,1789630350335212500,78.77721264648437,-0.2088470458984375,-0.10333251953125,-2.24407958984375
2026-09-17T07:32:30.345172,1789630350345172500,78.78717236328124,0.007720947265625,7.62939453125e-05,-0.2916107177734375
2026-09-17T07:32:30.355132,1789630350355132700,78.79713256835937,0.0211944580078125,0.006805419921875,0.0382537841796875
2026-09-17T07:32:30.365092,1789630350365092600,78.80709252929688,0.2816314697265625,-0.0232391357421875,-2.24005126953125
2026-09-17T07:32:30.375051,1789630350375051500,78.81705151367187,-0.1455841064453125,-0.050048828125,-0.905364990234375
2026-09-17T07:32:30.385011,1789630350385011500,78.82701147460938,-0.0993499755859375,-0.0600128173828125,-0.1612548828125
2026-09-17T07:32:30.394971,1789630350394971400,78.83697143554687,-0.185455322265625,-0.1370849609375,-1.7976837158203125
2026-09-17T07:32:30.404931,1789630350404931600,78.846931640625,0.14385986328125,0.0236663818359375,-1.1253814697265625
2026-09-17T07:32:30.414890,1789630350414890500,78.85689038085937,0.0254669189453125,-0.01531982421875,0.1580657958984375
2026-09-17T07:32:30.424850,1789630350424850400,78.86685034179688,0.282379150390625,-0.0677642822265625,-1.959320068359375
2026-09-17T07:32:30.434810,1789630350434810400,78.87681030273437,-0.1250762939453125,0.095794677734375,-1.2694244384765625
2026-09-17T07:32:30.444770,1789630350444770600,78.8867705078125,-0.0432891845703125,-0.01397705078125,-0.1988677978515625
2026-09-17T07:32:30.454729,1789630350454729500,78.8967294921875,-0.2115631103515625,-0.052032470703125,-1.003265380859375
2026-09-17T07:32:30.464689,1789630350464689400,78.906689453125,0.032440185546875,-0.0401153564453125,-1.84564208984375
2026-09-17T07:32:30.474649,1789630350474649300,78.9166494140625,0.15948486328125,-0.0549468994140625,-0.1674346923828125
2026-09-17T07:32:30.484609,1789630350484609500,78.92660961914062,0.147491455078125,0.0629119873046875,-1.2705230712890625
2026-09-17T07:32:30.494568,1789630350494568700,78.93656860351562,0.0152587890625,-0.0127105712890625,-1.009033203125
2026-09-17T07:32:30.504528,1789630350504528600,78.94652856445313,-0.0458526611328125,-0.11083984375,-1.11639404296875
2026-09-17T07:32:30.514488,1789630350514488600,78.95648852539063,-0.2061767578125,0.0109100341796875,-0.8928680419921875
2026-09-17T07:32:30.524448,1789630350524448500,78.96644848632812,-0.2973175048828125,-0.0221710205078125,-0.93194580078125
2026-09-17T07:32:30.534407,1789630350534407400,78.97640747070312,0.1159820556640625,-0.024658203125,-0.764678955078125
2026-09-17T07:32:30.544367,1789630350544367600,78.98636767578125,0.20574951171875,0.0341644287109375,-1.34820556640625
2026-09-17T07:32:30.554327,1789630350554327600,78.99632763671875,0.0452117919921875,0.0070343017578125,-1.6314697265625
2026-09-17T07:32:30.564286,1789630350564286500,79.00628637695313,-0.0930328369140625,-0.0032806396484375,-0.1501617431640625
2026-09-17T07:32:30.574246,1789630350574246400,79.01624633789062,-0.01708984375,0.0233917236328125,-0.58404541015625
2026-09-17T07:32:30.584206,1789630350584206600,79.02620654296875,-0.0406494140625,0.0088653564453125,-2.0361785888671875
2026-09-17T07:32:30.594166,1789630350594166500,79.03616650390624,0.05108642578125,0.0055999755859375,-0.868133544921875
2026-09-17T07:32:30.604125,1789630350604125400,79.04612548828125,-0.060821533203125,0.052734375,-0.412933349609375
2026-09-17T07:32:30.614085,1789630350614085400,79.05608544921876,-0.0869140625,0.0621490478515625,-1.1583404541015625
2026-09-17T07:32:30.624045,1789630350624045300,79.06604541015625,0.064666748046875,-0.0958251953125,-1.3687591552734375
2026-09-17T07:32:30.634005,1789630350634005500,79.07600561523438,-0.005035400390625,0.091400146484375,-0.767364501953125
2026-09-17T07:32:30.643964,1789630350643964400,79.08596435546875,-0.0841217041015625,0.03839111328125,-1.17718505859375
2026-09-17T07:32:30.653924,1789630350653924400,79.09592431640625,-0.0211334228515625,-0.06103515625,-0.7169036865234375
2026-09-17T07:32:30.663884,1789630350663884300,79.10588427734375,0.0064239501953125,-0.01116943359375,-1.0806427001953125
2026-09-17T07:32:30.673844,1789630350673844500,79.11584448242188,0.0514373779296875,0.03155517578125,-1.1245269775390625
2026-09-17T07:32:30.683803,1789630350683803600,79.1258037109375,0.0690155029296875,-0.0428619384765625,-0.8258514404296875
2026-09-17T07:32:30.693763,1789630350693763600,79.135763671875,0.013702392578125,-0.0573883056640625,-1.2817840576171875
2026-09-17T07:32:30.703723,1789630350703723500,79.1457236328125,-0.082489013671875,0.0817718505859375,-0.906982421875
2026-09-17T07:32:30.713683,1789630350713683700,79.15568359375,-0.1139373779296875,0.0294952392578125,-0.8056182861328125
2026-09-17T07:32:30.723642,1789630350723642600,79.165642578125,-0.188873291015625,-0.08416748046875,-0.95355224609375
2026-09-17T07:32:30.733602,1789630350733602600,79.1756025390625,-0.045074462890625,-0.0623016357421875,-1.2710113525390625
2026-09-17T07:32:30.743562,1789630350743562500,79.1855625,0.206329345703125,0.003936767578125,-1.26190185546875
2026-09-17T07:32:30.753522,1789630350753522400,79.1955224609375,0.0940093994140625,0.0473785400390625,-0.1707916259765625
2026-09-17T07:32:30.763481,1789630350763481300,79.2054814453125,0.2692413330078125,-0.0899658203125,-1.1972198486328125
2026-09-17T07:32:30.773441,1789630350773441500,79.21544165039063,-0.0102996826171875,-0.081451416015625,-2.0106353759765625
2026-09-17T07:32:30.783401,1789630350783401500,79.2254013671875,-0.0966644287109375,0.002777099609375,-0.016143798828125
2026-09-17T07:32:30.793360,1789630350793360400,79.2353603515625,-0.2213134765625,-0.0474090576171875,-0.6323699951171875
2026-09-17T07:32:30.803320,1789630350803320300,79.2453203125,-0.4147796630859375,-0.0980224609375,-1.6833648681640625
2026-09-17T07:32:30.813280,1789630350813280500,79.25528051757813,0.208526611328125,-0.0047149658203125,-1.3013763427734375
2026-09-17T07:32:30.823240,1789630350823240400,79.26524047851562,0.0639190673828125,-0.121307373046875,-0.6072540283203125
2026-09-17T07:32:30.833199,1789630350833199600,79.27519970703125,-0.0338287353515625,0.0069122314453125,-0.6836090087890625
2026-09-17T07:32:30.843159,1789630350843159600,79.28515966796876,0.21160888671875,-0.0355987548828125,-1.4680328369140625
2026-09-17T07:32:30.853119,1789630350853119500,79.29511938476563,0.1066131591796875,0.010589599609375,-0.9345855712890624
2026-09-17T07:32:30.863079,1789630350863079400,79.30507934570312,-0.3382568359375,0.0148773193359375,-1.0070343017578125
2026-09-17T07:32:30.873038,1789630350873038600,79.31503857421875,-0.3035430908203125,-0.116973876953125,-0.9379425048828124
2026-09-17T07:32:30.882998,1789630350882998500,79.32499853515625,0.051361083984375,-0.0253448486328125,-0.9052734375
2026-09-17T07:32:30.892958,1789630350892958500,79.33495849609375,0.1634979248046875,-0.0019989013671875,-1.298828125
2026-09-17T07:32:30.902918,1789630350902918700,79.34491870117188,0.0921173095703125,-0.0056610107421875,-0.73089599609375
2026-09-17T07:32:30.912877,1789630350912877600,79.35487768554688,0.032958984375,-0.0355072021484375,-1.232879638671875
2026-09-17T07:32:30.922837,1789630350922837500,79.36483740234375,-0.0879364013671875,0.0936737060546875,-0.6533966064453125
2026-09-17T07:32:30.932797,1789630350932797400,79.37479736328125,-0.13067626953125,-0.102783203125,-1.1900787353515625
2026-09-17T07:32:30.942757,1789630350942757600,79.38475756835938,-0.1184844970703125,-0.0588531494140625,-1.05859375
2026-09-17T07:32:30.952716,1789630350952716500,79.39471655273438,0.0547332763671875,0.0005645751953125,-1.1595916748046875
2026-09-17T07:32:30.962676,1789630350962676500,79.40467651367187,0.1212158203125,-0.010345458984375,-0.6189422607421875
2026-09-17T07:32:30.972636,1789630350972636700,79.41463671875,0.1482391357421875,0.0463104248046875,-1.2498321533203125
2026-09-17T07:32:30.982595,1789630350982595600,79.424595703125,-0.1256103515625,0.0315093994140625,-0.945770263671875
2026-09-17T07:32:30.992555,1789630350992555500,79.43455541992188,-0.2123565673828125,-0.107269287109375,-0.8907318115234375
2026-09-17T07:32:31.002515,1789630351002515500,79.44451538085937,-0.035888671875,0.032318115234375,-1.12274169921875
2026-09-17T07:32:31.012475,1789630351012475600,79.4544755859375,0.1353759765625,-0.02191162109375,-0.93719482421875
2026-09-17T07:32:31.022434,1789630351022434800,79.46443481445313,0.1689453125,0.064971923828125,-1.056640625
2026-09-17T07:32:31.032394,1789630351032394800,79.47439477539062,0.151397705078125,0.160125732421875,-1.0722808837890625
2026-09-17T07:32:31.042354,1789630351042354700,79.48435473632813,-0.185882568359375,-0.0478515625,-1.1143341064453125
2026-09-17T07:32:31.052315,1789630351052315000,79.49431494140624,-0.2549285888671875,-0.040496826171875,-0.638580322265625
2026-09-17T07:32:31.062273,1789630351062273800,79.50427368164063,-0.1783294677734375,0.0496368408203125,-1.043548583984375
2026-09-17T07:32:31.072233,1789630351072233700,79.51423364257812,0.2197723388671875,-0.073974609375,-1.09405517578125
2026-09-17T07:32:31.082193,1789630351082193700,79.52419360351563,0.1572418212890625,0.105926513671875,-1.437957763671875
2026-09-17T07:32:31.092153,1789630351092153600,79.53415356445312,-0.0003204345703125,0.0726470947265625,-0.5662384033203125
2026-09-17T07:32:31.102112,1789630351102112800,79.54411279296875,-0.2720184326171875,-0.105255126953125,-0.96319580078125
2026-09-17T07:32:31.112072,1789630351112072700,79.55407275390625,-0.0965118408203125,0.0846099853515625,-1.0009613037109375
2026-09-17T07:32:31.122032,1789630351122032600,79.56403271484375,0.275970458984375,0.014068603515625,-1.1317596435546875
2026-09-17T07:32:31.131991,1789630351131991600,79.57399145507813,0.0487060546875,0.0922088623046875,-1.391998291015625
2026-09-17T07:32:31.141951,1789630351141951500,79.58395141601562,0.0136260986328125,0.1566162109375,-0.549835205078125
2026-09-17T07:32:31.151911,1789630351151911700,79.59391162109375,-0.21136474609375,-0.11273193359375,-0.98162841796875
2026-09-17T07:32:31.161871,1789630351161871600,79.60387158203125,-0.344696044921875,-0.0500640869140625,-1.104644775390625
2026-09-17T07:32:31.171830,1789630351171830500,79.61383056640625,0.1655120849609375,0.0485076904296875,-1.0879364013671875
2026-09-17T07:32:31.181790,1789630351181790500,79.62379052734374,0.3663787841796875,0.0992889404296875,-1.1948089599609375
2026-09-17T07:32:31.191750,1789630351191750700,79.63375073242187,0.0681610107421875,0.1439208984375,-0.8265838623046875
2026-09-17T07:32:31.201710,1789630351201710600,79.64371069335938,-0.1338348388671875,-0.027862548828125,-0.93914794921875
2026-09-17T07:32:31.211669,1789630351211669800,79.65366967773437,-0.2412109375,-0.1094207763671875,-0.9340667724609376
2026-09-17T07:32:31.221629,1789630351221629700,79.66362963867188,0.0364532470703125,0.0497894287109375,-0.783660888671875
2026-09-17T07:32:31.231589,1789630351231589600,79.67358959960937,0.2325439453125,-0.0843658447265625,-1.52801513671875
2026-09-17T07:32:31.241549,1789630351241549800,79.6835498046875,0.103424072265625,0.114990234375,-0.87982177734375
2026-09-17T07:32:31.251508,1789630351251508700,79.6935087890625,-0.0037994384765625,0.0655364990234375,-0.788909912109375
2026-09-17T07:32:31.261468,1789630351261468700,79.70346875,-0.2984619140625,-0.1969757080078125,-1.1269989013671875
2026-09-17T07:32:31.271428,1789630351271428600,79.7134287109375,-0.19482421875,-0.0232696533203125,-0.61199951171875
2026-09-17T07:32:31.281387,1789630351281387500,79.72338745117187,0.2174835205078125,-0.101470947265625,-1.1028900146484375
2026-09-17T07:32:31.291347,1789630351291347700,79.73334765625,0.26495361328125,0.131256103515625,-1.6573638916015625
2026-09-17T07:32:31.301307,1789630351301307600,79.7433076171875,-0.011016845703125,0.058563232421875,-0.308258056640625
2026-09-17T07:32:31.311267,1789630351311267600,79.753267578125,-0.277099609375,-0.2661590576171875,-1.377899169921875
2026-09-17T07:32:31.321226,1789630351321226500,79.7632265625,-0.298492431640625,-0.0346221923828125,-0.8243408203125
2026-09-17T07:32:31.331186,1789630351331186700,79.77318676757812,-0.0100860595703125,0.0114898681640625,-0.8567352294921875
2026-09-17T07:32:31.341146,1789630351341146600,79.78314672851562,0.5006561279296875,-0.0062713623046875,-1.266693115234375
2026-09-17T07:32:31.351106,1789630351351106600,79.7931064453125,0.0575408935546875,0.13922119140625,-0.9433746337890624
2026-09-17T07:32:31.361065,1789630351361065700,79.80306567382813,-0.285369873046875,-0.215728759765625,-1.26837158203125
2026-09-17T07:32:31.371025,1789630351371025700,79.81302563476562,-0.236724853515625,-0.19488525390625,-0.8619384765625
2026-09-17T07:32:31.380985,1789630351380985900,79.82298583984375,-0.1539459228515625,0.0716552734375,-0.5171661376953125
2026-09-17T07:32:31.390945,1789630351390945800,79.83294580078125,0.51312255859375,0.0024566650390625,-1.6996917724609375
2026-09-17T07:32:31.400904,1789630351400904700,79.84290478515625,0.1945343017578125,0.053009033203125,-0.74822998046875
2026-09-17T07:32:31.410864,1789630351410864600,79.85286474609374,-0.1720428466796875,-0.0474853515625,-1.1112823486328125
2026-09-17T07:32:31.420824,1789630351420824800,79.86282495117187,-0.2049560546875,-0.1390228271484375,-0.939422607421875
2026-09-17T07:32:31.430784,1789630351430784800,79.87278466796874,-0.1567535400390625,0.074676513671875,-0.670654296875
2026-09-17T07:32:31.440743,1789630351440743700,79.88274365234375,0.1766815185546875,-0.133941650390625,-1.4121551513671875
2026-09-17T07:32:31.450703,1789630351450703600,79.89270361328126,0.0518035888671875,0.050933837890625,-0.9432220458984376
2026-09-17T07:32:31.460663,1789630351460663600,79.90266357421875,0.110870361328125,0.2762451171875,-0.8978271484375
2026-09-17T07:32:31.470622,1789630351470622500,79.91262255859375,-0.4048309326171875,-0.32781982421875,-1.047393798828125
2026-09-17T07:32:31.480582,1789630351480582700,79.92258276367187,-0.28875732421875,-0.0967864990234375,-0.90771484375
2026-09-17T07:32:31.490542,1789630351490542600,79.93254248046875,0.0613555908203125,0.0982208251953125,-0.8505096435546875
2026-09-17T07:32:31.500502,1789630351500502500,79.94250244140625,0.5255584716796875,0.006500244140625,-1.2237701416015625
2026-09-17T07:32:31.510461,1789630351510461700,79.95246166992187,0.09130859375,0.1264801025390625,-1.06231689453125
2026-09-17T07:32:31.520421,1789630351520421600,79.96242163085938,-0.4952239990234375,-0.3091888427734375,-1.16986083984375
2026-09-17T07:32:31.530381,1789630351530381600,79.97238159179688,-0.216888427734375,-0.0645904541015625,-0.5273590087890625
2026-09-17T07:32:31.540341,1789630351540341500,79.98234155273437,0.13812255859375,0.2443389892578125,-0.99249267578125
2026-09-17T07:32:31.550300,1789630351550300700,79.99230078125,0.4384002685546875,-0.081817626953125,-1.437103271484375
2026-09-17T07:32:31.560260,1789630351560260900,80.0022607421875,-0.03338623046875,0.248321533203125,-1.23162841796875
2026-09-17T07:32:31.570220,1789630351570220800,80.012220703125,-0.167266845703125,-0.0009613037109375,-0.485870361328125
2026-09-17T07:32:31.580180,1789630351580180700,80.0221806640625,-0.4489593505859375,-0.26300048828125,-1.178253173828125
2026-09-17T07:32:31.590139,1789630351590139600,80.0321396484375,0.04443359375,0.1986846923828125,-0.853912353515625
2026-09-17T07:32:31.600099,1789630351600099600,80.042099609375,0.412750244140625,-0.035736083984375,-1.3466796875
2026-09-17T07:32:31.610059,1789630351610059800,80.05205981445313,0.109283447265625,-0.0280609130859375,-1.1253509521484375
2026-09-17T07:32:31.620018,1789630351620018700,80.06201879882812,-0.16278076171875,0.1266021728515625,-0.3995361328125
2026-09-17T07:32:31.629978,1789630351629978600,80.071978515625,-0.38470458984375,-0.13592529296875,-1.2972564697265625
2026-09-17T07:32:31.639938,1789630351639938600,80.0819384765625,-0.20294189453125,-0.0955352783203125,-1.02978515625
2026-09-17T07:32:31.649898,1789630351649898800,80.09189868164063,0.261016845703125,0.07403564453125,-0.5699462890625
2026-09-17T07:32:31.659857,1789630351659857700,80.10185766601562,0.4693450927734375,0.0616455078125,-1.8026885986328125
2026-09-17T07:32:31.669817,1789630351669817600,80.11181762695313,-0.054901123046875,0.14532470703125,-0.5110931396484375
2026-09-17T07:32:31.679777,1789630351679777500,80.12177758789062,-0.24359130859375,-0.123016357421875,-0.7475128173828125
2026-09-17T07:32:31.689737,1789630351689737500,80.13173754882813,-0.3703155517578125,-0.1357879638671875,-1.5669097900390625
2026-09-17T07:32:31.699696,1789630351699696600,80.14169653320313,0.03277587890625,0.1744232177734375,-0.6202850341796875
2026-09-17T07:32:31.709656,1789630351709656800,80.15165673828125,0.3409423828125,-0.011566162109375,-0.908203125
2026-09-17T07:32:31.719616,1789630351719616800,80.16161669921875,0.285003662109375,0.061279296875,-1.49755859375
2026-09-17T07:32:31.729575,1789630351729575700,80.17157568359374,-0.2803802490234375,0.0954132080078125,-0.6947784423828125
2026-09-17T07:32:31.739535,1789630351739535600,80.18153564453125,-0.3641204833984375,-0.2501068115234375,-1.274688720703125
2026-09-17T07:32:31.749495,1789630351749495800,80.19149584960938,-0.1659088134765625,-0.0623321533203125,-0.6139068603515625
2026-09-17T07:32:31.759455,1789630351759455700,80.20145581054688,0.18585205078125,0.1095123291015625,-0.716827392578125
2026-09-17T07:32:31.769414,1789630351769414700,80.21141455078126,0.4646148681640625,0.000640869140625,-1.8708953857421875
2026-09-17T07:32:31.779374,1789630351779374600,80.22137451171875,0.0246734619140625,0.084320068359375,-0.5593719482421875
2026-09-17T07:32:31.789334,1789630351789334800,80.23133471679688,-0.302001953125,-0.2502593994140625,-0.9507598876953124
2026-09-17T07:32:31.799294,1789630351799294700,80.24129467773437,-0.2450714111328125,-0.1488800048828125,-1.0068206787109375
2026-09-17T07:32:31.809253,1789630351809253600,80.25125366210938,0.015655517578125,0.093109130859375,-0.9163970947265624
2026-09-17T07:32:31.819213,1789630351819213600,80.26121362304687,0.250091552734375,-0.10272216796875,-1.0652618408203125
2026-09-17T07:32:31.829173,1789630351829173500,80.27117358398438,0.2754364013671875,0.0738525390625,-1.0986175537109375
2026-09-17T07:32:31.839133,1789630351839133700,80.2811337890625,-0.0378570556640625,0.0807952880859375,-0.8922576904296875
2026-09-17T07:32:31.849092,1789630351849092600,80.29109252929688,-0.27392578125,-0.267364501953125,-1.3643646240234375
2026-09-17T07:32:31.859052,1789630351859052500,80.30105249023437,-0.0936126708984375,-0.005279541015625,-0.256561279296875
2026-09-17T07:32:31.869012,1789630351869012500,80.31101245117188,0.2008514404296875,-0.08905029296875,-1.1827239990234375
2026-09-17T07:32:31.878972,1789630351878972700,80.32097265625,0.123626708984375,-0.048309326171875,-1.1755523681640625
2026-09-17T07:32:31.888931,1789630351888931800,80.33093188476562,0.0617828369140625,0.2426300048828125,-1.1485748291015625
2026-09-17T07:32:31.898891,1789630351898891800,80.34089184570313,-0.2549896240234375,-0.2142791748046875,-0.912445068359375
2026-09-17T07:32:31.908851,1789630351908851700,80.35085180664062,-0.3025665283203125,-0.1387176513671875,-0.7683258056640625
2026-09-17T07:32:31.918810,1789630351918810600,80.360810546875,0.0873565673828125,0.0916290283203125,-0.6405792236328125
2026-09-17T07:32:31.928770,1789630351928770600,80.3707705078125,0.2736968994140625,-0.0160675048828125,-2.3734588623046875
2026-09-17T07:32:31.938730,1789630351938730800,80.38073071289062,0.0673065185546875,0.0290679931640625,-0.0011444091796875
2026-09-17T07:32:31.948690,1789630351948690700,80.39069067382812,0.09857177734375,-0.1265106201171875,-1.251678466796875
2026-09-17T07:32:31.958649,1789630351958649600,80.40064965820312,-0.1493377685546875,-0.0883331298828125,-0.8173675537109375
2026-09-17T07:32:31.968609,1789630351968609500,80.41060961914063,-0.0130157470703125,-0.0244293212890625,-0.7679290771484375
2026-09-17T07:32:31.978570,1789630351978570200,80.4205703125,0.183929443359375,0.006439208984375,-1.980133056640625
2026-09-17T07:32:31.988530,1789630351988530200,80.4305302734375,-0.06268310546875,0.08782958984375,-0.0278472900390625
2026-09-17T07:32:31.998489,1789630351998489000,80.44048901367188,-0.307769775390625,-0.074371337890625,-1.077484130859375
2026-09-17T07:32:32.008449,1789630352008449000,80.45044897460937,-0.4823760986328125,-0.110443115234375,-1.95428466796875
2026-09-17T07:32:32.018409,1789630352018409000,80.46040893554688,0.1017913818359375,0.212005615234375,-0.6578521728515625
2026-09-17T07:32:32.028368,1789630352028368000,80.47036791992187,0.113494873046875,-0.0015411376953125,-0.1797943115234375
2026-09-17T07:32:32.038328,1789630352038328000,80.480328125,0.357818603515625,-0.0200042724609375,-1.398284912109375
2026-09-17T07:32:32.048288,1789630352048288000,80.4902880859375,0.0243988037109375,0.161712646484375,-0.8515625
2026-09-17T07:32:32.058248,1789630352058248000,80.500248046875,0.28973388671875,-0.0804901123046875,-1.988494873046875
2026-09-17T07:32:32.068207,1789630352068207000,80.51020703125,-0.045684814453125,0.0226593017578125,-0.375213623046875
2026-09-17T07:32:32.078167,1789630352078167300,80.52016723632812,-0.1597747802734375,-0.0734405517578125,-0.2132568359375
2026-09-17T07:32:32.088127,1789630352088127200,80.53012719726563,-0.6773834228515625,-0.3052520751953125,-1.70526123046875
2026-09-17T07:32:32.098087,1789630352098087200,80.54008715820312,0.2027435302734375,0.1638946533203125,-0.83160400390625
2026-09-17T07:32:32.108046,1789630352108046000,80.55004614257813,0.1726837158203125,0.298492431640625,-1.4532012939453125
2026-09-17T07:32:32.118006,1789630352118006300,80.56000634765626,-0.02655029296875,-0.1424102783203125,-0.4427642822265625
2026-09-17T07:32:32.127966,1789630352127966200,80.56996630859375,-0.227081298828125,-0.076202392578125,-0.7052459716796875
2026-09-17T07:32:32.137925,1789630352137925000,80.57992504882813,0.2702484130859375,0.1123809814453125,-1.0759429931640625
2026-09-17T07:32:32.147885,1789630352147885000,80.58988500976562,0.2307586669921875,0.1465301513671875,-2.131866455078125
2026-09-17T07:32:32.157845,1789630352157845000,80.59984497070313,-0.08050537109375,-0.057037353515625,0.195526123046875
2026-09-17T07:32:32.167805,1789630352167805200,80.60980517578125,-0.31866455078125,-0.0385284423828125,-1.4120941162109375
2026-09-17T07:32:32.177764,1789630352177764000,80.61976416015625,-0.02874755859375,0.130401611328125,-1.5412445068359375
2026-09-17T07:32:32.187724,1789630352187724000,80.62972412109374,0.0837554931640625,0.066650390625,-0.0062408447265625
2026-09-17T07:32:32.197684,1789630352197684000,80.63968408203125,-0.17474365234375,-0.15985107421875,-0.600494384765625
2026-09-17T07:32:32.207644,1789630352207644200,80.64964404296875,-0.2265625,-0.0589752197265625,-2.3638916015625
2026-09-17T07:32:32.217603,1789630352217603300,80.65960327148437,0.519500732421875,0.248565673828125,-0.9024505615234376
2026-09-17T07:32:32.227563,1789630352227563300,80.66956323242188,-0.0982208251953125,-0.1337127685546875,-0.48895263671875
2026-09-17T07:32:32.237523,1789630352237523200,80.67952319335937,-0.294921875,-0.0706634521484375,-0.896697998046875
2026-09-17T07:32:32.247483,1789630352247483100,80.68948315429688,-0.4159698486328125,0.0609283447265625,-1.4668731689453125
2026-09-17T07:32:32.257442,1789630352257442000,80.69944213867187,0.4375,-0.0849456787109375,-0.7134857177734375
2026-09-17T07:32:32.267402,1789630352267402200,80.70940234375,0.3948974609375,0.04931640625,-1.38177490234375
2026-09-17T07:32:32.277362,1789630352277362200,80.71936206054687,-0.0458221435546875,0.1151275634765625,-0.1804351806640625
2026-09-17T07:32:32.287321,1789630352287321000,80.72932104492187,-0.2087860107421875,-0.25177001953125,-1.9929351806640625
2026-09-17T07:32:32.297281,1789630352297281000,80.73928100585937,-0.2981719970703125,-0.0532073974609375,-0.55462646484375
2026-09-17T07:32:32.307241,1789630352307241200,80.7492412109375,-0.3679351806640625,-0.074798583984375,-0.8416900634765625
2026-09-17T07:32:32.317201,1789630352317201200,80.759201171875,0.0959930419921875,0.038909912109375,-0.595367431640625
2026-09-17T07:32:32.327160,1789630352327160000,80.76916015625,0.278778076171875,0.3128509521484375,-2.7340240478515625
2026-09-17T07:32:32.337120,1789630352337120000,80.7791201171875,0.1204833984375,-0.08111572265625,-0.00860595703125
2026-09-17T07:32:32.347080,1789630352347080200,80.789080078125,-0.0286712646484375,-0.0127105712890625,0.0678863525390625
2026-09-17T07:32:32.357040,1789630352357040000,80.7990400390625,-0.33197021484375,-0.1465301513671875,-1.9607391357421875
2026-09-17T07:32:32.366999,1789630352366999000,80.8089990234375,0.207275390625,-0.04327392578125,-1.2160491943359375
2026-09-17T07:32:32.376959,1789630352376959000,80.818958984375,0.284027099609375,-0.157012939453125,-0.7267303466796875
2026-09-17T07:32:32.386919,1789630352386919000,80.8289189453125,-0.3458251953125,0.0147552490234375,-1.1441802978515625
2026-09-17T07:32:32.396878,1789630352396878000,80.83887817382812,-0.3074188232421875,-0.081298828125,-0.717926025390625
2026-09-17T07:32:32.406838,1789630352406838300,80.84883837890625,-0.05010986328125,-0.239349365234375,-0.991973876953125
2026-09-17T07:32:32.416798,1789630352416798200,80.85879809570312,0.1269073486328125,0.152801513671875,-1.45489501953125
2026-09-17T07:32:32.426758,1789630352426758100,80.86875805664063,0.1801605224609375,-0.0322418212890625,-0.28094482421875
2026-09-17T07:32:32.436717,1789630352436717000,80.87871704101562,0.227996826171875,-0.123382568359375,-1.1905670166015625
2026-09-17T07:32:32.446677,1789630352446677200,80.88867724609375,0.10321044921875,0.0423583984375,-1.5367889404296875
2026-09-17T07:32:32.456637,1789630352456637200,80.89863720703126,-0.035552978515625,-0.0612030029296875,-0.6802978515625
2026-09-17T07:32:32.466597,1789630352466597000,80.90859716796875,-0.3314666748046875,-0.2822113037109375,-1.01666259765625
2026-09-17T07:32:32.476556,1789630352476556000,80.91855615234375,-0.1376800537109375,0.1055908203125,-0.4415283203125
2026-09-17T07:32:32.486516,1789630352486516000,80.92851586914063,-0.1891021728515625,0.0663909912109375,-1.2891387939453125
2026-09-17T07:32:32.496476,1789630352496476200,80.93847607421876,0.2658233642578125,-0.1490325927734375,-1.186431884765625
2026-09-17T07:32:32.506435,1789630352506435000,80.94843505859374,0.273468017578125,0.1170501708984375,-1.4491119384765625
2026-09-17T07:32:32.516395,1789630352516395000,80.95839501953125,0.0200653076171875,0.032867431640625,-0.04693603515625
2026-09-17T07:32:32.526355,1789630352526355000,80.96835498046875,-0.2587127685546875,-0.270660400390625,-1.698699951171875
2026-09-17T07:32:32.536315,1789630352536315100,80.97831518554688,-0.19256591796875,-0.0030364990234375,-0.561767578125
2026-09-17T07:32:32.546274,1789630352546274300,80.9882744140625,0.0570220947265625,-0.12677001953125,-0.9480743408203124
2026-09-17T07:32:32.556234,1789630352556234200,80.99823413085937,0.1830291748046875,0.10003662109375,-1.7018585205078125
2026-09-17T07:32:32.566194,1789630352566194200,81.00819409179688,0.2432403564453125,0.1317596435546875,-0.6948089599609375
2026-09-17T07:32:32.576154,1789630352576154000,81.01815405273437,-0.0144195556640625,-0.0831298828125,-0.3011932373046875
2026-09-17T07:32:32.586113,1789630352586113300,81.02811328125,-0.5502471923828125,-0.18231201171875,-1.846038818359375
2026-09-17T07:32:32.596073,1789630352596073200,81.0380732421875,-0.1131439208984375,0.1648712158203125,-1.546295166015625
2026-09-17T07:32:32.606033,1789630352606033200,81.048033203125,0.07763671875,-0.000640869140625,0.2532501220703125
2026-09-17T07:32:32.615992,1789630352615992000,81.05799194335937,0.2227325439453125,0.0506744384765625,-0.9597015380859376
2026-09-17T07:32:32.625952,1789630352625952000,81.06795190429688,-0.0349578857421875,0.1434783935546875,-1.85577392578125
2026-09-17T07:32:32.635912,1789630352635912200,81.077912109375,-0.0183868408203125,-0.06842041015625,-0.44769287109375
2026-09-17T07:32:32.645872,1789630352645872000,81.0878720703125,-0.103302001953125,-0.0773468017578125,-0.8950958251953125
2026-09-17T07:32:32.655831,1789630352655831000,81.0978310546875,0.026336669921875,0.0943145751953125,-1.8604888916015625
2026-09-17T07:32:32.665791,1789630352665791000,81.107791015625,0.12713623046875,-0.0971832275390625,-0.082244873046875
2026-09-17T07:32:32.675751,1789630352675751200,81.11775122070313,0.1595611572265625,-0.067657470703125,-1.3426666259765625
2026-09-17T07:32:32.685711,1789630352685711000,81.12771118164062,-0.1622314453125,0.019195556640625,-1.1538238525390625
2026-09-17T07:32:32.695670,1789630352695670000,81.137669921875,-0.113800048828125,-0.1706390380859375,-0.6209716796875
2026-09-17T07:32:32.705630,1789630352705630000,81.1476298828125,-0.0743560791015625,0.060943603515625,-0.9981689453125
2026-09-17T07:32:32.715590,1789630352715590000,81.15758984375,0.0985107421875,0.111419677734375,-1.4933929443359375
2026-09-17T07:32:32.725549,1789630352725549300,81.16754931640625,0.1278076171875,-0.0926361083984375,-0.522491455078125
2026-09-17T07:32:32.735509,1789630352735509200,81.17750927734374,0.115875244140625,0.1374969482421875,-1.1666107177734375
2026-09-17T07:32:32.745469,1789630352745469200,81.18746923828125,0.056488037109375,0.1570892333984375,-0.996368408203125
2026-09-17T07:32:32.755429,1789630352755429000,81.19742919921875,-0.09906005859375,-0.26318359375,-1.5055084228515625
2026-09-17T07:32:32.765388,1789630352765388000,81.20738793945313,-0.1236724853515625,-0.00927734375,-0.25421142578125
2026-09-17T07:32:32.775348,1789630352775348200,81.21734814453124,-0.2040863037109375,0.1341400146484375,-0.818817138671875
2026-09-17T07:32:32.785308,1789630352785308200,81.22730810546875,0.0478668212890625,-0.085906982421875,-1.4799652099609375
2026-09-17T07:32:32.795268,1789630352795268000,81.23726806640624,0.1755828857421875,0.1083221435546875,-1.21368408203125
2026-09-17T07:32:32.805227,1789630352805227000,81.24722705078125,0.0452880859375,-0.0690765380859375,-0.8527069091796875
2026-09-17T07:32:32.815187,1789630352815187200,81.25718725585938,-0.2927398681640625,-0.245391845703125,-1.121246337890625
2026-09-17T07:32:32.825147,1789630352825147100,81.26714721679687,0.113006591796875,0.082122802734375,-0.654327392578125
2026-09-17T07:32:32.835106,1789630352835106000,81.27710595703125,0.2277374267578125,-0.0211944580078125,-0.8118743896484375
2026-09-17T07:32:32.845066,1789630352845066000,81.28706591796875,0.1561279296875,0.0651702880859375,-1.6528167724609375
2026-09-17T07:32:32.855026,1789630352855026000,81.29702587890625,0.2142486572265625,0.0605926513671875,-0.9062042236328124
2026-09-17T07:32:32.864986,1789630352864986000,81.30698608398437,-0.22186279296875,-0.201324462890625,-1.0172119140625
2026-09-17T07:32:32.874945,1789630352874945300,81.3169453125,-0.26934814453125,0.00823974609375,-0.5582122802734375
2026-09-17T07:32:32.884905,1789630352884905200,81.3269052734375,-0.0015869140625,0.0053253173828125,-1.5243377685546875
2026-09-17T07:32:32.894865,1789630352894865200,81.336865234375,0.3639678955078125,0.026611328125,-0.7444000244140625
2026-09-17T07:32:32.904825,1789630352904825000,81.3468251953125,-0.1352081298828125,0.0909271240234375,-0.98101806640625
2026-09-17T07:32:32.914784,1789630352914784300,81.3567841796875,-0.12451171875,-0.130859375,-1.4580841064453125
2026-09-17T07:32:32.924744,1789630352924744200,81.366744140625,0.0368499755859375,-0.092742919921875,-0.816375732421875
2026-09-17T07:32:32.934704,1789630352934704000,81.3767041015625,0.174652099609375,0.0972900390625,-0.6168212890625
2026-09-17T07:32:32.944663,1789630352944663000,81.3866630859375,0.1407012939453125,-0.1481781005859375,-1.1258697509765625
2026-09-17T07:32:32.954623,1789630352954623200,81.39662329101563,-0.1655120849609375,-0.0069732666015625,-0.8778228759765625
2026-09-17T07:32:32.964583,1789630352964583200,81.40658325195312,0.1434173583984375,-0.0524444580078125,-1.6000213623046875
2026-09-17T07:32:32.974543,1789630352974543400,81.41654345703125,0.1834716796875,-0.0889892578125,-1.015960693359375
2026-09-17T07:32:32.984502,1789630352984502300,81.42650219726562,-0.1961822509765625,-0.0741424560546875,-0.6252593994140625
2026-09-17T07:32:32.994462,1789630352994462200,81.43646215820313,-0.1457061767578125,-0.0730133056640625,-0.3003997802734375
2026-09-17T07:32:33.004422,1789630353004422100,81.44642211914062,-0.1427764892578125,-0.0645294189453125,-1.3851318359375
2026-09-17T07:32:33.014381,1789630353014381000,81.45638110351562,0.1916656494140625,0.0399627685546875,-1.7331695556640625
2026-09-17T07:32:33.024341,1789630353024341200,81.46634130859375,0.2386474609375,0.04248046875,-1.2288970947265625
2026-09-17T07:32:33.034301,1789630353034301200,81.47630126953125,0.02410888671875,0.015869140625,-0.1569061279296875
2026-09-17T07:32:33.044261,1789630353044261000,81.48626123046876,-0.1560211181640625,-0.0995025634765625,-0.6191558837890625
2026-09-17T07:32:33.054220,1789630353054220300,81.49622021484375,-0.020538330078125,-0.0903472900390625,-1.5096893310546875
2026-09-17T07:32:33.064180,1789630353064180500,81.50618041992188,0.3766632080078125,0.05877685546875,-1.30426025390625
2026-09-17T07:32:33.074140,1789630353074140400,81.51614038085937,0.0256195068359375,-0.0081329345703125,-1.0392913818359375
2026-09-17T07:32:33.084100,1789630353084100400,81.52610034179688,-0.2402191162109375,-0.0720977783203125,-0.58056640625
2026-09-17T07:32:33.094059,1789630353094059300,81.53605932617188,-0.2802886962890625,-0.123687744140625,-0.8842620849609375
2026-09-17T07:32:33.104019,1789630353104019200,81.54601928710937,-0.0059967041015625,-0.0146331787109375,-1.2344512939453125
2026-09-17T07:32:33.113979,1789630353113979400,81.5559794921875,0.09710693359375,-0.0176544189453125,-1.4007110595703125
2026-09-17T07:32:33.123938,1789630353123938300,81.56593823242187,0.3231353759765625,0.131134033203125,-0.873992919921875
2026-09-17T07:32:33.133898,1789630353133898200,81.57589819335938,0.104705810546875,0.101165771484375,-0.7662200927734375
2026-09-17T07:32:33.143858,1789630353143858200,81.58585815429687,-0.2808074951171875,-0.0681915283203125,-0.640380859375
2026-09-17T07:32:33.153818,1789630353153818400,81.595818359375,-0.193756103515625,-0.07470703125,-1.5467376708984375
2026-09-17T07:32:33.163777,1789630353163777300,81.60577734375,0.2213287353515625,0.11956787109375,-1.30377197265625
2026-09-17T07:32:33.173737,1789630353173737200,81.6157373046875,0.251739501953125,0.09136962890625,-0.8485107421875
2026-09-17T07:32:33.183697,1789630353183697200,81.625697265625,-0.139862060546875,0.0019989013671875,-0.261932373046875
2026-09-17T07:32:33.193657,1789630353193657300,81.6356572265625,-0.407257080078125,-0.08551025390625,-1.451385498046875
2026-09-17T07:32:33.203616,1789630353203616300,81.6456162109375,-0.015045166015625,-0.05206298828125,-1.163482666015625
2026-09-17T07:32:33.213576,1789630353213576200,81.655576171875,0.3109588623046875,0.059478759765625,-1.1439361572265625
2026-09-17T07:32:33.223536,1789630353223536000,81.6655361328125,0.107177734375,0.0373077392578125,-0.3231964111328125
2026-09-17T07:32:33.233495,1789630353233495300,81.67549536132813,-0.1653594970703125,-0.1654510498046875,-1.1809234619140625
2026-09-17T07:32:33.243455,1789630353243455200,81.68545532226562,-0.0026397705078125,-0.0286102294921875,-1.354522705078125
2026-09-17T07:32:33.253415,1789630353253415400,81.69541552734376,0.1732177734375,0.048675537109375,-1.2902374267578125
2026-09-17T07:32:33.263375,1789630353263375400,81.70537524414063,0.0112762451171875,0.024627685546875,-0.2039642333984375
2026-09-17T07:32:33.273334,1789630353273334300,81.71533422851563,-0.314727783203125,-0.0613861083984375,-0.837646484375
2026-09-17T07:32:33.283294,1789630353283294200,81.72529418945312,-0.160369873046875,-0.02435302734375,-1.7503662109375
2026-09-17T07:32:33.293254,1789630353293254400,81.73525439453125,0.3269500732421875,0.0574493408203125,-1.24658203125
2026-09-17T07:32:33.303214,1789630353303214300,81.74521435546875,0.0374298095703125,0.0372772216796875,-0.63214111328125
2026-09-17T07:32:33.313173,1789630353313173200,81.75517333984375,-0.0514984130859375,-0.0250244140625,-0.1078338623046875
2026-09-17T07:32:33.323133,1789630353323133200,81.76513330078124,-0.1308441162109375,-0.1157684326171875,-1.63262939453125
2026-09-17T07:32:33.333093,1789630353333093000,81.77509301757813,0.299957275390625,-0.0458221435546875,-1.7372894287109375
2026-09-17T07:32:33.343052,1789630353343052300,81.78505224609376,-0.014312744140625,0.036346435546875,-0.622344970703125
2026-09-17T07:32:33.353012,1789630353353012200,81.79501220703125,-0.0975341796875,-0.0191497802734375,-0.1352996826171875
2026-09-17T07:32:33.362972,1789630353362972200,81.80497216796876,-0.34375,-0.1854400634765625,-1.1549072265625
2026-09-17T07:32:33.372932,1789630353372932000,81.81493212890625,-0.2193756103515625,-0.210113525390625,-1.997222900390625
2026-09-17T07:32:33.382891,1789630353382891300,81.82489135742188,0.300567626953125,0.0049591064453125,-1.05999755859375
2026-09-17T07:32:33.392851,1789630353392851500,81.8348515625,0.0812835693359375,0.0531463623046875,-0.22418212890625
2026-09-17T07:32:33.402811,1789630353402811400,81.84481127929688,0.0218658447265625,-0.06793212890625,-0.7844696044921875
2026-09-17T07:32:33.412771,1789630353412771300,81.85477124023437,-0.1051788330078125,-0.1009368896484375,-1.4995269775390625
2026-09-17T07:32:33.422730,1789630353422730200,81.86473022460937,0.143585205078125,-0.0222930908203125,-1.4158782958984375
2026-09-17T07:32:33.432690,1789630353432690400,81.8746904296875,0.029815673828125,0.0612945556640625,-0.6690673828125
2026-09-17T07:32:33.442650,1789630353442650400,81.884650390625,0.05572509765625,-0.0238189697265625,-0.64447021484375
2026-09-17T07:32:33.452609,1789630353452609300,81.894609375,-0.2160797119140625,-0.1491241455078125,-0.9463653564453124
2026-09-17T07:32:33.462569,1789630353462569200,81.9045693359375,-0.120941162109375,-0.09625244140625,-1.7147216796875
2026-09-17T07:32:33.472529,1789630353472529200,81.91452905273438,0.1945037841796875,0.013671875,-1.037872314453125
2026-09-17T07:32:33.482489,1789630353482489300,81.9244892578125,0.1128387451171875,0.0030059814453125,-0.4418182373046875
2026-09-17T07:32:33.492448,1789630353492448300,81.9344482421875,-0.072235107421875,-0.10980224609375,-0.8298797607421875
2026-09-17T07:32:33.502408,1789630353502408200,81.944408203125,-0.0157318115234375,-0.1369171142578125,-1.48724365234375
2026-09-17T07:32:33.512368,1789630353512368000,81.9543681640625,0.0495452880859375,-0.0263671875,-0.9315338134765624
2026-09-17T07:32:33.522327,1789630353522327300,81.96432739257813,0.1019439697265625,-0.0185089111328125,-0.9369354248046876
2026-09-17T07:32:33.532287,1789630353532287200,81.97428735351562,0.0261077880859375,-0.0592193603515625,-0.66143798828125
2026-09-17T07:32:33.542247,1789630353542247200,81.9842470703125,-0.0767364501953125,-0.119842529296875,-1.341949462890625
2026-09-17T07:32:33.552207,1789630353552207000,81.99420703125,0.0183868408203125,0.010711669921875,-0.9090728759765624
2026-09-17T07:32:33.562166,1789630353562166300,82.00416625976563,0.085784912109375,0.016998291015625,-1.1446380615234375
2026-09-17T07:32:33.572126,1789630353572126500,82.01412646484376,-0.03253173828125,0.00341796875,-0.7137298583984375
2026-09-17T07:32:33.582086,1789630353582086400,82.02408642578125,-0.0081939697265625,-0.0265350341796875,-1.3243255615234375
2026-09-17T07:32:33.592046,1789630353592046300,82.03404638671876,-0.039520263671875,0.0570220947265625,-0.9947052001953124
2026-09-17T07:32:33.602005,1789630353602005200,82.04400512695312,0.184906005859375,0.0451812744140625,-0.8592529296875
2026-09-17T07:32:33.611965,1789630353611965200,82.05396508789063,0.0701141357421875,-0.0023193359375,-0.927337646484375
2026-09-17T07:32:33.621925,1789630353621925400,82.06392529296875,-0.1625823974609375,-0.0791778564453125,-1.0942230224609375
2026-09-17T07:32:33.631884,1789630353631884300,82.07388427734375,-0.2101593017578125,-0.0728302001953125,-1.081207275390625
2026-09-17T07:32:33.641844,1789630353641844200,82.08384423828124,-0.0987396240234375,0.0027923583984375,-0.802032470703125
2026-09-17T07:32:33.651804,1789630353651804200,82.09380419921875,0.112457275390625,0.0621795654296875,-1.218841552734375
2026-09-17T07:32:33.661764,1789630353661764400,82.10376440429687,0.1705780029296875,0.054718017578125,-1.0833892822265625
2026-09-17T07:32:33.671723,1789630353671723300,82.11372314453125,-0.0179443359375,0.028472900390625,-0.751708984375
2026-09-17T07:32:33.681683,1789630353681683200,82.12368310546876,0.0326995849609375,0.0383758544921875,-0.8911895751953125
2026-09-17T07:32:33.691643,1789630353691643100,82.13364306640625,0.168212890625,0.018707275390625,-1.299896240234375
2026-09-17T07:32:33.701603,1789630353701603000,82.14360302734374,-0.0345001220703125,-0.000457763671875,-1.160797119140625
2026-09-17T07:32:33.711562,1789630353711562500,82.1535625,-0.25146484375,-0.001007080078125,-0.705108642578125
2026-09-17T07:32:33.721522,1789630353721522400,82.1635224609375,-0.1630706787109375,-0.0112152099609375,-0.5408935546875
2026-09-17T07:32:33.731482,1789630353731482400,82.173482421875,-0.011932373046875,0.00067138671875,-1.64910888671875
2026-09-17T07:32:33.741441,1789630353741441300,82.18344116210938,0.2129669189453125,0.0566558837890625,-1.343109130859375
2026-09-17T07:32:33.751401,1789630353751401200,82.19340112304687,0.07891845703125,0.062408447265625,-0.6868438720703125
2026-09-17T07:32:33.761361,1789630353761361400,82.203361328125,-0.01318359375,0.0097808837890625,-0.2713165283203125
2026-09-17T07:32:33.771321,1789630353771321300,82.2133212890625,-0.108978271484375,-0.0108489990234375,-1.6639251708984375
2026-09-17T07:32:33.781280,1789630353781280300,82.2232802734375,-0.0098724365234375,-0.0656585693359375,-1.377471923828125
2026-09-17T07:32:33.791240,1789630353791240200,82.233240234375,-0.1669921875,0.0787353515625,-0.661285400390625
2026-09-17T07:32:33.801200,1789630353801200400,82.24320043945312,-0.0215606689453125,0.016632080078125,-0.4222869873046875
2026-09-17T07:32:33.811159,1789630353811159300,82.2531591796875,-0.01275634765625,-0.03912353515625,-1.592041015625
2026-09-17T07:32:33.821119,1789630353821119200,82.263119140625,0.24530029296875,-0.0480499267578125,-1.2083587646484375
2026-09-17T07:32:33.831079,1789630353831079200,82.2730791015625,0.079345703125,0.036956787109375,-0.85699462890625
2026-09-17T07:32:33.841039,1789630353841039000,82.2830390625,-0.0315399169921875,-0.0250244140625,-0.3689727783203125
2026-09-17T07:32:33.850998,1789630353850998300,82.29299829101562,-0.11798095703125,-0.11224365234375,-1.3057098388671875
2026-09-17T07:32:33.860958,1789630353860958500,82.30295849609375,-0.092987060546875,-0.094482421875,-1.3717041015625
2026-09-17T07:32:33.870918,1789630353870918400,82.31291845703124,-0.1436767578125,0.005950927734375,-1.0583648681640625
2026-09-17T07:32:33.880878,1789630353880878300,82.32287841796875,0.1159515380859375,0.0669708251953125,-0.4487457275390625
2026-09-17T07:32:33.890837,1789630353890837200,82.33283715820312,0.086639404296875,-0.032562255859375,-0.9058074951171876
2026-09-17T07:32:33.900797,1789630353900797400,82.34279736328125,0.1214447021484375,-0.0653533935546875,-1.8693084716796875
2026-09-17T07:32:33.910757,1789630353910757400,82.35275732421874,-0.010406494140625,0.0361480712890625,-0.987396240234375
2026-09-17T07:32:33.920716,1789630353920716300,82.36271630859375,-0.101409912109375,-6.103515625e-05,-0.2129669189453125
2026-09-17T07:32:33.930676,1789630353930676200,82.37267626953125,-0.2388763427734375,-0.06689453125,-0.784881591796875
2026-09-17T07:32:33.940636,1789630353940636400,82.38263647460937,-0.0456085205078125,-0.05377197265625,-1.841400146484375
2026-09-17T07:32:33.950596,1789630353950596400,82.39259643554688,0.2454681396484375,-0.0503692626953125,-1.2526702880859375
2026-09-17T07:32:33.960555,1789630353960555300,82.40255517578125,-0.0688934326171875,0.020965576171875,-0.3882904052734375
2026-09-17T07:32:33.970515,1789630353970515200,82.41251513671875,0.1051025390625,-0.012847900390625,-0.6092071533203125
2026-09-17T07:32:33.980474,1789630353980474600,82.422474609375,-0.0777435302734375,-0.13128662109375,-1.5865478515625
2026-09-17T07:32:33.990434,1789630353990434600,82.4324345703125,0.1333770751953125,-0.115142822265625,-1.3883209228515625
2026-09-17T07:32:34.000393,1789630354000393700,82.44239379882812,-0.0986785888671875,0.080474853515625,-0.7105255126953125
2026-09-17T07:32:34.010354,1789630354010354000,82.45235400390625,0.0410308837890625,-0.006317138671875,-0.252349853515625
2026-09-17T07:32:34.020313,1789630354020313900,82.46231396484374,-0.094757080078125,-0.070098876953125,-1.469024658203125
2026-09-17T07:32:34.030272,1789630354030272800,82.47227270507813,0.0464019775390625,-0.1150970458984375,-1.4806365966796875
2026-09-17T07:32:34.040232,1789630354040232700,82.48223266601562,0.03399658203125,0.0630950927734375,-0.8955230712890625
2026-09-17T07:32:34.050193,1789630354050193000,82.49219287109375,-0.0274200439453125,0.0308685302734375,-0.1748504638671875
2026-09-17T07:32:34.060152,1789630354060152800,82.50215283203126,-0.1258087158203125,0.0089569091796875,-1.4452667236328125
2026-09-17T07:32:34.070111,1789630354070111700,82.51211181640625,0.0031890869140625,-0.0771484375,-1.3568572998046875
2026-09-17T07:32:34.080071,1789630354080071700,82.52207177734375,0.119384765625,0.0097808837890625,-0.878326416015625
2026-09-17T07:32:34.090031,1789630354090031600,82.53203149414063,-0.009979248046875,0.057708740234375,-0.67584228515625
2026-09-17T07:32:34.099990,1789630354099990800,82.54199072265625,-0.0655059814453125,-0.0201873779296875,-1.020111083984375
2026-09-17T07:32:34.109950,1789630354109950700,82.55195068359374,0.14959716796875,-0.0699462890625,-1.152984619140625
2026-09-17T07:32:34.119910,1789630354119910700,82.56191064453125,-0.0094757080078125,-0.016876220703125,-1.227203369140625
2026-09-17T07:32:34.129870,1789630354129870600,82.57187060546875,-0.095489501953125,-0.019012451171875,-0.782470703125
2026-09-17T07:32:34.139829,1789630354139829800,82.58182983398437,0.0408172607421875,-0.0301666259765625,-0.7338409423828125
2026-09-17T07:32:34.149789,1789630354149789700,82.59178979492188,0.008514404296875,-0.0271759033203125,-1.190338134765625
2026-09-17T07:32:34.159749,1789630354159749600,82.60174951171875,-0.0303955078125,-0.0071868896484375,-1.2865142822265625
2026-09-17T07:32:34.169709,1789630354169709600,82.61170947265624,-0.0217132568359375,0.0535125732421875,-0.75872802734375
2026-09-17T07:32:34.179668,1789630354179668700,82.62166870117187,0.0894775390625,0.056182861328125,-0.6301116943359375
2026-09-17T07:32:34.189629,1789630354189629000,82.63162890625,0.1199951171875,-0.0135040283203125,-1.524017333984375
2026-09-17T07:32:34.199588,1789630354199588900,82.6415888671875,-0.1793975830078125,-0.0127410888671875,-1.2240447998046875
2026-09-17T07:32:34.209547,1789630354209547800,82.6515478515625,-0.1119537353515625,0.0077056884765625,-0.5065155029296875
2026-09-17T07:32:34.219507,1789630354219507700,82.6615078125,0.045196533203125,0.017120361328125,-0.63427734375
2026-09-17T07:32:34.229467,1789630354229467600,82.67146752929688,0.13177490234375,0.001190185546875,-1.5367279052734375
2026-09-17T07:32:34.239427,1789630354239427800,82.681427734375,-0.0336761474609375,-0.0748443603515625,-1.4618988037109375
2026-09-17T07:32:34.249386,1789630354249386800,82.69138671875,-0.099456787109375,-0.00567626953125,-0.501708984375
2026-09-17T07:32:34.259346,1789630354259346700,82.7013466796875,0.0255889892578125,0.0322265625,-0.73175048828125
2026-09-17T07:32:34.269306,1789630354269306600,82.711306640625,0.134429931640625,-0.022308349609375,-1.040008544921875
2026-09-17T07:32:34.279265,1789630354279265500,82.721265625,-0.0233154296875,-0.0646209716796875,-1.55511474609375
2026-09-17T07:32:34.289225,1789630354289225700,82.73122583007813,-0.1768798828125,0.006256103515625,-0.7783203125
2026-09-17T07:32:34.299185,1789630354299185700,82.741185546875,0.102935791015625,0.0225830078125,-0.632293701171875
2026-09-17T07:32:34.309145,1789630354309145600,82.7511455078125,0.014068603515625,-0.0047454833984375,-1.17950439453125
2026-09-17T07:32:34.319104,1789630354319104800,82.76110473632812,-0.081146240234375,-0.05242919921875,-1.2503814697265625
2026-09-17T07:32:34.329065,1789630354329065000,82.77106494140625,-0.0345611572265625,0.0086669921875,-1.1505584716796875
2026-09-17T07:32:34.339025,1789630354339025000,82.78102490234374,0.0168609619140625,0.0299530029296875,-0.5235137939453125
2026-09-17T07:32:34.348984,1789630354348984800,82.79098486328125,0.0634765625,-0.0348968505859375,-0.9776153564453124
2026-09-17T07:32:34.358943,1789630354358943700,82.80094384765626,-0.0301971435546875,-0.107757568359375,-1.3757476806640625
2026-09-17T07:32:34.368903,1789630354368903700,82.81090356445313,0.0401611328125,-0.0172271728515625,-0.9061431884765624
2026-09-17T07:32:34.378863,1789630354378863900,82.82086376953124,0.057464599609375,-0.036865234375,-0.774993896484375
2026-09-17T07:32:34.388822,1789630354388822800,82.83082275390625,-0.0350341796875,-0.069488525390625,-1.0789947509765625
2026-09-17T07:32:34.398782,1789630354398782700,82.84078271484375,-0.056610107421875,-0.065887451171875,-1.16510009765625
2026-09-17T07:32:34.408742,1789630354408742700,82.85074267578125,0.0839996337890625,-0.0186309814453125,-1.100494384765625
2026-09-17T07:32:34.418702,1789630354418702800,82.86070288085938,0.0106048583984375,-0.0161285400390625,-0.7423095703125
2026-09-17T07:32:34.428661,1789630354428661800,82.87066186523438,-0.0455474853515625,-0.0776519775390625,-0.864471435546875
2026-09-17T07:32:34.438621,1789630354438621700,82.88062158203125,-0.007781982421875,-0.086181640625,-1.2955780029296875
2026-09-17T07:32:34.448581,1789630354448581600,82.89058154296875,0.0060882568359375,-0.040130615234375,-1.10736083984375
2026-09-17T07:32:34.458540,1789630354458540800,82.90054077148437,0.0148773193359375,-0.032958984375,-0.7656707763671875
2026-09-17T07:32:34.468500,1789630354468500700,82.91050073242188,0.0123138427734375,-0.074615478515625,-0.710357666015625
2026-09-17T07:32:34.478460,1789630354478460700,82.92046069335937,0.1160888671875,-0.0867919921875,-1.5494384765625
2026-09-17T07:32:34.488420,1789630354488420600,82.93042065429688,-0.00732421875,-0.0360260009765625,-1.0843658447265625
2026-09-17T07:32:34.498379,1789630354498379800,82.9403798828125,-0.1759185791015625,-0.049530029296875,-0.4958648681640625
2026-09-17T07:32:34.508339,1789630354508339700,82.95033959960938,-0.14666748046875,-0.07440185546875,-0.8125762939453125
2026-09-17T07:32:34.518300,1789630354518300000,82.9602998046875,0.0378265380859375,-0.0344390869140625,-1.5313873291015625
2026-09-17T07:32:34.528259,1789630354528259800,82.970259765625,0.1171722412109375,-0.0695037841796875,-1.2420501708984375
2026-09-17T07:32:34.538218,1789630354538218800,82.98021875,-0.00335693359375,-0.0174560546875,-0.5111236572265625
2026-09-17T07:32:34.548178,1789630354548178700,82.9901787109375,0.058807373046875,-0.016693115234375,-0.73992919921875
2026-09-17T07:32:34.558139,1789630354558139000,83.00013891601563,0.1523284912109375,-0.08197021484375,-1.1594696044921875
2026-09-17T07:32:34.568097,1789630354568097800,83.01009790039062,-0.111297607421875,-0.0780029296875,-1.769989013671875
2026-09-17T07:32:34.578057,1789630354578057700,83.0200576171875,-0.098114013671875,0.0153656005859375,-0.5269012451171875
2026-09-17T07:32:34.588017,1789630354588017700,83.030017578125,-0.03594970703125,-0.0654296875,-0.6556854248046875
2026-09-17T07:32:34.597977,1789630354597977600,83.0399775390625,-0.0724334716796875,-0.0001220703125,-1.2266845703125
2026-09-17T07:32:34.607936,1789630354607936500,83.0499365234375,0.0818939208984375,-0.0574951171875,-1.527862548828125
2026-09-17T07:32:34.617896,1789630354617896700,83.05989672851562,0.0406951904296875,0.049407958984375,-0.6681365966796875
2026-09-17T07:32:34.627856,1789630354627856600,83.06985668945312,0.0405426025390625,0.031402587890625,-0.562530517578125
2026-09-17T07:32:34.637815,1789630354637815800,83.07981591796874,0.040985107421875,-0.0783233642578125,-1.3239898681640625
2026-09-17T07:32:34.647775,1789630354647775700,83.08977563476563,0.0019989013671875,-0.012847900390625,-1.156890869140625
2026-09-17T07:32:34.657736,1789630354657736000,83.09973583984375,-0.024444580078125,-0.0165863037109375,-0.9398345947265624
2026-09-17T07:32:34.667695,1789630354667695900,83.10969580078125,-0.1229400634765625,-0.046905517578125,-0.8859100341796875
2026-09-17T07:32:34.677654,1789630354677654800,83.11965478515626,0.0049896240234375,-0.024444580078125,-0.8960418701171875
2026-09-17T07:32:34.687614,1789630354687614700,83.12961474609375,0.1376953125,0.0249481201171875,-1.346588134765625
2026-09-17T07:32:34.697575,1789630354697575000,83.13957495117188,0.1025543212890625,0.076141357421875,-0.883697509765625
2026-09-17T07:32:34.707534,1789630354707534800,83.14953491210937,-0.0338134765625,0.0435791015625,-0.85943603515625
2026-09-17T07:32:34.717493,1789630354717493800,83.15949365234376,-0.0563201904296875,-0.00433349609375,-0.7720184326171875
2026-09-17T07:32:34.727453,1789630354727453700,83.16945361328125,-0.052276611328125,-0.037689208984375,-1.46673583984375
2026-09-17T07:32:34.737413,1789630354737413600,83.17941357421876,0.03289794921875,0.02264404296875,-1.0170745849609375
2026-09-17T07:32:34.747372,1789630354747372500,83.18937255859375,0.0454559326171875,-0.0135955810546875,-0.686767578125
2026-09-17T07:32:34.757332,1789630354757332700,83.19933276367188,0.0718994140625,-0.0491943359375,-1.1187896728515625
2026-09-17T07:32:34.767292,1789630354767292700,83.20929272460937,0.008270263671875,-0.0225830078125,-1.2448272705078125
2026-09-17T07:32:34.777252,1789630354777252600,83.21925268554688,-0.1923065185546875,-0.021270751953125,-0.7809600830078125
2026-09-17T07:32:34.787211,1789630354787211800,83.22921166992188,-0.1707000732421875,-0.0029449462890625,-0.5924224853515625
2026-09-17T07:32:34.797171,1789630354797171700,83.23917163085937,0.023712158203125,0.01873779296875,-1.2577056884765625
2026-09-17T07:32:34.807131,1789630354807131600,83.24913159179688,0.1977691650390625,-0.020965576171875,-1.2872161865234375
2026-09-17T07:32:34.817090,1789630354817090800,83.2590908203125,-0.0296173095703125,0.0114288330078125,-0.9507904052734376
2026-09-17T07:32:34.827050,1789630354827050800,83.26905078125,0.0061492919921875,0.0122528076171875,-0.5997772216796875
2026-09-17T07:32:34.837010,1789630354837010700,83.2790107421875,0.0460968017578125,-0.0189971923828125,-0.9278717041015624
2026-09-17T07:32:34.846971,1789630354846971000,83.28897094726562,-0.0438079833984375,-0.0858001708984375,-1.437347412109375
2026-09-17T07:32:34.856929,1789630354856929800,83.2989296875,-0.024627685546875,0.01611328125,-0.9980621337890624
2026-09-17T07:32:34.866889,1789630354866889700,83.3088896484375,0.0303802490234375,-0.0348358154296875,-0.76715087890625
2026-09-17T07:32:34.876849,1789630354876849700,83.318849609375,-0.1147308349609375,-0.0946044921875,-0.814208984375
2026-09-17T07:32:34.886808,1789630354886808600,83.32880859375,-0.054168701171875,-0.07421875,-1.48956298828125
2026-09-17T07:32:34.896768,1789630354896768800,83.33876879882813,0.1321868896484375,0.0056610107421875,-1.062225341796875
2026-09-17T07:32:34.906728,1789630354906728700,83.34872875976562,0.09716796875,0.045867919921875,-0.5527801513671875
2026-09-17T07:32:34.916688,1789630354916688600,83.35868872070313,-0.04803466796875,-0.0517425537109375,-1.04541015625
2026-09-17T07:32:34.926647,1789630354926647600,83.3686474609375,-0.076934814453125,-0.108489990234375,-1.2458648681640625
2026-09-17T07:32:34.936607,1789630354936607700,83.37860766601563,-0.0183258056640625,-0.030853271484375,-1.037200927734375
2026-09-17T07:32:34.946567,1789630354946567700,83.38856762695312,0.1590576171875,0.0751190185546875,-0.7346954345703125
2026-09-17T07:32:34.956526,1789630354956526800,83.39852685546875,-0.051971435546875,-0.078826904296875,-0.961669921875
2026-09-17T07:32:34.966486,1789630354966486800,83.40848681640625,-0.0374908447265625,-0.082000732421875,-1.15167236328125
2026-09-17T07:32:34.976446,1789630354976446500,83.41844653320312,0.0560760498046875,-0.0455169677734375,-1.0944976806640625
2026-09-17T07:32:34.986406,1789630354986406700,83.42840673828125,0.03863525390625,-0.0178985595703125,-0.669464111328125
2026-09-17T07:32:34.996365,1789630354996365600,83.43836547851562,-0.0368194580078125,-0.106658935546875,-1.1005096435546875
2026-09-17T07:32:35.006325,1789630355006325500,83.44832543945313,0.0496368408203125,-0.093017578125,-1.0788421630859375
2026-09-17T07:32:35.016285,1789630355016285400,83.45828540039062,-0.0502471923828125,-0.0442352294921875,-1.2859649658203125
2026-09-17T07:32:35.026245,1789630355026245600,83.46824560546875,-0.0057525634765625,0.010711669921875,-0.7144317626953125
2026-09-17T07:32:35.036204,1789630355036204500,83.47820458984376,0.0330657958984375,-0.0563812255859375,-0.991058349609375
2026-09-17T07:32:35.046164,1789630355046164500,83.48816455078125,0.0912933349609375,-0.0267333984375,-1.1631011962890625
2026-09-17T07:32:35.056124,1789630355056124400,83.49812451171876,0.0505523681640625,-0.0036468505859375,-1.1638946533203125
2026-09-17T07:32:35.066083,1789630355066083300,83.50808325195312,-0.11224365234375,0.0187835693359375,-0.4250335693359375
2026-09-17T07:32:35.076043,1789630355076043500,83.51804345703125,-0.2627105712890625,-0.07769775390625,-1.1770172119140625
2026-09-17T07:32:35.086003,1789630355086003500,83.52800341796875,0.0541229248046875,-0.0422821044921875,-1.219024658203125
2026-09-17T07:32:35.095963,1789630355095963400,83.53796337890626,0.14276123046875,-0.0074005126953125,-1.3380126953125
2026-09-17T07:32:35.105922,1789630355105922600,83.54792260742188,0.070465087890625,0.0656585693359375,-0.432281494140625
2026-09-17T07:32:35.115882,1789630355115882500,83.55788256835937,-0.06011962890625,-0.0555419921875,-0.8910369873046875
2026-09-17T07:32:35.125842,1789630355125842700,83.5678427734375,0.0389556884765625,-0.0586700439453125,-1.2021942138671875
2026-09-17T07:32:35.135801,1789630355135801600,83.57780151367187,0.0222015380859375,0.0230712890625,-1.3553314208984375
2026-09-17T07:32:35.145761,1789630355145761500,83.58776147460938,0.0517120361328125,0.049957275390625,-0.57452392578125
2026-09-17T07:32:35.155721,1789630355155721500,83.59772143554687,-0.0388946533203125,-0.0724334716796875,-0.8675384521484375
2026-09-17T07:32:35.165681,1789630355165681700,83.607681640625,-0.1341400146484375,-0.0846710205078125,-1.2121429443359375
2026-09-17T07:32:35.175640,1789630355175640600,83.617640625,0.0726470947265625,0.0128326416015625,-1.44268798828125
2026-09-17T07:32:35.185600,1789630355185600500,83.6276005859375,0.16046142578125,0.1103515625,-0.589447021484375
2026-09-17T07:32:35.195560,1789630355195560400,83.637560546875,0.0137176513671875,0.0037994384765625,-0.7935791015625
2026-09-17T07:32:35.205519,1789630355205519400,83.64751928710938,-0.0753021240234375,-0.031707763671875,-1.1256256103515625
2026-09-17T07:32:35.215479,1789630355215479300,83.65747924804687,0.00140380859375,0.021759033203125,-1.3704376220703125
2026-09-17T07:32:35.225439,1789630355225439500,83.667439453125,0.04168701171875,0.11431884765625,-0.73211669921875
2026-09-17T07:32:35.235399,1789630355235399400,83.6773994140625,-0.000518798828125,-0.005889892578125,-0.8961029052734375
2026-09-17T07:32:35.245358,1789630355245358600,83.68735864257812,-0.0694427490234375,-0.0324249267578125,-1.0481719970703125
2026-09-17T07:32:35.255318,1789630355255318500,83.69731860351563,0.0661163330078125,-0.0135040283203125,-1.3116607666015625
2026-09-17T07:32:35.265278,1789630355265278500,83.70727856445312,0.0438385009765625,0.056060791015625,-0.681488037109375
2026-09-17T07:32:35.275238,1789630355275238400,83.71723828125,-0.030670166015625,-0.051055908203125,-0.8916015625
2026-09-17T07:32:35.285197,1789630355285197600,83.72719750976563,-0.02117919921875,-0.0543670654296875,-1.141754150390625
2026-09-17T07:32:35.295157,1789630355295157500,83.73715747070312,0.0476226806640625,-0.00408935546875,-1.1863861083984375
2026-09-17T07:32:35.305117,1789630355305117700,83.74711767578125,-0.0084686279296875,0.04449462890625,-0.9436798095703124
2026-09-17T07:32:35.315076,1789630355315076600,83.75707666015624,-0.0087738037109375,0.0122528076171875,-0.741943359375
2026-09-17T07:32:35.325036,1789630355325036500,83.76703662109375,0.023284912109375,-0.0196533203125,-1.17694091796875
2026-09-17T07:32:35.334996,1789630355334996500,83.77699658203124,0.1778564453125,0.034149169921875,-1.1943817138671875
2026-09-17T07:32:35.344955,1789630355344955400,83.78695532226563,-0.0908966064453125,0.0094451904296875,-1.02423095703125
2026-09-17T07:32:35.354915,1789630355354915300,83.79691528320312,-0.2234649658203125,-0.00909423828125,-0.4323577880859375
2026-09-17T07:32:35.364875,1789630355364875500,83.80687548828125,-0.147979736328125,-0.037567138671875,-1.3367462158203125
2026-09-17T07:32:35.374835,1789630355374835500,83.81683544921874,0.112640380859375,-0.0025482177734375,-1.445098876953125
2026-09-17T07:32:35.384794,1789630355384794400,83.82679443359375,0.0148162841796875,-0.0142364501953125,-0.9413909912109376
2026-09-17T07:32:35.394754,1789630355394754300,83.83675439453125,-0.0197601318359375,-0.03961181640625,-0.667877197265625
2026-09-17T07:32:35.404714,1789630355404714500,83.84671459960937,0.141876220703125,-0.0094146728515625,-0.8138275146484375
2026-09-17T07:32:35.414674,1789630355414674400,83.85667431640626,0.1982879638671875,-0.09375,-1.3260345458984375
2026-09-17T07:32:35.424633,1789630355424633600,83.86663354492188,-0.1416778564453125,-0.044525146484375,-1.3519287109375
2026-09-17T07:32:35.434593,1789630355434593500,83.87659350585938,-0.1304473876953125,-0.0359344482421875,-0.535308837890625
2026-09-17T07:32:35.444553,1789630355444553500,83.88655346679687,-0.1188812255859375,-0.0709686279296875,-1.1534881591796875
2026-09-17T07:32:35.454512,1789630355454512600,83.8965126953125,-0.032440185546875,0.0120697021484375,-0.9944000244140624
2026-09-17T07:32:35.464472,1789630355464472600,83.90647265625,0.0126800537109375,-0.040069580078125,-1.349517822265625
2026-09-17T07:32:35.474432,1789630355474432500,83.9164326171875,-0.0193023681640625,0.0516510009765625,-0.830963134765625
2026-09-17T07:32:35.484392,1789630355484392400,83.92639233398438,0.1324310302734375,-0.00103759765625,-0.48284912109375
2026-09-17T07:32:35.494351,1789630355494351400,83.93635131835937,0.0647125244140625,-0.0596923828125,-1.568878173828125
2026-09-17T07:32:35.504311,1789630355504311600,83.9463115234375,0.0427093505859375,-0.027618408203125,-0.9550933837890624
2026-09-17T07:32:35.514271,1789630355514271500,83.956271484375,0.014556884765625,0.0041046142578125,-1.0384063720703125
2026-09-17T07:32:35.524230,1789630355524230400,83.96623046875,-0.1139068603515625,-0.055450439453125,-0.6017303466796875
2026-09-17T07:32:35.534190,1789630355534190300,83.9761904296875,-0.0747528076171875,-0.123992919921875,-1.262969970703125
2026-09-17T07:32:35.544150,1789630355544150500,83.98615063476562,0.095855712890625,-0.0679168701171875,-1.2736358642578125
2026-09-17T07:32:35.554110,1789630355554110500,83.9961103515625,0.02569580078125,0.00457763671875,-0.7203369140625
2026-09-17T07:32:35.564069,1789630355564069600,84.00606958007812,-0.031036376953125,-0.1044769287109375,-0.6923980712890625
2026-09-17T07:32:35.574029,1789630355574029600,84.01602954101563,0.0205078125,-0.1474456787109375,-1.1801300048828125
2026-09-17T07:32:35.583989,1789630355583989500,84.02598950195312,0.1007080078125,-0.081329345703125,-1.3312530517578125
2026-09-17T07:32:35.593948,1789630355593948700,84.03594873046875,-0.0234222412109375,0.0157470703125,-0.7635955810546875
2026-09-17T07:32:35.603908,1789630355603908600,84.04590869140625,0.0316009521484375,-0.024566650390625,-0.5205078125
2026-09-17T07:32:35.613868,1789630355613868500,84.05586865234375,0.104400634765625,-0.11358642578125,-1.374725341796875
2026-09-17T07:32:35.623828,1789630355623828500,84.06582836914062,0.0930023193359375,-0.04180908203125,-1.555084228515625
2026-09-17T07:32:35.633787,1789630355633787400,84.07578735351562,-0.0906219482421875,0.0733489990234375,-0.5001983642578125
2026-09-17T07:32:35.643747,1789630355643747600,84.08574755859375,-0.1236572265625,-0.016845703125,-0.2617340087890625
2026-09-17T07:32:35.653707,1789630355653707500,84.09570751953125,-0.3327178955078125,-0.0554962158203125,-1.878265380859375
2026-09-17T07:32:35.663666,1789630355663666400,84.10566650390625,0.16937255859375,-0.074981689453125,-1.3069610595703125
2026-09-17T07:32:35.673626,1789630355673626400,84.11562646484376,0.0315704345703125,-0.0098876953125,-0.9564361572265624
2026-09-17T07:32:35.683586,1789630355683586600,84.12558666992187,-0.0028533935546875,0.057769775390625,-0.4850006103515625
2026-09-17T07:32:35.693546,1789630355693546500,84.13554638671874,0.1189727783203125,-0.0565032958984375,-0.756744384765625
2026-09-17T07:32:35.703505,1789630355703505400,84.14550537109375,0.4309234619140625,-0.0286865234375,-1.82745361328125
2026-09-17T07:32:35.713465,1789630355713465300,84.15546533203126,-0.1747589111328125,0.0716400146484375,-0.7595672607421875
2026-09-17T07:32:35.723425,1789630355723425300,84.16542529296875,-0.2097320556640625,-0.009063720703125,-0.415313720703125
2026-09-17T07:32:35.733384,1789630355733384400,84.17538452148438,-0.26239013671875,-0.0824432373046875,-1.7180023193359375
2026-09-17T07:32:35.743344,1789630355743344600,84.1853447265625,0.089630126953125,0.005950927734375,-1.1177825927734375
2026-09-17T07:32:35.753304,1789630355753304600,84.1953046875,0.0247039794921875,0.063690185546875,-0.40679931640625
2026-09-17T07:32:35.763264,1789630355763264500,84.20526440429687,-0.1141357421875,-0.0488433837890625,-0.919769287109375
2026-09-17T07:32:35.773223,1789630355773223400,84.21522338867187,0.1285247802734375,0.025115966796875,-1.8736724853515625
2026-09-17T07:32:35.783183,1789630355783183600,84.22518359375,0.35137939453125,0.0069580078125,-0.8881072998046875
2026-09-17T07:32:35.793143,1789630355793143600,84.2351435546875,-0.02642822265625,0.0188446044921875,0.1077728271484375
2026-09-17T07:32:35.803102,1789630355803102500,84.2451025390625,-0.5085296630859375,-0.0125885009765625,-1.598785400390625
2026-09-17T07:32:35.813062,1789630355813062400,84.2550625,-0.265228271484375,-0.0623779296875,-1.9688262939453125
2026-09-17T07:32:35.823022,1789630355823022600,84.26502270507812,0.311279296875,0.01678466796875,-0.3216705322265625
2026-09-17T07:32:35.832982,1789630355832982500,84.274982421875,0.0384368896484375,0.06793212890625,-0.2997589111328125
2026-09-17T07:32:35.842941,1789630355842941400,84.28494140625,-0.0422515869140625,0.08917236328125,-1.3169403076171875
2026-09-17T07:32:35.852901,1789630355852901400,84.2949013671875,0.203704833984375,-0.1311798095703125,-1.5433502197265625
2026-09-17T07:32:35.862861,1789630355862861300,84.304861328125,0.1385955810546875,0.0957794189453125,-1.01165771484375
2026-09-17T07:32:35.872820,1789630355872820500,84.31482055664063,-0.106231689453125,0.064361572265625,-0.1320037841796875
2026-09-17T07:32:35.882780,1789630355882780700,84.32478076171876,-0.44476318359375,-0.144775390625,-1.34942626953125
2026-09-17T07:32:35.892740,1789630355892740600,84.33474072265625,-0.002471923828125,-0.057281494140625,-1.6910858154296875
2026-09-17T07:32:35.902700,1789630355902700500,84.34470043945312,0.311920166015625,0.0264129638671875,-0.9820556640625
2026-09-17T07:32:35.912659,1789630355912659500,84.35465942382812,-0.0677490234375,0.009490966796875,-0.0452728271484375
2026-09-17T07:32:35.922619,1789630355922619600,84.36461962890625,0.029754638671875,-0.1079254150390625,-0.915771484375
2026-09-17T07:32:35.932579,1789630355932579600,84.37457958984375,-0.2804107666015625,0.038330078125,-2.479766845703125
2026-09-17T07:32:35.942538,1789630355942538500,84.38453857421875,0.1561737060546875,-0.066162109375,0.0203094482421875
2026-09-17T07:32:35.952498,1789630355952498400,84.39449853515625,-0.1080474853515625,-0.11785888671875,-1.0228271484375
2026-09-17T07:32:35.962458,1789630355962458400,84.40445825195313,-0.157196044921875,-0.030181884765625,-1.3979644775390625
2026-09-17T07:32:35.972418,1789630355972418600,84.41441845703125,0.15814208984375,-0.021453857421875,-0.5746307373046875
2026-09-17T07:32:35.982378,1789630355982378000,84.4243779296875,0.3672943115234375,-0.055084228515625,-1.0551910400390625
2026-09-17T07:32:35.992338,1789630355992338000,84.434337890625,0.040863037109375,0.00860595703125,-1.417816162109375
2026-09-17T07:32:36.002298,1789630356002298000,84.44429809570312,-0.0776214599609375,-0.034759521484375,-0.5835418701171875
2026-09-17T07:32:36.012257,1789630356012257000,84.45425708007812,-0.256317138671875,-0.061004638671875,-0.678558349609375
2026-09-17T07:32:36.022217,1789630356022217000,84.46421704101563,-0.20709228515625,-0.1060791015625,-1.8694610595703125
2026-09-17T07:32:36.032177,1789630356032177000,84.47417700195312,0.141876220703125,-0.085845947265625,-0.9972991943359376
2026-09-17T07:32:36.042137,1789630356042137000,84.48413720703125,0.09405517578125,0.017486572265625,-0.1499481201171875
2026-09-17T07:32:36.052096,1789630356052096300,84.49409619140626,0.2371826171875,0.0102386474609375,-1.4302215576171875
2026-09-17T07:32:36.062056,1789630356062056200,84.50405615234375,0.1520843505859375,-0.099334716796875,-1.217987060546875
2026-09-17T07:32:36.072016,1789630356072016100,84.51401611328124,-0.080535888671875,-0.0346527099609375,-0.7527008056640625
2026-09-17T07:32:36.081975,1789630356081975000,84.52397509765625,-0.212066650390625,-0.0162811279296875,-1.0641632080078125
2026-09-17T07:32:36.091935,1789630356091935000,84.53393505859376,-0.11138916015625,-0.0627288818359375,-1.2860565185546875
2026-09-17T07:32:36.101895,1789630356101895200,84.54389526367187,0.1119384765625,-0.0966796875,-0.53619384765625
2026-09-17T07:32:36.111855,1789630356111855000,84.55385522460938,0.1529388427734375,0.0691680908203125,-1.1994781494140625
2026-09-17T07:32:36.121814,1789630356121814000,84.56381396484375,0.093841552734375,-0.0377044677734375,-0.991668701171875
2026-09-17T07:32:36.131774,1789630356131774000,84.57377392578125,0.02398681640625,-0.125946044921875,-0.7242584228515625
2026-09-17T07:32:36.141734,1789630356141734100,84.58373413085937,-0.0713653564453125,0.0236358642578125,-1.048065185546875
2026-09-17T07:32:36.151693,1789630356151693000,84.59369311523437,-0.027862548828125,-0.0495452880859375,-1.404998779296875
2026-09-17T07:32:36.161653,1789630356161653000,84.60365307617188,0.14239501953125,-0.0682525634765625,-0.703704833984375
2026-09-17T07:32:36.171613,1789630356171613000,84.61361303710937,0.0551300048828125,0.0353851318359375,-0.898529052734375
2026-09-17T07:32:36.181572,1789630356181572900,84.62357275390625,0.0445404052734375,-0.0255889892578125,-1.412689208984375
2026-09-17T07:32:36.191532,1789630356191532000,84.63353198242187,0.0168609619140625,-0.0640106201171875,-0.69622802734375
2026-09-17T07:32:36.201492,1789630356201492000,84.64349194335938,-0.2496337890625,-0.037841796875,-0.8910064697265625
2026-09-17T07:32:36.211452,1789630356211452000,84.65345190429687,-0.14593505859375,0.0131378173828125,-1.1368255615234375
2026-09-17T07:32:36.221411,1789630356221411000,84.6634111328125,0.1891632080078125,-0.016754150390625,-1.1075592041015625
2026-09-17T07:32:36.231371,1789630356231371000,84.67337109375,0.218963623046875,0.0294189453125,-0.9806671142578124
2026-09-17T07:32:36.241331,1789630356241331200,84.68333129882812,-0.0686187744140625,0.0283203125,-1.0807037353515625
2026-09-17T07:32:36.251291,1789630356251291100,84.693291015625,0.0222015380859375,-0.0244598388671875,-0.4949188232421875
2026-09-17T07:32:36.261250,1789630356261250000,84.70325,0.02410888671875,0.036376953125,-1.3818817138671875
2026-09-17T07:32:36.271210,1789630356271210000,84.7132099609375,-0.01422119140625,0.0472564697265625,-1.0895538330078125
2026-09-17T07:32:36.281170,1789630356281170200,84.72317016601562,0.007720947265625,0.0045623779296875,-0.80169677734375
2026-09-17T07:32:36.291130,1789630356291130000,84.73313012695313,-0.1241455078125,0.0088348388671875,-1.0971221923828125
2026-09-17T07:32:36.301089,1789630356301089000,84.74308911132813,0.0235137939453125,0.03131103515625,-1.041351318359375
2026-09-17T07:32:36.311049,1789630356311049000,84.75304907226563,0.0812530517578125,0.0060272216796875,-1.294921875
2026-09-17T07:32:36.321009,1789630356321009000,84.7630087890625,0.0260467529296875,0.0290069580078125,-0.592529296875
2026-09-17T07:32:36.330968,1789630356330968000,84.77296801757812,-0.01959228515625,-0.0121307373046875,-1.1366729736328125
2026-09-17T07:32:36.340928,1789630356340928000,84.78292797851563,-0.0125274658203125,0.02227783203125,-1.0169830322265625
2026-09-17T07:32:36.350888,1789630356350888000,84.79288793945312,0.052886962890625,-0.00286865234375,-0.9292449951171876
2026-09-17T07:32:36.360848,1789630356360848000,84.80284790039063,-0.041259765625,0.005584716796875,-1.3471527099609375
2026-09-17T07:32:36.370807,1789630356370807000,84.81280712890624,-0.0767364501953125,0.0223541259765625,-0.7287445068359375
2026-09-17T07:32:36.380767,1789630356380767200,84.82276733398437,-0.0567169189453125,0.031585693359375,-0.93377685546875
2026-09-17T07:32:36.390727,1789630356390727200,84.83272705078124,0.0046234130859375,0.01800537109375,-1.1484375
2026-09-17T07:32:36.400687,1789630356400687000,84.84268701171875,-0.052886962890625,-0.0601654052734375,-1.193511962890625
2026-09-17T07:32:36.410646,1789630356410646000,84.85264599609376,0.0313262939453125,-0.0012664794921875,-0.8573760986328125
2026-09-17T07:32:36.420606,1789630356420606200,84.86260620117187,0.1083831787109375,0.06378173828125,-0.8696136474609375
2026-09-17T07:32:36.430566,1789630356430566100,84.87256616210938,0.0335845947265625,0.004669189453125,-1.0180206298828125
2026-09-17T07:32:36.440525,1789630356440525000,84.88252514648437,-0.1054840087890625,-0.084747314453125,-1.178802490234375
2026-09-17T07:32:36.450485,1789630356450485000,84.89248510742188,-0.0692291259765625,-0.021728515625,-1.3221282958984375
2026-09-17T07:32:36.460445,1789630356460445000,84.90244482421875,0.12158203125,0.1137237548828125,-0.750579833984375
2026-09-17T07:32:36.470405,1789630356470405000,84.91240502929688,0.0187530517578125,0.0021209716796875,-0.486053466796875
2026-09-17T07:32:36.480364,1789630356480364000,84.92236401367188,-0.2424468994140625,-0.136749267578125,-1.3979644775390625
2026-09-17T07:32:36.490324,1789630356490324000,84.93232397460937,-0.2448577880859375,-0.1555328369140625,-1.24102783203125
2026-09-17T07:32:36.500284,1789630356500284000,84.94228393554687,0.1092529296875,-0.0347747802734375,-0.8289947509765625
2026-09-17T07:32:36.510242,1789630356510242800,84.95224291992187,0.27056884765625,0.0944671630859375,-0.916534423828125
2026-09-17T07:32:36.520203,1789630356520203000,84.962203125,0.02740478515625,-0.0410614013671875,-0.93218994140625
2026-09-17T07:32:36.530163,1789630356530163000,84.97216284179687,-0.0550994873046875,-0.1518707275390625,-1.048065185546875
2026-09-17T07:32:36.540123,1789630356540123000,84.98212280273438,0.02984619140625,0.035400390625,-1.361175537109375
2026-09-17T07:32:36.550082,1789630356550082000,84.99208203125,-0.0819854736328125,0.09515380859375,-0.7572021484375
2026-09-17T07:32:36.560042,1789630356560042200,85.00204223632812,-0.2170257568359375,-0.046539306640625,-0.7149810791015625
2026-09-17T07:32:36.570002,1789630356570002200,85.01200219726563,-0.0272369384765625,0.0064697265625,-1.2590789794921875
2026-09-17T07:32:36.579962,1789630356579962000,85.02196215820312,0.0877532958984375,-0.13494873046875,-1.395843505859375
2026-09-17T07:32:36.589921,1789630356589921000,85.03192114257813,0.043701171875,0.0274810791015625,-0.8192291259765625
2026-09-17T07:32:36.599881,1789630356599881000,85.041880859375,0.129180908203125,0.0772247314453125,-0.4249114990234375
2026-09-17T07:32:36.609841,1789630356609841200,85.05184106445313,0.171875,-0.053985595703125,-1.169952392578125
2026-09-17T07:32:36.619800,1789630356619800000,85.06180004882812,-0.0823211669921875,-0.1017608642578125,-1.5494384765625
2026-09-17T07:32:36.629760,1789630356629760000,85.07176000976563,-0.2135162353515625,0.0745086669921875,-0.8170623779296875
2026-09-17T07:32:36.639720,1789630356639720000,85.08171997070312,0.0293426513671875,0.033294677734375,-0.4175567626953125
2026-09-17T07:32:36.649680,1789630356649680100,85.09168017578125,-0.0484466552734375,-0.0300750732421875,-1.2772216796875
2026-09-17T07:32:36.659639,1789630356659639000,85.10163916015625,-0.1934051513671875,-0.025970458984375,-1.461395263671875
2026-09-17T07:32:36.669599,1789630356669599000,85.11159887695312,-0.0073394775390625,-0.029571533203125,-0.85443115234375
2026-09-17T07:32:36.679559,1789630356679559000,85.12155883789063,0.1569671630859375,-0.0255889892578125,-0.8955078125
2026-09-17T07:32:36.689518,1789630356689518800,85.13151879882813,0.0207977294921875,0.0412750244140625,-0.9677276611328124
2026-09-17T07:32:36.699478,1789630356699478300,85.14147827148437,0.1091156005859375,0.0263519287109375,-0.695526123046875
2026-09-17T07:32:36.709438,1789630356709438200,85.15143823242188,0.152069091796875,-0.0251007080078125,-1.0409393310546875
2026-09-17T07:32:36.719398,1789630356719398100,85.16139819335937,-0.0328369140625,-0.068939208984375,-1.4048309326171875
2026-09-17T07:32:36.729358,1789630356729358000,85.17135815429687,-0.072052001953125,0.0619964599609375,-0.9598236083984376
2026-09-17T07:32:36.739317,1789630356739317000,85.18131689453125,-0.097747802734375,0.077301025390625,-0.5855712890625
2026-09-17T07:32:36.749277,1789630356749277200,85.19127709960938,-0.0559234619140625,-0.067840576171875,-1.3539581298828125
2026-09-17T07:32:36.759237,1789630356759237000,85.20123706054687,-0.219268798828125,-0.073577880859375,-1.3544158935546875
2026-09-17T07:32:36.769196,1789630356769196000,85.21119604492188,-0.1579437255859375,0.0411224365234375,-0.601898193359375
2026-09-17T07:32:36.779156,1789630356779156000,85.22115600585937,0.048309326171875,0.1258697509765625,-0.724639892578125
2026-09-17T07:32:36.789116,1789630356789116200,85.2311162109375,0.286956787109375,0.0714569091796875,-1.3522186279296875
2026-09-17T07:32:36.799076,1789630356799076000,85.241076171875,0.020416259765625,-0.05450439453125,-1.319915771484375
2026-09-17T07:32:36.809035,1789630356809035000,85.25103491210938,-0.1988983154296875,0.0302276611328125,-0.8551177978515625
2026-09-17T07:32:36.818995,1789630356818995000,85.26099487304687,-0.0629730224609375,0.0383453369140625,-0.688568115234375
2026-09-17T07:32:36.828955,1789630356828955000,85.27095483398438,0.22161865234375,-0.0129547119140625,-0.9103240966796876
2026-09-17T07:32:36.838915,1789630356838915000,85.2809150390625,0.251312255859375,0.012908935546875,-1.29144287109375
2026-09-17T07:32:36.848874,1789630356848874000,85.2908740234375,-0.1146087646484375,0.03350830078125,-0.883026123046875
2026-09-17T07:32:36.858834,1789630356858834000,85.300833984375,-0.3698883056640625,-0.0094757080078125,-0.701019287109375
2026-09-17T07:32:36.868793,1789630356868793900,85.3107939453125,-0.32330322265625,-0.0215606689453125,-1.7619476318359375
2026-09-17T07:32:36.878753,1789630356878753000,85.3207529296875,0.0958404541015625,0.0257568359375,-0.905975341796875
2026-09-17T07:32:36.888713,1789630356888713200,85.33071313476563,0.0933380126953125,0.0165252685546875,-0.6204071044921875
2026-09-17T07:32:36.898673,1789630356898673200,85.34067309570312,0.1890716552734375,0.1090240478515625,-1.0540008544921875
2026-09-17T07:32:36.908633,1789630356908633000,85.35063305664063,0.1112213134765625,0.005401611328125,-0.7799835205078125
2026-09-17T07:32:36.918592,1789630356918592000,85.36059204101562,0.113739013671875,-0.1056060791015625,-1.2342529296875
2026-09-17T07:32:36.928552,1789630356928552000,85.37055200195313,-0.02978515625,0.0864715576171875,-1.6352386474609375
2026-09-17T07:32:36.938512,1789630356938512100,85.38051220703124,-0.069427490234375,0.0889739990234375,-0.06671142578125
2026-09-17T07:32:36.948472,1789630356948472000,85.39047216796875,-0.321136474609375,-0.0453338623046875,-0.904144287109375
2026-09-17T07:32:36.958431,1789630356958431000,85.40043090820312,-0.1782684326171875,-0.05413818359375,-1.652130126953125
2026-09-17T07:32:36.968391,1789630356968391000,85.41039086914063,0.04888916015625,-0.105377197265625,-1.3225860595703125
2026-09-17T07:32:36.978350,1789630356978350600,85.4203505859375,0.0810546875,-0.043212890625,-0.3256378173828125
2026-09-17T07:32:36.988309,1789630356988309500,85.4303095703125,0.243438720703125,-0.0040283203125,-0.8531646728515625
2026-09-17T07:32:36.998269,1789630356998269400,85.44026953125,0.353912353515625,-0.0779876708984375,-1.21368408203125
2026-09-17T07:32:37.008229,1789630357008229600,85.45022973632813,-0.039154052734375,-0.102630615234375,-1.196441650390625
2026-09-17T07:32:37.018189,1789630357018189600,85.460189453125,-0.3702239990234375,0.0091552734375,-0.89971923828125
2026-09-17T07:32:37.028148,1789630357028148700,85.47014868164062,-0.1563873291015625,-0.0577545166015625,-1.177581787109375
2026-09-17T07:32:37.038108,1789630357038108700,85.48010864257813,0.1053619384765625,-0.010345458984375,-0.5402679443359375
2026-09-17T07:32:37.048068,1789630357048068600,85.49006860351562,-0.0998382568359375,-0.1466522216796875,-1.4390716552734375
2026-09-17T07:32:37.058028,1789630357058028800,85.50002880859375,-0.1843109130859375,-0.0681610107421875,-1.18304443359375
2026-09-17T07:32:37.067987,1789630357067987700,85.50998779296874,0.1598052978515625,-0.019378662109375,-0.250244140625
2026-09-17T07:32:37.077947,1789630357077947600,85.51994775390625,0.3391876220703125,0.0177154541015625,-1.5727996826171875
2026-09-17T07:32:37.087907,1789630357087907600,85.52990747070312,0.09552001953125,-0.0605316162109375,-1.168914794921875
2026-09-17T07:32:37.097866,1789630357097866500,85.53986645507813,-0.155731201171875,-0.1299285888671875,-0.870086669921875
2026-09-17T07:32:37.107826,1789630357107826700,85.54982666015626,-0.2454833984375,-0.0339202880859375,-0.5770263671875
2026-09-17T07:32:37.117786,1789630357117786600,85.55978662109375,-0.1186981201171875,-0.096435546875,-1.6134185791015625
2026-09-17T07:32:37.127746,1789630357127746600,85.56974658203124,0.3021087646484375,-0.0444793701171875,-0.641204833984375
2026-09-17T07:32:37.137705,1789630357137705500,85.57970556640625,0.19158935546875,-0.0360260009765625,-1.199066162109375
2026-09-17T07:32:37.147665,1789630357147665400,85.58966552734375,-0.115509033203125,-0.0606689453125,-0.852142333984375
2026-09-17T07:32:37.157625,1789630357157625600,85.59962548828125,-0.015380859375,-0.083740234375,-1.0627899169921875
2026-09-17T07:32:37.167585,1789630357167585500,85.60958544921876,-0.013580322265625,0.0290069580078125,-0.91546630859375
2026-09-17T07:32:37.177544,1789630357177544700,85.61954467773438,-0.017059326171875,-0.019195556640625,-1.221923828125
2026-09-17T07:32:37.187504,1789630357187504600,85.62950463867188,-0.0401763916015625,-0.037750244140625,-0.852630615234375
2026-09-17T07:32:37.197464,1789630357197464800,85.63946484375,-0.0282440185546875,-0.080596923828125,-0.9311981201171876
2026-09-17T07:32:37.207423,1789630357207423700,85.649423828125,0.0588836669921875,0.0198211669921875,-1.1012115478515625
2026-09-17T07:32:37.217383,1789630357217383700,85.6593837890625,0.077484130859375,-0.0821380615234375,-1.131439208984375
2026-09-17T07:32:37.227343,1789630357227343600,85.66934350585937,0.0358123779296875,-0.0368194580078125,-0.88006591796875
2026-09-17T07:32:37.237303,1789630357237303600,85.67930346679688,0.0519561767578125,0.0123138427734375,-0.9417724609375
2026-09-17T07:32:37.247262,1789630357247262700,85.6892626953125,-0.02899169921875,-0.116851806640625,-1.041015625
2026-09-17T07:32:37.257222,1789630357257222700,85.69922265625,-0.0533905029296875,-0.02947998046875,-0.94342041015625
2026-09-17T07:32:37.267182,1789630357267182600,85.7091826171875,0.002471923828125,-0.0262603759765625,-1.199981689453125
2026-09-17T07:32:37.277142,1789630357277142500,85.719142578125,0.0691375732421875,-0.0358428955078125,-0.8551483154296875
2026-09-17T07:32:37.287101,1789630357287101400,85.72910131835937,-0.0087432861328125,-0.019378662109375,-0.7638397216796875
2026-09-17T07:32:37.297061,1789630357297061600,85.7390615234375,-0.039703369140625,-0.080657958984375,-1.2417755126953125
2026-09-17T07:32:37.307021,1789630357307021600,85.749021484375,0.0870513916015625,0.0116119384765625,-1.260284423828125
2026-09-17T07:32:37.316980,1789630357316980500,85.75898046875,0.0933990478515625,0.050048828125,-0.824951171875
2026-09-17T07:32:37.326940,1789630357326940400,85.7689404296875,-0.219573974609375,-0.0296783447265625,-0.7844390869140625
2026-09-17T07:32:37.336900,1789630357336900600,85.77890063476562,-0.3196563720703125,-0.0546112060546875,-1.0599212646484375
2026-09-17T07:32:37.346860,1789630357346860500,85.78886059570313,0.01580810546875,-0.0248870849609375,-1.2080078125
2026-09-17T07:32:37.356819,1789630357356819700,85.79881982421875,0.1792449951171875,0.0006256103515625,-1.202362060546875
2026-09-17T07:32:37.366779,1789630357366779600,85.80877954101562,0.1505279541015625,-0.0094146728515625,-0.8390655517578125
2026-09-17T07:32:37.376739,1789630357376739600,85.81873950195312,0.0162811279296875,-0.02099609375,-0.442108154296875
2026-09-17T07:32:37.386698,1789630357386698800,85.82869873046874,-0.0753173828125,-0.08721923828125,-1.4813385009765625
2026-09-17T07:32:37.396658,1789630357396658700,85.83865869140625,-0.0315093994140625,-0.0212860107421875,-1.243927001953125
2026-09-17T07:32:37.406618,1789630357406618600,85.84861865234375,-0.0232086181640625,-0.0088653564453125,-0.578948974609375
2026-09-17T07:32:37.416578,1789630357416578600,85.85857861328125,-0.0254364013671875,0.0128326416015625,-0.934112548828125
2026-09-17T07:32:37.426537,1789630357426537500,85.86853735351562,-0.1259918212890625,-0.076904296875,-1.2749786376953125
2026-09-17T07:32:37.436497,1789630357436497700,85.87849755859375,-0.01141357421875,-0.037200927734375,-1.1015472412109375
2026-09-17T07:32:37.446457,1789630357446457600,85.88845751953124,0.156097412109375,0.0854644775390625,-0.91241455078125
2026-09-17T07:32:37.456417,1789630357456417500,85.89841748046875,0.1168060302734375,0.01605224609375,-0.66412353515625
2026-09-17T07:32:37.466376,1789630357466376400,85.90837646484376,-0.1335906982421875,-0.10107421875,-1.2085113525390625
2026-09-17T07:32:37.476336,1789630357476336600,85.91833666992187,-0.0494842529296875,-0.0295257568359375,-0.996551513671875
2026-09-17T07:32:37.486296,1789630357486296600,85.92829663085938,0.025909423828125,-0.054168701171875,-1.2657928466796875
2026-09-17T07:32:37.496255,1789630357496255700,85.938255859375,-0.0506744384765625,-0.0582733154296875,-0.6255340576171875
2026-09-17T07:32:37.506215,1789630357506215700,85.94821557617188,0.04498291015625,-0.072845458984375,-1.158935546875
2026-09-17T07:32:37.516175,1789630357516175600,85.95817553710937,-0.044097900390625,-0.074249267578125,-0.9618682861328124
2026-09-17T07:32:37.526135,1789630357526135800,85.9681357421875,-0.0110321044921875,-0.0814361572265625,-1.1118621826171875
2026-09-17T07:32:37.536094,1789630357536094700,85.9780947265625,0.122222900390625,0.008209228515625,-0.668609619140625
2026-09-17T07:32:37.546054,1789630357546054700,85.9880546875,0.08367919921875,-0.0651397705078125,-1.1501922607421875
2026-09-17T07:32:37.556014,1789630357556014600,85.9980146484375,-0.161773681640625,-0.0920257568359375,-0.981842041015625
2026-09-17T07:32:37.565973,1789630357565973500,86.00797338867187,-0.0399932861328125,-0.060943603515625,-1.2046356201171875
2026-09-17T07:32:37.575933,1789630357575933700,86.01793359375,0.0898284912109375,-0.0116119384765625,-1.063140869140625
2026-09-17T07:32:37.585893,1789630357585893600,86.0278935546875,0.1481781005859375,-0.0401611328125,-0.721893310546875
2026-09-17T07:32:37.595853,1789630357595853600,86.037853515625,-0.130401611328125,-0.079833984375,-1.071319580078125
2026-09-17T07:32:37.605812,1789630357605812500,86.0478125,-0.25091552734375,-0.1316070556640625,-1.1544036865234375
2026-09-17T07:32:37.615772,1789630357615772700,86.05777270507812,0.0465545654296875,-0.0400543212890625,-0.993743896484375
2026-09-17T07:32:37.625732,1789630357625732600,86.06773266601563,0.2086181640625,-0.0079193115234375,-0.8405609130859375
2026-09-17T07:32:37.635691,1789630357635691500,86.07769140625,-0.008636474609375,-0.121795654296875,-1.2697601318359375
2026-09-17T07:32:37.645651,1789630357645651500,86.0876513671875,-0.0867156982421875,-0.0843963623046875,-0.9384002685546876
2026-09-17T07:32:37.655611,1789630357655611400,86.097611328125,0.01788330078125,-0.027252197265625,-0.9410552978515624
2026-09-17T07:32:37.665571,1789630357665571600,86.10757153320313,0.032806396484375,-0.037384033203125,-0.9215240478515624
2026-09-17T07:32:37.675530,1789630357675530800,86.11753076171875,0.0404052734375,-0.0577392578125,-1.11700439453125
2026-09-17T07:32:37.685490,1789630357685490700,86.12749072265625,-0.0786895751953125,-0.0547943115234375,-1.162506103515625
2026-09-17T07:32:37.695450,1789630357695450600,86.13745068359376,-0.10955810546875,-0.0323333740234375,-1.0387115478515625
2026-09-17T07:32:37.705410,1789630357705410800,86.14741088867187,-0.0232696533203125,-0.0442047119140625,-0.9509735107421876
2026-09-17T07:32:37.715369,1789630357715369700,86.15736962890625,0.00439453125,0.01019287109375,-0.8389739990234375
2026-09-17T07:32:37.725329,1789630357725329700,86.16732958984375,0.1499786376953125,0.0021209716796875,-1.02838134765625
2026-09-17T07:32:37.735289,1789630357735289600,86.17728955078125,0.0648193359375,-0.0249786376953125,-1.1318206787109375
2026-09-17T07:32:37.745248,1789630357745248500,86.18724853515624,0.046661376953125,-0.025360107421875,-0.8849639892578125
2026-09-17T07:32:37.755208,1789630357755208700,86.19720874023437,-0.035675048828125,-0.01434326171875,-1.1356201171875
2026-09-17T07:32:37.765168,1789630357765168600,86.20716870117188,-0.0057830810546875,-0.025543212890625,-0.694305419921875
2026-09-17T07:32:37.775128,1789630357775128600,86.21712866210937,-0.0377044677734375,-0.0381622314453125,-1.1898651123046875
2026-09-17T07:32:37.785087,1789630357785087500,86.22708740234376,-0.058349609375,0.0020904541015625,-0.9593048095703124
2026-09-17T07:32:37.795047,1789630357795047400,86.23704736328125,-0.0714569091796875,-0.080841064453125,-0.9435272216796876
2026-09-17T07:32:37.805007,1789630357805007600,86.24700756835938,0.005584716796875,0.0342254638671875,-0.914276123046875
2026-09-17T07:32:37.814966,1789630357814966800,86.256966796875,0.1236572265625,0.0734405517578125,-1.16705322265625
2026-09-17T07:32:37.824926,1789630357824926700,86.2669267578125,0.053375244140625,0.05169677734375,-0.9012298583984376
2026-09-17T07:32:37.834886,1789630357834886700,86.27688671875,-0.015960693359375,0.028900146484375,-1.159210205078125
2026-09-17T07:32:37.844846,1789630357844846800,86.28684692382812,-0.0155487060546875,0.041961669921875,-0.8289642333984375
2026-09-17T07:32:37.854805,1789630357854805800,86.2968056640625,-0.0745697021484375,-0.003509521484375,-1.0535736083984375
2026-09-17T07:32:37.864765,1789630357864765700,86.306765625,-0.2592620849609375,-0.0275726318359375,-1.0263519287109375
2026-09-17T07:32:37.874725,1789630357874725600,86.3167255859375,-0.0657806396484375,0.0579833984375,-0.788543701171875
2026-09-17T07:32:37.884684,1789630357884684500,86.3266845703125,0.158050537109375,0.0391693115234375,-1.388214111328125
2026-09-17T07:32:37.894644,1789630357894644500,86.33664453125,0.0868072509765625,0.04302978515625,-1.015472412109375
2026-09-17T07:32:37.904604,1789630357904604700,86.34660473632813,0.04443359375,0.0376434326171875,-0.678741455078125
2026-09-17T07:32:37.914564,1789630357914564600,86.35656469726563,-0.031097412109375,0.0463409423828125,-0.8824920654296875
2026-09-17T07:32:37.924523,1789630357924523500,86.3665234375,-0.06939697265625,0.01068115234375,-1.481903076171875
2026-09-17T07:32:37.934483,1789630357934483500,86.3764833984375,-0.0638427734375,0.04644775390625,-0.9046478271484376
2026-09-17T07:32:37.944443,1789630357944443600,86.38644360351563,-0.0547943115234375,0.0625,-0.8282623291015625
2026-09-17T07:32:37.954402,1789630357954402600,86.39640258789062,-0.057952880859375,-0.001129150390625,-1.031829833984375
2026-09-17T07:32:37.964362,1789630357964362500,86.40636254882813,0.0217437744140625,-0.014617919921875,-1.1880035400390625
2026-09-17T07:32:37.974322,1789630357974322400,86.41632250976562,0.0671539306640625,0.0442352294921875,-1.0459136962890625
2026-09-17T07:32:37.984283,1789630357984283400,86.42628344726562,0.0329132080078125,0.0349273681640625,-0.6362762451171875
2026-09-17T07:32:37.994242,1789630357994242300,86.4362421875,-0.0154266357421875,-0.080474853515625,-1.060882568359375
2026-09-17T07:32:38.004202,1789630358004202200,86.4462021484375,-0.0382080078125,-0.0142364501953125,-1.16754150390625
2026-09-17T07:32:38.014162,1789630358014162200,86.456162109375,-0.0176849365234375,-0.009552001953125,-1.1106109619140625
2026-09-17T07:32:38.024122,1789630358024122400,86.46612231445313,-0.11822509765625,-0.0195465087890625,-0.9751434326171876
2026-09-17T07:32:38.034081,1789630358034081500,86.47608154296876,0.0079193115234375,0.014556884765625,-0.6261444091796875
2026-09-17T07:32:38.044041,1789630358044041500,86.48604150390625,0.0790863037109375,-0.0472412109375,-1.4470367431640625
2026-09-17T07:32:38.054001,1789630358054001400,86.49600146484374,0.054595947265625,0.022125244140625,-0.90081787109375
2026-09-17T07:32:38.063960,1789630358063960300,86.50596020507813,0.0300750732421875,-0.0336456298828125,-0.75067138671875
2026-09-17T07:32:38.073920,1789630358073920300,86.51592016601562,-0.011199951171875,-0.02093505859375,-1.11480712890625
2026-09-17T07:32:38.083880,1789630358083880400,86.52588037109375,0.018218994140625,-0.00457763671875,-0.9580841064453124
2026-09-17T07:32:38.093840,1789630358093840400,86.53584033203126,-0.0831146240234375,-0.0377044677734375,-1.2475738525390625
2026-09-17T07:32:38.103799,1789630358103799300,86.54579931640625,-0.0450897216796875,0.0157470703125,-0.757354736328125
2026-09-17T07:32:38.113759,1789630358113759200,86.55575927734375,0.083099365234375,-0.0409393310546875,-1.0442047119140625
2026-09-17T07:32:38.123719,1789630358123719400,86.56571948242187,-0.0216827392578125,-0.0519866943359375,-0.9084320068359376
2026-09-17T07:32:38.133678,1789630358133678300,86.57567822265625,-0.147064208984375,-0.112762451171875,-1.00506591796875
2026-09-17T07:32:38.143638,1789630358143638300,86.58563818359374,-0.1371002197265625,-0.05938720703125,-1.3497161865234375
2026-09-17T07:32:38.153598,1789630358153598200,86.59559814453125,0.1410064697265625,0.030975341796875,-0.607666015625
2026-09-17T07:32:38.163557,1789630358163557400,86.60555737304688,0.01031494140625,-0.0611572265625,-1.2996368408203125
2026-09-17T07:32:38.173517,1789630358173517600,86.615517578125,0.01080322265625,-0.0077972412109375,-0.816802978515625
2026-09-17T07:32:38.183477,1789630358183477500,86.6254775390625,0.1169586181640625,-0.0373687744140625,-0.9076690673828124
2026-09-17T07:32:38.193437,1789630358193437400,86.6354375,-0.0682220458984375,-0.00653076171875,-1.26983642578125
2026-09-17T07:32:38.203396,1789630358203396400,86.64539624023438,-0.0662689208984375,0.0087432861328125,-0.79974365234375
2026-09-17T07:32:38.213356,1789630358213356300,86.65535620117187,0.0749664306640625,-0.0170745849609375,-1.0792236328125
2026-09-17T07:32:38.223316,1789630358223316500,86.66531640625,-0.058441162109375,0.010711669921875,-0.921234130859375
2026-09-17T07:32:38.233276,1789630358233276400,86.6752763671875,0.017059326171875,-0.0484771728515625,-1.0941925048828125
2026-09-17T07:32:38.243235,1789630358243235300,86.6852353515625,-0.0016632080078125,-0.017791748046875,-1.2416229248046875
2026-09-17T07:32:38.253195,1789630358253195300,86.6951953125,-0.01531982421875,0.0252838134765625,-0.7392425537109375
2026-09-17T07:32:38.263155,1789630358263155500,86.70515551757812,-0.09332275390625,-0.0426177978515625,-1.099945068359375
2026-09-17T07:32:38.273114,1789630358273114400,86.7151142578125,0.0199432373046875,-0.0055999755859375,-0.7948760986328125
2026-09-17T07:32:38.283074,1789630358283074300,86.72507421875,0.080230712890625,-0.028839111328125,-1.146453857421875
2026-09-17T07:32:38.293034,1789630358293034200,86.7350341796875,0.0174713134765625,-0.0366668701171875,-1.2479248046875
2026-09-17T07:32:38.302994,1789630358302994200,86.744994140625,-0.0035858154296875,-0.0180511474609375,-0.7364349365234375
2026-09-17T07:32:38.312953,1789630358312953600,86.75495361328124,-0.06146240234375,-0.037506103515625,-0.9522552490234376
2026-09-17T07:32:38.322913,1789630358322913500,86.76491357421875,-0.014556884765625,0.0077362060546875,-0.850616455078125
2026-09-17T07:32:38.332873,1789630358332873500,86.77487353515625,0.0599822998046875,-0.0388336181640625,-1.07525634765625
2026-09-17T07:32:38.342832,1789630358342832400,86.78483227539063,-0.00701904296875,0.0259857177734375,-1.19097900390625
2026-09-17T07:32:38.352792,1789630358352792300,86.79479223632812,0.0217437744140625,0.01263427734375,-0.6413421630859375
2026-09-17T07:32:38.362752,1789630358362752500,86.80475244140625,0.01568603515625,-0.038818359375,-1.079376220703125
2026-09-17T07:32:38.372712,1789630358372712400,86.81471240234374,0.0524139404296875,0.02020263671875,-1.061065673828125
2026-09-17T07:32:38.382671,1789630358382671400,86.82467138671875,0.1531982421875,0.0138092041015625,-1.3639068603515625
2026-09-17T07:32:38.392631,1789630358392631300,86.83463134765626,-0.086151123046875,0.019500732421875,-0.6277923583984375
2026-09-17T07:32:38.402591,1789630358402591500,86.84459155273437,-0.2766876220703125,-0.061370849609375,-0.696319580078125
2026-09-17T07:32:38.412550,1789630358412550400,86.85455029296875,-0.2928466796875,-0.084930419921875,-1.5795440673828125
2026-09-17T07:32:38.422510,1789630358422510300,86.86451025390625,0.18701171875,0.0951995849609375,-0.9619903564453124
2026-09-17T07:32:38.432470,1789630358432470300,86.87447021484375,0.2483978271484375,0.03515625,-1.2969512939453125
2026-09-17T07:32:38.442430,1789630358442430200,86.88443017578125,0.0220794677734375,-0.006500244140625,-0.4526824951171875
2026-09-17T07:32:38.452389,1789630358452389400,86.89438940429687,0.1929779052734375,0.0043182373046875,-0.6309356689453125
2026-09-17T07:32:38.462349,1789630358462349300,86.90434936523438,-0.0569915771484375,-0.0086212158203125,-1.69268798828125
2026-09-17T07:32:38.472309,1789630358472309200,86.91430932617187,-0.15264892578125,-0.0029296875,-1.193634033203125
2026-09-17T07:32:38.482268,1789630358482268400,86.92426831054688,-0.0570831298828125,0.0017852783203125,-0.66595458984375
2026-09-17T07:32:38.492228,1789630358492228400,86.93422827148437,-0.1061553955078125,0.00396728515625,-0.7245025634765625
2026-09-17T07:32:38.502188,1789630358502188500,86.9441884765625,-0.0755767822265625,-0.0771636962890625,-1.470062255859375
2026-09-17T07:32:38.512148,1789630358512148500,86.9541484375,0.0990447998046875,-0.05572509765625,-1.150360107421875
2026-09-17T07:32:38.522107,1789630358522107400,86.964107421875,0.0411529541015625,0.0543060302734375,-0.72900390625
2026-09-17T07:32:38.532067,1789630358532067300,86.9740673828125,0.118316650390625,0.0111236572265625,-0.67724609375
2026-09-17T07:32:38.542027,1789630358542027500,86.98402758789062,0.0711669921875,-0.08233642578125,-1.3218841552734375
2026-09-17T07:32:38.551986,1789630358551986400,86.993986328125,-0.032989501953125,-0.0216522216796875,-1.2976837158203125
2026-09-17T07:32:38.561946,1789630358561946400,87.0039462890625,-0.120758056640625,-0.01080322265625,-0.8851470947265625
2026-09-17T07:32:38.571906,1789630358571906300,87.01390625,-0.112640380859375,-0.054168701171875,-0.646240234375
2026-09-17T07:32:38.581865,1789630358581865200,87.023865234375,0.051910400390625,-0.067291259765625,-1.32647705078125
2026-09-17T07:32:38.591825,1789630358591825200,87.0338251953125,0.1076202392578125,-0.0035247802734375,-1.13232421875
2026-09-17T07:32:38.601785,1789630358601785300,87.04378540039062,0.0367584228515625,-0.0345458984375,-0.791961669921875
2026-09-17T07:32:38.611745,1789630358611745300,87.05374536132813,-0.0955963134765625,-0.0864715576171875,-0.82000732421875
2026-09-17T07:32:38.621704,1789630358621704400,87.06370434570313,0.024688720703125,-0.0822296142578125,-1.2486724853515625
2026-09-17T07:32:38.631664,1789630358631664400,87.07366430664062,0.1003265380859375,-0.0194091796875,-1.2116546630859375
2026-09-17T07:32:38.641624,1789630358641624600,87.08362451171875,-0.05841064453125,-0.0657196044921875,-0.8252716064453125
2026-09-17T07:32:38.651583,1789630358651583500,87.09358349609376,0.010894775390625,-0.0474090576171875,-0.8215484619140625
2026-09-17T07:32:38.661543,1789630358661543400,87.10354345703125,0.1367034912109375,-0.05291748046875,-1.0018463134765625
2026-09-17T07:32:38.671503,1789630358671503400,87.11350341796874,-0.0717010498046875,-0.0913238525390625,-1.3395843505859375
2026-09-17T07:32:38.681463,1789630358681463600,87.12346362304687,-0.257080078125,-0.04901123046875,-0.7893829345703125
2026-09-17T07:32:38.691422,1789630358691422500,87.13342236328126,-0.0659637451171875,-0.0407867431640625,-0.7627716064453125
2026-09-17T07:32:38.701382,1789630358701382400,87.14338232421875,0.1335906982421875,-0.03668212890625,-1.3162994384765625
2026-09-17T07:32:38.711342,1789630358711342300,87.15334228515626,0.056243896484375,-0.0391693115234375,-1.1739349365234375
2026-09-17T07:32:38.721301,1789630358721301200,87.16330126953125,0.05731201171875,-0.013031005859375,-0.6640625
2026-09-17T07:32:38.731261,1789630358731261200,87.17326123046875,0.017791748046875,-0.009368896484375,-0.9205322265625
2026-09-17T07:32:38.741221,1789630358741221400,87.18322143554687,-0.054718017578125,-0.05206298828125,-1.242279052734375
2026-09-17T07:32:38.751181,1789630358751181300,87.19318139648438,-0.0592803955078125,0.0075836181640625,-1.079620361328125
2026-09-17T07:32:38.761140,1789630358761140200,87.20314013671874,-0.071502685546875,-0.0045166015625,-0.986175537109375
2026-09-17T07:32:38.771100,1789630358771100200,87.21310009765625,-0.087127685546875,0.0250244140625,-0.7376708984375
2026-09-17T07:32:38.781060,1789630358781060400,87.22306030273438,0.0438690185546875,-0.033416748046875,-1.206878662109375
2026-09-17T07:32:38.791019,1789630358791019500,87.23301953125,0.0503082275390625,0.0232391357421875,-1.1829833984375
2026-09-17T07:32:38.800979,1789630358800979500,87.2429794921875,0.0282135009765625,0.021636962890625,-0.6953887939453125
2026-09-17T07:32:38.810939,1789630358810939400,87.252939453125,0.01007080078125,-0.0541534423828125,-0.9453887939453124
2026-09-17T07:32:38.820899,1789630358820899300,87.2628994140625,0.0119476318359375,-0.0062103271484375,-0.9972991943359376
2026-09-17T07:32:38.830858,1789630358830858500,87.2728583984375,-0.07720947265625,-0.036285400390625,-1.4814910888671875
2026-09-17T07:32:38.840818,1789630358840818400,87.282818359375,-0.09796142578125,0.0474700927734375,-0.8301544189453125
2026-09-17T07:32:38.850778,1789630358850778400,87.2927783203125,0.0437164306640625,0.08251953125,-0.6223602294921875
2026-09-17T07:32:38.860737,1789630358860737300,87.3027373046875,0.086212158203125,0.0368194580078125,-1.2752532958984375
2026-09-17T07:32:38.870697,1789630358870697200,87.312697265625,0.030517578125,0.015350341796875,-1.02056884765625
2026-09-17T07:32:38.880657,1789630358880657400,87.32265747070312,-0.0489959716796875,-0.013214111328125,-1.21710205078125
2026-09-17T07:32:38.890617,1789630358890617300,87.33261743164063,0.0345916748046875,0.0800018310546875,-0.6620025634765625
2026-09-17T07:32:38.900576,1789630358900576300,87.342576171875,0.012664794921875,0.0069732666015625,-0.94964599609375
2026-09-17T07:32:38.910536,1789630358910536200,87.3525361328125,-0.0453948974609375,-0.031646728515625,-1.2526092529296875
2026-09-17T07:32:38.920496,1789630358920496400,87.36249633789062,0.0370025634765625,0.0224456787109375,-1.2958526611328125
2026-09-17T07:32:38.930455,1789630358930455600,87.37245556640624,0.046478271484375,0.0580902099609375,-0.612762451171875
2026-09-17T07:32:38.940415,1789630358940415500,87.38241552734375,-0.0824432373046875,-0.002197265625,-0.668487548828125
2026-09-17T07:32:38.950375,1789630358950375400,87.39237548828125,-0.2144012451171875,-0.0365447998046875,-1.35113525390625
2026-09-17T07:32:38.960334,1789630358960334300,87.40233422851563,0.01751708984375,0.0373077392578125,-1.1801910400390625
2026-09-17T07:32:38.970294,1789630358970294500,87.41229443359374,0.1324920654296875,0.0650634765625,-1.0072784423828125
2026-09-17T07:32:38.980254,1789630358980254000,87.42225390625,0.0285491943359375,0.044525146484375,-0.6648712158203125
2026-09-17T07:32:38.990214,1789630358990214000,87.4322138671875,0.0212554931640625,-0.0453643798828125,-0.94073486328125
2026-09-17T07:32:39.000172,1789630359000172800,87.4421728515625,-0.040252685546875,-0.014739990234375,-1.336334228515625
2026-09-17T07:32:39.010132,1789630359010132700,87.4521328125,-0.0478057861328125,0.015472412109375,-1.171661376953125
2026-09-17T07:32:39.020093,1789630359020093000,87.46209301757813,-0.03204345703125,0.0193939208984375,-0.5142669677734375
2026-09-17T07:32:39.030051,1789630359030051800,87.4720517578125,0.012939453125,-0.0390167236328125,-1.1282196044921875
2026-09-17T07:32:39.040011,1789630359040011800,87.48201171875,-0.0784454345703125,-0.0350341796875,-1.2066650390625
2026-09-17T07:32:39.049971,1789630359049971700,87.4919716796875,-0.0722503662109375,-0.058258056640625,-1.1907806396484375
2026-09-17T07:32:39.059931,1789630359059931600,87.501931640625,-0.0030364990234375,0.009002685546875,-0.7800140380859375
2026-09-17T07:32:39.069891,1789630359069891000,87.51189111328125,0.145355224609375,0.0177459716796875,-0.7552490234375
2026-09-17T07:32:39.079851,1789630359079851000,87.52185107421874,0.10369873046875,-0.044097900390625,-1.2849273681640625
2026-09-17T07:32:39.089811,1789630359089811000,87.53181103515625,0.05303955078125,-0.004791259765625,-0.9184417724609376
2026-09-17T07:32:39.099769,1789630359099769900,87.54176977539062,-0.0047760009765625,-0.018341064453125,-1.06182861328125
2026-09-17T07:32:39.109729,1789630359109729800,87.55172973632813,-0.1170196533203125,-0.040283203125,-0.960540771484375
2026-09-17T07:32:39.119690,1789630359119690000,87.56168994140624,0.011322021484375,-0.023834228515625,-0.8866119384765625
2026-09-17T07:32:39.129650,1789630359129650000,87.57164990234375,0.0887451171875,-0.0293731689453125,-1.230865478515625
2026-09-17T07:32:39.139608,1789630359139608800,87.58160888671875,-0.090179443359375,-0.0366668701171875,-0.8194580078125
2026-09-17T07:32:39.149568,1789630359149568800,87.59156884765625,0.02142333984375,-0.0751800537109375,-0.77587890625
2026-09-17T07:32:39.159529,1789630359159529000,87.60152905273438,0.15130615234375,-0.05462646484375,-1.1910400390625
2026-09-17T07:32:39.169488,1789630359169488000,87.61148779296875,0.0018463134765625,-0.0850982666015625,-1.307769775390625
2026-09-17T07:32:39.179447,1789630359179447800,87.62144775390625,0.01458740234375,-0.029571533203125,-0.793243408203125
2026-09-17T07:32:39.189407,1789630359189407700,87.63140771484375,0.044952392578125,-0.0130157470703125,-0.9931793212890624
2026-09-17T07:32:39.199367,1789630359199367700,87.64136767578125,0.0845947265625,0.0187225341796875,-0.9085845947265624
2026-09-17T07:32:39.209327,1789630359209327000,87.6513271484375,-0.016326904296875,-0.0440826416015625,-1.0326385498046875
2026-09-17T07:32:39.219287,1789630359219287000,87.661287109375,-0.2667236328125,-0.0991668701171875,-1.1077423095703125
2026-09-17T07:32:39.229247,1789630359229247000,87.6712470703125,-0.0765228271484375,-0.043426513671875,-0.98785400390625
2026-09-17T07:32:39.239206,1789630359239206000,87.68120581054687,0.112640380859375,0.0264434814453125,-0.7928924560546875
2026-09-17T07:32:39.249165,1789630359249165800,87.69116577148438,0.036834716796875,-0.0729827880859375,-1.20147705078125
2026-09-17T07:32:39.259126,1789630359259126000,87.7011259765625,0.056121826171875,-0.0589599609375,-1.0362091064453125
2026-09-17T07:32:39.269085,1789630359269085000,87.7110849609375,0.0791168212890625,-0.02642822265625,-0.87506103515625
2026-09-17T07:32:39.279044,1789630359279044900,87.721044921875,0.0295257568359375,0.0057525634765625,-0.9688720703125
2026-09-17T07:32:39.289004,1789630359289004800,87.7310048828125,-0.0406951904296875,-0.01824951171875,-1.129486083984375
2026-09-17T07:32:39.298965,1789630359298965000,87.74096508789063,-0.0134124755859375,-0.0051422119140625,-0.8773345947265625
2026-09-17T07:32:39.308924,1789630359308924000,87.750923828125,-0.0670318603515625,-0.004241943359375,-1.2069091796875
2026-09-17T07:32:39.318883,1789630359318883800,87.7608837890625,0.01214599609375,0.0140228271484375,-0.907440185546875
2026-09-17T07:32:39.328843,1789630359328843800,87.77084375,0.023284912109375,-0.019012451171875,-1.1210479736328125
2026-09-17T07:32:39.338802,1789630359338802700,87.780802734375,0.0072021484375,0.0074615478515625,-0.798553466796875
2026-09-17T07:32:39.348762,1789630359348762600,87.7907626953125,0.0431060791015625,-0.0201263427734375,-1.145782470703125
2026-09-17T07:32:39.358722,1789630359358722800,87.80072290039062,-0.011444091796875,0.0139312744140625,-0.8105621337890625
2026-09-17T07:32:39.368682,1789630359368682800,87.81068286132812,0.0050506591796875,0.0164794921875,-1.1352996826171875
2026-09-17T07:32:39.378642,1789630359378642000,87.82064184570312,-0.0126495361328125,0.0032806396484375,-0.9783935546875
2026-09-17T07:32:39.388601,1789630359388601900,87.83060180664063,-0.078155517578125,0.0040435791015625,-1.0594940185546875
2026-09-17T07:32:39.398562,1789630359398562000,87.84056201171875,0.120269775390625,0.065704345703125,-1.0634918212890625
2026-09-17T07:32:39.408521,1789630359408521000,87.85052099609375,0.053680419921875,0.007965087890625,-0.7450408935546875
2026-09-17T07:32:39.418481,1789630359418481000,87.86048095703126,-0.1673431396484375,-0.0473175048828125,-0.934326171875
2026-09-17T07:32:39.428440,1789630359428440800,87.87044091796875,0.0410308837890625,-0.0012359619140625,-1.1732940673828125
2026-09-17T07:32:39.438399,1789630359438399700,87.88039965820313,0.10186767578125,0.0255584716796875,-1.00494384765625
2026-09-17T07:32:39.448360,1789630359448360000,87.89035986328125,-0.06610107421875,0.0045623779296875,-0.954193115234375
2026-09-17T07:32:39.458320,1789630359458320000,87.90031982421876,-0.02752685546875,0.0127716064453125,-0.9806671142578124
2026-09-17T07:32:39.468279,1789630359468279800,87.91027978515625,-0.02093505859375,0.0060272216796875,-1.185150146484375
2026-09-17T07:32:39.478238,1789630359478238700,87.92023876953125,0.111236572265625,0.07147216796875,-0.8420257568359375
2026-09-17T07:32:39.488198,1789630359488198700,87.93019873046875,-0.020416259765625,0.010345458984375,-1.0318145751953125
2026-09-17T07:32:39.498158,1789630359498158800,87.94015893554688,-0.29742431640625,-0.067962646484375,-0.9750518798828124
2026-09-17T07:32:39.508118,1789630359508118000,87.95011791992188,-0.140228271484375,-0.0223846435546875,-1.1048126220703125
2026-09-17T07:32:39.518078,1789630359518078000,87.96007788085937,0.23870849609375,0.031524658203125,-1.06036376953125
2026-09-17T07:32:39.528038,1789630359528038000,87.97003784179688,0.1219024658203125,-0.0193328857421875,-1.1474609375
2026-09-17T07:32:39.537998,1789630359537998000,87.979998046875,-0.033355712890625,-0.0172576904296875,-0.7033538818359375
2026-09-17T07:32:39.547957,1789630359547957000,87.98995703125,-0.078094482421875,-0.04071044921875,-0.9827880859375
2026-09-17T07:32:39.557917,1789630359557917000,87.9999169921875,-0.026336669921875,-0.017059326171875,-1.31622314453125
2026-09-17T07:32:39.567876,1789630359567876900,88.009876953125,-0.0587310791015625,-0.0089263916015625,-0.9747314453125
2026-09-17T07:32:39.577835,1789630359577835800,88.01983569335937,-0.0131683349609375,-0.0300445556640625,-0.7033843994140625
2026-09-17T07:32:39.587796,1789630359587796000,88.0297958984375,0.012542724609375,-0.057220458984375,-1.2528076171875
2026-09-17T07:32:39.597756,1789630359597756000,88.039755859375,0.0601654052734375,-0.0084075927734375,-1.03814697265625
2026-09-17T07:32:39.607714,1789630359607714800,88.04971484375,0.0654144287109375,-0.006439208984375,-1.1262664794921875
2026-09-17T07:32:39.617674,1789630359617674800,88.0596748046875,-0.0030975341796875,0.014068603515625,-0.702362060546875
2026-09-17T07:32:39.627634,1789630359627634700,88.069634765625,-0.0797271728515625,-0.06549072265625,-1.110198974609375
2026-09-17T07:32:39.637595,1789630359637595000,88.07959497070313,-0.069061279296875,-0.0470733642578125,-1.01129150390625
2026-09-17T07:32:39.647554,1789630359647554000,88.08955395507813,-0.0419464111328125,-0.037994384765625,-1.1638641357421875
2026-09-17T07:32:39.657514,1789630359657514000,88.09951391601562,0.002838134765625,-0.04888916015625,-0.8468170166015625
2026-09-17T07:32:39.667474,1789630359667474000,88.10947387695313,-0.0768890380859375,-0.0818939208984375,-1.0845794677734375
2026-09-17T07:32:39.677432,1789630359677432800,88.11943286132812,0.0564117431640625,-0.0379791259765625,-1.03411865234375
2026-09-17T07:32:39.687393,1789630359687393000,88.12939306640625,0.0905303955078125,-0.0654754638671875,-1.084014892578125
2026-09-17T07:32:39.697353,1789630359697353000,88.13935302734374,-0.00604248046875,-0.0316314697265625,-0.7583160400390625
2026-09-17T07:32:39.707313,1789630359707313000,88.14931298828125,-0.01800537109375,-0.085357666015625,-0.9999237060546876
2026-09-17T07:32:39.717271,1789630359717271800,88.15927172851562,0.0023345947265625,-0.074615478515625,-1.2633514404296875
2026-09-17T07:32:39.727232,1789630359727232000,88.16923193359375,-0.0264739990234375,0.0012664794921875,-0.94500732421875
2026-09-17T07:32:39.737192,1789630359737192000,88.17919189453124,-0.0179595947265625,-0.0402069091796875,-0.731597900390625
2026-09-17T07:32:39.747150,1789630359747150800,88.18915087890625,0.0131378173828125,-0.03546142578125,-1.078704833984375
2026-09-17T07:32:39.757110,1789630359757110800,88.19911083984375,0.0604705810546875,-0.012481689453125,-1.2037811279296875
2026-09-17T07:32:39.767070,1789630359767070700,88.20907080078125,-0.070587158203125,-0.038482666015625,-0.849853515625
2026-09-17T07:32:39.777031,1789630359777031000,88.21903100585938,-0.128173828125,-0.0851898193359375,-0.8044586181640625
2026-09-17T07:32:39.786989,1789630359786989800,88.22898974609375,-0.062896728515625,-0.0241546630859375,-1.2659149169921875
2026-09-17T07:32:39.796949,1789630359796949800,88.23894970703125,0.015167236328125,0.0724334716796875,-1.02630615234375
2026-09-17T07:32:39.806909,1789630359806909700,88.24890966796875,-0.054290771484375,-0.0581512451171875,-1.0360107421875
2026-09-17T07:32:39.816868,1789630359816868900,88.25886889648437,0.004364013671875,-0.0660552978515625,-0.9503631591796876
2026-09-17T07:32:39.826829,1789630359826829000,88.2688291015625,0.0401611328125,-0.0240631103515625,-0.916229248046875
2026-09-17T07:32:39.836789,1789630359836789000,88.2787890625,0.0816192626953125,-0.016204833984375,-1.1200714111328125
2026-09-17T07:32:39.846748,1789630359846748000,88.28874780273438,-0.072235107421875,-0.0246734619140625,-1.0019683837890625
2026-09-17T07:32:39.856707,1789630359856707800,88.29870776367187,-0.0628814697265625,-0.0546417236328125,-0.834625244140625
2026-09-17T07:32:39.866667,1789630359866667800,88.30866772460938,-0.0140533447265625,0.0031585693359375,-1.2133331298828125
2026-09-17T07:32:39.876628,1789630359876628000,88.3186279296875,-0.010833740234375,0.0583648681640625,-0.949859619140625
2026-09-17T07:32:39.886587,1789630359886587000,88.3285869140625,-0.06927490234375,-0.01708984375,-0.9681396484375
2026-09-17T07:32:39.896546,1789630359896546800,88.338546875,-0.126800537109375,0.022918701171875,-1.020111083984375
2026-09-17T07:32:39.906506,1789630359906506800,88.3485068359375,0.0234832763671875,0.0004730224609375,-1.0338287353515625
2026-09-17T07:32:39.916465,1789630359916465700,88.35846557617188,0.0677947998046875,0.0430145263671875,-1.0970306396484375
2026-09-17T07:32:39.926425,1789630359926425900,88.36842578125,0.0502471923828125,0.05816650390625,-0.777984619140625
2026-09-17T07:32:39.936385,1789630359936385800,88.3783857421875,-0.0457763671875,-0.054534912109375,-0.953948974609375
2026-09-17T07:32:39.946345,1789630359946345700,88.388345703125,-0.1364593505859375,-0.0784759521484375,-1.32171630859375
2026-09-17T07:32:39.956305,1789630359956305000,88.39830493164062,-0.045379638671875,-0.001617431640625,-0.9774932861328124
2026-09-17T07:32:39.966265,1789630359966265000,88.40826513671875,0.1078948974609375,0.0321197509765625,-0.8389892578125
2026-09-17T07:32:39.976225,1789630359976225000,88.41822509765625,0.0499725341796875,0.0425872802734375,-0.8054351806640625
2026-09-17T07:32:39.986184,1789630359986184200,88.42818408203125,0.016815185546875,-0.082977294921875,-1.0723724365234375
2026-09-17T07:32:39.996144,1789630359996144000,88.43814404296874,0.0081329345703125,-0.0162811279296875,-1.4149932861328125
2026-09-17T07:32:40.006104,1789630360006104000,88.44810400390625,-0.0329132080078125,0.0950927734375,-0.7210845947265625
2026-09-17T07:32:40.016064,1789630360016064000,88.45806396484375,-0.0067901611328125,0.011474609375,-0.6581268310546875
2026-09-17T07:32:40.026023,1789630360026023200,88.46802319335937,-0.091033935546875,-0.02532958984375,-1.3502349853515625
2026-09-17T07:32:40.035983,1789630360035983000,88.47798315429688,0.070159912109375,-0.0291290283203125,-1.32666015625
2026-09-17T07:32:40.045943,1789630360045943000,88.48794311523437,-0.0155487060546875,0.0073699951171875,-0.9711456298828124
2026-09-17T07:32:40.055902,1789630360055902000,88.49790185546875,-0.106170654296875,-0.02117919921875,-0.2829742431640625
2026-09-17T07:32:40.065862,1789630360065862000,88.50786181640625,-0.0938873291015625,-0.0259857177734375,-1.25531005859375
2026-09-17T07:32:40.075822,1789630360075822000,88.51782202148438,0.1071319580078125,-0.1141357421875,-1.525421142578125
2026-09-17T07:32:40.085781,1789630360085781000,88.52778100585938,-0.02197265625,0.07080078125,-1.29339599609375
2026-09-17T07:32:40.095741,1789630360095741000,88.53774096679687,-0.00421142578125,0.0078125,-0.2177581787109375
2026-09-17T07:32:40.105700,1789630360105700900,88.54770092773437,-0.02984619140625,-0.103668212890625,-0.6142120361328125
2026-09-17T07:32:40.115661,1789630360115661000,88.5576611328125,-0.0811004638671875,-0.151947021484375,-2.3021087646484375
2026-09-17T07:32:40.125620,1789630360125620200,88.5676201171875,0.03106689453125,0.0682220458984375,-0.584259033203125
2026-09-17T07:32:40.135580,1789630360135580200,88.577580078125,0.0569000244140625,0.012969970703125,-0.072479248046875
2026-09-17T07:32:40.145540,1789630360145540000,88.5875400390625,0.1000213623046875,-0.1664581298828125,-1.7741546630859375
2026-09-17T07:32:40.155499,1789630360155499000,88.5974990234375,-0.0237884521484375,0.095672607421875,-1.3609771728515625
2026-09-17T07:32:40.165459,1789630360165459000,88.607458984375,-0.1264495849609375,0.04022216796875,-0.545806884765625
2026-09-17T07:32:40.175419,1789630360175419100,88.61741918945313,-0.1920013427734375,-0.0665435791015625,-0.6287841796875
2026-09-17T07:32:40.185378,1789630360185378000,88.6273779296875,-0.10113525390625,-0.0554962158203125,-2.197021484375
2026-09-17T07:32:40.195338,1789630360195338000,88.637337890625,0.1392822265625,-0.0012054443359375,-0.234100341796875
2026-09-17T07:32:40.205298,1789630360205298000,88.6472978515625,0.184295654296875,-0.025970458984375,-0.45556640625
2026-09-17T07:32:40.215258,1789630360215258000,88.65725805664063,0.1477203369140625,-0.1010284423828125,-2.1618499755859375
2026-09-17T07:32:40.225217,1789630360225217000,88.66721704101562,-0.0574951171875,-0.02880859375,-0.525909423828125
2026-09-17T07:32:40.235177,1789630360235177000,88.67717700195313,-0.1531829833984375,-0.14373779296875,-0.5299530029296875
2026-09-17T07:32:40.245137,1789630360245137000,88.68713696289062,-0.2140350341796875,-0.0651092529296875,-1.7843780517578125
2026-09-17T07:32:40.255096,1789630360255096000,88.69709594726562,0.062957763671875,-0.055328369140625,-0.870452880859375
2026-09-17T07:32:40.265056,1789630360265056300,88.70705615234375,0.1137542724609375,-0.0340728759765625,-0.065277099609375
2026-09-17T07:32:40.275016,1789630360275016200,88.71701611328125,0.3790130615234375,-0.0034027099609375,-1.717926025390625
2026-09-17T07:32:40.284975,1789630360284975000,88.72697509765625,-0.020172119140625,-0.0139312744140625,-1.13946533203125
2026-09-17T07:32:40.294935,1789630360294935000,88.73693505859374,-0.1996002197265625,-0.131500244140625,-0.4613037109375
2026-09-17T07:32:40.304895,1789630360304895000,88.74689501953125,-0.19354248046875,0.0333709716796875,-1.3935089111328125
2026-09-17T07:32:40.314855,1789630360314855200,88.75685522460938,0.1920166015625,-0.03466796875,-1.4120330810546875
2026-09-17T07:32:40.324814,1789630360324814000,88.76681396484375,0.005126953125,-0.058990478515625,-0.0545196533203125
2026-09-17T07:32:40.334774,1789630360334774000,88.77677392578126,-0.23388671875,-0.036468505859375,-1.3209991455078125
2026-09-17T07:32:40.344734,1789630360344734000,88.78673388671875,0.0189056396484375,0.0082855224609375,-1.55133056640625
2026-09-17T07:32:40.354692,1789630360354692900,88.79669287109375,0.2324066162109375,-0.0663909912109375,-0.638916015625
2026-09-17T07:32:40.364653,1789630360364653000,88.80665307617187,-0.0672607421875,0.0589752197265625,-0.7763214111328125
2026-09-17T07:32:40.374613,1789630360374613000,88.81661303710938,-0.178192138671875,-0.06854248046875,-1.635162353515625
2026-09-17T07:32:40.384573,1789630360384573000,88.82657299804687,0.1049652099609375,-0.0760650634765625,-0.462005615234375
2026-09-17T07:32:40.394531,1789630360394531800,88.83653173828125,0.0054779052734375,0.06390380859375,-1.0300140380859375
2026-09-17T07:32:40.404492,1789630360404492000,88.84649194335938,0.0441741943359375,0.046905517578125,-1.44293212890625
2026-09-17T07:32:40.414452,1789630360414452000,88.85645190429688,0.0101776123046875,-0.0252227783203125,-0.71099853515625
2026-09-17T07:32:40.424411,1789630360424411100,88.8664111328125,-0.1765594482421875,0.0581512451171875,-0.723876953125
2026-09-17T07:32:40.434371,1789630360434371000,88.87637109375,-0.1067352294921875,0.0167694091796875,-1.738494873046875
2026-09-17T07:32:40.444331,1789630360444331000,88.8863310546875,0.1362762451171875,-0.0330047607421875,-0.60888671875
2026-09-17T07:32:40.454290,1789630360454290000,88.8962900390625,-0.0002593994140625,0.047607421875,-0.6774749755859375
2026-09-17T07:32:40.464250,1789630360464250000,88.90625,0.02410888671875,-0.0337677001953125,-1.3719024658203125
2026-09-17T07:32:40.474210,1789630360474210000,88.9162099609375,0.0860595703125,-0.0488433837890625,-0.9499053955078124
2026-09-17T07:32:40.484170,1789630360484170000,88.926169921875,-0.01837158203125,0.0362091064453125,-0.9900665283203124
2026-09-17T07:32:40.494129,1789630360494129000,88.93612890625,-0.110870361328125,-0.0021820068359375,-1.0463104248046875
2026-09-17T07:32:40.504089,1789630360504089000,88.94608911132812,-0.05694580078125,-0.055694580078125,-0.9172210693359376
2026-09-17T07:32:40.514049,1789630360514049000,88.95604907226563,0.07135009765625,0.0319976806640625,-0.7863616943359375
2026-09-17T07:32:40.524008,1789630360524008000,88.96600805664062,0.1055145263671875,0.0093841552734375,-1.2797698974609375
2026-09-17T07:32:40.533968,1789630360533968000,88.9759677734375,-0.033721923828125,-0.035736083984375,-1.0674896240234375
2026-09-17T07:32:40.543928,1789630360543928000,88.98592797851562,0.0371856689453125,0.0252685546875,-0.5092010498046875
2026-09-17T07:32:40.553887,1789630360553887200,88.99588720703125,-0.072998046875,0.002044677734375,-1.39910888671875
2026-09-17T07:32:40.563847,1789630360563847200,89.00584716796875,-0.055694580078125,-0.042724609375,-1.0522918701171875
2026-09-17T07:32:40.573807,1789630360573807000,89.01580712890625,-0.009002685546875,-0.0352935791015625,-0.871429443359375
2026-09-17T07:32:40.583767,1789630360583767000,89.02576708984375,0.110076904296875,0.0442962646484375,-1.0625
2026-09-17T07:32:40.593726,1789630360593726000,89.03572583007812,0.2048797607421875,-0.0628662109375,-0.985443115234375
2026-09-17T07:32:40.603686,1789630360603686100,89.04568603515625,-0.1734161376953125,-0.095733642578125,-0.743011474609375
2026-09-17T07:32:40.613646,1789630360613646000,89.05564599609374,-0.285369873046875,-0.0759124755859375,-1.3212738037109375
2026-09-17T07:32:40.623605,1789630360623605000,89.06560498046875,-0.0025482177734375,-0.05792236328125,-0.902130126953125
2026-09-17T07:32:40.633565,1789630360633565000,89.07556494140626,0.08355712890625,-0.0390472412109375,-0.9483184814453124
2026-09-17T07:32:40.643525,1789630360643525000,89.08552514648437,0.0382843017578125,-0.0396728515625,-1.0248260498046875
2026-09-17T07:32:40.653484,1789630360653484000,89.09548413085938,0.04852294921875,-0.1220550537109375,-1.03515625
2026-09-17T07:32:40.663444,1789630360663444000,89.10544384765625,0.0205535888671875,-0.02239990234375,-0.9676666259765624
2026-09-17T07:32:40.673404,1789630360673404000,89.11540380859375,0.009246826171875,0.00726318359375,-1.1039276123046875
2026-09-17T07:32:40.683363,1789630360683363800,89.12536376953125,0.0198822021484375,-0.0624847412109375,-0.751953125
2026-09-17T07:32:40.693323,1789630360693323000,89.13532299804687,-0.1132049560546875,-0.11065673828125,-1.1889190673828125
2026-09-17T07:32:40.703283,1789630360703283000,89.14528295898438,-0.120574951171875,-0.0367279052734375,-1.22235107421875
2026-09-17T07:32:40.713243,1789630360713243000,89.15524291992188,0.0583953857421875,-0.02886962890625,-1.0272064208984375
2026-09-17T07:32:40.723202,1789630360723202000,89.1652021484375,0.06378173828125,-0.0042724609375,-0.4483184814453125
2026-09-17T07:32:40.733162,1789630360733162000,89.17516186523437,0.023101806640625,-0.08404541015625,-1.219146728515625
2026-09-17T07:32:40.743122,1789630360743122200,89.1851220703125,0.014617919921875,-0.0991973876953125,-1.3036041259765625
2026-09-17T07:32:40.753081,1789630360753081000,89.1950810546875,0.0516510009765625,-0.04022216796875,-0.7497406005859375
2026-09-17T07:32:40.763041,1789630360763041000,89.205041015625,0.01141357421875,-0.0387725830078125,-1.04205322265625
2026-09-17T07:32:40.773001,1789630360773001000,89.2150009765625,-0.1214752197265625,-0.095672607421875,-0.9782257080078124
2026-09-17T07:32:40.782961,1789630360782961200,89.22496118164062,-0.0240020751953125,-0.075225830078125,-1.182769775390625
2026-09-17T07:32:40.792920,1789630360792920000,89.23492016601563,0.067230224609375,0.012786865234375,-0.861083984375
2026-09-17T07:32:40.802880,1789630360802880000,89.2448798828125,0.05316162109375,-0.019744873046875,-0.895538330078125
2026-09-17T07:32:40.812840,1789630360812840000,89.25483984375,-0.0168914794921875,-0.09588623046875,-0.948455810546875
2026-09-17T07:32:40.822798,1789630360822798800,89.264798828125,0.03753662109375,0.0033111572265625,-1.200469970703125
2026-09-17T07:32:40.832759,1789630360832759000,89.27475903320313,-0.036407470703125,-0.0020599365234375,-1.12213134765625
2026-09-17T07:32:40.842719,1789630360842719000,89.28471899414062,-0.036041259765625,-0.0399932861328125,-0.5985565185546875
2026-09-17T07:32:40.852678,1789630360852678100,89.29467822265624,-0.0197601318359375,0.00537109375,-1.28338623046875
2026-09-17T07:32:40.862638,1789630360862638000,89.30463818359375,0.1086883544921875,0.0204315185546875,-1.0647125244140625
2026-09-17T07:32:40.872598,1789630360872598000,89.31459790039062,0.0164642333984375,-0.04217529296875,-0.9360198974609376
2026-09-17T07:32:40.882558,1789630360882558200,89.32455810546875,-0.1943359375,0.005859375,-0.7925262451171875
2026-09-17T07:32:40.892517,1789630360892517000,89.33451708984374,-0.0591888427734375,-0.01348876953125,-1.1437835693359375
2026-09-17T07:32:40.902477,1789630360902477000,89.34447705078125,0.0405731201171875,-0.0238189697265625,-1.2261199951171875
2026-09-17T07:32:40.912437,1789630360912437000,89.35443701171874,0.0262451171875,0.0396728515625,-0.8925628662109375
2026-09-17T07:32:40.922396,1789630360922396000,89.36439599609375,0.055694580078125,-0.014404296875,-0.85302734375
2026-09-17T07:32:40.932356,1789630360932356000,89.37435620117188,0.0451507568359375,0.00555419921875,-0.9248504638671876
2026-09-17T07:32:40.942316,1789630360942316000,89.38431591796875,-0.00225830078125,0.0178375244140625,-1.415374755859375
2026-09-17T07:32:40.952275,1789630360952275000,89.39427490234375,-0.021240234375,0.0438385009765625,-0.8713836669921875
2026-09-17T07:32:40.962235,1789630360962235000,89.40423486328125,0.0178375244140625,0.013580322265625,-0.756072998046875
2026-09-17T07:32:40.972195,1789630360972195000,89.41419506835938,-0.10870361328125,0.0126953125,-1.054779052734375
2026-09-17T07:32:40.982155,1789630360982155000,89.42415502929687,-0.042205810546875,-0.0369415283203125,-1.3233184814453125
2026-09-17T07:32:40.992114,1789630360992114200,89.4341142578125,-0.0015411376953125,0.0135955810546875,-1.041961669921875
2026-09-17T07:32:41.002074,1789630361002074000,89.44407421875,0.0544891357421875,0.0685272216796875,-0.608245849609375
2026-09-17T07:32:41.012034,1789630361012034300,89.45403442382812,0.0381927490234375,-0.02142333984375,-1.1473236083984375
2026-09-17T07:32:41.021993,1789630361021993200,89.4639931640625,-0.0137786865234375,0.0103912353515625,-1.0173187255859375
2026-09-17T07:32:41.031953,1789630361031953200,89.473953125,-0.0141143798828125,-0.0027313232421875,-1.04766845703125
2026-09-17T07:32:41.041913,1789630361041913000,89.4839130859375,-0.0489044189453125,0.012908935546875,-1.08697509765625
2026-09-17T07:32:41.051872,1789630361051872000,89.4938720703125,0.0316314697265625,0.0466156005859375,-0.6393280029296875
2026-09-17T07:32:41.061832,1789630361061832200,89.50383227539062,0.0245819091796875,-0.01483154296875,-1.101959228515625
2026-09-17T07:32:41.071792,1789630361071792000,89.51379223632813,-0.029144287109375,-0.0319061279296875,-1.143585205078125
2026-09-17T07:32:41.081751,1789630361081751000,89.5237509765625,-0.0244903564453125,-0.01446533203125,-0.9695281982421876
2026-09-17T07:32:41.091711,1789630361091711000,89.5337109375,0.0527801513671875,-0.011688232421875,-0.863739013671875
2026-09-17T07:32:41.101671,1789630361101671200,89.54367114257812,-0.0283966064453125,-0.0226287841796875,-0.963134765625
2026-09-17T07:32:41.111631,1789630361111631000,89.55363110351563,0.01385498046875,-0.0631561279296875,-1.0316162109375
2026-09-17T07:32:41.121590,1789630361121590000,89.56359008789063,0.0800628662109375,-0.03192138671875,-1.03558349609375
2026-09-17T07:32:41.131550,1789630361131550000,89.57355004882812,0.0115814208984375,-0.0517730712890625,-1.2227020263671875
2026-09-17T07:32:41.141510,1789630361141510000,89.58351000976562,-0.13763427734375,-0.0389251708984375,-1.06634521484375
2026-09-17T07:32:41.151469,1789630361151469300,89.59346923828124,-0.0846099853515625,-0.063995361328125,-0.628814697265625
2026-09-17T07:32:41.161429,1789630361161429200,89.60342919921875,0.0645599365234375,0.01043701171875,-0.6943206787109375
2026-09-17T07:32:41.171389,1789630361171389200,89.61338916015625,0.1694488525390625,0.060791015625,-1.15411376953125
2026-09-17T07:32:41.181348,1789630361181348000,89.62334814453125,-0.0063934326171875,-0.04083251953125,-1.217193603515625
2026-09-17T07:32:41.191308,1789630361191308000,89.63330810546876,-0.236053466796875,-0.056976318359375,-1.2332000732421875
2026-09-17T07:32:41.201268,1789630361201268200,89.64326831054687,-0.1282958984375,-0.0811767578125,-0.960174560546875
2026-09-17T07:32:41.211227,1789630361211227100,89.65322705078125,0.127532958984375,0.0269317626953125,-0.860626220703125
2026-09-17T07:32:41.221187,1789630361221187000,89.66318701171875,0.081878662109375,0.0666046142578125,-0.9653167724609376
2026-09-17T07:32:41.231147,1789630361231147000,89.67314697265626,-0.0206756591796875,-0.0096435546875,-1.09417724609375
2026-09-17T07:32:41.241107,1789630361241107200,89.68310717773437,-0.067596435546875,-0.08062744140625,-0.9849853515625
2026-09-17T07:32:41.251066,1789630361251066000,89.69306616210937,-0.0687103271484375,-0.0326385498046875,-1.0678253173828125
2026-09-17T07:32:41.261026,1789630361261026000,89.70302612304687,-0.03717041015625,-0.04107666015625,-1.12469482421875
2026-09-17T07:32:41.270986,1789630361270986000,89.71298608398438,0.03656005859375,-0.0397796630859375,-0.87176513671875
2026-09-17T07:32:41.280945,1789630361280945200,89.72294506835938,0.033294677734375,-0.0339202880859375,-0.89276123046875
2026-09-17T07:32:41.290905,1789630361290905000,89.73290502929687,-0.02783203125,-0.0440216064453125,-1.1677398681640625
2026-09-17T07:32:41.300865,1789630361300865300,89.742865234375,-0.02508544921875,-0.0700531005859375,-1.0568695068359375
2026-09-17T07:32:41.310824,1789630361310824200,89.75282421875,0.0151519775390625,-0.0481414794921875,-0.9508819580078124
2026-09-17T07:32:41.320784,1789630361320784100,89.7627841796875,-0.0154266357421875,-0.008148193359375,-1.071533203125
2026-09-17T07:32:41.330744,1789630361330744000,89.772744140625,-0.013580322265625,-0.0046234130859375,-0.8837890625
2026-09-17T07:32:41.340704,1789630361340704300,89.78270434570312,0.049224853515625,0.0247955322265625,-0.8643646240234375
2026-09-17T07:32:41.350663,1789630361350663200,89.7926630859375,-0.00372314453125,-0.01971435546875,-1.11578369140625
2026-09-17T07:32:41.360623,1789630361360623000,89.802623046875,-0.002899169921875,-0.0079803466796875,-1.0845489501953125
2026-09-17T07:32:41.370583,1789630361370583000,89.8125830078125,-0.04815673828125,0.0031890869140625,-0.948944091796875
2026-09-17T07:32:41.380542,1789630361380542000,89.8225419921875,-0.0306396484375,0.010894775390625,-0.9369659423828124
2026-09-17T07:32:41.390502,1789630361390502100,89.83250219726563,0.002349853515625,-0.0218505859375,-1.047576904296875
2026-09-17T07:32:41.400462,1789630361400462000,89.84246215820312,0.0499114990234375,0.026641845703125,-0.896148681640625
2026-09-17T07:32:41.410421,1789630361410421200,89.85242114257812,0.047119140625,-0.0099639892578125,-1.243865966796875
2026-09-17T07:32:41.420381,1789630361420381200,89.86238110351563,-0.063323974609375,-0.058197021484375,-1.1131134033203125
2026-09-17T07:32:41.430341,1789630361430341000,89.87234106445312,-0.1228485107421875,-0.0433502197265625,-0.6927947998046875
2026-09-17T07:32:41.440300,1789630361440300300,89.88230029296875,0.036712646484375,0.032073974609375,-0.782073974609375
2026-09-17T07:32:41.450260,1789630361450260200,89.89226025390624,0.20123291015625,0.0919189453125,-1.13421630859375
2026-09-17T07:32:41.460220,1789630361460220200,89.90222021484375,-0.0026397705078125,-0.0051422119140625,-1.0669403076171875
2026-09-17T07:32:41.470180,1789630361470180000,89.91218017578124,-0.059661865234375,-0.0517730712890625,-1.1367950439453125
2026-09-17T07:32:41.480139,1789630361480139000,89.92213891601563,-0.0904693603515625,-0.0195159912109375,-1.094085693359375
2026-09-17T07:32:41.490099,1789630361490099200,89.93209912109376,-0.0075531005859375,0.071075439453125,-0.95318603515625
2026-09-17T07:32:41.500059,1789630361500059100,89.94205908203125,0.0389556884765625,0.041473388671875,-0.8637542724609375
2026-09-17T07:32:41.510018,1789630361510018000,89.95201806640625,0.0583343505859375,0.0154266357421875,-0.9841461181640624
2026-09-17T07:32:41.519978,1789630361519978000,89.96197802734375,-0.009735107421875,-0.008087158203125,-1.08477783203125
2026-09-17T07:32:41.529938,1789630361529938200,89.97193823242188,-0.0557861328125,0.034820556640625,-1.018798828125
2026-09-17T07:32:41.539897,1789630361539897000,89.98189697265624,-0.0069580078125,-0.0067138671875,-0.9519805908203124
2026-09-17T07:32:41.549857,1789630361549857000,89.99185693359375,-0.0058746337890625,-0.00018310546875,-1.11175537109375
2026-09-17T07:32:41.559817,1789630361559817000,90.00181689453125,0.034393310546875,0.01416015625,-0.98968505859375
2026-09-17T07:32:41.569777,1789630361569777000,90.01177685546875,0.0062255859375,0.03466796875,-0.897613525390625
2026-09-17T07:32:41.579736,1789630361579736300,90.021736328125,-0.0152740478515625,-0.00958251953125,-0.9635162353515624
2026-09-17T07:32:41.589696,1789630361589696300,90.0316962890625,-0.0021514892578125,-0.038299560546875,-1.0168609619140625
2026-09-17T07:32:41.599656,1789630361599656200,90.04165625,0.0064697265625,-0.0021209716796875,-1.0574951171875
2026-09-17T07:32:41.609615,1789630361609615000,90.05161499023437,-0.05828857421875,-0.00030517578125,-1.0037841796875
2026-09-17T07:32:41.619575,1789630361619575000,90.06157495117188,-0.0130462646484375,-0.0239410400390625,-1.1199493408203125
2026-09-17T07:32:41.629535,1789630361629535200,90.07153515625,-0.0614166259765625,-0.0316162109375,-0.9705657958984376
2026-09-17T07:32:41.639494,1789630361639494100,90.081494140625,-0.022674560546875,0.0053558349609375,-0.816314697265625
2026-09-17T07:32:41.649454,1789630361649454000,90.0914541015625,0.0184173583984375,-0.014129638671875,-1.0372161865234375
2026-09-17T07:32:41.659414,1789630361659414000,90.1014140625,-0.008056640625,-0.0396881103515625,-1.0566253662109375
2026-09-17T07:32:41.669373,1789630361669373000,90.111373046875,-0.0685577392578125,-0.0510101318359375,-0.9672698974609376
2026-09-17T07:32:41.679333,1789630361679333000,90.1213330078125,-0.0005645751953125,-0.0806732177734375,-1.0671539306640625
2026-09-17T07:32:41.689293,1789630361689293000,90.13129296875,0.16827392578125,-0.0078887939453125,-1.064300537109375
2026-09-17T07:32:41.699253,1789630361699253000,90.1412529296875,0.054656982421875,-0.0344390869140625,-0.926025390625
2026-09-17T07:32:41.709212,1789630361709212200,90.15121215820312,-0.0943450927734375,-0.0675506591796875,-0.7942962646484375
2026-09-17T07:32:41.719172,1789630361719172000,90.16117211914064,-0.0545806884765625,-0.0945892333984375,-0.88726806640625
2026-09-17T07:32:41.729132,1789630361729132300,90.17113232421876,0.01611328125,-0.0022430419921875,-1.2625732421875
2026-09-17T07:32:41.739091,1789630361739091200,90.18109130859376,-0.0991973876953125,0.0097808837890625,-1.096588134765625
2026-09-17T07:32:41.749051,1789630361749051100,90.19105102539062,-0.0762176513671875,-0.1085357666015625,-1.0864410400390625
2026-09-17T07:32:41.759011,1789630361759011000,90.20101098632811,-0.0271148681640625,-0.059112548828125,-0.84771728515625
2026-09-17T07:32:41.768970,1789630361768970000,90.21096997070312,0.14642333984375,-0.00177001953125,-0.838104248046875
2026-09-17T07:32:41.778930,1789630361778930200,90.22093017578123,0.1861419677734375,-0.052734375,-1.1647491455078125
2026-09-17T07:32:41.788890,1789630361788890000,90.23089013671876,-0.0039215087890625,-0.020599365234375,-1.117095947265625
2026-09-17T07:32:41.798849,1789630361798849000,90.24084912109376,-0.1194915771484375,-0.043609619140625,-0.9358978271484376
2026-09-17T07:32:41.808809,1789630361808809000,90.25080908203124,-0.11273193359375,-0.0069122314453125,-0.85919189453125
2026-09-17T07:32:41.818769,1789630361818769200,90.26076904296876,-0.011138916015625,-0.0308990478515625,-1.1005401611328125
2026-09-17T07:32:41.828729,1789630361828729000,90.27072900390624,-0.051300048828125,-0.0210723876953125,-1.1806793212890625
2026-09-17T07:32:41.838688,1789630361838688300,90.28068823242188,-0.0116119384765625,-0.0137939453125,-1.0162353515625
2026-09-17T07:32:41.848648,1789630361848648200,90.29064819335936,0.0735931396484375,-0.000946044921875,-0.8473358154296875
2026-09-17T07:32:41.858608,1789630361858608000,90.30060815429688,0.07269287109375,0.0059356689453125,-0.9761810302734376
2026-09-17T07:32:41.868567,1789630361868567300,90.3105673828125,0.0130767822265625,-0.019439697265625,-1.1372833251953125
2026-09-17T07:32:41.878527,1789630361878527200,90.32052734375,-0.0206298828125,-0.0060882568359375,-0.91033935546875
2026-09-17T07:32:41.888487,1789630361888487200,90.33048706054689,-0.0148773193359375,-0.0258636474609375,-0.9772186279296876
2026-09-17T07:32:41.898446,1789630361898446000,90.34044604492188,-0.027252197265625,-0.0021209716796875,-1.240509033203125
2026-09-17T07:32:41.908406,1789630361908406000,90.35040600585936,0.023590087890625,0.028350830078125,-0.815277099609375
2026-09-17T07:32:41.918366,1789630361918366200,90.3603662109375,-0.0145721435546875,-0.0221405029296875,-1.015380859375
2026-09-17T07:32:41.928326,1789630361928326100,90.370326171875,-0.0168304443359375,-0.0390625,-0.9482879638671876
2026-09-17T07:32:41.938285,1789630361938285000,90.38028515625,0.0444793701171875,-0.01617431640625,-1.2290802001953125
2026-09-17T07:32:41.948245,1789630361948245000,90.39024487304688,0.0845489501953125,0.0727081298828125,-0.9248809814453124
2026-09-17T07:32:41.958205,1789630361958205200,90.400205078125,0.0181884765625,0.03546142578125,-0.8712921142578125
2026-09-17T07:32:41.968164,1789630361968164000,90.4101640625,0.0142669677734375,0.035064697265625,-1.06011962890625
2026-09-17T07:32:41.978124,1789630361978124000,90.4201240234375,0.0689544677734375,0.034271240234375,-1.0561065673828125
2026-09-17T07:32:41.988084,1789630361988084200,90.43008422851562,-0.1387176513671875,-0.0367584228515625,-0.8851470947265625
2026-09-17T07:32:41.998043,1789630361998043400,90.44004345703124,-0.17822265625,-0.0160675048828125,-0.6770172119140625
2026-09-17T07:32:42.008003,1789630362008003300,90.45000341796874,-0.0404815673828125,0.0061798095703125,-1.232452392578125
2026-09-17T07:32:42.017963,1789630362017963300,90.45996337890624,0.22607421875,-0.0520477294921875,-1.196807861328125
2026-09-17T07:32:42.027922,1789630362027922200,90.46992211914062,0.059112548828125,0.0303192138671875,-1.0923004150390625
2026-09-17T07:32:42.037882,1789630362037882400,90.47988232421876,-0.0224456787109375,-0.0175018310546875,-0.4906005859375
2026-09-17T07:32:42.047842,1789630362047842300,90.48984228515624,-0.094818115234375,0.0009918212890625,-1.071533203125
2026-09-17T07:32:42.057801,1789630362057801200,90.49980126953125,0.032440185546875,0.0318145751953125,-1.3802490234375
2026-09-17T07:32:42.067761,1789630362067761200,90.50976123046875,0.0147705078125,-0.0017547607421875,-0.853851318359375
2026-09-17T07:32:42.077721,1789630362077721300,90.51972143554688,-0.013214111328125,0.0269775390625,-1.1632080078125
2026-09-17T07:32:42.087681,1789630362087681300,90.52968139648438,0.1173858642578125,0.00592041015625,-0.6045684814453125
2026-09-17T07:32:42.097640,1789630362097640200,90.53964013671876,-0.1327056884765625,-0.090057373046875,-1.02606201171875
2026-09-17T07:32:42.107600,1789630362107600100,90.54960009765624,-0.14117431640625,-0.01788330078125,-1.36370849609375
2026-09-17T07:32:42.117560,1789630362117560000,90.55956005859376,0.2501068115234375,-0.002777099609375,-1.1381072998046875
2026-09-17T07:32:42.127519,1789630362127519200,90.56951928710936,0.00115966796875,-0.02972412109375,-0.6139068603515625
2026-09-17T07:32:42.137479,1789630362137479400,90.5794794921875,-0.1440887451171875,-0.0130767822265625,-0.9845428466796876
2026-09-17T07:32:42.147439,1789630362147439400,90.589439453125,0.0831756591796875,-0.0423126220703125,-1.170379638671875
2026-09-17T07:32:42.157398,1789630362157398300,90.59939819335938,-0.0323333740234375,-0.0750274658203125,-0.8992462158203125
2026-09-17T07:32:42.167358,1789630362167358200,90.60935815429688,0.0583648681640625,0.000946044921875,-1.0252838134765625
2026-09-17T07:32:42.177318,1789630362177318400,90.619318359375,0.077667236328125,-0.0508270263671875,-1.272064208984375
2026-09-17T07:32:42.187278,1789630362187278300,90.6292783203125,-0.1285552978515625,-0.0798492431640625,-0.7724761962890625
2026-09-17T07:32:42.197237,1789630362197237200,90.6392373046875,-0.046539306640625,-0.0529022216796875,-0.8876190185546875
2026-09-17T07:32:42.207197,1789630362207197200,90.649197265625,0.0840606689453125,-0.0609283447265625,-0.9825439453125
2026-09-17T07:32:42.217157,1789630362217157000,90.6591572265625,-0.0648651123046875,-0.08197021484375,-1.1007080078125
2026-09-17T07:32:42.227116,1789630362227116300,90.6691162109375,0.0089569091796875,-0.052886962890625,-0.9669036865234376
2026-09-17T07:32:42.237076,1789630362237076200,90.679076171875,0.08782958984375,-0.067962646484375,-1.0477142333984375
2026-09-17T07:32:42.247036,1789630362247036200,90.6890361328125,-0.0389862060546875,-0.0729827880859375,-0.955230712890625
2026-09-17T07:32:42.256995,1789630362256995300,90.69899536132812,0.0484161376953125,-0.0299072265625,-1.1321868896484375
2026-09-17T07:32:42.266955,1789630362266955300,90.70895532226562,0.0735015869140625,-0.033172607421875,-0.980682373046875
2026-09-17T07:32:42.276915,1789630362276915200,90.71891528320312,-0.1333770751953125,-0.0942840576171875,-0.7835693359375
2026-09-17T07:32:42.286874,1789630362286874400,90.72887426757812,-0.1553802490234375,-0.0640411376953125,-1.0521240234375
2026-09-17T07:32:42.296834,1789630362296834300,90.73883422851564,0.00921630859375,-0.0835418701171875,-1.099822998046875
2026-09-17T07:32:42.306794,1789630362306794200,90.74879418945312,-0.040924072265625,-0.095306396484375,-0.926177978515625
2026-09-17T07:32:42.316753,1789630362316753200,90.75875317382813,0.0825958251953125,-0.054840087890625,-0.91064453125
2026-09-17T07:32:42.326713,1789630362326713300,90.76871337890626,0.131256103515625,-0.05078125,-1.21038818359375
2026-09-17T07:32:42.336673,1789630362336673300,90.77867333984376,0.01318359375,-0.0385894775390625,-1.0023956298828125
2026-09-17T07:32:42.346633,1789630362346633200,90.78863330078126,0.0085296630859375,-0.001129150390625,-0.803375244140625
2026-09-17T07:32:42.356592,1789630362356592000,90.79859204101562,-0.0547943115234375,-0.0510711669921875,-1.053375244140625
2026-09-17T07:32:42.366552,1789630362366552300,90.80855224609375,-0.1340484619140625,-0.0686187744140625,-1.1354217529296875
2026-09-17T07:32:42.376512,1789630362376512300,90.81851220703123,-0.0434722900390625,-0.0331268310546875,-1.02410888671875
2026-09-17T07:32:42.386471,1789630362386471200,90.82847119140624,0.022186279296875,-0.0087432861328125,-0.95489501953125
2026-09-17T07:32:42.396431,1789630362396431000,90.83843115234374,0.0262603759765625,-0.056610107421875,-1.009002685546875
2026-09-17T07:32:42.406391,1789630362406391000,90.84839111328124,0.0305633544921875,-0.02398681640625,-1.1541290283203125
2026-09-17T07:32:42.416350,1789630362416350200,90.85835009765626,0.035858154296875,0.0329132080078125,-0.7135009765625
2026-09-17T07:32:42.426310,1789630362426310400,90.86831030273436,-0.056549072265625,-0.04510498046875,-1.263427734375
2026-09-17T07:32:42.436270,1789630362436270300,90.87827026367188,-0.096435546875,-0.038543701171875,-0.896453857421875
2026-09-17T07:32:42.446229,1789630362446229200,90.88822924804688,0.0131378173828125,0.007965087890625,-1.0264129638671875
2026-09-17T07:32:42.456189,1789630362456189200,90.89818920898438,-0.0424041748046875,-0.0111541748046875,-0.9552459716796876
2026-09-17T07:32:42.466149,1789630362466149400,90.9081494140625,-0.0616607666015625,-0.031463623046875,-1.073211669921875
2026-09-17T07:32:42.476108,1789630362476108300,90.9181083984375,0.0665435791015625,0.01727294921875,-0.9261932373046876
2026-09-17T07:32:42.486068,1789630362486068200,90.92806811523438,0.0758819580078125,0.0282745361328125,-1.0247955322265625
2026-09-17T07:32:42.496028,1789630362496028200,90.93802807617188,0.0177154541015625,0.0193328857421875,-0.9759063720703124
2026-09-17T07:32:42.505988,1789630362505988000,90.94798803710935,-0.0612945556640625,-0.017425537109375,-1.0492401123046875
2026-09-17T07:32:42.515947,1789630362515947300,90.957947265625,-0.0542449951171875,0.0132293701171875,-0.987030029296875
2026-09-17T07:32:42.525907,1789630362525907200,90.9679072265625,0.0156707763671875,0.024505615234375,-0.9777679443359376
2026-09-17T07:32:42.535867,1789630362535867100,90.9778671875,-0.033111572265625,-0.0169830322265625,-0.97796630859375
2026-09-17T07:32:42.545826,1789630362545826300,90.98782641601562,-0.174468994140625,-0.0263671875,-1.0655517578125
2026-09-17T07:32:42.555786,1789630362555786200,90.9977861328125,-0.045379638671875,0.0309906005859375,-1.0543212890625
2026-09-17T07:32:42.565746,1789630362565746400,91.00774633789062,0.0434112548828125,0.014862060546875,-0.9958038330078124
2026-09-17T07:32:42.575705,1789630362575705300,91.01770532226564,-0.0501556396484375,-0.0054779052734375,-0.9752044677734376
2026-09-17T07:32:42.585665,1789630362585665300,91.02766528320312,0.009552001953125,0.02960205078125,-0.99322509765625
2026-09-17T07:32:42.595625,1789630362595625200,91.03762524414064,0.032196044921875,0.0118560791015625,-1.186309814453125
2026-09-17T07:32:42.605584,1789630362605584100,91.04758422851565,0.0004119873046875,0.0500030517578125,-1.1204681396484375
2026-09-17T07:32:42.615544,1789630362615544300,91.05754443359376,-0.0174560546875,0.0513916015625,-0.6952972412109375
2026-09-17T07:32:42.625504,1789630362625504300,91.06750415039062,-0.028778076171875,-0.012359619140625,-1.0246734619140625
2026-09-17T07:32:42.635464,1789630362635464200,91.07746411132813,-0.0024871826171875,0.0349273681640625,-1.1212005615234375
2026-09-17T07:32:42.645423,1789630362645423000,91.08742309570312,0.075927734375,0.0145721435546875,-1.11029052734375
2026-09-17T07:32:42.655383,1789630362655383300,91.09738330078125,-0.036956787109375,0.0019073486328125,-0.8679656982421875
2026-09-17T07:32:42.665343,1789630362665343200,91.10734326171875,-0.1708831787109375,-0.0541229248046875,-0.9790496826171876
2026-09-17T07:32:42.675302,1789630362675302100,91.11730224609374,-0.103424072265625,-0.0536651611328125,-1.2216339111328125
2026-09-17T07:32:42.685262,1789630362685262000,91.12726196289064,0.0450286865234375,0.0148773193359375,-1.0172119140625
2026-09-17T07:32:42.695222,1789630362695222000,91.13722192382812,0.076934814453125,-0.0003509521484375,-0.6585845947265625
2026-09-17T07:32:42.705181,1789630362705181200,91.14718115234376,0.0422515869140625,-0.0760040283203125,-1.1080322265625
2026-09-17T07:32:42.715141,1789630362715141400,91.15714135742188,0.0134735107421875,-0.044952392578125,-1.062347412109375
2026-09-17T07:32:42.725101,1789630362725101300,91.16710131835936,0.0134124755859375,-0.0321807861328125,-1.0882720947265625
2026-09-17T07:32:42.735060,1789630362735060200,91.17706030273438,-0.0845489501953125,-0.0402374267578125,-0.88262939453125
2026-09-17T07:32:42.745020,1789630362745020200,91.18702026367188,-0.0305023193359375,-0.0525360107421875,-0.9334869384765624
2026-09-17T07:32:42.754980,1789630362754980400,91.19698046875,-0.0651092529296875,-0.0663604736328125,-1.169677734375
2026-09-17T07:32:42.764940,1789630362764940300,91.20694018554688,0.067169189453125,-0.028839111328125,-0.8536376953125
2026-09-17T07:32:42.774899,1789630362774899200,91.21689916992187,0.0778961181640625,-0.015594482421875,-1.0140228271484375
2026-09-17T07:32:42.784859,1789630362784859100,91.22685913085938,0.0285491943359375,-0.0656585693359375,-0.9760894775390624
2026-09-17T07:32:42.794819,1789630362794819300,91.2368193359375,-0.0063018798828125,-0.0800018310546875,-1.0191192626953125
2026-09-17T07:32:42.804778,1789630362804778200,91.2467783203125,0.0076904296875,-0.0172882080078125,-1.1444549560546875
2026-09-17T07:32:42.814738,1789630362814738200,91.25673828125,-0.020904541015625,-0.049285888671875,-0.87969970703125
2026-09-17T07:32:42.824698,1789630362824698000,91.26669799804688,-0.2027130126953125,-0.127777099609375,-0.8558502197265625
2026-09-17T07:32:42.834657,1789630362834657300,91.2766572265625,-0.11920166015625,-0.0466156005859375,-0.8703765869140625
2026-09-17T07:32:42.844617,1789630362844617200,91.2866171875,0.0684967041015625,-0.085784912109375,-1.33892822265625
2026-09-17T07:32:42.854577,1789630362854577400,91.29657739257811,0.0560455322265625,-0.071990966796875,-1.2413482666015625
2026-09-17T07:32:42.864536,1789630362864536300,91.30653637695312,0.09033203125,0.0036773681640625,-0.5540771484375
2026-09-17T07:32:42.874496,1789630362874496300,91.31649633789064,0.05865478515625,-0.059417724609375,-0.8634033203125
2026-09-17T07:32:42.884456,1789630362884456200,91.32645629882812,-0.0600433349609375,-0.042938232421875,-1.28173828125
2026-09-17T07:32:42.894415,1789630362894415000,91.3364150390625,-0.0503387451171875,-0.0127105712890625,-1.2159423828125
2026-09-17T07:32:42.904375,1789630362904375300,91.34637524414065,-0.105010986328125,0.0081024169921875,-0.784912109375
2026-09-17T07:32:42.914335,1789630362914335200,91.35633520507812,-0.0775604248046875,-0.01458740234375,-0.8768310546875
2026-09-17T07:32:42.924295,1789630362924295200,91.36629516601562,0.0853424072265625,-0.0035552978515625,-1.0352783203125
2026-09-17T07:32:42.934254,1789630362934254000,91.37625415039062,0.0754241943359375,-0.0184783935546875,-1.4740753173828125
2026-09-17T07:32:42.944214,1789630362944214300,91.38621435546877,-0.0703277587890625,0.0207672119140625,-0.7241058349609375
2026-09-17T07:32:42.954174,1789630362954174200,91.39617431640625,-0.0685577392578125,-0.03265380859375,-0.67376708984375
2026-09-17T07:32:42.964133,1789630362964133400,91.40613330078124,0.0967559814453125,0.00640869140625,-1.05267333984375
2026-09-17T07:32:42.974093,1789630362974093300,91.41609326171876,-0.0245361328125,-0.021759033203125,-1.156982421875
2026-09-17T07:32:42.984052,1789630362984052500,91.42605249023435,-0.106292724609375,0.0012969970703125,-1.2689971923828125
2026-09-17T07:32:42.994011,1789630362994011600,91.43601171875,-0.03448486328125,0.0564422607421875,-0.76495361328125
2026-09-17T07:32:43.003971,1789630363003971600,91.4459716796875,0.0639495849609375,0.0350341796875,-0.735687255859375
2026-09-17T07:32:43.013931,1789630363013931500,91.455931640625,-0.0450286865234375,-0.03009033203125,-1.37506103515625
2026-09-17T07:32:43.023890,1789630363023890400,91.46589038085938,-0.0628204345703125,-0.0412139892578125,-1.06573486328125
2026-09-17T07:32:43.033850,1789630363033850400,91.47585034179689,0.0306549072265625,0.0002593994140625,-0.7909393310546875
2026-09-17T07:32:43.043810,1789630363043810600,91.485810546875,0.100738525390625,0.013641357421875,-0.77398681640625
2026-09-17T07:32:43.053769,1789630363053769500,91.49576953125,0.0001678466796875,-0.0551300048828125,-1.17950439453125
2026-09-17T07:32:43.063729,1789630363063729400,91.5057294921875,-0.0485687255859375,-0.0510711669921875,-1.183258056640625
2026-09-17T07:32:43.073689,1789630363073689300,91.515689453125,-0.0087890625,0.0446929931640625,-0.99285888671875
2026-09-17T07:32:43.083649,1789630363083649500,91.5256494140625,0.05267333984375,0.0391845703125,-0.8682708740234375
2026-09-17T07:32:43.093608,1789630363093608700,91.53560864257813,-0.0504913330078125,0.0030670166015625,-0.6849822998046875
2026-09-17T07:32:43.103568,1789630363103568600,91.54556860351562,-0.2097625732421875,-0.0399322509765625,-1.2143402099609375
2026-09-17T07:32:43.113528,1789630363113528600,91.55552856445313,-0.0655364990234375,0.0028228759765625,-1.37554931640625
2026-09-17T07:32:43.123487,1789630363123487500,91.56548754882812,0.053985595703125,0.03973388671875,-0.9668121337890624
2026-09-17T07:32:43.133447,1789630363133447700,91.57544775390625,0.071868896484375,0.0295257568359375,-0.7319183349609375
2026-09-17T07:32:43.143407,1789630363143407600,91.58540771484375,0.029052734375,-0.007720947265625,-0.997772216796875
2026-09-17T07:32:43.153366,1789630363153366500,91.59536645507812,0.051116943359375,-0.0346832275390625,-1.1314544677734375
2026-09-17T07:32:43.163326,1789630363163326500,91.60532641601564,0.0322723388671875,0.013641357421875,-1.161102294921875
2026-09-17T07:32:43.173286,1789630363173286400,91.61528637695312,-0.135223388671875,-0.04058837890625,-0.7823028564453125
2026-09-17T07:32:43.183245,1789630363183245300,91.62524536132813,-0.0294189453125,-0.057769775390625,-1.023284912109375
2026-09-17T07:32:43.193205,1789630363193205500,91.63520556640626,0.000946044921875,-0.0111083984375,-1.1243743896484375
2026-09-17T07:32:43.203165,1789630363203165400,91.64516552734376,0.0213775634765625,-0.02294921875,-0.9197540283203124
2026-09-17T07:32:43.213124,1789630363213124600,91.65512451171875,-0.0303497314453125,-0.04071044921875,-1.1980743408203125
2026-09-17T07:32:43.223084,1789630363223084500,91.66508447265625,-0.0396270751953125,-0.0295867919921875,-0.8327178955078125
2026-09-17T07:32:43.233044,1789630363233044700,91.67504467773438,-0.008087158203125,-0.0340118408203125,-1.007965087890625
2026-09-17T07:32:43.243004,1789630363243004700,91.68500463867188,0.0417633056640625,-0.0258636474609375,-1.1176300048828125
2026-09-17T07:32:43.252963,1789630363252963600,91.69496362304687,0.020294189453125,-0.0308380126953125,-0.9579925537109376
2026-09-17T07:32:43.262923,1789630363262923500,91.70492358398438,-0.0399017333984375,-0.0212554931640625,-0.910186767578125
2026-09-17T07:32:43.272883,1789630363272883500,91.71488354492188,0.00396728515625,-0.050140380859375,-1.0343780517578125
2026-09-17T07:32:43.282842,1789630363282842600,91.72484252929688,-0.0564422607421875,-0.0384979248046875,-1.1324462890625
2026-09-17T07:32:43.292802,1789630363292802600,91.73480249023436,-0.048797607421875,-0.05731201171875,-1.2288970947265625
2026-09-17T07:32:43.302762,1789630363302762500,91.74476245117188,0.0039825439453125,-0.001251220703125,-0.7378387451171875
2026-09-17T07:32:43.312721,1789630363312721400,91.75472143554688,0.10302734375,-0.008575439453125,-0.58721923828125
2026-09-17T07:32:43.322681,1789630363322681300,91.76468139648438,0.0118560791015625,-0.0864105224609375,-1.30145263671875
2026-09-17T07:32:43.332641,1789630363332641500,91.7746416015625,-0.03521728515625,-0.140045166015625,-1.2834320068359375
2026-09-17T07:32:43.342600,1789630363342600700,91.7846005859375,-0.0394744873046875,-0.053863525390625,-1.0438385009765625
2026-09-17T07:32:43.352560,1789630363352560600,91.794560546875,0.07318115234375,0.027679443359375,-0.54876708984375
2026-09-17T07:32:43.362520,1789630363362520600,91.8045205078125,0.1195526123046875,-0.067352294921875,-0.998931884765625
2026-09-17T07:32:43.372480,1789630363372480500,91.81448046875,-0.042205810546875,-0.08099365234375,-1.2262420654296875
2026-09-17T07:32:43.382439,1789630363382439700,91.82443969726565,-0.14599609375,0.003082275390625,-0.9858245849609376
2026-09-17T07:32:43.392399,1789630363392399600,91.83439965820313,-0.0623779296875,0.0343475341796875,-0.7833404541015625
2026-09-17T07:32:43.402359,1789630363402359600,91.84435961914062,-0.063934326171875,-0.020477294921875,-1.26275634765625
2026-09-17T07:32:43.412318,1789630363412318500,91.854318359375,0.072052001953125,-0.0222320556640625,-1.06585693359375
2026-09-17T07:32:43.422278,1789630363422278700,91.86427856445312,0.0927886962890625,0.02587890625,-0.95391845703125
2026-09-17T07:32:43.432238,1789630363432238600,91.87423852539062,0.0898284912109375,0.0394134521484375,-0.64727783203125
2026-09-17T07:32:43.442197,1789630363442197500,91.88419750976564,0.065185546875,-0.0495758056640625,-1.2967987060546875
2026-09-17T07:32:43.452157,1789630363452157400,91.89415747070312,-0.0700836181640625,0.0384979248046875,-1.2510833740234375
2026-09-17T07:32:43.462117,1789630363462117400,91.90411743164064,-0.1714630126953125,0.0216827392578125,-0.6824798583984375
2026-09-17T07:32:43.472076,1789630363472076500,91.91407666015624,-0.104888916015625,-0.0616455078125,-0.880828857421875
2026-09-17T07:32:43.482036,1789630363482036500,91.92403637695313,0.03582763671875,-0.041015625,-1.305419921875
2026-09-17T07:32:43.491996,1789630363491996400,91.93399633789062,0.02850341796875,0.004913330078125,-1.239501953125
2026-09-17T07:32:43.501955,1789630363501955600,91.94395556640625,0.0839691162109375,0.0478057861328125,-0.4297637939453125
2026-09-17T07:32:43.511915,1789630363511915500,91.95391552734375,0.1373748779296875,0.0416717529296875,-1.1260986328125
2026-09-17T07:32:43.521875,1789630363521875700,91.96387573242188,-0.027587890625,0.0512542724609375,-1.1140289306640625
2026-09-17T07:32:43.531834,1789630363531834600,91.97383471679689,-0.1571044921875,0.0062255859375,-1.002044677734375
2026-09-17T07:32:43.541794,1789630363541794600,91.98379467773438,-0.1295928955078125,-0.0101165771484375,-0.9061431884765624
2026-09-17T07:32:43.551754,1789630363551754500,91.99375439453124,0.047088623046875,-0.0037078857421875,-1.168426513671875
2026-09-17T07:32:43.561714,1789630363561714700,92.00371459960938,0.052490234375,-0.011993408203125,-0.8166656494140625
2026-09-17T07:32:43.571673,1789630363571673600,92.01367358398436,0.143157958984375,0.0150146484375,-1.1135101318359375
2026-09-17T07:32:43.581633,1789630363581633500,92.02363354492188,0.0692138671875,0.087158203125,-1.1884765625
2026-09-17T07:32:43.591593,1789630363591593500,92.03359350585936,-0.0367279052734375,0.0222320556640625,-0.460418701171875
2026-09-17T07:32:43.601552,1789630363601552400,92.04355249023438,-0.2466888427734375,-0.0270538330078125,-1.2737274169921875
2026-09-17T07:32:43.611512,1789630363611512300,92.05351220703125,-0.0094757080078125,0.0032501220703125,-1.401031494140625
2026-09-17T07:32:43.621472,1789630363621472500,92.06347241210938,0.04608154296875,0.0257568359375,-0.761627197265625
2026-09-17T07:32:43.631431,1789630363631431700,92.073431640625,0.1248321533203125,0.081878662109375,-0.6142730712890625
2026-09-17T07:32:43.641391,1789630363641391600,92.0833916015625,0.09521484375,0.019317626953125,-1.46295166015625
2026-09-17T07:32:43.651351,1789630363651351600,92.0933515625,-0.0755462646484375,-0.0432891845703125,-0.8316192626953125
2026-09-17T07:32:43.661310,1789630363661310500,92.103310546875,-0.32086181640625,0.000213623046875,-0.971466064453125
2026-09-17T07:32:43.671270,1789630363671270700,92.11327075195312,-0.082794189453125,-0.0086822509765625,-1.14300537109375
2026-09-17T07:32:43.681230,1789630363681230600,92.12323071289065,0.1838836669921875,-0.0403594970703125,-1.1239166259765625
2026-09-17T07:32:43.691189,1789630363691189500,92.133189453125,0.042724609375,-0.0188446044921875,-0.692962646484375
2026-09-17T07:32:43.701149,1789630363701149400,92.1431494140625,0.039703369140625,-0.0170135498046875,-1.140716552734375
2026-09-17T07:32:43.711109,1789630363711109600,92.15310961914062,0.0874481201171875,0.024444580078125,-1.0139617919921875
2026-09-17T07:32:43.721068,1789630363721068500,92.16306860351564,-0.049652099609375,-0.01312255859375,-1.06988525390625
2026-09-17T07:32:43.731028,1789630363731028500,92.17302856445312,-0.1096038818359375,-0.0197906494140625,-0.8205718994140625
2026-09-17T07:32:43.740988,1789630363740988400,92.18298852539064,-0.1609039306640625,-0.0935516357421875,-1.30242919921875
2026-09-17T07:32:43.750948,1789630363750948400,92.1929482421875,0.0479736328125,0.012725830078125,-0.7132568359375
2026-09-17T07:32:43.760907,1789630363760907500,92.20290747070312,0.139007568359375,-0.03216552734375,-1.29730224609375
2026-09-17T07:32:43.770867,1789630363770867700,92.21286767578124,-0.009307861328125,0.0024566650390625,-0.9439697265625
2026-09-17T07:32:43.780827,1789630363780827600,92.22282763671876,-0.022003173828125,-0.0691375732421875,-1.0391387939453125
2026-09-17T07:32:43.790786,1789630363790786600,92.23278662109377,-0.0333251953125,0.0166778564453125,-0.9373779296875
2026-09-17T07:32:43.800746,1789630363800746500,92.24274658203124,-0.0198211669921875,-0.0306396484375,-1.0700836181640625
2026-09-17T07:32:43.810706,1789630363810706700,92.25270678710936,-0.0591278076171875,-0.0683441162109375,-1.0650482177734375
2026-09-17T07:32:43.820665,1789630363820665600,92.26266552734376,0.0626068115234375,-0.0177459716796875,-0.8306732177734375
2026-09-17T07:32:43.830625,1789630363830625500,92.27262548828124,0.0566864013671875,-0.0364227294921875,-1.0608978271484375
2026-09-17T07:32:43.840585,1789630363840585500,92.28258544921874,0.01556396484375,-0.08941650390625,-1.0192108154296875
2026-09-17T07:32:43.850544,1789630363850544400,92.29254443359376,-0.0341644287109375,-0.0382232666015625,-1.1213531494140625
2026-09-17T07:32:43.860504,1789630363860504600,92.30250463867188,-0.0568389892578125,-0.0730438232421875,-0.8847808837890625
2026-09-17T07:32:43.870464,1789630363870464500,92.31246459960936,-0.0342559814453125,-0.083282470703125,-0.8677978515625
2026-09-17T07:32:43.880423,1789630363880423400,92.32242333984377,-0.0379486083984375,-0.0819244384765625,-1.090606689453125
2026-09-17T07:32:43.890383,1789630363890383400,92.33238330078125,0.0292510986328125,-0.0649566650390625,-1.2623443603515625
2026-09-17T07:32:43.900343,1789630363900343300,92.34234326171875,0.0875701904296875,0.0050201416015625,-0.7490997314453125
2026-09-17T07:32:43.910302,1789630363910302700,92.352302734375,0.0772552490234375,-0.0074310302734375,-0.9378662109375
2026-09-17T07:32:43.920262,1789630363920262700,92.3622626953125,0.012786865234375,-0.0297393798828125,-1.143341064453125
2026-09-17T07:32:43.930222,1789630363930222600,92.37222265625,-0.1430511474609375,-0.06024169921875,-0.8915557861328125
2026-09-17T07:32:43.940182,1789630363940182500,92.3821826171875,-0.2090301513671875,-0.05352783203125,-0.907562255859375
2026-09-17T07:32:43.950141,1789630363950141400,92.39214135742188,0.01995849609375,-0.0383758544921875,-1.1394195556640625
2026-09-17T07:32:43.960101,1789630363960101600,92.4021015625,0.146087646484375,-0.05499267578125,-1.034637451171875
2026-09-17T07:32:43.970061,1789630363970061600,92.4120615234375,0.046173095703125,-0.0345611572265625,-0.872711181640625
2026-09-17T07:32:43.980020,1789630363980020500,92.4220205078125,0.05352783203125,-0.0578460693359375,-0.8614654541015625
2026-09-17T07:32:43.989981,1789630363989981200,92.43198120117188,0.012664794921875,-0.0546875,-1.2728118896484375
2026-09-17T07:32:43.999941,1789630363999941000,92.44194116210936,-0.062469482421875,-0.0159912109375,-0.8336639404296875
2026-09-17T07:32:44.009900,1789630364009900000,92.45190014648438,-0.0901947021484375,-0.0511627197265625,-1.100860595703125
2026-09-17T07:32:44.019860,1789630364019860000,92.46185986328123,-0.0925445556640625,-0.025390625,-0.9352874755859376
2026-09-17T07:32:44.029820,1789630364029820200,92.47182006835938,0.09637451171875,0.043792724609375,-0.9074249267578124
2026-09-17T07:32:44.039779,1789630364039779000,92.48177905273438,0.013763427734375,0.0566558837890625,-1.3482208251953125
2026-09-17T07:32:44.049739,1789630364049739000,92.49173901367188,-0.0790557861328125,0.0168609619140625,-0.7093963623046875
2026-09-17T07:32:44.059699,1789630364059699000,92.50169897460935,-0.07183837890625,0.002349853515625,-1.249237060546875
2026-09-17T07:32:44.069658,1789630364069658000,92.511658203125,0.00567626953125,0.063385009765625,-0.7962188720703125
2026-09-17T07:32:44.079618,1789630364079618300,92.52161840820312,0.0575408935546875,-0.0259552001953125,-0.9827880859375
2026-09-17T07:32:44.089578,1789630364089578200,92.531578125,-0.0374755859375,-0.0312347412109375,-1.167572021484375
2026-09-17T07:32:44.099537,1789630364099537200,92.541537109375,0.00689697265625,-0.022613525390625,-0.8529205322265625
2026-09-17T07:32:44.109497,1789630364109497000,92.5514970703125,-0.0108184814453125,-0.0391693115234375,-1.0997161865234375
2026-09-17T07:32:44.119457,1789630364119457000,92.56145703125,-0.0793609619140625,-0.0335235595703125,-0.973388671875
2026-09-17T07:32:44.129416,1789630364129416200,92.57141625976564,-0.0599365234375,-0.033355712890625,-1.0170135498046875
2026-09-17T07:32:44.139376,1789630364139376000,92.58137622070312,0.0784149169921875,0.0223388671875,-0.99920654296875
2026-09-17T07:32:44.149336,1789630364149336000,92.59133618164064,-0.006195068359375,0.0241546630859375,-0.7612457275390625
2026-09-17T07:32:44.159296,1789630364159296000,92.6012958984375,-0.0370941162109375,-0.01568603515625,-0.9609222412109376
2026-09-17T07:32:44.169255,1789630364169255000,92.6112548828125,0.051300048828125,-0.0097198486328125,-1.3798065185546875
2026-09-17T07:32:44.179215,1789630364179215000,92.62121508789062,-0.0029754638671875,0.0370330810546875,-0.76239013671875
2026-09-17T07:32:44.189175,1789630364189175000,92.63117504882813,0.08001708984375,0.0185546875,-1.07403564453125
2026-09-17T07:32:44.199134,1789630364199134200,92.64113427734377,-0.0198516845703125,0.0146331787109375,-0.9113311767578124
2026-09-17T07:32:44.209094,1789630364209094100,92.65109423828125,-0.194244384765625,-0.0688323974609375,-0.8614349365234375
2026-09-17T07:32:44.219054,1789630364219054300,92.66105444335938,-0.1563568115234375,-0.080322265625,-1.211517333984375
2026-09-17T07:32:44.229013,1789630364229013200,92.67101318359374,0.031005859375,-0.0261383056640625,-1.2089691162109375
2026-09-17T07:32:44.238973,1789630364238973200,92.68097314453124,0.1163177490234375,-0.0247344970703125,-0.9315032958984376
2026-09-17T07:32:44.248933,1789630364248933000,92.69093310546874,0.0897674560546875,-0.0616455078125,-0.880859375
2026-09-17T07:32:44.258892,1789630364258892000,92.70089208984376,0.04656982421875,-0.0403289794921875,-0.7770233154296875
2026-09-17T07:32:44.268852,1789630364268852000,92.71085205078126,0.0608367919921875,-0.0678253173828125,-1.18731689453125
2026-09-17T07:32:44.278812,1789630364278812200,92.72081225585936,-0.0467376708984375,-0.025787353515625,-1.2061004638671875
2026-09-17T07:32:44.288771,1789630364288771000,92.73077099609375,-0.14227294921875,-0.0693359375,-0.7075347900390625
2026-09-17T07:32:44.298731,1789630364298731000,92.74073095703125,-0.0592803955078125,-0.0595245361328125,-1.2355194091796875
2026-09-17T07:32:44.308691,1789630364308691000,92.75069091796875,0.0710296630859375,0.0245361328125,-0.8564453125
2026-09-17T07:32:44.318650,1789630364318650000,92.76065014648438,0.0308380126953125,-0.037750244140625,-0.9947509765625
2026-09-17T07:32:44.328610,1789630364328610300,92.7706103515625,-0.04443359375,-0.0258026123046875,-1.199981689453125
2026-09-17T07:32:44.338570,1789630364338570200,92.7805703125,-0.05584716796875,-0.03265380859375,-0.9598541259765624
2026-09-17T07:32:44.348529,1789630364348529200,92.79052905273436,-0.0085601806640625,-0.002410888671875,-1.0682220458984375
2026-09-17T07:32:44.358489,1789630364358489000,92.80048901367188,-0.008514404296875,-0.018341064453125,-0.6424560546875
2026-09-17T07:32:44.368449,1789630364368449300,92.81044921875,0.0317230224609375,-0.0828857421875,-1.317626953125
2026-09-17T07:32:44.378408,1789630364378408200,92.820408203125,-0.0278472900390625,-0.0570831298828125,-0.94024658203125
2026-09-17T07:32:44.388368,1789630364388368100,92.8303681640625,0.095062255859375,-0.0743560791015625,-0.840179443359375
2026-09-17T07:32:44.398328,1789630364398328000,92.840328125,0.0311431884765625,-0.046051025390625,-1.1992645263671875
2026-09-17T07:32:44.408288,1789630364408288000,92.8502880859375,-0.00836181640625,-0.077880859375,-0.840972900390625
2026-09-17T07:32:44.418247,1789630364418247200,92.8602470703125,-0.061431884765625,-0.0672454833984375,-1.0431365966796875
2026-09-17T07:32:44.428207,1789630364428207000,92.87020703125,0.011077880859375,-0.0136566162109375,-0.7518463134765625
2026-09-17T07:32:44.438167,1789630364438167000,92.8801669921875,0.01556396484375,-0.044891357421875,-1.254913330078125
2026-09-17T07:32:44.448126,1789630364448126000,92.8901259765625,0.0169830322265625,-0.0053863525390625,-1.049591064453125
2026-09-17T07:32:44.458086,1789630364458086000,92.9000859375,0.05462646484375,0.0207061767578125,-0.7676849365234375
2026-09-17T07:32:44.468046,1789630364468046000,92.91004614257812,0.0685577392578125,0.01947021484375,-1.1890411376953125
2026-09-17T07:32:44.478005,1789630364478005200,92.92000512695311,-0.04345703125,0.011566162109375,-0.843475341796875
2026-09-17T07:32:44.487965,1789630364487965200,92.92996508789062,-0.17669677734375,-0.0367279052734375,-1.0266876220703125
2026-09-17T07:32:44.497925,1789630364497925000,92.93992504882812,-0.1060638427734375,0.016693115234375,-1.0371551513671875
2026-09-17T07:32:44.507884,1789630364507884000,92.94988403320312,-0.0169830322265625,0.0306549072265625,-1.129974365234375
2026-09-17T07:32:44.517844,1789630364517844200,92.95984423828124,0.0566864013671875,0.000518798828125,-1.05194091796875
2026-09-17T07:32:44.527804,1789630364527804200,92.96980419921876,-0.0451507568359375,-0.0334930419921875,-1.0118255615234375
2026-09-17T07:32:44.537763,1789630364537763000,92.97976318359376,0.0437164306640625,-0.0240020751953125,-0.8500823974609375
2026-09-17T07:32:44.547723,1789630364547723000,92.98972290039065,0.0987548828125,0.0123443603515625,-0.960784912109375
2026-09-17T07:32:44.557683,1789630364557683200,92.99968310546876,0.0743255615234375,0.0552825927734375,-1.0980224609375
2026-09-17T07:32:44.567642,1789630364567642000,93.00964208984377,-0.058197021484375,-0.0070953369140625,-0.9142913818359376
2026-09-17T07:32:44.577602,1789630364577602000,93.01960205078124,-0.0566253662109375,0.0303192138671875,-0.9785308837890624
2026-09-17T07:32:44.587562,1789630364587562000,93.02956201171877,0.040496826171875,0.0318145751953125,-1.1651458740234375
2026-09-17T07:32:44.597521,1789630364597521200,93.03952124023438,-0.08538818359375,0.0362701416015625,-1.062744140625
2026-09-17T07:32:44.607481,1789630364607481000,93.04948120117189,-0.0761566162109375,0.027069091796875,-0.90234375
2026-09-17T07:32:44.617441,1789630364617441300,93.05944116210938,-0.007232666015625,0.042510986328125,-1.078765869140625
2026-09-17T07:32:44.627400,1789630364627400200,93.06940014648436,0.0582427978515625,0.072601318359375,-0.9348602294921876
2026-09-17T07:32:44.637360,1789630364637360000,93.07936010742188,-0.0252838134765625,0.024566650390625,-0.9144287109375
2026-09-17T07:32:44.647320,1789630364647320000,93.08932006835936,0.0337677001953125,0.0154571533203125,-1.21575927734375
2026-09-17T07:32:44.657279,1789630364657279000,93.09927905273436,0.0060577392578125,0.0533294677734375,-0.9697113037109376
2026-09-17T07:32:44.667239,1789630364667239200,93.1092392578125,0.0227813720703125,0.029815673828125,-0.8940887451171875
2026-09-17T07:32:44.677199,1789630364677199000,93.11919921875,-0.0884246826171875,0.0216827392578125,-1.1014404296875
2026-09-17T07:32:44.687159,1789630364687159000,93.12915893554688,-0.0351715087890625,0.0121307373046875,-0.96539306640625
2026-09-17T07:32:44.697118,1789630364697118000,93.13911791992189,-0.0365753173828125,-0.0070648193359375,-1.1215972900390625
2026-09-17T07:32:44.707078,1789630364707078100,93.149078125,-0.0343017578125,0.025909423828125,-0.5760955810546875
2026-09-17T07:32:44.717038,1789630364717038000,93.1590380859375,0.040130615234375,-0.0437469482421875,-1.3348846435546875
2026-09-17T07:32:44.726997,1789630364726997200,93.16899731445312,-0.004150390625,-0.0019073486328125,-1.0862884521484375
2026-09-17T07:32:44.736957,1789630364736957200,93.17895727539064,0.0015716552734375,-0.0233612060546875,-0.6579437255859375
2026-09-17T07:32:44.746917,1789630364746917000,93.18891723632812,0.08624267578125,-0.0035400390625,-1.2946319580078125
2026-09-17T07:32:44.756876,1789630364756876300,93.19887622070311,0.147003173828125,0.019134521484375,-1.0933990478515625
2026-09-17T07:32:44.766836,1789630364766836200,93.20883618164062,-0.2429351806640625,-0.0267333984375,-1.2444305419921875
2026-09-17T07:32:44.776796,1789630364776796200,93.21879614257811,-0.1454315185546875,0.01904296875,-0.2682037353515625
2026-09-17T07:32:44.786755,1789630364786755000,93.22875512695312,-0.1593017578125,0.0343475341796875,-1.05908203125
2026-09-17T07:32:44.796715,1789630364796715000,93.23871508789064,0.28887939453125,-0.00067138671875,-1.1672821044921875
2026-09-17T07:32:44.806675,1789630364806675200,93.24867529296876,0.1123504638671875,-0.08770751953125,-1.612518310546875
2026-09-17T07:32:44.816634,1789630364816634000,93.25863403320312,-0.188873291015625,-0.028900146484375,-0.6771392822265625
2026-09-17T07:32:44.826594,1789630364826594000,93.26859399414064,-0.0058746337890625,0.02410888671875,-0.5529937744140625
2026-09-17T07:32:44.836554,1789630364836554000,93.27855395507812,0.097259521484375,-0.0212554931640625,-1.2667083740234375
2026-09-17T07:32:44.846513,1789630364846513200,93.28851318359376,-0.0947723388671875,-0.073577880859375,-1.16998291015625
2026-09-17T07:32:44.856473,1789630364856473000,93.29847314453124,-0.15594482421875,-0.058441162109375,-1.202301025390625
2026-09-17T07:32:44.866433,1789630364866433000,93.30843310546877,0.0692596435546875,0.0198211669921875,-0.3490142822265625
2026-09-17T07:32:44.876392,1789630364876392200,93.31839208984375,0.148895263671875,-0.0636444091796875,-1.351715087890625
2026-09-17T07:32:44.886352,1789630364886352100,93.32835205078123,-0.0526580810546875,0.0048980712890625,-1.096282958984375
2026-09-17T07:32:44.896312,1789630364896312000,93.33831201171876,-0.1329498291015625,-0.077728271484375,-1.1427764892578125
2026-09-17T07:32:44.906271,1789630364906271200,93.34827124023435,-0.0961151123046875,-0.0184173583984375,-0.414825439453125
2026-09-17T07:32:44.916231,1789630364916231200,93.35823120117188,-0.0303497314453125,0.040802001953125,-0.738800048828125
2026-09-17T07:32:44.926191,1789630364926191000,93.36819116210935,0.187896728515625,-0.123626708984375,-1.503662109375
2026-09-17T07:32:44.936150,1789630364936150000,93.37814990234376,0.1268310546875,-0.062408447265625,-1.0972747802734375
2026-09-17T07:32:44.946110,1789630364946110000,93.38810986328124,-0.0393218994140625,-0.03936767578125,-1.0804595947265625
2026-09-17T07:32:44.956070,1789630364956070100,93.39807006835936,-0.06719970703125,-0.0586090087890625,-0.673126220703125
2026-09-17T07:32:44.966029,1789630364966029000,93.40802905273438,0.0020904541015625,0.007049560546875,-1.227020263671875
2026-09-17T07:32:44.975989,1789630364975989000,93.41798901367189,0.0236663818359375,0.0247802734375,-1.2763214111328125
2026-09-17T07:32:44.985949,1789630364985949000,93.42794897460938,-0.0865631103515625,0.025634765625,-0.8017578125
2026-09-17T07:32:44.995908,1789630364995908900,93.43790893554689,-0.1329193115234375,0.033203125,-0.7067413330078125
2026-09-17T07:32:45.005867,1789630365005867800,93.44786767578124,0.0521087646484375,0.04925537109375,-1.2437286376953125
2026-09-17T07:32:45.015828,1789630365015828000,93.45782788085936,0.22186279296875,0.01239013671875,-1.1835174560546875
2026-09-17T07:32:45.025788,1789630365025788000,93.46778784179688,0.007843017578125,0.0503387451171875,-0.889892578125
2026-09-17T07:32:45.035746,1789630365035746800,93.47774682617188,0.0277862548828125,0.005096435546875,-0.9049224853515624
2026-09-17T07:32:45.045706,1789630365045706800,93.48770678710936,-0.0436859130859375,-0.07916259765625,-0.80914306640625
2026-09-17T07:32:45.055666,1789630365055666700,93.49766674804688,-0.3052215576171875,-0.10540771484375,-1.1188507080078125
2026-09-17T07:32:45.065625,1789630365065625600,93.50762548828123,-0.12115478515625,-0.040924072265625,-1.217376708984375
2026-09-17T07:32:45.075585,1789630365075585800,93.51758569335938,0.228485107421875,0.0399017333984375,-1.05157470703125
2026-09-17T07:32:45.085545,1789630365085545700,93.52754565429689,0.11175537109375,0.0471343994140625,-0.7718505859375
2026-09-17T07:32:45.095504,1789630365095504600,93.53750463867188,-0.03192138671875,0.00970458984375,-1.03997802734375
2026-09-17T07:32:45.105464,1789630365105464600,93.54746459960936,0.0836181640625,0.0538177490234375,-1.02252197265625
2026-09-17T07:32:45.115424,1789630365115424800,93.5574248046875,0.01873779296875,0.092498779296875,-1.1259307861328125
2026-09-17T07:32:45.125384,1789630365125384000,93.56738403320313,0.0380706787109375,0.0593109130859375,-0.941436767578125
2026-09-17T07:32:45.135343,1789630365135343900,93.57734375,-0.18701171875,-0.02337646484375,-1.0601654052734375
2026-09-17T07:32:45.145303,1789630365145303800,93.5873037109375,-0.09576416015625,-0.0316314697265625,-0.77874755859375
2026-09-17T07:32:45.155262,1789630365155262700,93.5972626953125,0.05499267578125,-0.0220489501953125,-1.308197021484375
2026-09-17T07:32:45.165223,1789630365165223000,93.60722290039062,0.0390625,0.0395965576171875,-0.9425811767578124
2026-09-17T07:32:45.175182,1789630365175182800,93.61718286132812,0.022003173828125,0.0007781982421875,-1.139251708984375
2026-09-17T07:32:45.185141,1789630365185141800,93.62714184570312,-0.0362701416015625,0.0185546875,-0.7758636474609375
2026-09-17T07:32:45.195101,1789630365195101700,93.63710180664064,-0.0160675048828125,0.018646240234375,-1.0034637451171875
2026-09-17T07:32:45.205061,1789630365205061600,93.6470615234375,0.0615692138671875,-0.0016021728515625,-1.0127716064453125
2026-09-17T07:32:45.215020,1789630365215020800,93.65702075195313,0.0847930908203125,0.0184326171875,-1.1406707763671875
2026-09-17T07:32:45.224980,1789630365224980700,93.66698071289062,-0.0047607421875,-0.00201416015625,-0.9345245361328124
2026-09-17T07:32:45.234940,1789630365234940700,93.67694067382811,-0.145721435546875,-0.0260772705078125,-1.10809326171875
2026-09-17T07:32:45.244899,1789630365244899800,93.68689990234375,-0.0334014892578125,-0.0221710205078125,-1.022552490234375
2026-09-17T07:32:45.254859,1789630365254859800,93.69685986328123,0.0323944091796875,0.0061492919921875,-0.94696044921875
2026-09-17T07:32:45.264820,1789630365264820000,93.70682006835938,0.0636444091796875,0.0145416259765625,-0.871429443359375
2026-09-17T07:32:45.274779,1789630365274779000,93.71677880859374,0.0161590576171875,-0.0462493896484375,-1.0125885009765625
2026-09-17T07:32:45.284738,1789630365284738800,93.72673876953124,-0.06573486328125,-0.0638580322265625,-1.1278533935546875
2026-09-17T07:32:45.294698,1789630365294698800,93.73669873046876,0.098114013671875,-0.0139923095703125,-0.8861236572265625
2026-09-17T07:32:45.304657,1789630365304657700,93.74665771484376,0.0106658935546875,-0.021392822265625,-1.078826904296875
2026-09-17T07:32:45.314617,1789630365314617900,93.75661791992188,0.042266845703125,-0.02508544921875,-1.0572967529296875
2026-09-17T07:32:45.324577,1789630365324577800,93.76657788085936,-0.04034423828125,-0.0394134521484375,-1.0211639404296875
2026-09-17T07:32:45.334536,1789630365334536700,93.77653662109375,-0.149993896484375,-0.0750885009765625,-0.6781158447265625
2026-09-17T07:32:45.344496,1789630365344496600,93.78649658203123,-0.0633087158203125,-0.062347412109375,-1.2021484375
2026-09-17T07:32:45.354456,1789630365354456600,93.79645654296876,0.0332794189453125,-0.0219879150390625,-1.2586822509765625
2026-09-17T07:32:45.364416,1789630365364416800,93.80641674804689,0.0397796630859375,-0.0033111572265625,-0.910308837890625
2026-09-17T07:32:45.374376,1789630365374376000,93.8163759765625,-0.006195068359375,-0.0599365234375,-0.9038848876953124
2026-09-17T07:32:45.384336,1789630365384336000,93.8263359375,-0.0028076171875,-0.0328521728515625,-1.0814056396484375
2026-09-17T07:32:45.394295,1789630365394295800,93.8362958984375,0.10107421875,0.0437774658203125,-0.9677734375
2026-09-17T07:32:45.404254,1789630365404254700,93.84625463867188,0.080596923828125,-0.09246826171875,-0.815582275390625
2026-09-17T07:32:45.414215,1789630365414215000,93.85621484375,-0.0622100830078125,-0.1785125732421875,-1.5587310791015625
2026-09-17T07:32:45.424174,1789630365424174800,93.8661748046875,-0.05841064453125,0.005340576171875,-1.1113739013671875
2026-09-17T07:32:45.434133,1789630365434133800,93.8761337890625,-0.04132080078125,0.00506591796875,-0.0189666748046875
2026-09-17T07:32:45.444093,1789630365444093700,93.88609375,-0.2214202880859375,-0.07012939453125,-1.384674072265625
2026-09-17T07:32:45.454054,1789630365454054000,93.89605395507812,0.123992919921875,-0.1199188232421875,-1.354339599609375
2026-09-17T07:32:45.464012,1789630365464012800,93.9060126953125,0.2868804931640625,-0.0484466552734375,-1.6096649169921875
2026-09-17T07:32:45.473972,1789630365473972700,93.91597265625,-0.0246734619140625,0.04925537109375,-0.0184326171875
2026-09-17T07:32:45.483932,1789630365483932700,93.9259326171875,0.0149688720703125,0.030548095703125,-0.6006317138671875
2026-09-17T07:32:45.493891,1789630365493891800,93.93589184570313,-0.3510894775390625,-0.0898284912109375,-1.713043212890625
2026-09-17T07:32:45.503851,1789630365503851800,93.94585180664062,0.0161590576171875,-0.069061279296875,-1.2172088623046875
2026-09-17T07:32:45.513811,1789630365513811700,93.95581176757813,0.133026123046875,0.0587310791015625,-0.823974609375
2026-09-17T07:32:45.523771,1789630365523771000,93.96577099609377,0.0308990478515625,-0.02691650390625,-0.614471435546875
2026-09-17T07:32:45.533730,1789630365533730800,93.97573071289062,0.00689697265625,-0.1499176025390625,-1.194122314453125
2026-09-17T07:32:45.543690,1789630365543690800,93.98569067382812,-0.0086669921875,0.0125885009765625,-1.2268218994140625
2026-09-17T07:32:45.553649,1789630365553649700,93.99564965820312,-0.00616455078125,0.0243072509765625,-0.80645751953125
2026-09-17T07:32:45.563609,1789630365563609900,94.00560986328124,-0.10400390625,-0.03564453125,-0.58807373046875
2026-09-17T07:32:45.573569,1789630365573569800,94.01556982421874,-0.1251220703125,-0.0963287353515625,-1.1543731689453125
2026-09-17T07:32:45.583528,1789630365583528700,94.02552880859376,0.0879058837890625,-0.095733642578125,-1.3280181884765625
2026-09-17T07:32:45.593488,1789630365593488600,94.03548852539062,0.1975250244140625,0.0150909423828125,-1.1772003173828125
2026-09-17T07:32:45.603448,1789630365603448800,94.04544873046876,0.028472900390625,0.0134124755859375,-0.405517578125
2026-09-17T07:32:45.613407,1789630365613407700,94.05540771484377,-0.1884307861328125,-0.097442626953125,-0.6575775146484375
2026-09-17T07:32:45.623367,1789630365623367700,94.06536767578125,-0.2189788818359375,-0.134674072265625,-1.740509033203125
2026-09-17T07:32:45.633327,1789630365633327600,94.07532763671875,0.0525360107421875,-0.026641845703125,-1.574249267578125
2026-09-17T07:32:45.643286,1789630365643286800,94.08528686523438,0.0349884033203125,0.0906829833984375,-0.4501953125
2026-09-17T07:32:45.653247,1789630365653247000,94.0952470703125,-0.011962890625,-0.0240631103515625,-0.0405731201171875
2026-09-17T07:32:45.663207,1789630365663207000,94.10520703125,-0.06146240234375,-0.0866851806640625,-1.99517822265625
2026-09-17T07:32:45.673165,1789630365673165800,94.11516577148436,0.232086181640625,-0.0628509521484375,-1.1074066162109375
2026-09-17T07:32:45.683125,1789630365683125800,94.12512573242188,0.043975830078125,0.013427734375,-0.599090576171875
2026-09-17T07:32:45.693085,1789630365693085700,94.13508569335936,-0.1846771240234375,-0.0262451171875,-0.6949462890625
2026-09-17T07:32:45.703044,1789630365703044900,94.145044921875,-0.1556243896484375,-0.0330657958984375,-1.483245849609375
2026-09-17T07:32:45.713004,1789630365713004800,94.1550048828125,0.1461639404296875,-0.053070068359375,-1.1689300537109375
2026-09-17T07:32:45.722964,1789630365722964700,94.16496484375,-0.08233642578125,0.029022216796875,-0.9296722412109376
2026-09-17T07:32:45.732924,1789630365732924700,94.17492456054688,-0.044525146484375,0.0144500732421875,-0.7721710205078125
2026-09-17T07:32:45.742883,1789630365742883600,94.18488354492187,0.0533294677734375,0.01983642578125,-1.02349853515625
2026-09-17T07:32:45.752843,1789630365752843800,94.19484375,0.1132659912109375,-0.0095672607421875,-1.0297393798828125
2026-09-17T07:32:45.762803,1789630365762803700,94.2048037109375,-0.0918731689453125,0.0204620361328125,-1.423675537109375
2026-09-17T07:32:45.772763,1789630365772763000,94.21476293945312,-0.01092529296875,0.0084381103515625,-0.500396728515625
2026-09-17T07:32:45.782722,1789630365782722800,94.22472290039065,-0.011871337890625,-0.0324249267578125,-0.8453521728515625
2026-09-17T07:32:45.792683,1789630365792683000,94.23468310546876,-0.0764923095703125,-0.0650177001953125,-1.5067596435546875
2026-09-17T07:32:45.802642,1789630365802642000,94.24464184570311,-0.0147705078125,-0.0286712646484375,-1.0060272216796875
2026-09-17T07:32:45.812601,1789630365812601900,94.25460180664062,0.05657958984375,-0.0380859375,-0.752410888671875
2026-09-17T07:32:45.822561,1789630365822561800,94.26456176757812,0.0110015869140625,-0.0566253662109375,-0.74591064453125
2026-09-17T07:32:45.832520,1789630365832520700,94.27452075195312,-0.0109100341796875,-0.1236419677734375,-1.220611572265625
2026-09-17T07:32:45.842481,1789630365842481000,94.28448095703123,-0.0162200927734375,-0.074737548828125,-1.3493194580078125
2026-09-17T07:32:45.852440,1789630365852440800,94.29444091796876,0.0018768310546875,-0.0152587890625,-0.6493682861328125
2026-09-17T07:32:45.862399,1789630365862399700,94.30439965820312,0.107879638671875,-0.0477294921875,-1.016876220703125
2026-09-17T07:32:45.872359,1789630365872359700,94.31435961914065,0.0438385009765625,-0.0251007080078125,-0.996673583984375
2026-09-17T07:32:45.882319,1789630365882319600,94.32431958007813,-0.1523284912109375,-0.09075927734375,-1.1350250244140625
2026-09-17T07:32:45.892278,1789630365892278800,94.33427880859377,-0.181640625,-0.05450439453125,-0.833251953125
2026-09-17T07:32:45.902238,1789630365902238700,94.34423876953124,-0.0497283935546875,-0.0531768798828125,-1.0583648681640625
2026-09-17T07:32:45.912198,1789630365912198700,94.35419873046877,0.0592803955078125,-0.0451812744140625,-1.3214111328125
2026-09-17T07:32:45.922157,1789630365922157800,94.36415771484376,0.0573577880859375,-0.0529632568359375,-0.7265625
2026-09-17T07:32:45.932117,1789630365932117800,94.37411767578124,0.047760009765625,-0.0777740478515625,-0.922119140625
2026-09-17T07:32:45.942078,1789630365942078000,94.38407788085938,0.061981201171875,-0.0370941162109375,-1.0509796142578125
2026-09-17T07:32:45.952036,1789630365952036900,94.39403686523436,-0.0184478759765625,-0.079254150390625,-1.3416900634765625
2026-09-17T07:32:45.961996,1789630365961996800,94.40399682617188,-0.131683349609375,-0.0735931396484375,-0.7738189697265625
2026-09-17T07:32:45.971956,1789630365971956700,94.41395678710936,-0.0732879638671875,-0.08563232421875,-0.786712646484375
2026-09-17T07:32:45.981915,1789630365981915600,94.42391552734377,0.0421142578125,-0.0758209228515625,-1.254638671875
2026-09-17T07:32:45.991876,1789630365991876000,94.4338759765625,0.096771240234375,-0.07470703125,-0.9971923828125
2026-09-17T07:32:46.001836,1789630366001836000,94.4438359375,-0.0504302978515625,-0.04833984375,-1.1564178466796875
2026-09-17T07:32:46.011795,1789630366011795000,94.453794921875,0.0119476318359375,-0.0317840576171875,-0.8449249267578125
2026-09-17T07:32:46.021755,1789630366021755000,94.4637548828125,-0.03143310546875,-0.003204345703125,-0.7906341552734375
2026-09-17T07:32:46.031714,1789630366031714800,94.47371484375,-0.0146636962890625,-0.051361083984375,-1.225799560546875
2026-09-17T07:32:46.041674,1789630366041674200,94.48367431640624,0.0304718017578125,0.0267791748046875,-1.070465087890625
2026-09-17T07:32:46.051634,1789630366051634200,94.49363427734374,0.043609619140625,0.003631591796875,-0.899261474609375
2026-09-17T07:32:46.061594,1789630366061594000,94.50359399414064,-0.0408935546875,-0.0116119384765625,-0.95086669921875
2026-09-17T07:32:46.071553,1789630366071553000,94.51355297851562,0.0518951416015625,0.0026702880859375,-1.120391845703125
2026-09-17T07:32:46.081513,1789630366081513000,94.52351293945313,-0.0017547607421875,-0.010284423828125,-0.908660888671875
2026-09-17T07:32:46.091473,1789630366091473200,94.53347314453126,-0.0063018798828125,-0.0201568603515625,-0.8560333251953125
2026-09-17T07:32:46.101432,1789630366101432000,94.54343212890625,-0.0715789794921875,-0.0750732421875,-1.0517730712890625
2026-09-17T07:32:46.111392,1789630366111392000,94.55339208984375,-0.0455474853515625,-0.0557403564453125,-1.221038818359375
2026-09-17T07:32:46.121352,1789630366121352000,94.56335205078123,0.125244140625,0.0279998779296875,-0.8927154541015625
2026-09-17T07:32:46.131310,1789630366131310800,94.57331079101564,0.15216064453125,0.070098876953125,-1.0512847900390625
2026-09-17T07:32:46.141271,1789630366141271000,94.58327099609374,0.0369720458984375,0.0742950439453125,-0.9744110107421876
2026-09-17T07:32:46.151231,1789630366151231000,94.59323095703124,-0.240753173828125,-0.01788330078125,-0.7176666259765625
2026-09-17T07:32:46.161191,1789630366161191000,94.60319091796876,-0.2830352783203125,0.0077667236328125,-1.4848785400390625
2026-09-17T07:32:46.171150,1789630366171150000,94.61315014648436,0.166961669921875,0.1155548095703125,-1.0592193603515625
2026-09-17T07:32:46.181110,1789630366181110000,94.62311010742188,0.1517181396484375,0.057281494140625,-0.83795166015625
2026-09-17T07:32:46.191070,1789630366191070000,94.63307006835936,-0.1093597412109375,0.01776123046875,-0.7664642333984375
2026-09-17T07:32:46.201029,1789630366201029000,94.64302905273438,0.0240325927734375,-0.02459716796875,-1.15093994140625
2026-09-17T07:32:46.210989,1789630366210989000,94.65298901367188,0.09344482421875,0.0359649658203125,-1.05438232421875
2026-09-17T07:32:46.220949,1789630366220949000,94.66294897460938,0.0290374755859375,0.053375244140625,-1.149261474609375
2026-09-17T07:32:46.230908,1789630366230908000,94.67290795898438,-0.0850982666015625,0.000152587890625,-0.7342987060546875
2026-09-17T07:32:46.240868,1789630366240868000,94.6828681640625,-0.060638427734375,-0.0209197998046875,-0.879974365234375
2026-09-17T07:32:46.250828,1789630366250828000,94.692828125,-0.0424957275390625,-0.004852294921875,-1.2093658447265625
2026-09-17T07:32:46.260787,1789630366260787000,94.70278686523436,-0.0424041748046875,0.0127410888671875,-1.2356719970703125
2026-09-17T07:32:46.270747,1789630366270747000,94.71274682617188,0.1067962646484375,0.065032958984375,-0.9391326904296876
2026-09-17T07:32:46.280707,1789630366280707000,94.72270703125,-0.0032501220703125,0.0322723388671875,-0.7779083251953125
2026-09-17T07:32:46.290666,1789630366290666000,94.732666015625,-0.0552520751953125,0.02142333984375,-1.1145172119140625
2026-09-17T07:32:46.300626,1789630366300626000,94.7426259765625,0.04364013671875,0.0185546875,-1.1066131591796875
2026-09-17T07:32:46.310585,1789630366310585900,94.7525859375,0.0918426513671875,0.0851287841796875,-0.846343994140625
2026-09-17T07:32:46.320545,1789630366320545000,94.762544921875,0.0136260986328125,-0.0185546875,-0.912628173828125
2026-09-17T07:32:46.330505,1789630366330505200,94.77250512695312,-0.132659912109375,-0.0949859619140625,-1.323516845703125
2026-09-17T07:32:46.340465,1789630366340465200,94.78246508789064,0.02691650390625,-0.0217742919921875,-0.9449920654296876
2026-09-17T07:32:46.350424,1789630366350424000,94.79242407226562,0.0905914306640625,-0.0306549072265625,-0.7250518798828125
2026-09-17T07:32:46.360384,1789630366360384000,94.80238403320313,-0.0177459716796875,-0.03717041015625,-1.0602569580078125
2026-09-17T07:32:46.370344,1789630366370344000,94.81234399414062,-0.002410888671875,-0.1364288330078125,-1.0121002197265625
2026-09-17T07:32:46.380303,1789630366380303000,94.82230322265625,-0.005279541015625,-0.0572967529296875,-1.1917877197265625
2026-09-17T07:32:46.390263,1789630366390263000,94.83226293945312,0.1043243408203125,0.0220489501953125,-0.8093109130859375
2026-09-17T07:32:46.400223,1789630366400223000,94.84222290039062,0.064727783203125,-0.0191497802734375,-0.7815399169921875
2026-09-17T07:32:46.410182,1789630366410182000,94.85218188476564,-0.019805908203125,-0.04156494140625,-1.4329986572265625
2026-09-17T07:32:46.420141,1789630366420141800,94.86214184570312,-0.10870361328125,-0.0146636962890625,-0.9208984375
2026-09-17T07:32:46.430102,1789630366430102000,94.87210205078124,-0.2070770263671875,-0.0555572509765625,-0.661407470703125
2026-09-17T07:32:46.440061,1789630366440061200,94.88206127929688,-0.08294677734375,-0.0267791748046875,-1.089202880859375
2026-09-17T07:32:46.450021,1789630366450021000,94.89202124023436,0.141204833984375,-0.046051025390625,-1.6515960693359375
2026-09-17T07:32:46.459981,1789630366459981000,94.90198095703126,0.04083251953125,0.028167724609375,-0.76708984375
2026-09-17T07:32:46.469940,1789630366469940000,94.91193994140625,-0.0463104248046875,-0.0615997314453125,-0.6575469970703125
2026-09-17T07:32:46.479900,1789630366479900200,94.92190014648438,0.0577850341796875,-0.0683441162109375,-0.9191741943359376
2026-09-17T07:32:46.489860,1789630366489860000,94.93186010742188,0.01837158203125,-0.04296875,-1.5932464599609375
2026-09-17T07:32:46.499819,1789630366499819000,94.94181909179687,-0.0377197265625,-0.027374267578125,-0.9259796142578124
2026-09-17T07:32:46.509779,1789630366509779000,94.95177905273438,-0.0857086181640625,-0.022308349609375,-0.6396636962890625
2026-09-17T07:32:46.519739,1789630366519739000,94.96173876953124,0.0644073486328125,-0.0402679443359375,-0.8650665283203125
2026-09-17T07:32:46.529698,1789630366529698000,94.97169799804688,0.065338134765625,-0.056060791015625,-1.463775634765625
2026-09-17T07:32:46.539658,1789630366539658000,94.98165795898436,-0.021697998046875,0.0097198486328125,-1.0513153076171875
2026-09-17T07:32:46.549618,1789630366549618000,94.99161791992188,-0.012847900390625,-0.0204925537109375,-0.720703125
2026-09-17T07:32:46.559577,1789630366559577000,95.0015771484375,-0.0381622314453125,-0.009521484375,-0.790618896484375
2026-09-17T07:32:46.569537,1789630366569537000,95.011537109375,-0.0485382080078125,-0.0448150634765625,-1.2823333740234375
2026-09-17T07:32:46.579497,1789630366579497200,95.02149731445311,-0.0458831787109375,-0.0322418212890625,-1.3176727294921875
2026-09-17T07:32:46.589456,1789630366589456100,95.0314560546875,0.0611724853515625,0.04290771484375,-0.6317901611328125
2026-09-17T07:32:46.599416,1789630366599416000,95.041416015625,0.096923828125,-0.012908935546875,-0.7444915771484375
2026-09-17T07:32:46.609376,1789630366609376000,95.0513759765625,-0.0167083740234375,-0.0673370361328125,-1.2610931396484375
2026-09-17T07:32:46.619335,1789630366619335000,95.0613349609375,-0.0438079833984375,-0.0537567138671875,-1.2490997314453125
2026-09-17T07:32:46.629295,1789630366629295000,95.07129516601564,-0.0306396484375,0.0099029541015625,-0.9466094970703124
2026-09-17T07:32:46.639255,1789630366639255000,95.08125512695312,-0.0104827880859375,0.032928466796875,-0.630828857421875
2026-09-17T07:32:46.649214,1789630366649214000,95.0912138671875,-0.0063629150390625,0.004974365234375,-1.0032958984375
2026-09-17T07:32:46.659174,1789630366659174000,95.101173828125,-0.0047760009765625,-0.017242431640625,-1.41387939453125
2026-09-17T07:32:46.669134,1789630366669134000,95.11113403320311,-0.0433349609375,0.0337066650390625,-1.0445556640625
2026-09-17T07:32:46.679093,1789630366679093200,95.12109326171876,0.0160675048828125,0.02978515625,-0.817962646484375
2026-09-17T07:32:46.689053,1789630366689053200,95.13105322265623,0.0399932861328125,0.038818359375,-1.0720367431640625
2026-09-17T07:32:46.699013,1789630366699013000,95.14101318359376,-0.070281982421875,0.0009765625,-0.8896331787109375
2026-09-17T07:32:46.708972,1789630366708972000,95.15097192382812,-0.05816650390625,0.002716064453125,-0.6423187255859375
2026-09-17T07:32:46.718932,1789630366718932000,95.16093188476565,0.077972412109375,-0.010009765625,-1.133880615234375
2026-09-17T07:32:46.728892,1789630366728892200,95.17089208984376,0.0430145263671875,-0.0136566162109375,-1.3968353271484375
2026-09-17T07:32:46.738852,1789630366738852000,95.18085205078124,-0.172332763671875,-0.0448455810546875,-1.1569976806640625
2026-09-17T07:32:46.748811,1789630366748811000,95.19081103515624,-0.084259033203125,0.0008392333984375,-0.566131591796875
2026-09-17T07:32:46.758771,1789630366758771000,95.20077099609377,0.02838134765625,0.0386810302734375,-1.0176239013671875
2026-09-17T07:32:46.768731,1789630366768731100,95.21073120117188,0.1024322509765625,0.0169525146484375,-1.1024017333984375
2026-09-17T07:32:46.778690,1789630366778690000,95.22068994140623,0.0008544921875,-0.0089569091796875,-0.994537353515625
2026-09-17T07:32:46.788650,1789630366788650000,95.23064990234376,-0.09613037109375,-0.0332794189453125,-1.0436553955078125
2026-09-17T07:32:46.798610,1789630366798610000,95.24060986328124,-0.0795135498046875,0.0180206298828125,-1.1230010986328125
2026-09-17T07:32:46.808568,1789630366808568800,95.25056884765624,0.0607452392578125,0.02520751953125,-0.9390411376953124
2026-09-17T07:32:46.818529,1789630366818529000,95.26052905273436,0.0320892333984375,0.0222320556640625,-0.9474639892578124
2026-09-17T07:32:46.828489,1789630366828489000,95.27048901367188,-0.0903472900390625,-0.05291748046875,-1.00970458984375
2026-09-17T07:32:46.838448,1789630366838448000,95.2804482421875,0.0200347900390625,-0.0152435302734375,-1.0406494140625
2026-09-17T07:32:46.848408,1789630366848408000,95.29040795898436,0.0366973876953125,0.008392333984375,-0.99041748046875
2026-09-17T07:32:46.858368,1789630366858368000,95.30036791992188,-0.0005035400390625,-0.03436279296875,-0.9996490478515624
2026-09-17T07:32:46.868327,1789630366868327200,95.3103271484375,-0.021026611328125,-0.00146484375,-1.01971435546875
2026-09-17T07:32:46.878287,1789630366878287000,95.320287109375,-0.0057830810546875,-0.0683746337890625,-0.8607330322265625
2026-09-17T07:32:46.888247,1789630366888247000,95.3302470703125,0.02471923828125,-0.0106964111328125,-1.162811279296875
2026-09-17T07:32:46.898206,1789630366898206000,95.3402060546875,-0.0252838134765625,-0.0635833740234375,-1.0751953125
2026-09-17T07:32:46.908166,1789630366908166000,95.35016577148436,-0.0029449462890625,-0.0109405517578125,-0.919677734375
2026-09-17T07:32:46.918126,1789630366918126000,95.3601259765625,-0.0362701416015625,-0.067169189453125,-0.9402313232421876
2026-09-17T07:32:46.928085,1789630366928085000,95.3700849609375,0.00811767578125,-0.0516357421875,-1.0852813720703125
2026-09-17T07:32:46.938045,1789630366938045000,95.380044921875,0.0296783447265625,-0.0234375,-1.039947509765625
2026-09-17T07:32:46.948004,1789630366948004900,95.3900048828125,0.06451416015625,0.0334320068359375,-0.9541473388671876
2026-09-17T07:32:46.957964,1789630366957964000,95.39996411132812,-0.0126190185546875,-0.0033111572265625,-0.86956787109375
2026-09-17T07:32:46.967924,1789630366967924200,95.40992431640623,0.0379638671875,-0.0059967041015625,-1.139862060546875
2026-09-17T07:32:46.977884,1789630366977884200,95.41988427734375,-0.077972412109375,-0.032379150390625,-0.9646759033203124
2026-09-17T07:32:46.987842,1789630366987842600,95.42984252929688,-0.0873565673828125,-0.0494232177734375,-0.7836151123046875
2026-09-17T07:32:46.997802,1789630366997802500,95.43980249023436,-0.003662109375,-0.0338134765625,-0.8479461669921875
2026-09-17T07:32:47.007762,1789630367007762400,95.44976245117188,0.1242828369140625,-0.076019287109375,-1.4223480224609375
2026-09-17T07:32:47.017721,1789630367017721300,95.45972143554688,-0.0352630615234375,-0.0585174560546875,-1.3593902587890625
2026-09-17T07:32:47.027681,1789630367027681500,95.469681640625,-0.22918701171875,-0.11163330078125,-0.7662353515625
2026-09-17T07:32:47.037641,1789630367037641500,95.47964135742188,0.00799560546875,-0.03460693359375,-0.8201446533203125
2026-09-17T07:32:47.047600,1789630367047600400,95.48960034179689,0.1703338623046875,0.0444793701171875,-1.052093505859375
2026-09-17T07:32:47.057560,1789630367057560300,95.49956030273438,0.0181427001953125,-0.0029449462890625,-0.942840576171875
2026-09-17T07:32:47.067520,1789630367067520300,95.50952026367187,-0.08734130859375,-0.073944091796875,-1.0919342041015625
2026-09-17T07:32:47.077479,1789630367077479700,95.51947973632812,-0.105194091796875,-0.054656982421875,-1.19964599609375
2026-09-17T07:32:47.087439,1789630367087439600,95.52943969726564,0.018341064453125,0.0508575439453125,-1.0364837646484375
2026-09-17T07:32:47.097399,1789630367097399600,95.53939965820312,0.1177825927734375,0.1178741455078125,-0.8919677734375
2026-09-17T07:32:47.107358,1789630367107358500,95.5493583984375,-0.0462646484375,0.0338592529296875,-0.7070770263671875
2026-09-17T07:32:47.117318,1789630367117318400,95.559318359375,-0.0419769287109375,-0.0307769775390625,-1.0033721923828125
2026-09-17T07:32:47.127278,1789630367127278600,95.56927856445311,-0.0198516845703125,-0.03204345703125,-1.3831939697265625
2026-09-17T07:32:47.137237,1789630367137237500,95.57923754882812,-0.0907745361328125,-0.00787353515625,-1.1809234619140625
2026-09-17T07:32:47.147197,1789630367147197400,95.58919750976564,-0.1168975830078125,0.01214599609375,-0.958526611328125
2026-09-17T07:32:47.157157,1789630367157157400,95.59915747070312,-0.05120849609375,0.001556396484375,-0.7715911865234375
2026-09-17T07:32:47.167116,1789630367167116300,95.6091162109375,0.0859527587890625,0.0421600341796875,-0.9267425537109376
2026-09-17T07:32:47.177076,1789630367177076500,95.61907641601564,0.124603271484375,0.0184478759765625,-1.1868438720703125
2026-09-17T07:32:47.187036,1789630367187036400,95.62903637695312,0.0531768798828125,0.106689453125,-0.92449951171875
2026-09-17T07:32:47.196995,1789630367196995600,95.63899560546876,-0.14923095703125,-0.014251708984375,-0.8778839111328125
2026-09-17T07:32:47.206955,1789630367206955500,95.64895556640624,-0.0055084228515625,-0.05322265625,-0.9846649169921876
2026-09-17T07:32:47.216915,1789630367216915700,95.65891577148436,0.3017120361328125,0.032684326171875,-1.18023681640625
2026-09-17T07:32:47.226874,1789630367226874600,95.66887451171876,0.0749053955078125,0.1256103515625,-0.83056640625
2026-09-17T07:32:47.236834,1789630367236834600,95.67883447265623,-0.296783447265625,-0.03326416015625,-0.5814971923828125
2026-09-17T07:32:47.246794,1789630367246794500,95.68879443359376,0.08514404296875,-0.0614471435546875,-1.326171875
2026-09-17T07:32:47.256753,1789630367256753400,95.69875341796876,0.0047149658203125,-0.0330810546875,-1.3191986083984375
2026-09-17T07:32:47.266713,1789630367266713300,95.70871337890624,-0.294708251953125,0.0090789794921875,-0.659271240234375
2026-09-17T07:32:47.276673,1789630367276673500,95.71867358398435,-0.0899658203125,0.048675537109375,-0.7492828369140625
2026-09-17T07:32:47.286632,1789630367286632400,95.72863256835936,0.21966552734375,0.0151214599609375,-1.392852783203125
2026-09-17T07:32:47.296592,1789630367296592400,95.73859228515624,0.0225982666015625,-0.01068115234375,-1.348114013671875
2026-09-17T07:32:47.306552,1789630367306552300,95.74855224609377,-0.166595458984375,0.03289794921875,-0.7727813720703125
2026-09-17T07:32:47.316511,1789630367316511500,95.75851147460938,-0.148193359375,0.0812225341796875,-0.8437347412109375
2026-09-17T07:32:47.326471,1789630367326471700,95.7684716796875,0.1029052734375,0.0443115234375,-1.2179107666015625
2026-09-17T07:32:47.336431,1789630367336431600,95.778431640625,0.0652313232421875,-0.0001678466796875,-1.0374908447265625
2026-09-17T07:32:47.346390,1789630367346390500,95.788390625,-0.1227264404296875,0.017578125,-0.8675689697265625
2026-09-17T07:32:47.356350,1789630367356350500,95.7983505859375,-0.06591796875,-0.0261688232421875,-1.1106109619140625
2026-09-17T07:32:47.366310,1789630367366310700,95.808310546875,0.1420745849609375,-0.024871826171875,-1.018341064453125
2026-09-17T07:32:47.376269,1789630367376269600,95.81826953125,0.112762451171875,0.034576416015625,-0.8182220458984375
2026-09-17T07:32:47.386229,1789630367386229500,95.8282294921875,-0.077239990234375,0.00439453125,-0.8891448974609375
2026-09-17T07:32:47.396189,1789630367396189400,95.838189453125,-0.1151580810546875,-0.11395263671875,-1.0950469970703125
2026-09-17T07:32:47.406148,1789630367406148400,95.8481484375,-0.04443359375,-0.0439300537109375,-1.345428466796875
2026-09-17T07:32:47.416108,1789630367416108500,95.85810864257812,-0.04522705078125,-0.0378875732421875,-0.9868316650390624
2026-09-17T07:32:47.426068,1789630367426068500,95.868068359375,0.02471923828125,-0.0121307373046875,-0.824554443359375
2026-09-17T07:32:47.436027,1789630367436027600,95.87802758789064,0.1373291015625,0.007537841796875,-0.8848876953125
2026-09-17T07:32:47.445987,1789630367445987600,95.88798754882812,0.0589752197265625,0.0250091552734375,-0.9929962158203124
2026-09-17T07:32:47.455947,1789630367455947500,95.89794750976564,-0.1207275390625,-0.0336151123046875,-1.0951995849609375
2026-09-17T07:32:47.465906,1789630367465906400,95.90790649414062,-0.1718902587890625,-0.15594482421875,-1.2264404296875
2026-09-17T07:32:47.475866,1789630367475866600,95.91786669921876,0.030029296875,0.0074005126953125,-1.175811767578125
2026-09-17T07:32:47.485826,1789630367485826600,95.92782666015626,0.172210693359375,0.147186279296875,-0.5273590087890625
2026-09-17T07:32:47.495785,1789630367495785500,95.93778540039062,0.03521728515625,0.0174713134765625,-0.63232421875
2026-09-17T07:32:47.505745,1789630367505745400,95.94774536132812,-0.273162841796875,-0.1688995361328125,-1.5963592529296875
2026-09-17T07:32:47.515705,1789630367515705600,95.95770556640625,-0.07098388671875,-0.1248016357421875,-1.3076171875
2026-09-17T07:32:47.525664,1789630367525664500,95.96766455078124,0.12408447265625,-0.0563812255859375,-0.7288818359375
2026-09-17T07:32:47.535624,1789630367535624400,95.97762451171874,0.1959075927734375,0.053253173828125,-0.6521453857421875
2026-09-17T07:32:47.545584,1789630367545584400,95.98758447265624,0.0719757080078125,-0.10498046875,-0.909576416015625
2026-09-17T07:32:47.555543,1789630367555543300,95.99754321289062,0.0521240234375,-0.1325836181640625,-1.238677978515625
2026-09-17T07:32:47.565503,1789630367565503500,96.00750341796876,-0.1348724365234375,0.0312042236328125,-0.9499053955078124
2026-09-17T07:32:47.575463,1789630367575463400,96.01746337890626,-0.1505126953125,-0.0919952392578125,-1.305419921875
2026-09-17T07:32:47.585422,1789630367585422600,96.02742260742188,-0.109710693359375,-0.0651397705078125,-1.1661376953125
2026-09-17T07:32:47.595382,1789630367595382500,96.03738256835938,0.0366973876953125,0.0402374267578125,-0.4309234619140625
2026-09-17T07:32:47.605342,1789630367605342500,96.04734252929688,0.193756103515625,0.0016326904296875,-1.3878326416015625
2026-09-17T07:32:47.615301,1789630367615301400,96.05730126953124,0.1831512451171875,-0.0005950927734375,-0.86383056640625
2026-09-17T07:32:47.625261,1789630367625261600,96.06726147460938,-0.0631866455078125,0.01141357421875,-1.412872314453125
2026-09-17T07:32:47.635221,1789630367635221500,96.07722143554687,-0.0769500732421875,0.055877685546875,-0.3920440673828125
2026-09-17T07:32:47.645180,1789630367645180400,96.08718041992188,-0.1493682861328125,-0.07232666015625,-1.4606781005859375
2026-09-17T07:32:47.655140,1789630367655140400,96.09714038085936,-0.06640625,0.038970947265625,-0.8285980224609375
2026-09-17T07:32:47.665100,1789630367665100500,96.1071005859375,0.097137451171875,-0.03802490234375,-1.2485809326171875
2026-09-17T07:32:47.675059,1789630367675059500,96.1170595703125,-0.034423828125,0.0150299072265625,-0.6960906982421875
2026-09-17T07:32:47.685019,1789630367685019400,96.12701928710938,0.1045684814453125,-0.0311431884765625,-1.1441650390625
2026-09-17T07:32:47.694979,1789630367694979300,96.13697924804688,0.04974365234375,0.031005859375,-1.114593505859375
2026-09-17T07:32:47.704938,1789630367704938500,96.1469384765625,0.0115966796875,0.052215576171875,-0.7486114501953125
2026-09-17T07:32:47.714898,1789630367714898700,96.15689868164064,-0.117279052734375,-0.0026397705078125,-1.179473876953125
2026-09-17T07:32:47.724858,1789630367724858600,96.16685864257812,0.038543701171875,0.0398712158203125,-0.808135986328125
2026-09-17T07:32:47.734817,1789630367734817500,96.17681762695312,0.0359344482421875,0.0171356201171875,-1.1596832275390625
2026-09-17T07:32:47.744777,1789630367744777500,96.18677758789065,-0.0435943603515625,0.0563812255859375,-1.0447235107421875
2026-09-17T07:32:47.754737,1789630367754737400,96.1967373046875,0.0172576904296875,0.019378662109375,-1.00030517578125
2026-09-17T07:32:47.764696,1789630367764696600,96.20669653320311,-0.01593017578125,0.0422515869140625,-0.7115020751953125
2026-09-17T07:32:47.774656,1789630367774656500,96.21665649414062,0.066497802734375,0.0268707275390625,-1.295806884765625
2026-09-17T07:32:47.784616,1789630367784616400,96.22661645507812,-0.0081329345703125,0.02093505859375,-0.8061370849609375
2026-09-17T07:32:47.794575,1789630367794575400,96.23657543945312,-0.058929443359375,-0.00689697265625,-1.1674957275390625
2026-09-17T07:32:47.804535,1789630367804535300,96.24653540039064,0.0475921630859375,0.0547027587890625,-0.73883056640625
2026-09-17T07:32:47.814495,1789630367814495500,96.25649560546876,0.047027587890625,-0.0371551513671875,-1.2056427001953125
2026-09-17T07:32:47.824454,1789630367824454700,96.26645458984376,0.0434112548828125,0.066192626953125,-1.066925048828125
2026-09-17T07:32:47.834414,1789630367834414600,96.27641455078124,-0.0232391357421875,0.006103515625,-1.0483551025390625
2026-09-17T07:32:47.844374,1789630367844374500,96.28637451171876,-0.139984130859375,-0.0086212158203125,-0.557159423828125
2026-09-17T07:32:47.854333,1789630367854333400,96.29633349609377,-0.1679534912109375,0.0024261474609375,-1.33758544921875
2026-09-17T07:32:47.864293,1789630367864293600,96.30629370117188,0.052337646484375,-0.0402069091796875,-1.086090087890625
2026-09-17T07:32:47.874253,1789630367874253600,96.31625366210938,0.11529541015625,0.0224609375,-1.141387939453125
2026-09-17T07:32:47.884212,1789630367884212500,96.32621240234376,0.00579833984375,0.043182373046875,-0.498779296875
2026-09-17T07:32:47.894172,1789630367894172400,96.33617236328124,-0.0602264404296875,-0.0381317138671875,-1.3248748779296875
2026-09-17T07:32:47.904132,1789630367904132600,96.34613256835938,0.1103515625,-0.0039825439453125,-0.931884765625
2026-09-17T07:32:47.914091,1789630367914091500,96.35609155273436,-0.091064453125,0.0088653564453125,-1.384765625
2026-09-17T07:32:47.924051,1789630367924051500,96.36605151367188,-0.0770721435546875,0.0111083984375,-0.585479736328125
2026-09-17T07:32:47.934011,1789630367934011400,96.37601147460936,0.0099029541015625,-0.0620269775390625,-0.8681793212890625
2026-09-17T07:32:47.943970,1789630367943970600,96.38597045898436,-0.0592803955078125,-0.0435333251953125,-1.2386932373046875
2026-09-17T07:32:47.953930,1789630367953930500,96.39593041992188,0.07904052734375,-0.023223876953125,-1.120513916015625
2026-09-17T07:32:47.963890,1789630367963890400,96.40589038085938,0.073333740234375,-0.01751708984375,-0.9205474853515624
2026-09-17T07:32:47.973849,1789630367973849600,96.415849609375,-0.071380615234375,-0.030242919921875,-0.648681640625
2026-09-17T07:32:47.983809,1789630367983809500,96.4258095703125,-0.0996856689453125,-0.1021881103515625,-1.3224334716796875
2026-09-17T07:32:47.993772,1789630367993772500,96.4357724609375,-0.0450286865234375,-0.0475616455078125,-1.3007354736328125
2026-09-17T07:32:48.003731,1789630368003731500,96.4457314453125,0.0716400146484375,0.0289154052734375,-0.6796722412109375
2026-09-17T07:32:48.013691,1789630368013691400,96.45569140625,-0.0054931640625,-0.0552215576171875,-0.731048583984375
2026-09-17T07:32:48.023651,1789630368023651300,96.4656513671875,-0.0467071533203125,-0.0894622802734375,-1.3272705078125
2026-09-17T07:32:48.033610,1789630368033610200,96.4756103515625,0.0862579345703125,-0.0088958740234375,-1.120147705078125
2026-09-17T07:32:48.043570,1789630368043570400,96.4855703125,0.0667724609375,0.0108184814453125,-0.8872528076171875
2026-09-17T07:32:48.053530,1789630368053530400,96.4955302734375,-0.10491943359375,-0.0585479736328125,-0.890899658203125
2026-09-17T07:32:48.063489,1789630368063489500,96.50548950195312,-0.1233673095703125,-0.0908203125,-1.0289306640625
2026-09-17T07:32:48.073449,1789630368073449500,96.51544946289064,0.0564422607421875,-0.021575927734375,-1.1987152099609375
2026-09-17T07:32:48.083409,1789630368083409400,96.52540942382812,0.1417694091796875,0.012725830078125,-0.7604522705078125
2026-09-17T07:32:48.093368,1789630368093368300,96.53536840820313,-0.03912353515625,-0.099334716796875,-0.9197235107421876
2026-09-17T07:32:48.103328,1789630368103328500,96.54532861328126,-0.081878662109375,-0.0981292724609375,-1.1544647216796875
2026-09-17T07:32:48.113288,1789630368113288400,96.55528833007811,0.076812744140625,-0.0351104736328125,-1.062713623046875
2026-09-17T07:32:48.123247,1789630368123247400,96.56524731445312,0.082366943359375,0.0003204345703125,-0.9414825439453124
2026-09-17T07:32:48.133207,1789630368133207300,96.57520727539062,-0.0271148681640625,-0.0243072509765625,-0.9452362060546876
2026-09-17T07:32:48.143167,1789630368143167500,96.58516748046875,-0.181884765625,-0.0490264892578125,-0.922576904296875
2026-09-17T07:32:48.153126,1789630368153126400,96.59512646484374,-0.138946533203125,-0.0589141845703125,-0.898895263671875
2026-09-17T07:32:48.163086,1789630368163086300,96.60508642578124,0.00439453125,0.0134429931640625,-1.1939697265625
2026-09-17T07:32:48.173046,1789630368173046300,96.61504638671876,0.1210784912109375,-0.01922607421875,-1.3832550048828125
2026-09-17T07:32:48.183005,1789630368183005400,96.62500537109376,-0.0279541015625,-0.018951416015625,-0.606414794921875
2026-09-17T07:32:48.192965,1789630368192965600,96.63496557617188,-0.0956878662109375,-0.055999755859375,-0.8509674072265625
2026-09-17T07:32:48.202925,1789630368202925600,96.64492553710936,0.0491485595703125,-0.035491943359375,-1.2850799560546875
2026-09-17T07:32:48.212884,1789630368212884500,96.65488452148438,0.0200042724609375,-0.0263214111328125,-1.196868896484375
2026-09-17T07:32:48.222844,1789630368222844400,96.66484448242188,-0.049407958984375,0.013458251953125,-0.80181884765625
2026-09-17T07:32:48.232804,1789630368232804400,96.67480444335938,0.00604248046875,0.007598876953125,-0.8143157958984375
2026-09-17T07:32:48.242763,1789630368242763500,96.68476342773438,-0.06329345703125,-0.009979248046875,-1.1695098876953125
2026-09-17T07:32:48.252723,1789630368252723500,96.69472338867187,0.0084991455078125,0.07086181640625,-1.1053314208984375
2026-09-17T07:32:48.262683,1789630368262683400,96.70468334960935,0.13824462890625,0.0828857421875,-1.011566162109375
2026-09-17T07:32:48.272642,1789630368272642300,96.71464233398436,-0.08026123046875,0.0203094482421875,-0.8798675537109375
2026-09-17T07:32:48.282602,1789630368282602200,96.72460229492188,-0.1387939453125,-0.016815185546875,-1.043731689453125
2026-09-17T07:32:48.292562,1789630368292562400,96.7345625,-0.093048095703125,-0.0211029052734375,-1.320343017578125
2026-09-17T07:32:48.302521,1789630368302521300,96.74452124023438,0.08734130859375,0.0467987060546875,-0.7270050048828125
2026-09-17T07:32:48.312481,1789630368312481300,96.75448120117188,0.0654754638671875,-0.008697509765625,-0.805328369140625
2026-09-17T07:32:48.322441,1789630368322441200,96.76444116210938,-0.0850677490234375,-0.037109375,-1.325714111328125
2026-09-17T07:32:48.332400,1789630368332400400,96.774400390625,0.0148468017578125,-0.0005645751953125,-0.962127685546875
2026-09-17T07:32:48.342360,1789630368342360600,96.78436059570312,0.0525970458984375,0.061309814453125,-0.8636322021484375
2026-09-17T07:32:48.352320,1789630368352320500,96.79432055664064,0.0053253173828125,0.0459442138671875,-1.1212158203125
2026-09-17T07:32:48.362279,1789630368362279400,96.80427954101565,-0.12738037109375,-0.027923583984375,-0.9878387451171876
2026-09-17T07:32:48.372239,1789630368372239400,96.8142392578125,-0.1114501953125,0.0139617919921875,-1.0521697998046875
2026-09-17T07:32:48.382199,1789630368382199300,96.82419921875,0.0598297119140625,0.0883331298828125,-0.8933258056640625
2026-09-17T07:32:48.392158,1789630368392158500,96.83415844726562,0.082000732421875,-0.015350341796875,-0.94256591796875
2026-09-17T07:32:48.402118,1789630368402118400,96.84411840820312,-0.037261962890625,-0.012237548828125,-0.992401123046875
2026-09-17T07:32:48.412078,1789630368412078300,96.85407836914062,-0.011993408203125,-0.0178375244140625,-1.2169342041015625
2026-09-17T07:32:48.422037,1789630368422037200,96.86403735351564,0.0579986572265625,-0.0093231201171875,-0.8459625244140625
2026-09-17T07:32:48.431997,1789630368431997200,96.8739970703125,0.206146240234375,0.039276123046875,-1.1124267578125
2026-09-17T07:32:48.441957,1789630368441957400,96.88395727539064,-0.15606689453125,-0.011474609375,-0.8579864501953125
2026-09-17T07:32:48.451916,1789630368451916500,96.89391650390624,-0.2456207275390625,-0.06756591796875,-0.4936981201171875
2026-09-17T07:32:48.461876,1789630368461876500,96.90387646484376,-0.3690032958984375,-0.08856201171875,-1.4582672119140625
2026-09-17T07:32:48.471836,1789630368471836400,96.91383642578126,0.364227294921875,0.0842132568359375,-1.298187255859375
2026-09-17T07:32:48.481795,1789630368481795300,96.92379541015625,0.0921783447265625,-0.0652313232421875,-1.3859100341796875
2026-09-17T07:32:48.491755,1789630368491755500,96.93375561523438,-0.1010589599609375,-0.01055908203125,-0.1277618408203125
2026-09-17T07:32:48.501714,1789630368501714400,96.94371435546876,0.0320281982421875,-0.00048828125,-0.7714080810546875
2026-09-17T07:32:48.511674,1789630368511674400,96.95367431640624,-0.1588287353515625,-0.049896240234375,-2.1032867431640625
2026-09-17T07:32:48.521634,1789630368521634300,96.96363427734374,0.1601715087890625,-0.0536651611328125,-0.456451416015625
2026-09-17T07:32:48.531593,1789630368531593200,96.97359326171876,-0.1515655517578125,-0.0279541015625,-0.9731903076171876
2026-09-17T07:32:48.541553,1789630368541553400,96.98355346679688,-0.1005859375,-0.0445709228515625,-0.7811279296875
2026-09-17T07:32:48.551513,1789630368551513300,96.99351342773436,-0.0236968994140625,-0.0622406005859375,-1.463470458984375
2026-09-17T07:32:48.561472,1789630368561472500,97.00347241210936,0.1320648193359375,-0.037750244140625,-1.0415191650390625
2026-09-17T07:32:48.571432,1789630368571432400,97.01343237304688,-0.083343505859375,0.008544921875,-0.9678497314453124
2026-09-17T07:32:48.581392,1789630368581392400,97.02339233398438,-0.0064239501953125,-0.004150390625,-0.5064849853515625
2026-09-17T07:32:48.591351,1789630368591351600,97.0333515625,-0.1430206298828125,-0.0734100341796875,-1.1180572509765625
2026-09-17T07:32:48.601311,1789630368601311500,97.0433115234375,-0.0546417236328125,-0.07244873046875,-1.6727447509765625
2026-09-17T07:32:48.611271,1789630368611271400,97.053271484375,0.005218505859375,0.04376220703125,-0.836700439453125
2026-09-17T07:32:48.621230,1789630368621230300,97.06323022460936,0.0294647216796875,0.000946044921875,-0.2267608642578125
2026-09-17T07:32:48.631190,1789630368631190300,97.07319018554688,0.0270538330078125,-0.110015869140625,-1.2712249755859375
2026-09-17T07:32:48.641150,1789630368641150500,97.083150390625,-0.01025390625,-0.0714111328125,-1.4752197265625
2026-09-17T07:32:48.651109,1789630368651109400,97.093109375,-0.007080078125,-0.01824951171875,-0.9586944580078124
2026-09-17T07:32:48.661069,1789630368661069300,97.1030693359375,0.01849365234375,0.0293121337890625,-0.4603271484375
2026-09-17T07:32:48.671029,1789630368671029200,97.113029296875,-0.10687255859375,-0.0889129638671875,-1.224212646484375
2026-09-17T07:32:48.680988,1789630368680988400,97.12298852539062,-0.0374298095703125,-0.0657958984375,-1.2525787353515625
2026-09-17T07:32:48.690948,1789630368690948600,97.13294848632812,0.010589599609375,0.043792724609375,-1.3103179931640625
2026-09-17T07:32:48.700908,1789630368700908500,97.14290844726564,0.0566558837890625,0.0382843017578125,-0.2527313232421875
2026-09-17T07:32:48.710867,1789630368710867500,97.15286743164064,0.0156097412109375,-0.0068359375,-0.8384246826171875
2026-09-17T07:32:48.720827,1789630368720827400,97.16282739257812,-0.078155517578125,-0.03955078125,-1.6919708251953125
2026-09-17T07:32:48.730787,1789630368730787600,97.17278759765624,0.0252532958984375,0.030609130859375,-0.99896240234375
2026-09-17T07:32:48.740746,1789630368740746500,97.18274658203126,0.0682525634765625,0.0199737548828125,-0.6550750732421875
2026-09-17T07:32:48.750706,1789630368750706400,97.19270654296876,0.09539794921875,0.0424957275390625,-1.223968505859375
2026-09-17T07:32:48.760666,1789630368760666400,97.20266625976562,-0.22406005859375,-0.071563720703125,-0.6437530517578125
2026-09-17T07:32:48.770625,1789630368770625300,97.21262524414064,-0.429656982421875,-0.1207275390625,-1.085693359375
2026-09-17T07:32:48.780585,1789630368780585200,97.22258520507812,0.196533203125,0.2077789306640625,-1.1897125244140625
2026-09-17T07:32:48.790545,1789630368790545400,97.23254541015623,0.29510498046875,-0.0505828857421875,-1.2942657470703125
2026-09-17T07:32:48.800504,1789630368800504300,97.24250439453124,-0.071624755859375,0.01470947265625,-0.86468505859375
2026-09-17T07:32:48.810464,1789630368810464300,97.25246435546876,-0.1291351318359375,0.0562286376953125,-0.5198211669921875
2026-09-17T07:32:48.820424,1789630368820424200,97.26242407226565,-0.058349609375,0.1131134033203125,-1.5821380615234375
2026-09-17T07:32:48.830383,1789630368830383400,97.27238330078124,0.168060302734375,0.0196075439453125,-0.8544769287109375
2026-09-17T07:32:48.840343,1789630368840343600,97.28234350585936,-0.158050537109375,0.041046142578125,-1.15435791015625
2026-09-17T07:32:48.850303,1789630368850303500,97.29230346679688,-0.094451904296875,0.0660552978515625,-0.5649871826171875
2026-09-17T07:32:48.860262,1789630368860262400,97.30226245117188,0.001190185546875,-0.023162841796875,-1.2368621826171875
2026-09-17T07:32:48.870222,1789630368870222300,97.31222241210938,0.0800628662109375,0.040496826171875,-1.1486358642578125
2026-09-17T07:32:48.880182,1789630368880182500,97.3221826171875,0.0567169189453125,0.103057861328125,-1.1228485107421875
2026-09-17T07:32:48.890141,1789630368890141400,97.33214135742188,0.012725830078125,0.03955078125,-0.52716064453125
2026-09-17T07:32:48.900101,1789630368900101400,97.34210131835935,-0.143585205078125,0.04644775390625,-1.0245361328125
2026-09-17T07:32:48.910061,1789630368910061300,97.35206127929688,-0.0909423828125,0.022308349609375,-1.4979095458984375
2026-09-17T07:32:48.920020,1789630368920020200,97.36202026367188,0.081329345703125,0.1172027587890625,-1.085906982421875
2026-09-17T07:32:48.929980,1789630368929980400,97.37198046875,0.0213470458984375,0.1276702880859375,-0.4669189453125
2026-09-17T07:32:48.939940,1789630368939940400,97.3819404296875,-0.130035400390625,-0.0011749267578125,-0.982666015625
2026-09-17T07:32:48.949899,1789630368949899500,97.3918994140625,0.0197906494140625,0.020355224609375,-1.3996734619140625
2026-09-17T07:32:48.959859,1789630368959859500,97.401859375,0.1091766357421875,0.101348876953125,-1.05694580078125
2026-09-17T07:32:48.969819,1789630368969819400,97.4118193359375,0.0225372314453125,0.0595245361328125,-0.67498779296875
2026-09-17T07:32:48.979778,1789630368979778300,97.4217783203125,-0.068023681640625,-0.0074615478515625,-0.7437744140625
2026-09-17T07:32:48.989736,1789630368989736000,97.43173583984375,-0.057373046875,-0.012176513671875,-1.6806488037109375
2026-09-17T07:32:48.999696,1789630368999696000,97.44169580078125,0.0022430419921875,0.077667236328125,-0.8986968994140625
2026-09-17T07:32:49.009654,1789630369009654800,97.45165478515624,0.045684814453125,0.033050537109375,-0.7224884033203125
2026-09-17T07:32:49.019615,1789630369019615000,97.46161499023438,-0.02978515625,0.0389556884765625,-0.7291259765625
2026-09-17T07:32:49.029574,1789630369029574000,97.47157397460936,0.0188446044921875,-0.00018310546875,-1.3850555419921875
2026-09-17T07:32:49.039533,1789630369039533800,97.48153393554688,-0.0768585205078125,0.016937255859375,-1.2803497314453125
2026-09-17T07:32:49.049493,1789630369049493800,97.49149365234376,-0.0565948486328125,0.056304931640625,-0.592010498046875
2026-09-17T07:32:49.059452,1789630369059452700,97.50145263671877,0.0645904541015625,0.017547607421875,-0.8339080810546875
2026-09-17T07:32:49.069412,1789630369069412900,97.51141284179688,0.004180908203125,-0.00531005859375,-1.075714111328125
2026-09-17T07:32:49.079372,1789630369079372800,97.52137280273438,0.1348724365234375,0.0269622802734375,-1.6504364013671875
2026-09-17T07:32:49.089332,1789630369089332000,97.53133203125,0.0149993896484375,0.08416748046875,-0.8932342529296875
2026-09-17T07:32:49.099292,1789630369099292000,97.5412919921875,-0.0655670166015625,-0.0069732666015625,0.051177978515625
2026-09-17T07:32:49.109252,1789630369109252000,97.55125219726564,-0.3068084716796875,-0.1098785400390625,-1.4912567138671875
2026-09-17T07:32:49.119211,1789630369119211000,97.5612109375,-0.146942138671875,0.033172607421875,-1.4157867431640625
2026-09-17T07:32:49.129171,1789630369129171000,97.5711708984375,0.376190185546875,-0.0905609130859375,-1.1957855224609375
2026-09-17T07:32:49.139131,1789630369139131000,97.581130859375,-0.10821533203125,0.0262451171875,-0.552398681640625
2026-09-17T07:32:49.149089,1789630369149089800,97.59108984375,-0.0006103515625,0.02252197265625,-0.488037109375
2026-09-17T07:32:49.159049,1789630369159049700,97.6010498046875,-0.16119384765625,0.030426025390625,-1.839385986328125
2026-09-17T07:32:49.169010,1789630369169010000,97.61101000976562,0.095794677734375,-0.071441650390625,-1.112152099609375
2026-09-17T07:32:49.178968,1789630369178968800,97.62096875,0.0045318603515625,0.0004119873046875,-0.589202880859375
2026-09-17T07:32:49.188928,1789630369188928800,97.6309287109375,-0.0650634765625,0.0212860107421875,-0.557525634765625
2026-09-17T07:32:49.198888,1789630369198888700,97.640888671875,-0.11065673828125,-0.0319366455078125,-1.543670654296875
2026-09-17T07:32:49.208848,1789630369208848000,97.65084790039064,0.13702392578125,-0.046142578125,-1.1970672607421875
2026-09-17T07:32:49.218807,1789630369218807800,97.66080786132812,0.034942626953125,-0.012298583984375,-0.8909912109375
2026-09-17T07:32:49.228767,1789630369228767700,97.67076782226565,-0.0727996826171875,0.0157470703125,-0.51165771484375
2026-09-17T07:32:49.238727,1789630369238727000,97.68072680664062,-0.072784423828125,0.004180908203125,-1.268280029296875
2026-09-17T07:32:49.248686,1789630369248686800,97.69068676757811,0.126312255859375,-0.05596923828125,-1.352935791015625
2026-09-17T07:32:49.258647,1789630369258647000,97.70064697265624,-0.138336181640625,0.042083740234375,-0.8289337158203125
2026-09-17T07:32:49.268606,1789630369268606000,97.71060595703123,-0.159149169921875,0.0071868896484375,-0.886688232421875
2026-09-17T07:32:49.278566,1789630369278566000,97.72056591796876,0.0863037109375,0.0310211181640625,-0.9379730224609376
2026-09-17T07:32:49.288525,1789630369288525800,97.73052587890623,0.0915985107421875,0.0253143310546875,-1.2551727294921875
2026-09-17T07:32:49.298484,1789630369298484700,97.74048461914064,-0.130279541015625,0.030517578125,-1.112091064453125
2026-09-17T07:32:49.308445,1789630369308445000,97.75044482421876,0.015045166015625,0.0386962890625,-0.5678558349609375
2026-09-17T07:32:49.318403,1789630369318403800,97.76040380859376,0.03448486328125,0.0339202880859375,-1.126861572265625
2026-09-17T07:32:49.328363,1789630369328363800,97.77036376953124,0.00634765625,0.019500732421875,-1.1407470703125
2026-09-17T07:32:49.338323,1789630369338323700,97.78032373046877,-0.0234832763671875,0.0247039794921875,-1.091827392578125
2026-09-17T07:32:49.348283,1789630369348283000,97.79028295898438,-0.018463134765625,0.0817108154296875,-0.758697509765625
2026-09-17T07:32:49.358242,1789630369358242800,97.80024291992189,-0.0224609375,0.0613861083984375,-1.265380859375
2026-09-17T07:32:49.368203,1789630369368203000,97.810203125,-0.0683135986328125,0.1339569091796875,-0.95245361328125
2026-09-17T07:32:49.378162,1789630369378162000,97.82016186523435,0.019744873046875,0.122039794921875,-0.914276123046875
2026-09-17T07:32:49.388121,1789630369388121900,97.83012182617188,0.01708984375,0.0980987548828125,-0.9559783935546876
2026-09-17T07:32:49.398081,1789630369398081800,97.84008178710936,0.05133056640625,0.0933380126953125,-1.0844879150390625
2026-09-17T07:32:49.408040,1789630369408040700,97.85004077148436,0.0091705322265625,0.0749053955078125,-1.1101531982421875
2026-09-17T07:32:49.418001,1789630369418001000,97.8600009765625,-0.0746917724609375,0.055938720703125,-0.918701171875
2026-09-17T07:32:49.427960,1789630369427960800,97.8699609375,-0.0192718505859375,0.0604400634765625,-0.93524169921875
2026-09-17T07:32:49.437919,1789630369437919700,97.87991967773438,0.042938232421875,0.0756988525390625,-0.8977813720703125
2026-09-17T07:32:49.447879,1789630369447879700,97.88987963867189,-0.0375213623046875,0.058685302734375,-1.18267822265625
2026-09-17T07:32:49.457839,1789630369457839900,97.89983984375,0.1371612548828125,0.1200408935546875,-1.2308197021484375
2026-09-17T07:32:49.467799,1789630369467799000,97.90979907226564,-0.077423095703125,0.114990234375,-0.918548583984375
2026-09-17T07:32:49.477759,1789630369477759000,97.91975903320312,-0.2301177978515625,-0.00921630859375,-0.2287750244140625
2026-09-17T07:32:49.487719,1789630369487719000,97.92971899414064,-0.003570556640625,0.0652923583984375,-1.47869873046875
2026-09-17T07:32:49.497677,1789630369497677800,97.939677734375,-0.0153656005859375,0.0672760009765625,-1.11639404296875
2026-09-17T07:32:49.507638,1789630369507638000,97.94963793945313,-0.1683197021484375,-0.0223846435546875,-1.2445220947265625
2026-09-17T07:32:49.517598,1789630369517598000,97.95959790039062,0.1207733154296875,0.0889129638671875,-0.75555419921875
2026-09-17T07:32:49.527556,1789630369527556900,97.96955688476562,-0.0081634521484375,0.0296783447265625,-0.8302001953125
2026-09-17T07:32:49.537516,1789630369537516800,97.97951684570312,0.156768798828125,0.0262603759765625,-1.21533203125
2026-09-17T07:32:49.547476,1789630369547476700,97.98947680664062,-0.143585205078125,0.0516357421875,-0.979583740234375
2026-09-17T07:32:49.557435,1789630369557435600,97.999435546875,-0.08319091796875,0.0248565673828125,-1.1321868896484375
2026-09-17T07:32:49.567395,1789630369567395800,98.00939575195312,-0.041168212890625,0.0621185302734375,-1.0058135986328125
2026-09-17T07:32:49.577355,1789630369577355800,98.01935571289064,0.035552978515625,0.130401611328125,-0.7567596435546875
2026-09-17T07:32:49.587315,1789630369587315000,98.02931494140626,-0.04052734375,0.0362701416015625,-1.2173309326171875
2026-09-17T07:32:49.597275,1789630369597275000,98.03927490234376,-0.038116455078125,0.042022705078125,-1.128753662109375
2026-09-17T07:32:49.607233,1789630369607233800,98.04923388671877,-0.0219573974609375,0.08062744140625,-0.803619384765625
2026-09-17T07:32:49.617194,1789630369617194000,98.05919409179688,0.0192413330078125,0.0566864013671875,-0.9863128662109376
2026-09-17T07:32:49.627154,1789630369627154000,98.06915380859375,-0.01226806640625,0.014984130859375,-1.2573089599609375
2026-09-17T07:32:49.637112,1789630369637112800,98.07911279296874,-0.0842742919921875,0.062042236328125,-0.9300994873046876
2026-09-17T07:32:49.647072,1789630369647072800,98.08907275390624,-0.0607452392578125,0.0274810791015625,-0.964202880859375
2026-09-17T07:32:49.657033,1789630369657033000,98.09903295898438,0.0796661376953125,0.065399169921875,-0.92340087890625
2026-09-17T07:32:49.666991,1789630369666991900,98.10899194335936,0.0401763916015625,0.0365142822265625,-0.9652862548828124
2026-09-17T07:32:49.676951,1789630369676951800,98.11895190429688,-0.0848541259765625,0.01220703125,-1.2379608154296875
2026-09-17T07:32:49.686911,1789630369686911700,98.12891186523436,-0.123504638671875,0.027099609375,-1.0399322509765625
2026-09-17T07:32:49.696871,1789630369696871000,98.13887084960938,-0.0001220703125,0.0793609619140625,-0.775909423828125
2026-09-17T07:32:49.706831,1789630369706831000,98.1488310546875,0.0303802490234375,0.06549072265625,-1.111297607421875
2026-09-17T07:32:49.716791,1789630369716791000,98.158791015625,-0.0459136962890625,0.03839111328125,-1.0605316162109375
2026-09-17T07:32:49.726750,1789630369726750000,98.16875,-0.0233001708984375,0.03997802734375,-0.964324951171875
2026-09-17T07:32:49.736710,1789630369736710000,98.1787099609375,-0.0303192138671875,0.0627899169921875,-0.974029541015625
2026-09-17T07:32:49.746669,1789630369746669800,98.188669921875,0.0106353759765625,0.045928955078125,-1.0550384521484375
2026-09-17T07:32:49.756628,1789630369756628700,98.19862866210936,0.036041259765625,0.0503387451171875,-1.0667266845703125
2026-09-17T07:32:49.766589,1789630369766589000,98.2085888671875,-0.1283416748046875,0.061370849609375,-0.7835235595703125
2026-09-17T07:32:49.776548,1789630369776548900,98.218548828125,0.003021240234375,0.0122222900390625,-1.0700836181640625
2026-09-17T07:32:49.786507,1789630369786507800,98.2285078125,0.0994873046875,0.0517578125,-1.17724609375
2026-09-17T07:32:49.796467,1789630369796467700,98.2384677734375,-0.1089324951171875,0.033355712890625,-0.949798583984375
2026-09-17T07:32:49.806428,1789630369806428000,98.24842797851562,6.103515625e-05,0.0342254638671875,-0.90008544921875
2026-09-17T07:32:49.816386,1789630369816386800,98.25838671875,0.07342529296875,0.1121673583984375,-1.1162567138671875
2026-09-17T07:32:49.826346,1789630369826346800,98.2683466796875,-0.144256591796875,0.05560302734375,-0.894500732421875
2026-09-17T07:32:49.836306,1789630369836306700,98.278306640625,0.0592041015625,0.07977294921875,-0.9139251708984376
2026-09-17T07:32:49.846265,1789630369846265900,98.28826586914064,0.0631103515625,0.0619659423828125,-1.1385498046875
2026-09-17T07:32:49.856226,1789630369856226000,98.29822607421876,-0.129913330078125,0.027923583984375,-1.084686279296875
2026-09-17T07:32:49.866185,1789630369866185000,98.30818505859376,0.0188751220703125,0.07012939453125,-0.968170166015625
2026-09-17T07:32:49.876145,1789630369876145000,98.31814477539062,0.0261383056640625,0.0844573974609375,-0.925872802734375
2026-09-17T07:32:49.886104,1789630369886104800,98.32810473632811,-0.1184844970703125,0.0579833984375,-0.92694091796875
2026-09-17T07:32:49.896063,1789630369896063700,98.33806372070312,0.0462646484375,0.062255859375,-1.0009613037109375
2026-09-17T07:32:49.906024,1789630369906024000,98.34802392578123,-0.02105712890625,0.055145263671875,-1.1004638671875
2026-09-17T07:32:49.915984,1789630369915984000,98.35798388671876,-0.0883331298828125,0.0345001220703125,-1.0415191650390625
2026-09-17T07:32:49.925942,1789630369925942800,98.36794287109376,0.05267333984375,0.1035308837890625,-0.9604949951171876
2026-09-17T07:32:49.935902,1789630369935902700,98.37790283203124,-0.0466766357421875,0.0961761474609375,-0.94378662109375
2026-09-17T07:32:49.945862,1789630369945862700,98.38786254882812,-0.0904388427734375,0.084442138671875,-0.9739532470703124
2026-09-17T07:32:49.955821,1789630369955821800,98.39782177734376,0.120819091796875,0.1617584228515625,-1.097930908203125
2026-09-17T07:32:49.965782,1789630369965782000,98.40778198242188,-0.02142333984375,0.1154937744140625,-1.2074737548828125
2026-09-17T07:32:49.975742,1789630369975742000,98.41774194335936,-0.18988037109375,0.1255950927734375,-1.1125030517578125
2026-09-17T07:32:49.985700,1789630369985700900,98.42770092773438,-0.04718017578125,0.1589813232421875,-0.72027587890625
2026-09-17T07:32:49.995661,1789630369995661300,98.43766137695312,-0.0258941650390625,0.12005615234375,-0.5363922119140625
2026-09-17T07:32:50.005621,1789630370005621200,98.44762133789062,0.187591552734375,0.090179443359375,-1.16070556640625
2026-09-17T07:32:50.015580,1789630370015580200,98.457580078125,0.071807861328125,0.012451171875,-1.2978973388671875
2026-09-17T07:32:50.025540,1789630370025540400,98.46754028320312,-0.2320098876953125,-0.001434326171875,-1.1304168701171875
2026-09-17T07:32:50.035500,1789630370035500300,98.47750024414064,-0.138885498046875,0.064788818359375,-0.6745758056640625
2026-09-17T07:32:50.045459,1789630370045459200,98.48745922851562,0.0801239013671875,0.1374053955078125,-0.8822479248046875
2026-09-17T07:32:50.055419,1789630370055419100,98.49741918945313,0.1031341552734375,0.0865478515625,-1.3664703369140625
2026-09-17T07:32:50.065378,1789630370065378300,98.50737841796877,-0.210357666015625,0.042083740234375,-1.189056396484375
2026-09-17T07:32:50.075338,1789630370075338200,98.51733813476562,-0.039642333984375,0.1327972412109375,-0.803314208984375
2026-09-17T07:32:50.085298,1789630370085298200,98.52729809570312,0.137603759765625,0.1857147216796875,-0.6953887939453125
2026-09-17T07:32:50.095257,1789630370095257300,98.53725732421876,0.0625762939453125,0.101318359375,-1.1053009033203125
2026-09-17T07:32:50.105217,1789630370105217300,98.54721728515624,-0.0876922607421875,0.0470123291015625,-1.2960662841796875
2026-09-17T07:32:50.115177,1789630370115177200,98.55717724609374,-0.0885467529296875,0.10284423828125,-0.877716064453125
2026-09-17T07:32:50.125136,1789630370125136100,98.56713623046876,0.00665283203125,0.1018829345703125,-0.884490966796875
2026-09-17T07:32:50.135096,1789630370135096300,98.57709643554688,-0.0115966796875,0.06640625,-1.102752685546875
2026-09-17T07:32:50.145056,1789630370145056300,98.58705615234376,-0.0825042724609375,0.067291259765625,-1.0587158203125
2026-09-17T07:32:50.155015,1789630370155015200,98.59701513671877,-0.0355987548828125,0.1006011962890625,-1.043609619140625
2026-09-17T07:32:50.164975,1789630370164975000,98.60697509765625,0.0162200927734375,0.1136627197265625,-0.8587646484375
2026-09-17T07:32:50.174935,1789630370174935300,98.61693530273438,0.01788330078125,0.09771728515625,-0.9664764404296876
2026-09-17T07:32:50.184894,1789630370184894200,98.62689428710938,-0.012054443359375,0.0816192626953125,-1.1762237548828125
2026-09-17T07:32:50.194854,1789630370194854100,98.63685424804687,-0.075286865234375,0.089019775390625,-0.959808349609375
2026-09-17T07:32:50.204814,1789630370204814000,98.64681396484374,0.0009307861328125,0.1009521484375,-0.9370574951171876
2026-09-17T07:32:50.214773,1789630370214773200,98.65677319335936,0.0403594970703125,0.089447021484375,-0.8613433837890625
2026-09-17T07:32:50.224733,1789630370224733400,98.6667333984375,-0.020721435546875,0.0491943359375,-1.202301025390625
2026-09-17T07:32:50.234693,1789630370234693400,98.676693359375,-0.10260009765625,0.0717315673828125,-1.1037750244140625
2026-09-17T07:32:50.244652,1789630370244652300,98.68665234375,-0.02081298828125,0.1184844970703125,-0.944305419921875
2026-09-17T07:32:50.254612,1789630370254612200,98.6966123046875,0.0068511962890625,0.11712646484375,-0.8670501708984375
2026-09-17T07:32:50.264571,1789630370264571100,98.70657104492189,-0.059051513671875,0.0878753662109375,-0.9786834716796876
2026-09-17T07:32:50.274531,1789630370274531000,98.71653100585938,-0.0137176513671875,0.073944091796875,-1.260040283203125
2026-09-17T07:32:50.284491,1789630370284491300,98.7264912109375,0.0156402587890625,0.1067352294921875,-0.905792236328125
2026-09-17T07:32:50.294450,1789630370294450200,98.7364501953125,-0.0121307373046875,0.0851593017578125,-0.8565826416015625
2026-09-17T07:32:50.304410,1789630370304410000,98.74641015625,-0.061767578125,0.0564117431640625,-1.0412139892578125
2026-09-17T07:32:50.314370,1789630370314370000,98.7563701171875,-0.0497589111328125,0.059051513671875,-1.1399383544921875
2026-09-17T07:32:50.324329,1789630370324329200,98.7663291015625,-0.02008056640625,0.068603515625,-1.0139007568359375
2026-09-17T07:32:50.334289,1789630370334289400,98.77628930664062,-0.0108489990234375,0.07293701171875,-0.8761138916015625
2026-09-17T07:32:50.344249,1789630370344249300,98.78624926757811,-0.02099609375,0.058685302734375,-0.983367919921875
2026-09-17T07:32:50.354208,1789630370354208300,98.79620825195312,-0.0111236572265625,0.07244873046875,-1.1194000244140625
2026-09-17T07:32:50.364168,1789630370364168200,98.80616821289064,-0.0243682861328125,0.0751495361328125,-1.0363311767578125
2026-09-17T07:32:50.374128,1789630370374128400,98.81612841796876,-0.036468505859375,0.0718994140625,-0.9052581787109376
2026-09-17T07:32:50.384087,1789630370384087300,98.82608740234376,-0.0333251953125,0.0693511962890625,-0.9307098388671876
2026-09-17T07:32:50.394047,1789630370394047200,98.83604711914064,-0.0268096923828125,0.063018798828125,-1.159088134765625
2026-09-17T07:32:50.404007,1789630370404007200,98.84600708007812,-0.0196075439453125,0.07867431640625,-1.05841064453125
2026-09-17T07:32:50.413966,1789630370413966000,98.85596606445311,-0.035125732421875,0.0743255615234375,-0.881988525390625
2026-09-17T07:32:50.423926,1789630370423926300,98.86592626953124,-0.02850341796875,0.0619964599609375,-0.95184326171875
2026-09-17T07:32:50.433886,1789630370433886200,98.87588623046877,-0.01373291015625,0.0503997802734375,-1.09283447265625
2026-09-17T07:32:50.443845,1789630370443845400,98.88584545898438,-0.006195068359375,0.047271728515625,-1.0598602294921875
2026-09-17T07:32:50.453805,1789630370453805300,98.89580541992189,-0.0191802978515625,0.0484771728515625,-0.9056396484375
2026-09-17T07:32:50.463764,1789630370463764200,98.90576416015624,-0.0184326171875,0.0415802001953125,-0.9637603759765624
2026-09-17T07:32:50.473724,1789630370473724200,98.91572412109376,-0.0198974609375,0.048614501953125,-1.0452880859375
2026-09-17T07:32:50.483684,1789630370483684400,98.92568432617188,-0.03082275390625,0.05322265625,-1.1042938232421875
2026-09-17T07:32:50.493643,1789630370493643300,98.93564331054688,-0.0297088623046875,0.063079833984375,-0.9402923583984376
2026-09-17T07:32:50.503603,1789630370503603200,98.94560327148436,-0.016754150390625,0.0622100830078125,-0.93243408203125
2026-09-17T07:32:50.513563,1789630370513563100,98.95556323242188,-0.011810302734375,0.0530548095703125,-1.0592498779296875
2026-09-17T07:32:50.523522,1789630370523522000,98.96552197265623,-0.02001953125,0.05511474609375,-1.0806121826171875
2026-09-17T07:32:50.533482,1789630370533482200,98.97548217773438,-0.0192108154296875,0.0643768310546875,-0.964599609375
2026-09-17T07:32:50.543442,1789630370543442200,98.98544213867189,-0.017059326171875,0.054595947265625,-0.923431396484375
2026-09-17T07:32:50.553401,1789630370553401300,98.9954013671875,-0.0203094482421875,0.0365447998046875,-1.0565948486328125
2026-09-17T07:32:50.563361,1789630370563361300,99.005361328125,-0.02178955078125,0.0352783203125,-1.059539794921875
2026-09-17T07:32:50.573321,1789630370573321200,99.0153212890625,-0.01739501953125,0.0360107421875,-0.984527587890625
2026-09-17T07:32:50.583280,1789630370583280400,99.0252802734375,-0.0183563232421875,0.0323638916015625,-0.9296875
2026-09-17T07:32:50.593240,1789630370593240300,99.035240234375,-0.022796630859375,0.0279083251953125,-1.0274200439453125
2026-09-17T07:32:50.603200,1789630370603200300,99.0452001953125,-0.0267791748046875,0.0300140380859375,-1.0727081298828125
2026-09-17T07:32:50.613159,1789630370613159200,99.0551591796875,-0.0252532958984375,0.0339202880859375,-0.9921875
2026-09-17T07:32:50.623119,1789630370623119400,99.06511938476562,-0.01885986328125,0.029022216796875,-0.9376678466796876
2026-09-17T07:32:50.633079,1789630370633079300,99.07507934570312,-0.0166015625,0.0164337158203125,-1.01422119140625
2026-09-17T07:32:50.643038,1789630370643038200,99.0850380859375,-0.015350341796875,0.0093841552734375,-1.0719451904296875
2026-09-17T07:32:50.652998,1789630370652998100,99.094998046875,-0.01666259765625,0.0145111083984375,-0.9870758056640624
2026-09-17T07:32:50.662957,1789630370662957300,99.10495727539065,-0.0178070068359375,0.0142669677734375,-0.9510040283203124
2026-09-17T07:32:50.672917,1789630370672917200,99.11491723632813,-0.01531982421875,0.0087890625,-1.009307861328125
2026-09-17T07:32:50.682877,1789630370682877200,99.12487719726562,-0.01214599609375,0.0102386474609375,-1.0557708740234375
2026-09-17T07:32:50.692836,1789630370692836400,99.13483642578124,-0.014495849609375,0.0172576904296875,-1.0078277587890625
2026-09-17T07:32:50.702796,1789630370702796300,99.14479638671877,-0.0145111083984375,0.017425537109375,-0.957000732421875
2026-09-17T07:32:50.712756,1789630370712756200,99.15475610351562,-0.015594482421875,0.0129241943359375,-0.99761962890625
2026-09-17T07:32:50.722715,1789630370722715100,99.16471508789064,-0.014862060546875,0.011688232421875,-1.0565338134765625
2026-09-17T07:32:50.732675,1789630370732675300,99.17467529296874,-0.0155181884765625,0.0109405517578125,-1.0128631591796875
2026-09-17T07:32:50.742635,1789630370742635300,99.18463525390624,-0.0154571533203125,0.0060882568359375,-0.9562225341796876
2026-09-17T07:32:50.752594,1789630370752594200,99.19459423828124,-0.0168304443359375,-0.006805419921875,-1.0016021728515625
2026-09-17T07:32:50.762554,1789630370762554000,99.20455419921876,-0.0188751220703125,-0.01715087890625,-1.0443878173828125
2026-09-17T07:32:50.772514,1789630370772514300,99.21451440429688,-0.01507568359375,-0.017303466796875,-1.008209228515625
2026-09-17T07:32:50.782473,1789630370782473200,99.22447314453125,-0.014678955078125,-0.0187225341796875,-0.96343994140625
2026-09-17T07:32:50.792433,1789630370792433200,99.23443310546875,-0.0168914794921875,-0.023834228515625,-0.9992523193359376
2026-09-17T07:32:50.802393,1789630370802393000,99.24439306640625,-0.0153045654296875,-0.0259857177734375,-1.0369873046875
2026-09-17T07:32:50.812352,1789630370812352300,99.25435229492189,-0.011566162109375,-0.0222015380859375,-1.014068603515625
2026-09-17T07:32:50.822312,1789630370822312400,99.2643125,-0.0072021484375,-0.0219879150390625,-0.97491455078125
2026-09-17T07:32:50.832272,1789630370832272400,99.2742724609375,-0.008544921875,-0.0267333984375,-0.9870147705078124
2026-09-17T07:32:50.842231,1789630370842231300,99.28423120117188,-0.01019287109375,-0.0303192138671875,-1.038665771484375
2026-09-17T07:32:50.852191,1789630370852191200,99.29419116210936,-0.0068817138671875,-0.027496337890625,-1.01495361328125
2026-09-17T07:32:50.862150,1789630370862150100,99.30415014648436,-0.0031585693359375,-0.0262603759765625,-0.97412109375
2026-09-17T07:32:50.872110,1789630370872110000,99.31411010742188,-0.0048980712890625,-0.02593994140625,-0.9916229248046876
2026-09-17T07:32:50.882070,1789630370882070300,99.3240703125,-0.00732421875,-0.0239410400390625,-1.029571533203125
2026-09-17T07:32:50.892029,1789630370892029200,99.334029296875,-0.0085601806640625,-0.019073486328125,-1.01129150390625
2026-09-17T07:32:50.901989,1789630370901989000,99.34398901367187,-0.0081939697265625,-0.014404296875,-0.9852447509765624
2026-09-17T07:32:50.911949,1789630370911949000,99.35394897460938,-0.011474609375,-0.01312255859375,-0.99444580078125
2026-09-17T07:32:50.921908,1789630370921908200,99.363908203125,-0.0136871337890625,-0.0133514404296875,-1.0247802734375
2026-09-17T07:32:50.931868,1789630370931868400,99.37386840820312,-0.015289306640625,-0.011871337890625,-1.01983642578125
2026-09-17T07:32:50.941828,1789630370941828400,99.38382836914064,-0.0159454345703125,-0.0124359130859375,-0.98162841796875
2026-09-17T07:32:50.951787,1789630370951787300,99.39378735351562,-0.016998291015625,-0.014007568359375,-0.993682861328125
2026-09-17T07:32:50.961747,1789630370961747200,99.40374731445311,-0.016357421875,-0.014617919921875,-1.0213165283203125
2026-09-17T07:32:50.971707,1789630370971707400,99.41370727539062,-0.01708984375,-0.0111846923828125,-1.0191650390625
2026-09-17T07:32:50.981666,1789630370981666300,99.42366625976562,-0.0181427001953125,-0.0074005126953125,-0.9845428466796876
2026-09-17T07:32:50.991626,1789630370991626500,99.43362646484375,-0.01727294921875,-0.007568359375,-0.9935760498046876
2026-09-17T07:32:51.001585,1789630371001585400,99.44358544921874,-0.013214111328125,-0.0058135986328125,-1.0171051025390625
2026-09-17T07:32:51.011545,1789630371011545300,99.45354541015624,-0.012542724609375,-0.0039215087890625,-1.0155487060546875
2026-09-17T07:32:51.021505,1789630371021505300,99.46350537109376,-0.01239013671875,-0.0041656494140625,-0.9943084716796876
2026-09-17T07:32:51.031464,1789630371031464400,99.47346435546876,-0.0115814208984375,-0.005126953125,-0.9932708740234376
2026-09-17T07:32:51.041424,1789630371041424600,99.48342456054688,-0.0115509033203125,-0.00689697265625,-1.01275634765625
2026-09-17T07:32:51.051384,1789630371051384600,99.49338452148436,-0.01123046875,-0.0073394775390625,-1.0167236328125
2026-09-17T07:32:51.061343,1789630371061343500,99.50334350585938,-0.0118560791015625,-0.004150390625,-0.99627685546875
2026-09-17T07:32:51.071303,1789630371071303400,99.51330346679688,-0.010528564453125,-0.00439453125,-0.9926300048828124
2026-09-17T07:32:51.081263,1789630371081263400,99.52326342773438,-0.01220703125,-0.009033203125,-1.014984130859375
2026-09-17T07:32:51.091222,1789630371091222500,99.53322241210938,-0.0139617919921875,-0.0135955810546875,-1.01312255859375
2026-09-17T07:32:51.101182,1789630371101182500,99.54318237304688,-0.0119781494140625,-0.013214111328125,-0.9972381591796876
2026-09-17T07:32:51.111142,1789630371111142400,99.55314233398435,-0.0110931396484375,-0.0138397216796875,-0.9982147216796876
2026-09-17T07:32:51.121101,1789630371121101300,99.56310131835936,-0.0101165771484375,-0.0167694091796875,-1.0110015869140625
2026-09-17T07:32:51.131061,1789630371131061200,99.57306127929688,-0.0109100341796875,-0.0173492431640625,-1.0084686279296875
2026-09-17T07:32:51.141020,1789630371141020400,99.5830205078125,-0.011444091796875,-0.01519775390625,-0.997039794921875
2026-09-17T07:32:51.150980,1789630371150980400,99.59298046875,-0.0108489990234375,-0.0159454345703125,-0.997406005859375
2026-09-17T07:32:51.160940,1789630371160940300,99.60294018554688,-0.0115966796875,-0.0177154541015625,-1.0105438232421875
2026-09-17T07:32:51.170899,1789630371170899500,99.6128994140625,-0.0113983154296875,-0.017608642578125,-1.010650634765625
2026-09-17T07:32:51.180859,1789630371180859400,99.622859375,-0.01214599609375,-0.0161285400390625,-0.9988250732421876
2026-09-17T07:32:51.190819,1789630371190819600,99.63281958007812,-0.0131683349609375,-0.017333984375,-0.99578857421875
2026-09-17T07:32:51.200778,1789630371200778500,99.64277856445312,-0.0157012939453125,-0.0172119140625,-1.01080322265625
2026-09-17T07:32:51.210738,1789630371210738400,99.65273852539065,-0.01617431640625,-0.0139312744140625,-1.0099029541015625
2026-09-17T07:32:51.220698,1789630371220698400,99.66269848632813,-0.0150299072265625,-0.0114593505859375,-0.9984130859375
2026-09-17T07:32:51.230657,1789630371230657300,99.6726572265625,-0.0148162841796875,-0.01025390625,-0.99957275390625
2026-09-17T07:32:51.240617,1789630371240617500,99.68261743164062,-0.0151519775390625,-0.0086822509765625,-1.0103607177734375
2026-09-17T07:32:51.250577,1789630371250577400,99.69257739257812,-0.0157470703125,-0.0071868896484375,-1.0079498291015625
2026-09-17T07:32:51.260536,1789630371260536300,99.70253637695312,-0.0130767822265625,-0.00604248046875,-0.999755859375
2026-09-17T07:32:51.270496,1789630371270496300,99.71249633789064,-0.0111846923828125,-0.006103515625,-1.0004119873046875
2026-09-17T07:32:51.280456,1789630371280456200,99.72245629882812,-0.0121612548828125,-0.0072174072265625,-1.0085296630859375
2026-09-17T07:32:51.290415,1789630371290415400,99.73241528320312,-0.011871337890625,-0.00885009765625,-1.0086517333984375
2026-09-17T07:32:51.300375,1789630371300375600,99.74237548828124,-0.01171875,-0.00994873046875,-1.001007080078125
2026-09-17T07:32:51.310334,1789630371310334500,99.75233447265624,-0.0108489990234375,-0.011871337890625,-0.9996795654296876
2026-09-17T07:32:51.320294,1789630371320294400,99.76229443359377,-0.0125885009765625,-0.0147705078125,-1.006744384765625
2026-09-17T07:32:51.330254,1789630371330254300,99.77225439453125,-0.0125274658203125,-0.01446533203125,-1.0072174072265625
2026-09-17T07:32:51.340213,1789630371340213200,99.78221313476564,-0.0103607177734375,-0.0149078369140625,-1.0020751953125
2026-09-17T07:32:51.350173,1789630371350173400,99.79217333984376,-0.010833740234375,-0.0146484375,-1.002685546875
2026-09-17T07:32:51.360133,1789630371360133400,99.80213330078124,-0.01312255859375,-0.013427734375,-1.0063629150390625
2026-09-17T07:32:51.370092,1789630371370092300,99.81209228515624,-0.012725830078125,-0.01507568359375,-1.00677490234375
2026-09-17T07:32:51.380052,1789630371380052200,99.82205224609376,-0.0128631591796875,-0.0152435302734375,-1.001861572265625
2026-09-17T07:32:51.390012,1789630371390012400,99.83201245117188,-0.0128326416015625,-0.01568603515625,-1.001708984375
2026-09-17T07:32:51.399971,1789630371399971600,99.8419716796875,-0.0144500732421875,-0.0161895751953125,-1.0058135986328125
2026-09-17T07:32:51.409931,1789630371409931500,99.851931640625,-0.0135040283203125,-0.0147857666015625,-1.006744384765625
2026-09-17T07:32:51.419890,1789630371419890400,99.86189038085938,-0.013458251953125,-0.013763427734375,-1.000823974609375
2026-09-17T07:32:51.429850,1789630371429850400,99.87185034179689,-0.0134735107421875,-0.0133209228515625,-1.002593994140625
2026-09-17T07:32:51.439810,1789630371439810600,99.881810546875,-0.013916015625,-0.011474609375,-1.0065155029296875
2026-09-17T07:32:51.449769,1789630371449769500,99.89176953125,-0.01153564453125,-0.0113372802734375,-1.0059356689453125
2026-09-17T07:32:51.459729,1789630371459729400,99.9017294921875,-0.011749267578125,-0.009613037109375,-1.0030517578125
2026-09-17T07:32:51.469689,1789630371469689300,99.911689453125,-0.0119781494140625,-0.0102691650390625,-1.00030517578125
2026-09-17T07:32:51.479648,1789630371479648300,99.92164819335936,-0.0118255615234375,-0.0123748779296875,-1.006103515625
2026-09-17T07:32:51.489608,1789630371489608200,99.93160815429688,-0.013702392578125,-0.0133819580078125,-1.0065460205078125
2026-09-17T07:32:51.499568,1789630371499568400,99.941568359375,-0.011932373046875,-0.01129150390625,-1.0019378662109375
2026-09-17T07:32:51.509527,1789630371509527600,99.95152758789062,-0.012115478515625,-0.0118255615234375,-0.999603271484375
2026-09-17T07:32:51.519487,1789630371519487500,99.96148754882812,-0.0131072998046875,-0.014190673828125,-1.007171630859375
2026-09-17T07:32:51.529447,1789630371529447400,99.97144750976562,-0.011749267578125,-0.0140228271484375,-1.008026123046875
2026-09-17T07:32:51.539406,1789630371539406300,99.98140625,-0.010986328125,-0.013763427734375,-1.0022430419921875
2026-09-17T07:32:51.549366,1789630371549366500,99.99136645507812,-0.012451171875,-0.01312255859375,-1.00048828125
2026-09-17T07:32:51.559325,1789630371559325400,100.00132543945313,-0.01312255859375,-0.01318359375,-1.0057525634765625
2026-09-17T07:32:51.569285,1789630371569285400,100.01128540039062,-0.0109710693359375,-0.01275634765625,-1.0077667236328125
2026-09-17T07:32:51.579245,1789630371579245300,100.02124536132813,-0.0104522705078125,-0.011871337890625,-1.0030059814453125
2026-09-17T07:32:51.589204,1789630371589204200,100.03120434570312,-0.0130767822265625,-0.012725830078125,-0.999664306640625
2026-09-17T07:32:51.599164,1789630371599164400,100.04116430664062,-0.0113372802734375,-0.01422119140625,-1.0033721923828125
2026-09-17T07:32:51.609124,1789630371609124400,100.05112426757812,-0.0125274658203125,-0.01397705078125,-1.0067901611328125
2026-09-17T07:32:51.619083,1789630371619083500,100.06108349609374,-0.0116119384765625,-0.014862060546875,-1.00347900390625
2026-09-17T07:32:51.629043,1789630371629043500,100.07104345703124,-0.0119171142578125,-0.0165252685546875,-1.0000152587890625
2026-09-17T07:32:51.639003,1789630371639003400,100.08100341796874,-0.01226806640625,-0.0140838623046875,-1.0042266845703125
2026-09-17T07:32:51.648962,1789630371648962600,100.09096264648436,-0.012237548828125,-0.01611328125,-1.006866455078125
2026-09-17T07:32:51.658922,1789630371658922500,100.10092260742188,-0.0150909423828125,-0.01446533203125,-1.005218505859375
2026-09-17T07:32:51.668882,1789630371668882400,100.11088232421876,-0.0133819580078125,-0.014801025390625,-1.00201416015625
2026-09-17T07:32:51.678841,1789630371678841300,100.12084130859375,-0.0114288330078125,-0.01318359375,-1.0009765625
2026-09-17T07:32:51.688801,1789630371688801300,100.13080126953125,-0.0141143798828125,-0.0126800537109375,-1.0065460205078125
2026-09-17T07:32:51.698760,1789630371698760400,100.14076049804687,-0.0158843994140625,-0.0134735107421875,-1.005706787109375
2026-09-17T07:32:51.708720,1789630371708720400,100.15072045898438,-0.01336669921875,-0.012298583984375,-1.00225830078125
2026-09-17T07:32:51.718680,1789630371718680300,100.16068041992187,-0.011810302734375,-0.0124359130859375,-1.0027618408203125
2026-09-17T07:32:51.728639,1789630371728639500,100.17063940429688,-0.012939453125,-0.011871337890625,-1.004547119140625
2026-09-17T07:32:51.738599,1789630371738599400,100.18059936523436,-0.0136260986328125,-0.0128631591796875,-1.002960205078125
2026-09-17T07:32:51.748559,1789630371748559400,100.19055932617188,-0.0131683349609375,-0.0130157470703125,-1.00390625
2026-09-17T07:32:51.758518,1789630371758518500,100.2005185546875,-0.0119781494140625,-0.012115478515625,-1.004364013671875
2026-09-17T07:32:51.768478,1789630371768478500,100.210478515625,-0.0118865966796875,-0.0131072998046875,-1.0055084228515625
2026-09-17T07:32:51.778438,1789630371778438400,100.2204384765625,-0.011871337890625,-0.012054443359375,-1.0051727294921875
2026-09-17T07:32:51.788397,1789630371788397300,100.23039721679687,-0.011016845703125,-0.0133514404296875,-1.0045166015625
2026-09-17T07:32:51.798357,1789630371798357500,100.240357421875,-0.0108184814453125,-0.0141143798828125,-1.003509521484375
2026-09-17T07:32:51.808316,1789630371808316400,100.25031640625,-0.0106964111328125,-0.012359619140625,-1.0041046142578125
2026-09-17T07:32:51.818276,1789630371818276400,100.2602763671875,-0.010284423828125,-0.012725830078125,-1.0027618408203125
2026-09-17T07:32:51.828236,1789630371828236300,100.270236328125,-0.010955810546875,-0.012451171875,-1.0039825439453125
2026-09-17T07:32:51.838195,1789630371838195200,100.2801953125,-0.011932373046875,-0.011260986328125,-1.0034637451171875
2026-09-17T07:32:51.848155,1789630371848155400,100.2901552734375,-0.01153564453125,-0.0118255615234375,-1.0047149658203125
2026-09-17T07:32:51.858115,1789630371858115300,100.300115234375,-0.0135345458984375,-0.0130157470703125,-1.0037689208984375
2026-09-17T07:32:51.868074,1789630371868074500,100.31007446289064,-0.013824462890625,-0.0121002197265625,-1.002777099609375
2026-09-17T07:32:51.878034,1789630371878034400,100.32003442382812,-0.014404296875,-0.01373291015625,-1.0035400390625
2026-09-17T07:32:51.887994,1789630371887994400,100.32999438476564,-0.015869140625,-0.0136566162109375,-1.00225830078125
2026-09-17T07:32:51.897953,1789630371897953500,100.33995361328124,-0.0155181884765625,-0.0144500732421875,-1.004486083984375
2026-09-17T07:32:51.907913,1789630371907913500,100.34991357421876,-0.015533447265625,-0.01202392578125,-1.00762939453125
2026-09-17T07:32:51.917872,1789630371917872400,100.35987231445311,-0.0158538818359375,-0.0124359130859375,-1.0043182373046875
2026-09-17T07:32:51.927832,1789630371927832300,100.36983227539062,-0.0146331787109375,-0.013702392578125,-0.99945068359375
2026-09-17T07:32:51.937792,1789630371937792300,100.37979223632811,-0.0137939453125,-0.0132598876953125,-1.0040130615234375
2026-09-17T07:32:51.947751,1789630371947751400,100.38975146484376,-0.014312744140625,-0.01483154296875,-1.009918212890625
2026-09-17T07:32:51.957711,1789630371957711400,100.39971142578123,-0.0125732421875,-0.0150146484375,-1.0031280517578125
2026-09-17T07:32:51.967671,1789630371967671300,100.40967138671876,-0.0124664306640625,-0.014678955078125,-0.999664306640625
2026-09-17T07:32:51.977630,1789630371977630500,100.41963037109376,-0.012237548828125,-0.014251708984375,-1.005462646484375
2026-09-17T07:32:51.987590,1789630371987590400,100.42959033203124,-0.011138916015625,-0.014312744140625,-1.0095062255859375
2026-09-17T07:32:51.997550,1789630371997550000,100.43955004882812,-0.0090179443359375,-0.01287841796875,-1.0031585693359375
2026-09-17T07:32:52.007509,1789630372007509000,100.44950903320311,-0.009124755859375,-0.0128021240234375,-1.000244140625
2026-09-17T07:32:52.017469,1789630372017469000,100.45946899414062,-0.008880615234375,-0.0131378173828125,-1.004180908203125
2026-09-17T07:32:52.027429,1789630372027429000,100.46942919921877,-0.0110626220703125,-0.013458251953125,-1.0077667236328125
2026-09-17T07:32:52.037388,1789630372037388000,100.47938793945312,-0.0099334716796875,-0.014434814453125,-1.0038299560546875
2026-09-17T07:32:52.047348,1789630372047348000,100.48934790039064,-0.0124053955078125,-0.014495849609375,-1.001068115234375
2026-09-17T07:32:52.057307,1789630372057307000,100.49930688476564,-0.0126190185546875,-0.0126953125,-1.006317138671875
2026-09-17T07:32:52.067266,1789630372067266800,100.50926684570312,-0.0122222900390625,-0.0127716064453125,-1.0080718994140625
2026-09-17T07:32:52.077226,1789630372077226800,100.51922680664065,-0.0125579833984375,-0.0133514404296875,-1.0015411376953125
2026-09-17T07:32:52.087186,1789630372087186200,100.52918627929688,-0.015045166015625,-0.013916015625,-1.0022125244140625
2026-09-17T07:32:52.097146,1789630372097146000,100.53914599609377,-0.0161285400390625,-0.0132293701171875,-1.0080718994140625
2026-09-17T07:32:52.107106,1789630372107106000,100.54910595703124,-0.015533447265625,-0.012481689453125,-1.0068817138671875
2026-09-17T07:32:52.117065,1789630372117065000,100.55906494140623,-0.01495361328125,-0.012237548828125,-1.0019378662109375
2026-09-17T07:32:52.127025,1789630372127025000,100.56902490234376,-0.014862060546875,-0.0140838623046875,-1.001922607421875
2026-09-17T07:32:52.136983,1789630372136983800,100.57898388671876,-0.0151214599609375,-0.013916015625,-1.0066986083984375
2026-09-17T07:32:52.146944,1789630372146944000,100.58894409179688,-0.0143585205078125,-0.0148468017578125,-1.00433349609375
2026-09-17T07:32:52.156904,1789630372156904000,100.59890405273435,-0.0117645263671875,-0.0135498046875,-1.000701904296875
2026-09-17T07:32:52.166862,1789630372166862800,100.60886279296876,-0.0124053955078125,-0.012237548828125,-1.004425048828125
2026-09-17T07:32:52.176822,1789630372176822800,100.61882275390624,-0.0117950439453125,-0.0119781494140625,-1.0070953369140625
2026-09-17T07:32:52.186783,1789630372186783000,100.62878295898436,-0.01055908203125,-0.0117034912109375,-1.0048980712890625
2026-09-17T07:32:52.196742,1789630372196742100,100.6387421875,-0.010833740234375,-0.0120391845703125,-1.0005340576171875
2026-09-17T07:32:52.206702,1789630372206702000,100.6487021484375,-0.0115203857421875,-0.0135650634765625,-1.005859375
2026-09-17T07:32:52.216662,1789630372216662000,100.658662109375,-0.01104736328125,-0.01312255859375,-1.009490966796875
2026-09-17T07:32:52.226621,1789630372226621000,100.66862084960935,-0.0114288330078125,-0.012481689453125,-1.0025482177734375
2026-09-17T07:32:52.236581,1789630372236581000,100.6785810546875,-0.01275634765625,-0.0113525390625,-0.9993743896484376
2026-09-17T07:32:52.246541,1789630372246541000,100.688541015625,-0.012481689453125,-0.0125579833984375,-1.0068206787109375
2026-09-17T07:32:52.256500,1789630372256500000,100.6985,-0.0131988525390625,-0.0121307373046875,-1.0082244873046875
2026-09-17T07:32:52.266460,1789630372266460000,100.7084599609375,-0.0127410888671875,-0.0115966796875,-1.0027313232421875
2026-09-17T07:32:52.276418,1789630372276418800,100.71841870117188,-0.011322021484375,-0.0124053955078125,-1.00054931640625
2026-09-17T07:32:52.286379,1789630372286379000,100.72837890625,-0.0131378173828125,-0.01373291015625,-1.005279541015625
2026-09-17T07:32:52.296339,1789630372296339000,100.7383388671875,-0.0132293701171875,-0.013946533203125,-1.0067596435546875
2026-09-17T07:32:52.306298,1789630372306298000,100.74829809570312,-0.0119171142578125,-0.013824462890625,-1.0015869140625
2026-09-17T07:32:52.316258,1789630372316258000,100.75825805664064,-0.0133514404296875,-0.0143890380859375,-1.0026702880859375
2026-09-17T07:32:52.326218,1789630372326218000,100.76821801757812,-0.0143585205078125,-0.015411376953125,-1.0077972412109375
2026-09-17T07:32:52.336177,1789630372336177000,100.77817700195313,-0.0145263671875,-0.0146636962890625,-1.0059356689453125
2026-09-17T07:32:52.346137,1789630372346137000,100.78813720703126,-0.0146026611328125,-0.01409912109375,-1.0004119873046875
2026-09-17T07:32:52.356096,1789630372356096000,100.79809594726562,-0.013153076171875,-0.013275146484375,-1.002532958984375
2026-09-17T07:32:52.366056,1789630372366056000,100.80805590820312,-0.0128326416015625,-0.015350341796875,-1.007659912109375
2026-09-17T07:32:52.376016,1789630372376016000,100.81801586914062,-0.013519287109375,-0.0145721435546875,-1.0047607421875
2026-09-17T07:32:52.385974,1789630372385974800,100.82797485351564,-0.0127410888671875,-0.0154266357421875,-1.00018310546875
2026-09-17T07:32:52.395935,1789630372395935000,100.83793505859374,-0.011474609375,-0.012847900390625,-1.0029296875
2026-09-17T07:32:52.405895,1789630372405895000,100.84789501953124,-0.01214599609375,-0.01300048828125,-1.006072998046875
2026-09-17T07:32:52.415854,1789630372415854000,100.85785400390624,-0.0128631591796875,-0.0123748779296875,-1.006195068359375
2026-09-17T07:32:52.425814,1789630372425814000,100.86781396484376,-0.01214599609375,-0.0095977783203125,-1.0016021728515625
2026-09-17T07:32:52.435774,1789630372435774200,100.87777416992188,-0.0113067626953125,-0.0099029541015625,-1.002655029296875
2026-09-17T07:32:52.445733,1789630372445733000,100.88773315429688,-0.010955810546875,-0.00933837890625,-1.00762939453125
2026-09-17T07:32:52.455693,1789630372455693000,100.89769311523438,-0.01239013671875,-0.0082244873046875,-1.007904052734375
2026-09-17T07:32:52.465652,1789630372465652000,100.90765185546876,-0.0127716064453125,-0.008636474609375,-1.0034332275390625
2026-09-17T07:32:52.475612,1789630372475612000,100.91761181640624,-0.0115509033203125,-0.0077056884765625,-1.0021209716796875
2026-09-17T07:32:52.485572,1789630372485572000,100.92757202148438,-0.0131378173828125,-0.0080413818359375,-1.0067138671875
2026-09-17T07:32:52.495531,1789630372495531000,100.93753100585936,-0.0154266357421875,-0.00933837890625,-1.009613037109375
2026-09-17T07:32:52.505491,1789630372505491000,100.94749096679688,-0.014129638671875,-0.0113372802734375,-1.003631591796875
2026-09-17T07:32:52.515451,1789630372515451000,100.95745092773436,-0.013336181640625,-0.01300048828125,-1.000396728515625
2026-09-17T07:32:52.525410,1789630372525410000,100.96741015625,-0.015960693359375,-0.0137176513671875,-1.0057525634765625
2026-09-17T07:32:52.535370,1789630372535370000,100.97736987304688,-0.0171356201171875,-0.0142059326171875,-1.007354736328125
2026-09-17T07:32:52.545329,1789630372545329200,100.9873291015625,-0.0153350830078125,-0.0134429931640625,-1.00250244140625
2026-09-17T07:32:52.555289,1789630372555289000,100.9972890625,-0.0123748779296875,-0.014678955078125,-1.0020904541015625
2026-09-17T07:32:52.565249,1789630372565249000,101.0072490234375,-0.0133819580078125,-0.018402099609375,-1.0063323974609375
2026-09-17T07:32:52.575208,1789630372575208000,101.0172080078125,-0.01336669921875,-0.0177764892578125,-1.006072998046875
2026-09-17T07:32:52.585168,1789630372585168000,101.02716796875,-0.011810302734375,-0.01776123046875,-1.000885009765625
2026-09-17T07:32:52.595128,1789630372595128000,101.03712817382812,-0.0109710693359375,-0.019622802734375,-1.00396728515625
2026-09-17T07:32:52.605087,1789630372605087000,101.0470869140625,-0.013275146484375,-0.018218994140625,-1.0056610107421875
2026-09-17T07:32:52.615047,1789630372615047000,101.057046875,-0.01171875,-0.017822265625,-1.0003204345703125
2026-09-17T07:32:52.625006,1789630372625006800,101.0670068359375,-0.0126953125,-0.01422119140625,-1.0032806396484375
2026-09-17T07:32:52.634966,1789630372634966000,101.07696606445312,-0.015472412109375,-0.0175018310546875,-1.004913330078125
2026-09-17T07:32:52.644926,1789630372644926000,101.08692602539062,-0.0163726806640625,-0.0181732177734375,-1.00689697265625
2026-09-17T07:32:52.654885,1789630372654885000,101.09688500976564,-0.0174407958984375,-0.015869140625,-1.000762939453125
2026-09-17T07:32:52.664845,1789630372664845000,101.10684497070312,-0.016265869140625,-0.0163421630859375,-1.000579833984375
2026-09-17T07:32:52.674805,1789630372674805000,101.11680493164064,-0.015411376953125,-0.0142822265625,-1.00579833984375
2026-09-17T07:32:52.684764,1789630372684764000,101.12676391601562,-0.017486572265625,-0.0121307373046875,-1.010589599609375
2026-09-17T07:32:52.694724,1789630372694724000,101.13672412109376,-0.020538330078125,-0.011260986328125,-1.0039825439453125
2026-09-17T07:32:52.704684,1789630372704684000,101.14668408203126,-0.021820068359375,-0.009246826171875,-1.0000152587890625
2026-09-17T07:32:52.714643,1789630372714643000,101.15664282226562,-0.0243377685546875,-0.0104522705078125,-1.007171630859375
2026-09-17T07:32:52.724603,1789630372724603000,101.16660278320312,-0.0220947265625,-0.0088653564453125,-1.0105743408203125
2026-09-17T07:32:52.734562,1789630372734562000,101.17656201171874,-0.019439697265625,-0.0042877197265625,-1.001220703125
2026-09-17T07:32:52.744522,1789630372744522000,101.18652197265624,-0.0185089111328125,0.000396728515625,-0.9979705810546876
2026-09-17T07:32:52.754482,1789630372754482000,101.19648193359374,-0.0224761962890625,-0.00238037109375,-1.009429931640625
2026-09-17T07:32:52.764441,1789630372764441000,101.20644116210936,-0.02972412109375,-0.00390625,-1.0108795166015625
2026-09-17T07:32:52.774401,1789630372774401000,101.21640112304688,-0.030548095703125,-0.0038604736328125,-1.003448486328125
2026-09-17T07:32:52.784361,1789630372784361000,101.22636083984376,-0.0276336669921875,-0.005340576171875,-0.997711181640625
2026-09-17T07:32:52.794320,1789630372794320100,101.23632006835938,-0.025421142578125,-0.00909423828125,-1.009307861328125
2026-09-17T07:32:52.804280,1789630372804280000,101.24628002929688,-0.0283660888671875,-0.0101470947265625,-1.0079803466796875
2026-09-17T07:32:52.814240,1789630372814240000,101.25623999023438,-0.025115966796875,-0.0055999755859375,-0.9965057373046876
2026-09-17T07:32:52.824199,1789630372824199000,101.26619897460938,-0.024566650390625,-0.0026702880859375,-1.0043487548828125
2026-09-17T07:32:52.834158,1789630372834158800,101.27615893554687,-0.0274200439453125,-0.0034027099609375,-1.0100860595703125
2026-09-17T07:32:52.844117,1789630372844117800,101.28611767578126,-0.03485107421875,-0.0040283203125,-1.0055694580078125
2026-09-17T07:32:52.854078,1789630372854078000,101.29607788085936,-0.0341644287109375,0.0003509521484375,-0.99920654296875
2026-09-17T07:32:52.864038,1789630372864038000,101.30603784179688,-0.02783203125,0.003173828125,-1.006866455078125
2026-09-17T07:32:52.873997,1789630372873997000,101.3159970703125,-0.026947021484375,0.0036773681640625,-1.0087738037109375
2026-09-17T07:32:52.883957,1789630372883957000,101.32595703125,-0.0319976806640625,0.000946044921875,-1.004669189453125
2026-09-17T07:32:52.893917,1789630372893917200,101.33591723632811,-0.0351104736328125,-0.000946044921875,-1.003662109375
2026-09-17T07:32:52.903876,1789630372903876000,101.3458759765625,-0.0348052978515625,-0.0021820068359375,-1.006072998046875
2026-09-17T07:32:52.913836,1789630372913836000,101.3558359375,-0.029541015625,0.000335693359375,-1.005218505859375
2026-09-17T07:32:52.923795,1789630372923795000,101.365794921875,-0.0256805419921875,0.00128173828125,-1.0042266845703125
2026-09-17T07:32:52.933755,1789630372933755000,101.3757548828125,-0.0219268798828125,0.0059967041015625,-0.99981689453125
2026-09-17T07:32:52.943715,1789630372943715000,101.38571508789065,-0.0203094482421875,0.0054779052734375,-1.0047149658203125
2026-09-17T07:32:52.953674,1789630372953674000,101.39567407226562,-0.0266876220703125,-0.00335693359375,-1.0101470947265625
2026-09-17T07:32:52.963634,1789630372963634000,101.40563403320311,-0.0314483642578125,-0.008056640625,-1.004150390625
2026-09-17T07:32:52.973593,1789630372973593900,101.41559375,-0.027923583984375,-0.0108184814453125,-1.0025634765625
2026-09-17T07:32:52.983553,1789630372983553000,101.42555297851564,-0.018524169921875,-0.0069122314453125,-1.00885009765625
2026-09-17T07:32:52.993512,1789630372993512700,101.4355126953125,-0.0169677734375,-0.0046539306640625,-0.9920501708984376
2026-09-17T07:32:53.003472,1789630373003472600,101.44547265625,-0.017120361328125,-0.0087127685546875,-1.0067901611328125
2026-09-17T07:32:53.013431,1789630373013431600,101.455431640625,-0.0161285400390625,-0.0075225830078125,-1.0203094482421875
2026-09-17T07:32:53.023391,1789630373023391500,101.4653916015625,-0.0165252685546875,-0.0062713623046875,-1.001861572265625
2026-09-17T07:32:53.033350,1789630373033350400,101.47535034179688,-0.0207977294921875,-0.0098724365234375,-0.9928436279296876
2026-09-17T07:32:53.043310,1789630373043310600,101.485310546875,-0.027496337890625,-0.0128631591796875,-1.002838134765625
2026-09-17T07:32:53.053270,1789630373053270500,101.4952705078125,-0.0263519287109375,-0.014862060546875,-1.02044677734375
2026-09-17T07:32:53.063229,1789630373063229400,101.5052294921875,-0.0189361572265625,-0.0175018310546875,-0.992340087890625
2026-09-17T07:32:53.073189,1789630373073189400,101.515189453125,-0.01165771484375,-0.02008056640625,-0.9945220947265624
2026-09-17T07:32:53.083149,1789630373083149300,101.5251494140625,-0.0163116455078125,-0.023773193359375,-0.997314453125
2026-09-17T07:32:53.093108,1789630373093108500,101.5351083984375,-0.033111572265625,-0.02734375,-1.0200653076171875
2026-09-17T07:32:53.103068,1789630373103068700,101.54506860351565,-0.04193115234375,-0.026336669921875,-1.001953125
2026-09-17T07:32:53.113027,1789630373113027600,101.55502758789062,-0.0400238037109375,-0.0229034423828125,-0.9938812255859376
2026-09-17T07:32:53.122987,1789630373122987500,101.56498754882811,-0.0361480712890625,-0.0235443115234375,-0.9874725341796876
2026-09-17T07:32:53.132947,1789630373132947500,101.57494750976562,-0.026947021484375,-0.0277862548828125,-1.03546142578125
2026-09-17T07:32:53.142906,1789630373142906400,101.58490625,-0.01690673828125,-0.0191802978515625,-1.014312744140625
2026-09-17T07:32:53.152866,1789630373152866600,101.59486645507812,-0.009521484375,-0.0097808837890625,-0.971832275390625
2026-09-17T07:32:53.162826,1789630373162826500,101.60482641601564,-0.0148468017578125,-0.013275146484375,-0.98223876953125
2026-09-17T07:32:53.172785,1789630373172785400,101.61478540039064,-0.0355987548828125,-0.0159149169921875,-1.037750244140625
2026-09-17T07:32:53.182745,1789630373182745300,101.62474536132812,-0.0552978515625,-0.005096435546875,-1.0159759521484375
2026-09-17T07:32:53.192704,1789630373192704500,101.63470458984376,-0.0667877197265625,-0.0210723876953125,-0.9865264892578124
2026-09-17T07:32:53.202664,1789630373202664700,101.64466479492188,-0.055572509765625,-0.02655029296875,-1.01629638671875
2026-09-17T07:32:53.212624,1789630373212624600,101.65462475585936,-0.0204315185546875,-0.02069091796875,-1.0258026123046875
2026-09-17T07:32:53.222583,1789630373222583600,101.66458349609375,0.00494384765625,-0.0201416015625,-0.969879150390625
2026-09-17T07:32:53.232543,1789630373232543500,101.67454345703123,0.00579833984375,-0.01910400390625,-1.0135498046875
2026-09-17T07:32:53.242503,1789630373242503700,101.68450366210938,-0.024810791015625,-0.02191162109375,-1.0005340576171875
2026-09-17T07:32:53.252462,1789630373252462600,101.69446264648435,-0.05181884765625,-0.036590576171875,-1.009002685546875
2026-09-17T07:32:53.262422,1789630373262422500,101.70442260742188,-0.047210693359375,-0.0345306396484375,-1.0083770751953125
2026-09-17T07:32:53.272381,1789630373272381400,101.71438134765626,-0.0160675048828125,-0.0159454345703125,-1.004608154296875
2026-09-17T07:32:53.282341,1789630373282341400,101.72434130859376,0.0007171630859375,-0.017364501953125,-0.9972686767578124
2026-09-17T07:32:53.292301,1789630373292301300,101.73430126953124,-0.0153656005859375,-0.0216217041015625,-0.98968505859375
2026-09-17T07:32:53.302260,1789630373302260700,101.7442607421875,-0.0158843994140625,-0.0277099609375,-1.047515869140625
2026-09-17T07:32:53.312220,1789630373312220700,101.754220703125,-0.0124664306640625,-0.0146942138671875,-0.9951629638671876
2026-09-17T07:32:53.322180,1789630373322180600,101.7641806640625,-0.0032501220703125,-0.0089874267578125,-0.941070556640625
2026-09-17T07:32:53.332139,1789630373332139500,101.77413940429688,-0.012664794921875,-0.020599365234375,-1.0539398193359375
2026-09-17T07:32:53.342099,1789630373342099500,101.78409936523435,-0.0376739501953125,-0.008697509765625,-0.999053955078125
2026-09-17T07:32:53.352058,1789630373352058600,101.79405859375,-0.0295562744140625,-0.0212249755859375,-1.0039215087890625
2026-09-17T07:32:53.362018,1789630373362018600,101.8040185546875,-0.0304412841796875,-0.0115966796875,-1.017059326171875
2026-09-17T07:32:53.371978,1789630373371978500,101.813978515625,-0.023712158203125,-0.016571044921875,-0.9785308837890624
2026-09-17T07:32:53.381937,1789630373381937400,101.8239375,-0.00738525390625,-0.01348876953125,-1.030731201171875
2026-09-17T07:32:53.391897,1789630373391897300,101.8338974609375,-0.0025482177734375,-0.0131988525390625,-0.9594879150390624
2026-09-17T07:32:53.401857,1789630373401857500,101.843857421875,0.0030975341796875,-0.0310821533203125,-1.055938720703125
2026-09-17T07:32:53.411816,1789630373411816700,101.85381665039064,-0.02484130859375,-0.0174407958984375,-0.98699951171875
2026-09-17T07:32:53.421776,1789630373421776600,101.86377661132812,-0.03680419921875,-0.03277587890625,-0.99395751953125
2026-09-17T07:32:53.431735,1789630373431735600,101.87373559570312,-0.0313568115234375,-0.02020263671875,-1.014556884765625
2026-09-17T07:32:53.441695,1789630373441695500,101.88369555664065,-0.036102294921875,-0.018829345703125,-0.9746856689453124
2026-09-17T07:32:53.451655,1789630373451655700,101.89365576171876,-0.017822265625,-0.03826904296875,-1.0551300048828125
2026-09-17T07:32:53.461614,1789630373461614600,101.90361450195311,-0.0218353271484375,-0.03106689453125,-1.00225830078125
2026-09-17T07:32:53.471574,1789630373471574500,101.91357446289062,-0.0016326904296875,-0.02935791015625,-0.945526123046875
2026-09-17T07:32:53.481534,1789630373481534500,101.92353442382812,0.0214385986328125,-0.035064697265625,-1.02069091796875
2026-09-17T07:32:53.491493,1789630373491493400,101.93349340820312,-0.016937255859375,-0.041290283203125,-1.0302734375
2026-09-17T07:32:53.501453,1789630373501453600,101.94345361328124,-0.0398101806640625,-0.0522308349609375,-0.995361328125
2026-09-17T07:32:53.511412,1789630373511412700,101.95341284179688,-0.0316619873046875,-0.057769775390625,-1.004364013671875
2026-09-17T07:32:53.521372,1789630373521372700,101.96337255859376,0.002471923828125,-0.0214996337890625,-1.027984619140625
2026-09-17T07:32:53.531332,1789630373531332600,101.97333251953124,0.0105438232421875,-0.0170440673828125,-0.9490966796875
2026-09-17T07:32:53.541291,1789630373541291500,101.98329150390624,-0.0050048828125,-0.042938232421875,-1.0132293701171875
2026-09-17T07:32:53.551251,1789630373551251700,101.99325170898436,-0.0219573974609375,-0.034576416015625,-1.043243408203125
2026-09-17T07:32:53.561211,1789630373561211600,102.00321166992188,-0.011474609375,-0.0196533203125,-0.99554443359375
2026-09-17T07:32:53.571170,1789630373571170600,102.01317065429689,0.03338623046875,0.000335693359375,-0.967926025390625
2026-09-17T07:32:53.581130,1789630373581130500,102.02313061523438,0.0194549560546875,-0.007171630859375,-0.9810028076171876
2026-09-17T07:32:53.591089,1789630373591089400,102.03308935546876,-0.0372467041015625,-0.032806396484375,-1.0638427734375
2026-09-17T07:32:53.601049,1789630373601049300,102.04304931640624,-0.0726165771484375,-0.0389251708984375,-1.04217529296875
2026-09-17T07:32:53.611009,1789630373611009500,102.05300952148436,-0.0546722412109375,-0.0509490966796875,-0.9736785888671876
2026-09-17T07:32:53.620968,1789630373620968700,102.06296875,0.0042266845703125,-0.040008544921875,-1.0082855224609375
2026-09-17T07:32:53.630928,1789630373630928600,102.0729287109375,0.0200653076171875,-0.035491943359375,-1.0002288818359375
2026-09-17T07:32:53.640888,1789630373640888600,102.082888671875,-0.00732421875,-0.056427001953125,-1.0284423828125
2026-09-17T07:32:53.650847,1789630373650847500,102.09284741210938,-0.0227508544921875,-0.0480194091796875,-1.00250244140625
2026-09-17T07:32:53.660807,1789630373660807700,102.1028076171875,-0.0164642333984375,-0.0173492431640625,-0.9338836669921876
2026-09-17T07:32:53.670766,1789630373670766600,102.1127666015625,-0.016357421875,-0.0304107666015625,-1.0281829833984375
2026-09-17T07:32:53.680726,1789630373680726500,102.1227265625,-0.0219573974609375,-0.0341949462890625,-1.060089111328125
2026-09-17T07:32:53.690686,1789630373690686500,102.1326865234375,-0.0498046875,-0.0237884521484375,-0.949615478515625
2026-09-17T07:32:53.700645,1789630373700645400,102.14264526367188,-0.027923583984375,-0.0357818603515625,-1.0355682373046875
2026-09-17T07:32:53.710605,1789630373710605600,102.15260546875,0.0207672119140625,-0.0234527587890625,-1.0984954833984375
2026-09-17T07:32:53.720565,1789630373720565500,102.1625654296875,-0.0141448974609375,-0.0196533203125,-0.9439544677734376
2026-09-17T07:32:53.730524,1789630373730524400,102.1725244140625,-0.0208740234375,-0.0288238525390625,-0.9628143310546876
2026-09-17T07:32:53.740484,1789630373740484400,102.182484375,0.0041656494140625,-0.0133209228515625,-1.0397491455078125
2026-09-17T07:32:53.750443,1789630373750443500,102.19244360351564,-0.0391998291015625,-0.026641845703125,-0.9910736083984376
2026-09-17T07:32:53.760403,1789630373760403700,102.20240380859374,-0.0231475830078125,-0.0516357421875,-1.0240936279296875
2026-09-17T07:32:53.770363,1789630373770363600,102.21236376953124,0.0137176513671875,-0.027740478515625,-1.03753662109375
2026-09-17T07:32:53.780322,1789630373780322600,102.22232250976562,-0.0178375244140625,-0.0264434814453125,-0.99261474609375
2026-09-17T07:32:53.790282,1789630373790282500,102.23228247070313,-0.015655517578125,-0.0383453369140625,-0.976165771484375
2026-09-17T07:32:53.800242,1789630373800242400,102.24224243164062,0.009368896484375,-0.01129150390625,-0.9586029052734376
2026-09-17T07:32:53.810201,1789630373810201600,102.25220166015625,-0.00836181640625,-0.009979248046875,-0.9919281005859376
2026-09-17T07:32:53.820161,1789630373820161500,102.26216162109375,-0.0001983642578125,-0.04461669921875,-1.065277099609375
2026-09-17T07:32:53.830120,1789630373830120400,102.27212036132812,0.0381622314453125,-0.0381317138671875,-1.03363037109375
2026-09-17T07:32:53.840080,1789630373840080400,102.28208032226564,0.0149688720703125,-0.007781982421875,-0.9532928466796876
2026-09-17T07:32:53.850040,1789630373850040300,102.29204028320312,0.021728515625,0.0042724609375,-0.9257659912109376
2026-09-17T07:32:53.859999,1789630373859999500,102.30199951171876,0.0499420166015625,0.0107269287109375,-0.918914794921875
2026-09-17T07:32:53.869959,1789630373869959700,102.31195971679688,0.0188751220703125,-0.0118560791015625,-0.9554290771484376
2026-09-17T07:32:53.879919,1789630373879919600,102.32191967773436,-0.0186614990234375,-0.035186767578125,-1.0930633544921875
2026-09-17T07:32:53.889878,1789630373889878500,102.33187841796877,-0.0147247314453125,-0.0338592529296875,-1.09710693359375
2026-09-17T07:32:53.899838,1789630373899838500,102.34183837890625,-0.0380401611328125,-0.0018463134765625,-1.033905029296875
2026-09-17T07:32:53.909797,1789630373909797400,102.35179736328124,-0.07305908203125,-0.003814697265625,-0.9761962890625
2026-09-17T07:32:53.919757,1789630373919757600,102.36175756835938,-0.029144287109375,-0.00579833984375,-0.9604034423828124
2026-09-17T07:32:53.929717,1789630373929717500,102.37171752929687,0.0259246826171875,-0.0040130615234375,-1.050079345703125
2026-09-17T07:32:53.939676,1789630373939676400,102.38167651367188,-0.011962890625,0.0024566650390625,-1.0321197509765625
2026-09-17T07:32:53.949636,1789630373949636400,102.39163623046876,-0.0072479248046875,-0.022705078125,-0.9901123046875
2026-09-17T07:32:53.959595,1789630373959595500,102.40159545898436,0.0366058349609375,-0.00732421875,-1.0081939697265625
2026-09-17T07:32:53.969555,1789630373969555700,102.4115556640625,0.018035888671875,0.0162353515625,-0.9493865966796876
2026-09-17T07:32:53.979515,1789630373979515600,102.421515625,0.0090179443359375,0.0123748779296875,-0.93377685546875
2026-09-17T07:32:53.989474,1789630373989474600,102.431474609375,0.0200958251953125,-0.0023040771484375,-1.025115966796875
2026-09-17T07:32:53.999435,1789630373999435000,102.44143505859375,-0.0433502197265625,-0.0062103271484375,-1.0521392822265625
2026-09-17T07:32:54.009395,1789630374009395000,102.45139501953123,-0.07366943359375,-0.005096435546875,-0.989013671875
2026-09-17T07:32:54.019353,1789630374019353900,102.46135375976564,0.001922607421875,0.0027923583984375,-1.0503387451171875
2026-09-17T07:32:54.029313,1789630374029313800,102.47131372070312,-0.0001220703125,0.0013885498046875,-1.05267333984375
2026-09-17T07:32:54.039272,1789630374039272700,102.48127270507813,-0.0542144775390625,0.0019683837890625,-0.9077911376953124
2026-09-17T07:32:54.049233,1789630374049233000,102.49123291015626,0.0029449462890625,-0.0160980224609375,-0.98406982421875
2026-09-17T07:32:54.059192,1789630374059192800,102.50119287109376,0.0405120849609375,-0.0221710205078125,-1.0680999755859375
2026-09-17T07:32:54.069152,1789630374069152000,102.51115209960938,0.006195068359375,-0.0311279296875,-1.0032958984375
2026-09-17T07:32:54.079112,1789630374079112000,102.52111181640625,-0.027984619140625,-0.0528717041015625,-0.9723052978515624
2026-09-17T07:32:54.089071,1789630374089071900,102.53107177734375,-0.023651123046875,-0.0425872802734375,-0.987396240234375
2026-09-17T07:32:54.099031,1789630374099031000,102.54103100585938,-0.0206451416015625,-0.006561279296875,-1.0202178955078125
2026-09-17T07:32:54.108991,1789630374108991000,102.55099096679687,-0.0383148193359375,0.0082244873046875,-1.022674560546875
2026-09-17T07:32:54.118950,1789630374118950000,102.56094995117188,-0.0834503173828125,0.0010986328125,-1.0033721923828125
2026-09-17T07:32:54.128909,1789630374128909800,102.57090991210936,-0.0594024658203125,0.0364837646484375,-1.0088348388671875
2026-09-17T07:32:54.138869,1789630374138869800,102.58086987304688,-0.0149383544921875,0.0402679443359375,-0.9882049560546876
2026-09-17T07:32:54.148828,1789630374148828700,102.59082861328125,-0.0030670166015625,0.017059326171875,-1.064422607421875
2026-09-17T07:32:54.158788,1789630374158788900,102.60078881835938,-0.0129852294921875,-0.0070648193359375,-0.9946441650390624
2026-09-17T07:32:54.168748,1789630374168748800,102.61074877929688,0.0023956298828125,-0.032745361328125,-0.9589080810546876
2026-09-17T07:32:54.178707,1789630374178707700,102.62070776367187,0.075103759765625,-0.05072021484375,-1.079376220703125
2026-09-17T07:32:54.188667,1789630374188667600,102.63066772460938,0.0395050048828125,-0.041412353515625,-0.94708251953125
2026-09-17T07:32:54.198626,1789630374198626800,102.64062670898436,-0.0013580322265625,-0.0634307861328125,-0.87969970703125
2026-09-17T07:32:54.208587,1789630374208587000,102.6505869140625,0.0320281982421875,-0.0685577392578125,-1.1377410888671875
2026-09-17T07:32:54.218547,1789630374218547000,102.660546875,-0.0272979736328125,-0.03411865234375,-1.0216064453125
2026-09-17T07:32:54.228505,1789630374228505900,102.670505859375,-0.047576904296875,-0.0187530517578125,-0.9417572021484376
2026-09-17T07:32:54.238465,1789630374238465800,102.6804658203125,-0.0286102294921875,-0.0100860595703125,-1.034942626953125
2026-09-17T07:32:54.248424,1789630374248424700,102.6904248046875,-0.0309600830078125,0.0208587646484375,-0.9514007568359376
2026-09-17T07:32:54.258385,1789630374258385000,102.70038500976564,-0.025482177734375,0.003082275390625,-1.04010009765625
2026-09-17T07:32:54.268344,1789630374268344800,102.7103447265625,-0.013916015625,0.00482177734375,-1.0140228271484375
2026-09-17T07:32:54.278303,1789630374278303700,102.7203037109375,0.01568603515625,0.00250244140625,-0.929351806640625
2026-09-17T07:32:54.288263,1789630374288263700,102.730263671875,0.0093231201171875,-0.0299224853515625,-1.0476837158203125
2026-09-17T07:32:54.298223,1789630374298223900,102.74022387695312,0.003997802734375,-0.0267486572265625,-1.16357421875
2026-09-17T07:32:54.308183,1789630374308183000,102.75018310546876,-0.055572509765625,-0.05279541015625,-0.894073486328125
2026-09-17T07:32:54.318143,1789630374318143000,102.76014306640624,-0.0274810791015625,-0.05206298828125,-0.915618896484375
2026-09-17T07:32:54.328102,1789630374328102000,102.77010180664062,0.0358123779296875,-0.0152740478515625,-1.106414794921875
2026-09-17T07:32:54.338061,1789630374338061800,102.78006176757812,0.0353240966796875,-0.0148773193359375,-0.997467041015625
2026-09-17T07:32:54.348021,1789630374348021800,102.79002172851564,-0.0219268798828125,-0.019012451171875,-1.0105743408203125
2026-09-17T07:32:54.357981,1789630374357981000,102.79998095703124,-0.064910888671875,-0.0131683349609375,-0.9188079833984376
2026-09-17T07:32:54.367940,1789630374367940900,102.80994091796876,0.0041351318359375,0.0126495361328125,-1.094970703125
2026-09-17T07:32:54.377900,1789630374377900800,102.81990087890624,-0.0045013427734375,0.0172119140625,-0.9566650390625
2026-09-17T07:32:54.387859,1789630374387859700,102.82985961914062,-0.009735107421875,-0.0130767822265625,-1.0348968505859375
2026-09-17T07:32:54.397819,1789630374397819600,102.83981958007811,-0.014801025390625,-0.0110626220703125,-0.947723388671875
2026-09-17T07:32:54.407779,1789630374407779000,102.84977905273438,0.00299072265625,-0.018096923828125,-1.04827880859375
2026-09-17T07:32:54.417739,1789630374417739000,102.85973901367188,-0.0123138427734375,-0.0428619384765625,-1.0688018798828125
2026-09-17T07:32:54.427699,1789630374427699000,102.86969897460938,-0.03662109375,-0.022369384765625,-0.9260101318359376
2026-09-17T07:32:54.437657,1789630374437657900,102.87965795898438,-0.0094757080078125,-0.025970458984375,-0.9583587646484376
2026-09-17T07:32:54.447617,1789630374447617800,102.88961767578124,0.005615234375,-0.0177001953125,-1.056243896484375
2026-09-17T07:32:54.457576,1789630374457576700,102.89957666015626,-0.009796142578125,-0.0297698974609375,-1.0729217529296875
2026-09-17T07:32:54.467537,1789630374467537000,102.90953686523436,-0.042388916015625,-0.031158447265625,-0.9635772705078124
2026-09-17T07:32:54.477496,1789630374477496800,102.91949682617188,-0.02197265625,-0.0107421875,-0.9480438232421876
2026-09-17T07:32:54.487455,1789630374487455700,102.92945581054688,0.0079193115234375,-0.01812744140625,-1.030914306640625
2026-09-17T07:32:54.497415,1789630374497415700,102.93941577148438,-0.021484375,-0.0330657958984375,-1.07525634765625
2026-09-17T07:32:54.507375,1789630374507375900,102.9493759765625,-0.0462493896484375,-0.04217529296875,-0.9469146728515624
2026-09-17T07:32:54.517335,1789630374517335000,102.9593349609375,-0.00701904296875,-0.032257080078125,-0.984283447265625
2026-09-17T07:32:54.527295,1789630374527295000,102.969294921875,0.010009765625,-0.0219879150390625,-0.9975738525390624
2026-09-17T07:32:54.537254,1789630374537254000,102.97925390625,0.0121002197265625,-0.045013427734375,-1.057098388671875
2026-09-17T07:32:54.547213,1789630374547213800,102.9892138671875,-0.0450439453125,-0.0584716796875,-0.9965057373046876
2026-09-17T07:32:54.557174,1789630374557174000,102.99917407226565,-0.0283966064453125,-0.0390167236328125,-0.9464569091796876
2026-09-17T07:32:54.567133,1789630374567133000,103.0091328125,0.0211639404296875,-0.026092529296875,-1.0205841064453125
2026-09-17T07:32:54.577092,1789630374577092900,103.0190927734375,0.016143798828125,-0.0214996337890625,-1.06231689453125
2026-09-17T07:32:54.587051,1789630374587051800,103.0290517578125,-0.0112152099609375,-0.011016845703125,-0.9839019775390624
2026-09-17T07:32:54.597011,1789630374597011700,103.03901171875,-0.0312347412109375,-0.011199951171875,-0.90362548828125
2026-09-17T07:32:54.606972,1789630374606972000,103.04897192382812,-0.02215576171875,-0.0320281982421875,-1.121490478515625
2026-09-17T07:32:54.616931,1789630374616931000,103.05893115234376,-0.0137939453125,-0.0205535888671875,-1.0055389404296875
2026-09-17T07:32:54.626891,1789630374626891000,103.06889111328124,0.028167724609375,-0.0170135498046875,-0.9961700439453124
2026-09-17T07:32:54.636851,1789630374636851000,103.07885083007812,0.00714111328125,-0.0091400146484375,-0.939605712890625
2026-09-17T07:32:54.646809,1789630374646809900,103.08880981445311,0.00982666015625,0.0006866455078125,-1.0166473388671875
2026-09-17T07:32:54.656769,1789630374656769800,103.09876977539062,-0.028167724609375,-0.0195770263671875,-1.0425262451171875
2026-09-17T07:32:54.666729,1789630374666729000,103.10872900390623,-0.0412139892578125,-0.0182952880859375,-1.015899658203125
2026-09-17T07:32:54.676689,1789630374676689000,103.11868896484376,-0.007354736328125,-0.0279693603515625,-0.965118408203125
2026-09-17T07:32:54.686648,1789630374686648800,103.12864892578123,0.0253143310546875,-0.0170745849609375,-0.9784698486328124
2026-09-17T07:32:54.696607,1789630374696607700,103.13860766601564,0.03302001953125,-0.032806396484375,-1.0622711181640625
2026-09-17T07:32:54.706567,1789630374706567700,103.14856762695312,0.0036773681640625,-0.030517578125,-0.9803466796875
2026-09-17T07:32:54.716527,1789630374716527900,103.15852783203124,-0.025604248046875,-0.042205810546875,-1.0120391845703125
2026-09-17T07:32:54.726487,1789630374726487000,103.16848706054688,-0.0509490966796875,-0.050048828125,-1.0262603759765625
2026-09-17T07:32:54.736447,1789630374736447000,103.17844702148436,-0.00250244140625,-0.0230560302734375,-0.989288330078125
2026-09-17T07:32:54.746406,1789630374746406000,103.18840600585938,0.037353515625,-0.0110015869140625,-0.9815216064453124
2026-09-17T07:32:54.756365,1789630374756365800,103.19836572265623,0.0221099853515625,-0.015869140625,-1.004730224609375
2026-09-17T07:32:54.766326,1789630374766326000,103.20832592773438,-0.0240020751953125,-0.031646728515625,-1.0153961181640625
2026-09-17T07:32:54.776285,1789630374776285000,103.21828491210935,-0.0117950439453125,-0.02392578125,-1.0492706298828125
2026-09-17T07:32:54.786244,1789630374786244900,103.22824487304688,0.015380859375,-0.01043701171875,-0.966827392578125
2026-09-17T07:32:54.796203,1789630374796203800,103.23820385742188,0.0532989501953125,0.0185699462890625,-0.965484619140625
2026-09-17T07:32:54.806163,1789630374806163700,103.24816381835936,0.022430419921875,-0.002655029296875,-1.0257415771484375
2026-09-17T07:32:54.816124,1789630374816124000,103.2581240234375,-0.0302734375,-0.015899658203125,-1.0299224853515625
2026-09-17T07:32:54.826083,1789630374826083000,103.2680830078125,-0.008575439453125,-0.013427734375,-0.9803924560546876
2026-09-17T07:32:54.836043,1789630374836043000,103.27804296875,0.0222930908203125,-0.0189208984375,-1.0138702392578125
2026-09-17T07:32:54.846003,1789630374846003000,103.2880029296875,0.028167724609375,-0.018646240234375,-1.0386199951171875
2026-09-17T07:32:54.855961,1789630374855961900,103.2979619140625,-0.0004730224609375,-0.0269927978515625,-0.941864013671875
2026-09-17T07:32:54.865922,1789630374865922000,103.30792211914064,-0.0181884765625,-0.0362396240234375,-1.037078857421875
2026-09-17T07:32:54.875881,1789630374875881000,103.317880859375,-0.0025787353515625,-0.0299224853515625,-1.02508544921875
2026-09-17T07:32:54.885841,1789630374885841000,103.3278408203125,0.027191162109375,-0.0152740478515625,-0.9718780517578124
2026-09-17T07:32:54.895800,1789630374895800800,103.33780078125,0.0102081298828125,-0.02044677734375,-0.9926605224609376
2026-09-17T07:32:54.905759,1789630374905759700,103.347759765625,0.0035552978515625,-0.032623291015625,-1.0126495361328125
2026-09-17T07:32:54.915719,1789630374915719700,103.3577197265625,0.0137176513671875,-0.030914306640625,-1.0364990234375
2026-09-17T07:32:54.925678,1789630374925678800,103.36767895507812,0.022186279296875,-0.0103302001953125,-0.974212646484375
2026-09-17T07:32:54.935638,1789630374935638800,103.377638671875,0.035797119140625,-0.0145416259765625,-0.980255126953125
2026-09-17T07:32:54.945598,1789630374945598700,103.3875986328125,-0.011474609375,-0.0327911376953125,-1.02557373046875
2026-09-17T07:32:54.955558,1789630374955558000,103.39755786132812,-0.0531158447265625,-0.04840087890625,-1.0564727783203125
2026-09-17T07:32:54.965517,1789630374965517800,103.40751782226565,-0.0252532958984375,-0.0358734130859375,-0.98358154296875
2026-09-17T07:32:54.975477,1789630374975477000,103.41747705078124,0.0313568115234375,-0.0295867919921875,-0.9664459228515624
2026-09-17T07:32:54.985437,1789630374985437000,103.42743701171877,0.0499114990234375,-0.0404052734375,-1.05963134765625
2026-09-17T07:32:54.995397,1789630374995397600,103.43739770507813,0.0394744873046875,-0.031036376953125,-0.9696197509765624
2026-09-17T07:32:55.005356,1789630375005356500,103.4473564453125,0.0291900634765625,-0.02593994140625,-0.964080810546875
2026-09-17T07:32:55.015316,1789630375015316500,103.45731640625,0.0087127685546875,-0.023101806640625,-1.03375244140625
2026-09-17T07:32:55.025276,1789630375025276400,103.4672763671875,-0.0106201171875,-0.012115478515625,-1.02960205078125
2026-09-17T07:32:55.035235,1789630375035235300,103.4772353515625,-0.0156707763671875,-0.009063720703125,-0.9635009765625
2026-09-17T07:32:55.045195,1789630375045195500,103.48719555664064,0.0023345947265625,-0.0177459716796875,-1.0059661865234375
2026-09-17T07:32:55.055154,1789630375055154700,103.49715478515624,0.028778076171875,-0.0195159912109375,-1.0391082763671875
2026-09-17T07:32:55.065114,1789630375065114600,103.50711450195313,0.0298004150390625,-0.0266571044921875,-0.98974609375
2026-09-17T07:32:55.075074,1789630375075074600,103.51707446289062,0.0131072998046875,-0.02642822265625,-1.0018768310546875
2026-09-17T07:32:55.085033,1789630375085033500,103.52703344726562,0.0110321044921875,-0.02203369140625,-0.9853363037109376
2026-09-17T07:32:55.094993,1789630375094993700,103.53699365234375,-0.0062713623046875,-0.0242462158203125,-1.031158447265625
2026-09-17T07:32:55.104953,1789630375104953600,103.54695361328125,-0.039520263671875,-0.0259246826171875,-1.0012054443359375
2026-09-17T07:32:55.114912,1789630375114912500,103.55691259765624,-0.0188140869140625,-0.02435302734375,-1.0008087158203125
2026-09-17T07:32:55.124872,1789630375124872400,103.56687255859374,0.0203704833984375,-0.0140533447265625,-0.9972991943359376
2026-09-17T07:32:55.134831,1789630375134831400,103.57683129882813,0.033294677734375,-0.0065460205078125,-1.0109405517578125
2026-09-17T07:32:55.144791,1789630375144791600,103.58679150390626,0.0054931640625,-0.0071563720703125,-0.9987945556640624
2026-09-17T07:32:55.154751,1789630375154751500,103.59675146484376,-0.0379791259765625,-0.0045318603515625,-1.00213623046875
2026-09-17T07:32:55.164710,1789630375164710400,103.60671044921877,-0.0486602783203125,-0.006195068359375,-1.0134124755859375
2026-09-17T07:32:55.174670,1789630375174670300,103.61667041015625,-0.0206146240234375,-0.0067291259765625,-1.0224609375
2026-09-17T07:32:55.184629,1789630375184629500,103.62662939453124,0.007568359375,-0.009857177734375,-0.9976348876953124
2026-09-17T07:32:55.194589,1789630375194589400,103.63658935546874,0.0294647216796875,-0.0110321044921875,-0.9755706787109376
2026-09-17T07:32:55.204549,1789630375204549600,103.64654956054687,0.0222015380859375,-0.016998291015625,-1.002716064453125
2026-09-17T07:32:55.214508,1789630375214508500,103.65650854492188,-0.0059814453125,-0.019439697265625,-1.0229644775390625
2026-09-17T07:32:55.224468,1789630375224468500,103.66646850585936,-0.031158447265625,-0.026824951171875,-0.9978179931640624
2026-09-17T07:32:55.234428,1789630375234428400,103.67642846679688,-0.041595458984375,-0.0254974365234375,-0.9930877685546876
2026-09-17T07:32:55.244387,1789630375244387300,103.68638720703125,-0.0252838134765625,-0.0309295654296875,-1.0052337646484375
2026-09-17T07:32:55.254347,1789630375254347500,103.69634741210938,0.009613037109375,-0.0359649658203125,-1.033172607421875
2026-09-17T07:32:55.264306,1789630375264306400,103.70630639648438,0.023101806640625,-0.03802490234375,-0.9716339111328124
2026-09-17T07:32:55.274266,1789630375274266400,103.71626635742189,0.021820068359375,-0.0385589599609375,-1.020751953125
2026-09-17T07:32:55.284226,1789630375284226300,103.72622631835938,0.00634765625,-0.0316314697265625,-0.9774169921875
2026-09-17T07:32:55.294185,1789630375294185500,103.736185546875,-0.0110321044921875,-0.024169921875,-1.0145416259765625
2026-09-17T07:32:55.304145,1789630375304145700,103.74614575195312,-0.0299224853515625,-0.0226593017578125,-1.0144805908203125
2026-09-17T07:32:55.314104,1789630375314104600,103.7561044921875,-0.024322509765625,-0.02215576171875,-1.0106201171875
2026-09-17T07:32:55.324064,1789630375324064500,103.766064453125,0.0152740478515625,-0.005218505859375,-0.97406005859375
2026-09-17T07:32:55.334024,1789630375334024400,103.7760244140625,0.0316314697265625,-0.00018310546875,-1.0091400146484375
2026-09-17T07:32:55.343983,1789630375343983400,103.7859833984375,0.004119873046875,-0.005279541015625,-1.0284576416015625
2026-09-17T07:32:55.353943,1789630375353943600,103.79594360351562,-0.0266876220703125,-0.0144805908203125,-0.9720458984375
2026-09-17T07:32:55.363902,1789630375363902500,103.80590234375,-0.0216064453125,-0.016571044921875,-1.03424072265625
2026-09-17T07:32:55.373862,1789630375373862400,103.8158623046875,-7.62939453125e-05,-0.0159149169921875,-0.9994964599609376
2026-09-17T07:32:55.383822,1789630375383822300,103.825822265625,0.019805908203125,-0.015411376953125,-1.004669189453125
2026-09-17T07:32:55.393781,1789630375393781500,103.83578149414062,0.00128173828125,-0.0080413818359375,-0.9781341552734376
2026-09-17T07:32:55.403741,1789630375403741700,103.84574169921876,0.004669189453125,-0.0050506591796875,-1.035430908203125
2026-09-17T07:32:55.413701,1789630375413701600,103.85570166015626,0.0015716552734375,-0.0005340576171875,-1.0006866455078125
2026-09-17T07:32:55.423660,1789630375423660500,103.86566064453125,-0.0085296630859375,0.00067138671875,-1.000640869140625
2026-09-17T07:32:55.433620,1789630375433620500,103.87562036132812,-0.011383056640625,-0.003662109375,-0.9878082275390624
2026-09-17T07:32:55.443579,1789630375443579400,103.88557934570312,-0.008209228515625,-0.01202392578125,-1.012359619140625
2026-09-17T07:32:55.453539,1789630375453539300,103.89553930664064,-0.0061187744140625,-0.02313232421875,-1.0296783447265625
2026-09-17T07:32:55.463499,1789630375463499500,103.90549951171874,0.0008544921875,-0.0301513671875,-0.9908447265625
2026-09-17T07:32:55.473458,1789630375473458400,103.91545849609376,0.012603759765625,-0.0257568359375,-0.996612548828125
2026-09-17T07:32:55.483418,1789630375483418400,103.92541845703126,0.015380859375,-0.0123138427734375,-1.0013427734375
2026-09-17T07:32:55.493377,1789630375493377500,103.93537744140625,0.0074310302734375,-0.0060882568359375,-1.01861572265625
2026-09-17T07:32:55.503337,1789630375503337500,103.94533740234375,-0.01226806640625,-0.0112457275390625,-0.9937896728515624
2026-09-17T07:32:55.513297,1789630375513297700,103.95529760742188,-0.0175018310546875,-0.0139923095703125,-1.0079803466796875
2026-09-17T07:32:55.523256,1789630375523256600,103.96525659179687,-0.0063629150390625,-0.0143280029296875,-1.0019683837890625
2026-09-17T07:32:55.533216,1789630375533216500,103.97521655273438,0.007110595703125,-0.0175018310546875,-1.0149078369140625
2026-09-17T07:32:55.543176,1789630375543176400,103.98517651367187,0.00640869140625,-0.0243377685546875,-1.0009307861328125
2026-09-17T07:32:55.553135,1789630375553135400,103.99513525390626,0.0035858154296875,-0.0257415771484375,-0.9951324462890624
2026-09-17T07:32:55.563095,1789630375563095600,104.00509545898436,-0.00250244140625,-0.0283660888671875,-1.0111083984375
2026-09-17T07:32:55.573054,1789630375573054500,104.01505444335938,-0.0065765380859375,-0.028167724609375,-1.0102691650390625
2026-09-17T07:32:55.583014,1789630375583014400,104.02501440429688,-0.0043487548828125,-0.0225677490234375,-1.000885009765625
2026-09-17T07:32:55.592974,1789630375592974300,104.03497436523438,-0.0023040771484375,-0.0189056396484375,-1.002349853515625
2026-09-17T07:32:55.602933,1789630375602933500,104.04493359375,0.0020294189453125,-0.01300048828125,-1.0056915283203125
2026-09-17T07:32:55.612893,1789630375612893700,104.05489379882812,0.006439208984375,-0.008514404296875,-1.0009613037109375
2026-09-17T07:32:55.622852,1789630375622852600,104.0648525390625,0.004730224609375,-0.00616455078125,-1.00994873046875
2026-09-17T07:32:55.632812,1789630375632812500,104.0748125,-0.0008697509765625,-0.0076141357421875,-0.998992919921875
2026-09-17T07:32:55.642772,1789630375642772500,104.0847724609375,-0.0038604736328125,-0.0115814208984375,-1.0077972412109375
2026-09-17T07:32:55.652731,1789630375652731400,104.0947314453125,-0.0006561279296875,-0.01556396484375,-1.007110595703125
2026-09-17T07:32:55.662691,1789630375662691600,104.10469165039062,0.0188446044921875,-0.01031494140625,-1.0123138427734375
2026-09-17T07:32:55.672650,1789630375672650500,104.114650390625,0.02252197265625,-0.0029449462890625,-0.9925384521484376
2026-09-17T07:32:55.682610,1789630375682610400,104.1246103515625,0.0122528076171875,-0.000640869140625,-0.993896484375
2026-09-17T07:32:55.692570,1789630375692570400,104.1345703125,0.00445556640625,0.0013885498046875,-1.0134735107421875
2026-09-17T07:32:55.702529,1789630375702529500,104.14452954101564,0.0034027099609375,0.007720947265625,-1.0132293701171875
2026-09-17T07:32:55.712489,1789630375712489700,104.15448974609374,0.00762939453125,0.0108795166015625,-0.9995269775390624
2026-09-17T07:32:55.722449,1789630375722449700,104.16444970703124,0.0115814208984375,0.0123748779296875,-0.990478515625
2026-09-17T07:32:55.732408,1789630375732408600,104.17440869140626,0.0147705078125,0.0073394775390625,-1.0101470947265625
2026-09-17T07:32:55.742368,1789630375742368500,104.18436840820311,0.012481689453125,0.0023193359375,-1.01470947265625
2026-09-17T07:32:55.752327,1789630375752327400,104.19432739257812,0.005279541015625,-0.002593994140625,-0.998291015625
2026-09-17T07:32:55.762287,1789630375762287400,104.20428735351562,0.0030517578125,-0.0080413818359375,-0.996612548828125
2026-09-17T07:32:55.772247,1789630375772247600,104.21424755859375,-0.000518798828125,-0.0141448974609375,-1.0103912353515625
2026-09-17T07:32:55.782206,1789630375782206500,104.22420654296874,-0.0055389404296875,-0.01641845703125,-1.009613037109375
2026-09-17T07:32:55.792166,1789630375792166400,104.23416650390624,-0.00640869140625,-0.016754150390625,-1.004547119140625
2026-09-17T07:32:55.802125,1789630375802125600,104.24412548828126,-0.0016632080078125,-0.01214599609375,-0.9998016357421876
2026-09-17T07:32:55.812085,1789630375812085500,104.25408544921876,0.004302978515625,-0.003448486328125,-1.003387451171875
2026-09-17T07:32:55.822045,1789630375822045400,104.26404541015626,-0.002838134765625,-0.00238037109375,-1.0023956298828125
2026-09-17T07:32:55.832004,1789630375832004600,104.27400463867188,-0.0089569091796875,-0.00872802734375,-1.007293701171875
2026-09-17T07:32:55.841964,1789630375841964500,104.28396459960938,-0.006317138671875,-0.0115814208984375,-1.0059051513671875
2026-09-17T07:32:55.851923,1789630375851923500,104.29392333984374,-0.002105712890625,-0.013885498046875,-1.0036773681640625
2026-09-17T07:32:55.861883,1789630375861883400,104.30388330078124,-0.003997802734375,-0.0173797607421875,-1.0042724609375
2026-09-17T07:32:55.871843,1789630375871843600,104.31384350585938,-0.0045013427734375,-0.0184783935546875,-1.0020751953125
2026-09-17T07:32:55.881802,1789630375881802500,104.32380249023436,-0.003326416015625,-0.01690673828125,-1.0097198486328125
2026-09-17T07:32:55.891762,1789630375891762400,104.33376245117188,-0.0006103515625,-0.013275146484375,-1.00390625
2026-09-17T07:32:55.901721,1789630375901721600,104.3437216796875,-0.0001983642578125,-0.0115966796875,-0.9986724853515624
2026-09-17T07:32:55.911681,1789630375911681500,104.353681640625,-0.0047607421875,-0.0149078369140625,-1.0031585693359375
2026-09-17T07:32:55.921641,1789630375921641500,104.36364135742188,-0.00830078125,-0.0204925537109375,-1.0082550048828125
2026-09-17T07:32:55.931600,1789630375931600600,104.3736005859375,-0.008331298828125,-0.0217132568359375,-1.0057525634765625
2026-09-17T07:32:55.941560,1789630375941560600,104.383560546875,-0.0052490234375,-0.0200042724609375,-1.000213623046875
2026-09-17T07:32:55.951520,1789630375951520500,104.3935205078125,1.52587890625e-05,-0.0162200927734375,-1.001617431640625
2026-09-17T07:32:55.961479,1789630375961479400,104.4034794921875,-0.0010986328125,-0.0177764892578125,-1.00628662109375
2026-09-17T07:32:55.971439,1789630375971439600,104.41343969726564,-0.00555419921875,-0.019561767578125,-1.0078887939453125
2026-09-17T07:32:55.981398,1789630375981398500,104.4233984375,-0.007476806640625,-0.01824951171875,-1.003570556640625
2026-09-17T07:32:55.991358,1789630375991358500,104.4333583984375,-0.0045928955078125,-0.0156097412109375,-1.0018157958984375
2026-09-17T07:32:56.001318,1789630376001318100,104.44331811523438,-0.0007476806640625,-0.014678955078125,-1.00579833984375
2026-09-17T07:32:56.011277,1789630376011277300,104.45327734375,9.1552734375e-05,-0.0131683349609375,-1.0036773681640625
2026-09-17T07:32:56.021237,1789630376021237200,104.4632373046875,-0.00274658203125,-0.0134124755859375,-1.0017242431640625
2026-09-17T07:32:56.031196,1789630376031196200,104.47319604492188,-0.00640869140625,-0.014923095703125,-1.004058837890625
2026-09-17T07:32:56.041156,1789630376041156000,104.48315600585936,-0.00579833984375,-0.01605224609375,-1.00537109375
2026-09-17T07:32:56.051116,1789630376051116300,104.4931162109375,-0.00543212890625,-0.016845703125,-1.0047149658203125
2026-09-17T07:32:56.061075,1789630376061075200,104.5030751953125,-0.004730224609375,-0.0201873779296875,-1.004302978515625
2026-09-17T07:32:56.071035,1789630376071035100,104.51303515625,-0.004913330078125,-0.0219573974609375,-1.00250244140625
2026-09-17T07:32:56.080994,1789630376080994000,104.522994140625,-0.005401611328125,-0.0210418701171875,-1.0046234130859375
2026-09-17T07:32:56.090954,1789630376090954000,104.5329541015625,-0.0068206787109375,-0.02081298828125,-1.0054931640625
2026-09-17T07:32:56.100914,1789630376100914000,104.54291381835938,-0.0088348388671875,-0.0197906494140625,-1.001861572265625
2026-09-17T07:32:56.110873,1789630376110873300,104.55287329101564,-0.0072174072265625,-0.0183258056640625,-1.0035400390625
2026-09-17T07:32:56.120833,1789630376120833300,104.56283325195312,-0.0041961669921875,-0.017364501953125,-1.0049591064453125
2026-09-17T07:32:56.130792,1789630376130792200,104.57279223632813,0.000396728515625,-0.017578125,-1.0037841796875
2026-09-17T07:32:56.140752,1789630376140752100,104.58275219726562,0.0028533935546875,-0.01910400390625,-1.00262451171875
2026-09-17T07:32:56.150712,1789630376150712000,104.59271215820311,0.0011444091796875,-0.019500732421875,-1.0018310546875
2026-09-17T07:32:56.160671,1789630376160671000,104.6026708984375,-0.001129150390625,-0.0198822021484375,-1.0059967041015625
2026-09-17T07:32:56.170631,1789630376170631200,104.61263110351562,-0.000396728515625,-0.0189056396484375,-1.006072998046875
2026-09-17T07:32:56.180591,1789630376180591000,104.62259106445312,-0.0006256103515625,-0.015045166015625,-1.0028228759765625
2026-09-17T07:32:56.190550,1789630376190550000,104.63255004882812,0.0015106201171875,-0.0111541748046875,-1.002288818359375
2026-09-17T07:32:56.200510,1789630376200510000,104.64251000976564,0.0022430419921875,-0.0080413818359375,-1.006195068359375
2026-09-17T07:32:56.210469,1789630376210469000,104.65246923828126,0.0029144287109375,-0.004150390625,-1.0059051513671875
2026-09-17T07:32:56.220429,1789630376220429000,104.66242895507813,0.00177001953125,-0.001068115234375,-1.0023345947265625
2026-09-17T07:32:56.230389,1789630376230389000,104.67238891601562,-0.0002288818359375,-9.1552734375e-05,-1.0015716552734375
2026-09-17T07:32:56.240348,1789630376240348200,104.68234814453125,-0.0023040771484375,-0.0012054443359375,-1.006439208984375
2026-09-17T07:32:56.250308,1789630376250308000,104.69230810546875,-0.0042572021484375,-0.0032196044921875,-1.0096282958984375
2026-09-17T07:32:56.260267,1789630376260267000,104.70226708984374,-0.00457763671875,-0.0042877197265625,-1.00408935546875
2026-09-17T07:32:56.270227,1789630376270227200,104.71222729492187,-0.005401611328125,-0.0042877197265625,-1.001556396484375
2026-09-17T07:32:56.280187,1789630376280187100,104.72218725585938,-0.0067138671875,-0.0055694580078125,-1.0045928955078125
2026-09-17T07:32:56.290146,1789630376290146000,104.73214599609376,-0.0085906982421875,-0.00897216796875,-1.008514404296875
2026-09-17T07:32:56.300106,1789630376300106000,104.74210595703126,-0.010223388671875,-0.0089111328125,-1.0045623779296875
2026-09-17T07:32:56.310065,1789630376310065200,104.75206518554688,-0.0122222900390625,-0.0089874267578125,-0.9987640380859376
2026-09-17T07:32:56.320025,1789630376320025000,104.76202514648438,-0.00933837890625,-0.0093994140625,-1.0052032470703125
2026-09-17T07:32:56.329985,1789630376329985000,104.77198510742188,-0.0074005126953125,-0.009857177734375,-1.007476806640625
2026-09-17T07:32:56.339944,1789630376339944200,104.78194409179687,-0.008270263671875,-0.0087738037109375,-1.00390625
2026-09-17T07:32:56.349904,1789630376349904100,104.79190405273438,-0.00933837890625,-0.010284423828125,-1.0023040771484375
2026-09-17T07:32:56.359863,1789630376359863000,104.80186303710936,-0.0070953369140625,-0.010894775390625,-1.004119873046875
2026-09-17T07:32:56.369823,1789630376369823200,104.8118232421875,-0.0048980712890625,-0.012054443359375,-1.0069580078125
2026-09-17T07:32:56.379783,1789630376379783200,104.821783203125,-0.004547119140625,-0.0129547119140625,-1.00482177734375
2026-09-17T07:32:56.389742,1789630376389742000,104.8317421875,-0.0026092529296875,-0.01129150390625,-1.002655029296875
2026-09-17T07:32:56.399702,1789630376399702000,104.84170190429688,0.00079345703125,-0.0105743408203125,-1.0049591064453125
2026-09-17T07:32:56.409661,1789630376409661000,104.85166088867189,-0.0026092529296875,-0.0100555419921875,-1.0047760009765625
2026-09-17T07:32:56.419621,1789630376419621000,104.86162109375,-0.0055084228515625,-0.0127410888671875,-1.0042877197265625
2026-09-17T07:32:56.429581,1789630376429581000,104.8715810546875,-0.005889892578125,-0.0154876708984375,-1.0046844482421875
2026-09-17T07:32:56.439540,1789630376439540200,104.88154028320312,-0.002349853515625,-0.0149383544921875,-1.0059967041015625
2026-09-17T07:32:56.449500,1789630376449500200,104.89150024414064,-0.003570556640625,-0.0147247314453125,-1.00665283203125
2026-09-17T07:32:56.459459,1789630376459459000,104.901458984375,-0.0045623779296875,-0.0169830322265625,-1.0027618408203125
2026-09-17T07:32:56.469419,1789630376469419000,104.9114189453125,-0.0065155029296875,-0.017181396484375,-1.0044708251953125
2026-09-17T07:32:56.479379,1789630376479379200,104.92137915039062,-0.0056915283203125,-0.0182952880859375,-1.0079345703125
2026-09-17T07:32:56.489338,1789630376489338000,104.93133813476562,-0.00433349609375,-0.0191497802734375,-1.0047760009765625
2026-09-17T07:32:56.499298,1789630376499298000,104.94129809570312,-0.0034942626953125,-0.0210113525390625,-1.0023040771484375
2026-09-17T07:32:56.509257,1789630376509257000,104.95125708007812,-0.00494384765625,-0.022369384765625,-1.0027923583984375
2026-09-17T07:32:56.519217,1789630376519217000,104.961216796875,-0.005645751953125,-0.02197265625,-1.008544921875
2026-09-17T07:32:56.529177,1789630376529177000,104.97117700195312,-0.0052947998046875,-0.02301025390625,-1.0048370361328125
2026-09-17T07:32:56.539136,1789630376539136300,104.98113623046876,-0.0046539306640625,-0.024139404296875,-1.0009307861328125
2026-09-17T07:32:56.549096,1789630376549096200,104.99109619140626,-0.004669189453125,-0.0229949951171875,-1.00396728515625
2026-09-17T07:32:56.559056,1789630376559056100,105.00105615234376,-0.0033721923828125,-0.0215301513671875,-1.008392333984375
2026-09-17T07:32:56.569015,1789630376569015000,105.01101513671875,-0.0017547607421875,-0.020751953125,-1.005859375
2026-09-17T07:32:56.578975,1789630376578975200,105.02097534179688,-0.0016632080078125,-0.0169677734375,-0.9997406005859376
2026-09-17T07:32:56.588934,1789630376588934100,105.03093408203124,-0.002166748046875,-0.012969970703125,-1.001922607421875
2026-09-17T07:32:56.598894,1789630376598894000,105.04089404296874,-0.00439453125,-0.013153076171875,-1.007293701171875
2026-09-17T07:32:56.608854,1789630376608854000,105.05085400390624,-0.0074920654296875,-0.0104522705078125,-1.00579833984375
2026-09-17T07:32:56.618813,1789630376618813000,105.06081298828126,-0.00567626953125,-0.0106048583984375,-1.0012359619140625
2026-09-17T07:32:56.628773,1789630376628773000,105.07077319335936,-0.0052947998046875,-0.0103912353515625,-1.003448486328125
2026-09-17T07:32:56.638732,1789630376638732300,105.08073217773438,-0.0072174072265625,-0.0107879638671875,-1.0078887939453125
2026-09-17T07:32:56.648692,1789630376648692200,105.09069213867188,-0.009857177734375,-0.0098114013671875,-1.0060577392578125
2026-09-17T07:32:56.658652,1789630376658652200,105.10065209960938,-0.00921630859375,-0.010528564453125,-1.00274658203125
2026-09-17T07:32:56.668611,1789630376668611000,105.11061108398438,-0.0097808837890625,-0.0103607177734375,-1.0042877197265625
2026-09-17T07:32:56.678571,1789630376678571300,105.1205712890625,-0.0085906982421875,-0.010772705078125,-1.0074920654296875
2026-09-17T07:32:56.688530,1789630376688530200,105.1305302734375,-0.0078277587890625,-0.0106201171875,-1.0066680908203125
2026-09-17T07:32:56.698490,1789630376698490000,105.14048999023436,-0.0067596435546875,-0.009796142578125,-1.00177001953125
2026-09-17T07:32:56.708450,1789630376708450000,105.15044995117188,-0.0047607421875,-0.008392333984375,-1.00146484375
2026-09-17T07:32:56.718409,1789630376718409000,105.16040893554688,-0.0043487548828125,-0.008544921875,-1.0064697265625
2026-09-17T07:32:56.728369,1789630376728369000,105.17036889648438,-0.0050048828125,-0.01300048828125,-1.0052337646484375
2026-09-17T07:32:56.738328,1789630376738328300,105.18032836914062,-0.004791259765625,-0.0134735107421875,-1.0025177001953125
2026-09-17T07:32:56.748288,1789630376748288300,105.19028833007812,-0.0041351318359375,-0.0132293701171875,-1.0032196044921875
2026-09-17T07:32:56.758248,1789630376758248200,105.20024829101564,-0.003997802734375,-0.01422119140625,-1.005523681640625
2026-09-17T07:32:56.768207,1789630376768207000,105.21020703125,-0.0037841796875,-0.0157470703125,-1.005126953125
2026-09-17T07:32:56.778167,1789630376778167000,105.2201669921875,-0.0066375732421875,-0.0167236328125,-1.0036773681640625
2026-09-17T07:32:56.788126,1789630376788126200,105.23012622070311,-0.004852294921875,-0.016632080078125,-1.0025634765625
2026-09-17T07:32:56.798086,1789630376798086100,105.24008618164062,-0.006011962890625,-0.017364501953125,-1.00518798828125
2026-09-17T07:32:56.808046,1789630376808046000,105.25004614257811,-0.009124755859375,-0.017669677734375,-1.003875732421875
2026-09-17T07:32:56.818005,1789630376818005000,105.2600048828125,-0.009674072265625,-0.0172271728515625,-1.0046539306640625
2026-09-17T07:32:56.827965,1789630376827965000,105.26996484375,-0.009918212890625,-0.0175018310546875,-1.004852294921875
2026-09-17T07:32:56.837924,1789630376837924000,105.27992407226564,-0.0085296630859375,-0.01837158203125,-1.005096435546875
2026-09-17T07:32:56.847884,1789630376847884300,105.28988427734376,-0.0077667236328125,-0.01861572265625,-1.003570556640625
2026-09-17T07:32:56.857844,1789630376857844200,105.29984423828124,-0.00714111328125,-0.0167236328125,-1.0039215087890625
2026-09-17T07:32:56.867803,1789630376867803100,105.30980322265626,-0.004608154296875,-0.0175018310546875,-1.0050048828125
2026-09-17T07:32:56.877763,1789630376877763000,105.31976318359376,-0.003021240234375,-0.01470947265625,-1.005340576171875
2026-09-17T07:32:56.887722,1789630376887722000,105.32972192382812,-0.0018463134765625,-0.013336181640625,-1.0034637451171875
2026-09-17T07:32:56.897682,1789630376897682200,105.33968212890623,-0.0015716552734375,-0.01275634765625,-1.0041961669921875
2026-09-17T07:32:56.907642,1789630376907642000,105.34964208984375,-0.0018768310546875,-0.0111846923828125,-1.0051422119140625
2026-09-17T07:32:56.917601,1789630376917601000,105.35960107421874,-0.0021820068359375,-0.0106964111328125,-1.0053863525390625
2026-09-17T07:32:56.927561,1789630376927561000,105.36956103515624,-0.0033416748046875,-0.01031494140625,-1.0035552978515625
2026-09-17T07:32:56.937520,1789630376937520000,105.37952001953126,-0.0037384033203125,-0.009033203125,-1.0041046142578125
2026-09-17T07:32:56.947480,1789630376947480300,105.38948022460936,-0.0069580078125,-0.0105133056640625,-1.00567626953125
2026-09-17T07:32:56.957440,1789630376957440300,105.39944018554688,-0.009185791015625,-0.0106658935546875,-1.00482177734375
2026-09-17T07:32:56.967399,1789630376967399200,105.40939916992188,-0.0095367431640625,-0.0133819580078125,-1.0059814453125
2026-09-17T07:32:56.977359,1789630376977359000,105.41935913085938,-0.009033203125,-0.0133209228515625,-1.0059051513671875
2026-09-17T07:32:56.987318,1789630376987318000,105.42931811523438,-0.0098419189453125,-0.01318359375,-1.0043487548828125
2026-09-17T07:32:56.997278,1789630376997278000,105.43927783203124,-0.0095367431640625,-0.0134429931640625,-1.0028076171875
2026-09-17T07:32:57.007238,1789630377007238000,105.44923779296874,-0.0097198486328125,-0.0153350830078125,-1.0041046142578125
2026-09-17T07:32:57.017196,1789630377017196800,105.45919677734376,-0.00799560546875,-0.0146026611328125,-1.00494384765625
2026-09-17T07:32:57.027156,1789630377027156700,105.46915673828126,-0.005401611328125,-0.0152740478515625,-1.0054168701171875
2026-09-17T07:32:57.037117,1789630377037117000,105.47911694335936,-0.004974365234375,-0.015960693359375,-1.00274658203125
2026-09-17T07:32:57.047076,1789630377047076000,105.489076171875,-0.0050048828125,-0.0155487060546875,-1.004180908203125
2026-09-17T07:32:57.057036,1789630377057036000,105.4990361328125,-0.003143310546875,-0.017242431640625,-1.0054168701171875
2026-09-17T07:32:57.066995,1789630377066995000,105.50899487304687,-0.0028839111328125,-0.015350341796875,-1.0062103271484375
2026-09-17T07:32:57.076955,1789630377076955000,105.51895483398438,-0.0038604736328125,-0.0148468017578125,-1.0023193359375
2026-09-17T07:32:57.086913,1789630377086913800,105.52891381835936,-0.00457763671875,-0.01458740234375,-1.0045013427734375
2026-09-17T07:32:57.096874,1789630377096874000,105.5388740234375,-0.0017852783203125,-0.0135650634765625,-1.0054779052734375
2026-09-17T07:32:57.106834,1789630377106834000,105.548833984375,-0.0019378662109375,-0.0130767822265625,-1.005096435546875
2026-09-17T07:32:57.116792,1789630377116792800,105.55879272460938,-0.0044097900390625,-0.0140228271484375,-1.0022430419921875
2026-09-17T07:32:57.126752,1789630377126752800,105.56875268554688,-0.0057220458984375,-0.0125885009765625,-1.003173828125
2026-09-17T07:32:57.136712,1789630377136712000,105.5787119140625,-0.005950927734375,-0.013275146484375,-1.0070648193359375
2026-09-17T07:32:57.146672,1789630377146672000,105.58867211914064,-0.0073394775390625,-0.015106201171875,-1.002838134765625
2026-09-17T07:32:57.156632,1789630377156632000,105.59863208007812,-0.0069732666015625,-0.014373779296875,-1.000732421875
2026-09-17T07:32:57.166591,1789630377166591000,105.60859106445312,-0.0076904296875,-0.0145263671875,-1.0043792724609375
2026-09-17T07:32:57.176551,1789630377176551000,105.61855102539064,-0.0071868896484375,-0.01629638671875,-1.0072021484375
2026-09-17T07:32:57.186509,1789630377186509800,105.628509765625,-0.00799560546875,-0.0147247314453125,-1.0035400390625
2026-09-17T07:32:57.196470,1789630377196470000,105.63846997070311,-0.007659912109375,-0.0136260986328125,-1.0018157958984375
2026-09-17T07:32:57.206430,1789630377206430000,105.64842993164062,-0.0060882568359375,-0.011871337890625,-1.0043487548828125
2026-09-17T07:32:57.216388,1789630377216388900,105.65838891601562,-0.0063018798828125,-0.012176513671875,-1.0068359375
2026-09-17T07:32:57.226348,1789630377226348800,105.66834887695312,-0.0067138671875,-0.0136566162109375,-1.0045166015625
2026-09-17T07:32:57.236308,1789630377236308000,105.67830786132812,-0.00732421875,-0.01177978515625,-1.00177001953125
2026-09-17T07:32:57.246268,1789630377246268000,105.68826782226564,-0.00592041015625,-0.011871337890625,-1.0037841796875
2026-09-17T07:32:57.256228,1789630377256228000,105.69822802734376,-0.0055084228515625,-0.01318359375,-1.0061492919921875
2026-09-17T07:32:57.266187,1789630377266187000,105.70818701171876,-0.0063323974609375,-0.0143280029296875,-1.0037384033203125
2026-09-17T07:32:57.276147,1789630377276147000,105.71814697265626,-0.005462646484375,-0.0141143798828125,-1.0032806396484375
2026-09-17T07:32:57.286105,1789630377286105900,105.72810595703125,-0.005828857421875,-0.0155792236328125,-1.0050811767578125
2026-09-17T07:32:57.296065,1789630377296065800,105.73806567382812,-0.00634765625,-0.0157470703125,-1.001739501953125
2026-09-17T07:32:57.306026,1789630377306026000,105.74802587890623,-0.004364013671875,-0.01556396484375,-1.0036163330078125
2026-09-17T07:32:57.315985,1789630377315985000,105.75798486328124,-0.004425048828125,-0.0153045654296875,-1.0035552978515625
2026-09-17T07:32:57.325944,1789630377325944800,105.76794482421874,-0.004119873046875,-0.015655517578125,-1.0041046142578125
2026-09-17T07:32:57.335904,1789630377335904000,105.77790405273436,-0.003662109375,-0.0155181884765625,-1.003631591796875
2026-09-17T07:32:57.345864,1789630377345864000,105.78786401367188,-0.0036773681640625,-0.016845703125,-1.003753662109375
2026-09-17T07:32:57.355823,1789630377355823900,105.79782397460936,-0.0043792724609375,-0.0175933837890625,-1.0036163330078125
2026-09-17T07:32:57.365783,1789630377365783000,105.80778295898438,-0.0044097900390625,-0.016204833984375,-1.0045013427734375
2026-09-17T07:32:57.375743,1789630377375743000,105.81774291992188,-0.00555419921875,-0.0140533447265625,-1.005035400390625
2026-09-17T07:32:57.385702,1789630377385702000,105.82770190429687,-0.0070037841796875,-0.0145416259765625,-1.0026702880859375
2026-09-17T07:32:57.395661,1789630377395661800,105.83766186523438,-0.007904052734375,-0.0134429931640625,-1.0027313232421875
2026-09-17T07:32:57.405622,1789630377405622000,105.8476220703125,-0.0069732666015625,-0.0136260986328125,-1.0041351318359375
2026-09-17T07:32:57.415581,1789630377415581000,105.85758081054688,-0.006683349609375,-0.01171875,-1.004913330078125
2026-09-17T07:32:57.425540,1789630377425540900,105.86754077148436,-0.0071258544921875,-0.01226806640625,-1.0036773681640625
2026-09-17T07:32:57.435500,1789630377435500000,105.8775,-0.005645751953125,-0.0114898681640625,-1.0041046142578125
2026-09-17T07:32:57.445460,1789630377445460000,105.8874599609375,-0.0067596435546875,-0.012603759765625,-1.0040130615234375
2026-09-17T07:32:57.455420,1789630377455420000,105.897419921875,-0.0063934326171875,-0.01409912109375,-1.0037384033203125
2026-09-17T07:32:57.465379,1789630377465379000,105.90737915039062,-0.0054931640625,-0.013763427734375,-1.00384521484375
2026-09-17T07:32:57.475339,1789630377475339000,105.91733911132812,-0.005828857421875,-0.0128631591796875,-1.004669189453125
2026-09-17T07:32:57.485298,1789630377485298000,105.9272978515625,-0.0053253173828125,-0.0125274658203125,-1.0032958984375
2026-09-17T07:32:57.495257,1789630377495257900,105.9372578125,-0.0050048828125,-0.0131683349609375,-1.003021240234375
2026-09-17T07:32:57.505217,1789630377505217800,105.9472177734375,-0.005645751953125,-0.013824462890625,-1.003692626953125
2026-09-17T07:32:57.515177,1789630377515177000,105.95717700195311,-0.0045928955078125,-0.0142669677734375,-1.003936767578125
2026-09-17T07:32:57.525137,1789630377525137000,105.96713696289062,-0.0045623779296875,-0.01507568359375,-1.004150390625
2026-09-17T07:32:57.535095,1789630377535095800,105.977095703125,-0.0061798095703125,-0.01336669921875,-1.0037078857421875
2026-09-17T07:32:57.545055,1789630377545055700,105.9870556640625,-0.006317138671875,-0.0160675048828125,-1.0049285888671875
2026-09-17T07:32:57.555015,1789630377555015700,105.997015625,-0.006866455078125,-0.0165863037109375,-1.0059051513671875
2026-09-17T07:32:57.564975,1789630377564975000,106.00697509765624,-0.0058441162109375,-0.0147857666015625,-1.0034027099609375
2026-09-17T07:32:57.574935,1789630377574935000,106.01693505859376,-0.0057830810546875,-0.0142822265625,-1.0036163330078125
2026-09-17T07:32:57.584894,1789630377584894000,106.02689404296876,-0.0045623779296875,-0.0146026611328125,-1.005615234375
2026-09-17T07:32:57.594854,1789630377594854000,106.03685400390626,-0.006683349609375,-0.0159454345703125,-1.00555419921875
2026-09-17T07:32:57.604813,1789630377604813800,106.04681372070311,-0.0052642822265625,-0.0155792236328125,-1.002960205078125
2026-09-17T07:32:57.614772,1789630377614772700,106.05677270507812,-0.00616455078125,-0.01446533203125,-1.0021209716796875
2026-09-17T07:32:57.624733,1789630377624733000,106.06673291015623,-0.0066986083984375,-0.0144195556640625,-1.0048065185546875
2026-09-17T07:32:57.634691,1789630377634691800,106.07669189453124,-0.0071563720703125,-0.0144500732421875,-1.0067291259765625
2026-09-17T07:32:57.644651,1789630377644651800,106.08665185546874,-0.005645751953125,-0.0120849609375,-1.0047760009765625
2026-09-17T07:32:57.654611,1789630377654611700,106.09661181640624,-0.004547119140625,-0.014190673828125,-1.0028228759765625
2026-09-17T07:32:57.664571,1789630377664571000,106.10657080078126,-0.005462646484375,-0.0142974853515625,-1.004302978515625
2026-09-17T07:32:57.674531,1789630377674531000,106.11653100585936,-0.005157470703125,-0.0131988525390625,-1.0045013427734375
2026-09-17T07:32:57.684490,1789630377684490000,106.12648999023438,-0.0061492919921875,-0.0124359130859375,-1.0047607421875
2026-09-17T07:32:57.694450,1789630377694450000,106.13644995117188,-0.0062103271484375,-0.0128021240234375,-1.003509521484375
2026-09-17T07:32:57.704409,1789630377704409900,106.14640991210938,-0.005950927734375,-0.0126190185546875,-1.00482177734375
2026-09-17T07:32:57.714368,1789630377714368800,106.15636865234374,-0.005950927734375,-0.01129150390625,-1.0055999755859375
2026-09-17T07:32:57.724329,1789630377724329000,106.16632885742187,-0.0058746337890625,-0.0123291015625,-1.0045166015625
2026-09-17T07:32:57.734288,1789630377734288000,106.17628784179688,-0.00689697265625,-0.01275634765625,-1.002899169921875
2026-09-17T07:32:57.744247,1789630377744247800,106.18624780273436,-0.006072998046875,-0.0126800537109375,-1.0035400390625
2026-09-17T07:32:57.754207,1789630377754207700,106.19620776367188,-0.0066375732421875,-0.0145416259765625,-1.0048370361328125
2026-09-17T07:32:57.764167,1789630377764167000,106.2061669921875,-0.0071563720703125,-0.0117034912109375,-1.00494384765625
2026-09-17T07:32:57.774127,1789630377774127000,106.21612719726562,-0.007781982421875,-0.0121917724609375,-1.0051116943359375
2026-09-17T07:32:57.784086,1789630377784086000,106.2260859375,-0.0062408447265625,-0.014434814453125,-1.0051422119140625
2026-09-17T07:32:57.794046,1789630377794046000,106.2360458984375,-0.00677490234375,-0.0136871337890625,-1.00592041015625
2026-09-17T07:32:57.804006,1789630377804006000,106.246005859375,-0.0055084228515625,-0.0150604248046875,-1.0041046142578125
2026-09-17T07:32:57.813964,1789630377813964800,106.25596484375,-0.0057373046875,-0.0158233642578125,-1.0035400390625
2026-09-17T07:32:57.823925,1789630377823925000,106.26592504882812,-0.0054779052734375,-0.0158538818359375,-1.004180908203125
2026-09-17T07:32:57.833884,1789630377833884000,106.2758837890625,-0.00421142578125,-0.015289306640625,-1.0050811767578125
2026-09-17T07:32:57.843843,1789630377843843800,106.28584375,-0.005767822265625,-0.0162506103515625,-1.00323486328125
2026-09-17T07:32:57.853803,1789630377853803800,106.2958037109375,-0.0068359375,-0.0150299072265625,-1.0024871826171875
2026-09-17T07:32:57.863763,1789630377863763000,106.30576293945312,-0.00396728515625,-0.0160064697265625,-1.003936767578125
2026-09-17T07:32:57.873723,1789630377873723000,106.31572290039064,-0.004486083984375,-0.0159149169921875,-1.00531005859375
2026-09-17T07:32:57.883682,1789630377883682000,106.32568212890624,-0.00457763671875,-0.0169219970703125,-1.0028076171875
2026-09-17T07:32:57.893642,1789630377893642000,106.33564208984374,-0.003875732421875,-0.0160980224609375,-1.0027008056640625
2026-09-17T07:32:57.903602,1789630377903602000,106.34560180664064,-0.004669189453125,-0.0154266357421875,-1.003326416015625
2026-09-17T07:32:57.913560,1789630377913560800,106.35556079101562,-0.0044097900390625,-0.0151214599609375,-1.0050506591796875
2026-09-17T07:32:57.923520,1789630377923520800,106.36552075195311,-0.0045318603515625,-0.0131988525390625,-1.0035400390625
2026-09-17T07:32:57.933480,1789630377933480000,106.37547998046875,-0.00537109375,-0.01080322265625,-1.00433349609375
2026-09-17T07:32:57.943440,1789630377943440000,106.38543994140625,-0.006988525390625,-0.010894775390625,-1.006256103515625
2026-09-17T07:32:57.953399,1789630377953399000,106.39539892578124,-0.005340576171875,-0.0093994140625,-1.0062103271484375
2026-09-17T07:32:57.963359,1789630377963359000,106.40535888671874,-0.0058746337890625,-0.0111846923828125,-1.002960205078125
2026-09-17T07:32:57.973319,1789630377973319000,106.41531884765624,-0.0093231201171875,-0.0110931396484375,-1.0046539306640625
2026-09-17T07:32:57.983277,1789630377983277800,106.42527783203126,-0.0081634521484375,-0.0103759765625,-1.0048065185546875
2026-09-17T07:32:57.993238,1789630377993238000,106.43523803710936,-0.0064544677734375,-0.0115966796875,-1.00531005859375
2026-09-17T07:32:58.003196,1789630378003196700,106.44519677734375,-0.0073394775390625,-0.0142974853515625,-1.00311279296875
2026-09-17T07:32:58.013156,1789630378013156600,106.45515649414062,-0.0074310302734375,-0.0105438232421875,-1.0024871826171875
2026-09-17T07:32:58.023116,1789630378023116800,106.46511669921875,-0.0066375732421875,-0.0105438232421875,-1.0054931640625
2026-09-17T07:32:58.033075,1789630378033075700,106.47507568359374,-0.0069122314453125,-0.01141357421875,-1.0056304931640625
2026-09-17T07:32:58.043035,1789630378043035600,106.48503564453124,-0.0047607421875,-0.0119781494140625,-1.0014190673828125
2026-09-17T07:32:58.052994,1789630378052994800,106.49499487304688,-0.0049896240234375,-0.0142974853515625,-1.004180908203125
2026-09-17T07:32:58.062954,1789630378062954800,106.50495483398436,-0.004608154296875,-0.015472412109375,-1.00732421875
2026-09-17T07:32:58.072915,1789630378072915000,106.5149150390625,-0.0052337646484375,-0.01678466796875,-1.0047760009765625
2026-09-17T07:32:58.082873,1789630378082873900,106.52487377929688,-0.0064697265625,-0.01776123046875,-1.003814697265625
2026-09-17T07:32:58.092833,1789630378092833800,106.53483374023438,-0.0077056884765625,-0.017120361328125,-1.003570556640625
2026-09-17T07:32:58.102792,1789630378102792700,106.54479272460938,-0.00640869140625,-0.0173797607421875,-1.00421142578125
2026-09-17T07:32:58.112752,1789630378112752600,106.55475268554687,-0.0056304931640625,-0.0180816650390625,-1.00421142578125
2026-09-17T07:32:58.122712,1789630378122712800,106.564712890625,-0.0047454833984375,-0.0184326171875,-1.00238037109375
2026-09-17T07:32:58.132671,1789630378132671700,106.57467163085936,-0.006256103515625,-0.0181732177734375,-1.003875732421875
2026-09-17T07:32:58.142631,1789630378142631700,106.58463159179688,-0.00543212890625,-0.0191650390625,-1.006927490234375
2026-09-17T07:32:58.152590,1789630378152590800,106.5945908203125,-0.0054779052734375,-0.0182037353515625,-1.0063018798828125
2026-09-17T07:32:58.162550,1789630378162550800,106.60455078125,-0.003875732421875,-0.01751708984375,-1.0036163330078125
2026-09-17T07:32:58.172510,1789630378172510700,106.6145107421875,-0.005340576171875,-0.014373779296875,-1.003997802734375
2026-09-17T07:32:58.182470,1789630378182470000,106.62446997070312,-0.006256103515625,-0.012786865234375,-1.0068817138671875
2026-09-17T07:32:58.192429,1789630378192429800,106.63442993164062,-0.004974365234375,-0.012481689453125,-1.0037994384765625
2026-09-17T07:32:58.202388,1789630378202388700,106.644388671875,-0.0038299560546875,-0.0134735107421875,-1.002166748046875
2026-09-17T07:32:58.212348,1789630378212348700,106.6543486328125,-0.0022735595703125,-0.0157012939453125,-1.002471923828125
2026-09-17T07:32:58.222308,1789630378222308600,106.66430859375,-0.002716064453125,-0.0196533203125,-1.005126953125
2026-09-17T07:32:58.232267,1789630378232267800,106.67426782226562,-0.00848388671875,-0.023223876953125,-1.005157470703125
2026-09-17T07:32:58.242227,1789630378242227700,106.68422778320311,-0.00811767578125,-0.0266876220703125,-1.0035247802734375
2026-09-17T07:32:58.252187,1789630378252187000,106.69418676757812,-0.00653076171875,-0.02728271484375,-1.00518798828125
2026-09-17T07:32:58.262146,1789630378262146800,106.70414672851562,-0.0069732666015625,-0.0269775390625,-1.0048370361328125
2026-09-17T07:32:58.272106,1789630378272106800,106.71410668945312,-0.0066680908203125,-0.0242767333984375,-1.00396728515625
2026-09-17T07:32:58.282065,1789630378282065700,106.72406567382812,-0.003875732421875,-0.0223846435546875,-1.0028839111328125
2026-09-17T07:32:58.292025,1789630378292025900,106.73402587890624,-0.00177001953125,-0.0206451416015625,-1.001068115234375
2026-09-17T07:32:58.301984,1789630378301984800,106.74398486328126,-0.004852294921875,-0.0206146240234375,-1.005126953125
2026-09-17T07:32:58.311944,1789630378311944700,106.75394482421876,-0.010040283203125,-0.02239990234375,-1.006805419921875
2026-09-17T07:32:58.321904,1789630378321904600,106.76390454101562,-0.00933837890625,-0.021392822265625,-1.0074462890625
2026-09-17T07:32:58.331863,1789630378331863600,106.77386352539062,-0.0034332275390625,-0.02142333984375,-1.0001068115234375
2026-09-17T07:32:58.341823,1789630378341823700,106.78382373046875,-0.0014801025390625,-0.02496337890625,-1.0013427734375
2026-09-17T07:32:58.351783,1789630378351783000,106.79378295898438,-0.004608154296875,-0.027587890625,-1.0055389404296875
2026-09-17T07:32:58.361742,1789630378361742800,106.80374291992187,-0.0016937255859375,-0.0270538330078125,-1.00836181640625
2026-09-17T07:32:58.371701,1789630378371701800,106.81370166015626,-0.002716064453125,-0.029876708984375,-1.0032958984375
2026-09-17T07:32:58.381661,1789630378381661700,106.82366162109376,-0.005645751953125,-0.0301055908203125,-1.0016632080078125
2026-09-17T07:32:58.391622,1789630378391622000,106.83362182617188,-0.0046234130859375,-0.0354156494140625,-1.0026702880859375
2026-09-17T07:32:58.401580,1789630378401580800,106.84358081054688,-0.0039520263671875,-0.0409088134765625,-1.010467529296875
2026-09-17T07:32:58.411540,1789630378411540700,106.85354077148438,-0.0009307861328125,-0.044219970703125,-1.0030670166015625
2026-09-17T07:32:58.421499,1789630378421499600,106.86349975585938,-0.004791259765625,-0.0493621826171875,-0.9969329833984376
2026-09-17T07:32:58.431459,1789630378431459600,106.87345947265624,-0.0064697265625,-0.055755615234375,-1.0030517578125
2026-09-17T07:32:58.441419,1789630378441419800,106.88341967773438,0.0003662109375,-0.055633544921875,-1.0082855224609375
2026-09-17T07:32:58.451379,1789630378451379000,106.89337890625,0.0054473876953125,-0.062591552734375,-1.0049591064453125
2026-09-17T07:32:58.461339,1789630378461339000,106.9033388671875,0.0037689208984375,-0.06890869140625,-0.9939117431640624
2026-09-17T07:32:58.471297,1789630378471297800,106.9132978515625,-0.00054931640625,-0.07354736328125,-0.997833251953125
2026-09-17T07:32:58.481257,1789630378481257700,106.9232578125,-0.002777099609375,-0.082611083984375,-1.0138702392578125
2026-09-17T07:32:58.491218,1789630378491218000,106.93321801757811,-0.0032806396484375,-0.091888427734375,-1.0058441162109375
2026-09-17T07:32:58.501176,1789630378501176800,106.9431767578125,-7.62939453125e-05,-0.1033935546875,-0.9933319091796876
2026-09-17T07:32:58.511136,1789630378511136800,106.95313671875,0.008819580078125,-0.11932373046875,-1.0031280517578125
2026-09-17T07:32:58.521095,1789630378521095700,106.963095703125,0.016815185546875,-0.1317138671875,-1.010162353515625
2026-09-17T07:32:58.531055,1789630378531055600,106.9730556640625,0.0193328857421875,-0.1434478759765625,-1.00213623046875
2026-09-17T07:32:58.541015,1789630378541015600,106.983015625,0.0191802978515625,-0.1488800048828125,-0.9953460693359376
2026-09-17T07:32:58.550974,1789630378550974700,106.992974609375,0.021453857421875,-0.1465606689453125,-1.0026092529296875
2026-09-17T07:32:58.560934,1789630378560934700,107.0029345703125,0.021270751953125,-0.147247314453125,-1.0064544677734375
2026-09-17T07:32:58.570893,1789630378570893800,107.01289379882812,0.0243682861328125,-0.15191650390625,-1.0089874267578125
2026-09-17T07:32:58.580853,1789630378580853800,107.02285375976562,0.0219573974609375,-0.1509552001953125,-0.9987030029296876
2026-09-17T07:32:58.590812,1789630378590812700,107.03281274414064,0.006500244140625,-0.1552581787109375,-0.9890289306640624
2026-09-17T07:32:58.600772,1789630378600772900,107.04277294921874,0.000152587890625,-0.1610565185546875,-0.99554443359375
2026-09-17T07:32:58.610732,1789630378610732800,107.05273291015624,0.010162353515625,-0.1700439453125,-1.005889892578125
2026-09-17T07:32:58.620691,1789630378620691700,107.06269165039062,0.01934814453125,-0.185577392578125,-1.002655029296875
2026-09-17T07:32:58.630651,1789630378630651600,107.07265161132813,0.0227508544921875,-0.1958465576171875,-0.9911956787109376
2026-09-17T07:32:58.640610,1789630378640610800,107.08261083984377,0.02008056640625,-0.203033447265625,-0.984100341796875
2026-09-17T07:32:58.650570,1789630378650570800,107.09257080078125,0.022552490234375,-0.20770263671875,-1.0093994140625
2026-09-17T07:32:58.660530,1789630378660530700,107.10253076171875,0.01690673828125,-0.20684814453125,-1.0031280517578125
2026-09-17T07:32:58.670489,1789630378670489900,107.11248974609374,0.012420654296875,-0.2017364501953125,-0.9757232666015624
2026-09-17T07:32:58.680449,1789630378680449800,107.12244970703124,0.0030059814453125,-0.202178955078125,-0.9844970703125
2026-09-17T07:32:58.690408,1789630378690408700,107.13240869140624,-0.01092529296875,-0.1967315673828125,-1.0182342529296875
2026-09-17T07:32:58.700368,1789630378700368600,107.14236865234376,-0.003387451171875,-0.1863555908203125,-1.02923583984375
2026-09-17T07:32:58.710328,1789630378710328800,107.15232885742188,0.000396728515625,-0.1868743896484375,-0.97393798828125
2026-09-17T07:32:58.720287,1789630378720287700,107.16228784179688,-0.005401611328125,-0.1777801513671875,-0.98309326171875
2026-09-17T07:32:58.730247,1789630378730247700,107.17224755859375,0.0001678466796875,-0.16162109375,-1.017852783203125
2026-09-17T07:32:58.740206,1789630378740206600,107.18220654296876,0.003082275390625,-0.1673583984375,-1.059417724609375
2026-09-17T07:32:58.750166,1789630378750166500,107.19216650390624,-0.012603759765625,-0.1532135009765625,-1.014404296875
2026-09-17T07:32:58.760126,1789630378760126700,107.20212670898438,-0.0158233642578125,-0.1486358642578125,-0.93011474609375
2026-09-17T07:32:58.770086,1789630378770086000,107.2120859375,0.037994384765625,-0.1546783447265625,-0.988800048828125
2026-09-17T07:32:58.780045,1789630378780045800,107.2220458984375,0.033294677734375,-0.1717529296875,-0.989532470703125
2026-09-17T07:32:58.790004,1789630378790004700,107.23200463867188,-0.01531982421875,-0.2074127197265625,-1.104339599609375
2026-09-17T07:32:58.799964,1789630378799964700,107.24196459960936,-0.03118896484375,-0.172088623046875,-1.1411285400390625
2026-09-17T07:32:58.809924,1789630378809924900,107.2519248046875,0.0650482177734375,-0.1175384521484375,-0.8134002685546875
2026-09-17T07:32:58.819883,1789630378819883800,107.2618837890625,-0.0097808837890625,-0.210540771484375,-0.865325927734375
2026-09-17T07:32:58.829843,1789630378829843700,107.27184375,-0.05072021484375,-0.185760498046875,-1.08233642578125
2026-09-17T07:32:58.839802,1789630378839802600,107.281802734375,0.105621337890625,-0.1440582275390625,-1.246826171875
2026-09-17T07:32:58.849762,1789630378849762600,107.29176245117188,0.1231231689453125,-0.1273345947265625,-0.9814910888671876
2026-09-17T07:32:58.859721,1789630378859721700,107.3017216796875,0.033966064453125,-0.1321258544921875,-0.7012176513671875
2026-09-17T07:32:58.869682,1789630378869682000,107.31168188476562,-0.0804595947265625,-0.190185546875,-0.8450775146484375
2026-09-17T07:32:58.879641,1789630378879641900,107.32164184570313,-0.2127227783203125,-0.2350616455078125,-1.297027587890625
2026-09-17T07:32:58.889600,1789630378889600800,107.33160083007812,0.007843017578125,-0.13629150390625,-1.3421783447265625
2026-09-17T07:32:58.899560,1789630378899560700,107.34156079101562,-0.0185089111328125,-0.1818389892578125,-0.8118743896484375
2026-09-17T07:32:58.909519,1789630378909519600,107.35151953125,-0.0006561279296875,-0.216094970703125,-0.4089202880859375
2026-09-17T07:32:58.919479,1789630378919479800,107.36147973632812,0.1898193359375,-0.15899658203125,-1.1920623779296875
2026-09-17T07:32:58.929439,1789630378929439700,107.37143969726564,0.172882080078125,-0.158050537109375,-1.6878204345703125
2026-09-17T07:32:58.939398,1789630378939398700,107.38139868164062,-0.0529327392578125,-0.1548309326171875,-0.7610931396484375
2026-09-17T07:32:58.949358,1789630378949358600,107.39135864257813,-0.082489013671875,-0.1191253662109375,-0.383209228515625
2026-09-17T07:32:58.959317,1789630378959317800,107.40131787109377,-0.0985260009765625,-0.120025634765625,-1.1943817138671875
2026-09-17T07:32:58.969277,1789630378969277700,107.41127758789062,0.023834228515625,-0.1986083984375,-1.6691131591796875
2026-09-17T07:32:58.979238,1789630378979238000,107.42123779296875,0.0050048828125,-0.0743408203125,-0.7917633056640625
2026-09-17T07:32:58.989196,1789630378989196800,107.43119677734374,0.087921142578125,-0.104217529296875,-0.4559173583984375
2026-09-17T07:32:58.999157,1789630378999157500,107.44115747070312,0.0625152587890625,-0.175872802734375,-1.0597686767578125
2026-09-17T07:32:59.009116,1789630379009116400,107.45111645507812,-0.00384521484375,-0.1576995849609375,-1.523651123046875
2026-09-17T07:32:59.019076,1789630379019076400,107.46107641601564,-0.050628662109375,-0.153594970703125,-1.0823974609375
2026-09-17T07:32:59.029035,1789630379029035300,107.47103515625,-0.04107666015625,-0.0953826904296875,-0.415618896484375
2026-09-17T07:32:59.038995,1789630379038995500,107.48099536132813,0.0931243896484375,-0.15350341796875,-0.937286376953125
2026-09-17T07:32:59.048955,1789630379048955400,107.49095532226562,0.037841796875,-0.1529541015625,-1.4632720947265625
2026-09-17T07:32:59.058914,1789630379058914300,107.50091430664062,-0.0256500244140625,-0.1164703369140625,-1.130462646484375
2026-09-17T07:32:59.068874,1789630379068874200,107.51087426757812,0.006927490234375,-0.0758209228515625,-0.54937744140625
2026-09-17T07:32:59.078833,1789630379078833400,107.52083349609374,0.0430908203125,-0.1123504638671875,-0.824951171875
2026-09-17T07:32:59.088793,1789630379088793600,107.53079370117187,-0.0096282958984375,-0.1379852294921875,-1.54833984375
2026-09-17T07:32:59.098753,1789630379098753500,107.54075341796874,-0.068267822265625,-0.1021270751953125,-1.0767059326171875
2026-09-17T07:32:59.108712,1789630379108712400,107.55071240234376,-0.01605224609375,-0.095306396484375,-0.5416259765625
2026-09-17T07:32:59.118672,1789630379118672400,107.56067236328126,0.0803375244140625,-0.07855224609375,-0.97064208984375
2026-09-17T07:32:59.128631,1789630379128631300,107.57063134765625,-0.00897216796875,-0.1287994384765625,-1.3696746826171875
2026-09-17T07:32:59.138591,1789630379138591200,107.58059130859375,-0.0616912841796875,-0.103057861328125,-1.136749267578125
2026-09-17T07:32:59.148551,1789630379148551400,107.59055151367188,0.0262603759765625,-0.0292205810546875,-0.5816802978515625
2026-09-17T07:32:59.158510,1789630379158510300,107.60051025390624,0.04205322265625,-0.091339111328125,-0.953369140625
2026-09-17T07:32:59.168470,1789630379168470300,107.61047021484374,-0.0167083740234375,-0.0956878662109375,-1.159912109375
2026-09-17T07:32:59.178429,1789630379178429400,107.62042944335936,-0.000152587890625,-0.0488739013671875,-1.3720855712890625
2026-09-17T07:32:59.188389,1789630379188389400,107.63038940429688,-0.0516815185546875,-0.0217437744140625,-0.755615234375
2026-09-17T07:32:59.198348,1789630379198348500,107.6403486328125,-0.0117034912109375,-0.0402069091796875,-0.6012420654296875
2026-09-17T07:32:59.208308,1789630379208308500,107.65030859375,0.04364013671875,-0.0517578125,-1.285430908203125
2026-09-17T07:32:59.218268,1789630379218268400,107.66026831054688,0.0014495849609375,-0.088165283203125,-1.288421630859375
2026-09-17T07:32:59.228227,1789630379228227300,107.67022729492189,-0.093505859375,-0.051025390625,-0.992584228515625
2026-09-17T07:32:59.238187,1789630379238187300,107.68018725585938,-0.0402679443359375,-0.0274810791015625,-0.664154052734375
2026-09-17T07:32:59.248146,1789630379248146200,107.69014624023436,0.055145263671875,-0.05987548828125,-1.160430908203125
2026-09-17T07:32:59.258106,1789630379258106400,107.7001064453125,-0.0595245361328125,-0.0625,-1.1016387939453125
2026-09-17T07:32:59.268066,1789630379268066300,107.71006640625,-0.0457305908203125,-0.0696258544921875,-1.0436553955078125
2026-09-17T07:32:59.278025,1789630379278025500,107.720025390625,0.10552978515625,-0.00634765625,-0.8120574951171875
2026-09-17T07:32:59.287985,1789630379287985400,107.7299853515625,0.0614471435546875,-0.0607452392578125,-0.8619842529296875
2026-09-17T07:32:59.297944,1789630379297944300,107.7399443359375,0.071075439453125,-0.0284271240234375,-1.48577880859375
2026-09-17T07:32:59.307904,1789630379307904500,107.74990454101562,-0.0867156982421875,-0.02276611328125,-0.9478607177734376
2026-09-17T07:32:59.317864,1789630379317864400,107.75986450195312,-0.23486328125,-0.1348876953125,-0.4070892333984375
2026-09-17T07:32:59.327823,1789630379327823400,107.7698232421875,-0.1094512939453125,0.012451171875,-1.2586212158203125
2026-09-17T07:32:59.337783,1789630379337783300,107.779783203125,0.0245208740234375,-0.051513671875,-1.233245849609375
2026-09-17T07:32:59.347742,1789630379347742200,107.7897421875,0.096954345703125,-0.0868988037109375,-1.2557220458984375
2026-09-17T07:32:59.357702,1789630379357702400,107.79970239257813,0.04779052734375,-0.02459716796875,-0.608184814453125
2026-09-17T07:32:59.367661,1789630379367661600,107.80966162109377,0.1348724365234375,-0.0865325927734375,-0.814483642578125
2026-09-17T07:32:59.377621,1789630379377621500,107.81962158203125,0.1242828369140625,-0.0428619384765625,-1.1803741455078125
2026-09-17T07:32:59.387581,1789630379387581400,107.82958154296875,-0.1649322509765625,-0.085968017578125,-1.1471405029296875
2026-09-17T07:32:59.397540,1789630379397540400,107.83954028320312,-0.111846923828125,-0.05572509765625,-1.12786865234375
2026-09-17T07:32:59.407500,1789630379407500500,107.84950048828124,0.0118865966796875,-0.0185546875,-0.5262908935546875
2026-09-17T07:32:59.417459,1789630379417459500,107.85945947265624,0.0126190185546875,-0.0534210205078125,-1.198822021484375
2026-09-17T07:32:59.427419,1789630379427419400,107.86941943359376,-0.024932861328125,-0.0499267578125,-1.2173309326171875
2026-09-17T07:32:59.437379,1789630379437379300,107.87937939453126,0.085845947265625,-0.0551605224609375,-0.9236297607421876
2026-09-17T07:32:59.447338,1789630379447338200,107.88933813476562,0.0558929443359375,0.017425537109375,-0.7329559326171875
2026-09-17T07:32:59.457298,1789630379457298400,107.89929833984375,0.0037841796875,-0.0923004150390625,-1.0510711669921875
2026-09-17T07:32:59.467257,1789630379467257600,107.90925756835938,-0.0734100341796875,-0.082489013671875,-1.2902069091796875
2026-09-17T07:32:59.477217,1789630379477217500,107.91921752929689,-0.0704193115234375,-0.0436248779296875,-0.9588775634765624
2026-09-17T07:32:59.487176,1789630379487176400,107.92917651367188,-0.031219482421875,-0.058929443359375,-0.942962646484375
2026-09-17T07:32:59.497136,1789630379497136400,107.93913647460936,0.056884765625,-0.0539703369140625,-0.823699951171875
2026-09-17T07:32:59.507096,1789630379507096300,107.94909643554688,-0.001495361328125,-0.05364990234375,-1.2988739013671875
2026-09-17T07:32:59.517055,1789630379517055500,107.95905541992188,-0.0369720458984375,-0.0493927001953125,-1.017181396484375
2026-09-17T07:32:59.527015,1789630379527015400,107.96901538085936,-0.021392822265625,-0.0716705322265625,-0.7487640380859375
2026-09-17T07:32:59.536974,1789630379536974300,107.97897436523438,-0.0294647216796875,-0.0479888916015625,-1.0780029296875
2026-09-17T07:32:59.546934,1789630379546934300,107.98893432617189,0.0736083984375,-0.0358734130859375,-1.11767578125
2026-09-17T07:32:59.556894,1789630379556894200,107.99889428710938,0.01641845703125,-0.0583038330078125,-0.9755401611328124
2026-09-17T07:32:59.566853,1789630379566853600,108.008853515625,-0.05328369140625,-0.037841796875,-0.9129180908203124
2026-09-17T07:32:59.576813,1789630379576813600,108.0188134765625,0.0079498291015625,-0.040435791015625,-0.9461517333984376
2026-09-17T07:32:59.586772,1789630379586772500,108.0287724609375,-0.0079498291015625,-0.0791015625,-1.0689849853515625
2026-09-17T07:32:59.596732,1789630379596732400,108.038732421875,-0.0637969970703125,-0.0643310546875,-1.102294921875
2026-09-17T07:32:59.606691,1789630379606691300,108.04869140625,-0.040924072265625,-0.0702362060546875,-1.2164459228515625
2026-09-17T07:32:59.616651,1789630379616651300,108.0586513671875,0.003265380859375,-0.0425872802734375,-0.5776824951171875
2026-09-17T07:32:59.626611,1789630379626611500,108.06861157226562,0.01025390625,-0.0577545166015625,-0.97589111328125
2026-09-17T07:32:59.636570,1789630379636570400,108.0785703125,-0.0051116943359375,-0.1008758544921875,-1.215606689453125
2026-09-17T07:32:59.646530,1789630379646530300,108.0885302734375,0.12286376953125,-0.0759124755859375,-1.250885009765625
2026-09-17T07:32:59.656489,1789630379656489500,108.09848950195313,0.1949005126953125,0.0619964599609375,-0.881683349609375
2026-09-17T07:32:59.666449,1789630379666449400,108.10844946289062,-0.18621826171875,-0.0774078369140625,-0.406707763671875
2026-09-17T07:32:59.676409,1789630379676409600,108.11840966796876,-0.369049072265625,-0.1784820556640625,-1.0272979736328125
2026-09-17T07:32:59.686368,1789630379686368500,108.12836840820312,-0.2022552490234375,0.0015869140625,-1.60162353515625
2026-09-17T07:32:59.696328,1789630379696328400,108.13832836914062,0.4281768798828125,0.0101165771484375,-1.2056884765625
2026-09-17T07:32:59.706287,1789630379706287400,108.14828735351564,0.060546875,-0.0191497802734375,-0.4767913818359375
2026-09-17T07:32:59.716247,1789630379716247300,108.15824731445312,-0.082305908203125,-0.087432861328125,-0.6585845947265625
2026-09-17T07:32:59.726206,1789630379726206200,108.16820629882812,-0.064727783203125,-0.1155853271484375,-1.5560760498046875
2026-09-17T07:32:59.736166,1789630379736166400,108.17816650390624,0.1828765869140625,-0.0115814208984375,-1.0401763916015625
2026-09-17T07:32:59.746126,1789630379746126300,108.18812622070313,-0.0249176025390625,0.0100860595703125,-0.807037353515625
2026-09-17T07:32:59.756085,1789630379756085500,108.19808544921877,-0.2136077880859375,-0.100006103515625,-0.877197265625
2026-09-17T07:32:59.766045,1789630379766045400,108.20804541015625,-0.158294677734375,-0.0788421630859375,-1.118988037109375
2026-09-17T07:32:59.776004,1789630379776004400,108.21800439453123,0.121124267578125,-0.0018157958984375,-1.1277313232421875
2026-09-17T07:32:59.785964,1789630379785964500,108.22796459960938,0.2031707763671875,0.0162811279296875,-1.0907440185546875
2026-09-17T07:32:59.795924,1789630379795924500,108.23792456054689,0.0184326171875,-0.0248870849609375,-0.4222412109375
2026-09-17T07:32:59.805883,1789630379805883400,108.24788330078124,-0.1731414794921875,-0.046356201171875,-1.4503021240234375
2026-09-17T07:32:59.815843,1789630379815843300,108.25784326171876,-0.0863189697265625,0.010467529296875,-1.03326416015625
2026-09-17T07:32:59.825802,1789630379825802200,108.26780224609377,0.0807647705078125,-0.0399627685546875,-0.7335968017578125
2026-09-17T07:32:59.835762,1789630379835762400,108.27776245117188,0.0324249267578125,0.0004730224609375,-1.01947021484375
2026-09-17T07:32:59.845721,1789630379845721600,108.2877216796875,-0.0895538330078125,-0.06549072265625,-1.6806793212890625
2026-09-17T07:32:59.855681,1789630379855681500,108.297681640625,-0.023468017578125,0.0028076171875,-0.2073211669921875
2026-09-17T07:32:59.865641,1789630379865641500,108.30764135742189,-0.026885986328125,-0.0862579345703125,-1.1007232666015625
2026-09-17T07:32:59.875600,1789630379875600400,108.31760034179688,0.131195068359375,0.0171661376953125,-1.3060760498046875
2026-09-17T07:32:59.885560,1789630379885560600,108.327560546875,0.025848388671875,-0.0936279296875,-1.0256805419921875
2026-09-17T07:32:59.895519,1789630379895519500,108.33751953125,-0.096923828125,0.00994873046875,-0.8555145263671875
2026-09-17T07:32:59.905479,1789630379905479400,108.3474794921875,-0.0411376953125,-0.0089111328125,-1.1363372802734375
2026-09-17T07:32:59.915439,1789630379915439400,108.357439453125,0.0550079345703125,-0.0093231201171875,-0.63848876953125
2026-09-17T07:32:59.925398,1789630379925398300,108.36739819335938,-0.033843994140625,0.0144805908203125,-1.2186431884765625
2026-09-17T07:32:59.935358,1789630379935358500,108.3773583984375,0.025177001953125,-0.0312652587890625,-1.47198486328125
2026-09-17T07:32:59.945317,1789630379945317600,108.38731762695312,0.0051727294921875,0.018646240234375,-0.673431396484375
2026-09-17T07:32:59.955277,1789630379955277600,108.39727758789064,0.04595947265625,0.0505828857421875,-0.4472808837890625
2026-09-17T07:32:59.965236,1789630379965236500,108.40723657226565,-0.001007080078125,-0.077362060546875,-1.6629180908203125
2026-09-17T07:32:59.975196,1789630379975196400,108.41719653320312,0.1987457275390625,-0.0289764404296875,-1.3767547607421875
2026-09-17T07:32:59.985156,1789630379985156400,108.42715625,-0.0396575927734375,0.0626983642578125,-0.3720855712890625
2026-09-17T07:32:59.995115,1789630379995115500,108.43711547851562,-0.174896240234375,-0.0938568115234375,-0.7295379638671875
2026-09-17T07:33:00.005075,1789630380005075000,108.44707495117189,-0.1801300048828125,-0.09954833984375,-1.313018798828125
2026-09-17T07:33:00.015033,1789630380015033900,108.45703393554687,-0.016998291015625,-0.102020263671875,-1.3833770751953125
2026-09-17T07:33:00.024993,1789630380024993800,108.46699389648435,-0.0588836669921875,-0.05645751953125,-0.90960693359375
2026-09-17T07:33:00.034953,1789630380034953700,108.47695361328124,0.2088775634765625,-0.022705078125,-0.4205474853515625
2026-09-17T07:33:00.044913,1789630380044913000,108.48691284179688,-0.0148773193359375,-0.19195556640625,-0.9320068359375
2026-09-17T07:33:00.054872,1789630380054872800,108.49687280273436,-0.2697601318359375,-0.1242523193359375,-1.5303802490234375
2026-09-17T07:33:00.064832,1789630380064832000,108.50683203125,0.3195648193359375,0.06781005859375,-0.963134765625
2026-09-17T07:33:00.074792,1789630380074792000,108.5167919921875,0.2005615234375,-0.006439208984375,-0.8345489501953125
2026-09-17T07:33:00.084750,1789630380084750800,108.52675073242187,-0.252197265625,-0.1151885986328125,-1.0104522705078125
2026-09-17T07:33:00.094710,1789630380094710800,108.53671069335938,-0.072265625,-0.0246734619140625,-1.2453155517578125
2026-09-17T07:33:00.104670,1789630380104670700,108.54667065429688,0.025299072265625,-0.0061492919921875,-0.5662994384765625
2026-09-17T07:33:00.114629,1789630380114629600,108.55662963867188,-0.0488739013671875,-0.1270294189453125,-1.1186370849609375
2026-09-17T07:33:00.124589,1789630380124589800,108.56658984375,0.010772705078125,-0.0530548095703125,-1.394012451171875
2026-09-17T07:33:00.134549,1789630380134549000,108.57654907226562,0.01171875,-0.101593017578125,-0.9403228759765624
2026-09-17T07:33:00.144509,1789630380144509000,108.58650903320311,-0.0375213623046875,-0.019866943359375,-0.6026611328125
2026-09-17T07:33:00.154467,1789630380154467800,108.5964677734375,0.12799072265625,-0.107330322265625,-1.115203857421875
2026-09-17T07:33:00.164427,1789630380164427800,108.606427734375,-0.0010528564453125,-0.1046905517578125,-1.22979736328125
2026-09-17T07:33:00.174388,1789630380174388000,108.61638793945312,-0.0694580078125,-0.08154296875,-1.1351318359375
2026-09-17T07:33:00.184347,1789630380184347000,108.62634692382812,-0.080322265625,-0.0146331787109375,-0.676483154296875
2026-09-17T07:33:00.194306,1789630380194306800,108.63630688476565,0.0144500732421875,-0.10455322265625,-1.071380615234375
2026-09-17T07:33:00.204265,1789630380204265700,108.646265625,-0.07293701171875,-0.087982177734375,-0.8523712158203125
2026-09-17T07:33:00.214225,1789630380214225700,108.6562255859375,0.0137481689453125,-0.114776611328125,-1.553619384765625
2026-09-17T07:33:00.224185,1789630380224185900,108.66618579101562,0.0761871337890625,0.0637969970703125,-0.86578369140625
2026-09-17T07:33:00.234145,1789630380234145000,108.67614501953123,0.0426483154296875,-0.02972412109375,-0.33172607421875
2026-09-17T07:33:00.244105,1789630380244105000,108.68610498046876,-0.1561737060546875,-0.178619384765625,-1.3478851318359375
2026-09-17T07:33:00.254063,1789630380254063900,108.69606396484374,-0.0711669921875,0.04302978515625,-1.73883056640625
2026-09-17T07:33:00.264023,1789630380264023800,108.70602392578124,0.05450439453125,-0.02679443359375,-0.316162109375
2026-09-17T07:33:00.273982,1789630380273982700,108.71598266601562,0.220977783203125,0.0183258056640625,-0.7122955322265625
2026-09-17T07:33:00.283943,1789630380283943000,108.72594287109376,-0.0593719482421875,-0.0446319580078125,-1.527618408203125
2026-09-17T07:33:00.293902,1789630380293902800,108.73590283203124,-0.1311798095703125,-0.1127777099609375,-0.7420196533203125
2026-09-17T07:33:00.303861,1789630380303861800,108.74586181640623,-0.30206298828125,-0.0659637451171875,-0.8968048095703125
2026-09-17T07:33:00.313821,1789630380313821700,108.75582177734375,0.0396728515625,0.075836181640625,-1.454925537109375
2026-09-17T07:33:00.323780,1789630380323780900,108.76578076171874,0.2122039794921875,-0.131011962890625,-1.1068115234375
2026-09-17T07:33:00.333741,1789630380333741000,108.77574096679687,0.0576171875,-0.0613555908203125,-0.1779022216796875
2026-09-17T07:33:00.343700,1789630380343700000,108.78569995117188,-0.1998291015625,-0.037200927734375,-1.4882354736328125
2026-09-17T07:33:00.353660,1789630380353660000,108.79565991210936,0.114013671875,-0.050201416015625,-1.0694427490234375
2026-09-17T07:33:00.363619,1789630380363619800,108.80561987304688,0.1425628662109375,-0.0068359375,-0.84942626953125
2026-09-17T07:33:00.373578,1789630380373578800,108.81557885742188,-0.1663665771484375,0.0516204833984375,-1.1401214599609375
2026-09-17T07:33:00.383539,1789630380383539000,108.8255390625,-0.0503387451171875,-0.100555419921875,-1.067138671875
2026-09-17T07:33:00.393497,1789630380393497900,108.83549780273438,-0.0648040771484375,0.04278564453125,-0.5791168212890625
2026-09-17T07:33:00.403457,1789630380403457800,108.84545776367187,0.0423583984375,0.03607177734375,-1.2059783935546875
2026-09-17T07:33:00.413417,1789630380413417700,108.85541772460938,0.1288909912109375,-0.0609130859375,-1.4132080078125
2026-09-17T07:33:00.423377,1789630380423377000,108.865376953125,-0.0331268310546875,0.0041046142578125,-0.8064117431640625
2026-09-17T07:33:00.433337,1789630380433337000,108.87533715820312,-0.044921875,0.0146331787109375,-0.7411956787109375
2026-09-17T07:33:00.443296,1789630380443296000,108.8852958984375,-0.069732666015625,-0.0889129638671875,-1.1600341796875
2026-09-17T07:33:00.453256,1789630380453256000,108.895255859375,-0.0381317138671875,-0.023834228515625,-1.179595947265625
2026-09-17T07:33:00.463214,1789630380463214800,108.90521484375,0.041351318359375,-0.0130767822265625,-0.907928466796875
2026-09-17T07:33:00.473174,1789630380473174800,108.9151748046875,0.0059814453125,0.0022125244140625,-0.9148712158203124
2026-09-17T07:33:00.483134,1789630380483134700,108.925134765625,0.023193359375,-0.0532073974609375,-0.7654571533203125
2026-09-17T07:33:00.493094,1789630380493094000,108.93509399414064,-0.0523529052734375,-0.0403594970703125,-1.3799896240234375
2026-09-17T07:33:00.503053,1789630380503053800,108.9450537109375,0.032318115234375,0.01727294921875,-1.050201416015625
2026-09-17T07:33:00.513013,1789630380513013000,108.95501293945313,-0.021087646484375,-0.0315704345703125,-0.79254150390625
2026-09-17T07:33:00.522973,1789630380522973000,108.96497290039062,-0.081512451171875,-0.0062713623046875,-0.9383392333984376
2026-09-17T07:33:00.532931,1789630380532931800,108.97493188476562,-0.0647125244140625,-0.0787353515625,-1.3146209716796875
2026-09-17T07:33:00.542892,1789630380542892000,108.98489208984375,0.0066070556640625,-0.0179595947265625,-1.0495758056640625
2026-09-17T07:33:00.552852,1789630380552852000,108.99485205078123,0.1014862060546875,-0.009796142578125,-0.705780029296875
2026-09-17T07:33:00.562811,1789630380562811000,109.00481079101564,0.201812744140625,-0.010894775390625,-1.2400054931640625
2026-09-17T07:33:00.572770,1789630380572770800,109.01477075195312,-0.1111602783203125,-0.0355072021484375,-0.822906494140625
2026-09-17T07:33:00.582729,1789630380582729700,109.02472973632813,-0.06951904296875,-0.0994873046875,-0.570587158203125
2026-09-17T07:33:00.592689,1789630380592689700,109.03468969726562,-0.156768798828125,-0.012542724609375,-1.920623779296875
2026-09-17T07:33:00.602649,1789630380602649000,109.04464916992188,0.07080078125,-0.034881591796875,-0.6165771484375
2026-09-17T07:33:00.612609,1789630380612609000,109.05460913085938,-0.001617431640625,-0.0984039306640625,-0.98675537109375
2026-09-17T07:33:00.622569,1789630380622569000,109.06456884765625,0.054962158203125,0.0054931640625,-0.922637939453125
2026-09-17T07:33:00.632528,1789630380632528000,109.07452783203124,0.0289459228515625,-0.0367279052734375,-1.2589263916015625
2026-09-17T07:33:00.642487,1789630380642487800,109.08448779296874,0.1632843017578125,-0.1223907470703125,-0.97479248046875
2026-09-17T07:33:00.652446,1789630380652446700,109.09444677734376,-0.1612548828125,-0.034820556640625,-0.8968353271484375
2026-09-17T07:33:00.662407,1789630380662407000,109.10440698242188,-0.13775634765625,-0.0975494384765625,-1.062957763671875
2026-09-17T07:33:00.672365,1789630380672365800,109.11436572265625,0.02447509765625,-0.075714111328125,-0.902618408203125
2026-09-17T07:33:00.682325,1789630380682325800,109.12432568359375,-0.01727294921875,0.000457763671875,-1.0646209716796875
2026-09-17T07:33:00.692285,1789630380692285700,109.13428564453125,0.030059814453125,-0.1280059814453125,-1.199676513671875
2026-09-17T07:33:00.702244,1789630380702244900,109.14424487304689,-0.0082550048828125,-0.051513671875,-0.8977508544921875
2026-09-17T07:33:00.712205,1789630380712205000,109.154205078125,-0.0486602783203125,0.0182037353515625,-0.8325958251953125
2026-09-17T07:33:00.722164,1789630380722164000,109.1641640625,0.081512451171875,-0.0984344482421875,-1.064971923828125
2026-09-17T07:33:00.732124,1789630380732124000,109.1741240234375,-0.0651702880859375,-0.045135498046875,-1.1323699951171875
2026-09-17T07:33:00.742083,1789630380742083800,109.18408374023436,-0.0321502685546875,-0.0676116943359375,-0.9233856201171876
2026-09-17T07:33:00.752042,1789630380752042800,109.19404272460936,0.03900146484375,-0.01861572265625,-0.9954071044921876
2026-09-17T07:33:00.762003,1789630380762003000,109.2040029296875,0.059906005859375,-0.0186920166015625,-0.9657440185546876
2026-09-17T07:33:00.771961,1789630380771961900,109.2139619140625,-0.0412750244140625,-0.0547943115234375,-0.97174072265625
2026-09-17T07:33:00.781921,1789630380781921800,109.223921875,0.00750732421875,-0.0649566650390625,-1.189697265625
2026-09-17T07:33:00.791881,1789630380791881000,109.233880859375,-0.0380706787109375,-0.051483154296875,-0.8599090576171875
2026-09-17T07:33:00.801841,1789630380801841000,109.2438408203125,-0.03851318359375,-0.042236328125,-0.9515228271484376
2026-09-17T07:33:00.811800,1789630380811800800,109.25380078125,0.041473388671875,-0.0469512939453125,-1.3947296142578125
2026-09-17T07:33:00.821760,1789630380821760000,109.26376000976562,-0.0270843505859375,0.035675048828125,-0.593109130859375
2026-09-17T07:33:00.831720,1789630380831720000,109.27371997070313,0.0720672607421875,-0.086944580078125,-1.056549072265625
2026-09-17T07:33:00.841678,1789630380841678800,109.28367895507812,0.001953125,-0.023712158203125,-1.1725311279296875
2026-09-17T07:33:00.851638,1789630380851638800,109.293638671875,-0.11004638671875,-0.0644989013671875,-0.70953369140625
2026-09-17T07:33:00.861597,1789630380861597700,109.30359765625,-0.041900634765625,0.01007080078125,-1.0514984130859375
2026-09-17T07:33:00.871558,1789630380871558000,109.31355786132812,0.1262664794921875,0.0724639892578125,-1.10455322265625
2026-09-17T07:33:00.881517,1789630380881517800,109.32351782226564,0.0699462890625,-0.039459228515625,-1.25885009765625
2026-09-17T07:33:00.891477,1789630380891477000,109.33347705078126,-0.15667724609375,0.02911376953125,-0.8283233642578125
2026-09-17T07:33:00.901437,1789630380901437000,109.34343701171876,-0.069671630859375,0.0810699462890625,-0.6397857666015625
2026-09-17T07:33:00.911395,1789630380911395800,109.35339575195312,0.1140899658203125,-0.0515899658203125,-1.3648681640625
2026-09-17T07:33:00.921356,1789630380921356000,109.36335595703125,-0.000823974609375,0.06719970703125,-1.145843505859375
2026-09-17T07:33:00.931315,1789630380931315000,109.37331494140624,-0.034393310546875,-0.022003173828125,-0.8708038330078125
2026-09-17T07:33:00.941275,1789630380941275000,109.38327490234374,-0.0345001220703125,-0.018646240234375,-0.8236846923828125
2026-09-17T07:33:00.951234,1789630380951234800,109.39323486328124,0.012603759765625,0.0096435546875,-0.8672027587890625
2026-09-17T07:33:00.961193,1789630380961193700,109.40319384765624,-0.02667236328125,-0.0337371826171875,-1.380859375
2026-09-17T07:33:00.971154,1789630380971154000,109.41315380859376,-0.092498779296875,-0.0327911376953125,-1.082427978515625
2026-09-17T07:33:00.981112,1789630380981112800,109.42311279296877,-0.0362701416015625,0.0107879638671875,-0.82012939453125
2026-09-17T07:33:00.991072,1789630380991072800,109.43307275390625,0.004119873046875,0.01446533203125,-0.808868408203125
2026-09-17T07:33:01.001032,1789630381001032700,109.44303271484377,0.07635498046875,0.0030975341796875,-1.2732696533203125
2026-09-17T07:33:01.010991,1789630381010991900,109.45299194335938,0.0152587890625,0.0501861572265625,-1.1126251220703125
2026-09-17T07:33:01.020952,1789630381020952000,109.4629521484375,-0.0052032470703125,0.036773681640625,-0.656585693359375
2026-09-17T07:33:01.030911,1789630381030911000,109.47291088867188,-0.1095123291015625,-0.0037078857421875,-1.1264801025390625
2026-09-17T07:33:01.040871,1789630381040871000,109.48287084960936,0.0121307373046875,-0.0029296875,-1.0235595703125
2026-09-17T07:33:01.050829,1789630381050829800,109.49282983398436,-0.0500640869140625,0.001922607421875,-1.525054931640625
2026-09-17T07:33:01.060789,1789630381060789800,109.50278979492188,0.0020599365234375,0.0268707275390625,-0.2910614013671875
2026-09-17T07:33:01.070750,1789630381070750000,109.51275,0.0210723876953125,-0.071197509765625,-1.223602294921875
2026-09-17T07:33:01.080708,1789630381080708900,109.522708984375,-0.0778961181640625,0.0197296142578125,-1.21990966796875
2026-09-17T07:33:01.090668,1789630381090668800,109.53266870117189,0.052001953125,-0.0688629150390625,-1.0091552734375
2026-09-17T07:33:01.100628,1789630381100628000,109.5426279296875,0.1242218017578125,-0.012725830078125,-0.9153594970703124
2026-09-17T07:33:01.110588,1789630381110588000,109.552587890625,0.09918212890625,0.0308685302734375,-1.0472869873046875
2026-09-17T07:33:01.120546,1789630381120546800,109.562546875,-0.2089385986328125,-0.089569091796875,-0.440948486328125
2026-09-17T07:33:01.130507,1789630381130507000,109.57250708007813,-0.44500732421875,-0.1545257568359375,-1.367218017578125
2026-09-17T07:33:01.140467,1789630381140467000,109.58246704101562,0.1218719482421875,0.0851287841796875,-1.3915252685546875
2026-09-17T07:33:01.150425,1789630381150425900,109.59242578125,0.3347015380859375,-0.0658111572265625,-0.7594451904296875
2026-09-17T07:33:01.160385,1789630381160385800,109.6023857421875,-0.0659027099609375,-0.036651611328125,-0.562225341796875
2026-09-17T07:33:01.170344,1789630381170344700,109.6123447265625,-0.1542816162109375,-0.0130615234375,-1.3861236572265625
2026-09-17T07:33:01.180305,1789630381180305000,109.62230493164064,0.1550445556640625,-0.0663604736328125,-0.98370361328125
2026-09-17T07:33:01.190264,1789630381190264000,109.63226416015624,0.1340789794921875,-0.010955810546875,-1.0472564697265625
2026-09-17T07:33:01.200224,1789630381200224000,109.64222412109376,-0.214019775390625,-0.009735107421875,-0.983001708984375
2026-09-17T07:33:01.210184,1789630381210184000,109.65218383789062,-0.07781982421875,-0.080657958984375,-1.0838623046875
2026-09-17T07:33:01.220142,1789630381220142800,109.66214282226562,-0.0253448486328125,-0.045623779296875,-0.5879669189453125
2026-09-17T07:33:01.230103,1789630381230103000,109.67210302734377,0.00421142578125,-0.1114501953125,-1.3666534423828125
2026-09-17T07:33:01.240062,1789630381240062000,109.68206201171876,0.1977386474609375,0.019989013671875,-1.1144561767578125
2026-09-17T07:33:01.250022,1789630381250022000,109.69202197265624,0.04815673828125,-0.0424957275390625,-0.8896636962890625
2026-09-17T07:33:01.259980,1789630381259980800,109.70198071289065,-0.1753082275390625,-0.0446014404296875,-0.93890380859375
2026-09-17T07:33:01.269940,1789630381269940700,109.71194067382812,-0.046356201171875,-0.0251312255859375,-1.16363525390625
2026-09-17T07:33:01.279900,1789630381279900700,109.72190063476565,0.041900634765625,-0.056396484375,-0.78851318359375
2026-09-17T07:33:01.289860,1789630381289860000,109.73186010742188,0.0440521240234375,0.0368804931640625,-1.18316650390625
2026-09-17T07:33:01.299820,1789630381299820000,109.74182006835936,0.13623046875,-0.028228759765625,-0.9237060546875
2026-09-17T07:33:01.309779,1789630381309779000,109.75177905273438,-0.036956787109375,-0.07183837890625,-1.023345947265625
2026-09-17T07:33:01.319739,1789630381319739000,109.76173876953123,-0.055267333984375,-0.0088348388671875,-1.04986572265625
2026-09-17T07:33:01.329697,1789630381329697800,109.77169775390624,0.1168365478515625,-0.0160675048828125,-0.7740325927734375
2026-09-17T07:33:01.339658,1789630381339658000,109.78165795898435,0.1278076171875,0.0146026611328125,-1.3985595703125
2026-09-17T07:33:01.349618,1789630381349618000,109.79161791992188,-0.127593994140625,-0.04583740234375,-0.8270416259765625
2026-09-17T07:33:01.359576,1789630381359576800,109.80157690429688,-0.0724029541015625,-0.0233154296875,-0.7416229248046875
2026-09-17T07:33:01.369536,1789630381369536800,109.81153686523436,0.132537841796875,0.006927490234375,-0.9846649169921876
2026-09-17T07:33:01.379496,1789630381379496000,109.82149584960938,0.1601715087890625,-0.035980224609375,-1.293060302734375
2026-09-17T07:33:01.389456,1789630381389456000,109.83145581054688,-0.222442626953125,-0.0404510498046875,-1.028289794921875
2026-09-17T07:33:01.399415,1789630381399415000,109.8414150390625,-0.1006927490234375,-0.058013916015625,-0.5871734619140625
2026-09-17T07:33:01.409375,1789630381409375000,109.851375,0.0795745849609375,0.054901123046875,-0.95343017578125
2026-09-17T07:33:01.419335,1789630381419335000,109.8613349609375,0.0535736083984375,0.0134124755859375,-1.301513671875
2026-09-17T07:33:01.429293,1789630381429293800,109.8712939453125,0.157379150390625,0.03753662109375,-1.1574859619140625
2026-09-17T07:33:01.439253,1789630381439253800,109.88125366210936,-0.0228424072265625,0.0238494873046875,-0.4966278076171875
2026-09-17T07:33:01.449212,1789630381449212700,109.89121264648438,0.0504913330078125,0.022674560546875,-0.951873779296875
2026-09-17T07:33:01.459172,1789630381459172900,109.9011728515625,0.2420196533203125,0.0082244873046875,-1.1204071044921875
2026-09-17T07:33:01.469132,1789630381469132000,109.91113208007812,-0.1077880859375,-0.0223846435546875,-1.3862762451171875
2026-09-17T07:33:01.479092,1789630381479092000,109.92109204101564,-0.16876220703125,-0.05682373046875,-0.576263427734375
2026-09-17T07:33:01.489052,1789630381489052000,109.93105200195312,-0.1315460205078125,-0.01275634765625,-0.560150146484375
2026-09-17T07:33:01.499010,1789630381499010800,109.9410107421875,0.040191650390625,-0.0135345458984375,-1.685638427734375
2026-09-17T07:33:01.508971,1789630381508971000,109.95097094726565,0.1898345947265625,0.019195556640625,-1.4266204833984375
2026-09-17T07:33:01.518930,1789630381518930000,109.96092993164062,0.007080078125,0.0274658203125,-0.5040130615234375
2026-09-17T07:33:01.528889,1789630381528889900,109.97088989257811,-0.1283721923828125,0.0424652099609375,-0.932525634765625
2026-09-17T07:33:01.538848,1789630381538848800,109.98084887695312,-0.13299560546875,0.01275634765625,-1.3833770751953125
2026-09-17T07:33:01.548808,1789630381548808700,109.99080859375,-0.071075439453125,0.0080718994140625,-1.4731292724609375
2026-09-17T07:33:01.558769,1789630381558769000,110.00076879882812,-0.011077880859375,0.168304443359375,-0.7394866943359375
2026-09-17T07:33:01.568728,1789630381568728000,110.01072802734376,0.05303955078125,0.098114013671875,-0.89508056640625
2026-09-17T07:33:01.578688,1789630381578688000,110.02068798828124,0.0555267333984375,0.028106689453125,-1.0692138671875
2026-09-17T07:33:01.588647,1789630381588647000,110.03064697265626,-0.0308380126953125,0.0125579833984375,-1.312225341796875
2026-09-17T07:33:01.598606,1789630381598606800,110.04060693359376,-0.0481414794921875,0.0121307373046875,-0.879119873046875
2026-09-17T07:33:01.608565,1789630381608565800,110.05056567382812,-0.0050048828125,-0.01885986328125,-0.6302337646484375
2026-09-17T07:33:01.618526,1789630381618526000,110.06052587890623,-0.05291748046875,-0.0646209716796875,-1.3377685546875
2026-09-17T07:33:01.628486,1789630381628486000,110.07048583984376,-0.0111236572265625,-0.0373687744140625,-0.9888916015625
2026-09-17T07:33:01.638444,1789630381638444800,110.08044482421874,-0.0204620361328125,-0.0984344482421875,-1.0112762451171875
2026-09-17T07:33:01.648404,1789630381648404700,110.09040478515624,0.2263336181640625,-0.044464111328125,-0.825592041015625
2026-09-17T07:33:01.658364,1789630381658364000,110.10036401367188,0.078857421875,-0.0160980224609375,-0.9122772216796876
2026-09-17T07:33:01.668324,1789630381668324000,110.11032397460936,-0.2168426513671875,-0.19476318359375,-0.8887481689453125
2026-09-17T07:33:01.678283,1789630381678283000,110.12028295898438,-0.281219482421875,-0.047271728515625,-1.462677001953125
2026-09-17T07:33:01.688243,1789630381688243000,110.13024291992188,-0.0292205810546875,0.082183837890625,-0.806884765625
2026-09-17T07:33:01.698203,1789630381698203000,110.14020288085938,0.2418060302734375,-0.037811279296875,-0.5040435791015625
2026-09-17T07:33:01.708161,1789630381708161800,110.15016186523438,0.1455230712890625,-0.121734619140625,-1.0802001953125
2026-09-17T07:33:01.718122,1789630381718122000,110.1601220703125,-0.30584716796875,0.0672149658203125,-1.262298583984375
2026-09-17T07:33:01.728081,1789630381728081000,110.17008081054688,-0.05047607421875,0.0116119384765625,-1.8779449462890625
2026-09-17T07:33:01.738040,1789630381738040800,110.18004077148436,0.0814208984375,-0.0458526611328125,0.370269775390625
2026-09-17T07:33:01.748000,1789630381748000000,110.19,0.1437225341796875,-0.0483856201171875,-0.7962493896484375
2026-09-17T07:33:01.757960,1789630381757960000,110.1999599609375,-0.12188720703125,-0.1429290771484375,-1.736663818359375
2026-09-17T07:33:01.767920,1789630381767920000,110.20992016601562,-0.054473876953125,-0.017059326171875,-0.990447998046875
2026-09-17T07:33:01.777879,1789630381777879000,110.21987915039062,0.1234588623046875,-0.0540771484375,-0.760833740234375
2026-09-17T07:33:01.787839,1789630381787839000,110.2298388671875,0.018157958984375,-0.1669158935546875,-1.0817108154296875
2026-09-17T07:33:01.797798,1789630381797798000,110.2397978515625,-0.097015380859375,-0.057403564453125,-0.86090087890625
2026-09-17T07:33:01.807757,1789630381807757800,110.2497578125,-0.1043701171875,-0.0525970458984375,-1.3114166259765625
2026-09-17T07:33:01.817716,1789630381817716700,110.259716796875,0.0891265869140625,-0.02679443359375,-0.85052490234375
2026-09-17T07:33:01.827677,1789630381827677000,110.26967700195311,0.0621795654296875,-0.0034332275390625,-0.99102783203125
2026-09-17T07:33:01.837636,1789630381837636900,110.27963696289062,-0.089599609375,0.02191162109375,-0.9103240966796876
2026-09-17T07:33:01.847596,1789630381847596000,110.28959594726562,-0.127655029296875,-0.0384063720703125,-1.4927520751953125
2026-09-17T07:33:01.857556,1789630381857556000,110.29955590820312,0.03045654296875,0.0686492919921875,-0.85791015625
2026-09-17T07:33:01.867515,1789630381867515000,110.30951489257812,0.1079559326171875,0.1123809814453125,-1.11962890625
2026-09-17T07:33:01.877475,1789630381877475000,110.31947509765624,0.0803070068359375,0.05108642578125,-0.3983612060546875
2026-09-17T07:33:01.887434,1789630381887434000,110.32943408203126,0.279052734375,-0.084747314453125,-0.8851318359375
2026-09-17T07:33:01.897394,1789630381897394000,110.33939379882813,-0.1895294189453125,-0.0514678955078125,-1.671051025390625
2026-09-17T07:33:01.907353,1789630381907353900,110.34935375976562,-0.0838165283203125,-0.0396728515625,-1.1868133544921875
2026-09-17T07:33:01.917312,1789630381917312800,110.35931274414062,-0.0545806884765625,-0.035003662109375,-0.7768707275390625
2026-09-17T07:33:01.927272,1789630381927272700,110.36927270507812,-0.0800018310546875,0.069091796875,-0.6365203857421875
2026-09-17T07:33:01.937232,1789630381937232100,110.37923217773438,-0.418182373046875,0.01483154296875,-1.230224609375
2026-09-17T07:33:01.947192,1789630381947192000,110.38919213867187,-0.189056396484375,-0.0787200927734375,-0.4906463623046875
2026-09-17T07:33:01.957151,1789630381957151000,110.39915087890626,0.226165771484375,0.0753173828125,-0.533966064453125
2026-09-17T07:33:01.967111,1789630381967111000,110.40911083984376,0.4657135009765625,0.139739990234375,-1.5610809326171875
2026-09-17T07:33:01.977069,1789630381977069800,110.41906982421877,0.0993804931640625,-0.1691436767578125,-1.2613372802734375
2026-09-17T07:33:01.987029,1789630381987029800,110.42902978515625,0.005615234375,-0.0348968505859375,-0.6907958984375
2026-09-17T07:33:01.996990,1789630381996990000,110.43898999023438,0.068695068359375,0.1403350830078125,-0.6519927978515625
2026-09-17T07:33:02.006949,1789630382006949000,110.44894921875,-0.17236328125,-0.0020751953125,-1.593353271484375
2026-09-17T07:33:02.016909,1789630382016909000,110.45890893554687,0.0001983642578125,-0.06866455078125,-0.5302581787109375
2026-09-17T07:33:02.026868,1789630382026868200,110.4688681640625,-0.2502899169921875,0.011260986328125,-1.3558197021484375
2026-09-17T07:33:02.036828,1789630382036828200,110.478828125,0.0129241943359375,0.1356353759765625,-0.839141845703125
2026-09-17T07:33:02.046787,1789630382046787300,110.48878735351562,0.046234130859375,-0.0040435791015625,-0.848907470703125
2026-09-17T07:33:02.056747,1789630382056747300,110.49874731445313,0.111175537109375,0.0069122314453125,-1.012664794921875
2026-09-17T07:33:02.066707,1789630382066707200,110.50870727539062,-0.174896240234375,0.0201263427734375,-1.4474945068359375
2026-09-17T07:33:02.076666,1789630382076666400,110.51866625976562,0.077484130859375,0.0108184814453125,-0.810302734375
2026-09-17T07:33:02.086626,1789630382086626300,110.52862622070312,-0.0042266845703125,0.028228759765625,-0.6587066650390625
2026-09-17T07:33:02.096585,1789630382096585200,110.53858520507812,-0.1466827392578125,0.03582763671875,-1.1306610107421875
2026-09-17T07:33:02.106545,1789630382106545200,110.54854516601564,0.0099639892578125,-0.103729248046875,-1.1014404296875
2026-09-17T07:33:02.116504,1789630382116504300,110.55850439453124,0.138519287109375,0.002288818359375,-0.9487152099609376
2026-09-17T07:33:02.126464,1789630382126464300,110.56846435546876,-0.0060882568359375,0.0397186279296875,-1.2797393798828125
2026-09-17T07:33:02.136424,1789630382136424200,110.57842407226562,-0.1141357421875,-0.1035614013671875,-0.7174835205078125
2026-09-17T07:33:02.146383,1789630382146383400,110.58838330078125,-0.03509521484375,-0.057098388671875,-0.7371826171875
2026-09-17T07:33:02.156343,1789630382156343300,110.59834326171875,-0.105316162109375,-0.078460693359375,-1.6316680908203125
2026-09-17T07:33:02.166302,1789630382166302200,110.60830224609376,0.046112060546875,-0.0083770751953125,-0.758941650390625
2026-09-17T07:33:02.176262,1789630382176262100,110.61826220703124,-0.0904693603515625,-0.091064453125,-1.163421630859375
2026-09-17T07:33:02.186222,1789630382186222300,110.62822241210938,-0.0855865478515625,-0.038848876953125,-0.553619384765625
2026-09-17T07:33:02.196181,1789630382196181200,110.63818115234376,0.176849365234375,-0.0949554443359375,-1.890472412109375
2026-09-17T07:33:02.206141,1789630382206141200,110.64814111328126,0.0163116455078125,0.0465087890625,-0.5210418701171875
2026-09-17T07:33:02.216100,1789630382216100000,110.65810009765624,0.2032318115234375,-0.0303497314453125,-0.8027191162109375
2026-09-17T07:33:02.226060,1789630382226060000,110.66806005859377,-0.3643951416015625,-0.152740478515625,-1.4166412353515625
2026-09-17T07:33:02.236019,1789630382236019200,110.67801928710938,-0.285797119140625,-0.0720062255859375,-0.7334136962890625
2026-09-17T07:33:02.245979,1789630382245979400,110.6879794921875,-0.14593505859375,0.09271240234375,-1.2206878662109375
2026-09-17T07:33:02.255939,1789630382255939300,110.69793920898438,0.3216705322265625,-0.0446929931640625,-0.9397735595703124
2026-09-17T07:33:02.265898,1789630382265898200,110.70789819335936,0.0621490478515625,-0.11529541015625,-1.105499267578125
2026-09-17T07:33:02.275858,1789630382275858200,110.71785815429688,0.030029296875,0.030303955078125,-0.6620025634765625
2026-09-17T07:33:02.285817,1789630382285817000,110.72781713867188,0.2126922607421875,0.0013580322265625,-1.0813446044921875
2026-09-17T07:33:02.295777,1789630382295777300,110.73777734375,-0.0177764892578125,-0.06109619140625,-1.24798583984375
2026-09-17T07:33:02.305736,1789630382305736200,110.74773608398438,-0.23291015625,-0.069915771484375,-1.148834228515625
2026-09-17T07:33:02.315696,1789630382315696000,110.75769604492189,-0.044586181640625,-0.0225372314453125,-0.68060302734375
2026-09-17T07:33:02.325656,1789630382325656000,110.76765600585938,0.0445556640625,0.0245361328125,-1.0835418701171875
2026-09-17T07:33:02.335615,1789630382335615200,110.777615234375,0.05133056640625,0.075103759765625,-0.8081817626953125
2026-09-17T07:33:02.345575,1789630382345575400,110.78757543945312,-0.1247100830078125,-0.1322021484375,-1.7132568359375
2026-09-17T07:33:02.355534,1789630382355534300,110.79753442382813,-0.1042938232421875,0.057830810546875,-0.8820037841796875
2026-09-17T07:33:02.365494,1789630382365494300,110.80749438476562,0.145965576171875,0.041168212890625,-0.7814788818359375
2026-09-17T07:33:02.375453,1789630382375453200,110.817453125,-0.020416259765625,-0.0404815673828125,-0.2321624755859375
2026-09-17T07:33:02.385413,1789630382385413000,110.8274130859375,-0.0583648681640625,0.0413970947265625,-2.0695037841796875
2026-09-17T07:33:02.395373,1789630382395373300,110.83737329101562,0.080352783203125,-0.071319580078125,-0.8169403076171875
2026-09-17T07:33:02.405332,1789630382405332200,110.84733227539064,-0.0256805419921875,-0.0858001708984375,-0.7336883544921875
2026-09-17T07:33:02.415292,1789630382415292200,110.85729223632812,0.01666259765625,0.02935791015625,-0.643585205078125
2026-09-17T07:33:02.425251,1789630382425251300,110.86725122070312,0.0337982177734375,-0.041259765625,-1.6868896484375
2026-09-17T07:33:02.435211,1789630382435211300,110.87721118164062,0.191162109375,0.012420654296875,-0.7251739501953125
2026-09-17T07:33:02.445171,1789630382445171500,110.88717138671876,-0.1152191162109375,0.1033935546875,-1.20159912109375
2026-09-17T07:33:02.455130,1789630382455130400,110.89713037109377,-0.1920928955078125,0.0553741455078125,-0.72686767578125
2026-09-17T07:33:02.465090,1789630382465090300,110.90709033203125,-0.1838836669921875,0.027313232421875,-0.80712890625
2026-09-17T07:33:02.475049,1789630382475049200,110.91704931640623,-0.00445556640625,0.044403076171875,-1.596588134765625
2026-09-17T07:33:02.485009,1789630382485009200,110.92700903320312,0.2260589599609375,0.107574462890625,-1.1359405517578125
2026-09-17T07:33:02.494968,1789630382494968000,110.93696801757812,0.2751617431640625,0.0835418701171875,-0.5792236328125
2026-09-17T07:33:02.504928,1789630382504928300,110.94692822265624,0.058563232421875,0.0454864501953125,-0.997161865234375
2026-09-17T07:33:02.514888,1789630382514888200,110.95688818359376,-0.441314697265625,-0.181365966796875,-1.1014556884765625
2026-09-17T07:33:02.524847,1789630382524847400,110.96684741210936,-0.2887725830078125,-0.0241851806640625,-0.737030029296875
2026-09-17T07:33:02.534807,1789630382534807300,110.97680737304688,0.33734130859375,0.2926177978515625,-1.12615966796875
2026-09-17T07:33:02.544766,1789630382544766200,110.98676611328123,0.453369140625,0.0122222900390625,-0.9599609375
2026-09-17T07:33:02.554726,1789630382554726100,110.99672607421876,-0.25103759765625,-0.1042633056640625,-1.3383636474609375
2026-09-17T07:33:02.564686,1789630382564686300,111.00668627929689,-0.1044464111328125,0.1573028564453125,-1.2363128662109375
2026-09-17T07:33:02.574645,1789630382574645200,111.01664526367188,0.1501617431640625,0.0536041259765625,-0.3005218505859375
2026-09-17T07:33:02.584605,1789630382584605200,111.02660522460936,0.045257568359375,0.0758209228515625,-1.36968994140625
2026-09-17T07:33:02.594564,1789630382594564000,111.03656420898436,-0.39910888671875,0.115997314453125,-1.0363616943359375
2026-09-17T07:33:02.604524,1789630382604524000,111.04652392578124,-0.07598876953125,-0.2067413330078125,-1.2578125
2026-09-17T07:33:02.614483,1789630382614483500,111.0564833984375,-0.1685638427734375,0.07183837890625,-0.79083251953125
2026-09-17T07:33:02.624443,1789630382624443400,111.066443359375,0.067413330078125,0.0535430908203125,-0.2831878662109375
2026-09-17T07:33:02.634403,1789630382634403300,111.0764033203125,0.1394195556640625,0.163360595703125,-1.029449462890625
2026-09-17T07:33:02.644362,1789630382644362200,111.0863623046875,0.3224029541015625,-0.0140533447265625,-1.5908966064453125
2026-09-17T07:33:02.654322,1789630382654322200,111.096322265625,0.4015960693359375,0.0076141357421875,-1.704620361328125
2026-09-17T07:33:02.664281,1789630382664281000,111.10628100585936,-0.1549835205078125,-0.0280914306640625,0.114593505859375
2026-09-17T07:33:02.674241,1789630382674241300,111.1162412109375,0.000396728515625,-0.008514404296875,-0.057861328125
2026-09-17T07:33:02.684201,1789630382684201200,111.126201171875,-0.9767303466796876,-0.0101318359375,-3.190826416015625
2026-09-17T07:33:02.694160,1789630382694160100,111.13616015625,0.10626220703125,-0.0543212890625,-0.1635284423828125
2026-09-17T07:33:02.704120,1789630382704120000,111.1461201171875,0.2430572509765625,0.051055908203125,-0.397430419921875
2026-09-17T07:33:02.714079,1789630382714079200,111.15607934570312,0.2664337158203125,0.0311737060546875,-1.7423858642578125
2026-09-17T07:33:02.724039,1789630382724039400,111.16603930664064,0.1074981689453125,-0.1095428466796875,-0.725372314453125
2026-09-17T07:33:02.733998,1789630382733998300,111.17599829101565,-0.021453857421875,0.0035247802734375,-1.1419830322265625
2026-09-17T07:33:02.743958,1789630382743958300,111.18595825195312,-0.2065582275390625,0.0166168212890625,-1.15997314453125
2026-09-17T07:33:02.753918,1789630382753918200,111.19591821289065,-0.0324554443359375,-0.0569305419921875,-0.7059326171875
2026-09-17T07:33:02.763877,1789630382763877000,111.20587719726562,-0.1289520263671875,-0.097442626953125,-0.9986572265625
2026-09-17T07:33:02.773837,1789630382773837300,111.21583740234377,-0.1417236328125,-0.055633544921875,-1.174072265625
2026-09-17T07:33:02.783796,1789630382783796200,111.22579614257812,0.1929931640625,-0.0854034423828125,-1.19189453125
2026-09-17T07:33:02.793756,1789630382793756200,111.23575610351564,0.5291748046875,-0.0160064697265625,-0.8983612060546875
2026-09-17T07:33:02.803716,1789630382803716000,111.24571606445312,-0.1298980712890625,-0.085693359375,-0.5175933837890625
2026-09-17T07:33:02.813675,1789630382813675300,111.25567529296876,-0.44036865234375,-0.141815185546875,-1.3065032958984375
2026-09-17T07:33:02.823635,1789630382823635500,111.26563549804688,-0.0338134765625,-0.0224761962890625,-1.025604248046875
2026-09-17T07:33:02.833594,1789630382833594400,111.27559448242188,0.1358489990234375,-0.0460357666015625,-1.4197540283203125
2026-09-17T07:33:02.843554,1789630382843554300,111.28555419921877,-0.02294921875,0.0498809814453125,-0.5702972412109375
2026-09-17T07:33:02.853513,1789630382853513200,111.29551318359376,-0.0487213134765625,-0.0734710693359375,-0.584808349609375
2026-09-17T07:33:02.863473,1789630382863473200,111.30547314453123,0.1700897216796875,-0.0465545654296875,-1.3473052978515625
2026-09-17T07:33:02.873433,1789630382873433300,111.31543334960938,0.227630615234375,0.0199737548828125,-1.4718475341796875
2026-09-17T07:33:02.883392,1789630382883392300,111.32539233398435,-0.0723724365234375,-0.062744140625,-0.71697998046875
2026-09-17T07:33:02.893352,1789630382893352200,111.33535229492188,-0.2322845458984375,-0.1003570556640625,-0.4533538818359375
2026-09-17T07:33:02.903311,1789630382903311400,111.34531127929688,-0.179656982421875,-0.06719970703125,-1.4670867919921875
2026-09-17T07:33:02.913271,1789630382913271300,111.35527124023436,0.0206451416015625,-0.016845703125,-1.0937042236328125
2026-09-17T07:33:02.923231,1789630382923231200,111.36523120117188,0.0147552490234375,-0.0477294921875,-0.933807373046875
2026-09-17T07:33:02.933190,1789630382933190400,111.3751904296875,-0.0881195068359375,-0.0406951904296875,-1.10687255859375
2026-09-17T07:33:02.943150,1789630382943150300,111.385150390625,0.0262908935546875,-0.045257568359375,-0.795440673828125
2026-09-17T07:33:02.953109,1789630382953109200,111.39510913085938,0.1507720947265625,-0.015625,-0.963623046875
2026-09-17T07:33:02.963069,1789630382963069200,111.40506909179688,0.0656280517578125,-0.0320587158203125,-1.2601165771484375
2026-09-17T07:33:02.973028,1789630382973028000,111.41502807617188,-0.0382537841796875,-0.097930908203125,-0.7069549560546875
2026-09-17T07:33:02.982988,1789630382982988300,111.42498828125,-0.06756591796875,0.0298614501953125,-0.8862457275390625
2026-09-17T07:33:02.992948,1789630382992948200,111.4349482421875,-0.0354766845703125,-0.00140380859375,-1.2909088134765625
2026-09-17T07:33:03.002907,1789630383002907400,111.44490747070311,-0.064483642578125,-0.1037139892578125,-1.083282470703125
2026-09-17T07:33:03.012867,1789630383012867300,111.45486743164062,-0.176513671875,0.0211944580078125,-1.285552978515625
2026-09-17T07:33:03.022826,1789630383022826200,111.464826171875,-0.024139404296875,0.0641937255859375,-0.8244476318359375
2026-09-17T07:33:03.032786,1789630383032786400,111.47478637695312,0.00531005859375,0.0319976806640625,-0.9801788330078124
2026-09-17T07:33:03.042746,1789630383042746400,111.48474633789064,0.124969482421875,0.1257476806640625,-0.7772064208984375
2026-09-17T07:33:03.052705,1789630383052705300,111.49470532226565,-0.0579833984375,-0.011138916015625,-1.02471923828125
2026-09-17T07:33:03.062665,1789630383062665200,111.50466528320312,0.1165771484375,-0.05401611328125,-1.4260711669921875
2026-09-17T07:33:03.072624,1789630383072624000,111.5146240234375,-0.050994873046875,-0.0015411376953125,-1.2472991943359375
2026-09-17T07:33:03.082584,1789630383082584300,111.52458422851562,-0.1767425537109375,-0.020294189453125,-0.2588043212890625
2026-09-17T07:33:03.092543,1789630383092543500,111.53454345703123,0.0630645751953125,0.0802459716796875,-0.674560546875
2026-09-17T07:33:03.102503,1789630383102503400,111.54450341796876,0.3409423828125,0.0599517822265625,-1.0760345458984375
2026-09-17T07:33:03.112463,1789630383112463400,111.55446337890623,0.2067413330078125,-0.1114501953125,-1.131072998046875
2026-09-17T07:33:03.122422,1789630383122422300,111.56442236328124,-0.2220001220703125,-0.0574188232421875,-1.3075408935546875
2026-09-17T07:33:03.132382,1789630383132382500,111.57438256835935,-0.0503082275390625,-0.0007476806640625,-0.8506927490234375
2026-09-17T07:33:03.142341,1789630383142341400,111.58434130859376,-0.0515899658203125,0.066131591796875,-0.8938446044921875
2026-09-17T07:33:03.152301,1789630383152301300,111.59430126953124,-0.001373291015625,0.0051422119140625,-1.1704864501953125
2026-09-17T07:33:03.162261,1789630383162261200,111.60426123046877,-0.0619049072265625,-0.04290771484375,-1.1589202880859375
2026-09-17T07:33:03.172220,1789630383172220200,111.61422021484375,-0.1678924560546875,0.0310516357421875,-1.062774658203125
2026-09-17T07:33:03.182180,1789630383182180000,111.62418017578123,-0.0776214599609375,0.074188232421875,-0.7550811767578125
2026-09-17T07:33:03.192139,1789630383192139300,111.63413916015624,0.160369873046875,0.04168701171875,-0.9275665283203124
2026-09-17T07:33:03.202099,1789630383202099200,111.64409912109376,0.0771484375,-0.00244140625,-1.3419036865234375
2026-09-17T07:33:03.212058,1789630383212058400,111.65405834960936,-0.158294677734375,-0.0391693115234375,-0.920623779296875
2026-09-17T07:33:03.222018,1789630383222018300,111.66401831054688,-0.09228515625,-0.0447540283203125,-1.02581787109375
2026-09-17T07:33:03.231978,1789630383231978200,111.67397827148436,0.0916900634765625,-0.0176239013671875,-1.07196044921875
2026-09-17T07:33:03.241937,1789630383241937400,111.6839375,0.192047119140625,0.0177764892578125,-0.8944854736328125
2026-09-17T07:33:03.251897,1789630383251897300,111.6938974609375,-0.0309295654296875,-0.020416259765625,-0.6949310302734375
2026-09-17T07:33:03.261856,1789630383261856300,111.70385620117187,-0.2029876708984375,-0.0830535888671875,-1.1993560791015625
2026-09-17T07:33:03.271816,1789630383271816200,111.71381616210938,-0.1231842041015625,-0.1312255859375,-1.013671875
2026-09-17T07:33:03.281776,1789630383281776000,111.72377612304687,0.1432342529296875,-0.105621337890625,-1.2757415771484375
2026-09-17T07:33:03.291735,1789630383291735300,111.7337353515625,0.100830078125,0.0789031982421875,-1.0526123046875
2026-09-17T07:33:03.301695,1789630383301695200,111.7436953125,-0.0665435791015625,-0.0227203369140625,-0.3202972412109375
2026-09-17T07:33:03.311654,1789630383311654400,111.753654296875,0.087310791015625,-0.1535491943359375,-1.47027587890625
2026-09-17T07:33:03.321614,1789630383321614300,111.7636142578125,-0.0544586181640625,0.0220489501953125,-1.3857421875
2026-09-17T07:33:03.331573,1789630383331573200,111.7735732421875,-0.123504638671875,0.0544586181640625,-0.5503387451171875
2026-09-17T07:33:03.341533,1789630383341533200,111.783533203125,0.100799560546875,0.0010986328125,-0.7039642333984375
2026-09-17T07:33:03.351493,1789630383351493400,111.79349340820312,0.003662109375,-0.1342315673828125,-1.6023101806640625
2026-09-17T07:33:03.361452,1789630383361452300,111.80345239257812,-0.1454010009765625,-0.1838836669921875,-0.9625396728515624
2026-09-17T07:33:03.371412,1789630383371412200,111.813412109375,-0.0674591064453125,0.03277587890625,-0.478546142578125
2026-09-17T07:33:03.381371,1789630383381371100,111.82337109375,0.03594970703125,0.084381103515625,-0.981658935546875
2026-09-17T07:33:03.391331,1789630383391331000,111.8333310546875,0.4673004150390625,-0.1240997314453125,-1.5811920166015625
2026-09-17T07:33:03.401290,1789630383401290200,111.84329028320312,-0.025634765625,0.005279541015625,-0.7764892578125
2026-09-17T07:33:03.411250,1789630383411250400,111.85325048828123,-0.15618896484375,-0.0038299560546875,-0.2943115234375
2026-09-17T07:33:03.421210,1789630383421210400,111.86321044921876,-0.300018310546875,-0.1450347900390625,-1.7729339599609375
2026-09-17T07:33:03.431169,1789630383431169300,111.87316918945312,0.1741180419921875,0.0008087158203125,-1.2704010009765625
2026-09-17T07:33:03.441129,1789630383441129200,111.88312915039064,-0.013336181640625,-0.0024566650390625,-0.384613037109375
2026-09-17T07:33:03.451088,1789630383451088100,111.89308813476562,-0.0513153076171875,-0.05810546875,-0.7910308837890625
2026-09-17T07:33:03.461048,1789630383461048300,111.90304833984376,0.0072784423828125,0.1345062255859375,-2.0553741455078125
2026-09-17T07:33:03.471008,1789630383471008300,111.91300830078124,0.150909423828125,0.031463623046875,-0.342559814453125
2026-09-17T07:33:03.480967,1789630383480967200,111.92296728515625,-0.2942352294921875,-0.0660552978515625,-0.842498779296875
2026-09-17T07:33:03.490927,1789630383490927000,111.93292700195312,-0.2843780517578125,-0.0502166748046875,-1.4851226806640625
2026-09-17T07:33:03.500886,1789630383500886300,111.94288623046874,0.138214111328125,0.06646728515625,-1.4252777099609375
2026-09-17T07:33:03.510846,1789630383510846500,111.95284643554687,0.0219879150390625,-0.0044708251953125,0.15155029296875
2026-09-17T07:33:03.520805,1789630383520805400,111.96280541992188,0.24249267578125,0.1095123291015625,-1.266082763671875
2026-09-17T07:33:03.530765,1789630383530765300,111.97276538085936,0.0399017333984375,0.1367645263671875,-1.754180908203125
2026-09-17T07:33:03.540725,1789630383540725200,111.98272534179688,-0.0763092041015625,0.113189697265625,-0.2372589111328125
2026-09-17T07:33:03.550684,1789630383550684200,111.99268408203125,-0.2154693603515625,-0.00567626953125,-0.8565826416015625
2026-09-17T07:33:03.560644,1789630383560644400,112.00264428710938,-0.01654052734375,-0.072174072265625,-1.95733642578125
2026-09-17T07:33:03.570603,1789630383570603300,112.01260327148438,0.0744171142578125,0.0283355712890625,-0.657806396484375
2026-09-17T07:33:03.580563,1789630383580563200,112.02256323242187,-0.0049285888671875,0.0139617919921875,-0.0357666015625
2026-09-17T07:33:03.590522,1789630383590522400,112.0325224609375,0.035797119140625,0.0106353759765625,-2.1183319091796875
2026-09-17T07:33:03.600482,1789630383600482300,112.042482421875,0.133270263671875,0.0491943359375,-0.7197723388671875
2026-09-17T07:33:03.610442,1789630383610442200,112.05244213867188,-0.166107177734375,0.069427490234375,-0.6276702880859375
2026-09-17T07:33:03.620401,1789630383620401400,112.0624013671875,-0.0539093017578125,0.0483551025390625,-1.453826904296875
2026-09-17T07:33:03.630361,1789630383630361300,112.072361328125,-0.0343475341796875,0.0093994140625,-1.2421417236328125
2026-09-17T07:33:03.640320,1789630383640320300,112.0823203125,-0.02105712890625,0.000579833984375,-0.0780487060546875
2026-09-17T07:33:03.650280,1789630383650280200,112.0922802734375,-0.2323150634765625,0.0833282470703125,-1.2160186767578125
2026-09-17T07:33:03.660239,1789630383660239000,112.10223901367188,0.1909332275390625,0.1255035400390625,-2.1833343505859375
2026-09-17T07:33:03.670199,1789630383670199300,112.11219921875,0.1777801513671875,0.0014190673828125,-0.2952880859375
2026-09-17T07:33:03.680159,1789630383680159200,112.1221591796875,-0.0300140380859375,0.0078887939453125,0.0168914794921875
2026-09-17T07:33:03.690118,1789630383690118400,112.13211840820313,-0.2145233154296875,-0.0263214111328125,-1.8303680419921875
2026-09-17T07:33:03.700078,1789630383700078300,112.14207836914062,-0.0061492919921875,-0.069427490234375,-1.264892578125
2026-09-17T07:33:03.710037,1789630383710037200,112.15203735351562,0.2314910888671875,0.0341339111328125,-0.4847869873046875
2026-09-17T07:33:03.719997,1789630383719997200,112.1619970703125,0.0128936767578125,-0.04833984375,-1.426544189453125
2026-09-17T07:33:03.729956,1789630383729956400,112.17195629882812,-0.1375732421875,-0.023101806640625,-0.907623291015625
2026-09-17T07:33:03.739916,1789630383739916300,112.18191625976564,-0.007110595703125,0.018341064453125,-0.372100830078125
2026-09-17T07:33:03.749876,1789630383749876200,112.19187622070312,-0.0506744384765625,-0.0635833740234375,-1.6112213134765625
2026-09-17T07:33:03.759835,1789630383759835100,112.20183520507813,0.07110595703125,-0.03271484375,-1.5337371826171875
2026-09-17T07:33:03.769795,1789630383769795000,112.21179516601562,0.000396728515625,-4.57763671875e-05,-0.1187744140625
2026-09-17T07:33:03.779754,1789630383779754200,112.22175415039062,0.1759033203125,0.0783843994140625,-0.9387969970703124
2026-09-17T07:33:03.789714,1789630383789714400,112.23171435546875,-0.033721923828125,-0.0419464111328125,-1.696990966796875
2026-09-17T07:33:03.799673,1789630383799673300,112.24167333984374,-0.08538818359375,-0.055084228515625,-0.76788330078125
2026-09-17T07:33:03.809633,1789630383809633300,112.25163330078124,-0.2038726806640625,-0.0336761474609375,-0.7768707275390625
2026-09-17T07:33:03.819593,1789630383819593200,112.26159326171874,-0.052398681640625,-0.0357208251953125,-1.3750762939453125
2026-09-17T07:33:03.829552,1789630383829552000,112.27155224609376,0.1763763427734375,-0.09307861328125,-0.7194366455078125
2026-09-17T07:33:03.839512,1789630383839512300,112.28151220703126,0.0074615478515625,-0.0454559326171875,-1.18560791015625
2026-09-17T07:33:03.849471,1789630383849471200,112.29147119140625,0.1297607421875,-0.021942138671875,-1.1083221435546875
2026-09-17T07:33:03.859431,1789630383859431200,112.30143115234377,0.0316314697265625,-0.1037750244140625,-0.579345703125
2026-09-17T07:33:03.869391,1789630383869391000,112.31139111328125,-0.254669189453125,-0.0635223388671875,-1.036041259765625
2026-09-17T07:33:03.879350,1789630383879350300,112.32135034179689,-0.10870361328125,-0.084716796875,-1.6098480224609375
2026-09-17T07:33:03.889310,1789630383889310500,112.331310546875,0.0609283447265625,-0.0601959228515625,-0.651885986328125
2026-09-17T07:33:03.899269,1789630383899269400,112.34126928710936,0.0623016357421875,0.0167999267578125,-0.51318359375
2026-09-17T07:33:03.909229,1789630383909229300,112.35122924804688,0.21832275390625,-0.0174102783203125,-1.649383544921875
2026-09-17T07:33:03.919188,1789630383919188200,112.36118823242188,0.1440277099609375,-0.0284881591796875,-1.0184326171875
2026-09-17T07:33:03.929148,1789630383929148200,112.37114819335936,-0.1716156005859375,-0.03997802734375,-0.4077911376953125
2026-09-17T07:33:03.939108,1789630383939108400,112.3811083984375,-0.4011993408203125,-0.061248779296875,-1.1920166015625
2026-09-17T07:33:03.949067,1789630383949067300,112.3910673828125,-0.0785064697265625,0.007110595703125,-1.3636474609375
2026-09-17T07:33:03.959027,1789630383959027200,112.40102709960938,0.1710357666015625,-0.047515869140625,-1.0505218505859375
2026-09-17T07:33:03.968986,1789630383968986400,112.410986328125,0.0863800048828125,0.025421142578125,-0.7377471923828125
2026-09-17T07:33:03.978946,1789630383978946300,112.4209462890625,0.0800933837890625,-0.0500640869140625,-0.9150543212890624
2026-09-17T07:33:03.988905,1789630383988905200,112.4309052734375,0.118438720703125,-0.02606201171875,-1.0302581787109375
2026-09-17T07:33:03.998865,1789630383998865400,112.44086547851562,0.036285400390625,0.044097900390625,-1.2349395751953125
2026-09-17T07:33:04.008825,1789630384008825300,112.45082543945313,-0.036651611328125,-0.050628662109375,-0.720672607421875
2026-09-17T07:33:04.018784,1789630384018784300,112.4607841796875,-0.2281494140625,-0.14361572265625,-0.921112060546875
2026-09-17T07:33:04.028744,1789630384028744400,112.47074438476562,-0.11627197265625,-0.049163818359375,-1.3141326904296875
2026-09-17T07:33:04.038703,1789630384038703400,112.48070336914064,0.107330322265625,0.0164947509765625,-0.9779205322265624
2026-09-17T07:33:04.048663,1789630384048663300,112.49066333007812,0.1573333740234375,0.0135345458984375,-0.78448486328125
2026-09-17T07:33:04.058622,1789630384058622500,112.50062255859376,0.05267333984375,0.02825927734375,-1.0583953857421875
2026-09-17T07:33:04.068582,1789630384068582400,112.51058251953124,-0.0311279296875,0.0261383056640625,-1.19525146484375
2026-09-17T07:33:04.078542,1789630384078542600,112.52054248046876,-0.1168060302734375,0.0489044189453125,-0.9984893798828124
2026-09-17T07:33:04.088501,1789630384088501500,112.53050146484377,-0.070404052734375,0.0598297119140625,-0.8409423828125
2026-09-17T07:33:04.098461,1789630384098461400,112.54046142578125,0.0419921875,0.02093505859375,-1.169647216796875
2026-09-17T07:33:04.108420,1789630384108420400,112.55042041015624,0.031005859375,0.048828125,-0.920318603515625
2026-09-17T07:33:04.118380,1789630384118380300,112.56038037109376,-0.0361480712890625,0.0257720947265625,-1.0954742431640625
2026-09-17T07:33:04.128339,1789630384128339200,112.57033911132812,-0.0240631103515625,-0.00469970703125,-0.9265899658203124
2026-09-17T07:33:04.138299,1789630384138299400,112.58029931640624,-0.0086822509765625,-0.0169830322265625,-1.1356048583984375
2026-09-17T07:33:04.148259,1789630384148259300,112.59025927734376,-0.0640411376953125,0.03485107421875,-1.0000152587890625
2026-09-17T07:33:04.158218,1789630384158218500,112.60021850585936,-0.0123748779296875,-0.0011444091796875,-0.8362579345703125
2026-09-17T07:33:04.168178,1789630384168178400,112.61017846679688,-0.0922393798828125,0.015228271484375,-1.17376708984375
2026-09-17T07:33:04.178137,1789630384178137300,112.62013745117189,0.0334014892578125,0.04815673828125,-0.9955902099609376
2026-09-17T07:33:04.188097,1789630384188097500,112.63009765625,-0.0308990478515625,0.0358428955078125,-1.0303802490234375
2026-09-17T07:33:04.198057,1789630384198057500,112.64005737304689,0.0860443115234375,0.0721435546875,-1.04443359375
2026-09-17T07:33:04.208016,1789630384208016400,112.65001635742188,0.2229156494140625,0.0930023193359375,-1.02252197265625
2026-09-17T07:33:04.217976,1789630384217976300,112.65997631835936,-0.2044677734375,0.0027008056640625,-0.6596221923828125
2026-09-17T07:33:04.227935,1789630384227935200,112.66993530273436,-0.347076416015625,-0.0818023681640625,-1.328643798828125
2026-09-17T07:33:04.237895,1789630384237895200,112.67989526367188,0.071380615234375,0.0682220458984375,-0.9659271240234376
2026-09-17T07:33:04.247854,1789630384247854600,112.6898544921875,0.04400634765625,-0.0038909912109375,-1.208984375
2026-09-17T07:33:04.257814,1789630384257814500,112.699814453125,0.0814666748046875,0.00823974609375,-0.56976318359375
2026-09-17T07:33:04.267774,1789630384267774500,112.7097744140625,0.127838134765625,-0.030609130859375,-0.9485321044921876
2026-09-17T07:33:04.277733,1789630384277733400,112.7197333984375,-0.05914306640625,-0.0211944580078125,-1.2675933837890625
2026-09-17T07:33:04.287693,1789630384287693300,112.729693359375,0.0939483642578125,-0.0031280517578125,-1.07012939453125
2026-09-17T07:33:04.297652,1789630384297652500,112.73965258789065,-0.0274200439453125,-0.01025390625,-0.7822418212890625
2026-09-17T07:33:04.307612,1789630384307612400,112.7496123046875,-0.168243408203125,-0.086181640625,-0.881256103515625
2026-09-17T07:33:04.317571,1789630384317571300,112.7595712890625,-0.0348663330078125,-0.0707244873046875,-1.334381103515625
2026-09-17T07:33:04.327531,1789630384327531300,112.76953125,0.0189971923828125,0.005096435546875,-1.050567626953125
2026-09-17T07:33:04.337491,1789630384337491200,112.7794912109375,0.0694427490234375,0.0185699462890625,-0.7486572265625
2026-09-17T07:33:04.347450,1789630384347450400,112.78945043945312,0.0110015869140625,-0.0590362548828125,-0.8001556396484375
2026-09-17T07:33:04.357410,1789630384357410300,112.79941040039064,-0.0340728759765625,-0.0863494873046875,-1.5028533935546875
2026-09-17T07:33:04.367369,1789630384367369500,112.80936938476565,0.02557373046875,0.0529937744140625,-1.0072784423828125
2026-09-17T07:33:04.377329,1789630384377329400,112.81932934570312,-0.062469482421875,0.0011138916015625,-0.7474517822265625
2026-09-17T07:33:04.387289,1789630384387289300,112.82928930664062,-0.186431884765625,-0.0747222900390625,-0.926910400390625
2026-09-17T07:33:04.397248,1789630384397248300,112.83924829101562,0.0050201416015625,-0.104522705078125,-1.2873077392578125
2026-09-17T07:33:04.407208,1789630384407208400,112.84920849609377,0.0993499755859375,0.019256591796875,-1.0532684326171875
2026-09-17T07:33:04.417167,1789630384417167400,112.85916748046876,0.144500732421875,0.0028228759765625,-0.685546875
2026-09-17T07:33:04.427127,1789630384427127300,112.86912719726564,-0.0768585205078125,-0.095916748046875,-1.0150909423828125
2026-09-17T07:33:04.437086,1789630384437086500,112.87908642578124,-0.1222076416015625,-0.0978851318359375,-1.2405548095703125
2026-09-17T07:33:04.447046,1789630384447046400,112.88904638671876,-0.0761871337890625,-0.021636962890625,-1.1133575439453125
2026-09-17T07:33:04.457006,1789630384457006300,112.89900634765624,0.0868377685546875,0.012359619140625,-0.8076934814453125
2026-09-17T07:33:04.466965,1789630384466965500,112.90896557617188,-0.03289794921875,-0.041900634765625,-0.8724517822265625
2026-09-17T07:33:04.476925,1789630384476925400,112.91892553710936,-0.09515380859375,-0.0343017578125,-1.25775146484375
2026-09-17T07:33:04.486884,1789630384486884400,112.92888427734376,0.0425567626953125,0.00750732421875,-1.078643798828125
2026-09-17T07:33:04.496844,1789630384496844300,112.93884423828123,0.0275726318359375,0.05340576171875,-1.02801513671875
2026-09-17T07:33:04.506804,1789630384506804500,112.94880444335938,0.1920318603515625,0.04815673828125,-0.873046875
2026-09-17T07:33:04.516763,1789630384516763400,112.95876342773435,-0.087127685546875,-0.0095672607421875,-0.8515625
2026-09-17T07:33:04.526723,1789630384526723300,112.96872338867188,-0.2415618896484375,-0.0907440185546875,-0.841461181640625
2026-09-17T07:33:04.536682,1789630384536682200,112.97868212890624,-0.1469879150390625,0.0206756591796875,-1.111419677734375
2026-09-17T07:33:04.546642,1789630384546642200,112.98864208984376,0.3738861083984375,0.0067901611328125,-1.3322296142578125
2026-09-17T07:33:04.556601,1789630384556601300,112.99860131835938,0.025604248046875,-0.0230255126953125,-0.9759674072265624
2026-09-17T07:33:04.566561,1789630384566561500,113.0085615234375,-0.1174774169921875,0.0097503662109375,-0.466033935546875
2026-09-17T07:33:04.576521,1789630384576521500,113.018521484375,-0.105865478515625,-0.0339508056640625,-1.0885772705078125
2026-09-17T07:33:04.586480,1789630384586480400,113.02848046875,0.0696258544921875,0.0157012939453125,-1.48138427734375
2026-09-17T07:33:04.596440,1789630384596440300,113.0384404296875,0.0862884521484375,0.087890625,-0.856048583984375
2026-09-17T07:33:04.606399,1789630384606399200,113.04839916992188,-0.09722900390625,0.0212554931640625,-0.6774139404296875
2026-09-17T07:33:04.616359,1789630384616359400,113.058359375,-0.0761260986328125,0.0346527099609375,-1.1175384521484375
2026-09-17T07:33:04.626319,1789630384626319400,113.0683193359375,0.0901031494140625,0.1212005615234375,-1.3776397705078125
2026-09-17T07:33:04.636278,1789630384636278300,113.0782783203125,0.0063934326171875,0.1077117919921875,-0.64312744140625
2026-09-17T07:33:04.646238,1789630384646238200,113.08823828125,-0.077239990234375,0.003387451171875,-0.9530487060546876
2026-09-17T07:33:04.656197,1789630384656197400,113.098197265625,-0.0289306640625,0.0089874267578125,-1.056884765625
2026-09-17T07:33:04.666157,1789630384666157300,113.1081572265625,0.0413818359375,0.0079345703125,-1.32513427734375
2026-09-17T07:33:04.676117,1789630384676117500,113.11811743164064,-0.0513763427734375,0.057403564453125,-0.843780517578125
2026-09-17T07:33:04.686076,1789630384686076400,113.12807641601565,-0.0841064453125,-0.0167083740234375,-0.942138671875
2026-09-17T07:33:04.696036,1789630384696036400,113.13803637695312,0.002471923828125,0.0735321044921875,-0.6785430908203125
2026-09-17T07:33:04.705995,1789630384705995300,113.14799536132811,0.1215972900390625,0.063720703125,-1.448455810546875
2026-09-17T07:33:04.715955,1789630384715955200,113.157955078125,-0.0127410888671875,0.0716552734375,-1.002899169921875
2026-09-17T07:33:04.725914,1789630384725914400,113.16791430664064,-0.10614013671875,0.0714874267578125,-0.8722991943359375
2026-09-17T07:33:04.735874,1789630384735874300,113.17787426757812,-0.0456085205078125,0.0507659912109375,-0.8316802978515625
2026-09-17T07:33:04.745834,1789630384745834200,113.18783422851564,0.0238037109375,0.0147857666015625,-1.211029052734375
2026-09-17T07:33:04.755793,1789630384755793400,113.19779345703124,-0.0143890380859375,0.0431365966796875,-1.05450439453125
2026-09-17T07:33:04.765753,1789630384765753300,113.20775341796876,-0.057708740234375,0.011932373046875,-0.89678955078125
2026-09-17T07:33:04.775712,1789630384775712300,113.21771215820311,-0.02374267578125,-0.014495849609375,-1.12890625
2026-09-17T07:33:04.785672,1789630384785672400,113.22767236328124,0.0503997802734375,0.0268707275390625,-0.8228302001953125
2026-09-17T07:33:04.795632,1789630384795632400,113.23763232421877,-0.049468994140625,0.0106658935546875,-1.174957275390625
2026-09-17T07:33:04.805591,1789630384805591300,113.24759130859375,-0.0325164794921875,-0.0188751220703125,-1.03363037109375
2026-09-17T07:33:04.815551,1789630384815551200,113.25755126953123,0.126739501953125,0.0506439208984375,-0.920745849609375
2026-09-17T07:33:04.825510,1789630384825510100,113.26751025390624,0.155975341796875,0.073822021484375,-1.010040283203125
2026-09-17T07:33:04.835470,1789630384835470300,113.27747021484376,-0.24395751953125,-0.056610107421875,-0.97119140625
2026-09-17T07:33:04.845429,1789630384845429500,113.28742944335936,-0.2549591064453125,-0.092010498046875,-0.6846771240234375
2026-09-17T07:33:04.855389,1789630384855389400,113.29738940429688,-0.0393218994140625,-0.003448486328125,-1.4729156494140625
2026-09-17T07:33:04.865349,1789630384865349400,113.30734936523436,0.2609100341796875,0.01812744140625,-1.054412841796875
2026-09-17T07:33:04.875308,1789630384875308300,113.31730834960938,0.0123748779296875,-0.040374755859375,-0.6555328369140625
2026-09-17T07:33:04.885268,1789630384885268500,113.3272685546875,0.14501953125,0.0403594970703125,-0.66259765625
2026-09-17T07:33:04.895227,1789630384895227400,113.33722729492187,-0.1595611572265625,-0.123779296875,-1.760650634765625
2026-09-17T07:33:04.905187,1789630384905187300,113.34718725585938,0.0346832275390625,-0.034271240234375,-0.786956787109375
2026-09-17T07:33:04.915147,1789630384915147300,113.35714721679688,-0.039031982421875,0.03546142578125,-0.87445068359375
2026-09-17T07:33:04.925106,1789630384925106200,113.36710620117188,-0.08599853515625,-0.047698974609375,-0.9486846923828124
2026-09-17T07:33:04.935066,1789630384935066400,113.37706640625,0.0371246337890625,-0.117919921875,-0.875274658203125
2026-09-17T07:33:04.945025,1789630384945025500,113.38702563476562,0.0599212646484375,-0.037506103515625,-1.4840240478515625
2026-09-17T07:33:04.954985,1789630384954985500,113.3969853515625,0.054534912109375,-0.00225830078125,-1.0221099853515625
2026-09-17T07:33:04.964944,1789630384964944400,113.4069443359375,-0.0860595703125,-0.0608978271484375,-0.3455352783203125
2026-09-17T07:33:04.974904,1789630384974904300,113.416904296875,-0.108062744140625,-0.05474853515625,-1.2247314453125
2026-09-17T07:33:04.984864,1789630384984864500,113.42686450195312,0.0995025634765625,-0.062713623046875,-1.5377655029296875
2026-09-17T07:33:04.994823,1789630384994823400,113.43682348632812,-0.01312255859375,0.00469970703125,-0.813720703125
2026-09-17T07:33:05.004783,1789630385004783000,113.446783203125,-0.073272705078125,-0.0045318603515625,-0.7760772705078125
2026-09-17T07:33:05.014742,1789630385014742000,113.45674194335938,-0.0043182373046875,-0.0750579833984375,-1.1282196044921875
2026-09-17T07:33:05.024702,1789630385024702200,113.4667021484375,-0.0312652587890625,-0.0408172607421875,-1.1204986572265625
2026-09-17T07:33:05.034662,1789630385034662100,113.476662109375,0.05572509765625,4.57763671875e-05,-0.9374847412109376
2026-09-17T07:33:05.044621,1789630385044621300,113.48662133789064,-0.0281219482421875,-0.09954833984375,-0.92449951171875
2026-09-17T07:33:05.054581,1789630385054581200,113.49658129882812,-0.066680908203125,-0.08099365234375,-0.9886474609375
2026-09-17T07:33:05.064540,1789630385064540200,113.5065400390625,0.0121917724609375,-0.01202392578125,-1.1600341796875
2026-09-17T07:33:05.074500,1789630385074500400,113.51650024414064,0.068939208984375,-0.0326080322265625,-1.0306396484375
2026-09-17T07:33:05.084459,1789630385084459300,113.52645922851562,-0.0125579833984375,-0.0289154052734375,-0.53179931640625
2026-09-17T07:33:05.094419,1789630385094419200,113.53641918945311,-0.0187835693359375,-0.022369384765625,-1.178558349609375
2026-09-17T07:33:05.104379,1789630385104379100,113.54637915039062,-0.0286712646484375,-0.0348358154296875,-1.2325897216796875
2026-09-17T07:33:05.114338,1789630385114338000,113.55633813476562,-0.0478057861328125,-0.0237884521484375,-1.1962127685546875
2026-09-17T07:33:05.124298,1789630385124298200,113.56629833984375,0.0605316162109375,0.0664825439453125,-0.5818634033203125
2026-09-17T07:33:05.134257,1789630385134257400,113.57625732421874,-0.0318145751953125,-0.036651611328125,-1.108673095703125
2026-09-17T07:33:05.144217,1789630385144217300,113.58621728515624,-0.095794677734375,-0.0348663330078125,-0.8849029541015625
2026-09-17T07:33:05.154177,1789630385154177300,113.59617724609376,0.1692352294921875,0.058685302734375,-1.4074859619140625
2026-09-17T07:33:05.164136,1789630385164136200,113.60613623046876,0.2990570068359375,0.1034088134765625,-0.8733062744140625
2026-09-17T07:33:05.174096,1789630385174096400,113.61609643554688,-0.071685791015625,0.0006866455078125,-0.673095703125
2026-09-17T07:33:05.184055,1789630385184055300,113.62605517578125,-0.43218994140625,-0.089324951171875,-0.9423370361328124
2026-09-17T07:33:05.194015,1789630385194015200,113.63601513671875,-0.106201171875,0.0977630615234375,-1.5015106201171875
2026-09-17T07:33:05.203974,1789630385203974100,113.64597412109374,0.1335296630859375,0.0837860107421875,-0.95343017578125
2026-09-17T07:33:05.213934,1789630385213934000,113.65593408203124,0.12298583984375,0.0851287841796875,-0.682403564453125
2026-09-17T07:33:05.223894,1789630385223894300,113.66589428710938,0.119781494140625,0.069000244140625,-0.9361114501953124
2026-09-17T07:33:05.233853,1789630385233853400,113.675853515625,-0.0255889892578125,-0.0072021484375,-1.31243896484375
2026-09-17T07:33:05.243813,1789630385243813400,113.6858134765625,0.0241241455078125,0.12188720703125,-0.985931396484375
2026-09-17T07:33:05.253772,1789630385253772300,113.69577221679688,0.103515625,0.1587066650390625,-0.893798828125
2026-09-17T07:33:05.263732,1789630385263732200,113.70573217773438,-0.046661376953125,0.0215606689453125,-1.057769775390625
2026-09-17T07:33:05.273691,1789630385273691100,113.71569116210938,-0.224273681640625,0.0187835693359375,-0.94384765625
2026-09-17T07:33:05.283651,1789630385283651300,113.7256513671875,-0.165008544921875,0.0389251708984375,-0.92156982421875
2026-09-17T07:33:05.293611,1789630385293611300,113.735611328125,0.022918701171875,0.056610107421875,-1.18524169921875
2026-09-17T07:33:05.303570,1789630385303570200,113.74557006835936,0.0370025634765625,0.0429534912109375,-0.7089385986328125
2026-09-17T07:33:05.313530,1789630385313530000,113.75553002929688,-0.005523681640625,0.063018798828125,-1.323760986328125
2026-09-17T07:33:05.323489,1789630385323489300,113.7654892578125,0.143890380859375,0.0930328369140625,-1.016265869140625
2026-09-17T07:33:05.333449,1789630385333449200,113.77544921875,0.0465850830078125,0.117828369140625,-0.9510345458984376
2026-09-17T07:33:05.343409,1789630385343409400,113.78540942382811,-0.0570831298828125,0.1664886474609375,-0.805572509765625
2026-09-17T07:33:05.353368,1789630385353368300,113.79536840820312,-0.099151611328125,0.0670928955078125,-1.331878662109375
2026-09-17T07:33:05.363328,1789630385363328300,113.80532836914062,-0.0802154541015625,0.079010009765625,-0.9035491943359376
2026-09-17T07:33:05.373287,1789630385373287200,113.815287109375,-0.0458221435546875,0.100250244140625,-0.96826171875
2026-09-17T07:33:05.383247,1789630385383247000,113.8252470703125,0.0189208984375,0.06195068359375,-0.884918212890625
2026-09-17T07:33:05.393206,1789630385393206300,113.83520629882813,0.0050506591796875,0.0166778564453125,-1.0788116455078125
2026-09-17T07:33:05.403166,1789630385403166200,113.84516625976562,0.01611328125,0.0623931884765625,-1.116668701171875
2026-09-17T07:33:05.413126,1789630385413126100,113.85512622070311,0.0514068603515625,0.0751953125,-1.05096435546875
2026-09-17T07:33:05.423085,1789630385423085300,113.86508520507812,-0.0902099609375,0.0347442626953125,-0.7874298095703125
2026-09-17T07:33:05.433045,1789630385433045200,113.87504516601562,-0.061859130859375,0.0691680908203125,-1.1645050048828125
2026-09-17T07:33:05.443004,1789630385443004200,113.88500415039064,0.0106658935546875,0.067474365234375,-1.0067138671875
2026-09-17T07:33:05.452964,1789630385452964400,113.89496435546874,-0.0164031982421875,0.074188232421875,-0.8312530517578125
2026-09-17T07:33:05.462923,1789630385462923300,113.90492333984376,-0.0253143310546875,0.09075927734375,-0.9806671142578124
2026-09-17T07:33:05.472883,1789630385472883200,113.91488330078126,-0.035552978515625,0.04376220703125,-1.310821533203125
2026-09-17T07:33:05.482843,1789630385482843100,113.92484301757813,-0.09429931640625,0.0655364990234375,-0.9652099609375
2026-09-17T07:33:05.492802,1789630385492802000,113.93480200195312,0.0994415283203125,0.1195068359375,-0.819793701171875
2026-09-17T07:33:05.502762,1789630385502762200,113.94476220703125,0.0339202880859375,0.0467376708984375,-1.0362701416015625
2026-09-17T07:33:05.512721,1789630385512721400,113.95472143554689,-0.139801025390625,0.005157470703125,-1.0872802734375
2026-09-17T07:33:05.522681,1789630385522681300,113.96468139648438,0.0258941650390625,0.095428466796875,-0.982086181640625
2026-09-17T07:33:05.532641,1789630385532641300,113.97464135742187,0.06182861328125,0.054534912109375,-0.9997711181640624
2026-09-17T07:33:05.542600,1789630385542600200,113.98460009765626,-0.1182403564453125,0.0076751708984375,-0.94281005859375
2026-09-17T07:33:05.552560,1789630385552560400,113.99456030273436,0.004302978515625,0.0446014404296875,-1.1979827880859375
2026-09-17T07:33:05.562519,1789630385562519300,114.00451928710936,0.1300048828125,0.097259521484375,-1.14093017578125
2026-09-17T07:33:05.572479,1789630385572479200,114.01447924804688,-0.09051513671875,0.0440673828125,-0.757476806640625
2026-09-17T07:33:05.582438,1789630385582438100,114.02443823242189,-0.2341156005859375,0.0132904052734375,-0.67791748046875
2026-09-17T07:33:05.592398,1789630385592398000,114.03439819335938,-0.0379180908203125,0.0190887451171875,-1.2158050537109375
2026-09-17T07:33:05.602358,1789630385602358300,114.04435815429687,0.0245513916015625,-0.00274658203125,-1.3175048828125
2026-09-17T07:33:05.612317,1789630385612317400,114.0543173828125,0.064544677734375,0.0893707275390625,-1.0043792724609375
2026-09-17T07:33:05.622277,1789630385622277400,114.06427734375,0.18292236328125,0.044769287109375,-0.636688232421875
2026-09-17T07:33:05.632236,1789630385632236300,114.074236328125,-0.118743896484375,-0.0181884765625,-0.97216796875
2026-09-17T07:33:05.642196,1789630385642196200,114.0841962890625,-0.0627593994140625,0.012603759765625,-1.313079833984375
2026-09-17T07:33:05.652155,1789630385652155100,114.09415502929689,0.016204833984375,0.073944091796875,-0.9946136474609376
2026-09-17T07:33:05.662115,1789630385662115300,114.104115234375,0.02984619140625,0.0834197998046875,-1.0533447265625
2026-09-17T07:33:05.672075,1789630385672075300,114.1140751953125,0.0406341552734375,0.0609130859375,-0.756591796875
2026-09-17T07:33:05.682034,1789630385682034200,114.1240341796875,-0.1315460205078125,0.02294921875,-1.1680755615234375
2026-09-17T07:33:05.691994,1789630385691994000,114.133994140625,-0.01153564453125,0.088531494140625,-1.0000457763671875
2026-09-17T07:33:05.701953,1789630385701953300,114.14395336914062,0.08819580078125,0.1004638671875,-1.0435333251953125
2026-09-17T07:33:05.711913,1789630385711913500,114.15391357421876,-0.014862060546875,0.0766143798828125,-0.832122802734375
2026-09-17T07:33:05.721872,1789630385721872400,114.16387231445312,-0.011962890625,0.0459442138671875,-1.253082275390625
2026-09-17T07:33:05.731832,1789630385731832300,114.17383227539062,-0.05181884765625,0.04547119140625,-0.8315277099609375
2026-09-17T07:33:05.741792,1789630385741792300,114.18379223632812,-0.0096893310546875,0.0525970458984375,-1.0751495361328125
2026-09-17T07:33:05.751751,1789630385751751200,114.19375122070312,-0.0172576904296875,0.0527191162109375,-0.9389495849609376
2026-09-17T07:33:05.761711,1789630385761711000,114.20371118164064,-0.034454345703125,0.0329132080078125,-1.1165618896484375
2026-09-17T07:33:05.771670,1789630385771670300,114.21367016601565,-0.024444580078125,0.066650390625,-0.7976837158203125
2026-09-17T07:33:05.781630,1789630385781630200,114.22363012695313,-0.0130767822265625,0.04840087890625,-1.1139984130859375
2026-09-17T07:33:05.791589,1789630385791589400,114.23358935546877,-0.0508270263671875,0.0677337646484375,-0.9510040283203124
2026-09-17T07:33:05.801549,1789630385801549300,114.24354931640624,-0.00360107421875,0.1160125732421875,-1.15142822265625
2026-09-17T07:33:05.811509,1789630385811509200,114.25350927734377,0.06658935546875,0.177978515625,-0.92694091796875
2026-09-17T07:33:05.821468,1789630385821468400,114.26346850585938,0.003875732421875,0.1695556640625,-0.9094390869140624
2026-09-17T07:33:05.831428,1789630385831428400,114.27342846679689,-0.02203369140625,0.161102294921875,-1.1144561767578125
2026-09-17T07:33:05.841387,1789630385841387300,114.28338720703124,-0.04937744140625,0.16455078125,-1.185211181640625
2026-09-17T07:33:05.851347,1789630385851347200,114.29334716796876,0.04656982421875,0.1551971435546875,-0.7612152099609375
2026-09-17T07:33:05.861306,1789630385861306000,114.30330615234377,0.0207061767578125,0.087188720703125,-0.97747802734375
2026-09-17T07:33:05.871266,1789630385871266000,114.31326611328124,-0.1242218017578125,0.0409393310546875,-1.1360015869140625
2026-09-17T07:33:05.881226,1789630385881226200,114.32322631835936,0.0037384033203125,0.0845947265625,-1.0613250732421875
2026-09-17T07:33:05.891185,1789630385891185400,114.33318530273438,0.0202789306640625,0.1148681640625,-0.802703857421875
2026-09-17T07:33:05.901145,1789630385901145300,114.34314526367189,-0.070526123046875,0.0736236572265625,-1.081939697265625
2026-09-17T07:33:05.911104,1789630385911104300,114.35310424804688,-0.0408172607421875,0.10076904296875,-0.9662933349609376
2026-09-17T07:33:05.921064,1789630385921064200,114.36306420898435,-0.0677490234375,0.1284332275390625,-1.0894622802734375
2026-09-17T07:33:05.931023,1789630385931023000,114.37302319335936,0.02398681640625,0.1508026123046875,-0.8953857421875
2026-09-17T07:33:05.940983,1789630385940983300,114.3829833984375,0.005767822265625,0.1455535888671875,-1.0556182861328125
2026-09-17T07:33:05.950942,1789630385950942200,114.39294213867188,-0.051544189453125,0.1448822021484375,-0.9974517822265624
2026-09-17T07:33:05.960902,1789630385960902100,114.40290209960938,0.0389251708984375,0.15850830078125,-1.1380157470703125
2026-09-17T07:33:05.970862,1789630385970862000,114.41286206054689,0.01513671875,0.160247802734375,-0.925140380859375
2026-09-17T07:33:05.980821,1789630385980821200,114.4228212890625,-0.032806396484375,0.1285858154296875,-0.992767333984375
2026-09-17T07:33:05.990781,1789630385990781200,114.43278125,0.0036468505859375,0.1156158447265625,-0.997833251953125
2026-09-17T07:33:06.000740,1789630386000740400,114.442740234375,-0.0411224365234375,0.09283447265625,-1.057647705078125
2026-09-17T07:33:06.010699,1789630386010699800,114.45269970703124,-0.021942138671875,0.101654052734375,-0.9956512451171876
2026-09-17T07:33:06.020659,1789630386020659700,114.46265966796877,0.02435302734375,0.1042327880859375,-0.99957275390625
2026-09-17T07:33:06.030618,1789630386030618600,114.47261865234375,-0.047332763671875,0.079681396484375,-1.0143890380859375
2026-09-17T07:33:06.040578,1789630386040578800,114.48257885742188,-0.0346527099609375,0.0955810546875,-1.0014495849609375
2026-09-17T07:33:06.050537,1789630386050537700,114.49253784179687,0.00592041015625,0.1120147705078125,-0.9502410888671876
2026-09-17T07:33:06.060497,1789630386060497700,114.50249755859376,-0.02392578125,0.0964813232421875,-0.9228363037109376
2026-09-17T07:33:06.070456,1789630386070456800,114.51245678710936,-0.0352630615234375,0.08392333984375,-1.0121917724609375
2026-09-17T07:33:06.080416,1789630386080416800,114.52241674804688,-0.0283660888671875,0.0926361083984375,-1.1019134521484375
2026-09-17T07:33:06.090375,1789630386090375700,114.53237573242188,3.0517578125e-05,0.110931396484375,-0.9898529052734376
2026-09-17T07:33:06.100335,1789630386100335900,114.5423359375,0.0080718994140625,0.1130523681640625,-0.966949462890625
2026-09-17T07:33:06.110295,1789630386110295800,114.5522958984375,-0.00128173828125,0.10894775390625,-1.0745391845703125
2026-09-17T07:33:06.120254,1789630386120254700,114.56225463867187,-0.011260986328125,0.108734130859375,-1.0005340576171875
2026-09-17T07:33:06.130214,1789630386130214700,114.57221459960938,-0.0157012939453125,0.1146240234375,-0.9785003662109376
2026-09-17T07:33:06.140173,1789630386140173600,114.58217358398436,0.00360107421875,0.1081085205078125,-1.026580810546875
2026-09-17T07:33:06.150133,1789630386150133800,114.5921337890625,0.000213623046875,0.0914459228515625,-1.0244140625
2026-09-17T07:33:06.160093,1789630386160093000,114.60209301757811,0.0021209716796875,0.08709716796875,-0.98883056640625
2026-09-17T07:33:06.170052,1789630386170052900,114.61205297851562,0.0143585205078125,0.074737548828125,-1.0230865478515625
2026-09-17T07:33:06.180012,1789630386180012800,114.6220126953125,0.000823974609375,0.0635223388671875,-0.9969635009765624
2026-09-17T07:33:06.189971,1789630386189971700,114.6319716796875,-0.0250396728515625,0.0612945556640625,-0.9857635498046876
2026-09-17T07:33:06.199931,1789630386199931600,114.641931640625,-0.01348876953125,0.0658721923828125,-1.014678955078125
2026-09-17T07:33:06.209890,1789630386209890800,114.65189086914064,-0.009918212890625,0.0607147216796875,-0.995147705078125
2026-09-17T07:33:06.219850,1789630386219850800,114.66185083007812,-0.01666259765625,0.058197021484375,-0.9888763427734376
2026-09-17T07:33:06.229809,1789630386229809700,114.6718095703125,-0.004669189453125,0.0602874755859375,-1.0294189453125
2026-09-17T07:33:06.239769,1789630386239769600,114.68176953125,-0.001861572265625,0.065460205078125,-1.0005950927734375
2026-09-17T07:33:06.249729,1789630386249729500,114.6917294921875,-0.00390625,0.0691070556640625,-0.9942779541015624
2026-09-17T07:33:06.259689,1789630386259689000,114.70168896484375,0.000762939453125,0.0721588134765625,-1.033416748046875
2026-09-17T07:33:06.269649,1789630386269649000,114.71164892578123,-0.0044097900390625,0.0677490234375,-1.0094757080078125
2026-09-17T07:33:06.279607,1789630386279607800,114.72160791015624,-0.0031585693359375,0.07086181640625,-0.989776611328125
2026-09-17T07:33:06.289567,1789630386289567700,114.73156762695312,0.008056640625,0.06719970703125,-1.0225067138671875
2026-09-17T07:33:06.299526,1789630386299526700,114.74152661132813,0.0008697509765625,0.061767578125,-1.0128021240234375
2026-09-17T07:33:06.309486,1789630386309486600,114.75148657226562,0.0009307861328125,0.0566558837890625,-0.9954986572265624
2026-09-17T07:33:06.319445,1789630386319445800,114.76144580078125,0.0127105712890625,0.049285888671875,-1.015594482421875
2026-09-17T07:33:06.329405,1789630386329405700,114.77140576171875,0.0068359375,0.034393310546875,-0.9994049072265624
2026-09-17T07:33:06.339365,1789630386339365600,114.78136572265625,-0.000762939453125,0.021484375,-1.0015869140625
2026-09-17T07:33:06.349324,1789630386349324800,114.79132470703124,0.005126953125,0.007476806640625,-1.0037078857421875
2026-09-17T07:33:06.359284,1789630386359284700,114.80128466796874,-9.1552734375e-05,-0.0050048828125,-0.9945831298828124
2026-09-17T07:33:06.369243,1789630386369243600,114.81124365234376,-0.00390625,-0.006622314453125,-0.989013671875
2026-09-17T07:33:06.379203,1789630386379203800,114.82120385742188,-0.004425048828125,-0.006378173828125,-1.0181121826171875
2026-09-17T07:33:06.389162,1789630386389162800,114.83116284179688,-0.010009765625,-0.0091552734375,-0.9950103759765624
2026-09-17T07:33:06.399122,1789630386399122700,114.84112280273438,-0.00286865234375,-0.0101318359375,-0.99847412109375
2026-09-17T07:33:06.409082,1789630386409082600,114.85108251953125,0.00128173828125,-0.0118255615234375,-1.0131072998046875
2026-09-17T07:33:06.419041,1789630386419041500,114.86104150390624,-0.009185791015625,-0.014007568359375,-1.015777587890625
2026-09-17T07:33:06.429001,1789630386429001700,114.87100170898438,-0.01092529296875,-0.013702392578125,-1.0027923583984375
2026-09-17T07:33:06.438961,1789630386438961000,114.8809609375,-0.0088043212890625,-0.0187835693359375,-1.0062255859375
2026-09-17T07:33:06.448920,1789630386448920800,114.8909208984375,-0.014373779296875,-0.0292205810546875,-0.9989166259765624
2026-09-17T07:33:06.458879,1789630386458879700,114.90087963867188,-0.0150299072265625,-0.0349884033203125,-1.0083160400390625
2026-09-17T07:33:06.468839,1789630386468839700,114.91083959960936,-0.0106353759765625,-0.0372161865234375,-1.0087432861328125
2026-09-17T07:33:06.478798,1789630386478798600,114.92079858398438,-0.010589599609375,-0.0413360595703125,-0.995574951171875
2026-09-17T07:33:06.488758,1789630386488758800,114.9307587890625,-0.0099334716796875,-0.043121337890625,-0.99627685546875
2026-09-17T07:33:06.498718,1789630386498718700,114.94071875,-0.0107574462890625,-0.0453948974609375,-1.0102691650390625
2026-09-17T07:33:06.508677,1789630386508677600,114.950677734375,-0.0090484619140625,-0.0437164306640625,-0.9971923828125
2026-09-17T07:33:06.518637,1789630386518637600,114.96063745117188,-0.00592041015625,-0.04156494140625,-1.0010223388671875
2026-09-17T07:33:06.528596,1789630386528596700,114.9705966796875,-0.00146484375,-0.041778564453125,-1.007781982421875
2026-09-17T07:33:06.538557,1789630386538557000,114.98055688476562,0.0010528564453125,-0.037078857421875,-0.998992919921875
2026-09-17T07:33:06.548515,1789630386548515800,114.99051586914062,0.003448486328125,-0.0284576416015625,-1.00054931640625
2026-09-17T07:33:06.558475,1789630386558475800,115.00047583007812,0.0074310302734375,-0.028076171875,-1.01220703125
2026-09-17T07:33:06.568435,1789630386568435700,115.01043579101562,0.008270263671875,-0.0300445556640625,-1.005828857421875
2026-09-17T07:33:06.578394,1789630386578394600,115.02039453125,0.0119171142578125,-0.029876708984375,-1.0038299560546875
2026-09-17T07:33:06.588354,1789630386588354800,115.03035473632812,0.0127716064453125,-0.03302001953125,-1.00616455078125
2026-09-17T07:33:06.598313,1789630386598313700,115.04031372070312,0.0124053955078125,-0.0375823974609375,-1.00244140625
2026-09-17T07:33:06.608273,1789630386608273700,115.05027368164062,0.0097503662109375,-0.0367889404296875,-1.00604248046875
2026-09-17T07:33:06.618232,1789630386618232800,115.06023291015624,0.0063934326171875,-0.0378570556640625,-1.00750732421875
2026-09-17T07:33:06.628192,1789630386628192800,115.07019287109377,0.0020751953125,-0.0430908203125,-0.998077392578125
2026-09-17T07:33:06.638151,1789630386638151700,115.08015161132812,0.00250244140625,-0.042694091796875,-0.9985809326171876
2026-09-17T07:33:06.648111,1789630386648111900,115.09011181640624,0.0018463134765625,-0.04327392578125,-1.0075531005859375
2026-09-17T07:33:06.658071,1789630386658071800,115.10007177734374,-0.00146484375,-0.04559326171875,-1.002685546875
2026-09-17T07:33:06.668030,1789630386668030700,115.11003076171876,-0.0020599365234375,-0.04364013671875,-1.0029296875
2026-09-17T07:33:06.677990,1789630386677990700,115.11999072265624,-0.00543212890625,-0.0420379638671875,-1.0054473876953125
2026-09-17T07:33:06.687949,1789630386687949600,115.12994946289062,-0.00994873046875,-0.0418243408203125,-1.002166748046875
2026-09-17T07:33:06.697909,1789630386697909800,115.13990966796877,-0.0115203857421875,-0.0391693115234375,-1.001922607421875
2026-09-17T07:33:06.707869,1789630386707869000,115.14986889648438,-0.0088958740234375,-0.0353851318359375,-1.0034637451171875
2026-09-17T07:33:06.717828,1789630386717828900,115.15982885742189,-0.0132904052734375,-0.0344085693359375,-1.0043487548828125
2026-09-17T07:33:06.727788,1789630386727788800,115.16978881835938,-0.0110321044921875,-0.0291748046875,-1.00494384765625
2026-09-17T07:33:06.737747,1789630386737747700,115.17974780273435,-0.008514404296875,-0.0227203369140625,-1.0042266845703125
2026-09-17T07:33:06.747708,1789630386747708000,115.1897080078125,-0.0076904296875,-0.02197265625,-0.998077392578125
2026-09-17T07:33:06.757666,1789630386757666800,115.19966674804688,-0.0060272216796875,-0.0200958251953125,-1.0071258544921875
2026-09-17T07:33:06.767626,1789630386767626800,115.20962670898436,-0.0029754638671875,-0.015838623046875,-1.0082855224609375
2026-09-17T07:33:06.777585,1789630386777585700,115.21958569335938,-0.0004730224609375,-0.0107421875,-1.0013885498046875
2026-09-17T07:33:06.787545,1789630386787545600,115.22954565429689,0.00079345703125,-0.0078887939453125,-1.0049285888671875
2026-09-17T07:33:06.797504,1789630386797504800,115.2395048828125,-0.0005950927734375,-0.006439208984375,-1.0091400146484375
2026-09-17T07:33:06.807465,1789630386807465000,115.24946484375,0.0005645751953125,-0.00543212890625,-1.000762939453125
2026-09-17T07:33:06.817425,1789630386817425000,115.2594248046875,0.00244140625,-0.008056640625,-1.0028228759765625
2026-09-17T07:33:06.827383,1789630386827383800,115.2693837890625,0.001068115234375,-0.0150299072265625,-1.00885009765625
2026-09-17T07:33:06.837343,1789630386837343700,115.27934375,-0.0022125244140625,-0.018310546875,-1.005584716796875
2026-09-17T07:33:06.847302,1789630386847302700,115.289302734375,0.000213623046875,-0.0232391357421875,-0.99896240234375
2026-09-17T07:33:06.857262,1789630386857262800,115.29926293945311,0.001861572265625,-0.03277587890625,-1.0041961669921875
2026-09-17T07:33:06.867221,1789630386867221800,115.3092216796875,-0.0036773681640625,-0.04071044921875,-1.0041351318359375
2026-09-17T07:33:06.877181,1789630386877181700,115.319181640625,-0.0067901611328125,-0.0398101806640625,-1.0068511962890625
2026-09-17T07:33:06.887140,1789630386887140900,115.32914086914064,-0.005340576171875,-0.029266357421875,-1.0035552978515625
2026-09-17T07:33:06.897100,1789630386897100800,115.33910083007812,-0.00762939453125,-0.0058441162109375,-1.001861572265625
2026-09-17T07:33:06.907060,1789630386907060700,115.34906079101565,-0.0139617919921875,-0.0042877197265625,-1.0088348388671875
2026-09-17T07:33:06.917020,1789630386917020000,115.35902001953124,0.0072479248046875,0.0196075439453125,-0.99713134765625
2026-09-17T07:33:06.926979,1789630386926979800,115.36897973632811,0.02398681640625,0.0186004638671875,-0.9960784912109376
2026-09-17T07:33:06.936938,1789630386936938800,115.37893872070312,0.027496337890625,-0.006561279296875,-1.0242767333984375
2026-09-17T07:33:06.946898,1789630386946898700,115.38889868164064,0.0217742919921875,-0.0203857421875,-1.0143890380859375
2026-09-17T07:33:06.956857,1789630386956857600,115.39885766601564,0.021087646484375,-0.0299530029296875,-0.9837646484375
2026-09-17T07:33:06.966817,1789630386966817800,115.40881787109376,-0.00146484375,-0.06866455078125,-0.9984283447265624
2026-09-17T07:33:06.976777,1789630386976777000,115.41877685546876,-0.0077362060546875,-0.04791259765625,-1.002349853515625
2026-09-17T07:33:06.986737,1789630386986737000,115.42873681640626,-0.015777587890625,-0.0212860107421875,-0.998870849609375
2026-09-17T07:33:06.996696,1789630386996696800,115.43869677734376,-0.030029296875,-0.0191650390625,-0.994049072265625
2026-09-17T07:33:07.006656,1789630387006656500,115.44865649414062,-0.022308349609375,-0.020416259765625,-1.0257415771484375
2026-09-17T07:33:07.016616,1789630387016616400,115.45861645507811,-0.0092926025390625,-0.0191650390625,-0.9822998046875
2026-09-17T07:33:07.026575,1789630387026575400,115.46857543945312,0.0068511962890625,-0.0242156982421875,-1.0050201416015625
2026-09-17T07:33:07.036535,1789630387036535300,115.47853540039064,0.0005645751953125,-0.041717529296875,-1.03509521484375
2026-09-17T07:33:07.046494,1789630387046494200,115.488494140625,-0.0071258544921875,-0.0469970703125,-1.0215606689453125
2026-09-17T07:33:07.056454,1789630387056454400,115.49845434570312,0.0003509521484375,-0.03851318359375,-0.9653778076171876
2026-09-17T07:33:07.066413,1789630387066413300,115.50841333007811,-0.0155029296875,-0.0366363525390625,-0.997955322265625
2026-09-17T07:33:07.076373,1789630387076373200,115.51837329101562,-0.0232696533203125,-0.0368499755859375,-1.0133819580078125
2026-09-17T07:33:07.086333,1789630387086333200,115.52833325195311,-0.008697509765625,-0.029022216796875,-0.9976043701171876
2026-09-17T07:33:07.096292,1789630387096292400,115.53829223632812,-0.0079498291015625,-0.0313873291015625,-1.011016845703125
2026-09-17T07:33:07.106252,1789630387106252500,115.54825244140623,-0.0180206298828125,-0.0416107177734375,-1.0152435302734375
2026-09-17T07:33:07.116211,1789630387116211500,115.55821142578124,-0.006683349609375,-0.038604736328125,-0.9910125732421876
2026-09-17T07:33:07.126171,1789630387126171400,115.56817138671876,0.0029449462890625,-0.0290374755859375,-0.9865264892578124
2026-09-17T07:33:07.136130,1789630387136130300,115.57813037109376,-0.009521484375,-0.0305328369140625,-1.010223388671875
2026-09-17T07:33:07.146090,1789630387146090200,115.58809033203126,-0.0080413818359375,-0.031707763671875,-1.0207672119140625
2026-09-17T07:33:07.156049,1789630387156049200,115.59804907226562,0.0050201416015625,-0.02496337890625,-1.0036163330078125
2026-09-17T07:33:07.166009,1789630387166009300,115.60800927734375,-0.003570556640625,-0.0238800048828125,-0.995513916015625
2026-09-17T07:33:07.175969,1789630387175969300,115.61796923828123,-0.0096435546875,-0.0268707275390625,-0.9980926513671876
2026-09-17T07:33:07.185928,1789630387185928400,115.62792846679687,0.006134033203125,-0.02056884765625,-1.002655029296875
2026-09-17T07:33:07.195888,1789630387195888400,115.63788842773438,0.006439208984375,-0.0164794921875,-1.002593994140625
2026-09-17T07:33:07.205847,1789630387205847300,115.64784741210936,-0.0024871826171875,-0.0205230712890625,-1.0231475830078125
2026-09-17T07:33:07.215807,1789630387215807500,115.65780737304688,0.0135650634765625,-0.016510009765625,-1.015411376953125
2026-09-17T07:33:07.225766,1789630387225766400,115.66776635742188,0.008026123046875,-0.0151824951171875,-0.9864044189453124
2026-09-17T07:33:07.235726,1789630387235726300,115.67772631835938,0.0002593994140625,-0.01416015625,-0.9910888671875
2026-09-17T07:33:07.245685,1789630387245685200,115.68768530273438,0.008148193359375,-0.0186614990234375,-1.0130462646484375
2026-09-17T07:33:07.255645,1789630387255645200,115.69764526367187,0.0102081298828125,-0.0193023681640625,-1.016998291015625
2026-09-17T07:33:07.265605,1789630387265605400,115.70760546875,0.0117645263671875,-0.0164642333984375,-1.0013885498046875
2026-09-17T07:33:07.275564,1789630387275564500,115.717564453125,0.0119476318359375,-0.0192413330078125,-0.9964752197265624
2026-09-17T07:33:07.285524,1789630387285524500,115.7275244140625,0.0054473876953125,-0.02313232421875,-1.004486083984375
2026-09-17T07:33:07.295483,1789630387295483400,115.7374833984375,0.0115509033203125,-0.0196380615234375,-1.0073089599609375
2026-09-17T07:33:07.305443,1789630387305443300,115.747443359375,0.0142364501953125,-0.0164642333984375,-1.0042877197265625
2026-09-17T07:33:07.315402,1789630387315402200,115.75740234375,0.0020904541015625,-0.0224151611328125,-1.003143310546875
2026-09-17T07:33:07.325362,1789630387325362400,115.76736254882812,-0.0028533935546875,-0.0229339599609375,-1.00537109375
2026-09-17T07:33:07.335321,1789630387335321300,115.7773212890625,-0.00048828125,-0.021820068359375,-1.00018310546875
2026-09-17T07:33:07.345281,1789630387345281300,115.78728125,-0.003814697265625,-0.0245513916015625,-1.000885009765625
2026-09-17T07:33:07.355240,1789630387355240400,115.79724047851562,-0.004241943359375,-0.0258636474609375,-1.01177978515625
2026-09-17T07:33:07.365200,1789630387365200400,115.80720043945313,-0.0053863525390625,-0.02716064453125,-1.00469970703125
2026-09-17T07:33:07.375160,1789630387375160600,115.81716064453126,-0.0069732666015625,-0.02374267578125,-0.997589111328125
2026-09-17T07:33:07.385119,1789630387385119500,115.82711938476562,-0.0062103271484375,-0.0239410400390625,-1.00640869140625
2026-09-17T07:33:07.395079,1789630387395079400,115.83707934570312,-0.00897216796875,-0.0261077880859375,-1.0081329345703125
2026-09-17T07:33:07.405038,1789630387405038300,115.84703833007812,-0.0065460205078125,-0.023468017578125,-0.9990081787109376
2026-09-17T07:33:07.414998,1789630387414998300,115.85699829101564,-0.0021820068359375,-0.0225677490234375,-1.0014190673828125
2026-09-17T07:33:07.424957,1789630387424957200,115.86695727539062,-0.00390625,-0.023956298828125,-1.0039215087890625
2026-09-17T07:33:07.434917,1789630387434917400,115.87691748046876,-0.0008697509765625,-0.0234527587890625,-1.00555419921875
2026-09-17T07:33:07.444876,1789630387444876500,115.88687646484377,0.000640869140625,-0.01922607421875,-1.00372314453125
2026-09-17T07:33:07.454836,1789630387454836500,115.89683642578125,-0.001434326171875,-0.0223236083984375,-1.00286865234375
2026-09-17T07:33:07.464796,1789630387464796400,115.90679638671875,0.0003662109375,-0.0238800048828125,-1.002532958984375
2026-09-17T07:33:07.474755,1789630387474755300,115.91675537109376,0.0008697509765625,-0.0234375,-1.00482177734375
2026-09-17T07:33:07.484715,1789630387484715500,115.92671557617189,-0.002471923828125,-0.0235137939453125,-1.0042572021484375
2026-09-17T07:33:07.494674,1789630387494674400,115.93667431640624,-0.002349853515625,-0.0227203369140625,-1.0046234130859375
2026-09-17T07:33:07.504634,1789630387504634400,115.94663427734376,-0.00177001953125,-0.0227203369140625,-1.0037078857421875
2026-09-17T07:33:07.514593,1789630387514593300,115.95659326171877,-0.0025787353515625,-0.025390625,-1.002838134765625
2026-09-17T07:33:07.524553,1789630387524553200,115.96655322265624,-0.001312255859375,-0.02288818359375,-1.006500244140625
2026-09-17T07:33:07.534512,1789630387534512400,115.97651245117189,-0.0012359619140625,-0.023773193359375,-1.0047760009765625
2026-09-17T07:33:07.544472,1789630387544472600,115.98647265625,-0.0004119873046875,-0.023193359375,-1.0015106201171875
2026-09-17T07:33:07.554432,1789630387554432500,115.9964326171875,0.002105712890625,-0.022979736328125,-1.004058837890625
2026-09-17T07:33:07.564391,1789630387564391400,116.00639135742188,0.0025634765625,-0.022613525390625,-1.00634765625
2026-09-17T07:33:07.574351,1789630387574351400,116.01635131835936,0.0035247802734375,-0.022216796875,-1.0023956298828125
2026-09-17T07:33:07.584310,1789630387584310300,116.02631030273436,0.003662109375,-0.020904541015625,-1.0044403076171875
2026-09-17T07:33:07.594270,1789630387594270500,116.0362705078125,0.003143310546875,-0.020843505859375,-1.0047149658203125
2026-09-17T07:33:07.604229,1789630387604229400,116.0462294921875,0.00299072265625,-0.021728515625,-1.0015716552734375
2026-09-17T07:33:07.614189,1789630387614189300,116.05618920898438,0.0022430419921875,-0.02166748046875,-1.004669189453125
2026-09-17T07:33:07.624148,1789630387624148500,116.0661484375,0.0023040771484375,-0.019989013671875,-1.0051422119140625
2026-09-17T07:33:07.634108,1789630387634108400,116.0761083984375,-0.000274658203125,-0.024505615234375,-1.0033721923828125
2026-09-17T07:33:07.644067,1789630387644067300,116.0860673828125,-0.0019683837890625,-0.021026611328125,-1.0045318603515625
2026-09-17T07:33:07.654027,1789630387654027500,116.09602758789065,-0.0050811767578125,-0.021392822265625,-1.0040130615234375
2026-09-17T07:33:07.663987,1789630387663987500,116.10598754882812,-0.00494384765625,-0.0230560302734375,-1.0036468505859375
2026-09-17T07:33:07.673946,1789630387673946400,116.1159462890625,-0.0038909912109375,-0.02386474609375,-1.005096435546875
2026-09-17T07:33:07.683906,1789630387683906300,116.12590625,-0.0054779052734375,-0.025421142578125,-1.005340576171875
2026-09-17T07:33:07.693865,1789630387693865200,116.135865234375,-0.0045013427734375,-0.025177001953125,-1.0042877197265625
2026-09-17T07:33:07.703825,1789630387703825400,116.14582543945312,-0.00390625,-0.0266571044921875,-1.0027923583984375
2026-09-17T07:33:07.713784,1789630387713784600,116.15578466796876,-0.003326416015625,-0.0281524658203125,-1.002777099609375
2026-09-17T07:33:07.723744,1789630387723744500,116.16574462890624,-0.0026397705078125,-0.026275634765625,-1.00537109375
2026-09-17T07:33:07.733703,1789630387733703400,116.17570336914062,-0.00091552734375,-0.0256805419921875,-1.004730224609375
2026-09-17T07:33:07.743663,1789630387743663400,116.18566333007811,0.001373291015625,-0.0262451171875,-1.001983642578125
2026-09-17T07:33:07.753623,1789630387753623300,116.19562329101562,0.000640869140625,-0.023590087890625,-1.00445556640625
2026-09-17T07:33:07.763582,1789630387763582500,116.20558251953123,0.002197265625,-0.0245208740234375,-1.0059356689453125
2026-09-17T07:33:07.773542,1789630387773542400,116.21554248046876,0.0019989013671875,-0.0242767333984375,-1.003021240234375
2026-09-17T07:33:07.783501,1789630387783501300,116.22550122070312,0.002960205078125,-0.0229949951171875,-1.0023651123046875
2026-09-17T07:33:07.793461,1789630387793461200,116.23546118164064,0.001220703125,-0.022552490234375,-1.00439453125
2026-09-17T07:33:07.803420,1789630387803420400,116.24542041015626,0.00189208984375,-0.0220489501953125,-1.00311279296875
2026-09-17T07:33:07.813380,1789630387813380400,116.25538037109376,0.0025482177734375,-0.019866943359375,-1.002532958984375
2026-09-17T07:33:07.823339,1789630387823339500,116.26533959960938,0.0016632080078125,-0.0211029052734375,-1.004669189453125
2026-09-17T07:33:07.833299,1789630387833299500,116.27529956054688,-0.0015716552734375,-0.0214996337890625,-1.0038909912109375
2026-09-17T07:33:07.843258,1789630387843258400,116.28525830078124,-0.0012969970703125,-0.0203399658203125,-1.003265380859375
2026-09-17T07:33:07.853218,1789630387853218300,116.29521826171874,-0.001495361328125,-0.021270751953125,-1.0029754638671875
2026-09-17T07:33:07.863178,1789630387863178200,116.30517822265624,-0.00103759765625,-0.0219268798828125,-1.0035247802734375
2026-09-17T07:33:07.873137,1789630387873137400,116.31513745117188,-0.00115966796875,-0.0226287841796875,-1.0034942626953125
2026-09-17T07:33:07.883097,1789630387883097300,116.32509741210936,-0.0015106201171875,-0.0226287841796875,-1.0033416748046875
2026-09-17T07:33:07.893056,1789630387893056500,116.33505639648438,-0.002410888671875,-0.0228271484375,-1.004119873046875
2026-09-17T07:33:07.903016,1789630387903016400,116.34501635742188,-0.0020294189453125,-0.020843505859375,-1.004058837890625
2026-09-17T07:33:07.912975,1789630387912975400,116.35497534179687,-0.0016937255859375,-0.0219268798828125,-1.004608154296875
2026-09-17T07:33:07.922935,1789630387922935300,116.36493530273438,-0.000885009765625,-0.022979736328125,-1.00360107421875
2026-09-17T07:33:07.932894,1789630387932894500,116.37489453125,-3.0517578125e-05,-0.0244140625,-1.0035552978515625
2026-09-17T07:33:07.942854,1789630387942854400,116.3848544921875,-0.00146484375,-0.023345947265625,-1.004150390625
2026-09-17T07:33:07.952813,1789630387952813300,116.39481323242188,-0.0014801025390625,-0.02435302734375,-1.006134033203125
2026-09-17T07:33:07.962773,1789630387962773200,116.40477319335938,-0.001220703125,-0.02618408203125,-1.0046844482421875
2026-09-17T07:33:07.972733,1789630387972733200,116.41473315429688,-0.0010986328125,-0.0255584716796875,-1.0024566650390625
2026-09-17T07:33:07.982692,1789630387982692600,116.42469262695312,-0.00091552734375,-0.0250091552734375,-1.0035552978515625
2026-09-17T07:33:07.992652,1789630387992652500,116.43465258789062,-0.0006103515625,-0.0234832763671875,-1.005096435546875
2026-09-17T07:33:08.002611,1789630388002611500,116.44461157226564,-0.001556396484375,-0.0225677490234375,-1.0037994384765625
2026-09-17T07:33:08.012570,1789630388012570400,116.4545703125,-0.00274658203125,-0.0219573974609375,-1.0043487548828125
2026-09-17T07:33:08.022529,1789630388022529300,116.464529296875,-0.0017547607421875,-0.0220947265625,-1.0040435791015625
2026-09-17T07:33:08.032489,1789630388032489200,116.4744892578125,-0.000823974609375,-0.0231170654296875,-1.0025482177734375
2026-09-17T07:33:08.042448,1789630388042448600,116.48444873046876,-0.00067138671875,-0.0236053466796875,-1.0039825439453125
2026-09-17T07:33:08.052408,1789630388052408600,116.49440869140624,0.00048828125,-0.022369384765625,-1.00244140625
2026-09-17T07:33:08.062368,1789630388062368500,116.50436840820312,0.0010223388671875,-0.0222015380859375,-1.003143310546875
2026-09-17T07:33:08.072327,1789630388072327400,116.51432739257812,0.0006866455078125,-0.0226593017578125,-1.00286865234375
2026-09-17T07:33:08.082287,1789630388082287400,116.52428735351565,0.0007171630859375,-0.02288818359375,-1.0052032470703125
2026-09-17T07:33:08.092246,1789630388092246300,116.53424633789062,0.0009765625,-0.02203369140625,-1.0038909912109375
2026-09-17T07:33:08.102206,1789630388102206500,116.54420654296877,0.0009613037109375,-0.0214080810546875,-1.0044097900390625
2026-09-17T07:33:08.112165,1789630388112165400,116.55416528320312,0.0011749267578125,-0.0229034423828125,-1.0030670166015625
2026-09-17T07:33:08.122125,1789630388122125300,116.56412524414064,4.57763671875e-05,-0.02374267578125,-1.00347900390625
2026-09-17T07:33:08.132084,1789630388132084500,116.57408447265624,-9.1552734375e-05,-0.0230865478515625,-1.0036163330078125
2026-09-17T07:33:08.142044,1789630388142044400,116.58404443359376,-0.001861572265625,-0.022705078125,-1.003173828125
2026-09-17T07:33:08.152003,1789630388152003300,116.59400341796876,-0.0025482177734375,-0.022674560546875,-1.002685546875
2026-09-17T07:33:08.161963,1789630388161963500,116.60396362304688,-0.002532958984375,-0.0241546630859375,-1.004180908203125
2026-09-17T07:33:08.171923,1789630388171923500,116.61392333984377,-0.002716064453125,-0.0259857177734375,-1.004669189453125
2026-09-17T07:33:08.181882,1789630388181882400,116.62388232421876,-0.001617431640625,-0.0249786376953125,-1.003753662109375
2026-09-17T07:33:08.191842,1789630388191842300,116.63384228515623,-0.0009002685546875,-0.025054931640625,-1.00244140625
2026-09-17T07:33:08.201801,1789630388201801200,116.64380126953124,-0.0022735595703125,-0.024505615234375,-1.00323486328125
2026-09-17T07:33:08.211761,1789630388211761400,116.65376147460935,-0.0007476806640625,-0.0235137939453125,-1.0030059814453125
2026-09-17T07:33:08.221720,1789630388221720600,116.66372045898436,0.001190185546875,-0.0238189697265625,-1.004364013671875
2026-09-17T07:33:08.231680,1789630388231680500,116.67368041992188,0.0014801025390625,-0.0218658447265625,-1.0060577392578125
2026-09-17T07:33:08.241639,1789630388241639400,116.68363940429688,0.0018768310546875,-0.0227203369140625,-1.005401611328125
2026-09-17T07:33:08.251599,1789630388251599400,116.69359936523438,0.0008087158203125,-0.023193359375,-1.0055694580078125
2026-09-17T07:33:08.261558,1789630388261558300,116.70355834960938,0.0002288818359375,-0.022430419921875,-1.00445556640625
2026-09-17T07:33:08.271518,1789630388271518500,116.7135185546875,-0.0012664794921875,-0.0225067138671875,-1.00323486328125
2026-09-17T07:33:08.281478,1789630388281478400,116.723478515625,-0.00225830078125,-0.0237274169921875,-1.0042877197265625
2026-09-17T07:33:08.291437,1789630388291437300,116.73343725585936,-0.002166748046875,-0.0231475830078125,-1.0034942626953125
2026-09-17T07:33:08.301397,1789630388301397200,116.74339721679688,0.0001373291015625,-0.0232391357421875,-1.002716064453125
2026-09-17T07:33:08.311356,1789630388311356400,116.7533564453125,-7.62939453125e-05,-0.0222320556640625,-1.005889892578125
2026-09-17T07:33:08.321316,1789630388321316600,116.76331665039062,-0.0017852783203125,-0.0214385986328125,-1.0040435791015625
2026-09-17T07:33:08.331275,1789630388331275500,116.77327563476562,-0.00146484375,-0.022064208984375,-1.00390625
2026-09-17T07:33:08.341235,1789630388341235500,116.7832353515625,-0.00238037109375,-0.023590087890625,-1.0058746337890625
2026-09-17T07:33:08.351194,1789630388351194400,116.7931943359375,-0.001312255859375,-0.0242462158203125,-1.0051422119140625
2026-09-17T07:33:08.361154,1789630388361154300,116.803154296875,-0.0007171630859375,-0.02435302734375,-1.0057525634765625
2026-09-17T07:33:08.371113,1789630388371113200,116.81311328125,0.000213623046875,-0.025115966796875,-1.0049285888671875
2026-09-17T07:33:08.381073,1789630388381073400,116.82307348632813,0.00018310546875,-0.024688720703125,-1.003082275390625
2026-09-17T07:33:08.391032,1789630388391032600,116.83303247070312,-0.0001068115234375,-0.0254058837890625,-1.004150390625
2026-09-17T07:33:08.400992,1789630388400992500,116.84299243164062,-0.001922607421875,-0.027191162109375,-1.0041961669921875
2026-09-17T07:33:08.410952,1789630388410952400,116.85295239257812,-0.0013275146484375,-0.02703857421875,-1.003875732421875
2026-09-17T07:33:08.420911,1789630388420911400,116.86291137695312,-0.000244140625,-0.0266876220703125,-1.003021240234375
2026-09-17T07:33:08.430871,1789630388430871600,116.87287158203124,-0.00091552734375,-0.025909423828125,-1.003692626953125
2026-09-17T07:33:08.440830,1789630388440830500,116.88283056640626,-0.00048828125,-0.0233001708984375,-1.004058837890625
2026-09-17T07:33:08.450790,1789630388450790400,116.89279028320313,-0.000640869140625,-0.0227508544921875,-1.0038299560546875
2026-09-17T07:33:08.460749,1789630388460749300,116.90274926757812,4.57763671875e-05,-0.0221710205078125,-1.0039520263671875
2026-09-17T07:33:08.470709,1789630388470709200,116.91270922851562,-0.001068115234375,-0.0225372314453125,-1.005706787109375
2026-09-17T07:33:08.480668,1789630388480668400,116.92266845703124,-0.00042724609375,-0.019439697265625,-1.0048675537109375
2026-09-17T07:33:08.490628,1789630388490628600,116.93262866210938,0.0008392333984375,-0.0185394287109375,-1.003997802734375
2026-09-17T07:33:08.500587,1789630388500587500,116.94258740234376,0.0001220703125,-0.018646240234375,-1.0045928955078125
2026-09-17T07:33:08.510547,1789630388510547500,116.95254736328124,0.0006256103515625,-0.0206298828125,-1.005096435546875
2026-09-17T07:33:08.520507,1789630388520507400,116.96250732421876,-0.0011138916015625,-0.019683837890625,-1.003753662109375
2026-09-17T07:33:08.530466,1789630388530466300,116.97246630859377,-0.0013275146484375,-0.0204925537109375,-1.0055999755859375
2026-09-17T07:33:08.540426,1789630388540426500,116.98242651367188,0.000732421875,-0.0240325927734375,-1.0035400390625
2026-09-17T07:33:08.550385,1789630388550385400,116.99238549804689,0.000244140625,-0.0252532958984375,-1.003875732421875
2026-09-17T07:33:08.560345,1789630388560345300,117.00234545898438,-0.0014495849609375,-0.0257110595703125,-1.002593994140625
2026-09-17T07:33:08.570304,1789630388570304500,117.01230444335935,-0.00244140625,-0.0242462158203125,-1.00250244140625
2026-09-17T07:33:08.580264,1789630388580264400,117.02226440429688,-0.0020294189453125,-0.0260467529296875,-1.0029449462890625
2026-09-17T07:33:08.590223,1789630388590223400,117.03222338867188,-7.62939453125e-05,-0.0260772705078125,-1.0044403076171875
2026-09-17T07:33:08.600183,1789630388600183600,117.04218359375,-0.000823974609375,-0.0257110595703125,-1.005096435546875
2026-09-17T07:33:08.610142,1789630388610142500,117.052142578125,-0.0009002685546875,-0.02569580078125,-1.003570556640625
2026-09-17T07:33:08.620102,1789630388620102400,117.06210229492189,0.001617431640625,-0.0249481201171875,-1.0031280517578125
2026-09-17T07:33:08.630061,1789630388630061300,117.07206127929688,0.00152587890625,-0.0243377685546875,-1.0053253173828125
2026-09-17T07:33:08.640021,1789630388640021200,117.08202124023435,-0.0008392333984375,-0.02398681640625,-1.0047607421875
2026-09-17T07:33:08.649981,1789630388649981400,117.0919814453125,-0.0023651123046875,-0.02288818359375,-1.00299072265625
2026-09-17T07:33:08.659940,1789630388659940600,117.10194067382812,-0.0027008056640625,-0.02093505859375,-1.003082275390625
2026-09-17T07:33:08.669900,1789630388669900500,117.11190063476562,-0.0008697509765625,-0.021942138671875,-1.00494384765625
2026-09-17T07:33:08.679859,1789630388679859500,117.121859375,-0.002593994140625,-0.023101806640625,-1.0050506591796875
2026-09-17T07:33:08.689819,1789630388689819400,117.1318193359375,-0.003570556640625,-0.0220489501953125,-1.004486083984375
2026-09-17T07:33:08.699778,1789630388699778300,117.1417783203125,-0.0027618408203125,-0.022064208984375,-1.003173828125
2026-09-17T07:33:08.709738,1789630388709738500,117.15173852539064,-0.004180908203125,-0.0225372314453125,-1.0029449462890625
2026-09-17T07:33:08.719697,1789630388719697400,117.16169750976565,-0.003692626953125,-0.02288818359375,-1.0052642822265625
2026-09-17T07:33:08.729657,1789630388729657300,117.1716572265625,0.0005340576171875,-0.0234222412109375,-1.004150390625
2026-09-17T07:33:08.739616,1789630388739616500,117.18161645507811,0.00274658203125,-0.023773193359375,-1.0040283203125
2026-09-17T07:33:08.749576,1789630388749576400,117.19157641601562,0.0013580322265625,-0.024078369140625,-1.0048828125
2026-09-17T07:33:08.759535,1789630388759535400,117.20153540039064,0.000396728515625,-0.023223876953125,-1.0041961669921875
2026-09-17T07:33:08.769495,1789630388769495600,117.21149560546876,-0.0006561279296875,0.0080718994140625,-1.0024566650390625
2026-09-17T07:33:08.779455,1789630388779455500,117.22145556640623,-0.00830078125,-0.0118255615234375,-1.0031890869140625
2026-09-17T07:33:08.789414,1789630388789414400,117.23141430664064,-0.0019378662109375,-0.0305023193359375,-1.0124664306640625
2026-09-17T07:33:08.799374,1789630388799374300,117.24137426757812,0.004364013671875,-0.0198211669921875,-1.00506591796875
2026-09-17T07:33:08.809333,1789630388809333200,117.25133325195311,-0.0070037841796875,-0.0175933837890625,-0.988861083984375
2026-09-17T07:33:08.819293,1789630388819293400,117.26129345703124,-0.0177459716796875,-0.0393524169921875,-1.008575439453125
2026-09-17T07:33:08.829252,1789630388829252600,117.27125268554688,-0.0091094970703125,-0.02484130859375,-1.01678466796875
2026-09-17T07:33:08.839212,1789630388839212500,117.28121264648438,-0.0049896240234375,-0.020416259765625,-0.98748779296875
2026-09-17T07:33:08.849171,1789630388849171500,117.29117138671874,-0.009124755859375,-0.0416717529296875,-1.0013885498046875
2026-09-17T07:33:08.859131,1789630388859131400,117.30113134765624,-0.0124359130859375,-0.0323486328125,-1.0260009765625
2026-09-17T07:33:08.869090,1789630388869090300,117.31109033203126,-0.005126953125,-0.036041259765625,-0.99072265625
2026-09-17T07:33:08.879050,1789630388879050500,117.32105053710936,0.0056610107421875,-0.0313873291015625,-0.9848480224609376
2026-09-17T07:33:08.889010,1789630388889010400,117.33101049804688,0.0010986328125,-0.036468505859375,-1.0262603759765625
2026-09-17T07:33:08.898969,1789630388898969300,117.34096923828125,0.00341796875,-0.033050537109375,-1.007781982421875
2026-09-17T07:33:08.908929,1789630388908929300,117.35092919921875,0.0190582275390625,-0.0255889892578125,-0.98577880859375
2026-09-17T07:33:08.918888,1789630388918888400,117.36088842773438,0.01220703125,-0.026947021484375,-1.008270263671875
2026-09-17T07:33:08.928848,1789630388928848400,117.37084838867187,0.0024261474609375,-0.0274810791015625,-1.019317626953125
2026-09-17T07:33:08.938807,1789630388938807600,117.3808076171875,0.018341064453125,-0.0193328857421875,-0.9901885986328124
2026-09-17T07:33:08.948767,1789630388948767500,117.390767578125,0.016998291015625,-0.017913818359375,-0.995849609375
2026-09-17T07:33:08.958726,1789630388958726400,117.40072631835938,0.0046539306640625,-0.0189361572265625,-1.0171356201171875
2026-09-17T07:33:08.968686,1789630388968686300,117.41068627929688,0.007171630859375,-0.0143280029296875,-1.0061187744140625
2026-09-17T07:33:08.978645,1789630388978645200,117.42064526367189,0.0091400146484375,-0.0076446533203125,-0.9922332763671876
2026-09-17T07:33:08.988605,1789630388988605400,117.43060546875,0.0037078857421875,-0.0111083984375,-1.007904052734375
2026-09-17T07:33:08.998564,1789630388998564600,117.44056469726564,-0.003143310546875,-0.0178680419921875,-1.013336181640625
2026-09-17T07:33:09.008525,1789630389008525300,117.450525390625,-0.003997802734375,-0.0178680419921875,-0.9985809326171876
2026-09-17T07:33:09.018484,1789630389018484500,117.460484375,-0.0031280517578125,-0.016815185546875,-1.001983642578125
2026-09-17T07:33:09.028444,1789630389028444400,117.4704443359375,-0.011749267578125,-0.0217742919921875,-1.01080322265625
2026-09-17T07:33:09.038404,1789630389038404400,117.480404296875,-0.0143280029296875,-0.0229644775390625,-1.00146484375
2026-09-17T07:33:09.048363,1789630389048363500,117.49036352539062,-0.006378173828125,-0.0160675048828125,-1.0033721923828125
2026-09-17T07:33:09.058323,1789630389058323500,117.50032348632811,-0.005279541015625,-0.016876220703125,-1.0096588134765625
2026-09-17T07:33:09.068282,1789630389068282600,117.51028271484375,-0.0080108642578125,-0.0217742919921875,-1.002044677734375
2026-09-17T07:33:09.078242,1789630389078242600,117.52024267578123,-0.0014495849609375,-0.01910400390625,-1.00079345703125
2026-09-17T07:33:09.088201,1789630389088201500,117.53020141601564,-0.0001068115234375,-0.0175323486328125,-1.00445556640625
2026-09-17T07:33:09.098161,1789630389098161400,117.54016137695312,-0.0013427734375,-0.021575927734375,-1.0068817138671875
2026-09-17T07:33:09.108120,1789630389108120300,117.55012036132813,-0.000396728515625,-0.0255584716796875,-1.003387451171875
2026-09-17T07:33:09.118080,1789630389118080300,117.56008032226562,0.0035552978515625,-0.013946533203125,-1.0026092529296875
2026-09-17T07:33:09.128039,1789630389128039700,117.57003979492188,0.006072998046875,-0.006622314453125,-0.9996490478515624
2026-09-17T07:33:09.137999,1789630389137999600,117.57999951171875,0.004974365234375,-0.011444091796875,-1.008636474609375
2026-09-17T07:33:09.147958,1789630389147958500,117.58995849609374,0.0018463134765625,-0.0160675048828125,-1.009185791015625
2026-09-17T07:33:09.157918,1789630389157918500,117.59991845703124,-0.0023040771484375,-0.022003173828125,-1.0029449462890625
2026-09-17T07:33:09.167878,1789630389167878400,117.60987841796874,-0.0076446533203125,-0.0366058349609375,-0.998779296875
2026-09-17T07:33:09.177837,1789630389177837300,117.61983740234376,-0.0098419189453125,-0.04144287109375,-0.998626708984375
2026-09-17T07:33:09.187797,1789630389187797500,117.62979760742188,-0.0056304931640625,-0.0344696044921875,-1.014007568359375
2026-09-17T07:33:09.197756,1789630389197756400,117.63975634765625,-0.00927734375,-0.018798828125,-1.000244140625
2026-09-17T07:33:09.207716,1789630389207716400,117.64971630859375,-0.0096282958984375,0.0022735595703125,-1.01806640625
2026-09-17T07:33:09.217675,1789630389217675500,117.65967553710938,-0.0105438232421875,0.0151519775390625,-0.9919281005859376
2026-09-17T07:33:09.227635,1789630389227635500,117.66963549804689,-0.0045166015625,0.0199737548828125,-1.0143890380859375
2026-09-17T07:33:09.237594,1789630389237594600,117.6795947265625,0.004058837890625,0.0139007568359375,-1.00164794921875
2026-09-17T07:33:09.247554,1789630389247554600,117.68955444335936,0.00177001953125,0.00030517578125,-1.009429931640625
2026-09-17T07:33:09.257513,1789630389257513500,117.69951342773436,0.001556396484375,-0.002197265625,-0.9896392822265624
2026-09-17T07:33:09.267473,1789630389267473400,117.70947338867188,-0.0023651123046875,-0.008026123046875,-1.007080078125
2026-09-17T07:33:09.277432,1789630389277432300,117.71943237304689,-0.0020904541015625,-0.013153076171875,-1.0006561279296875
2026-09-17T07:33:09.287392,1789630389287392300,117.72939233398438,-0.0045318603515625,-0.0131378173828125,-1.017822265625
2026-09-17T07:33:09.297351,1789630389297351700,117.7393515625,-0.01934814453125,-0.017791748046875,-1.0111236572265625
2026-09-17T07:33:09.307311,1789630389307311600,117.7493115234375,-0.0259552001953125,-0.022369384765625,-1.008209228515625
2026-09-17T07:33:09.317271,1789630389317271600,117.759271484375,-0.0165252685546875,-0.02362060546875,-0.994842529296875
2026-09-17T07:33:09.327230,1789630389327230500,117.76923046875,-6.103515625e-05,-0.0250091552734375,-1.0037078857421875
2026-09-17T07:33:09.337190,1789630389337190400,117.7791904296875,0.011810302734375,-0.0305328369140625,-1.013702392578125
2026-09-17T07:33:09.347149,1789630389347149300,117.7891494140625,0.0050811767578125,-0.03228759765625,-1.0049896240234375
2026-09-17T07:33:09.357109,1789630389357109500,117.79910961914062,-0.00750732421875,-0.0349884033203125,-0.9866790771484376
2026-09-17T07:33:09.367068,1789630389367068400,117.809068359375,-0.015960693359375,-0.0397186279296875,-1.0001220703125
2026-09-17T07:33:09.377028,1789630389377028400,117.8190283203125,-0.0138702392578125,-0.0443572998046875,-1.0080108642578125
2026-09-17T07:33:09.386987,1789630389386987500,117.82898754882812,-0.01470947265625,-0.0470733642578125,-1.01153564453125
2026-09-17T07:33:09.396947,1789630389396947500,117.83894750976565,-0.01605224609375,-0.053924560546875,-0.9970703125
2026-09-17T07:33:09.406906,1789630389406906600,117.84890673828124,-0.0140228271484375,-0.064849853515625,-1.01226806640625
2026-09-17T07:33:09.416866,1789630389416866600,117.85886645507811,-0.007965087890625,-0.0690155029296875,-1.021026611328125
2026-09-17T07:33:09.426825,1789630389426825500,117.86882543945312,-0.0006866455078125,-0.0662841796875,-1.0089874267578125
2026-09-17T07:33:09.436785,1789630389436785400,117.87878540039064,0.0108184814453125,-0.052978515625,-0.9789276123046876
2026-09-17T07:33:09.446744,1789630389446744300,117.88874438476564,0.0442962646484375,-0.0324249267578125,-1.0065155029296875
2026-09-17T07:33:09.456704,1789630389456704300,117.89870434570312,0.0379486083984375,-0.012786865234375,-0.9817047119140624
2026-09-17T07:33:09.466664,1789630389466664400,117.90866455078124,-0.0066680908203125,-0.02685546875,-1.00372314453125
2026-09-17T07:33:09.476623,1789630389476623600,117.91862353515624,-0.0167083740234375,-0.0247344970703125,-1.0109710693359375
2026-09-17T07:33:09.486583,1789630389486583600,117.92858349609376,0.0156707763671875,-0.027130126953125,-1.0274505615234375
2026-09-17T07:33:09.496542,1789630389496542500,117.93854248046875,0.017730712890625,-0.0399322509765625,-0.96563720703125
2026-09-17T07:33:09.506502,1789630389506502400,117.94850244140623,-0.001556396484375,-0.0693206787109375,-1.060821533203125
2026-09-17T07:33:09.516461,1789630389516461300,117.95846142578124,-0.001953125,-0.0650177001953125,-0.986968994140625
2026-09-17T07:33:09.526421,1789630389526421500,117.96842138671876,-0.01336669921875,-0.0660858154296875,-0.9591522216796876
2026-09-17T07:33:09.536380,1789630389536380400,117.97838037109376,0.0002288818359375,-0.0536346435546875,-0.98223876953125
2026-09-17T07:33:09.546340,1789630389546340400,117.98834033203126,0.018707275390625,-0.0395050048828125,-1.0937957763671875
2026-09-17T07:33:09.556299,1789630389556299500,117.99829956054688,0.027252197265625,-0.0110015869140625,-0.9945068359375
2026-09-17T07:33:09.566259,1789630389566259500,118.00825952148438,0.0260467529296875,0.00836181640625,-0.9625244140625
2026-09-17T07:33:09.576218,1789630389576218600,118.01821850585938,-0.0067596435546875,0.0138397216796875,-1.0230712890625
2026-09-17T07:33:09.586178,1789630389586178600,118.02817846679687,-0.0211181640625,0.02606201171875,-0.983642578125
2026-09-17T07:33:09.596137,1789630389596137500,118.03813745117188,0.006072998046875,0.0149688720703125,-0.918304443359375
2026-09-17T07:33:09.606097,1789630389606097400,118.04809741210936,-0.006988525390625,-0.0207977294921875,-1.1479034423828125
2026-09-17T07:33:09.616057,1789630389616057300,118.05805737304688,-0.0290069580078125,-0.0220794677734375,-1.0157318115234375
2026-09-17T07:33:09.626016,1789630389626016300,118.06801635742188,0.0261688232421875,-0.012298583984375,-0.9401092529296876
2026-09-17T07:33:09.635976,1789630389635976400,118.0779765625,0.06304931640625,-0.0045013427734375,-0.936981201171875
2026-09-17T07:33:09.645935,1789630389645935600,118.087935546875,0.0669708251953125,-0.0029296875,-1.17340087890625
2026-09-17T07:33:09.655895,1789630389655895600,118.0978955078125,0.04437255859375,0.02508544921875,-0.9145355224609376
2026-09-17T07:33:09.665854,1789630389665854500,118.1078544921875,0.0045013427734375,0.029754638671875,-1.0451812744140625
2026-09-17T07:33:09.675814,1789630389675814400,118.117814453125,-0.0727996826171875,0.019134521484375,-0.9752960205078124
2026-09-17T07:33:09.685773,1789630389685773300,118.12777319335936,-0.0526123046875,0.02777099609375,-0.8787689208984375
2026-09-17T07:33:09.695733,1789630389695733500,118.1377333984375,0.0105438232421875,0.03326416015625,-0.993560791015625
2026-09-17T07:33:09.705692,1789630389705692400,118.1476923828125,-0.088226318359375,-0.0075836181640625,-1.2196044921875
2026-09-17T07:33:09.715652,1789630389715652400,118.15765234375,-0.029296875,0.0259857177734375,-0.822906494140625
2026-09-17T07:33:09.725611,1789630389725611500,118.16761157226564,0.063720703125,0.00640869140625,-0.97393798828125
2026-09-17T07:33:09.735571,1789630389735571500,118.17757153320312,0.0904693603515625,-0.0558319091796875,-1.213623046875
2026-09-17T07:33:09.745530,1789630389745530600,118.18753051757812,0.137664794921875,-0.0312957763671875,-1.004974365234375
2026-09-17T07:33:09.755490,1789630389755490600,118.19749047851562,-0.017364501953125,0.02154541015625,-0.7364654541015625
2026-09-17T07:33:09.765450,1789630389765450500,118.20745043945313,-0.0736541748046875,0.0193328857421875,-1.0819244384765625
2026-09-17T07:33:09.775409,1789630389775409400,118.21740942382812,-0.078033447265625,0.007049560546875,-1.14105224609375
2026-09-17T07:33:09.785369,1789630389785369300,118.22736938476562,-0.0880584716796875,0.0201416015625,-1.0332489013671875
2026-09-17T07:33:09.795328,1789630389795328300,118.23732836914064,0.09991455078125,0.0550994873046875,-0.9788818359375
2026-09-17T07:33:09.805288,1789630389805288400,118.24728833007812,0.099517822265625,0.017303466796875,-0.90362548828125
2026-09-17T07:33:09.815247,1789630389815247600,118.25724755859376,0.0523529052734375,-0.038665771484375,-0.94354248046875
2026-09-17T07:33:09.825207,1789630389825207600,118.26720751953124,0.01495361328125,-0.03155517578125,-1.136871337890625
2026-09-17T07:33:09.835166,1789630389835166500,118.27716650390624,-0.0336761474609375,-0.0117645263671875,-1.0677642822265625
2026-09-17T07:33:09.845126,1789630389845126400,118.28712646484377,-0.0020751953125,0.0281524658203125,-0.852386474609375
2026-09-17T07:33:09.855085,1789630389855085300,118.29708520507812,-0.0350494384765625,-0.016845703125,-1.0132904052734375
2026-09-17T07:33:09.865045,1789630389865045500,118.30704541015623,-0.0619659423828125,-0.0307769775390625,-1.1220550537109375
2026-09-17T07:33:09.875004,1789630389875004400,118.31700439453124,0.0532684326171875,0.0136260986328125,-0.988494873046875
2026-09-17T07:33:09.884964,1789630389884964400,118.32696435546876,0.0840301513671875,0.01434326171875,-0.9660186767578124
2026-09-17T07:33:09.894923,1789630389894923500,118.33692358398436,0.084991455078125,0.0230255126953125,-0.87872314453125
2026-09-17T07:33:09.904883,1789630389904883500,118.34688354492188,0.0058746337890625,-0.0013427734375,-1.074462890625
2026-09-17T07:33:09.914843,1789630389914843600,118.35684375,-0.0651702880859375,-0.0372314453125,-1.1803436279296875
2026-09-17T07:33:09.924802,1789630389924802600,118.36680249023438,-0.001739501953125,-0.0130462646484375,-0.9368438720703124
2026-09-17T07:33:09.934762,1789630389934762500,118.37676245117189,0.0364990234375,0.0057373046875,-0.7883758544921875
2026-09-17T07:33:09.944721,1789630389944721400,118.38672143554687,0.0453643798828125,-0.008026123046875,-1.127960205078125
2026-09-17T07:33:09.954681,1789630389954681300,118.39668139648435,-0.00836181640625,-0.024017333984375,-1.1383819580078125
2026-09-17T07:33:09.964640,1789630389964640300,118.40664013671876,-0.0172119140625,-0.0201263427734375,-0.9797821044921876
2026-09-17T07:33:09.974600,1789630389974600400,118.41660034179688,-0.0045166015625,-0.0214691162109375,-0.92462158203125
2026-09-17T07:33:09.984559,1789630389984559600,118.4265595703125,0.0286865234375,-0.0191497802734375,-0.9964599609375
2026-09-17T07:33:09.994519,1789630389994519600,118.43651953125,0.01123046875,-0.0367431640625,-1.0400543212890625
2026-09-17T07:33:10.004478,1789630390004478500,118.446478515625,-0.0139923095703125,-0.0611724853515625,-1.0135498046875
2026-09-17T07:33:10.014437,1789630390014437600,118.45643774414064,0.003936767578125,-0.0507659912109375,-0.9998626708984376
2026-09-17T07:33:10.024396,1789630390024396500,118.466396484375,0.0548248291015625,-0.0217437744140625,-0.86029052734375
2026-09-17T07:33:10.034356,1789630390034356700,118.47635668945313,0.111724853515625,-0.0082550048828125,-1.0364532470703125
2026-09-17T07:33:10.044316,1789630390044316000,118.48631591796877,0.0189056396484375,-0.015289306640625,-1.099334716796875
2026-09-17T07:33:10.054275,1789630390054275800,118.49627587890625,-0.0849456787109375,-0.02679443359375,-1.032501220703125
2026-09-17T07:33:10.064234,1789630390064234800,118.50623486328124,-0.0723876953125,-0.0264434814453125,-1.0081787109375
2026-09-17T07:33:10.074194,1789630390074194700,118.51619458007812,0.0044403076171875,-0.0202178955078125,-0.9243011474609376
2026-09-17T07:33:10.084155,1789630390084155000,118.52615478515624,0.0596771240234375,-0.0345306396484375,-0.9792022705078124
2026-09-17T07:33:10.094113,1789630390094113800,118.53611376953126,0.0427703857421875,-0.0686187744140625,-1.06353759765625
2026-09-17T07:33:10.104073,1789630390104073700,118.54607373046876,-0.0145721435546875,-0.06396484375,-1.03179931640625
2026-09-17T07:33:10.114032,1789630390114032600,118.55603271484377,-0.072479248046875,-0.0521087646484375,-0.9652099609375
2026-09-17T07:33:10.123992,1789630390123992600,118.56599267578125,-0.026611328125,-0.0115509033203125,-1.0140380859375
2026-09-17T07:33:10.133951,1789630390133951700,118.57595166015624,-0.0100250244140625,0.0245208740234375,-0.9706878662109376
2026-09-17T07:33:10.143912,1789630390143912000,118.58591186523438,-0.0116119384765625,-0.0056915283203125,-1.015655517578125
2026-09-17T07:33:10.153870,1789630390153870800,118.59587084960935,0.010711669921875,-0.02264404296875,-0.9875335693359376
2026-09-17T07:33:10.163830,1789630390163830800,118.60583081054688,-0.0635833740234375,-0.0601348876953125,-1.0716094970703125
2026-09-17T07:33:10.173789,1789630390173789700,118.61578979492188,-0.0694732666015625,-0.0757598876953125,-1.087677001953125
2026-09-17T07:33:10.183749,1789630390183749600,118.62574951171877,-0.0460357666015625,-0.0479583740234375,-0.9027862548828124
2026-09-17T07:33:10.193708,1789630390193708500,118.63570849609376,0.0134429931640625,-0.0337677001953125,-0.917724609375
2026-09-17T07:33:10.203668,1789630390203668700,118.64566870117189,0.02899169921875,-0.0162200927734375,-1.1399993896484375
2026-09-17T07:33:10.213628,1789630390213628000,118.6556279296875,-0.00390625,0.00701904296875,-0.9436187744140624
2026-09-17T07:33:10.223587,1789630390223587800,118.665587890625,-0.067840576171875,0.0003509521484375,-0.9884490966796876
2026-09-17T07:33:10.233546,1789630390233546800,118.67554663085936,-0.105377197265625,-0.0300750732421875,-1.0467071533203125
2026-09-17T07:33:10.243506,1789630390243506700,118.68550659179688,-0.0385284423828125,-0.0069122314453125,-1.0034332275390625
2026-09-17T07:33:10.253467,1789630390253467000,118.695466796875,0.0269012451171875,-0.020599365234375,-0.938018798828125
2026-09-17T07:33:10.263425,1789630390263425800,118.70542578125,0.003448486328125,-0.048980712890625,-0.9962921142578124
2026-09-17T07:33:10.273385,1789630390273385700,118.7153857421875,-0.0092620849609375,-0.04266357421875,-1.025421142578125
2026-09-17T07:33:10.283344,1789630390283344600,118.7253447265625,-0.0551910400390625,-0.0385589599609375,-1.05926513671875
2026-09-17T07:33:10.293304,1789630390293304600,118.7353046875,-0.07330322265625,-0.0250091552734375,-1.0223846435546875
2026-09-17T07:33:10.303263,1789630390303263700,118.745263671875,-0.0242919921875,0.0045318603515625,-0.916412353515625
2026-09-17T07:33:10.313224,1789630390313224000,118.75522387695312,-0.0075225830078125,-0.00079345703125,-0.9973602294921876
2026-09-17T07:33:10.323182,1789630390323182800,118.76518286132811,-0.0218658447265625,-0.007598876953125,-1.132904052734375
2026-09-17T07:33:10.333142,1789630390333142800,118.77514282226562,-0.0377960205078125,0.001495361328125,-0.8851776123046875
2026-09-17T07:33:10.343101,1789630390343101700,118.78510180664064,-0.03570556640625,-0.0033416748046875,-1.041748046875
2026-09-17T07:33:10.353061,1789630390353061600,118.7950615234375,-0.0407257080078125,0.0048980712890625,-0.9880523681640624
2026-09-17T07:33:10.363020,1789630390363020500,118.8050205078125,-0.047027587890625,0.0198516845703125,-1.0103759765625
2026-09-17T07:33:10.372980,1789630390372980700,118.81498071289064,-0.0565338134765625,-0.0245361328125,-1.0283050537109375
2026-09-17T07:33:10.382940,1789630390382940000,118.82493994140626,-0.010986328125,-0.0412445068359375,-1.020599365234375
2026-09-17T07:33:10.392899,1789630390392899800,118.83489990234376,0.0249176025390625,-0.0132293701171875,-0.97393798828125
2026-09-17T07:33:10.402858,1789630390402858800,118.84485864257812,-0.0192718505859375,-0.0279083251953125,-0.911590576171875
2026-09-17T07:33:10.412818,1789630390412818700,118.85481860351562,-0.0659332275390625,-0.042388916015625,-1.125244140625
2026-09-17T07:33:10.422779,1789630390422779000,118.86477880859375,-0.0828094482421875,-0.0586090087890625,-1.0017242431640625
2026-09-17T07:33:10.432737,1789630390432737800,118.87473779296874,-0.0186614990234375,-0.04840087890625,-0.9997100830078124
2026-09-17T07:33:10.442697,1789630390442697700,118.88469775390624,0.0243682861328125,-0.0260162353515625,-0.926544189453125
2026-09-17T07:33:10.452656,1789630390452656600,118.89465673828126,0.0091552734375,-0.020050048828125,-1.00531005859375
2026-09-17T07:33:10.462616,1789630390462616600,118.90461645507813,-0.068634033203125,-0.0390472412109375,-1.064605712890625
2026-09-17T07:33:10.472575,1789630390472575700,118.91457568359375,-0.1010589599609375,-0.021759033203125,-0.9886932373046876
2026-09-17T07:33:10.482536,1789630390482536000,118.92453588867188,-0.0332489013671875,0.0057220458984375,-0.9739837646484376
2026-09-17T07:33:10.492494,1789630390492494800,118.93449487304687,-0.031097412109375,0.0040130615234375,-1.0672149658203125
2026-09-17T07:33:10.502454,1789630390502454800,118.94445483398438,-0.0835113525390625,-0.0501861572265625,-0.986480712890625
2026-09-17T07:33:10.512413,1789630390512413700,118.95441357421876,-0.0655975341796875,-0.09906005859375,-0.9800262451171876
2026-09-17T07:33:10.522373,1789630390522373600,118.96437353515626,0.02838134765625,-0.084259033203125,-1.0460205078125
2026-09-17T07:33:10.532332,1789630390532332500,118.97433251953125,0.0674896240234375,-0.039794921875,-0.94287109375
2026-09-17T07:33:10.542292,1789630390542292700,118.98429272460938,-0.004974365234375,-0.0375518798828125,-0.9840545654296876
2026-09-17T07:33:10.552252,1789630390552252000,118.994251953125,-0.125946044921875,-0.0560455322265625,-1.0440673828125
2026-09-17T07:33:10.562211,1789630390562211800,119.0042119140625,-0.1182708740234375,-0.0140228271484375,-1.05078125
2026-09-17T07:33:10.572170,1789630390572170800,119.01417065429688,-0.0280914306640625,0.0289154052734375,-1.01690673828125
2026-09-17T07:33:10.582130,1789630390582130700,119.02413061523436,0.013336181640625,0.0311737060546875,-0.9502716064453124
2026-09-17T07:33:10.592089,1789630390592089600,119.03408959960936,0.0091400146484375,0.0113983154296875,-0.9412384033203124
2026-09-17T07:33:10.602049,1789630390602049800,119.0440498046875,-0.0160980224609375,-0.0226593017578125,-1.060333251953125
2026-09-17T07:33:10.612009,1789630390612009700,119.054009765625,-0.0496368408203125,-0.0323333740234375,-1.0657196044921875
2026-09-17T07:33:10.621968,1789630390621968600,119.06396875,-0.0757598876953125,-0.05810546875,-0.9978179931640624
2026-09-17T07:33:10.631928,1789630390631928600,119.07392846679689,-0.106353759765625,-0.0557861328125,-1.0048370361328125
2026-09-17T07:33:10.641887,1789630390641887700,119.0838876953125,-0.085174560546875,-0.0355224609375,-0.87994384765625
2026-09-17T07:33:10.651848,1789630390651848000,119.09384790039064,-0.0020751953125,-0.031494140625,-1.1600341796875
2026-09-17T07:33:10.661806,1789630390661806800,119.10380688476565,-0.0129241943359375,-0.0448455810546875,-0.9846954345703124
2026-09-17T07:33:10.671766,1789630390671766800,119.11376684570313,0.0227813720703125,-0.0243377685546875,-0.9152679443359376
2026-09-17T07:33:10.681725,1789630390681725700,119.1237255859375,0.04876708984375,0.01361083984375,-0.99896240234375
2026-09-17T07:33:10.691685,1789630390691685600,119.133685546875,-0.02227783203125,-0.001434326171875,-0.98529052734375
2026-09-17T07:33:10.701644,1789630390701644500,119.14364453125,-0.0815582275390625,-0.002166748046875,-1.1021881103515625
2026-09-17T07:33:10.711604,1789630390711604700,119.15360473632812,-0.109161376953125,0.0012664794921875,-0.88861083984375
2026-09-17T07:33:10.721564,1789630390721564000,119.16356396484376,-0.0301971435546875,0.010345458984375,-1.1174163818359375
2026-09-17T07:33:10.731523,1789630390731523800,119.17352392578124,-0.008270263671875,0.0048675537109375,-0.9918212890625
2026-09-17T07:33:10.741482,1789630390741482800,119.18348266601562,-0.0093536376953125,-0.037139892578125,-0.9438934326171876
2026-09-17T07:33:10.751442,1789630390751442700,119.19344262695311,-0.00933837890625,-0.090362548828125,-1.0634307861328125
2026-09-17T07:33:10.761401,1789630390761401600,119.20340161132812,0.0205841064453125,-0.03961181640625,-0.91644287109375
2026-09-17T07:33:10.771361,1789630390771361800,119.21336181640623,0.0182647705078125,0.0013885498046875,-1.087493896484375
2026-09-17T07:33:10.781320,1789630390781320700,119.22332080078124,-0.11297607421875,-0.0279083251953125,-0.9767303466796876
2026-09-17T07:33:10.791280,1789630390791280600,119.23328076171876,-0.1078948974609375,-0.000518798828125,-0.97198486328125
2026-09-17T07:33:10.801239,1789630390801239800,119.24323974609376,0.00299072265625,0.0347442626953125,-0.9889068603515624
2026-09-17T07:33:10.811199,1789630390811199700,119.25319970703126,0.0414581298828125,0.02349853515625,-1.1768341064453125
2026-09-17T07:33:10.821160,1789630390821160000,119.26315991210936,-0.0044403076171875,-0.0088653564453125,-0.863372802734375
2026-09-17T07:33:10.831118,1789630390831118800,119.27311889648438,-0.0117950439453125,-0.02935791015625,-0.8838653564453125
2026-09-17T07:33:10.841078,1789630390841078800,119.28307885742188,-0.019256591796875,-0.0517578125,-1.19708251953125
2026-09-17T07:33:10.851037,1789630390851037700,119.29303759765624,-0.059478759765625,-0.0606842041015625,-1.00994873046875
2026-09-17T07:33:10.860997,1789630390860997600,119.30299755859374,-0.0642242431640625,-0.0524444580078125,-0.90728759765625
2026-09-17T07:33:10.870956,1789630390870956500,119.31295654296876,-0.0415496826171875,-0.050537109375,-1.0133819580078125
2026-09-17T07:33:10.880916,1789630390880916700,119.32291674804688,0.03924560546875,-0.017425537109375,-1.072601318359375
2026-09-17T07:33:10.890876,1789630390890876000,119.3328759765625,0.031585693359375,-0.00299072265625,-0.9647064208984376
2026-09-17T07:33:10.900835,1789630390900835800,119.3428359375,-0.03131103515625,-0.0167083740234375,-0.9856719970703124
2026-09-17T07:33:10.910794,1789630390910794800,119.35279467773438,-0.0431976318359375,-0.0025177001953125,-1.014312744140625
2026-09-17T07:33:10.920754,1789630390920754700,119.36275463867187,-0.0533294677734375,-0.005279541015625,-1.0325927734375
2026-09-17T07:33:10.930713,1789630390930713600,119.37271362304688,-0.065765380859375,-0.041290283203125,-1.0326385498046875
2026-09-17T07:33:10.940673,1789630390940673800,119.382673828125,-0.026123046875,-0.04010009765625,-0.9053955078125
2026-09-17T07:33:10.950632,1789630390950632700,119.3926328125,0.0143585205078125,-0.054779052734375,-1.0004730224609375
2026-09-17T07:33:10.960592,1789630390960592600,119.40259252929688,-0.0062255859375,-0.0938568115234375,-1.1224212646484375
2026-09-17T07:33:10.970551,1789630390970551800,119.4125517578125,-0.0036773681640625,-0.05914306640625,-1.00048828125
2026-09-17T07:33:10.980511,1789630390980511700,119.42251171875,0.00628662109375,-0.0040435791015625,-0.8503265380859375
2026-09-17T07:33:10.990470,1789630390990470700,119.432470703125,-0.0194854736328125,0.007843017578125,-1.0731201171875
2026-09-17T07:33:11.000430,1789630391000430800,119.44243090820312,-0.0602264404296875,0.005645751953125,-1.07672119140625
2026-09-17T07:33:11.010389,1789630391010389500,119.45238940429688,-0.0523681640625,-0.0118255615234375,-0.940765380859375
2026-09-17T07:33:11.020349,1789630391020349400,119.46234936523436,0.015350341796875,-0.03704833984375,-1.03106689453125
2026-09-17T07:33:11.030309,1789630391030309400,119.47230932617188,0.033935546875,-0.04876708984375,-0.9575958251953124
2026-09-17T07:33:11.040268,1789630391040268500,119.4822685546875,-0.0253143310546875,-0.0702667236328125,-1.03509521484375
2026-09-17T07:33:11.050228,1789630391050228500,119.492228515625,-0.0770721435546875,-0.08514404296875,-1.020538330078125
2026-09-17T07:33:11.060187,1789630391060187600,119.50218774414064,-0.0127105712890625,-0.038482666015625,-0.99261474609375
2026-09-17T07:33:11.070147,1789630391070147600,119.51214770507812,0.0307769775390625,-0.0062103271484375,-0.97601318359375
2026-09-17T07:33:11.080106,1789630391080106500,119.5221064453125,0.0025787353515625,-0.019012451171875,-1.028472900390625
2026-09-17T07:33:11.090066,1789630391090066400,119.53206640625,0.0009918212890625,-0.010284423828125,-0.9542236328125
2026-09-17T07:33:11.100025,1789630391100025300,119.542025390625,-0.0137786865234375,-0.0060882568359375,-1.019256591796875
2026-09-17T07:33:11.109985,1789630391109985500,119.55198559570312,-0.0570526123046875,-0.0289459228515625,-1.0691070556640625
2026-09-17T07:33:11.119944,1789630391119944400,119.5619443359375,-0.0496063232421875,-0.0364227294921875,-0.955718994140625
2026-09-17T07:33:11.129904,1789630391129904400,119.571904296875,-0.01629638671875,-0.04449462890625,-0.9857940673828124
2026-09-17T07:33:11.139863,1789630391139863600,119.58186352539065,0.0067901611328125,-0.054931640625,-1.0170745849609375
2026-09-17T07:33:11.149823,1789630391149823500,119.59182348632812,0.015899658203125,-0.04852294921875,-1.029083251953125
2026-09-17T07:33:11.159782,1789630391159782400,119.60178247070311,-0.01373291015625,-0.0555267333984375,-0.9561004638671876
2026-09-17T07:33:11.169742,1789630391169742600,119.61174267578124,-0.0196380615234375,-0.043731689453125,-1.0606231689453125
2026-09-17T07:33:11.179701,1789630391179701500,119.62170141601564,0.00115966796875,-0.016693115234375,-0.9788665771484376
2026-09-17T07:33:11.189661,1789630391189661400,119.63166137695312,0.0037384033203125,-0.0135650634765625,-0.9618072509765624
2026-09-17T07:33:11.199620,1789630391199620600,119.64162060546874,-0.0230255126953125,-0.0313262939453125,-1.0706634521484375
2026-09-17T07:33:11.209580,1789630391209580500,119.65158056640624,-0.0339813232421875,-0.0419921875,-0.99078369140625
2026-09-17T07:33:11.219539,1789630391219539500,119.66153955078126,-0.0191497802734375,-0.0550384521484375,-1.0090484619140625
2026-09-17T07:33:11.229499,1789630391229499600,119.67149975585936,-0.0120086669921875,-0.066070556640625,-0.9773712158203124
2026-09-17T07:33:11.239458,1789630391239458600,119.68145849609375,0.01123046875,-0.0594635009765625,-1.03839111328125
2026-09-17T07:33:11.249418,1789630391249418500,119.69141845703123,-0.001617431640625,-0.059906005859375,-0.9840850830078124
2026-09-17T07:33:11.259377,1789630391259377400,119.70137744140624,-0.0020294189453125,-0.0488739013671875,-1.0075225830078125
2026-09-17T07:33:11.269337,1789630391269337300,119.71133740234374,0.01239013671875,-0.0265960693359375,-0.9997711181640624
2026-09-17T07:33:11.279297,1789630391279297500,119.72129760742187,-0.00799560546875,-0.018463134765625,-0.9708404541015624
2026-09-17T07:33:11.289256,1789630391289256400,119.73125634765626,-0.0302886962890625,-0.0348052978515625,-1.07171630859375
2026-09-17T07:33:11.299216,1789630391299216400,119.74121630859376,-0.0122833251953125,-0.0453643798828125,-0.9696807861328124
2026-09-17T07:33:11.309175,1789630391309175600,119.75117553710938,0.0388031005859375,-0.021728515625,-0.97003173828125
2026-09-17T07:33:11.319135,1789630391319135500,119.76113549804688,0.0134735107421875,-0.029449462890625,-1.0314483642578125
2026-09-17T07:33:11.329094,1789630391329094400,119.77109448242189,-0.06024169921875,-0.0688323974609375,-1.0301513671875
2026-09-17T07:33:11.339054,1789630391339054600,119.7810546875,-0.05523681640625,-0.072235107421875,-0.97369384765625
2026-09-17T07:33:11.349013,1789630391349013500,119.79101342773436,0.0272216796875,-0.037109375,-1.0033721923828125
2026-09-17T07:33:11.358973,1789630391358973400,119.80097338867188,0.066558837890625,-0.01568603515625,-1.0637054443359375
2026-09-17T07:33:11.368932,1789630391368932600,119.8109326171875,0.00390625,-0.03607177734375,-0.9037017822265624
2026-09-17T07:33:11.378892,1789630391378892500,119.820892578125,-0.0411834716796875,-0.0488128662109375,-1.011505126953125
2026-09-17T07:33:11.388851,1789630391388851500,119.8308515625,-0.0121917724609375,-0.01788330078125,-1.0706939697265625
2026-09-17T07:33:11.398811,1789630391398811600,119.84081176757812,0.02655029296875,0.0116424560546875,-1.0108795166015625
2026-09-17T07:33:11.408770,1789630391408770600,119.8507705078125,0.002716064453125,-0.002593994140625,-0.935028076171875
2026-09-17T07:33:11.418730,1789630391418730500,119.86073046875,-0.0218963623046875,-0.02734375,-0.9903717041015624
2026-09-17T07:33:11.428689,1789630391428689400,119.870689453125,0.002410888671875,-0.0252685546875,-1.082000732421875
2026-09-17T07:33:11.438649,1789630391438649300,119.8806494140625,0.0166778564453125,-0.02081298828125,-1.0195770263671875
2026-09-17T07:33:11.448608,1789630391448608500,119.8906083984375,0.015380859375,-0.0211944580078125,-0.94500732421875
2026-09-17T07:33:11.458568,1789630391458568400,119.900568359375,0.013031005859375,-0.029632568359375,-0.9579315185546876
2026-09-17T07:33:11.468527,1789630391468527600,119.91052758789064,-0.0061187744140625,-0.0442657470703125,-1.074554443359375
2026-09-17T07:33:11.478487,1789630391478487600,119.92048754882812,-0.032470703125,-0.0509033203125,-1.0426177978515625
2026-09-17T07:33:11.488446,1789630391488446500,119.93044653320312,-0.01971435546875,-0.0322265625,-0.95599365234375
2026-09-17T07:33:11.498406,1789630391498406400,119.94040649414065,0.009521484375,-0.0178680419921875,-0.9629974365234376
2026-09-17T07:33:11.508365,1789630391508365300,119.950365234375,0.020751953125,-0.0167694091796875,-1.041015625
2026-09-17T07:33:11.518325,1789630391518325500,119.96032543945311,0.003662109375,-0.0265960693359375,-1.04107666015625
2026-09-17T07:33:11.528285,1789630391528285400,119.97028540039062,-0.0139923095703125,-0.0305633544921875,-0.9712982177734376
2026-09-17T07:33:11.538244,1789630391538244600,119.98024462890623,0.007568359375,-0.0212860107421875,-0.991455078125
2026-09-17T07:33:11.548204,1789630391548204500,119.99020458984376,0.022308349609375,-0.0276031494140625,-1.0173187255859375
2026-09-17T07:33:11.558163,1789630391558163500,120.00016357421876,-0.00091552734375,-0.053314208984375,-1.00775146484375
2026-09-17T07:33:11.568123,1789630391568123600,120.01012353515624,-0.01568603515625,-0.059722900390625,-0.9933929443359376
2026-09-17T07:33:11.578082,1789630391578082600,120.02008251953124,0.0024871826171875,-0.0526275634765625,-1.0017242431640625
2026-09-17T07:33:11.588042,1789630391588042500,120.03004248046877,0.01824951171875,-0.050537109375,-1.01995849609375
2026-09-17T07:33:11.598001,1789630391598001400,120.04000146484375,0.0102081298828125,-0.0518798828125,-1.0028839111328125
2026-09-17T07:33:11.607961,1789630391607961300,120.04996142578123,-0.0021820068359375,-0.0493316650390625,-0.9826202392578124
2026-09-17T07:33:11.617920,1789630391617920500,120.05992041015624,0.0007171630859375,-0.0387725830078125,-1.0022735595703125
2026-09-17T07:33:11.627880,1789630391627880400,120.06988037109376,0.015533447265625,-0.0316314697265625,-1.0301055908203125
2026-09-17T07:33:11.637839,1789630391637839600,120.07983959960936,0.021209716796875,-0.0321197509765625,-0.9964141845703124
2026-09-17T07:33:11.647799,1789630391647799600,120.08979956054688,0.019927978515625,-0.035797119140625,-0.97882080078125
2026-09-17T07:33:11.657758,1789630391657758500,120.09975854492188,0.0138702392578125,-0.0391082763671875,-1.0135345458984375
2026-09-17T07:33:11.667718,1789630391667718400,120.10971850585938,0.006072998046875,-0.04644775390625,-1.0202178955078125
2026-09-17T07:33:11.677677,1789630391677677300,120.11967724609374,0.001800537109375,-0.0527801513671875,-0.99822998046875
2026-09-17T07:33:11.687637,1789630391687637500,120.12963745117187,0.0040130615234375,-0.0547027587890625,-0.9878387451171876
2026-09-17T07:33:11.697596,1789630391697596700,120.1395966796875,0.016021728515625,-0.0530548095703125,-1.01434326171875
2026-09-17T07:33:11.707556,1789630391707556600,120.149556640625,0.0202484130859375,-0.0482635498046875,-1.016357421875
2026-09-17T07:33:11.717515,1789630391717515500,120.159515625,0.016387939453125,-0.045928955078125,-0.9983978271484376
2026-09-17T07:33:11.727475,1789630391727475500,120.16947534179688,0.0155181884765625,-0.04156494140625,-0.9932098388671876
2026-09-17T07:33:11.737434,1789630391737434400,120.17943432617189,0.01373291015625,-0.0413055419921875,-1.00469970703125
2026-09-17T07:33:11.747394,1789630391747394600,120.18939453125,0.0075836181640625,-0.0429229736328125,-1.01861572265625
2026-09-17T07:33:11.757353,1789630391757353500,120.199353515625,0.005462646484375,-0.0447998046875,-0.999755859375
2026-09-17T07:33:11.767313,1789630391767313400,120.2093134765625,0.009552001953125,-0.0418243408203125,-0.9929656982421876
2026-09-17T07:33:11.777272,1789630391777272600,120.2192724609375,0.013519287109375,-0.0429534912109375,-1.0101776123046875
2026-09-17T07:33:11.787232,1789630391787232500,120.229232421875,0.0128326416015625,-0.0382232666015625,-1.016693115234375
2026-09-17T07:33:11.797191,1789630391797191400,120.23919140625,0.0089569091796875,-0.027587890625,-0.9918060302734376
2026-09-17T07:33:11.807151,1789630391807151600,120.24915161132812,0.0019683837890625,-0.0206756591796875,-1.0001678466796875
2026-09-17T07:33:11.817110,1789630391817110500,120.25911059570312,-0.0018463134765625,-0.017852783203125,-1.0077362060546875
2026-09-17T07:33:11.827070,1789630391827070500,120.26907055664064,-0.003875732421875,-0.0163421630859375,-1.01055908203125
2026-09-17T07:33:11.837030,1789630391837030400,120.27903051757812,-0.006256103515625,-0.0182037353515625,-1.0005950927734375
2026-09-17T07:33:11.846989,1789630391846989300,120.2889892578125,-0.0116119384765625,-0.01849365234375,-0.9948272705078124
2026-09-17T07:33:11.856949,1789630391856949500,120.29894946289062,-0.017852783203125,-0.020233154296875,-1.006134033203125
2026-09-17T07:33:11.866908,1789630391866908700,120.30890869140624,-0.0224609375,-0.024993896484375,-1.01043701171875
2026-09-17T07:33:11.876868,1789630391876868600,120.31886865234377,-0.0226287841796875,-0.0263824462890625,-0.9998779296875
2026-09-17T07:33:11.886827,1789630391886827500,120.32882763671876,-0.020904541015625,-0.031097412109375,-0.994140625
2026-09-17T07:33:11.896787,1789630391896787500,120.33878735351564,-0.0246429443359375,-0.0357818603515625,-1.00701904296875
2026-09-17T07:33:11.906746,1789630391906746400,120.34874633789065,-0.0294342041015625,-0.0369720458984375,-1.0101165771484375
2026-09-17T07:33:11.916706,1789630391916706600,120.35870654296876,-0.0289154052734375,-0.0327911376953125,-1.001861572265625
2026-09-17T07:33:11.926665,1789630391926665500,120.36866552734377,-0.026519775390625,-0.0287628173828125,-0.99615478515625
2026-09-17T07:33:11.936625,1789630391936625400,120.37862548828124,-0.0223236083984375,-0.0288543701171875,-1.0076904296875
2026-09-17T07:33:11.946584,1789630391946584600,120.38858447265623,-0.0186920166015625,-0.028900146484375,-1.008331298828125
2026-09-17T07:33:11.956544,1789630391956544500,120.39854443359376,-0.01226806640625,-0.024688720703125,-1.000579833984375
2026-09-17T07:33:11.966503,1789630391966503400,120.40850341796876,-0.008148193359375,-0.0203399658203125,-0.997161865234375
2026-09-17T07:33:11.976463,1789630391976463600,120.41846362304688,-0.008087158203125,-0.0184326171875,-1.0050201416015625
2026-09-17T07:33:11.986422,1789630391986422500,120.42842260742188,-0.0111236572265625,-0.0190277099609375,-1.0089111328125
2026-09-17T07:33:11.996382,1789630391996382500,120.43838256835936,-0.0118408203125,-0.0177001953125,-1.000732421875
2026-09-17T07:33:12.006341,1789630392006341400,120.44834130859375,-0.009979248046875,-0.0177459716796875,-0.99853515625
2026-09-17T07:33:12.016302,1789630392016302000,120.45830200195311,-0.0077362060546875,-0.0186767578125,-1.006744384765625
2026-09-17T07:33:12.026261,1789630392026261000,120.46826098632812,-0.0074462890625,-0.0196533203125,-1.008270263671875
2026-09-17T07:33:12.036221,1789630392036221200,120.47822119140623,-0.007232666015625,-0.021331787109375,-0.99810791015625
2026-09-17T07:33:12.046180,1789630392046180400,120.48818041992187,-0.0108642578125,-0.0215606689453125,-1.0052947998046875
2026-09-17T07:33:12.056140,1789630392056140300,120.49814038085935,-0.0149078369140625,-0.0225982666015625,-1.0013427734375
2026-09-17T07:33:12.066099,1789630392066099200,120.50809912109376,-0.01904296875,-0.0247344970703125,-1.0096588134765625
2026-09-17T07:33:12.076059,1789630392076059100,120.51805908203124,-0.019073486328125,-0.02618408203125,-1.002777099609375
2026-09-17T07:33:12.086018,1789630392086018000,120.52801806640625,-0.01409912109375,-0.0282745361328125,-1.0025482177734375
2026-09-17T07:33:12.095978,1789630392095978200,120.53797827148438,-0.0114898681640625,-0.0313873291015625,-1.0040130615234375
2026-09-17T07:33:12.105937,1789630392105937200,120.54793725585938,-0.0115966796875,-0.032958984375,-1.0101470947265625
2026-09-17T07:33:12.115897,1789630392115897000,120.55789697265624,-0.0097503662109375,-0.0319366455078125,-1.0019989013671875
2026-09-17T07:33:12.125856,1789630392125856300,120.56785620117188,-0.007598876953125,-0.0307464599609375,-1.001556396484375
2026-09-17T07:33:12.135816,1789630392135816200,120.57781616210936,-0.008087158203125,-0.029937744140625,-1.0041961669921875
2026-09-17T07:33:12.145775,1789630392145775000,120.58777514648438,-0.007476806640625,-0.0296478271484375,-1.005401611328125
2026-09-17T07:33:12.155735,1789630392155735300,120.5977353515625,-0.00408935546875,-0.0278778076171875,-1.0034027099609375
2026-09-17T07:33:12.165694,1789630392165694200,120.60769409179689,-0.00384521484375,-0.0251922607421875,-1.0022125244140625
2026-09-17T07:33:12.175654,1789630392175654100,120.61765405273438,-0.002685546875,-0.0243072509765625,-1.0026397705078125
2026-09-17T07:33:12.185614,1789630392185614000,120.62761401367187,-0.0042266845703125,-0.0228271484375,-1.0054779052734375
2026-09-17T07:33:12.195573,1789630392195573000,120.63757299804688,-0.00494384765625,-0.02001953125,-1.0033721923828125
2026-09-17T07:33:12.205533,1789630392205533200,120.647533203125,-0.0079498291015625,-0.0213165283203125,-1.0012054443359375
2026-09-17T07:33:12.215492,1789630392215492400,120.65749243164062,-0.0086822509765625,-0.0202178955078125,-1.00537109375
2026-09-17T07:33:12.225452,1789630392225452300,120.66745239257811,-0.01202392578125,-0.0198822021484375,-1.005584716796875
2026-09-17T07:33:12.235411,1789630392235411200,120.6774111328125,-0.0180206298828125,-0.0200958251953125,-1.003021240234375
2026-09-17T07:33:12.245371,1789630392245371100,120.68737109375,-0.02154541015625,-0.037261962890625,-1.0047149658203125
2026-09-17T07:33:12.255330,1789630392255330000,120.697330078125,-0.0152587890625,-0.05694580078125,-1.005584716796875
2026-09-17T07:33:12.265290,1789630392265290200,120.70729028320312,-0.0138092041015625,-0.0294647216796875,-1.0057525634765625
2026-09-17T07:33:12.275249,1789630392275249200,120.71724926757813,-0.0218963623046875,-0.0241241455078125,-1.004638671875
2026-09-17T07:33:12.285209,1789630392285209000,120.727208984375,-0.018890380859375,-0.019683837890625,-1.003570556640625
2026-09-17T07:33:12.295168,1789630392295168300,120.73716821289062,-0.0052337646484375,-0.0159912109375,-1.00286865234375
2026-09-17T07:33:12.305128,1789630392305128200,120.74712817382812,-0.0030364990234375,-0.016387939453125,-1.0037078857421875
2026-09-17T07:33:12.315087,1789630392315087000,120.75708715820312,-0.0097198486328125,-0.0215301513671875,-1.0017242431640625
2026-09-17T07:33:12.325047,1789630392325047300,120.76704736328124,-0.005767822265625,-0.0171356201171875,-0.999481201171875
2026-09-17T07:33:12.335006,1789630392335006200,120.77700610351565,-0.00067138671875,-0.0099945068359375,-1.0069732666015625
2026-09-17T07:33:12.344966,1789630392344966100,120.78696606445313,-0.009918212890625,-0.015289306640625,-1.0058746337890625
2026-09-17T07:33:12.354925,1789630392354925000,120.79692504882811,-0.0174560546875,-0.0195770263671875,-0.9981231689453124
2026-09-17T07:33:12.364885,1789630392364885000,120.80688500976562,-0.0135345458984375,-0.0215301513671875,-1.0028228759765625
2026-09-17T07:33:12.374844,1789630392374844200,120.81684423828123,-0.0112152099609375,-0.027618408203125,-1.0109100341796875
2026-09-17T07:33:12.384804,1789630392384804400,120.82680444335938,-0.0117034912109375,-0.028564453125,-1.003936767578125
2026-09-17T07:33:12.394763,1789630392394763300,120.83676318359376,-0.0166015625,-0.02972412109375,-0.99871826171875
2026-09-17T07:33:12.404723,1789630392404723200,120.84672314453124,-0.0196075439453125,-0.0323944091796875,-1.0074310302734375
2026-09-17T07:33:12.414682,1789630392414682000,120.85668212890624,-0.015655517578125,-0.0323486328125,-1.0087127685546875
2026-09-17T07:33:12.424642,1789630392424642000,120.86664208984377,-0.0112762451171875,-0.029296875,-1.003814697265625
2026-09-17T07:33:12.434601,1789630392434601000,120.87660107421875,-0.012603759765625,-0.0264892578125,-0.99957275390625
2026-09-17T07:33:12.444561,1789630392444561200,120.88656103515623,-0.010284423828125,-0.0260772705078125,-1.00390625
2026-09-17T07:33:12.454520,1789630392454520300,120.89652026367187,-0.009246826171875,-0.02838134765625,-1.00872802734375
2026-09-17T07:33:12.464480,1789630392464480300,120.90648022460938,-0.00701904296875,-0.0247955322265625,-1.0034942626953125
2026-09-17T07:33:12.474439,1789630392474439200,120.91643920898436,-0.0084991455078125,-0.0224456787109375,-0.998870849609375
2026-09-17T07:33:12.484399,1789630392484399000,120.92639916992188,-0.009613037109375,-0.02301025390625,-1.0018310546875
2026-09-17T07:33:12.494358,1789630392494358000,120.93635791015625,-0.0094146728515625,-0.0245513916015625,-1.0103302001953125
2026-09-17T07:33:12.504318,1789630392504318200,120.94631811523438,-0.0113525390625,-0.0251922607421875,-1.00372314453125
2026-09-17T07:33:12.514277,1789630392514277000,120.95627709960938,-0.013427734375,-0.023681640625,-0.9990234375
2026-09-17T07:33:12.524237,1789630392524237000,120.96623706054687,-0.0138702392578125,-0.023651123046875,-1.0030059814453125
2026-09-17T07:33:12.534196,1789630392534196200,120.9761962890625,-0.0115509033203125,-0.0230865478515625,-1.010101318359375
2026-09-17T07:33:12.544156,1789630392544156200,120.98615625,-0.0123291015625,-0.02276611328125,-1.00482177734375
2026-09-17T07:33:12.554115,1789630392554115000,120.99611499023436,-0.0140228271484375,-0.0209808349609375,-0.9981842041015624
2026-09-17T07:33:12.564075,1789630392564075300,121.0060751953125,-0.012420654296875,-0.0171356201171875,-1.003631591796875
2026-09-17T07:33:12.574034,1789630392574034200,121.0160341796875,-0.0111083984375,-0.018096923828125,-1.01007080078125
2026-09-17T07:33:12.583994,1789630392583994000,121.025994140625,-0.0127410888671875,-0.0196990966796875,-1.0021820068359375
2026-09-17T07:33:12.593953,1789630392593953000,121.035953125,-0.01483154296875,-0.021148681640625,-0.9980926513671876
2026-09-17T07:33:12.603913,1789630392603913000,121.04591284179688,-0.0127410888671875,-0.0264129638671875,-1.0054779052734375
2026-09-17T07:33:12.613872,1789630392613872000,121.0558720703125,-0.011871337890625,-0.034942626953125,-1.00909423828125
2026-09-17T07:33:12.623832,1789630392623832300,121.06583227539062,-0.0145416259765625,-0.0361328125,-1.00201416015625
2026-09-17T07:33:12.633791,1789630392633791200,121.07579125976562,-0.0140838623046875,-0.0342254638671875,-1.0009002685546875
2026-09-17T07:33:12.643751,1789630392643751200,121.08575122070312,-0.0108489990234375,-0.03350830078125,-1.005035400390625
2026-09-17T07:33:12.653711,1789630392653711000,121.09571118164062,-0.0128326416015625,-0.0320892333984375,-1.0096588134765625
2026-09-17T07:33:12.663670,1789630392663670000,121.105669921875,-0.009674072265625,-0.030670166015625,-1.0003814697265625
2026-09-17T07:33:12.673630,1789630392673630200,121.11563012695312,-0.00592041015625,-0.026641845703125,-1.00091552734375
2026-09-17T07:33:12.683589,1789630392683589000,121.12558911132813,-0.0050048828125,-0.0242462158203125,-1.0044708251953125
2026-09-17T07:33:12.693549,1789630392693549000,121.13554907226562,-0.0042877197265625,-0.023162841796875,-1.0109710693359375
2026-09-17T07:33:12.703508,1789630392703508200,121.14550830078124,-0.0034027099609375,-0.0204315185546875,-1.00067138671875
2026-09-17T07:33:12.713468,1789630392713468200,121.15546826171877,-0.006195068359375,-0.022003173828125,-1.0009918212890625
2026-09-17T07:33:12.723427,1789630392723427000,121.16542700195312,-0.0080108642578125,-0.023590087890625,-1.00537109375
2026-09-17T07:33:12.733387,1789630392733387300,121.17538720703124,-0.009429931640625,-0.023223876953125,-1.008453369140625
2026-09-17T07:33:12.743346,1789630392743346200,121.18534619140624,-0.012664794921875,-0.023193359375,-1.00079345703125
2026-09-17T07:33:12.753306,1789630392753306000,121.19530615234376,-0.0162200927734375,-0.0244903564453125,-1.00006103515625
2026-09-17T07:33:12.763265,1789630392763265000,121.20526513671877,-0.0171356201171875,-0.02508544921875,-1.0057525634765625
2026-09-17T07:33:12.773225,1789630392773225000,121.21522485351562,-0.0171356201171875,-0.0236358642578125,-1.0068511962890625
2026-09-17T07:33:12.783184,1789630392783184100,121.22518408203123,-0.0186004638671875,-0.0230865478515625,-1.001708984375
2026-09-17T07:33:12.793144,1789630392793144300,121.23514428710938,-0.0170440673828125,-0.0226898193359375,-1.0018463134765625
2026-09-17T07:33:12.803103,1789630392803103200,121.24510327148438,-0.0140838623046875,-0.02093505859375,-1.0076446533203125
2026-09-17T07:33:12.813063,1789630392813063200,121.25506323242188,-0.013214111328125,-0.0206756591796875,-1.006500244140625
2026-09-17T07:33:12.823022,1789630392823022000,121.26502197265626,-0.011871337890625,-0.01812744140625,-1.0004730224609375
2026-09-17T07:33:12.832982,1789630392832982000,121.27498193359376,-0.0110015869140625,-0.017913818359375,-1.0013275146484375
2026-09-17T07:33:12.842941,1789630392842941000,121.28494091796875,-0.008636474609375,-0.0232086181640625,-1.007110595703125
2026-09-17T07:33:12.852901,1789630392852901000,121.29490112304688,-0.0068511962890625,-0.0301666259765625,-1.0039825439453125
2026-09-17T07:33:12.862860,1789630392862860300,121.3048603515625,-0.0074462890625,-0.036041259765625,-1.001251220703125
2026-09-17T07:33:12.872820,1789630392872820200,121.3148203125,-0.0076904296875,-0.04425048828125,-1.00299072265625
2026-09-17T07:33:12.882779,1789630392882779100,121.32477905273436,-0.0081634521484375,-0.05206298828125,-1.0085601806640625
2026-09-17T07:33:12.892739,1789630392892739000,121.33473901367188,-0.0095367431640625,-0.0603485107421875,-1.0060577392578125
2026-09-17T07:33:12.902698,1789630392902698000,121.34469799804688,-0.0091094970703125,-0.060546875,-0.9993896484375
2026-09-17T07:33:12.912658,1789630392912658200,121.354658203125,-0.0110626220703125,-0.0599365234375,-1.002899169921875
2026-09-17T07:33:12.922617,1789630392922617000,121.3646171875,-0.0118560791015625,-0.058197021484375,-1.004913330078125
2026-09-17T07:33:12.932577,1789630392932577000,121.37457690429687,-0.005645751953125,-0.058990478515625,-1.0003509521484375
2026-09-17T07:33:12.942536,1789630392942536200,121.3845361328125,-0.0081329345703125,-0.06292724609375,-1.0028839111328125
2026-09-17T07:33:12.952496,1789630392952496000,121.39449609375,-0.012939453125,-0.0657196044921875,-1.005523681640625
2026-09-17T07:33:12.962455,1789630392962455300,121.40445532226562,-0.0092620849609375,-0.063629150390625,-1.012451171875
2026-09-17T07:33:12.972415,1789630392972415200,121.41441528320313,-0.0107421875,-0.0641937255859375,-0.9886627197265624
2026-09-17T07:33:12.982374,1789630392982374100,121.4243740234375,-0.0167236328125,-0.067657470703125,-0.9957122802734376
2026-09-17T07:33:12.992334,1789630392992334000,121.434333984375,-0.0116119384765625,-0.071929931640625,-1.0091400146484375
2026-09-17T07:33:13.002293,1789630393002293000,121.44429296875,0.000457763671875,-0.076995849609375,-1.01531982421875
2026-09-17T07:33:13.012253,1789630393012253000,121.4542529296875,0.00439453125,-0.089599609375,-0.993682861328125
2026-09-17T07:33:13.022211,1789630393022211800,121.4642119140625,-0.0006561279296875,-0.1069488525390625,-0.9885406494140624
2026-09-17T07:33:13.032172,1789630393032172000,121.47417211914062,-0.002044677734375,-0.1125946044921875,-1.0102996826171875
2026-09-17T07:33:13.042131,1789630393042131000,121.484130859375,-0.0074462890625,-0.11956787109375,-1.0110626220703125
2026-09-17T07:33:13.052091,1789630393052091000,121.4940908203125,-0.002777099609375,-0.12005615234375,-0.9940338134765624
2026-09-17T07:33:13.062049,1789630393062049800,121.5040498046875,0.0037841796875,-0.120880126953125,-0.99005126953125
2026-09-17T07:33:13.072009,1789630393072009700,121.514009765625,0.005859375,-0.124267578125,-1.0108795166015625
2026-09-17T07:33:13.081969,1789630393081969000,121.52396899414065,0.0006256103515625,-0.1270751953125,-1.0022430419921875
2026-09-17T07:33:13.091928,1789630393091928800,121.5339287109375,0.001495361328125,-0.1317138671875,-0.9895782470703124
2026-09-17T07:33:13.101888,1789630393101888000,121.54388793945311,0.0024871826171875,-0.12994384765625,-1.0129241943359375
2026-09-17T07:33:13.111848,1789630393111848000,121.55384790039062,-0.0013885498046875,-0.1333465576171875,-0.994781494140625
2026-09-17T07:33:13.121806,1789630393121806800,121.56380688476564,0.0039215087890625,-0.1290435791015625,-1.0006103515625
2026-09-17T07:33:13.131766,1789630393131766800,121.57376684570312,0.006256103515625,-0.131011962890625,-1.012298583984375
2026-09-17T07:33:13.141725,1789630393141725700,121.5837255859375,-0.0011138916015625,-0.13018798828125,-1.019561767578125
2026-09-17T07:33:13.151686,1789630393151686000,121.59368579101564,0.00677490234375,-0.1231842041015625,-0.992034912109375
2026-09-17T07:33:13.161645,1789630393161645000,121.60364501953126,0.0233612060546875,-0.127471923828125,-1.00030517578125
2026-09-17T07:33:13.171605,1789630393171605000,121.61360498046876,0.0177154541015625,-0.133026123046875,-1.0158233642578125
2026-09-17T07:33:13.181564,1789630393181564000,121.62356396484375,0.0010528564453125,-0.1428375244140625,-0.9850921630859376
2026-09-17T07:33:13.191523,1789630393191523800,121.63352392578123,-0.010406494140625,-0.144989013671875,-0.998443603515625
2026-09-17T07:33:13.201482,1789630393201482800,121.64348266601564,0.0071563720703125,-0.1266937255859375,-1.02276611328125
2026-09-17T07:33:13.211443,1789630393211443000,121.65344287109374,0.032012939453125,-0.095733642578125,-1.0209503173828125
2026-09-17T07:33:13.221401,1789630393221401900,121.66340185546876,0.0064239501953125,-0.083587646484375,-0.9627532958984376
2026-09-17T07:33:13.231361,1789630393231361800,121.67336181640626,-0.024169921875,-0.0832672119140625,-0.9604644775390624
2026-09-17T07:33:13.241321,1789630393241321000,121.68332104492188,-0.0248565673828125,-0.10296630859375,-0.9789276123046876
2026-09-17T07:33:13.251281,1789630393251281000,121.69328100585938,-0.023651123046875,-0.1339874267578125,-1.03277587890625
2026-09-17T07:33:13.261240,1789630393261240800,121.70324072265625,0.0308685302734375,-0.1783447265625,-1.06304931640625
2026-09-17T07:33:13.271200,1789630393271200000,121.71319995117187,0.0332794189453125,-0.2107391357421875,-0.9636077880859376
2026-09-17T07:33:13.281159,1789630393281159000,121.72315893554688,0.0181121826171875,-0.223052978515625,-0.9712982177734376
2026-09-17T07:33:13.291118,1789630393291118800,121.73311889648436,0.0214080810546875,-0.210052490234375,-0.9994049072265624
2026-09-17T07:33:13.301078,1789630393301078800,121.74307885742188,0.0447540283203125,-0.157012939453125,-1.0476837158203125
2026-09-17T07:33:13.311037,1789630393311037700,121.75303759765625,0.032135009765625,-0.1144256591796875,-0.9618072509765624
2026-09-17T07:33:13.320998,1789630393320998000,121.76299780273438,-0.0288543701171875,-0.096527099609375,-0.9192962646484376
2026-09-17T07:33:13.330957,1789630393330957000,121.77295703125,-0.0004730224609375,-0.09649658203125,-1.0782470703125
2026-09-17T07:33:13.340917,1789630393340917000,121.7829169921875,0.1004638671875,-0.09124755859375,-1.1099853515625
2026-09-17T07:33:13.350876,1789630393350876000,121.7928759765625,0.0901336669921875,-0.0796051025390625,-0.954071044921875
2026-09-17T07:33:13.360835,1789630393360835800,121.8028359375,0.0329132080078125,-0.113616943359375,-0.8633575439453125
2026-09-17T07:33:13.370794,1789630393370794800,121.81279467773436,0.000152587890625,-0.1422119140625,-1.042083740234375
2026-09-17T07:33:13.380755,1789630393380755000,121.8227548828125,-0.01025390625,-0.157073974609375,-1.0764312744140625
2026-09-17T07:33:13.390713,1789630393390713900,121.8327138671875,-0.0388641357421875,-0.15972900390625,-1.003204345703125
2026-09-17T07:33:13.400673,1789630393400673800,121.842673828125,-0.0576019287109375,-0.1638641357421875,-0.9275970458984376
2026-09-17T07:33:13.410633,1789630393410633000,121.85263305664064,-0.064300537109375,-0.183685302734375,-1.0623931884765625
2026-09-17T07:33:13.420593,1789630393420593000,121.86259301757812,-0.0309906005859375,-0.1767730712890625,-1.01177978515625
2026-09-17T07:33:13.430551,1789630393430551800,121.8725517578125,0.0389556884765625,-0.140655517578125,-1.04302978515625
2026-09-17T07:33:13.440512,1789630393440512000,121.88251196289062,0.0531463623046875,-0.1056365966796875,-0.9362945556640624
2026-09-17T07:33:13.450471,1789630393450471000,121.89247094726562,0.030731201171875,-0.0703582763671875,-0.9483184814453124
2026-09-17T07:33:13.460430,1789630393460430800,121.90243090820312,0.0104217529296875,-0.077667236328125,-1.035491943359375
2026-09-17T07:33:13.470389,1789630393470389800,121.9123896484375,-0.00396728515625,-0.0720672607421875,-1.1389007568359375
2026-09-17T07:33:13.480349,1789630393480349700,121.922349609375,-0.0128173828125,-0.0641632080078125,-1.001220703125
2026-09-17T07:33:13.490308,1789630393490308900,121.93230883789064,-0.0099334716796875,-0.086761474609375,-0.858673095703125
2026-09-17T07:33:13.500269,1789630393500269000,121.94226904296876,0.0265655517578125,-0.09759521484375,-0.9775238037109376
2026-09-17T07:33:13.510228,1789630393510228000,121.95222802734376,0.03668212890625,-0.1564178466796875,-1.14239501953125
2026-09-17T07:33:13.520188,1789630393520188000,121.96218798828124,-0.00665283203125,-0.1777191162109375,-1.0345611572265625
2026-09-17T07:33:13.530146,1789630393530146800,121.97214672851564,0.0021820068359375,-0.1781158447265625,-0.968505859375
2026-09-17T07:33:13.540106,1789630393540106800,121.98210668945312,0.0146484375,-0.18170166015625,-0.8853759765625
2026-09-17T07:33:13.550065,1789630393550065700,121.99206567382812,0.028778076171875,-0.16168212890625,-1.0197601318359375
2026-09-17T07:33:13.560025,1789630393560025900,122.00202587890624,0.0472564697265625,-0.1063690185546875,-1.08502197265625
2026-09-17T07:33:13.569985,1789630393569985000,122.01198510742188,0.026763916015625,-0.0697021484375,-1.1014556884765625
2026-09-17T07:33:13.579945,1789630393579945000,122.02194506835936,-0.0385589599609375,-0.0319976806640625,-0.79931640625
2026-09-17T07:33:13.589904,1789630393589904000,122.03190380859375,0.018585205078125,-0.0319976806640625,-0.8923187255859375
2026-09-17T07:33:13.599863,1789630393599863800,122.04186376953125,0.0557861328125,-0.0779571533203125,-1.205963134765625
2026-09-17T07:33:13.609822,1789630393609822700,122.05182275390624,0.0089874267578125,-0.10076904296875,-1.164215087890625
2026-09-17T07:33:13.619783,1789630393619783000,122.06178295898438,-0.0410919189453125,-0.1323699951171875,-0.8433990478515625
2026-09-17T07:33:13.629741,1789630393629741800,122.07174194335936,0.0096588134765625,-0.1570892333984375,-0.7623138427734375
2026-09-17T07:33:13.639701,1789630393639701800,122.08170166015626,0.0660858154296875,-0.1701812744140625,-1.337005615234375
2026-09-17T07:33:13.649661,1789630393649661000,122.09166088867188,-0.019775390625,-0.166595458984375,-1.0350799560546875
2026-09-17T07:33:13.659620,1789630393659620900,122.10162084960938,-0.039306640625,-0.11700439453125,-0.8436431884765625
2026-09-17T07:33:13.669580,1789630393669580000,122.111580078125,-0.0015411376953125,-0.068023681640625,-0.9533233642578124
2026-09-17T07:33:13.679540,1789630393679540000,122.1215400390625,0.031097412109375,-0.056060791015625,-1.0748748779296875
2026-09-17T07:33:13.689499,1789630393689499000,122.13149877929688,0.034637451171875,-0.0399017333984375,-1.017425537109375
2026-09-17T07:33:13.699458,1789630393699458800,122.14145874023436,-0.048980712890625,-0.0523681640625,-1.0451812744140625
2026-09-17T07:33:13.709417,1789630393709417700,122.15141772460936,-0.0253753662109375,-0.0573883056640625,-0.9144439697265624
2026-09-17T07:33:13.719377,1789630393719377700,122.16137768554688,0.029388427734375,-0.0750274658203125,-0.947113037109375
2026-09-17T07:33:13.729337,1789630393729337000,122.17133715820312,0.00274658203125,-0.1011505126953125,-1.1821441650390625
2026-09-17T07:33:13.739297,1789630393739297000,122.18129711914062,0.0426177978515625,-0.10101318359375,-0.9587860107421876
2026-09-17T07:33:13.749256,1789630393749256000,122.191255859375,-0.0343780517578125,-0.1101531982421875,-0.7860870361328125
2026-09-17T07:33:13.759215,1789630393759215900,122.2012158203125,-0.037872314453125,-0.1521759033203125,-1.065338134765625
2026-09-17T07:33:13.769174,1789630393769174800,122.2111748046875,-0.0065765380859375,-0.1381683349609375,-1.4384765625
2026-09-17T07:33:13.779134,1789630393779134700,122.221134765625,0.062896728515625,-0.048126220703125,-0.644256591796875
2026-09-17T07:33:13.789094,1789630393789094000,122.23109399414062,-0.01300048828125,-0.0640869140625,-0.8824920654296875
2026-09-17T07:33:13.799053,1789630393799053800,122.2410537109375,0.013336181640625,-0.067596435546875,-1.00921630859375
2026-09-17T07:33:13.809013,1789630393809013000,122.25101293945312,0.037017822265625,-0.07305908203125,-1.350250244140625
2026-09-17T07:33:13.818973,1789630393818973000,122.26097290039064,-0.007537841796875,-0.0427398681640625,-0.684539794921875
2026-09-17T07:33:13.828931,1789630393828931800,122.27093188476564,-0.0215606689453125,-0.04034423828125,-1.116302490234375
2026-09-17T07:33:13.838892,1789630393838892000,122.28089208984376,0.00579833984375,-0.0340576171875,-1.028106689453125
2026-09-17T07:33:13.848851,1789630393848851000,122.29085083007811,0.00152587890625,-0.0792083740234375,-0.8101806640625
2026-09-17T07:33:13.858811,1789630393858811000,122.30081079101562,0.0356903076171875,-0.064483642578125,-1.1634979248046875
2026-09-17T07:33:13.868769,1789630393868769800,122.31076977539064,0.212432861328125,-0.0894012451171875,-1.2384796142578125
2026-09-17T07:33:13.878729,1789630393878729700,122.32072973632812,-0.04345703125,-0.03662109375,-0.734527587890625
2026-09-17T07:33:13.888689,1789630393888689000,122.33068896484374,-0.3371429443359375,-0.0950164794921875,-0.72601318359375
2026-09-17T07:33:13.898649,1789630393898649000,122.34064916992187,-0.0888824462890625,-0.0465087890625,-1.2044525146484375
2026-09-17T07:33:13.908608,1789630393908608000,122.35060791015626,0.1091156005859375,-0.005462646484375,-1.1652069091796875
2026-09-17T07:33:13.918568,1789630393918568000,122.36056787109376,0.053436279296875,-0.03839111328125,-1.0246734619140625
2026-09-17T07:33:13.928526,1789630393928526800,122.37052685546875,0.098236083984375,-0.03125,-0.642913818359375
2026-09-17T07:33:13.938486,1789630393938486800,122.38048681640625,0.062774658203125,-0.0740814208984375,-1.17864990234375
2026-09-17T07:33:13.948445,1789630393948445700,122.39044580078124,-0.00213623046875,-0.105560302734375,-1.1359405517578125
2026-09-17T07:33:13.958406,1789630393958406000,122.40040600585938,-0.0318145751953125,-0.0387420654296875,-1.0747222900390625
2026-09-17T07:33:13.968365,1789630393968365000,122.41036499023436,-0.1271514892578125,-0.000244140625,-0.7595062255859375
2026-09-17T07:33:13.978325,1789630393978325000,122.42032495117188,-0.0631866455078125,-0.0132904052734375,-1.1095733642578125
2026-09-17T07:33:13.988284,1789630393988284000,122.43028393554688,-0.0330657958984375,0.04119873046875,-1.077239990234375
2026-09-17T07:33:13.998243,1789630393998243800,122.44024389648438,0.011444091796875,-0.0040740966796875,-1.1976318359375
2026-09-17T07:33:14.008202,1789630394008202800,122.45020263671876,0.0377349853515625,0.045745849609375,-0.6586761474609375
2026-09-17T07:33:14.018164,1789630394018164000,122.4601640625,0.0267486572265625,-0.0059814453125,-1.1065826416015625
2026-09-17T07:33:14.028123,1789630394028123100,122.470123046875,0.018035888671875,-0.03155517578125,-1.0921478271484375
2026-09-17T07:33:14.038083,1789630394038083000,122.4800830078125,0.00439453125,-0.026580810546875,-1.042694091796875
2026-09-17T07:33:14.048042,1789630394048042000,122.4900419921875,-0.0513153076171875,-0.0154876708984375,-0.9155731201171876
2026-09-17T07:33:14.058002,1789630394058002000,122.500001953125,-0.0261077880859375,-0.0225677490234375,-0.9080963134765624
2026-09-17T07:33:14.067961,1789630394067961000,122.50996118164062,-0.0842132568359375,-0.026824951171875,-1.16802978515625
2026-09-17T07:33:14.077921,1789630394077921000,122.51992114257811,0.005157470703125,0.001678466796875,-1.0227813720703125
2026-09-17T07:33:14.087880,1789630394087880200,122.52988012695312,0.00079345703125,0.0297393798828125,-0.977386474609375
2026-09-17T07:33:14.097840,1789630394097840000,122.53984008789062,0.0417327880859375,0.030731201171875,-0.8101654052734375
2026-09-17T07:33:14.107799,1789630394107799000,122.54979907226564,-0.0069580078125,0.0131378173828125,-1.1593780517578125
2026-09-17T07:33:14.117759,1789630394117759000,122.55975903320312,-0.05035400390625,-0.00653076171875,-1.192840576171875
2026-09-17T07:33:14.127718,1789630394127718000,122.5697177734375,-0.099151611328125,0.0457763671875,-1.028564453125
2026-09-17T07:33:14.137678,1789630394137678000,122.57967797851562,-0.0250244140625,0.072357177734375,-0.62237548828125
2026-09-17T07:33:14.147637,1789630394147637200,122.58963720703125,-0.03179931640625,0.0121917724609375,-1.16363525390625
2026-09-17T07:33:14.157597,1789630394157597200,122.59959716796877,0.011932373046875,-0.008575439453125,-1.209075927734375
2026-09-17T07:33:14.167556,1789630394167556000,122.60955615234376,0.018829345703125,-0.0093994140625,-1.0026702880859375
2026-09-17T07:33:14.177516,1789630394177516000,122.61951611328124,-0.0153045654296875,0.0207977294921875,-0.672821044921875
2026-09-17T07:33:14.187475,1789630394187475000,122.62947485351565,-0.0489654541015625,-0.025482177734375,-1.1232452392578125
2026-09-17T07:33:14.197435,1789630394197435100,122.63943505859376,-0.01641845703125,-0.0218505859375,-1.1274871826171875
2026-09-17T07:33:14.207394,1789630394207394000,122.64939404296877,-0.02093505859375,0.037261962890625,-1.098785400390625
2026-09-17T07:33:14.217354,1789630394217354000,122.65935400390624,0.0119171142578125,0.0597381591796875,-0.7456512451171875
2026-09-17T07:33:14.227313,1789630394227313200,122.66931323242189,-0.00775146484375,0.0455780029296875,-0.8596038818359375
2026-09-17T07:33:14.237273,1789630394237273000,122.67927319335938,-0.05926513671875,-0.0088348388671875,-1.3340606689453125
2026-09-17T07:33:14.247232,1789630394247232000,122.68923193359376,-0.01702880859375,0.012786865234375,-1.066375732421875
2026-09-17T07:33:14.257192,1789630394257192200,122.69919213867188,-0.055145263671875,0.0728607177734375,-0.91668701171875
2026-09-17T07:33:14.267151,1789630394267151000,122.70915112304688,-0.0262451171875,0.044677734375,-0.711639404296875
2026-09-17T07:33:14.277111,1789630394277111000,122.71911108398436,-0.0237884521484375,0.010772705078125,-1.31268310546875
2026-09-17T07:33:14.287070,1789630394287070000,122.72907006835938,0.00555419921875,-0.000274658203125,-0.9871673583984376
2026-09-17T07:33:14.297030,1789630394297030000,122.73902978515623,0.0100555419921875,0.0031890869140625,-0.9988555908203124
2026-09-17T07:33:14.306989,1789630394306989000,122.74898901367187,-0.01544189453125,0.014312744140625,-0.6976318359375
2026-09-17T07:33:14.316949,1789630394316949200,122.75894921875,0.0148468017578125,-0.0200347900390625,-1.2361297607421875
2026-09-17T07:33:14.326908,1789630394326908200,122.768908203125,-0.02813720703125,0.0045623779296875,-1.1668701171875
2026-09-17T07:33:14.336868,1789630394336868000,122.7788681640625,-0.098052978515625,0.0196990966796875,-0.9041595458984376
2026-09-17T07:33:14.346827,1789630394346827000,122.78882690429688,0.0071868896484375,0.0727996826171875,-0.7964630126953125
2026-09-17T07:33:14.356787,1789630394356787000,122.79878686523438,0.1610870361328125,0.044219970703125,-1.09735107421875
2026-09-17T07:33:14.366745,1789630394366745900,122.80874584960938,-0.0059661865234375,0.0360565185546875,-1.4153900146484375
2026-09-17T07:33:14.376706,1789630394376706000,122.8187060546875,-0.210113525390625,0.056121826171875,-0.4271087646484375
2026-09-17T07:33:14.386665,1789630394386665200,122.82866528320312,-0.2841644287109375,0.03277587890625,-1.0615997314453125
2026-09-17T07:33:14.396625,1789630394396625200,122.83862524414064,0.0521240234375,0.07012939453125,-1.1530609130859375
2026-09-17T07:33:14.406584,1789630394406584000,122.848583984375,0.0767364501953125,-0.0269622802734375,-1.2249908447265625
2026-09-17T07:33:14.416544,1789630394416544000,122.8585439453125,-0.0103302001953125,-0.0206298828125,-0.693572998046875
2026-09-17T07:33:14.426503,1789630394426503000,122.8685029296875,0.141204833984375,-0.066497802734375,-1.11248779296875
2026-09-17T07:33:14.436463,1789630394436463000,122.87846313476562,-0.021942138671875,-0.0721588134765625,-0.92431640625
2026-09-17T07:33:14.446422,1789630394446422000,122.88842211914064,-0.0881500244140625,-0.03399658203125,-1.214508056640625
2026-09-17T07:33:14.456382,1789630394456382000,122.8983818359375,-0.0228271484375,0.0624847412109375,-0.850341796875
2026-09-17T07:33:14.466341,1789630394466341000,122.90834106445313,-0.0703277587890625,0.0787200927734375,-1.07568359375
2026-09-17T07:33:14.476301,1789630394476301000,122.91830102539062,-0.042083740234375,0.06890869140625,-0.8228607177734375
2026-09-17T07:33:14.486260,1789630394486260000,122.92826000976562,-0.0294952392578125,0.0359954833984375,-1.2656707763671875
2026-09-17T07:33:14.496220,1789630394496220200,122.93822021484377,0.0115509033203125,0.048828125,-1.0239715576171875
2026-09-17T07:33:14.506179,1789630394506179000,122.94817895507812,0.0494384765625,0.030548095703125,-0.83502197265625
2026-09-17T07:33:14.516139,1789630394516139000,122.95813891601564,-0.1131744384765625,-0.024932861328125,-0.9962615966796876
2026-09-17T07:33:14.526098,1789630394526098000,122.96809790039065,-0.060791015625,-0.06048583984375,-1.144927978515625
2026-09-17T07:33:14.536057,1789630394536057900,122.97805786132812,0.0636138916015625,-0.0099029541015625,-0.949310302734375
2026-09-17T07:33:14.546017,1789630394546017000,122.98801708984377,0.05035400390625,-0.0002288818359375,-0.9441986083984376
2026-09-17T07:33:14.555977,1789630394555977200,122.99797729492188,-0.028167724609375,-0.000823974609375,-1.0240325927734375
2026-09-17T07:33:14.565936,1789630394565936000,123.00793603515623,-0.07989501953125,-0.0023193359375,-0.9638671875
2026-09-17T07:33:14.575896,1789630394575896000,123.01789599609376,0.0055084228515625,0.05419921875,-1.049407958984375
2026-09-17T07:33:14.585855,1789630394585855000,123.02785498046876,0.0493621826171875,0.040283203125,-1.0729827880859375
2026-09-17T07:33:14.595815,1789630394595815000,123.03781494140624,-0.1031951904296875,-0.0033111572265625,-0.911773681640625
2026-09-17T07:33:14.605773,1789630394605773800,123.04777392578124,-0.0889434814453125,-0.00860595703125,-1.0321502685546875
2026-09-17T07:33:14.615734,1789630394615734000,123.05773413085936,0.02911376953125,0.00579833984375,-0.997802734375
2026-09-17T07:33:14.625693,1789630394625693200,123.06769311523438,0.0766448974609375,-0.004058837890625,-0.9168853759765624
2026-09-17T07:33:14.635653,1789630394635653000,123.07765307617188,-0.0156707763671875,-0.027099609375,-1.2182464599609375
2026-09-17T07:33:14.645612,1789630394645612000,123.08761206054687,0.0208282470703125,-0.00244140625,-0.8921356201171875
2026-09-17T07:33:14.655572,1789630394655572000,123.09757202148438,-0.0706024169921875,-0.0050811767578125,-0.784912109375
2026-09-17T07:33:14.665531,1789630394665531000,123.10753076171876,-0.022705078125,0.000762939453125,-1.088775634765625
2026-09-17T07:33:14.675491,1789630394675491000,123.11749096679688,0.0339813232421875,0.0027313232421875,-1.4547271728515625
2026-09-17T07:33:14.685450,1789630394685450000,123.12744995117188,-0.0484161376953125,0.0442657470703125,-0.69134521484375
2026-09-17T07:33:14.695410,1789630394695410000,123.13740991210938,-0.0237274169921875,0.0535736083984375,-0.7739410400390625
2026-09-17T07:33:14.705369,1789630394705369000,123.147369140625,-0.0081939697265625,0.0119781494140625,-1.1822662353515625
2026-09-17T07:33:14.715329,1789630394715329000,123.1573291015625,-0.0062408447265625,-0.0120391845703125,-1.24676513671875
2026-09-17T07:33:14.725288,1789630394725288000,123.16728784179688,0.0116119384765625,0.03314208984375,-0.8046417236328125
2026-09-17T07:33:14.735248,1789630394735248100,123.177248046875,0.02398681640625,0.0274505615234375,-0.9443206787109376
2026-09-17T07:33:14.745207,1789630394745207000,123.18720703125,0.00592041015625,0.0127105712890625,-0.973846435546875
2026-09-17T07:33:14.755167,1789630394755167000,123.1971669921875,-0.073455810546875,0.008880615234375,-1.1448211669921875
2026-09-17T07:33:14.765126,1789630394765126000,123.2071259765625,-0.0537261962890625,0.0213775634765625,-1.0214691162109375
2026-09-17T07:33:14.775085,1789630394775085800,123.2170859375,-0.00262451171875,0.0448760986328125,-0.9253997802734376
2026-09-17T07:33:14.785045,1789630394785045200,123.22704516601564,0.016754150390625,0.0307159423828125,-0.9426422119140624
2026-09-17T07:33:14.795005,1789630394795005200,123.23700512695312,0.0057373046875,0.01812744140625,-1.0913848876953125
2026-09-17T07:33:14.804964,1789630394804964000,123.24696411132813,-0.0020904541015625,0.0358428955078125,-1.0656890869140625
2026-09-17T07:33:14.814924,1789630394814924000,123.25692407226562,0.0060577392578125,0.0501556396484375,-0.8704071044921875
2026-09-17T07:33:14.824883,1789630394824883000,123.26688305664062,-0.0594940185546875,0.04669189453125,-1.0141143798828125
2026-09-17T07:33:14.834841,1789630394834841900,123.276841796875,-0.066436767578125,0.003326416015625,-1.048065185546875
2026-09-17T07:33:14.844802,1789630394844802000,123.28680200195312,-0.015167236328125,0.00994873046875,-1.015594482421875
2026-09-17T07:33:14.854762,1789630394854762000,123.29676196289064,-0.00469970703125,0.0288238525390625,-1.0424346923828125
2026-09-17T07:33:14.864721,1789630394864721200,123.30672119140624,0.0040740966796875,0.0255584716796875,-0.9759368896484376
2026-09-17T07:33:14.874680,1789630394874680000,123.31668017578124,-0.0025177001953125,0.0334930419921875,-0.8481292724609375
2026-09-17T07:33:14.884640,1789630394884640000,123.32663989257811,-0.0532073974609375,-0.00244140625,-1.1748046875
2026-09-17T07:33:14.894599,1789630394894599000,123.33659887695312,-0.0005950927734375,0.0146636962890625,-0.924407958984375
2026-09-17T07:33:14.904559,1789630394904559000,123.34655908203123,-0.0031280517578125,0.036865234375,-1.074920654296875
2026-09-17T07:33:14.914518,1789630394914518000,123.35651806640624,0.016387939453125,0.0490875244140625,-0.8866424560546875
2026-09-17T07:33:14.924478,1789630394924478000,123.36647802734376,-0.026580810546875,0.0306396484375,-1.0550384521484375
2026-09-17T07:33:14.934437,1789630394934437000,123.37643701171876,-0.027801513671875,0.0204010009765625,-1.044891357421875
2026-09-17T07:33:14.944397,1789630394944397000,123.38639697265624,-0.0441741943359375,0.0290679931640625,-1.037933349609375
2026-09-17T07:33:14.954356,1789630394954356000,123.39635595703125,-0.041290283203125,0.04144287109375,-0.9544677734375
2026-09-17T07:33:14.964316,1789630394964316200,123.40631616210938,-0.0026702880859375,0.0264892578125,-0.980865478515625
2026-09-17T07:33:14.974275,1789630394974275000,123.41627514648438,-0.025360107421875,0.0148773193359375,-1.098114013671875
2026-09-17T07:33:14.984235,1789630394984235000,123.42623510742187,-0.0204620361328125,0.0134124755859375,-0.9614715576171876
2026-09-17T07:33:14.994194,1789630394994194000,123.43619384765626,0.0261077880859375,0.025970458984375,-0.869903564453125
2026-09-17T07:33:15.004153,1789630395004153900,123.44615380859376,0.0391387939453125,0.016998291015625,-1.0755615234375
2026-09-17T07:33:15.014112,1789630395014112500,123.45611254882812,0.006072998046875,0.003265380859375,-1.16351318359375
2026-09-17T07:33:15.024072,1789630395024072400,123.46607250976562,-0.0494842529296875,0.0218658447265625,-0.9505615234375
2026-09-17T07:33:15.034031,1789630395034031400,123.47603125,-0.0495452880859375,0.0615386962890625,-0.9808349609375
2026-09-17T07:33:15.043991,1789630395043991600,123.48599145507812,-0.03839111328125,0.0992584228515625,-0.884857177734375
2026-09-17T07:33:15.053950,1789630395053950500,123.49595043945313,-0.1439666748046875,0.0418243408203125,-1.0137176513671875
2026-09-17T07:33:15.063910,1789630395063910400,123.50591040039062,-0.0492706298828125,0.01641845703125,-1.12432861328125
2026-09-17T07:33:15.073869,1789630395073869600,123.51586962890624,0.0712127685546875,0.0314788818359375,-1.1224365234375
2026-09-17T07:33:15.083829,1789630395083829500,123.52582958984377,0.027313232421875,0.0124359130859375,-0.7651824951171875
2026-09-17T07:33:15.093788,1789630395093788400,123.53578833007812,0.0019683837890625,-0.0240325927734375,-0.849578857421875
2026-09-17T07:33:15.103748,1789630395103748600,123.54574853515624,-0.0237274169921875,-0.0385284423828125,-1.259857177734375
2026-09-17T07:33:15.113707,1789630395113707500,123.55570751953124,-0.0784912109375,-0.0216064453125,-1.0128326416015625
2026-09-17T07:33:15.123667,1789630395123667500,123.56566748046876,-0.0288543701171875,0.0197296142578125,-0.9124908447265624
2026-09-17T07:33:15.133626,1789630395133626400,123.57562646484377,0.0382232666015625,0.0491790771484375,-1.0198974609375
2026-09-17T07:33:15.143586,1789630395143586300,123.58558642578124,0.041900634765625,0.0523834228515625,-0.997222900390625
2026-09-17T07:33:15.153545,1789630395153545500,123.59554541015623,0.0261077880859375,0.0492095947265625,-1.02532958984375
2026-09-17T07:33:15.163505,1789630395163505700,123.60550561523438,-0.009246826171875,0.0670166015625,-1.01953125
2026-09-17T07:33:15.173464,1789630395173464600,123.61546459960938,-0.024017333984375,0.074249267578125,-0.9741973876953124
2026-09-17T07:33:15.183424,1789630395183424500,123.62542456054688,-0.0228271484375,0.06097412109375,-0.9065093994140624
2026-09-17T07:33:15.193383,1789630395193383400,123.63538354492188,-0.039215087890625,0.0335540771484375,-1.0825653076171875
2026-09-17T07:33:15.203343,1789630395203343400,123.64534326171876,-0.0032196044921875,0.017486572265625,-1.16119384765625
2026-09-17T07:33:15.213302,1789630395213302300,123.65530224609375,0.0267486572265625,0.0427093505859375,-0.88543701171875
2026-09-17T07:33:15.223262,1789630395223262500,123.66526245117188,-0.014678955078125,0.025970458984375,-0.9825286865234376
2026-09-17T07:33:15.233221,1789630395233221600,123.6752216796875,-0.05511474609375,0.0242767333984375,-1.076324462890625
2026-09-17T07:33:15.243181,1789630395243181600,123.685181640625,-0.0227508544921875,0.0408172607421875,-0.97821044921875
2026-09-17T07:33:15.253140,1789630395253140500,123.69514038085936,0.0001678466796875,0.042449951171875,-1.0123443603515625
2026-09-17T07:33:15.263100,1789630395263100400,123.70510034179688,-0.0008392333984375,0.0514373779296875,-1.018585205078125
2026-09-17T07:33:15.273059,1789630395273059600,123.7150595703125,0.0131683349609375,0.0824432373046875,-0.9810638427734376
2026-09-17T07:33:15.283019,1789630395283019500,123.72501953125,-0.0088348388671875,0.096221923828125,-0.972930908203125
2026-09-17T07:33:15.292978,1789630395292978400,123.734978515625,-0.0540771484375,0.0815582275390625,-1.0907135009765625
2026-09-17T07:33:15.302938,1789630395302938400,123.7449384765625,-0.037017822265625,0.079345703125,-1.003631591796875
2026-09-17T07:33:15.312897,1789630395312897500,123.7548974609375,0.016998291015625,0.0797882080078125,-0.9766693115234376
2026-09-17T07:33:15.322857,1789630395322857500,123.764857421875,0.0457000732421875,0.0797119140625,-0.9958343505859376
2026-09-17T07:33:15.332816,1789630395332816600,123.77481665039062,0.01220703125,0.058929443359375,-0.9773101806640624
2026-09-17T07:33:15.342776,1789630395342776600,123.78477661132813,-0.0508575439453125,0.0345306396484375,-1.0485992431640625
2026-09-17T07:33:15.352735,1789630395352735500,123.79473559570312,-0.04681396484375,0.0471343994140625,-1.0216827392578125
2026-09-17T07:33:15.362695,1789630395362695400,123.8046953125,0.0087127685546875,0.0687713623046875,-0.9659423828125
2026-09-17T07:33:15.372654,1789630395372654300,123.814654296875,0.024505615234375,0.0654296875,-0.9539642333984376
2026-09-17T07:33:15.382614,1789630395382614300,123.8246142578125,0.001129150390625,0.05181884765625,-1.0477294921875
2026-09-17T07:33:15.392573,1789630395392573700,123.83457373046876,-0.0108184814453125,0.060302734375,-1.082000732421875
2026-09-17T07:33:15.402532,1789630395402532600,123.84453271484377,-0.0080718994140625,0.087890625,-0.92340087890625
2026-09-17T07:33:15.412492,1789630395412492500,123.85449243164062,-0.025848388671875,0.09222412109375,-0.9757232666015624
2026-09-17T07:33:15.422451,1789630395422451500,123.86445141601564,-0.0286712646484375,0.0836029052734375,-1.0839996337890625
2026-09-17T07:33:15.432411,1789630395432411400,123.87441137695312,-0.0142974853515625,0.0909881591796875,-1.008453369140625
2026-09-17T07:33:15.442370,1789630395442370300,123.88437036132812,-0.0058441162109375,0.086395263671875,-0.9850311279296876
2026-09-17T07:33:15.452330,1789630395452330500,123.89433056640624,0.0013275146484375,0.07098388671875,-0.9928741455078124
2026-09-17T07:33:15.462289,1789630395462289700,123.90428955078124,-0.0064239501953125,0.0557098388671875,-0.97576904296875
2026-09-17T07:33:15.472249,1789630395472249600,123.91424951171877,-0.029052734375,0.03851318359375,-1.0556640625
2026-09-17T07:33:15.482208,1789630395482208500,123.92420849609375,-0.0284423828125,0.0442047119140625,-1.0187835693359375
2026-09-17T07:33:15.492168,1789630395492168400,123.93416845703123,-0.017242431640625,0.0562744140625,-0.9588623046875
2026-09-17T07:33:15.502127,1789630395502127400,123.94412744140624,-0.0168304443359375,0.0609130859375,-0.996337890625
2026-09-17T07:33:15.512087,1789630395512087600,123.95408764648438,-0.0187530517578125,0.0656585693359375,-1.060211181640625
2026-09-17T07:33:15.522046,1789630395522046500,123.96404638671876,-0.0181121826171875,0.0788726806640625,-1.009368896484375
2026-09-17T07:33:15.532006,1789630395532006400,123.97400634765626,-0.018341064453125,0.09375,-0.9486541748046876
2026-09-17T07:33:15.541965,1789630395541965600,123.98396557617188,-0.016082763671875,0.0917205810546875,-1.02252197265625
2026-09-17T07:33:15.551925,1789630395551925500,123.99392553710938,-0.0227813720703125,0.082672119140625,-1.035186767578125
2026-09-17T07:33:15.561884,1789630395561884400,124.00388452148438,-0.03363037109375,0.071990966796875,-0.9938507080078124
2026-09-17T07:33:15.571844,1789630395571844600,124.0138447265625,-0.0319976806640625,0.0592498779296875,-1.012603759765625
2026-09-17T07:33:15.581803,1789630395581803500,124.02380346679688,-0.016693115234375,0.0484619140625,-0.9957275390625
2026-09-17T07:33:15.591763,1789630395591763500,124.03376342773436,-0.01202392578125,0.03375244140625,-0.992401123046875
2026-09-17T07:33:15.601722,1789630395601722400,124.04372241210936,-0.0201416015625,0.0194854736328125,-1.0332183837890625
2026-09-17T07:33:15.611682,1789630395611682300,124.05368237304688,-0.0179901123046875,0.0186920166015625,-0.9932708740234376
2026-09-17T07:33:15.621641,1789630395621641500,124.06364135742189,-0.009918212890625,0.0241241455078125,-0.977142333984375
2026-09-17T07:33:15.631601,1789630395631601700,124.0736015625,-0.0096435546875,0.0306549072265625,-1.0179290771484375
2026-09-17T07:33:15.641560,1789630395641560600,124.083560546875,-0.0168914794921875,0.031524658203125,-1.0209808349609375
2026-09-17T07:33:15.651520,1789630395651520500,124.0935205078125,-0.0142822265625,0.0298919677734375,-0.998779296875
2026-09-17T07:33:15.661479,1789630395661479400,124.1034794921875,-0.0084075927734375,0.0290679931640625,-0.9889068603515624
2026-09-17T07:33:15.671439,1789630395671439400,124.113439453125,-0.004974365234375,0.0227813720703125,-1.0145111083984375
2026-09-17T07:33:15.681398,1789630395681398300,124.12339819335938,-0.007781982421875,0.014495849609375,-1.0068817138671875
2026-09-17T07:33:15.691358,1789630395691358500,124.1333583984375,-0.01171875,0.011138916015625,-1.0010223388671875
2026-09-17T07:33:15.701317,1789630395701317600,124.14331762695312,-0.0071868896484375,0.01165771484375,-1.0110015869140625
2026-09-17T07:33:15.711277,1789630395711277600,124.15327758789064,-0.003448486328125,0.009857177734375,-0.9923553466796876
2026-09-17T07:33:15.721236,1789630395721236500,124.16323657226565,-0.0115509033203125,0.0016937255859375,-1.0102691650390625
2026-09-17T07:33:15.731196,1789630395731196400,124.17319653320313,-0.015533447265625,-0.001953125,-1.020263671875
2026-09-17T07:33:15.741155,1789630395741155300,124.1831552734375,-0.0102081298828125,-0.00067138671875,-0.9956817626953124
2026-09-17T07:33:15.751115,1789630395751115500,124.19311547851562,-0.0066680908203125,-0.003631591796875,-0.995819091796875
2026-09-17T07:33:15.761074,1789630395761074400,124.20307446289064,-0.00994873046875,-0.0112152099609375,-1.0114593505859375
2026-09-17T07:33:15.771033,1789630395771033600,124.21303369140624,-0.011474609375,-0.0217437744140625,-1.010009765625
2026-09-17T07:33:15.780993,1789630395780993500,124.22299365234376,-0.011138916015625,-0.02734375,-0.9985198974609376
2026-09-17T07:33:15.790952,1789630395790952400,124.23295239257811,-0.00787353515625,-0.0286712646484375,-1.0028228759765625
2026-09-17T07:33:15.800912,1789630395800912400,124.24291235351562,-0.006561279296875,-0.0262298583984375,-1.00238037109375
2026-09-17T07:33:15.810871,1789630395810871600,124.25287158203125,-0.0053558349609375,-0.023681640625,-1.0050811767578125
2026-09-17T07:33:15.820831,1789630395820831500,124.26283154296875,-0.003143310546875,-0.0226898193359375,-1.0120086669921875
2026-09-17T07:33:15.830790,1789630395830790400,124.27279028320312,-0.0037841796875,-0.0216522216796875,-0.998870849609375
2026-09-17T07:33:15.840750,1789630395840750300,124.28275024414064,-0.0066375732421875,-0.02008056640625,-0.9945068359375
2026-09-17T07:33:15.850709,1789630395850709500,124.29270947265626,-0.007293701171875,-0.02276611328125,-1.01373291015625
2026-09-17T07:33:15.860669,1789630395860669400,124.30266943359376,-0.006805419921875,-0.0222625732421875,-1.0091705322265625
2026-09-17T07:33:15.870628,1789630395870628600,124.31262866210938,-0.0041351318359375,-0.0225677490234375,-0.99835205078125
2026-09-17T07:33:15.880588,1789630395880588500,124.32258862304688,-0.0058441162109375,-0.026123046875,-1.0015411376953125
2026-09-17T07:33:15.890547,1789630395890547500,124.33254736328124,-0.00836181640625,-0.02862548828125,-1.00634765625
2026-09-17T07:33:15.900507,1789630395900507400,124.34250732421874,-0.0103607177734375,-0.028778076171875,-1.0029449462890625
2026-09-17T07:33:15.910466,1789630395910466600,124.35246655273436,-0.01043701171875,-0.0276641845703125,-1.00396728515625
2026-09-17T07:33:15.920426,1789630395920426500,124.36242651367188,-0.0100250244140625,-0.0259857177734375,-1.00274658203125
2026-09-17T07:33:15.930385,1789630395930385700,124.3723857421875,-0.0089263916015625,-0.022308349609375,-1.001800537109375
2026-09-17T07:33:15.940345,1789630395940345600,124.382345703125,-0.0125732421875,-0.0207977294921875,-1.008148193359375
2026-09-17T07:33:15.950304,1789630395950304500,124.39230444335938,-0.0118560791015625,-0.0206756591796875,-1.0064849853515625
2026-09-17T07:33:15.960264,1789630395960264400,124.40226440429689,-0.0105743408203125,-0.0187835693359375,-0.9985809326171876
2026-09-17T07:33:15.970223,1789630395970223400,124.41222338867188,-0.0113677978515625,-0.0192108154296875,-1.00384521484375
2026-09-17T07:33:15.980183,1789630395980183600,124.42218359375,-0.011260986328125,-0.0172576904296875,-1.0069427490234375
2026-09-17T07:33:15.990142,1789630395990142500,124.432142578125,-0.009674072265625,-0.01397705078125,-1.003509521484375
2026-09-17T07:33:16.000102,1789630396000102400,124.44210229492188,-0.0070953369140625,-0.009246826171875,-1.004425048828125
2026-09-17T07:33:16.010061,1789630396010061600,124.4520615234375,-0.00714111328125,-0.0085906982421875,-1.0063018798828125
2026-09-17T07:33:16.020021,1789630396020021500,124.462021484375,-0.010223388671875,-0.0108489990234375,-1.0039520263671875
2026-09-17T07:33:16.029980,1789630396029980400,124.47198046875,-0.0107269287109375,-0.0116119384765625,-1.006805419921875
2026-09-17T07:33:16.039940,1789630396039940400,124.4819404296875,-0.0084991455078125,-0.011810302734375,-1.0078125
2026-09-17T07:33:16.049899,1789630396049899300,124.49189916992188,-0.00787353515625,-0.015106201171875,-0.9996795654296876
