timestamp_utc,time_ns,seconds_elapsed,x,y,z
2026-09-17T07:24:16.262911,1789629856262911500,0.052911376953125,-0.035782765597105,0.0067074373364448,-0.0344162955880165
2026-09-17T07:24:16.272871,1789629856272871400,0.062871337890625,-0.011616175994277,-0.0012620720081031,-0.0187667626887559
2026-09-17T07:24:16.282830,1789629856282830600,0.07283056640625,-0.014258830808103,-0.0024426514282822,0.0040397490374743
2026-09-17T07:24:16.292790,1789629856292790500,0.08279052734375,-0.0364365689456462,0.0073359436355531,0.0198533330112695
2026-09-17T07:24:16.302750,1789629856302750500,0.09275048828125,-0.054294928908348,0.0222749449312686,0.0285027474164962
2026-09-17T07:24:16.312709,1789629856312709600,0.102709716796875,-0.0644599497318267,0.0144220823422074,0.0304793454706668
2026-09-17T07:24:16.322669,1789629856322669600,0.112669677734375,-0.0559018813073635,-0.0020469056908041,0.0272883456200361
2026-09-17T07:24:16.332629,1789629856332629500,0.12262939453125,-0.0329198651015758,0.0036581179592758,0.0275312270969152
2026-09-17T07:24:16.342589,1789629856342589700,0.132589599609375,-0.0069183600135147,0.0213447026908397,0.0294649470597505
2026-09-17T07:24:16.352548,1789629856352548600,0.142548583984375,-0.001447960617952,0.0279120579361915,0.0241937525570392
2026-09-17T07:24:16.362508,1789629856362508500,0.152508544921875,-0.0202746447175741,0.0213095489889383,0.0185941904783248
2026-09-17T07:24:16.372468,1789629856372468500,0.162468505859375,-0.0531391166150569,0.0078464718535542,0.0188959259539842
2026-09-17T07:24:16.382427,1789629856382427400,0.172427490234375,-0.0844741389155387,-0.0100752711296081,0.0144433882087469
2026-09-17T07:24:16.392387,1789629856392387600,0.1823876953125,-0.1008254140615463,-0.0160796344280242,0.0090148001909255
2026-09-17T07:24:16.402347,1789629856402347500,0.192347412109375,-0.1049485206604003,-0.0185811407864093,0.0023497070651501
2026-09-17T07:24:16.412307,1789629856412307500,0.202307373046875,-0.1082665547728538,-0.0333158783614635,-0.0042996737174689
2026-09-17T07:24:16.422266,1789629856422266400,0.212266357421875,-0.1099794954061508,-0.0558491498231887,-0.0188692957162857
2026-09-17T07:24:16.432226,1789629856432226300,0.222226318359375,-0.1019082516431808,-0.0615041069686412,-0.033810693770647
2026-09-17T07:24:16.442186,1789629856442186500,0.2321865234375,-0.0823217704892158,-0.0622127726674079,-0.0472372882068157
2026-09-17T07:24:16.452145,1789629856452145700,0.242145751953125,-0.0487997643649578,-0.0422342717647552,-0.0620676316320896
2026-09-17T07:24:16.462105,1789629856462105600,0.252105712890625,-0.0156796276569366,-0.024392956867814,-0.0734755471348762
2026-09-17T07:24:16.472065,1789629856472065500,0.2620654296875,0.0179180148988962,-0.0100704776123166,-0.075561337172985
2026-09-17T07:24:16.482024,1789629856482024400,0.2720244140625,0.0519758500158786,0.013047625310719,-0.0648807287216186
2026-09-17T07:24:16.491984,1789629856491984600,0.281984619140625,0.0656429231166839,0.0280465483665466,-0.0494405217468738
2026-09-17T07:24:16.501944,1789629856501944600,0.291944580078125,0.0438004769384861,0.0229734927415847,-0.0402427613735199
2026-09-17T07:24:16.511904,1789629856511904500,0.301904541015625,-0.0060794642195105,0.0034943337086588,-0.0394656509160995
2026-09-17T07:24:16.521863,1789629856521863400,0.311863525390625,-0.0551218427717685,-0.0222792066633701,-0.0367937013506889
2026-09-17T07:24:16.531823,1789629856531823600,0.32182373046875,-0.051795020699501,-0.0575716830790042,-0.0178817957639694
2026-09-17T07:24:16.541783,1789629856541783600,0.331783447265625,-0.019415508955717,-0.0994693338871002,-0.0101405186578631
2026-09-17T07:24:16.551742,1789629856551742500,0.341742431640625,0.0201433505862951,-0.0989814400672912,-0.0305810794234275
2026-09-17T07:24:16.561702,1789629856561702400,0.351702392578125,0.0479225181043148,-0.0707173123955726,-0.0523822493851184
2026-09-17T07:24:16.571662,1789629856571662300,0.361662353515625,0.0503097772598266,-0.0458971858024597,-0.0727325230836868
2026-09-17T07:24:16.581621,1789629856581621800,0.371621826171875,0.0409375801682472,-0.031338483095169,-0.0816863402724266
2026-09-17T07:24:16.591581,1789629856591581700,0.381581787109375,0.030729416757822,-0.0231228955090045,-0.0848664194345474
2026-09-17T07:24:16.601541,1789629856601541600,0.391541748046875,0.0242930892854928,-0.0146673591807484,-0.0782918781042099
2026-09-17T07:24:16.611501,1789629856611501600,0.40150146484375,0.0349454656243324,0.0198922157287597,-0.0573844648897647
2026-09-17T07:24:16.621460,1789629856621460500,0.41146044921875,0.0524504259228706,0.0501531809568405,-0.0286420304328203
2026-09-17T07:24:16.631420,1789629856631420700,0.421420654296875,0.0592974126338958,0.0501675643026828,-0.0023715449497103
2026-09-17T07:24:16.641380,1789629856641380600,0.431380615234375,0.0541758872568607,0.0263679586350917,0.0183092318475246
2026-09-17T07:24:16.651339,1789629856651339500,0.441339599609375,0.0414744727313518,-0.0113935358822345,0.0385774858295917
2026-09-17T07:24:16.661299,1789629856661299500,0.451299560546875,0.0254246667027473,-0.0430305562913417,0.0606087520718574
2026-09-17T07:24:16.671259,1789629856671259600,0.461259765625,0.0102073634043335,-0.0743535906076431,0.0686967745423317
2026-09-17T07:24:16.681218,1789629856681218600,0.471218505859375,-0.012932576239109,-0.0946476757526397,0.0492240041494369
2026-09-17T07:24:16.691178,1789629856691178500,0.481178466796875,-0.0344767495989799,-0.0795480906963348,0.0155262285843491
2026-09-17T07:24:16.701138,1789629856701138400,0.491138427734375,-0.0511515997350215,-0.0576694197952747,-0.0197702422738075
2026-09-17T07:24:16.711098,1789629856711098400,0.501098388671875,-0.0630881562829017,-0.0224123653024435,-0.0522067472338676
2026-09-17T07:24:16.721057,1789629856721057500,0.5110576171875,-0.0651121586561203,-0.0003832288784906,-0.069334864616394
2026-09-17T07:24:16.731017,1789629856731017500,0.521017578125,-0.0511811636388301,0.0029971215408295,-0.0755687952041626
2026-09-17T07:24:16.740977,1789629856740977400,0.530977294921875,-0.0278872903436422,-0.0102209458127617,-0.0656943246722221
2026-09-17T07:24:16.750936,1789629856750936600,0.5409365234375,0.0002657834847923,-0.0443560145795345,-0.0487012267112731
2026-09-17T07:24:16.760896,1789629856760896500,0.550896484375,0.0197247024625539,-0.0679031535983085,-0.0388272888958454
2026-09-17T07:24:16.770856,1789629856770856700,0.560856689453125,0.031955536454916,-0.0538395307958126,-0.0271642431616783
2026-09-17T07:24:16.780816,1789629856780816600,0.570816650390625,0.0340985804796218,-0.0175012294203043,-0.0151041178032755
2026-09-17T07:24:16.790775,1789629856790775600,0.580775634765625,0.0209436304867267,0.0118140485137701,-0.0040328246541321
2026-09-17T07:24:16.800735,1789629856800735500,0.590735595703125,-0.0054192664101719,0.0044687842018902,-0.0026133600622415
2026-09-17T07:24:16.810695,1789629856810695700,0.60069580078125,-0.0282476171851158,-0.0176817923784255,-0.0046970173716545
2026-09-17T07:24:16.820654,1789629856820654600,0.610654541015625,-0.0480042770504951,-0.0253935065120458,-0.0172002911567688
2026-09-17T07:24:16.830614,1789629856830614500,0.620614501953125,-0.0610380545258522,-0.0101812649518251,-0.0328346453607082
2026-09-17T07:24:16.840574,1789629856840574500,0.630574462890625,-0.0671558678150177,0.0093402387574315,-0.0545300878584384
2026-09-17T07:24:16.850534,1789629856850534400,0.640534423828125,-0.076757363975048,0.0003960120375268,-0.0789305046200752
2026-09-17T07:24:16.860493,1789629856860493300,0.650493408203125,-0.0818746238946914,-0.0223907921463251,-0.0962919145822525
2026-09-17T07:24:16.870453,1789629856870453500,0.66045361328125,-0.0840445682406425,-0.0370381772518157,-0.1028147935867309
2026-09-17T07:24:16.880413,1789629856880413400,0.670413330078125,-0.0795638039708137,-0.0341875329613685,-0.1046497151255607
2026-09-17T07:24:16.890372,1789629856890372600,0.68037255859375,-0.0707567259669303,-0.0167491529136896,-0.1022960096597671
2026-09-17T07:24:16.900332,1789629856900332500,0.69033251953125,-0.0680110082030296,-0.003075152169913,-0.1071687936782836
2026-09-17T07:24:16.910292,1789629856910292700,0.700292724609375,-0.0758641362190246,0.0038325551431626,-0.1110958978533744
2026-09-17T07:24:16.920251,1789629856920251600,0.710251708984375,-0.0868970826268196,-0.0031952606514096,-0.1164445877075195
2026-09-17T07:24:16.930211,1789629856930211600,0.720211669921875,-0.0880725979804992,-0.0180884562432765,-0.1201391890645027
2026-09-17T07:24:16.940171,1789629856940171500,0.730171630859375,-0.0741724967956543,-0.0130886379629373,-0.117670439183712
2026-09-17T07:24:16.950131,1789629856950131500,0.74013134765625,-0.0405642054975032,0.003581419121474,-0.0998198017477989
2026-09-17T07:24:16.960090,1789629856960090600,0.750090576171875,0.0017797905020415,0.0201801024377346,-0.0633161216974258
2026-09-17T07:24:16.970050,1789629856970050600,0.760050537109375,0.0341028422117233,0.0173755288124084,-0.0204003471881151
2026-09-17T07:24:16.980010,1789629856980010500,0.770010498046875,0.050441600382328,0.0035308189690113,0.0148175619542598
2026-09-17T07:24:16.989969,1789629856989969400,0.779969482421875,0.0513196475803852,-0.0021326593123376,0.0328109450638294
2026-09-17T07:24:16.999929,1789629856999929300,0.789929443359375,0.038827821612358,-0.0096361152827739,0.0240858942270278
2026-09-17T07:24:17.009889,1789629857009889500,0.7998896484375,0.0265756845474243,-0.0149014517664909,-0.0062967780977487
2026-09-17T07:24:17.019849,1789629857019849500,0.809849365234375,0.0193494632840156,-0.0100204097107052,-0.0441954247653484
2026-09-17T07:24:17.029808,1789629857029808600,0.81980859375,0.0063119581900537,-0.0050671966746449,-0.080168604850769
2026-09-17T07:24:17.039768,1789629857039768600,0.8297685546875,-0.0076997312717139,-0.0191835481673479,-0.1048430576920509
2026-09-17T07:24:17.049728,1789629857049728500,0.839728515625,-0.0222834683954715,-0.0600846409797668,-0.1198273375630378
2026-09-17T07:24:17.059687,1789629857059687700,0.849687744140625,-0.0296479072421789,-0.0980264320969581,-0.1179556623101234
2026-09-17T07:24:17.069647,1789629857069647600,0.859647705078125,-0.0162024050951004,-0.1079866513609886,-0.098668523132801
2026-09-17T07:24:17.079607,1789629857079607600,0.869607666015625,0.0179001707583665,-0.0874307826161384,-0.077589601278305
2026-09-17T07:24:17.089566,1789629857089566500,0.87956640625,0.0542035847902298,-0.0651446506381034,-0.0681470930576324
2026-09-17T07:24:17.099526,1789629857099526700,0.889526611328125,0.0965553000569343,-0.0367297865450382,-0.0572931170463562
2026-09-17T07:24:17.109486,1789629857109486600,0.899486572265625,0.1351642161607742,-0.0108699584379792,-0.0375258028507232
2026-09-17T07:24:17.119446,1789629857119446500,0.909446533203125,0.161743089556694,-0.0038221688009798,-0.0131837129592895
2026-09-17T07:24:17.129405,1789629857129405400,0.919405517578125,0.1818885803222656,-0.0049257827922701,0.0094741955399513
2026-09-17T07:24:17.139365,1789629857139365400,0.929365478515625,0.1954642981290817,-0.0123136574402451,0.0228531174361705
2026-09-17T07:24:17.149325,1789629857149325600,0.93932568359375,0.191702052950859,-0.0367337800562381,0.0093378415331244
2026-09-17T07:24:17.159284,1789629857159284500,0.949284423828125,0.1665490269660949,-0.0736931264400482,-0.0251772589981555
2026-09-17T07:24:17.169244,1789629857169244400,0.959244384765625,0.1264274418354034,-0.107904627919197,-0.0716523453593254
2026-09-17T07:24:17.179204,1789629857179204400,0.969204345703125,0.0802255943417549,-0.1397115588188171,-0.1298200488090515
2026-09-17T07:24:17.189163,1789629857189163500,0.97916357421875,0.0358687862753868,-0.1661668717861175,-0.1812374293804168
2026-09-17T07:24:17.199123,1789629857199123700,0.989123779296875,0.0110686300322413,-0.141620248556137,-0.211164966225624
2026-09-17T07:24:17.209083,1789629857209083600,0.999083740234375,0.0158830918371677,-0.0735900625586509,-0.2064128220081329
2026-09-17T07:24:17.219043,1789629857219043600,1.009043701171875,0.0513468123972415,-0.0044003408402204,-0.1707490980625152
2026-09-17T07:24:17.229002,1789629857229002500,1.01900244140625,0.098368115723133,0.0380994491279125,-0.1174435392022132
2026-09-17T07:24:17.238962,1789629857238962400,1.02896240234375,0.1427355855703354,0.0236318260431289,-0.0658533126115799
2026-09-17T07:24:17.248922,1789629857248922400,1.03892236328125,0.1639686971902847,-0.0488921739161014,-0.0428366810083389
2026-09-17T07:24:17.258881,1789629857258881300,1.04888134765625,0.1665466427803039,-0.1476608365774154,-0.0487283915281295
2026-09-17T07:24:17.268841,1789629857268841500,1.058841552734375,0.1550324559211731,-0.2265591025352478,-0.07260762155056
2026-09-17T07:24:17.278801,1789629857278801400,1.068801513671875,0.1429190784692764,-0.2464087158441543,-0.1057935431599617
2026-09-17T07:24:17.288761,1789629857288761300,1.07876123046875,0.1364228278398513,-0.2172492295503616,-0.13908651471138
2026-09-17T07:24:17.298720,1789629857298720300,1.08872021484375,0.1270937621593475,-0.146681323647499,-0.1626557558774948
2026-09-17T07:24:17.308680,1789629857308680200,1.09868017578125,0.1048313379287719,-0.0437416210770607,-0.1675527840852737
2026-09-17T07:24:17.318640,1789629857318640400,1.108640380859375,0.0752300396561622,0.0554715134203434,-0.1506635397672653
2026-09-17T07:24:17.328599,1789629857328599600,1.118599609375,0.0522621385753154,0.1391347199678421,-0.128619760274887
2026-09-17T07:24:17.338559,1789629857338559500,1.1285595703125,0.0402784459292888,0.1741510331630706,-0.1140786334872245
2026-09-17T07:24:17.348519,1789629857348519400,1.13851953125,0.0368935689330101,0.1758583784103393,-0.1197154819965362
2026-09-17T07:24:17.358478,1789629857358478300,1.148478271484375,0.0385122373700141,0.1498454213142395,-0.1404894739389419
2026-09-17T07:24:17.368438,1789629857368438500,1.1584384765625,0.0359731800854206,0.110446885228157,-0.1748889833688736
2026-09-17T07:24:17.378398,1789629857378398500,1.1683984375,0.0145328696817159,0.0025097629986703,-0.2251977026462555
2026-09-17T07:24:17.388358,1789629857388358400,1.1783583984375,-0.0147661631926894,-0.1577688604593277,-0.2826953530311584
2026-09-17T07:24:17.398317,1789629857398317300,1.1883173828125,-0.019119631499052,-0.2439745813608169,-0.3130135834217071
2026-09-17T07:24:17.408277,1789629857408277500,1.198277587890625,-0.0043500075116753,-0.2310300171375274,-0.3085123002529144
2026-09-17T07:24:17.418237,1789629857418237400,1.208237548828125,0.0205952897667884,-0.1441819369792938,-0.2729953229427337
2026-09-17T07:24:17.428196,1789629857428196400,1.2181962890625,0.0480902977287769,-0.0314977392554283,-0.2124155908823013
2026-09-17T07:24:17.438156,1789629857438156300,1.22815625,0.0658269524574279,0.0799291878938674,-0.1475947797298431
2026-09-17T07:24:17.448116,1789629857448116200,1.2381162109375,0.0719839110970497,0.1662520915269851,-0.0997670739889144
2026-09-17T07:24:17.458075,1789629857458075600,1.24807568359375,0.0629904195666313,0.2033251523971557,-0.0710313022136688
2026-09-17T07:24:17.468035,1789629857468035600,1.25803564453125,0.0529385805130004,0.2120739072561264,-0.0348368100821971
2026-09-17T07:24:17.477995,1789629857477995500,1.26799560546875,0.0532155521214008,0.181937038898468,0.0107107013463974
2026-09-17T07:24:17.487955,1789629857487955500,1.27795556640625,0.0689098238945007,0.1304168552160263,0.0546416752040386
2026-09-17T07:24:17.497914,1789629857497914400,1.287914306640625,0.0882028266787529,0.0515436194837093,0.0909168571233749
2026-09-17T07:24:17.507874,1789629857507874600,1.29787451171875,0.1090689599514007,-0.0093618100509047,0.1172624453902244
2026-09-17T07:24:17.517834,1789629857517834500,1.30783447265625,0.1212036535143852,-0.0242779087275266,0.123533122241497
2026-09-17T07:24:17.527793,1789629857527793400,1.31779345703125,0.1234963685274124,-0.0167558100074529,0.0916327163577079
2026-09-17T07:24:17.537753,1789629857537753300,1.32775341796875,0.1084830686450004,-0.0035689021460711,0.0376712121069431
2026-09-17T07:24:17.547713,1789629857547713500,1.337713623046875,0.0735344067215919,0.007676828186959,-0.00754553405568
2026-09-17T07:24:17.557673,1789629857557673500,1.347673583984375,0.0303914621472358,-0.0002308960683876,-0.0301081016659736
2026-09-17T07:24:17.567632,1789629857567632400,1.35763232421875,-0.0190242920070886,-0.0502133704721927,-0.0274721048772335
2026-09-17T07:24:17.577592,1789629857577592300,1.36759228515625,-0.0491861887276172,-0.0926790684461593,-0.0108638331294059
2026-09-17T07:24:17.587552,1789629857587552300,1.37755224609375,-0.0552137196063995,-0.0949286445975303,0.0010586065473034
2026-09-17T07:24:17.597511,1789629857597511200,1.38751123046875,-0.0450897142291069,-0.0659814104437828,0.0034490597900003
2026-09-17T07:24:17.607471,1789629857607471400,1.397471435546875,-0.0291949026286602,-0.0165030770003795,-0.010979413986206
2026-09-17T07:24:17.617431,1789629857617431300,1.407431396484375,-0.018451178446412,0.0170775204896926,-0.0216190088540315
2026-09-17T07:24:17.627390,1789629857627390500,1.417390380859375,-0.0222587008029222,0.010858773253858,-0.0215580221265554
2026-09-17T07:24:17.637350,1789629857637350400,1.427350341796875,-0.0367681346833705,-0.0379457846283912,-0.009908290579915
2026-09-17T07:24:17.647310,1789629857647310600,1.437310546875,-0.048589639365673,-0.0973971262574195,0.0105122961103916
2026-09-17T07:24:17.657270,1789629857657270500,1.4472705078125,-0.0570726059377193,-0.1178150475025177,0.0300199501216411
2026-09-17T07:24:17.667229,1789629857667229400,1.4572294921875,-0.0689542964100837,-0.0909307077527046,0.0434763692319393
2026-09-17T07:24:17.677189,1789629857677189400,1.467189453125,-0.076753631234169,-0.0492868572473526,0.0498602353036403
2026-09-17T07:24:17.687149,1789629857687149600,1.477149658203125,-0.0842126160860061,-0.0121216438710689,0.0526949018239975
2026-09-17T07:24:17.697108,1789629857697108500,1.4871083984375,-0.0680240616202354,0.0393884181976318,0.0667047277092933
2026-09-17T07:24:17.707068,1789629857707068400,1.497068359375,-0.0338008403778076,0.0841186046600341,0.0758292526006698
2026-09-17T07:24:17.717028,1789629857717028400,1.5070283203125,0.009883789345622,0.1025460809469223,0.078027956187725
2026-09-17T07:24:17.726988,1789629857726988300,1.51698828125,0.0478980168700218,0.0812767446041107,0.078852467238903
2026-09-17T07:24:17.736947,1789629857736947200,1.526947265625,0.0759616121649742,0.0416563674807548,0.0772135630249977
2026-09-17T07:24:17.746907,1789629857746907400,1.536907470703125,0.0805779322981834,0.0013161342358216,0.0702446028590202
2026-09-17T07:24:17.756867,1789629857756867300,1.546867431640625,0.0705844238400459,-0.0282923579216003,0.0548171773552894
2026-09-17T07:24:17.766826,1789629857766826500,1.556826416015625,0.0490732714533805,-0.0343294776976108,0.0377899892628192
2026-09-17T07:24:17.776786,1789629857776786400,1.566786376953125,0.0183981824666261,-0.0165496822446584,0.0183353312313556
2026-09-17T07:24:17.786746,1789629857786746600,1.57674658203125,-0.0288066137582063,0.0082275699824094,0.0089953588321805
2026-09-17T07:24:17.796705,1789629857796705500,1.58670556640625,-0.0822424069046974,0.015084677375853,0.0136186070740222
2026-09-17T07:24:17.806665,1789629857806665500,1.59666552734375,-0.1295095235109329,-0.0011683288030326,0.0349340140819549
2026-09-17T07:24:17.816625,1789629857816625400,1.60662548828125,-0.1641785502433776,-0.0305139664560556,0.0657182931900024
2026-09-17T07:24:17.826585,1789629857826585300,1.61658544921875,-0.1773260533809662,-0.0454854592680931,0.0963015034794807
2026-09-17T07:24:17.836544,1789629857836544500,1.62654443359375,-0.1695011407136917,-0.0302899945527315,0.1183242499828338
2026-09-17T07:24:17.846504,1789629857846504400,1.63650439453125,-0.1439353376626968,-0.0093199983239173,0.1260713785886764
2026-09-17T07:24:17.856464,1789629857856464400,1.64646435546875,-0.1120122894644737,0.0049100699834525,0.1148229911923408
2026-09-17T07:24:17.866423,1789629857866423300,1.65642333984375,-0.0814746171236038,-0.0001587244041729,0.0914787873625755
2026-09-17T07:24:17.876383,1789629857876383200,1.66638330078125,-0.0441861040890216,-0.0010700580896809,0.0736321434378624
2026-09-17T07:24:17.886343,1789629857886343400,1.676343505859375,-0.0021414477378129,0.026476614177227,0.0580356046557426
2026-09-17T07:24:17.896302,1789629857896302300,1.68630224609375,0.0231615118682384,0.0377385914325714,0.0452966429293155
2026-09-17T07:24:17.906262,1789629857906262300,1.69626220703125,0.0087119983509182,0.001055943313986,0.02633972838521
2026-09-17T07:24:17.916222,1789629857916222200,1.70622216796875,-0.0458958521485328,-0.0680853128433227,0.0123994117602705
2026-09-17T07:24:17.926182,1789629857926182400,1.716182373046875,-0.1256034672260284,-0.1519301384687423,0.0015331818722188
2026-09-17T07:24:17.936141,1789629857936141600,1.7261416015625,-0.2122097313404083,-0.2168383002281189,-0.0024802018888294
2026-09-17T07:24:17.946101,1789629857946101500,1.7361015625,-0.2812311351299286,-0.2138347923755645,-0.0019206717843189
2026-09-17T07:24:17.956061,1789629857956061400,1.7460615234375,-0.3195958435535431,-0.1511389166116714,0.0050213900394737
2026-09-17T07:24:17.966020,1789629857966020400,1.756020263671875,-0.3339729011058807,-0.0682999640703201,0.0068632322363555
2026-09-17T07:24:17.975980,1789629857975980500,1.76598046875,-0.325840950012207,0.0081085264682769,0.0143243446946144
2026-09-17T07:24:17.985940,1789629857985940500,1.7759404296875,-0.3092779517173767,0.0421977862715721,0.0330130755901336
2026-09-17T07:24:17.995900,1789629857995900400,1.785900390625,-0.2982191741466522,0.0426622442901134,0.0635851025581359
2026-09-17T07:24:18.005859,1789629858005859300,1.795859375,-0.2950873076915741,0.0332218706607818,0.1024094596505165
2026-09-17T07:24:18.015819,1789629858015819300,1.8058193359375,-0.291626513004303,0.0227111708372831,0.1447452008724212
2026-09-17T07:24:18.025779,1789629858025779500,1.815779541015625,-0.2678897678852081,0.0132801188156008,0.175699383020401
2026-09-17T07:24:18.035738,1789629858035738400,1.82573828125,-0.2153698354959488,0.0222845319658517,0.1891579329967498
2026-09-17T07:24:18.045698,1789629858045698300,1.8356982421875,-0.1386031508445739,0.0507883466780185,0.1860894411802292
2026-09-17T07:24:18.055658,1789629858055658200,1.845658203125,-0.0563239939510822,0.0665254965424537,0.1753600984811782
2026-09-17T07:24:18.065617,1789629858065617400,1.855617431640625,0.0122047346085309,0.0658956617116928,0.1727411448955536
2026-09-17T07:24:18.075577,1789629858075577600,1.86557763671875,0.0504645071923732,0.0419362634420394,0.1747318655252456
2026-09-17T07:24:18.085537,1789629858085537500,1.87553759765625,0.0646911114454269,0.0122401546686887,0.1801473945379257
2026-09-17T07:24:18.095497,1789629858095497500,1.88549755859375,0.0643779262900352,0.0063167517073452,0.1927888989448547
2026-09-17T07:24:18.105456,1789629858105456400,1.895456298828125,0.0527708046138286,0.0555530078709125,0.2030761539936065
2026-09-17T07:24:18.115416,1789629858115416600,1.90541650390625,0.0464188978075981,0.1366350799798965,0.218096911907196
2026-09-17T07:24:18.125376,1789629858125376500,1.91537646484375,0.0433240383863449,0.2095859795808792,0.229901373386383
2026-09-17T07:24:18.135335,1789629858135335400,1.92533544921875,0.0381907932460308,0.2433801591396331,0.242673635482788
2026-09-17T07:24:18.145295,1789629858145295400,1.93529541015625,0.0296407155692577,0.2157578617334365,0.2481690645217895
2026-09-17T07:24:18.155255,1789629858155255300,1.94525537109375,0.0120721086859703,0.1273014992475509,0.2455993741750717
2026-09-17T07:24:18.165214,1789629858165214200,1.955214111328125,-0.0102057661861181,0.0162551365792751,0.2294198721647262
2026-09-17T07:24:18.175174,1789629858175174400,1.96517431640625,-0.0318367592990398,-0.0666868835687637,0.2082637250423431
2026-09-17T07:24:18.185134,1789629858185134300,1.97513427734375,-0.049696184694767,-0.103237435221672,0.183556780219078
2026-09-17T07:24:18.195094,1789629858195094300,1.98509423828125,-0.0622023865580558,-0.1062390878796577,0.1496656537055969
2026-09-17T07:24:18.205053,1789629858205053400,1.995053466796875,-0.0614348649978637,-0.0752145946025848,0.1083536371588707
2026-09-17T07:24:18.215014,1789629858215014000,2.005013916015625,-0.0496272072196006,-0.0078624505549669,0.0764428451657295
2026-09-17T07:24:18.224973,1789629858224973800,2.014973876953125,-0.028406873345375,0.0837510898709297,0.0685164779424667
2026-09-17T07:24:18.234933,1789629858234933200,2.024933349609375,0.0018935075495392,0.151149570941925,0.0800620764493942
2026-09-17T07:24:18.244893,1789629858244893200,2.03489306640625,0.0197385512292385,0.1518233567476272,0.1012738868594169
2026-09-17T07:24:18.254853,1789629858254853000,2.04485302734375,0.0214624144136905,0.073488600552082,0.1154972985386848
2026-09-17T07:24:18.264812,1789629858264812000,2.05481201171875,0.0145840030163526,-0.0439983494579792,0.1188238561153411
2026-09-17T07:24:18.274772,1789629858274772000,2.06477197265625,-0.010735735297203,-0.1671389192342758,0.1082468479871749
2026-09-17T07:24:18.284732,1789629858284732200,2.074732177734375,-0.0502389371395111,-0.2616856694221496,0.0862581878900528
2026-09-17T07:24:18.294692,1789629858294692000,2.084692138671875,-0.0913637354969978,-0.290792167186737,0.0640002861618995
2026-09-17T07:24:18.304651,1789629858304651000,2.094651123046875,-0.110552079975605,-0.2534218728542328,0.0426665022969245
2026-09-17T07:24:18.314611,1789629858314611000,2.10461083984375,-0.10297591984272,-0.1457164585590362,0.0210821162909269
2026-09-17T07:24:18.324571,1789629858324571100,2.114571044921875,-0.0828360244631767,-0.0046735815703868,0.0027598338201642
2026-09-17T07:24:18.334530,1789629858334530000,2.124530029296875,-0.0614377930760383,0.1274586170911789,-0.0139967752620577
2026-09-17T07:24:18.344490,1789629858344490000,2.134489990234375,-0.0436220467090606,0.2160766422748565,-0.0274742357432842
2026-09-17T07:24:18.354450,1789629858354450000,2.144449951171875,-0.0345963276922702,0.2161994129419326,-0.034794732928276
2026-09-17T07:24:18.364409,1789629858364409900,2.154409912109375,-0.0242198519408702,0.1425430327653885,-0.0213239304721355
2026-09-17T07:24:18.374369,1789629858374369000,2.164369140625,-0.0078560588881373,0.0495124235749244,0.0128833083435893
2026-09-17T07:24:18.384329,1789629858384329000,2.174328857421875,0.0100616887211799,-0.0547905452549457,0.0457861311733722
2026-09-17T07:24:18.394289,1789629858394289000,2.184288818359375,0.0357255078852176,-0.112249843776226,0.0558835044503212
2026-09-17T07:24:18.404248,1789629858404248000,2.194248046875,0.0700717642903328,-0.1032390370965004,0.0384184941649436
2026-09-17T07:24:18.414208,1789629858414208000,2.2042080078125,0.097892478108406,-0.0591938160359859,-0.0022602248936891
2026-09-17T07:24:18.424168,1789629858424168200,2.214168212890625,0.11216701567173,0.0015331818722188,-0.0535758771002292
2026-09-17T07:24:18.434127,1789629858434127000,2.224127197265625,0.1171567142009735,0.0439080707728862,-0.0954668670892715
2026-09-17T07:24:18.444087,1789629858444087000,2.234087158203125,0.1030872389674186,0.054818507283926,-0.1152094155550003
2026-09-17T07:24:18.454047,1789629858454047000,2.244046875,0.0723330527544021,0.0441863685846328,-0.108710765838623
2026-09-17T07:24:18.464006,1789629858464006000,2.254005859375,0.0429847501218318,0.0391713716089725,-0.0841636136174202
2026-09-17T07:24:18.473966,1789629858473966000,2.263966064453125,0.0256552956998348,0.0286209918558597,-0.055558867752552
2026-09-17T07:24:18.483926,1789629858483926000,2.273926025390625,0.0255029629915952,0.0241367612034082,-0.039608396589756
2026-09-17T07:24:18.493886,1789629858493886000,2.283885986328125,0.0385737568140029,0.0455222092568874,-0.0345057807862758
2026-09-17T07:24:18.503844,1789629858503844900,2.293844970703125,0.0575818046927452,0.0765906497836113,-0.0469352826476097
2026-09-17T07:24:18.513805,1789629858513805000,2.30380517578125,0.0727365240454673,0.0944668501615524,-0.0765829235315322
2026-09-17T07:24:18.523765,1789629858523765000,2.313764892578125,0.0808892548084259,0.0896654352545738,-0.1088934615254402
2026-09-17T07:24:18.533724,1789629858533724200,2.32372412109375,0.0785970762372016,0.0685668066143989,-0.1283603757619857
2026-09-17T07:24:18.543684,1789629858543684000,2.33368408203125,0.0683998316526413,0.0309286210685968,-0.1274932473897934
2026-09-17T07:24:18.553644,1789629858553644000,2.34364404296875,0.058358646929264,0.0103599624708294,-0.1149201914668083
2026-09-17T07:24:18.563603,1789629858563603000,2.35360302734375,0.0476149246096611,0.0004892227007076,-0.1082385927438736
2026-09-17T07:24:18.573563,1789629858573563100,2.363563232421875,0.0342013798654079,-0.009705358184874,-0.1230164691805839
2026-09-17T07:24:18.583523,1789629858583523000,2.373523193359375,0.021982530131936,-0.0156982690095901,-0.1537634581327438
2026-09-17T07:24:18.593483,1789629858593483000,2.38348291015625,0.014387727715075,-0.0284601375460624,-0.1889345049858093
2026-09-17T07:24:18.603442,1789629858603442000,2.39344189453125,0.0080304956063628,-0.0545729622244834,-0.2197845578193664
2026-09-17T07:24:18.613402,1789629858613402000,2.403402099609375,0.0030197582673281,-0.106180228292942,-0.2449327856302261
2026-09-17T07:24:18.623362,1789629858623362000,2.413362060546875,-0.0028557076584547,-0.1590945720672607,-0.2539289593696594
2026-09-17T07:24:18.633321,1789629858633321000,2.423321044921875,0.0015486282063648,-0.1825077533721923,-0.2422232925891876
2026-09-17T07:24:18.643281,1789629858643281000,2.433281005859375,0.0203018095344305,-0.1624959707260131,-0.2214919030666351
2026-09-17T07:24:18.653240,1789629858653240800,2.44324072265625,0.0543780215084552,-0.1148695945739746,-0.2002896815538406
2026-09-17T07:24:18.663201,1789629858663201000,2.453200927734375,0.0943922847509384,-0.0637163966894149,-0.1795154362916946
2026-09-17T07:24:18.673160,1789629858673160200,2.46316015625,0.1124280095100402,-0.0393625870347023,-0.1808129251003265
2026-09-17T07:24:18.683120,1789629858683120000,2.4731201171875,0.1026869639754295,-0.0446220636367797,-0.1959165036678314
2026-09-17T07:24:18.693080,1789629858693080000,2.483080078125,0.0718789845705032,-0.0614705495536327,-0.2263130247592926
2026-09-17T07:24:18.703039,1789629858703039000,2.4930390625,0.0334671474993228,-0.0929184854030609,-0.2605460882186889
2026-09-17T07:24:18.712999,1789629858712999200,2.502999267578125,-0.0021124193444848,-0.1547123491764068,-0.2880499064922333
2026-09-17T07:24:18.722959,1789629858722959000,2.512958984375,-0.0132348453626036,-0.2050817757844925,-0.2961560189723968
2026-09-17T07:24:18.732918,1789629858732918000,2.52291796875,0.0077370153740048,-0.207341730594635,-0.2809038460254669
2026-09-17T07:24:18.742878,1789629858742878000,2.5328779296875,0.0508980676531791,-0.1966081261634826,-0.2524127960205078
2026-09-17T07:24:18.752838,1789629858752838100,2.542838134765625,0.1016741618514061,-0.1785636246204376,-0.2225718200206756
2026-09-17T07:24:18.762798,1789629858762798000,2.552798095703125,0.1340427547693252,-0.1673953831195831,-0.2046737819910049
2026-09-17T07:24:18.772757,1789629858772757000,2.562757080078125,0.1538670659065246,-0.1446895450353622,-0.1994289457798004
2026-09-17T07:24:18.782717,1789629858782717000,2.572717041015625,0.1661042869091034,-0.105479821562767,-0.2072434723377227
2026-09-17T07:24:18.792676,1789629858792676900,2.5826767578125,0.1719589829444885,-0.0787744373083114,-0.2285945564508438
2026-09-17T07:24:18.802636,1789629858802636000,2.592635986328125,0.1529802232980728,-0.0955699309706687,-0.2667347490787506
2026-09-17T07:24:18.812596,1789629858812596000,2.602595947265625,0.1257691085338592,-0.1587012261152267,-0.3073002994060516
2026-09-17T07:24:18.822556,1789629858822556000,2.612555908203125,0.1071181967854499,-0.2228924632072448,-0.3373660445213318
2026-09-17T07:24:18.832515,1789629858832515000,2.62251513671875,0.114840567111969,-0.2373827248811721,-0.3519292771816253
2026-09-17T07:24:18.842475,1789629858842475000,2.63247509765625,0.134464606642723,-0.2378716766834259,-0.3667673468589782
2026-09-17T07:24:18.852435,1789629858852435200,2.642435302734375,0.1482491195201873,-0.2473655790090561,-0.3841340839862823
2026-09-17T07:24:18.862394,1789629858862394000,2.65239404296875,0.1457356363534927,-0.2646977007389068,-0.4039738476276397
2026-09-17T07:24:18.872354,1789629858872354000,2.66235400390625,0.1273851245641708,-0.2762925624847412,-0.4217485785484314
2026-09-17T07:24:18.882314,1789629858882314000,2.67231396484375,0.1075387075543403,-0.2732070386409759,-0.4350268244743347
2026-09-17T07:24:18.892274,1789629858892274200,2.682274169921875,0.0923608243465423,-0.2419497817754745,-0.4484752714633941
2026-09-17T07:24:18.902233,1789629858902233000,2.692233154296875,0.0904721096158027,-0.1607838273048401,-0.4533083736896515
2026-09-17T07:24:18.912193,1789629858912193000,2.702193115234375,0.0985729098320007,-0.0530914478003978,-0.4635335803031921
2026-09-17T07:24:18.922153,1789629858922153000,2.712153076171875,0.1075717359781265,0.0602721273899078,-0.4807245433330536
2026-09-17T07:24:18.932112,1789629858932112000,2.72211181640625,0.1145108640193939,0.1403089016675949,-0.5022090673446655
2026-09-17T07:24:18.942072,1789629858942072000,2.732072021484375,0.1068369671702385,0.1582943052053451,-0.5214195251464844
2026-09-17T07:24:18.952032,1789629858952032000,2.742031982421875,0.0817372053861618,0.1186922937631607,-0.5412001609802246
2026-09-17T07:24:18.961992,1789629858961992000,2.751991943359375,0.0447123423218727,0.0366046167910099,-0.5553827881813049
2026-09-17T07:24:18.971951,1789629858971951000,2.761951171875,-0.0035705000627785,-0.0757823809981346,-0.5624399185180664
2026-09-17T07:24:18.981911,1789629858981911000,2.7719111328125,-0.0644596815109252,-0.1972678005695343,-0.562017023563385
2026-09-17T07:24:18.991871,1789629858991871200,2.781871337890625,-0.1284336000680923,-0.2893527150154114,-0.5589607357978821
2026-09-17T07:24:19.001830,1789629859001830100,2.791830078125,-0.1657463610172271,-0.2935362756252289,-0.5522623658180237
2026-09-17T07:24:19.011790,1789629859011790000,2.8017900390625,-0.1590442508459091,-0.2126462161540985,-0.5490292906761169
2026-09-17T07:24:19.021750,1789629859021750000,2.81175,-0.0979974046349525,-0.0786162465810775,-0.5462369918823242
2026-09-17T07:24:19.031709,1789629859031709000,2.821708984375,-0.009452624246478,0.06524558365345,-0.5392991900444031
2026-09-17T07:24:19.041669,1789629859041669000,2.831669189453125,0.0776745527982711,0.1514204144477844,-0.5208200216293335
2026-09-17T07:24:19.051629,1789629859051629000,2.841629150390625,0.1431981772184372,0.1829937845468521,-0.4952544867992401
2026-09-17T07:24:19.061589,1789629859061589000,2.851589111328125,0.1849256455898285,0.167460635304451,-0.4774975776672363
2026-09-17T07:24:19.071548,1789629859071548000,2.8615478515625,0.1979836523532867,0.1577163934707641,-0.4748522639274597
2026-09-17T07:24:19.081507,1789629859081507800,2.8715078125,0.1922890245914459,0.1405259519815445,-0.4796326458454132
2026-09-17T07:24:19.091468,1789629859091468000,2.881468017578125,0.1697821170091629,0.1199061647057533,-0.4875201284885406
2026-09-17T07:24:19.101427,1789629859101427200,2.89142724609375,0.1367615759372711,0.0973814129829406,-0.4841935634613037
2026-09-17T07:24:19.111387,1789629859111387100,2.90138720703125,0.0944415479898452,0.0659510567784309,-0.4777282178401947
2026-09-17T07:24:19.121347,1789629859121347000,2.91134716796875,0.0429898127913475,0.024337563663721,-0.4708945453166961
2026-09-17T07:24:19.131306,1789629859131306000,2.921305908203125,-0.0157517995685338,-0.0232962686568498,-0.4683267176151275
2026-09-17T07:24:19.141266,1789629859141266200,2.93126611328125,-0.0707402154803276,-0.0869711190462112,-0.4722388982772827
2026-09-17T07:24:19.151226,1789629859151226000,2.94122607421875,-0.1198603585362434,-0.1318983733654022,-0.4891089797019958
2026-09-17T07:24:19.161186,1789629859161186000,2.95118603515625,-0.1666294634342193,-0.1473774760961532,-0.524070680141449
2026-09-17T07:24:19.171145,1789629859171145000,2.96114501953125,-0.2153597176074981,-0.1583949625492096,-0.5786399245262146
2026-09-17T07:24:19.181105,1789629859181105200,2.971105224609375,-0.2661161124706268,-0.1571065336465835,-0.6465404033660889
2026-09-17T07:24:19.191065,1789629859191065000,2.981065185546875,-0.3199481666088104,-0.1718103736639022,-0.7104511857032776
2026-09-17T07:24:19.201024,1789629859201024000,2.99102392578125,-0.3526943922042846,-0.2032511234283447,-0.7457711100578308
2026-09-17T07:24:19.210984,1789629859210984000,3.00098388671875,-0.334061324596405,-0.1945726722478866,-0.729607880115509
2026-09-17T07:24:19.220944,1789629859220944100,3.010944091796875,-0.2591452896595001,-0.1413877606391906,-0.672453761100769
2026-09-17T07:24:19.230903,1789629859230903000,3.020903076171875,-0.1368143111467361,-0.0581389367580413,-0.6033859848976135
2026-09-17T07:24:19.240863,1789629859240863000,3.030863037109375,0.0022583606187254,-0.0053079463541507,-0.5540168881416321
2026-09-17T07:24:19.250823,1789629859250823000,3.040822998046875,0.1150434985756874,-0.0141805335879325,-0.5395492315292358
2026-09-17T07:24:19.260783,1789629859260783000,3.050783203125,0.1762248277664184,-0.0645427703857421,-0.5633293986320496
2026-09-17T07:24:19.270742,1789629859270742300,3.0607421875,0.1692561358213424,-0.1251225024461746,-0.6081341505050659
2026-09-17T07:24:19.280702,1789629859280702200,3.0707021484375,0.1061876863241195,-0.1742050945758819,-0.6606391668319702
2026-09-17T07:24:19.290662,1789629859290662100,3.080662109375,0.0131277861073613,-0.1812933534383773,-0.7058814764022827
2026-09-17T07:24:19.300621,1789629859300621000,3.09062109375,-0.0841367170214653,-0.1428785920143127,-0.7361858487129211
2026-09-17T07:24:19.310581,1789629859310581000,3.1005810546875,-0.1592714190483093,-0.0923863872885704,-0.7600818872451782
2026-09-17T07:24:19.320541,1789629859320541200,3.110541259765625,-0.1985048353672027,-0.0360975489020347,-0.7843919992446899
2026-09-17T07:24:19.330501,1789629859330501000,3.120501220703125,-0.1981389224529266,0.0261301379650831,-0.7938406467437744
2026-09-17T07:24:19.340460,1789629859340460000,3.1304599609375,-0.1710319370031356,0.0705529972910881,-0.7975192666053772
2026-09-17T07:24:19.350420,1789629859350420000,3.140419921875,-0.124650053679943,0.0774130299687385,-0.7949045896530151
2026-09-17T07:24:19.360380,1789629859360380200,3.150380126953125,-0.0707841590046882,0.0504692979156971,-0.7841200828552246
2026-09-17T07:24:19.370339,1789629859370339000,3.160339111328125,-0.0171611439436674,0.0116758309304714,-0.7730032801628113
2026-09-17T07:24:19.380299,1789629859380299000,3.170299072265625,0.0224752146750688,-0.0217806622385978,-0.7600195407867432
2026-09-17T07:24:19.390259,1789629859390259000,3.180259033203125,0.0454329960048198,-0.0541415326297283,-0.7576141953468323
2026-09-17T07:24:19.400218,1789629859400218000,3.190218017578125,0.0599757172167301,-0.0603855811059474,-0.7752019762992859
2026-09-17T07:24:19.410178,1789629859410178300,3.20017822265625,0.0592436157166957,-0.0302420575171709,-0.8072760105133057
2026-09-17T07:24:19.420138,1789629859420138200,3.21013818359375,0.0368890427052974,-0.0181534383445978,-0.8407703638076782
2026-09-17T07:24:19.430098,1789629859430098200,3.22009814453125,-0.0100337257608771,-0.0449869148433208,-0.8724126815795898
2026-09-17T07:24:19.440057,1789629859440057000,3.23005712890625,-0.0676200538873672,-0.1306608021259308,-0.8969952464103699
2026-09-17T07:24:19.450017,1789629859450017000,3.24001708984375,-0.1000930443406105,-0.2168766558170318,-0.8949376940727234
2026-09-17T07:24:19.459977,1789629859459977200,3.249977294921875,-0.0826663821935653,-0.2444432973861694,-0.869041919708252
2026-09-17T07:24:19.469936,1789629859469936000,3.25993603515625,-0.0157241020351648,-0.1968627274036407,-0.8416483998298645
2026-09-17T07:24:19.479896,1789629859479896000,3.26989599609375,0.082590751349926,-0.1106109321117401,-0.8189398646354675
2026-09-17T07:24:19.489856,1789629859489856000,3.27985595703125,0.1816430240869522,-0.0523644052445888,-0.8062731027603149
2026-09-17T07:24:19.499816,1789629859499816200,3.289816162109375,0.2576184868812561,-0.0131120737642049,-0.7985315322875977
2026-09-17T07:24:19.509775,1789629859509775000,3.299775146484375,0.2984080016613006,-0.0031265511643141,-0.7979704141616821
2026-09-17T07:24:19.519735,1789629859519735000,3.309735107421875,0.3057655096054077,-0.0027369307354092,-0.808372974395752
2026-09-17T07:24:19.529695,1789629859529695000,3.319695068359375,0.2900294363498688,0.0034365430474281,-0.8269679546356201
2026-09-17T07:24:19.539654,1789629859539654100,3.329654052734375,0.2745306193828583,0.0445703975856304,-0.8403101563453674
2026-09-17T07:24:19.549614,1789629859549614000,3.339614013671875,0.2642465531826019,0.0990379005670547,-0.8526458740234375
2026-09-17T07:24:19.559574,1789629859559574000,3.349573974609375,0.2599309086799621,0.13041552901268,-0.8642394542694092
2026-09-17T07:24:19.569533,1789629859569533200,3.359533203125,0.2583410143852234,0.1105752438306808,-0.8729966878890991
2026-09-17T07:24:19.579493,1789629859579493000,3.3694931640625,0.2354791015386581,0.0212797224521636,-0.8896875381469727
2026-09-17T07:24:19.589453,1789629859589453000,3.379453125,0.1865248680114746,-0.101254716515541,-0.904146671295166
2026-09-17T07:24:19.599413,1789629859599413200,3.389413330078125,0.1204278767108917,-0.2132946997880935,-0.9094114303588868
2026-09-17T07:24:19.609372,1789629859609372200,3.3993720703125,0.0511931478977203,-0.2733686864376068,-0.9190270304679872
2026-09-17T07:24:19.619332,1789629859619332000,3.40933203125,-0.0156330224126577,-0.2751641869544983,-0.9476792216300964
2026-09-17T07:24:19.629292,1789629859629292000,3.4192919921875,-0.0696808099746704,-0.2322470843791961,-0.9847149848937988
2026-09-17T07:24:19.639251,1789629859639251000,3.4292509765625,-0.1058787629008293,-0.1539514809846878,-1.0187089443206787
2026-09-17T07:24:19.649211,1789629859649211100,3.439211181640625,-0.1246159672737121,-0.0243817716836929,-1.03799307346344
2026-09-17T07:24:19.659171,1789629859659171000,3.449171142578125,-0.123109683394432,0.1105456873774528,-1.032871127128601
2026-09-17T07:24:19.669131,1789629859669131000,3.459131103515625,-0.0985870286822319,0.2363531440496444,-1.0072365999221802
2026-09-17T07:24:19.679090,1789629859679090000,3.46908984375,-0.0531891845166683,0.3343084752559662,-0.9599753022193908
2026-09-17T07:24:19.689049,1789629859689049900,3.4790498046875,0.0221343301236629,0.3760221004486084,-0.8911967873573303
2026-09-17T07:24:19.699010,1789629859699010000,3.489010009765625,0.1297188401222229,0.3664951622486114,-0.8112058043479919
2026-09-17T07:24:19.708969,1789629859708969200,3.49896923828125,0.2661336660385132,0.3283139765262604,-0.7256669402122498
2026-09-17T07:24:19.718929,1789629859718929200,3.50892919921875,0.3965590596199035,0.2612577080726623,-0.6473193764686584
2026-09-17T07:24:19.728889,1789629859728889000,3.51888916015625,0.5072826743125916,0.1682755649089813,-0.5881897211074829
2026-09-17T07:24:19.738848,1789629859738848000,3.528847900390625,0.5833331942558289,0.056460078805685,-0.5374298691749573
2026-09-17T07:24:19.748808,1789629859748808200,3.53880810546875,0.6201266646385193,-0.0449006296694278,-0.5092171430587769
2026-09-17T07:24:19.758768,1789629859758768000,3.54876806640625,0.6025457978248596,-0.1199612915515899,-0.5252760052680969
2026-09-17T07:24:19.768728,1789629859768728000,3.55872802734375,0.539909303188324,-0.1625332534313202,-0.5918363928794861
2026-09-17T07:24:19.778687,1789629859778687000,3.56868701171875,0.445195585489273,-0.1822630167007446,-0.687921941280365
2026-09-17T07:24:19.788647,1789629859788647200,3.578647216796875,0.3308514356613159,-0.1763369441032409,-0.7957991361618042
2026-09-17T07:24:19.798607,1789629859798607000,3.588607177734375,0.2037754952907562,-0.150984987616539,-0.901466190814972
2026-09-17T07:24:19.808566,1789629859808566000,3.59856591796875,0.0692557692527771,-0.1407587081193924,-0.9801218509674072
2026-09-17T07:24:19.818526,1789629859818526000,3.60852587890625,-0.0510892830789089,-0.1549139469861984,-1.0156893730163574
2026-09-17T07:24:19.828486,1789629859828486000,3.61848583984375,-0.1563515216112136,-0.2001370936632156,-1.0124430656433103
2026-09-17T07:24:19.838446,1789629859838446000,3.628446044921875,-0.2304670363664627,-0.2516378164291382,-0.9851738810539246
2026-09-17T07:24:19.848405,1789629859848405200,3.6384052734375,-0.261210024356842,-0.271329253911972,-0.936964511871338
2026-09-17T07:24:19.858365,1789629859858365200,3.648365234375,-0.2534490525722503,-0.2511392831802368,-0.8835854530334473
2026-09-17T07:24:19.868325,1789629859868325000,3.6583251953125,-0.2116531282663345,-0.218903049826622,-0.8314394354820251
2026-09-17T07:24:19.878284,1789629859878284000,3.668283935546875,-0.1584413051605224,-0.1712551116943359,-0.7910163402557373
2026-09-17T07:24:19.888244,1789629859888244200,3.678244140625,-0.1085342019796371,-0.1302067339420318,-0.7613921761512756
2026-09-17T07:24:19.898204,1789629859898204200,3.6882041015625,-0.0689460411667823,-0.1075323224067688,-0.7380042672157288
2026-09-17T07:24:19.908163,1789629859908163000,3.6981630859375,-0.0300875939428806,-0.1028944253921508,-0.7228948473930359
2026-09-17T07:24:19.918123,1789629859918123000,3.708123046875,0.0107858022674918,-0.0905527994036674,-0.7075625061988831
2026-09-17T07:24:19.928083,1789629859928083200,3.718083251953125,0.055897619575262,-0.0907666534185409,-0.6996680498123169
2026-09-17T07:24:19.938043,1789629859938043100,3.728043212890625,0.0859463363885879,-0.1335261017084121,-0.7063677906990051
2026-09-17T07:24:19.948002,1789629859948002000,3.738001953125,0.0912106037139892,-0.2087441533803939,-0.7375193238258362
2026-09-17T07:24:19.957962,1789629859957962000,3.7479619140625,0.0657057762145996,-0.2896382212638855,-0.777948260307312
2026-09-17T07:24:19.967922,1789629859967922000,3.757921875,0.0064786719158291,-0.3786559700965881,-0.8310458064079285
2026-09-17T07:24:19.977881,1789629859977881000,3.767881103515625,-0.0711631253361702,-0.4265776872634887,-0.8780945539474487
2026-09-17T07:24:19.987841,1789629859987841000,3.777841064453125,-0.1433683484792709,-0.4057781398296356,-0.904222011566162
2026-09-17T07:24:19.997801,1789629859997801000,3.787801025390625,-0.2021701484918594,-0.3321483731269836,-0.912970781326294
2026-09-17T07:24:20.007760,1789629860007760100,3.797760009765625,-0.2443306446075439,-0.2360950857400894,-0.9218156337738036
2026-09-17T07:24:20.017720,1789629860017720000,3.807719970703125,-0.2579796016216278,-0.1454823613166809,-0.9371320009231568
2026-09-17T07:24:20.027680,1789629860027680300,3.81768017578125,-0.251157134771347,-0.1157737374305725,-0.9565648436546326
2026-09-17T07:24:20.037640,1789629860037640200,3.82764013671875,-0.213651567697525,-0.1286240220069885,-0.9780957102775574
2026-09-17T07:24:20.047599,1789629860047599000,3.83759912109375,-0.148646205663681,-0.1242433860898017,-0.987076699733734
2026-09-17T07:24:20.057559,1789629860057559000,3.84755908203125,-0.0688152834773063,-0.1256756335496902,-0.9822795391082764
2026-09-17T07:24:20.067519,1789629860067519200,3.857519287109375,0.0050994209013879,-0.1353343874216079,-0.9744314551353456
2026-09-17T07:24:20.077478,1789629860077478100,3.86747802734375,0.0579045787453651,-0.1399941146373748,-0.9553896188735962
2026-09-17T07:24:20.087438,1789629860087438000,3.87743798828125,0.0925219431519508,-0.1304791867733001,-0.9305636286735536
2026-09-17T07:24:20.097398,1789629860097398000,3.88739794921875,0.108290784060955,-0.1250873506069183,-0.9070129990577698
2026-09-17T07:24:20.107358,1789629860107358000,3.89735791015625,0.1004054322838783,-0.140840470790863,-0.9023346304893494
2026-09-17T07:24:20.117316,1789629860117316900,3.90731689453125,0.0748348236083984,-0.1754170954227447,-0.9205189347267152
2026-09-17T07:24:20.127277,1789629860127277000,3.917277099609375,0.0457962490618228,-0.2167240530252456,-0.9501420855522156
2026-09-17T07:24:20.137237,1789629860137237000,3.927237060546875,0.0209713280200958,-0.2383414655923843,-0.9769204258918762
2026-09-17T07:24:20.147196,1789629860147196200,3.937196044921875,0.0069854715839028,-0.2487379163503646,-0.9937961101531982
2026-09-17T07:24:20.157156,1789629860157156000,3.947156005859375,0.0125978169962763,-0.2576286196708679,-0.9933186173439026
2026-09-17T07:24:20.167116,1789629860167116300,3.9571162109375,0.0256009679287672,-0.2511720359325409,-0.9835882186889648
2026-09-17T07:24:20.177075,1789629860177075200,3.9670751953125,0.0418782085180282,-0.2269884049892425,-0.9744221568107604
2026-09-17T07:24:20.187035,1789629860187035100,3.97703515625,0.0515593327581882,-0.2035557925701141,-0.9684036374092102
2026-09-17T07:24:20.196995,1789629860196995000,3.9869951171875,0.0636476874351501,-0.1765262931585312,-0.9632635116577148
2026-09-17T07:24:20.206955,1789629860206955300,3.996955322265625,0.073893129825592,-0.172685220837593,-0.9557251334190368
2026-09-17T07:24:20.216913,1789629860216913700,4.00691357421875,0.0875269174575805,-0.1956129074096679,-0.9513237476348876
2026-09-17T07:24:20.226873,1789629860226873900,4.016873779296875,0.1083112955093383,-0.224731907248497,-0.9462032914161682
2026-09-17T07:24:20.236833,1789629860236833800,4.026833740234375,0.1247331425547599,-0.2611581087112427,-0.9459604024887084
2026-09-17T07:24:20.246792,1789629860246792700,4.036792724609375,0.1333359479904174,-0.3153984248638153,-0.9576889872550964
2026-09-17T07:24:20.256752,1789629860256752600,4.046752685546875,0.1216896846890449,-0.375377893447876,-0.9757667779922484
2026-09-17T07:24:20.266712,1789629860266712800,4.056712890625,0.1000973060727119,-0.4253510236740112,-1.0002140998840332
2026-09-17T07:24:20.276672,1789629860276672000,4.066672119140625,0.0775459259748458,-0.4223949313163757,-1.0191214084625244
2026-09-17T07:24:20.286632,1789629860286632000,4.0766318359375,0.0731112286448478,-0.3473451733589172,-1.0338859558105469
2026-09-17T07:24:20.296592,1789629860296592000,4.086591796875,0.0882987007498741,-0.2710275053977966,-1.0451197624206543
2026-09-17T07:24:20.306551,1789629860306551800,4.0965517578125,0.1034542173147201,-0.2364421039819717,-1.055602788925171
2026-09-17T07:24:20.316510,1789629860316510700,4.1065107421875,0.0987526774406433,-0.242115169763565,-1.0671398639678955
2026-09-17T07:24:20.326471,1789629860326471000,4.116470947265625,0.0657254830002784,-0.2636859714984894,-1.0810199975967407
2026-09-17T07:24:20.336430,1789629860336430800,4.126430908203125,0.0199119225144386,-0.2709737122058868,-1.0982929468154907
2026-09-17T07:24:20.346389,1789629860346389800,4.1363896484375,-0.0133197996765375,-0.2209656685590744,-1.1097618341445925
2026-09-17T07:24:20.356349,1789629860356349700,4.146349609375,-0.0176676772534847,-0.1358323991298675,-1.1107951402664185
2026-09-17T07:24:20.366310,1789629860366310000,4.156309814453125,0.010758638381958,-0.0518349669873714,-1.100650668144226
2026-09-17T07:24:20.376268,1789629860376268800,4.166268798828125,0.0547186397016048,-0.0056397761218249,-1.0797210931777954
2026-09-17T07:24:20.386228,1789629860386228700,4.176228759765625,0.0867860242724418,-0.0361100658774375,-1.055243968963623
2026-09-17T07:24:20.396188,1789629860396188700,4.186188720703125,0.0884659513831138,-0.1248785555362701,-1.035885453224182
2026-09-17T07:24:20.406147,1789629860406147800,4.19614794921875,0.060422595590353,-0.2084807753562927,-1.0160374641418457
2026-09-17T07:24:20.416107,1789629860416107800,4.206107666015625,0.0171438325196504,-0.2119181156158447,-0.986191987991333
2026-09-17T07:24:20.426067,1789629860426067700,4.216067626953125,-0.0158268995583057,-0.1487892121076584,-0.9586727619171144
2026-09-17T07:24:20.436027,1789629860436027600,4.226027587890625,-0.0314545966684818,-0.0534885264933109,-0.9469537734985352
2026-09-17T07:24:20.445986,1789629860445986800,4.23598681640625,-0.0300798714160919,0.021662151440978,-0.9461050033569336
2026-09-17T07:24:20.455946,1789629860455946800,4.24594677734375,-0.0194669086486101,0.0732353329658508,-0.9469401836395264
2026-09-17T07:24:20.465907,1789629860465907000,4.255906982421875,-0.0106342686340212,0.0764140784740448,-0.9449518918991088
2026-09-17T07:24:20.475865,1789629860475865900,4.265865966796875,-0.0164801739156246,0.0258837956935167,-0.9455750584602356
2026-09-17T07:24:20.485825,1789629860485825800,4.27582568359375,-0.0327502228319644,-0.0323928259313106,-0.9434719681739808
2026-09-17T07:24:20.495785,1789629860495785700,4.28578564453125,-0.0568334534764289,-0.0723820552229881,-0.9366936683654784
2026-09-17T07:24:20.505744,1789629860505744600,4.29574462890625,-0.0904108583927154,-0.1115166768431663,-0.9311468601226808
2026-09-17T07:24:20.515704,1789629860515704800,4.305704833984375,-0.1286210864782333,-0.1607241630554199,-0.9381251335144044
2026-09-17T07:24:20.525664,1789629860525664800,4.315664794921875,-0.1522265523672104,-0.2177746742963791,-0.937396764755249
2026-09-17T07:24:20.535624,1789629860535624700,4.325624755859375,-0.1365770250558853,-0.2116456776857376,-0.9136871695518494
2026-09-17T07:24:20.545583,1789629860545583600,4.33558349609375,-0.0969779416918754,-0.164468839764595,-0.8815097808837891
2026-09-17T07:24:20.555543,1789629860555543800,4.345543701171875,-0.0394954793155193,-0.1062244400382042,-0.8501073718070984
2026-09-17T07:24:20.565503,1789629860565503700,4.355503662109375,0.0146069061011075,-0.05705476552248,-0.819954514503479
2026-09-17T07:24:20.575463,1789629860575463000,4.365462890625,0.053686399012804,-0.0455810651183128,-0.7952707409858704
2026-09-17T07:24:20.585422,1789629860585422800,4.3754228515625,0.0643582195043563,-0.073072612285614,-0.7830281853675842
2026-09-17T07:24:20.595382,1789629860595382800,4.3853828125,0.0431405454874038,-0.1156714707612991,-0.788784384727478
2026-09-17T07:24:20.605341,1789629860605341700,4.395341796875,0.0062586949206888,-0.1258391588926315,-0.8032608032226562
2026-09-17T07:24:20.615302,1789629860615302000,4.405302001953125,-0.028826056048274,-0.0976064503192901,-0.82121342420578
2026-09-17T07:24:20.625261,1789629860625261800,4.41526171875,-0.0537013113498687,-0.0681526884436607,-0.8386270403862
2026-09-17T07:24:20.635220,1789629860635220700,4.425220703125,-0.0643792524933815,-0.0394792333245277,-0.8451653718948364
2026-09-17T07:24:20.645180,1789629860645180700,4.4351806640625,-0.0583794191479682,-0.0147978542372584,-0.8280055522918701
2026-09-17T07:24:20.655140,1789629860655140900,4.445140869140625,-0.0504546500742435,0.0054011568427085,-0.7999800443649292
2026-09-17T07:24:20.665100,1789629860665100800,4.455100830078125,-0.0471422113478183,0.0080731064081192,-0.7759740352630615
2026-09-17T07:24:20.675059,1789629860675059700,4.465059814453125,-0.0564614124596118,-0.0144947869703173,-0.7729734182357788
2026-09-17T07:24:20.685019,1789629860685019600,4.47501953125,-0.0704933404922485,-0.0164988152682781,-0.7854905724525452
2026-09-17T07:24:20.694979,1789629860694979600,4.4849794921875,-0.0793443545699119,-0.0052360408008098,-0.7984873056411743
2026-09-17T07:24:20.704939,1789629860704939000,4.49493896484375,-0.087189495563507,0.024812938645482,-0.8108143210411072
2026-09-17T07:24:20.714899,1789629860714899000,4.50489892578125,-0.0947827026247978,0.0320852324366569,-0.8087133169174194
2026-09-17T07:24:20.724859,1789629860724859000,4.51485888671875,-0.1050214916467666,0.0197723731398582,-0.7900722622871399
2026-09-17T07:24:20.734817,1789629860734817800,4.52481787109375,-0.1194925755262374,-0.0142998434603214,-0.7579239010810852
2026-09-17T07:24:20.744777,1789629860744777700,4.53477783203125,-0.1264082789421081,-0.0497443862259388,-0.7192378044128418
2026-09-17T07:24:20.754738,1789629860754738000,4.544738037109375,-0.121669977903366,-0.0870552733540535,-0.6704555749893188
2026-09-17T07:24:20.764697,1789629860764697900,4.55469775390625,-0.1183378249406814,-0.1396425813436508,-0.6214126944541931
2026-09-17T07:24:20.774656,1789629860774656800,4.56465673828125,-0.1234889179468154,-0.1779287159442901,-0.5734318494796753
2026-09-17T07:24:20.784616,1789629860784616700,4.57461669921875,-0.1386606842279434,-0.1842886209487915,-0.5297636985778809
2026-09-17T07:24:20.794577,1789629860794577000,4.584576904296875,-0.1605390757322311,-0.154549092054367,-0.4992164671421051
2026-09-17T07:24:20.804535,1789629860804535800,4.594535888671875,-0.1791577637195587,-0.1002570986747741,-0.4797258675098419
2026-09-17T07:24:20.814495,1789629860814495700,4.604495849609375,-0.1890207827091217,-0.0398957505822181,-0.4637066721916199
2026-09-17T07:24:20.824455,1789629860824455700,4.61445556640625,-0.1941971778869629,0.0050171292386949,-0.4526303112506866
2026-09-17T07:24:20.834414,1789629860834414800,4.624414794921875,-0.1848808974027633,0.0232299547642469,-0.4277734458446502
2026-09-17T07:24:20.844374,1789629860844374800,4.634374755859375,-0.1779508292675018,0.0247412994503974,-0.4019016325473785
2026-09-17T07:24:20.854334,1789629860854334700,4.644334716796875,-0.185780256986618,-0.019863985478878,-0.3753038346767425
2026-09-17T07:24:20.864294,1789629860864294700,4.654294677734375,-0.2145967185497284,-0.0917717292904853,-0.3499018251895904
2026-09-17T07:24:20.874253,1789629860874253800,4.66425390625,-0.2374144196510315,-0.1465239226818084,-0.3245091140270233
2026-09-17T07:24:20.884213,1789629860884213800,4.6742138671875,-0.2357363551855087,-0.1625202000141143,-0.290352463722229
2026-09-17T07:24:20.894174,1789629860894174000,4.684174072265625,-0.206757441163063,-0.1426623463630676,-0.2553004622459411
2026-09-17T07:24:20.904132,1789629860904132900,4.6941328125,-0.161709263920784,-0.0882302597165107,-0.2328023612499237
2026-09-17T07:24:20.914092,1789629860914092800,4.7040927734375,-0.1107446253299713,-0.0149547150358557,-0.2123354226350784
2026-09-17T07:24:20.924052,1789629860924052700,4.714052734375,-0.0607158094644546,0.0574268065392971,-0.1952736228704452
2026-09-17T07:24:20.934011,1789629860934011600,4.72401171875,-0.0219060983508825,0.1088322103023529,-0.1857919692993164
2026-09-17T07:24:20.943971,1789629860943971800,4.733971923828125,-0.0010825749486684,0.1289462596178054,-0.188655138015747
2026-09-17T07:24:20.953931,1789629860953931800,4.743931884765625,0.0041193775832653,0.1339740455150604,-0.1907742172479629
2026-09-17T07:24:20.963890,1789629860963890700,4.753890625,0.0023598270490765,0.1041855216026306,-0.1886010766029358
2026-09-17T07:24:20.973850,1789629860973850600,4.7638505859375,-0.0123291043564677,0.0437362939119339,-0.1982369273900985
2026-09-17T07:24:20.983810,1789629860983810800,4.773810791015625,-0.0400872305035591,-0.026176743209362,-0.2165727913379669
2026-09-17T07:24:20.993770,1789629860993770800,4.783770751953125,-0.0788969472050666,-0.0851993188261985,-0.2368708699941635
2026-09-17T07:24:21.003730,1789629861003730000,4.79372998046875,-0.1143790408968925,-0.1034329161047935,-0.2462366670370102
2026-09-17T07:24:21.013689,1789629861013689900,4.80368994140625,-0.1372808963060379,-0.079538770020008,-0.2356663197278976
2026-09-17T07:24:21.023649,1789629861023649800,4.81364990234375,-0.1379821002483368,0.0100334594026207,-0.2145538479089737
2026-09-17T07:24:21.033608,1789629861033608700,4.823608642578125,-0.1243573725223541,0.1063980758190155,-0.1989977806806564
2026-09-17T07:24:21.043569,1789629861043569000,4.83356884765625,-0.108830340206623,0.151295781135559,-0.1969618052244186
2026-09-17T07:24:21.053528,1789629861053528800,4.84352880859375,-0.0947179868817329,0.1419739127159118,-0.1988944560289383
2026-09-17T07:24:21.063487,1789629861063487700,4.85348779296875,-0.0815649032592773,0.1046792715787887,-0.1938978284597396
2026-09-17T07:24:21.073447,1789629861073447700,4.86344775390625,-0.0815438628196716,0.0386850759387016,-0.210269346833229
2026-09-17T07:24:21.083408,1789629861083408000,4.873407958984375,-0.0947965532541275,-0.0512562617659568,-0.2276382148265838
2026-09-17T07:24:21.093366,1789629861093366800,4.88336669921875,-0.127169668674469,-0.1244255453348159,-0.2333810627460479
2026-09-17T07:24:21.103326,1789629861103326700,4.89332666015625,-0.162001147866249,-0.1612834334373474,-0.2244930267333984
2026-09-17T07:24:21.113286,1789629861113286700,4.90328662109375,-0.1804896146059036,-0.1298994123935699,-0.1968840360641479
2026-09-17T07:24:21.123246,1789629861123246600,4.91324658203125,-0.1711720079183578,-0.0527265928685665,-0.1445545256137848
2026-09-17T07:24:21.133206,1789629861133206000,4.9232060546875,-0.137814849615097,0.0508522614836692,-0.0740617141127586
2026-09-17T07:24:21.143166,1789629861143166000,4.933166015625,-0.0858653709292411,0.1439100354909896,0.0153448674827814
2026-09-17T07:24:21.153126,1789629861153126000,4.9431259765625,-0.0202639922499656,0.214195117354393,0.1041285321116447
2026-09-17T07:24:21.163084,1789629861163084800,4.953084716796875,0.0445213951170444,0.2440366297960281,0.1677362769842147
2026-09-17T07:24:21.173044,1789629861173044700,4.963044677734375,0.0956402420997619,0.1991272121667862,0.19168022274971
2026-09-17T07:24:21.183005,1789629861183005000,4.9730048828125,0.1268045455217361,0.0958271920680999,0.1778008937835693
2026-09-17T07:24:21.192963,1789629861192963800,4.9829638671875,0.1403674930334091,-0.0067085027694702,0.1508422344923019
2026-09-17T07:24:21.202923,1789629861202923800,4.992923828125,0.1349303871393203,-0.0789054706692695,0.1323886662721634
2026-09-17T07:24:21.212883,1789629861212883700,5.0028837890625,0.1192222610116005,-0.1018334180116653,0.127559557557106
2026-09-17T07:24:21.222843,1789629861222843100,5.012843017578125,0.0944559350609779,-0.0799033567309379,0.1361061781644821
2026-09-17T07:24:21.232802,1789629861232802000,5.022802001953125,0.0707830935716629,-0.0319528728723526,0.1481447219848632
2026-09-17T07:24:21.242762,1789629861242762000,5.032761962890625,0.0576180219650268,0.0197143163532018,0.159069538116455
2026-09-17T07:24:21.252722,1789629861252722200,5.04272216796875,0.0435019358992576,0.0509840883314609,0.1732370257377624
2026-09-17T07:24:21.262681,1789629861262681300,5.052681396484375,0.0279376246035099,0.0440311059355735,0.1876231580972671
2026-09-17T07:24:21.272641,1789629861272641300,5.062641357421875,0.0099330581724643,0.0003917510039173,0.200725644826889
2026-09-17T07:24:21.282601,1789629861282601200,5.072601318359375,0.0034818167332559,-0.0260672867298126,0.2198673784732818
2026-09-17T07:24:21.292560,1789629861292560100,5.08256005859375,0.0147206224501132,-0.0193489305675029,0.2436688542366027
2026-09-17T07:24:21.302520,1789629861302520300,5.092520263671875,0.0392962731420993,-0.014549913816154,0.2501312792301178
2026-09-17T07:24:21.312480,1789629861312480300,5.102480224609375,0.0723160058259964,-0.0293805263936519,0.248247891664505
2026-09-17T07:24:21.322439,1789629861322439200,5.112439208984375,0.1076066195964813,-0.061939001083374,0.2473943531513214
2026-09-17T07:24:21.332399,1789629861332399000,5.122399169921875,0.1356968432664871,-0.0895397365093231,0.2519651353359222
2026-09-17T07:24:21.342359,1789629861342359000,5.132359130859375,0.1545469611883163,-0.0829558670520782,0.265691876411438
2026-09-17T07:24:21.352318,1789629861352318000,5.14231787109375,0.1708111613988876,-0.0737341418862342,0.2919897735118866
2026-09-17T07:24:21.362278,1789629861362278100,5.152278076171875,0.1930813044309616,-0.0653790086507797,0.3150580823421478
2026-09-17T07:24:21.372238,1789629861372238000,5.162238037109375,0.2191376686096191,-0.0645515620708465,0.3224819004535675
2026-09-17T07:24:21.382198,1789629861382198000,5.172197998046875,0.2393252402544021,-0.0863620489835739,0.3128348588943481
2026-09-17T07:24:21.392157,1789629861392157200,5.1821572265625,0.2523523569107055,-0.1387935727834701,0.2905338406562805
2026-09-17T07:24:21.402117,1789629861402117400,5.192117431640625,0.258675217628479,-0.2037304937839508,0.2553441524505615
2026-09-17T07:24:21.412077,1789629861412077300,5.202077392578125,0.2422768175601959,-0.2963467240333557,0.2029576450586319
2026-09-17T07:24:21.422036,1789629861422036200,5.2120361328125,0.1884263753890991,-0.3929691314697265,0.1327188909053802
2026-09-17T07:24:21.431996,1789629861431996200,5.22199609375,0.0943696424365043,-0.466797798871994,0.0529993027448654
2026-09-17T07:24:21.441956,1789629861441956000,5.2319560546875,-0.0228989236056804,-0.4894977807998657,-0.0330831184983253
2026-09-17T07:24:21.451915,1789629861451915300,5.241915283203125,-0.1371136456727981,-0.4343117773532867,-0.0992482900619506
2026-09-17T07:24:21.461875,1789629861461875200,5.251875244140625,-0.2187472581863403,-0.2970441877841949,-0.1267243921756744
2026-09-17T07:24:21.471835,1789629861471835100,5.261835205078125,-0.2463232278823852,-0.1304365694522857,-0.1039514318108558
2026-09-17T07:24:21.481794,1789629861481794000,5.2717939453125,-0.2157144546508789,0.0294060911983251,-0.0315323583781719
2026-09-17T07:24:21.491754,1789629861491754000,5.28175390625,-0.1429654061794281,0.1488954722881317,0.0694115683436393
2026-09-17T07:24:21.501714,1789629861501714200,5.291714111328125,-0.040680319070816,0.1801708340644836,0.1695187240839004
2026-09-17T07:24:21.511673,1789629861511673000,5.301673095703125,0.0687548294663429,0.1105440855026245,0.2417188882827758
2026-09-17T07:24:21.521633,1789629861521633000,5.311633056640625,0.1622251272201538,-0.0153222307562828,0.2517137229442596
2026-09-17T07:24:21.531593,1789629861531593000,5.321593017578125,0.2105931937694549,-0.1559829413890838,0.2089289873838424
2026-09-17T07:24:21.541553,1789629861541553200,5.33155322265625,0.2123729735612869,-0.2419902682304382,0.1478669643402099
2026-09-17T07:24:21.551512,1789629861551512300,5.34151220703125,0.1821426451206207,-0.2438587397336959,0.1043815314769744
2026-09-17T07:24:21.561472,1789629861561472300,5.35147216796875,0.1449364125728607,-0.1748780757188797,0.1009279489517211
2026-09-17T07:24:21.571432,1789629861571432200,5.36143212890625,0.1279598325490951,-0.0406275875866413,0.1388417780399322
2026-09-17T07:24:21.581391,1789629861581391000,5.37139111328125,0.1311257928609848,0.1178222373127937,0.188530758023262
2026-09-17T07:24:21.591351,1789629861591351300,5.381351318359375,0.1531037986278534,0.2277159839868545,0.2360855042934417
2026-09-17T07:24:21.601311,1789629861601311200,5.391311279296875,0.1760482639074325,0.2501352727413177,0.2648630738258362
2026-09-17T07:24:21.611270,1789629861611270100,5.401270263671875,0.1846465468406677,0.1776815801858902,0.262256920337677
2026-09-17T07:24:21.621230,1789629861621230000,5.41122998046875,0.1728058606386184,0.0479289107024669,0.2339520454406738
2026-09-17T07:24:21.631190,1789629861631190000,5.42118994140625,0.1342938989400863,-0.1057501286268234,0.1945031732320785
2026-09-17T07:24:21.641149,1789629861641149000,5.43114892578125,0.07108935713768,-0.2541587650775909,0.1429446339607238
2026-09-17T07:24:21.651109,1789629861651109000,5.441109130859375,0.0027145601343363,-0.3192805349826813,0.079040490090847
2026-09-17T07:24:21.661069,1789629861661069000,5.451069091796875,-0.0497747473418712,-0.2875034213066101,0.0268603768199682
2026-09-17T07:24:21.671028,1789629861671028200,5.4610283203125,-0.0813158974051475,-0.1878311485052108,0.0018644790397956
2026-09-17T07:24:21.680988,1789629861680988200,5.47098828125,-0.0857489928603172,-0.0611363239586353,0.0154034569859504
2026-09-17T07:24:21.690948,1789629861690948400,5.4809482421875,-0.0749213770031929,0.0328362435102462,0.056760486215353
2026-09-17T07:24:21.700907,1789629861700907300,5.4909072265625,-0.0544541887938976,0.0831396281719207,0.1164115667343139
2026-09-17T07:24:21.710867,1789629861710867200,5.5008671875,-0.0374765358865261,0.0828362926840782,0.1717400699853897
2026-09-17T07:24:21.720827,1789629861720827100,5.5108271484375,-0.0252243969589471,0.0455336645245552,0.2128976285457611
2026-09-17T07:24:21.730787,1789629861730787300,5.520787353515625,-0.0076451366767287,-0.0002372876479057,0.2326558828353881
2026-09-17T07:24:21.740746,1789629861740746200,5.530746337890625,0.0232808217406272,0.0006426207837648,0.2382988482713699
2026-09-17T07:24:21.750706,1789629861750706200,5.5407060546875,0.0634961500763893,0.0336817987263202,0.2279442101716995
2026-09-17T07:24:21.760666,1789629861760666000,5.550666015625,0.1109092086553573,0.0749506726861,0.2108682990074157
2026-09-17T07:24:21.770625,1789629861770625000,5.560625,0.1529685109853744,0.1124423891305923,0.2039624452590942
2026-09-17T07:24:21.780585,1789629861780585000,5.5705849609375,0.1768951416015625,0.1227738559246063,0.20700404047966
2026-09-17T07:24:21.790545,1789629861790545200,5.580545166015625,0.1712772101163864,0.115128718316555,0.2100525647401809
2026-09-17T07:24:21.800504,1789629861800504300,5.59050439453125,0.1457377672195434,0.1308680027723312,0.2179645597934723
2026-09-17T07:24:21.810464,1789629861810464300,5.60046435546875,0.1124892607331276,0.1610035300254821,0.2201155871152877
2026-09-17T07:24:21.820424,1789629861820424200,5.610424072265625,0.0761253908276557,0.1803194433450698,0.1965636610984802
2026-09-17T07:24:21.830383,1789629861830383000,5.620383056640625,0.0410249307751655,0.1722178310155868,0.1483101099729538
2026-09-17T07:24:21.840343,1789629861840343300,5.63034326171875,0.0043241744861006,0.1223144605755806,0.0992259159684181
2026-09-17T07:24:21.850303,1789629861850303200,5.64030322265625,-0.0131749240681529,0.0519657284021377,0.0512357577681541
2026-09-17T07:24:21.860262,1789629861860262100,5.65026220703125,-0.0090259853750467,-0.0070099723525345,0.0191033873707056
2026-09-17T07:24:21.870222,1789629861870222000,5.66022216796875,0.0079567264765501,-0.0586369484663009,0.0056043560616672
2026-09-17T07:24:21.880182,1789629861880182300,5.670182373046875,0.0271586496382951,-0.0897392034530639,0.0167323742061853
2026-09-17T07:24:21.890141,1789629861890141200,5.68014111328125,0.045049499720335,-0.0986112654209137,0.044817004352808
2026-09-17T07:24:21.900101,1789629861900101000,5.69010107421875,0.0450361855328083,-0.0761735960841178,0.0595557391643524
2026-09-17T07:24:21.910061,1789629861910061000,5.70006103515625,0.0226389989256858,-0.0342775471508502,0.0498330704867839
2026-09-17T07:24:21.920020,1789629861920020200,5.710020263671875,-0.0192293543368577,0.0110731571912765,0.0191830154508352
2026-09-17T07:24:21.929980,1789629861929980200,5.719980224609375,-0.0585999302566051,0.0446063503623008,-0.0152567168697714
2026-09-17T07:24:21.939940,1789629861939940000,5.729940185546875,-0.0828101933002471,0.0420846045017242,-0.0381670929491519
2026-09-17T07:24:21.949900,1789629861949900000,5.739900146484375,-0.0872353017330169,-0.0018453042721375,-0.0471715070307254
2026-09-17T07:24:21.959859,1789629861959859200,5.749859130859375,-0.0780577808618545,-0.0640524849295616,-0.0493832603096962
2026-09-17T07:24:21.969819,1789629861969819100,5.759819091796875,-0.060463611036539,-0.1174613833427429,-0.0525577515363693
2026-09-17T07:24:21.979779,1789629861979779300,5.769779296875,-0.0446364432573318,-0.162770539522171,-0.0561716593801975
2026-09-17T07:24:21.989738,1789629861989738200,5.77973828125,-0.036104742437601,-0.174518808722496,-0.0672157853841781
2026-09-17T07:24:21.999698,1789629861999698200,5.7896982421875,-0.0401916280388832,-0.2029174268245697,-0.07880400121212
2026-09-17T07:24:22.009658,1789629862009658000,5.799658203125,-0.0512394867837429,-0.2153424024581909,-0.0965329334139823
2026-09-17T07:24:22.019617,1789629862019617000,5.809616943359375,-0.0532368570566177,-0.1835088431835174,-0.106963999569416
2026-09-17T07:24:22.029577,1789629862029577200,5.8195771484375,-0.0375995747745037,-0.123188242316246,-0.0967651605606079
2026-09-17T07:24:22.039537,1789629862039537200,5.829537109375,-0.0059351208619773,-0.0737104415893554,-0.085353247821331
2026-09-17T07:24:22.049496,1789629862049496000,5.83949609375,0.048070590943098,-0.0555005446076393,-0.0714885666966438
2026-09-17T07:24:22.059456,1789629862059456000,5.8494560546875,0.121179424226284,-0.048377651721239,-0.0571511685848236
2026-09-17T07:24:22.069416,1789629862069416000,5.859416015625,0.2011352330446243,-0.062052983790636,-0.0431365519762039
2026-09-17T07:24:22.079375,1789629862079375400,5.869375244140625,0.2598318457603454,-0.1055458635091781,-0.0256808623671531
2026-09-17T07:24:22.089335,1789629862089335300,5.879335205078125,0.2876789271831512,-0.1571834981441497,-0.024932513013482
2026-09-17T07:24:22.099295,1789629862099295200,5.889295166015625,0.3008389174938202,-0.1843368113040924,-0.0411144122481346
2026-09-17T07:24:22.109254,1789629862109254100,5.899254150390625,0.3091202974319458,-0.147306889295578,-0.0596968866884708
2026-09-17T07:24:22.119214,1789629862119214000,5.909214111328125,0.3138929605484009,-0.0811603665351867,-0.0727370530366897
2026-09-17T07:24:22.129174,1789629862129174300,5.91917431640625,0.3203226029872894,-0.023315442726016,-0.0923983752727508
2026-09-17T07:24:22.139133,1789629862139133200,5.92913330078125,0.3114622831344604,0.0178921818733215,-0.1086921244859695
2026-09-17T07:24:22.149093,1789629862149093000,5.939093017578125,0.2742635011672973,0.0046520098112523,-0.1167053133249282
2026-09-17T07:24:22.159053,1789629862159053000,5.949052978515625,0.1945724189281463,-0.062332883477211,-0.1157404482364654
2026-09-17T07:24:22.169013,1789629862169013200,5.95901318359375,0.1005159541964531,-0.1336954832077026,-0.1241501793265342
2026-09-17T07:24:22.178972,1789629862178972200,5.96897216796875,0.0212957020848989,-0.1469369828701019,-0.1509146839380264
2026-09-17T07:24:22.188932,1789629862188932000,5.97893212890625,-0.0176002997905015,-0.0871245190501213,-0.2018505632877349
2026-09-17T07:24:22.198892,1789629862198892000,5.98889208984375,-0.0187798123806715,0.0160772372037172,-0.2788145840167999
2026-09-17T07:24:22.208851,1789629862208851200,5.998851318359375,-0.0149946622550487,0.0927331298589706,-0.3738348484039306
2026-09-17T07:24:22.218811,1789629862218811400,6.008811279296875,-0.0357452146708965,0.1067709177732467,-0.4725755453109741
2026-09-17T07:24:22.228771,1789629862228771600,6.018771484375,-0.0982871577143669,0.0795472860336303,-0.5447874069213867
2026-09-17T07:24:22.238730,1789629862238730800,6.028730712890625,-0.2037142515182495,0.0406366437673568,-0.5744829773902893
2026-09-17T07:24:22.248691,1789629862248691000,6.03869091796875,-0.3230712711811065,0.0409751310944557,-0.5528852939605713
2026-09-17T07:24:22.258651,1789629862258651000,6.04865087890625,-0.4207845032215118,0.0935571119189262,-0.4938741624355316
2026-09-17T07:24:22.268609,1789629862268609800,6.05860986328125,-0.455961674451828,0.1851280480623245,-0.4167772531509399
2026-09-17T07:24:22.278569,1789629862278569700,6.06856982421875,-0.4309644401073456,0.2904169261455536,-0.3349124789237976
2026-09-17T07:24:22.288530,1789629862288530000,6.078530029296875,-0.3586218059062958,0.3537375628948211,-0.2677566111087799
2026-09-17T07:24:22.298488,1789629862298488800,6.08848876953125,-0.2830223739147186,0.3703745901584625,-0.2135255932807922
2026-09-17T07:24:22.308448,1789629862308448800,6.09844873046875,-0.2156516015529632,0.3312642276287079,-0.1656973510980606
2026-09-17T07:24:22.318408,1789629862318408700,6.10840869140625,-0.1762091219425201,0.2251090109348297,-0.1294871568679809
2026-09-17T07:24:22.328367,1789629862328367600,6.11836767578125,-0.1687019318342209,0.0968269407749176,-0.1116458401083946
2026-09-17T07:24:22.338327,1789629862338327800,6.128327880859375,-0.1862348467111587,-0.028580779209733,-0.1134559884667396
2026-09-17T07:24:22.348287,1789629862348287700,6.138287841796875,-0.2171373814344406,-0.1134567856788635,-0.1407403349876403
2026-09-17T07:24:22.358247,1789629862358247000,6.148246826171875,-0.2446712702512741,-0.1431971043348312,-0.1884766966104507
2026-09-17T07:24:22.368206,1789629862368206800,6.158206787109375,-0.2501749396324157,-0.1224598661065101,-0.2546258866786957
2026-09-17T07:24:22.378166,1789629862378166800,6.168166748046875,-0.2364042848348617,-0.0733024403452873,-0.3284426033496856
2026-09-17T07:24:22.388126,1789629862388126000,6.1781259765625,-0.2197925448417663,-0.0094193341210484,-0.3899073004722595
2026-09-17T07:24:22.398086,1789629862398086000,6.1880859375,-0.2092789262533188,0.062977634370327,-0.4311479330062866
2026-09-17T07:24:22.408045,1789629862408045800,6.1980458984375,-0.2399571985006332,0.1098561957478523,-0.445763349533081
2026-09-17T07:24:22.418004,1789629862418004700,6.208004638671875,-0.3093485236167907,0.1165809407830238,-0.4280746579170227
2026-09-17T07:24:22.427964,1789629862427964700,6.217964599609375,-0.3835732340812683,0.1044332012534141,-0.3746034204959869
2026-09-17T07:24:22.437924,1789629862437924900,6.2279248046875,-0.4300605654716491,0.1141571998596191,-0.2840468883514404
2026-09-17T07:24:22.447884,1789629862447884800,6.237884765625,-0.4175719320774078,0.1516481190919876,-0.182851567864418
2026-09-17T07:24:22.457843,1789629862457843700,6.24784375,-0.3593738675117492,0.1746194809675216,-0.1059567928314209
2026-09-17T07:24:22.467803,1789629862467803600,6.2578037109375,-0.2702045738697052,0.1455715745687484,-0.0649441108107566
2026-09-17T07:24:22.477763,1789629862477763800,6.267763916015625,-0.1602503955364227,0.1078170090913772,-0.0410662107169628
2026-09-17T07:24:22.487722,1789629862487722800,6.27772265625,-0.054907988756895,0.0618662983179092,-0.0249708630144596
2026-09-17T07:24:22.497682,1789629862497682700,6.2876826171875,0.0210275202989578,-0.002976348856464,-0.0206211227923631
2026-09-17T07:24:22.507642,1789629862507642600,6.297642578125,0.0605879798531532,-0.0803166776895523,-0.0253841858357191
2026-09-17T07:24:22.517601,1789629862517601800,6.307601806640625,0.0601554811000824,-0.1409073173999786,-0.0280167199671268
2026-09-17T07:24:22.527562,1789629862527562000,6.31756201171875,0.0300492458045482,-0.1740162670612335,-0.0195209700614213
2026-09-17T07:24:22.537522,1789629862537522000,6.32752197265625,-0.0235322229564189,-0.1790355294942855,-0.0018114821286872
2026-09-17T07:24:22.547480,1789629862547480800,6.337480712890625,-0.0933869406580925,-0.1565906703472137,0.0095714004710316
2026-09-17T07:24:22.557440,1789629862557440800,6.347440673828125,-0.1531509310007095,-0.0829436182975769,0.0126617327332496
2026-09-17T07:24:22.567400,1789629862567400700,6.357400634765625,-0.1963673830032348,0.0036088495980948,0.0119053954258561
2026-09-17T07:24:22.577359,1789629862577359600,6.367359619140625,-0.216496080160141,0.0538887977600097,0.0090486221015453
2026-09-17T07:24:22.587319,1789629862587319800,6.37731982421875,-0.2117298245429992,0.0631163865327835,0.0161526054143905
2026-09-17T07:24:22.597279,1789629862597279700,6.38727978515625,-0.1923412084579467,0.0363119356334209,0.0402017496526241
2026-09-17T07:24:22.607238,1789629862607238700,6.39723876953125,-0.1648571342229843,-0.0021640846971422,0.0677545443177223
2026-09-17T07:24:22.617198,1789629862617198600,6.407198486328125,-0.1246921271085739,-0.0510879531502723,0.103143960237503
2026-09-17T07:24:22.627158,1789629862627158800,6.41715869140625,-0.0763706713914871,-0.0981625169515609,0.1420841664075851
2026-09-17T07:24:22.637118,1789629862637118000,6.427117919921875,-0.0218661502003669,-0.1286900639533996,0.1889715194702148
2026-09-17T07:24:22.647078,1789629862647078000,6.437077880859375,0.0247591417282819,-0.154774397611618,0.2380711585283279
2026-09-17T07:24:22.657037,1789629862657037800,6.447037841796875,0.0576931238174438,-0.1798600405454635,0.274847537279129
2026-09-17T07:24:22.666997,1789629862666997800,6.456997802734375,0.0687681436538696,-0.1969032138586044,0.3032847642898559
2026-09-17T07:24:22.676957,1789629862676957000,6.46695703125,0.070673368871212,-0.1798978596925735,0.3265070021152496
2026-09-17T07:24:22.686916,1789629862686916900,6.476916748046875,0.0794988200068473,-0.1228779852390289,0.3379996120929718
2026-09-17T07:24:22.696876,1789629862696876800,6.486876708984375,0.0822506621479988,-0.0495081655681133,0.3410771489143371
2026-09-17T07:24:22.706835,1789629862706835700,6.496835693359375,0.0829548016190528,0.0201145894825458,0.326288640499115
2026-09-17T07:24:22.716795,1789629862716795600,6.506795654296875,0.0944306328892707,0.0889146924018859,0.3003358542919159
2026-09-17T07:24:22.726755,1789629862726755800,6.516755859375,0.1129760891199112,0.1051447913050651,0.2637006044387817
2026-09-17T07:24:22.736714,1789629862736714800,6.52671484375,0.1350377053022384,0.0584819503128528,0.2170809209346771
2026-09-17T07:24:22.746674,1789629862746674700,6.5366748046875,0.1595332026481628,-0.0026857978664338,0.1866777390241623
2026-09-17T07:24:22.756634,1789629862756634600,6.546634521484375,0.1805287599563598,-0.0654130950570106,0.1816449016332626
2026-09-17T07:24:22.766593,1789629862766593800,6.55659375,0.1906916499137878,-0.1107438281178474,0.1876897364854812
2026-09-17T07:24:22.776554,1789629862776554000,6.566553955078125,0.2014564126729965,-0.1383309811353683,0.2003946155309677
2026-09-17T07:24:22.786514,1789629862786514000,6.576513916015625,0.2226445227861404,-0.1206518486142158,0.2169173955917358
2026-09-17T07:24:22.796472,1789629862796472800,6.586472900390625,0.2621482610702514,-0.0588300265371799,0.2379332035779953
2026-09-17T07:24:22.806432,1789629862806432800,6.596432861328125,0.3138444721698761,0.0261061694473028,0.2459005862474441
2026-09-17T07:24:22.816393,1789629862816393000,6.60639306640625,0.36797696352005,0.1256985366344452,0.2510159909725189
2026-09-17T07:24:22.826351,1789629862826351900,6.616351806640625,0.3987857401371002,0.182473137974739,0.2444611489772796
2026-09-17T07:24:22.836311,1789629862836311800,6.626311767578125,0.3832368552684784,0.1629849225282669,0.2386621087789535
2026-09-17T07:24:22.846271,1789629862846271700,6.636271728515625,0.3281126320362091,0.0983204469084739,0.240735650062561
2026-09-17T07:24:22.856230,1789629862856230700,6.646230712890625,0.2471312284469604,0.0548507310450077,0.2505656480789184
2026-09-17T07:24:22.866190,1789629862866190600,6.656190673828125,0.162600889801979,0.0371593534946441,0.2566280663013458
2026-09-17T07:24:22.876150,1789629862876150800,6.66615087890625,0.0945760384202003,0.0084118600934743,0.2517222464084625
2026-09-17T07:24:22.886110,1789629862886110000,6.67610986328125,0.050173420459032,-0.0466508604586124,0.2422560453414917
2026-09-17T07:24:22.896070,1789629862896070000,6.68606982421875,0.0109003186225891,-0.1240857318043708,0.2288129329681396
2026-09-17T07:24:22.906029,1789629862906029800,6.69602978515625,-0.0379239469766616,-0.2054492980241775,0.2103084921836853
2026-09-17T07:24:22.915989,1789629862915989800,6.70598974609375,-0.1001207381486892,-0.2651195526123047,0.1834369301795959
2026-09-17T07:24:22.925949,1789629862925949000,6.715948974609375,-0.1685855537652969,-0.2868594527244568,0.1494166553020477
2026-09-17T07:24:22.935908,1789629862935908900,6.725908935546875,-0.205708160996437,-0.2249465584754943,0.1277672797441482
2026-09-17T07:24:22.945868,1789629862945868800,6.735868896484375,-0.2021650820970535,-0.1138448119163513,0.1228231266140937
2026-09-17T07:24:22.955827,1789629862955827700,6.74582763671875,-0.1633881330490112,0.0179465096443891,0.1411944031715393
2026-09-17T07:24:22.965788,1789629862965788000,6.755787841796875,-0.0834999531507492,0.1498669981956482,0.1992145627737045
2026-09-17T07:24:22.975747,1789629862975747800,6.765747802734375,0.0204709209501743,0.2450741976499557,0.2836836576461792
2026-09-17T07:24:22.985706,1789629862985706800,6.775706787109375,0.1353719383478164,0.2753098607063293,0.3510856032371521
2026-09-17T07:24:22.995666,1789629862995666700,6.785666748046875,0.2430352866649627,0.2497238218784332,0.3931387662887573
2026-09-17T07:24:23.005626,1789629863005626600,6.795626708984375,0.3434958457946777,0.2152832895517349,0.40567746758461
2026-09-17T07:24:23.015585,1789629863015585800,6.805585693359375,0.4128363132476806,0.1785345822572708,0.3853341042995453
2026-09-17T07:24:23.025545,1789629863025545700,6.815545654296875,0.4360729157924652,0.1318613588809967,0.342350959777832
2026-09-17T07:24:23.035505,1789629863035505700,6.825505615234375,0.3998786807060241,0.0844411179423332,0.2930441200733185
2026-09-17T07:24:23.045464,1789629863045464800,6.83546484375,0.3167297542095184,0.0552051998674869,0.2535156309604645
2026-09-17T07:24:23.055424,1789629863055424800,6.8454248046875,0.2069566398859024,0.0246025491505861,0.2188322097063064
2026-09-17T07:24:23.065385,1789629863065385000,6.855385009765625,0.0877088159322738,-0.0134095484390854,0.1787750720977783
2026-09-17T07:24:23.075344,1789629863075344000,6.86534375,-0.0351928733289241,-0.0652610287070274,0.1227139383554458
2026-09-17T07:24:23.085303,1789629863085303800,6.8753037109375,-0.1449563950300216,-0.1115465015172958,0.0662378743290901
2026-09-17T07:24:23.095263,1789629863095263700,6.885263671875,-0.2214378416538238,-0.1249541863799095,0.0294851884245872
2026-09-17T07:24:23.105222,1789629863105222700,6.89522265625,-0.2613056302070617,-0.084895446896553,0.0175558235496282
2026-09-17T07:24:23.115182,1789629863115182800,6.905182861328125,-0.2702969908714294,0.0200405530631542,0.0196277629584074
2026-09-17T07:24:23.125142,1789629863125142800,6.915142822265625,-0.2553279101848602,0.158043161034584,0.0374467074871063
2026-09-17T07:24:23.135101,1789629863135101700,6.925101806640625,-0.2288896441459655,0.2708429396152496,0.0575277395546436
2026-09-17T07:24:23.145061,1789629863145061600,6.9350615234375,-0.1941441744565963,0.3286567032337188,0.0824304297566413
2026-09-17T07:24:23.155021,1789629863155021600,6.945021484375,-0.1586727350950241,0.3220888376235962,0.1108604744076728
2026-09-17T07:24:23.164981,1789629863164981800,6.954981689453125,-0.1260607242584228,0.2636920809745788,0.1437585055828094
2026-09-17T07:24:23.174941,1789629863174941000,6.96494091796875,-0.0986618623137474,0.1596269458532333,0.1738343834877014
2026-09-17T07:24:23.184900,1789629863184900900,6.97490087890625,-0.0655566379427909,0.0288473609834909,0.1828534454107284
2026-09-17T07:24:23.194860,1789629863194860800,6.98486083984375,-0.0209417678415775,-0.0703966692090034,0.1744738072156906
2026-09-17T07:24:23.204819,1789629863204819700,6.99481982421875,0.0348408035933971,-0.104865163564682,0.1567970663309097
2026-09-17T07:24:23.214780,1789629863214780000,7.00477978515625,0.0896294862031936,-0.0893876701593399,0.1278229355812072
2026-09-17T07:24:23.224739,1789629863224739300,7.0147392578125,0.1184454187750816,-0.0605608150362968,0.0927637591958046
2026-09-17T07:24:23.234698,1789629863234698200,7.0246982421875,0.1085592359304428,-0.0348463989794254,0.0601363070309162
2026-09-17T07:24:23.244658,1789629863244658200,7.034658203125,0.0658551827073097,-0.0264332052320241,0.0356946140527725
2026-09-17T07:24:23.254618,1789629863254618000,7.0446181640625,0.0052922335453331,-0.0427746288478374,0.0195979364216327
2026-09-17T07:24:23.264577,1789629863264577000,7.054576904296875,-0.0558526143431663,-0.0759871751070022,0.0021880532149225
2026-09-17T07:24:23.274537,1789629863274537000,7.064536865234375,-0.0927459150552749,-0.1133614480495452,-0.0136910444125533
2026-09-17T07:24:23.284497,1789629863284497200,7.0744970703125,-0.0965036377310752,-0.1682856827974319,-0.0231937356293201
2026-09-17T07:24:23.294456,1789629863294456300,7.084456298828125,-0.0608524307608604,-0.2224530428647995,-0.0255868528038263
2026-09-17T07:24:23.304416,1789629863304416300,7.094416259765625,0.0049899648874998,-0.2546021938323974,-0.0277988743036985
2026-09-17T07:24:23.314376,1789629863314376200,7.104376220703125,0.0793374329805374,-0.2603937685489654,-0.0432095229625701
2026-09-17T07:24:23.324335,1789629863324335000,7.114335205078125,0.1261179894208908,-0.2595601975917816,-0.0582172349095344
2026-09-17T07:24:23.334295,1789629863334295300,7.12429541015625,0.1304456293582916,-0.2371158748865127,-0.0543069131672382
2026-09-17T07:24:23.344255,1789629863344255200,7.134255126953125,0.0938130468130111,-0.1937265992164611,-0.0423306785523891
2026-09-17T07:24:23.354214,1789629863354214100,7.144214111328125,0.0342738181352615,-0.1262271702289581,-0.0345944613218307
2026-09-17T07:24:23.364174,1789629863364174000,7.154174072265625,-0.0127871679142117,-0.0357305668294429,-0.0310564525425434
2026-09-17T07:24:23.374134,1789629863374134300,7.16413427734375,-0.0305195599794387,0.0199249722063541,-0.0244800429791212
2026-09-17T07:24:23.384094,1789629863384094200,7.17409423828125,-0.0157083887606859,0.0163531396538019,-0.0145781440660357
2026-09-17T07:24:23.394053,1789629863394053000,7.18405322265625,0.0194527935236692,-0.0525231286883354,-0.0050080744549632
2026-09-17T07:24:23.404013,1789629863404013000,7.194012939453125,0.0558651313185691,-0.1901782006025314,-0.007938883267343
2026-09-17T07:24:23.413973,1789629863413973000,7.203972900390625,0.0834293812513351,-0.3293129205703735,-0.0206911638379097
2026-09-17T07:24:23.423932,1789629863423932400,7.213932373046875,0.098660796880722,-0.402841717004776,-0.0397993437945842
2026-09-17T07:24:23.433892,1789629863433892400,7.223892333984375,0.1249326169490814,-0.3692251741886139,-0.0546930730342865
2026-09-17T07:24:23.443852,1789629863443852300,7.233852294921875,0.1673578321933746,-0.2918252050876617,-0.0456337966024875
2026-09-17T07:24:23.453811,1789629863453811200,7.243811279296875,0.2307559847831726,-0.1909521073102951,-0.0157198403030633
2026-09-17T07:24:23.463771,1789629863463771100,7.253771240234375,0.2947474718093872,-0.0769099593162536,0.0199934151023626
2026-09-17T07:24:23.473731,1789629863473731300,7.2637314453125,0.3322999179363251,-0.0236099883913993,0.0362991504371166
2026-09-17T07:24:23.483690,1789629863483690200,7.273690185546875,0.3259584009647369,-0.0435504056513309,0.0221021063625812
2026-09-17T07:24:23.493650,1789629863493650200,7.283650146484375,0.2809981107711792,-0.0888262763619422,-0.0148551128804683
2026-09-17T07:24:23.503610,1789629863503610000,7.293610107421875,0.2037848234176635,-0.1211884766817092,-0.0760178044438362
2026-09-17T07:24:23.513569,1789629863513569000,7.303569091796875,0.095290832221508,-0.1541677266359329,-0.1690390855073928
2026-09-17T07:24:23.523529,1789629863523529200,7.313529296875,-0.0425557158887386,-0.1871142238378524,-0.2845302522182464
2026-09-17T07:24:23.533489,1789629863533489200,7.3234892578125,-0.2039936035871505,-0.2065553069114685,-0.3883786201477051
2026-09-17T07:24:23.543448,1789629863543448300,7.3334482421875,-0.3721884787082672,-0.2112909406423568,-0.4555406272411346
2026-09-17T07:24:23.553408,1789629863553408300,7.343408203125,-0.5224608182907104,-0.1995035260915756,-0.4887326657772064
2026-09-17T07:24:23.563368,1789629863563368400,7.353368408203125,-0.6398601531982422,-0.1634062379598617,-0.4989094138145447
2026-09-17T07:24:23.573327,1789629863573327400,7.363327392578125,-0.6921435594558716,-0.0696139633655548,-0.4886620938777923
2026-09-17T07:24:23.583287,1789629863583287300,7.373287353515625,-0.6568678617477417,0.0934913381934166,-0.4372295141220093
2026-09-17T07:24:23.593247,1789629863593247200,7.383247314453125,-0.5352376103401184,0.2765429019927978,-0.3404617011547088
2026-09-17T07:24:23.603207,1789629863603207200,7.393207275390625,-0.3377122581005096,0.4494054913520813,-0.2226495891809463
2026-09-17T07:24:23.613166,1789629863613166000,7.403166015625,-0.1039796620607376,0.563962996006012,-0.1070103421807289
2026-09-17T07:24:23.623126,1789629863623126300,7.413126220703125,0.1162925213575363,0.5563561916351318,-0.0166178587824106
2026-09-17T07:24:23.633086,1789629863633086200,7.423086181640625,0.2838815152645111,0.4534673690795898,0.0406664684414863
2026-09-17T07:24:23.643045,1789629863643045000,7.433045166015625,0.3807721138000488,0.2622848749160766,0.0698587074875831
2026-09-17T07:24:23.653005,1789629863653005000,7.443005126953125,0.409075915813446,0.0336807332932949,0.0574526414275169
2026-09-17T07:24:23.662965,1789629863662965200,7.45296533203125,0.3754220902919769,-0.1523655652999878,0.0048749162815511
2026-09-17T07:24:23.672924,1789629863672924200,7.462924072265625,0.2971669733524322,-0.2827898859977722,-0.0763834565877914
2026-09-17T07:24:23.682884,1789629863682884000,7.472884033203125,0.1814851015806198,-0.3420183360576629,-0.1726775020360946
2026-09-17T07:24:23.692844,1789629863692844000,7.482843994140625,0.0439554750919342,-0.3165664970874786,-0.2571593523025512
2026-09-17T07:24:23.702803,1789629863702803200,7.49280322265625,-0.0972000509500503,-0.2328596115112304,-0.3199292719364166
2026-09-17T07:24:23.712763,1789629863712763400,7.502763427734375,-0.2290744632482528,-0.1210443973541259,-0.3685900270938873
2026-09-17T07:24:23.722723,1789629863722723300,7.512723388671875,-0.3423402905464172,-0.0069617694243788,-0.4095489084720611
2026-09-17T07:24:23.732682,1789629863732682200,7.52268212890625,-0.4195333421230316,0.089900329709053,-0.4383922517299652
2026-09-17T07:24:23.742642,1789629863742642200,7.53264208984375,-0.4536388516426086,0.1689895540475845,-0.4480195939540863
2026-09-17T07:24:23.752602,1789629863752602000,7.54260205078125,-0.4380785524845123,0.236679121851921,-0.4478842914104461
2026-09-17T07:24:23.762561,1789629863762561000,7.55256103515625,-0.3776575326919555,0.2870781123638153,-0.424654871225357
2026-09-17T07:24:23.772521,1789629863772521200,7.562521240234375,-0.2852479815483093,0.3165009915828705,-0.3738572001457214
2026-09-17T07:24:23.782481,1789629863782481200,7.572481201171875,-0.1652683168649673,0.3236971199512481,-0.2932750284671783
2026-09-17T07:24:23.792440,1789629863792440000,7.582440185546875,-0.0354860872030258,0.3035183250904083,-0.2040617913007736
2026-09-17T07:24:23.802400,1789629863802400000,7.59239990234375,0.0831537395715713,0.26382577419281,-0.1274911165237426
2026-09-17T07:24:23.812360,1789629863812360200,7.602360107421875,0.1664688736200332,0.2110797464847564,-0.0747914165258407
2026-09-17T07:24:23.822320,1789629863822320000,7.612320068359375,0.214584469795227,0.1423835158348083,-0.0438801050186157
2026-09-17T07:24:23.832279,1789629863832279300,7.622279296875,0.2171733230352401,0.0607621520757675,-0.039872583001852
2026-09-17T07:24:23.842239,1789629863842239200,7.6322392578125,0.1666228026151657,-0.0103019056841731,-0.065139852464199
2026-09-17T07:24:23.852199,1789629863852199400,7.642199462890625,0.0777962580323219,-0.0629494041204452,-0.0983694493770599
2026-09-17T07:24:23.862158,1789629863862158300,7.652158447265625,-0.0287717264145612,-0.1166970580816268,-0.1440826058387756
2026-09-17T07:24:23.872118,1789629863872118300,7.6621181640625,-0.1353010982275009,-0.1928916871547699,-0.1810387670993805
2026-09-17T07:24:23.882078,1789629863882078200,7.672078125,-0.2096086144447326,-0.2213638126850128,-0.1852715909481048
2026-09-17T07:24:23.892037,1789629863892037000,7.682037109375,-0.2393651902675628,-0.1743683367967605,-0.1707176864147186
2026-09-17T07:24:23.901997,1789629863901997000,7.6919970703125,-0.2363395690917968,-0.1006214171648025,-0.1585062891244888
2026-09-17T07:24:23.911957,1789629863911957200,7.701957275390625,-0.2136068195104599,-0.0379833355545997,-0.1561736166477203
2026-09-17T07:24:23.921916,1789629863921916200,7.711916259765625,-0.1851954162120819,0.0138495024293661,-0.1496227830648422
2026-09-17T07:24:23.931876,1789629863931876000,7.7218759765625,-0.1656518131494522,0.0531369857490062,-0.1300538778305053
2026-09-17T07:24:23.941836,1789629863941836000,7.7318359375,-0.1582562178373336,0.0624929368495941,-0.10679941624403
2026-09-17T07:24:23.951795,1789629863951795200,7.741795166015625,-0.1501609981060028,0.0429876819252967,-0.0722654089331626
2026-09-17T07:24:23.961755,1789629863961755400,7.75175537109375,-0.1189362406730651,0.0308226272463798,-0.0246126689016819
2026-09-17T07:24:23.971715,1789629863971715300,7.76171533203125,-0.0693439170718193,0.0265490524470806,0.0316665843129158
2026-09-17T07:24:23.981674,1789629863981674200,7.77167431640625,-0.0120494719594717,0.034761443734169,0.0773344710469245
2026-09-17T07:24:23.991634,1789629863991634200,7.78163427734375,0.0484668686985969,0.0670988783240318,0.123071864247322
2026-09-17T07:24:24.001594,1789629864001594400,7.791594482421875,0.1068436279892921,0.1056534573435783,0.1634246110916137
2026-09-17T07:24:24.011553,1789629864011553300,7.80155322265625,0.1355999112129211,0.111822672188282,0.1796666979789734
2026-09-17T07:24:24.021513,1789629864021513200,7.81151318359375,0.1351295858621597,0.0751408264040947,0.1755196303129196
2026-09-17T07:24:24.031473,1789629864031473200,7.82147314453125,0.1049224212765693,0.0204834379255771,0.1508824527263641
2026-09-17T07:24:24.041433,1789629864041433000,7.83143310546875,0.0667380169034004,-0.0460140965878963,0.1221837028861045
2026-09-17T07:24:24.051392,1789629864051392300,7.841392333984375,0.0376658849418163,-0.1004973128437995,0.0934937298297882
2026-09-17T07:24:24.061352,1789629864061352200,7.851352294921875,0.0326013527810573,-0.103676326572895,0.0716789811849594
2026-09-17T07:24:24.071312,1789629864071312100,7.86131201171875,0.0452532321214675,-0.116358034312725,0.0521918311715126
2026-09-17T07:24:24.081271,1789629864081271300,7.871271240234375,0.0654487833380699,-0.1249893382191658,0.033453032374382
2026-09-17T07:24:24.091231,1789629864091231200,7.881231201171875,0.0800735279917717,-0.0931366011500358,0.0395402200520038
2026-09-17T07:24:24.101191,1789629864101191200,7.891191162109375,0.0997793227434158,-0.0496098957955837,0.0610364563763141
2026-09-17T07:24:24.111150,1789629864111150300,7.901150390625,0.1283379942178726,0.0001158475060947,0.0905328318476677
2026-09-17T07:24:24.121110,1789629864121110300,7.9111103515625,0.1845927536487579,0.0744585245847702,0.1333423405885696
2026-09-17T07:24:24.131070,1789629864131070200,7.9210703125,0.271069586277008,0.1379115283489227,0.1955412626266479
2026-09-17T07:24:24.141029,1789629864141029000,7.931029052734375,0.3729972839355469,0.1730394214391708,0.2506641745567322
2026-09-17T07:24:24.150989,1789629864150989300,7.9409892578125,0.4485248029232025,0.1520510464906692,0.2839893698692322
2026-09-17T07:24:24.160949,1789629864160949200,7.95094921875,0.4641833901405334,0.0610135532915592,0.2761455774307251
2026-09-17T07:24:24.170908,1789629864170908200,7.960908203125,0.4106687605381012,-0.0645800605416297,0.2297724783420562
2026-09-17T07:24:24.180868,1789629864180868000,7.9708681640625,0.3099703788757324,-0.1735757887363433,0.1690028756856918
2026-09-17T07:24:24.190828,1789629864190828000,7.980828125,0.1870407313108444,-0.2675475478172302,0.1069504171609878
2026-09-17T07:24:24.200788,1789629864200788200,7.990788330078125,0.0703556537628173,-0.3328858017921448,0.0553721785545349
2026-09-17T07:24:24.210747,1789629864210747100,8.0007470703125,-0.0324383676052093,-0.3700108230113983,0.0224011801183223
2026-09-17T07:24:24.220707,1789629864220707000,8.01070703125,-0.1191732585430145,-0.3834637701511383,7.40358809707e-05
2026-09-17T07:24:24.230667,1789629864230667800,8.020667724609375,-0.1855648010969162,-0.3467688858509063,-0.0146452551707625
2026-09-17T07:24:24.240626,1789629864240626700,8.030626708984375,-0.2143879234790802,-0.2317637205123901,-0.0240864269435405
2026-09-17T07:24:24.250587,1789629864250587000,8.0405869140625,-0.1980670094490051,-0.0593386925756931,-0.0195790268480777
2026-09-17T07:24:24.260546,1789629864260546800,8.050546875,-0.1357319951057434,0.1326501816511154,0.0132763907313346
2026-09-17T07:24:24.270506,1789629864270506000,8.060506103515625,-0.0411991029977798,0.289680004119873,0.0759874433279037
2026-09-17T07:24:24.280466,1789629864280466000,8.0704658203125,0.0806988403201103,0.3744164705276489,0.1672582328319549
2026-09-17T07:24:24.290426,1789629864290426000,8.080426025390626,0.2146912664175033,0.3783353269100189,0.2577058374881744
2026-09-17T07:24:24.300385,1789629864300385000,8.090385009765624,0.3389682173728943,0.2908984124660492,0.3156314492225647
2026-09-17T07:24:24.310345,1789629864310345000,8.100344970703125,0.4508723616600036,0.1760993897914886,0.3525213003158569
2026-09-17T07:24:24.320305,1789629864320305000,8.110304931640625,0.5440795421600342,0.0724659413099289,0.3732010126113891
2026-09-17T07:24:24.330263,1789629864330263800,8.120263916015626,0.5962314009666443,0.0027126958593726,0.3671385943889618
2026-09-17T07:24:24.340224,1789629864340224000,8.13022412109375,0.5986461043357849,-0.0453837253153324,0.3384984135627746
2026-09-17T07:24:24.350184,1789629864350184000,8.140183837890625,0.5445464253425598,-0.0748332291841507,0.2983363568782806
2026-09-17T07:24:24.360142,1789629864360142800,8.150142822265625,0.4351336061954498,-0.0937318205833435,0.2441543489694595
2026-09-17T07:24:24.370102,1789629864370102800,8.160102783203126,0.2800439000129699,-0.1054979264736175,0.1789894551038742
2026-09-17T07:24:24.380062,1789629864380062700,8.170062744140624,0.0917365774512291,-0.1322901248931884,0.0993489548563957
2026-09-17T07:24:24.390023,1789629864390023000,8.18002294921875,-0.1008083671331405,-0.169582113623619,0.0083918869495391
2026-09-17T07:24:24.399982,1789629864399982000,8.189982177734375,-0.2670072019100189,-0.1915063112974167,-0.0742939412593841
2026-09-17T07:24:24.409942,1789629864409942000,8.19994189453125,-0.3886617124080658,-0.1903094947338104,-0.1429235935211181
2026-09-17T07:24:24.419902,1789629864419902000,8.20990185546875,-0.4551552534103393,-0.1545448303222656,-0.1894037425518036
2026-09-17T07:24:24.429860,1789629864429860900,8.21986083984375,-0.4723345041275024,-0.1131731569766998,-0.2032247632741928
2026-09-17T07:24:24.439821,1789629864439821000,8.229821044921875,-0.4497048258781433,-0.0713173225522041,-0.1883267611265182
2026-09-17T07:24:24.449781,1789629864449781000,8.239781005859374,-0.3959507942199707,-0.0198432132601737,-0.1552148908376693
2026-09-17T07:24:24.459740,1789629864459740000,8.249739990234374,-0.3220507502555847,0.0373819917440414,-0.1168344765901565
2026-09-17T07:24:24.469699,1789629864469699800,8.259699951171875,-0.2388669103384018,0.0818248242139816,-0.0757746547460556
2026-09-17T07:24:24.479659,1789629864479659800,8.26965966796875,-0.1439577043056488,0.1259582042694091,-0.0195920765399932
2026-09-17T07:24:24.489619,1789629864489619000,8.279618896484376,-0.0418518409132957,0.1711243391036987,0.056298691779375
2026-09-17T07:24:24.499579,1789629864499579000,8.289578857421875,0.0599402971565723,0.2185203582048416,0.1447854191064834
2026-09-17T07:24:24.509538,1789629864509538800,8.299538818359375,0.1400844007730484,0.2298686206340789,0.219779759645462
2026-09-17T07:24:24.519498,1789629864519498000,8.309498046875,0.1839826256036758,0.196283757686615,0.2656551003456116
2026-09-17T07:24:24.529458,1789629864529458000,8.3194580078125,0.1911867409944534,0.1257331669330597,0.2788217663764953
2026-09-17T07:24:24.539417,1789629864539417900,8.32941796875,0.1524617075920105,0.039715189486742,0.2622057795524597
2026-09-17T07:24:24.549377,1789629864549377000,8.339376953125,0.0879061520099639,-0.017615744844079,0.2339725494384765
2026-09-17T07:24:24.559337,1789629864559337000,8.3493369140625,0.0068429922685027,-0.0509891472756862,0.1847730427980423
2026-09-17T07:24:24.569297,1789629864569297000,8.359296875,-0.0666280314326286,-0.0575557053089141,0.125168576836586
2026-09-17T07:24:24.579257,1789629864579257000,8.369257080078125,-0.1131158992648124,-0.0305757522583007,0.0683316513895988
2026-09-17T07:24:24.589216,1789629864589216000,8.379216064453125,-0.11932373046875,0.0134998299181461,0.0348932705819606
2026-09-17T07:24:24.599176,1789629864599176000,8.389176025390626,-0.0822155103087425,0.0412606224417686,0.0334873870015144
2026-09-17T07:24:24.609135,1789629864609135900,8.399135986328124,-0.0288103427737951,0.0306170303374528,0.0512320287525653
2026-09-17T07:24:24.619094,1789629864619094800,8.4090947265625,0.0268188305199146,-0.0057566887699067,0.0795225203037262
2026-09-17T07:24:24.629055,1789629864629055000,8.419054931640625,0.0645076185464859,-0.0687849223613739,0.1021641865372657
2026-09-17T07:24:24.639015,1789629864639015000,8.429014892578126,0.0813678279519081,-0.1397123634815216,0.1031266525387764
2026-09-17T07:24:24.648973,1789629864648973800,8.438973876953124,0.0761666744947433,-0.1838468015193939,0.0936378091573715
2026-09-17T07:24:24.658933,1789629864658933800,8.448933837890625,0.0668061971664428,-0.1926730424165725,0.0905852913856506
2026-09-17T07:24:24.668893,1789629864668893700,8.458893798828125,0.0751852989196777,-0.1646419465541839,0.0952735245227813
2026-09-17T07:24:24.678852,1789629864678852900,8.468852783203126,0.1081459075212478,-0.1056891456246376,0.1026816368103027
2026-09-17T07:24:24.688813,1789629864688813000,8.47881298828125,0.1690244376659393,-0.048869539052248,0.0982996746897697
2026-09-17T07:24:24.698773,1789629864698773000,8.48877294921875,0.231101393699646,-0.0161997433751821,0.090005524456501
2026-09-17T07:24:24.708732,1789629864708732000,8.49873193359375,0.2727369964122772,-0.0151619082316756,0.0833337754011154
2026-09-17T07:24:24.718691,1789629864718691800,8.50869189453125,0.2811658978462219,-0.0302766785025596,0.0832445546984672
2026-09-17T07:24:24.728652,1789629864728652000,8.518652099609374,0.2537289559841156,-0.0492857918143272,0.0795148015022277
2026-09-17T07:24:24.738611,1789629864738611000,8.52861083984375,0.2021757364273071,-0.0775046423077583,0.0576643608510494
2026-09-17T07:24:24.748571,1789629864748571000,8.53857080078125,0.1728790998458862,-0.0878403708338737,0.0099644837900996
2026-09-17T07:24:24.758530,1789629864758530800,8.54853076171875,0.1844201683998108,-0.0328295864164829,-0.0348083153367042
2026-09-17T07:24:24.768489,1789629864768489700,8.55848974609375,0.237488180398941,0.0928814709186554,-0.0355715751647949
2026-09-17T07:24:24.778450,1789629864778450000,8.568449951171875,0.3197790682315826,0.2331538945436477,0.0121227093040943
2026-09-17T07:24:24.788409,1789629864788409900,8.578409912109375,0.3983537554740906,0.3106795847415924,0.0966724827885627
2026-09-17T07:24:24.798369,1789629864798369800,8.588369873046876,0.4409667551517486,0.3052603006362915,0.1909686177968979
2026-09-17T07:24:24.808329,1789629864808329000,8.598328857421874,0.4485748708248138,0.2355685830116272,0.2711015343666076
2026-09-17T07:24:24.818289,1789629864818289000,8.608288818359375,0.4087089300155639,0.0983625203371048,0.3085266649723053
2026-09-17T07:24:24.828249,1789629864828249000,8.6182490234375,0.3336527943611145,-0.0423200279474258,0.2842194736003876
2026-09-17T07:24:24.838208,1789629864838208000,8.6282080078125,0.2489304542541504,-0.1113291904330253,0.205378457903862
2026-09-17T07:24:24.848168,1789629864848168000,8.63816796875,0.155988797545433,-0.1240827962756156,0.0836203247308731
2026-09-17T07:24:24.858128,1789629864858128000,8.6481279296875,0.0530853234231472,-0.1037021577358245,-0.0690544322133064
2026-09-17T07:24:24.868086,1789629864868086800,8.658086669921875,-0.056373793631792,-0.0488245300948619,-0.2246163338422775
2026-09-17T07:24:24.878047,1789629864878047000,8.668046875,-0.1455025970935821,0.0232310201972723,-0.3414105772972107
2026-09-17T07:24:24.888007,1789629864888007000,8.6780068359375,-0.1995695680379867,0.1005817353725433,-0.3834185004234314
2026-09-17T07:24:24.897965,1789629864897965800,8.6879658203125,-0.2254757285118103,0.1589715480804443,-0.3525380790233612
2026-09-17T07:24:24.907925,1789629864907925800,8.69792578125,-0.2412184774875641,0.1794949322938919,-0.2772268056869507
2026-09-17T07:24:24.917886,1789629864917886000,8.707885986328124,-0.2506460547447204,0.1687722355127334,-0.188455656170845
2026-09-17T07:24:24.927845,1789629864927845000,8.71784521484375,-0.2500354051589966,0.1485013216733932,-0.1130099073052406
2026-09-17T07:24:24.937805,1789629864937805000,8.72780517578125,-0.2393763661384582,0.1164967864751815,-0.0709926858544349
2026-09-17T07:24:24.947765,1789629864947765000,8.737764892578125,-0.2170300483703613,0.0842592194676399,-0.0558331720530986
2026-09-17T07:24:24.957724,1789629864957724000,8.747723876953126,-0.1755063086748123,0.0518730506300926,-0.0548430085182189
2026-09-17T07:24:24.967683,1789629864967683800,8.757683837890625,-0.1123667582869529,-0.0040245689451694,-0.0679292529821395
2026-09-17T07:24:24.977644,1789629864977644000,8.76764404296875,-0.0460734851658344,-0.0614804066717624,-0.0884662196040153
2026-09-17T07:24:24.987603,1789629864987603000,8.77760302734375,0.0038895467296242,-0.1115579530596733,-0.106652945280075
2026-09-17T07:24:24.997563,1789629864997563000,8.78756298828125,0.0251900423318147,-0.1523685008287429,-0.1265677958726883
2026-09-17T07:24:25.007522,1789629865007522800,8.797522705078125,0.0083098616451025,-0.1810813695192337,-0.1602085828781128
2026-09-17T07:24:25.017483,1789629865017483000,8.80748291015625,-0.0467022582888603,-0.2062314599752426,-0.2200452834367752
2026-09-17T07:24:25.027442,1789629865027442000,8.81744189453125,-0.1514017730951309,-0.2613357305526733,-0.3110982179641723
2026-09-17T07:24:25.037401,1789629865037401900,8.82740185546875,-0.2918904423713684,-0.3414025902748108,-0.4211293756961822
2026-09-17T07:24:25.047361,1789629865047361800,8.83736181640625,-0.4374902546405792,-0.3816157877445221,-0.5158178210258484
2026-09-17T07:24:25.057321,1789629865057321000,8.847321044921875,-0.5563290119171143,-0.3506014347076416,-0.5688868761062622
2026-09-17T07:24:25.067281,1789629865067281000,8.857281005859376,-0.6221927404403687,-0.2817448675632477,-0.5802716612815857
2026-09-17T07:24:25.077240,1789629865077240800,8.86724072265625,-0.6216529011726379,-0.1847623884677887,-0.5692775845527649
2026-09-17T07:24:25.087200,1789629865087200000,8.877199951171875,-0.5586057305335999,-0.0593053996562957,-0.5276510119438171
2026-09-17T07:24:25.097160,1789629865097160000,8.887159912109375,-0.4525842368602752,0.075156532227993,-0.4572831392288208
2026-09-17T07:24:25.107119,1789629865107119900,8.897119873046876,-0.3246915340423584,0.1783412396907806,-0.3638429343700409
2026-09-17T07:24:25.117079,1789629865117079000,8.9070791015625,-0.2018532305955886,0.228521317243576,-0.2607026994228363
2026-09-17T07:24:25.127039,1789629865127039000,8.9170390625,-0.1061461418867111,0.2455538362264633,-0.1764959394931793
2026-09-17T07:24:25.136999,1789629865136999000,8.9269990234375,-0.0552949458360672,0.2435266375541687,-0.1213866174221038
2026-09-17T07:24:25.146957,1789629865146957800,8.936957763671876,-0.0478087998926639,0.2113119810819625,-0.0937145054340362
2026-09-17T07:24:25.156917,1789629865156917800,8.946917724609374,-0.0636580735445022,0.1546164751052856,-0.083388902246952
2026-09-17T07:24:25.166878,1789629865166878000,8.9568779296875,-0.0854688286781311,0.0663635805249214,-0.0854147672653198
2026-09-17T07:24:25.176838,1789629865176838000,8.966837890625,-0.0878965631127357,-0.0464892052114009,-0.0882395803928375
2026-09-17T07:24:25.186796,1789629865186796800,8.976796875,-0.0619504526257514,-0.1283268183469772,-0.0806445106863975
2026-09-17T07:24:25.196756,1789629865196756700,8.9867568359375,-0.0212917067110538,-0.1742405146360397,-0.0597389638423919
2026-09-17T07:24:25.206717,1789629865206717000,8.996717041015625,0.020829914137721,-0.1878330111503601,-0.0322223864495754
2026-09-17T07:24:25.216676,1789629865216676000,9.006676025390625,0.0534805357456207,-0.172460988163948,0.0013464941876009
2026-09-17T07:24:25.226636,1789629865226636800,9.01663671875,0.0636593997478485,-0.1320235431194305,0.0348115116357803
2026-09-17T07:24:25.236597,1789629865236597000,9.026596923828125,0.0556246452033519,-0.0654048398137092,0.0551079921424388
2026-09-17T07:24:25.246556,1789629865246556200,9.03655615234375,0.0414449125528335,-0.0233018603175878,0.0542714931070804
2026-09-17T07:24:25.256516,1789629865256516000,9.04651611328125,0.0346594415605068,-0.0180471781641244,0.0395258367061615
2026-09-17T07:24:25.266476,1789629865266476000,9.05647607421875,0.0435450784862041,-0.0405900366604328,0.0265354700386524
2026-09-17T07:24:25.276435,1789629865276435000,9.06643505859375,0.0471155792474746,-0.0852778777480125,0.025915753096342
2026-09-17T07:24:25.286395,1789629865286395000,9.076394775390623,0.0443525500595569,-0.1370068490505218,0.0368735939264297
2026-09-17T07:24:25.296355,1789629865296355000,9.08635498046875,0.0374467074871063,-0.1531006097793579,0.0591964796185493
2026-09-17T07:24:25.306314,1789629865306314000,9.09631396484375,0.0203486811369657,-0.1656432896852493,0.0770614966750145
2026-09-17T07:24:25.316274,1789629865316274000,9.10627392578125,-0.0182903241366148,-0.1762125790119171,0.0847939848899841
2026-09-17T07:24:25.326233,1789629865326233900,9.11623388671875,-0.068477064371109,-0.1996822208166122,0.091733917593956
2026-09-17T07:24:25.336192,1789629865336192800,9.12619287109375,-0.0974983274936676,-0.2026910632848739,0.1037125438451767
2026-09-17T07:24:25.346153,1789629865346153000,9.136153076171874,-0.086739957332611,-0.1759742200374603,0.1150381714105606
2026-09-17T07:24:25.356113,1789629865356113000,9.14611279296875,-0.0387250259518623,-0.1390231400728225,0.1282844692468643
2026-09-17T07:24:25.366072,1789629865366072800,9.15607275390625,0.0163898915052413,-0.1225299090147018,0.137759730219841
2026-09-17T07:24:25.376032,1789629865376032000,9.166031982421876,0.0665369480848312,-0.1147769168019294,0.1503900438547134
2026-09-17T07:24:25.385992,1789629865385992000,9.175991943359374,0.1005854606628418,-0.1088079735636711,0.1537112593650818
2026-09-17T07:24:25.395951,1789629865395951900,9.185951904296877,0.1108010858297348,-0.1069355010986328,0.1481463313102722
2026-09-17T07:24:25.405911,1789629865405911000,9.1959111328125,0.1218060627579689,-0.0733509138226509,0.1340353041887283
2026-09-17T07:24:25.415871,1789629865415871000,9.20587109375,0.1518318653106689,0.0194727666676044,0.1266897618770599
2026-09-17T07:24:25.425831,1789629865425831000,9.215830810546874,0.1975793838500976,0.1212590485811233,0.1359578371047973
2026-09-17T07:24:25.435790,1789629865435790000,9.2257900390625,0.2353885471820831,0.1636078357696533,0.1597933918237686
2026-09-17T07:24:25.445750,1789629865445750000,9.23575,0.2318039387464523,0.1371882110834121,0.1954355388879776
2026-09-17T07:24:25.455710,1789629865455710000,9.2457099609375,0.1889656633138656,0.0820772945880889,0.2298848628997802
2026-09-17T07:24:25.465668,1789629865465668900,9.2556689453125,0.1104002743959426,0.0399492792785167,0.2423708289861679
2026-09-17T07:24:25.475628,1789629865475628800,9.26562890625,0.0206639990210533,0.0241799037903547,0.2179629504680633
2026-09-17T07:24:25.485589,1789629865485589000,9.275589111328124,-0.0625283569097518,-0.0049119344912469,0.1593374609947204
2026-09-17T07:24:25.495548,1789629865495548000,9.2855478515625,-0.1450679749250412,-0.0756670609116554,0.0823768973350524
2026-09-17T07:24:25.505507,1789629865505507800,9.2955078125,-0.2329296618700027,-0.1930978149175644,0.0306492559611797
2026-09-17T07:24:25.515467,1789629865515467800,9.3054677734375,-0.3299454152584076,-0.2982761561870575,0.0226792134344577
2026-09-17T07:24:25.525427,1789629865525427000,9.315427001953124,-0.4030539691448211,-0.3490429520606994,0.0506072491407394
2026-09-17T07:24:25.535387,1789629865535387100,9.32538720703125,-0.4225049018859863,-0.2998727262020111,0.0833116695284843
2026-09-17T07:24:25.545347,1789629865545347000,9.33534716796875,-0.3573727905750274,-0.1106354370713234,0.1486216932535171
2026-09-17T07:24:25.555307,1789629865555307000,9.34530712890625,-0.2189533859491348,0.1906394511461258,0.2303373366594314
2026-09-17T07:24:25.565266,1789629865565266000,9.355265869140624,-0.0269626416265964,0.4737614393234253,0.322369784116745
2026-09-17T07:24:25.575226,1789629865575226000,9.36522607421875,0.1685309559106826,0.6186288595199585,0.4076146483421325
2026-09-17T07:24:25.585186,1789629865585186000,9.37518603515625,0.3218323588371277,0.6014049053192139,0.465639591217041
2026-09-17T07:24:25.595145,1789629865595145000,9.38514501953125,0.4129803776741028,0.4344220161437988,0.5090070366859436
2026-09-17T07:24:25.605105,1789629865605105000,9.39510498046875,0.4488925635814667,0.1628698706626892,0.5281884670257568
2026-09-17T07:24:25.615064,1789629865615064800,9.40506494140625,0.4372162222862243,-0.0795733854174614,0.505983829498291
2026-09-17T07:24:25.625023,1789629865625023700,9.415023681640625,0.4046561419963836,-0.2435825616121292,0.4427803456783294
2026-09-17T07:24:25.634984,1789629865634984000,9.42498388671875,0.3527514040470123,-0.3063652515411377,0.3692728579044342
2026-09-17T07:24:25.644944,1789629865644944000,9.43494384765625,0.2735423147678375,-0.2590067982673645,0.2945866286754608
2026-09-17T07:24:25.654903,1789629865654903000,9.444903076171874,0.1635732203722,-0.1600647717714309,0.2344266176223755
2026-09-17T07:24:25.664863,1789629865664863000,9.454863037109376,0.0338200144469738,-0.0697577744722366,0.1943593621253967
2026-09-17T07:24:25.674823,1789629865674823200,9.4648232421875,-0.1134456023573875,-0.0336953774094581,0.177041620016098
2026-09-17T07:24:25.684782,1789629865684782000,9.474781982421876,-0.2599825859069824,-0.0159422140568494,0.1670124232769012
2026-09-17T07:24:25.694742,1789629865694742000,9.484741943359374,-0.3810014128684997,0.0148063767701387,0.1527645140886306
2026-09-17T07:24:25.704702,1789629865704702000,9.494701904296877,-0.4378085136413574,0.0742601156234741,0.1242069005966186
2026-09-17T07:24:25.714660,1789629865714660900,9.504660888671877,-0.4323985576629638,0.1281315982341766,0.085611842572689
2026-09-17T07:24:25.724621,1789629865724621000,9.51462109375,-0.3822011649608612,0.1458514779806137,0.0503039173781871
2026-09-17T07:24:25.734581,1789629865734581000,9.5245810546875,-0.3031116724014282,0.1168089061975479,0.0432436093688011
2026-09-17T07:24:25.744541,1789629865744541000,9.534541015625,-0.2125255763530731,0.0671998113393783,0.0799033567309379
2026-09-17T07:24:25.754499,1789629865754499800,9.544499755859375,-0.1150341778993606,0.021313278004527,0.1576530039310455
2026-09-17T07:24:25.764459,1789629865764459800,9.554459716796876,-0.0080842915922403,0.0031995216850191,0.2545124590396881
2026-09-17T07:24:25.774420,1789629865774420000,9.564419921875,0.0937637761235237,0.0258142873644828,0.3417381644248962
2026-09-17T07:24:25.784379,1789629865784379000,9.57437890625,0.1645484715700149,0.0703724324703216,0.3968882262706756
2026-09-17T07:24:25.794338,1789629865794338800,9.5843388671875,0.1837501227855682,0.0893623679876327,0.4135747849941253
2026-09-17T07:24:25.804298,1789629865804298800,9.594298828125,0.1521900743246078,0.1036134734749794,0.3953326642513275
2026-09-17T07:24:25.814258,1789629865814258000,9.6042578125,0.0944071933627128,0.1328190267086029,0.3657737076282501
2026-09-17T07:24:25.824218,1789629865824218000,9.614218017578125,0.0235394146293401,0.1301526725292205,0.3244726061820984
2026-09-17T07:24:25.834178,1789629865834178000,9.624177978515624,-0.051894623786211,0.0932915955781936,0.268716961145401
2026-09-17T07:24:25.844137,1789629865844137000,9.634136962890626,-0.1214537248015403,0.0356986075639724,0.2207930982112884
2026-09-17T07:24:25.854097,1789629865854097000,9.644096923828124,-0.1673397272825241,-0.0253615491092205,0.1855357736349105
2026-09-17T07:24:25.864057,1789629865864057000,9.65405712890625,-0.1757063120603561,-0.0494277365505695,0.1690574586391449
2026-09-17T07:24:25.874016,1789629865874016000,9.66401611328125,-0.1442935317754745,-0.0183425210416317,0.1704076826572418
2026-09-17T07:24:25.883976,1789629865883976000,9.673975830078126,-0.0870568677783012,0.0410385131835937,0.1774765104055404
2026-09-17T07:24:25.893935,1789629865893935900,9.683935791015625,-0.0257335919886827,0.0907618626952171,0.1859312504529953
2026-09-17T07:24:25.903895,1789629865903895800,9.693895751953123,0.0171398390084505,0.1119465082883834,0.18150694668293
2026-09-17T07:24:25.913854,1789629865913854700,9.703854736328124,0.0261916574090719,0.0963451787829399,0.1578458249568939
2026-09-17T07:24:25.923815,1789629865923815000,9.71381494140625,0.012100338935852,0.0661348104476928,0.1285691559314727
2026-09-17T07:24:25.933774,1789629865933774800,9.72377490234375,-0.0066437879577279,0.0261043049395084,0.1012110412120819
2026-09-17T07:24:25.943734,1789629865943734000,9.733734130859377,-0.0138662811368703,0.0008210525847971,0.0782460719347
2026-09-17T07:24:25.953694,1789629865953694000,9.74369384765625,-0.0089135998860001,-0.0006775081856176,0.0510631836950778
2026-09-17T07:24:25.963654,1789629865963654100,9.753654052734374,0.0133733293041586,0.0164096001535654,0.0256337244063615
2026-09-17T07:24:25.973613,1789629865973613000,9.763613037109376,0.0373377837240695,0.0262965857982635,-0.0025265410076826
2026-09-17T07:24:25.983573,1789629865983573000,9.773572998046877,0.0511228404939174,0.0216243360191583,-0.0351342856884002
2026-09-17T07:24:25.993533,1789629865993533000,9.783532958984376,0.0477709844708442,0.0131424339488148,-0.0628114491701126
2026-09-17T07:24:26.003491,1789629866003491800,9.793491943359374,0.0334671474993228,0.0309949330985546,-0.074215643107891
2026-09-17T07:24:26.013452,1789629866013452000,9.8034521484375,0.03436915948987,0.0721703320741653,-0.0606455020606517
2026-09-17T07:24:26.023412,1789629866023412000,9.813411865234375,0.0563500896096229,0.1041024327278137,-0.0305352713912725
2026-09-17T07:24:26.033371,1789629866033371000,9.823370849609375,0.0943680480122566,0.1074159368872642,0.0040320260450243
2026-09-17T07:24:26.043330,1789629866043330800,9.833330810546874,0.1514070928096771,0.081510841846466,0.0428971350193023
2026-09-17T07:24:26.053290,1789629866053290800,9.843290771484376,0.2331461757421493,0.0595978163182735,0.0855327472090721
2026-09-17T07:24:26.063250,1789629866063250200,9.853250244140623,0.3301302492618561,0.0584742277860641,0.1376034021377563
2026-09-17T07:24:26.073210,1789629866073210000,9.863210205078126,0.4162669777870178,0.0976240262389183,0.1788347214460373
2026-09-17T07:24:26.083170,1789629866083170000,9.873170166015624,0.4712833762168884,0.1349442303180694,0.2038990706205368
2026-09-17T07:24:26.093130,1789629866093130000,9.8831298828125,0.4823043346405029,0.1472216695547104,0.1883448809385299
2026-09-17T07:24:26.103089,1789629866103089000,9.8930888671875,0.4437180459499359,0.1121915206313133,0.1262860298156738
2026-09-17T07:24:26.113049,1789629866113049000,9.903049072265626,0.357710987329483,0.0347843468189239,0.0227058455348014
2026-09-17T07:24:26.123009,1789629866123009000,9.913009033203124,0.2454446405172348,-0.0527351163327693,-0.1065496131777763
2026-09-17T07:24:26.132968,1789629866132968000,9.922968017578125,0.1271877735853195,-0.1117957755923271,-0.2444342374801635
2026-09-17T07:24:26.142928,1789629866142928000,9.932927978515623,0.0046426886692643,-0.1578849703073501,-0.3704276084899902
2026-09-17T07:24:26.152888,1789629866152888000,9.94288818359375,-0.1117976382374763,-0.1881544589996338,-0.4639138579368591
2026-09-17T07:24:26.162847,1789629866162847000,9.952846923828124,-0.2152867466211319,-0.1740998923778534,-0.4970262944698334
2026-09-17T07:24:26.172807,1789629866172807000,9.962806884765625,-0.272975355386734,-0.0970991179347038,-0.4540364742279053
2026-09-17T07:24:26.182766,1789629866182766800,9.972766845703124,-0.2766952514648437,0.0146316736936569,-0.3500006198883056
2026-09-17T07:24:26.192726,1789629866192726000,9.98272607421875,-0.2304686307907104,0.1172312870621681,-0.2188178300857544
2026-09-17T07:24:26.202686,1789629866202686000,9.99268603515625,-0.1585401147603988,0.1925617307424545,-0.1014784201979637
2026-09-17T07:24:26.212646,1789629866212646000,10.00264599609375,-0.0750673189759254,0.2383750230073928,-0.0169965606182813
2026-09-17T07:24:26.222603,1789629866222603500,10.012603515625,0.0076137110590934,0.245315745472908,0.0266145672649145
2026-09-17T07:24:26.232563,1789629866232563700,10.022563720703126,0.081975556910038,0.2361411601305008,0.0333667434751987
2026-09-17T07:24:26.242523,1789629866242523600,10.032523681640624,0.1355029642581939,0.2360972166061401,0.0113533223047852
2026-09-17T07:24:26.252482,1789629866252482600,10.042482666015625,0.1557778716087341,0.2234506607055664,-0.0178687460720539
2026-09-17T07:24:26.262442,1789629866262442500,10.0524423828125,0.1498576700687408,0.2012374997138977,-0.0508027262985706
2026-09-17T07:24:26.272402,1789629866272402700,10.062402587890626,0.1241419240832328,0.1784858554601669,-0.0698009207844734
2026-09-17T07:24:26.282362,1789629866282362600,10.072362548828124,0.0908103287220001,0.1658661961555481,-0.0807821974158287
2026-09-17T07:24:26.292321,1789629866292321800,10.08232177734375,0.0496149584650993,0.1642893403768539,-0.1052025854587555
2026-09-17T07:24:26.302281,1789629866302281700,10.09228173828125,0.0005233111442066,0.1664382517337799,-0.1538079380989074
2026-09-17T07:24:26.312241,1789629866312241700,10.10224169921875,-0.074456125497818,0.1435952484607696,-0.2362586110830307
2026-09-17T07:24:26.322200,1789629866322200800,10.112200927734374,-0.1766629219055175,0.0708779022097587,-0.3449038565158844
2026-09-17T07:24:26.332160,1789629866332160800,10.122160888671877,-0.2854413390159607,-0.0573564991354942,-0.4651418626308441
2026-09-17T07:24:26.342120,1789629866342120700,10.13212060546875,-0.3908542990684509,-0.200555995106697,-0.5820745825767517
2026-09-17T07:24:26.352079,1789629866352079600,10.14207958984375,-0.4624459445476532,-0.247111514210701,-0.657062828540802
2026-09-17T07:24:26.362039,1789629866362039600,10.15203955078125,-0.4961788654327392,-0.2194303572177887,-0.6575778722763062
2026-09-17T07:24:26.371999,1789629866371999700,10.161999755859377,-0.4766775965690613,-0.1324557811021804,-0.5891892313957214
2026-09-17T07:24:26.381958,1789629866381958700,10.171958740234375,-0.3987772166728973,-0.0112060494720935,-0.4756197929382324
2026-09-17T07:24:26.391918,1789629866391918600,10.181918701171876,-0.2624526619911194,0.1649463474750518,-0.3339247107505798
2026-09-17T07:24:26.401878,1789629866401878500,10.19187841796875,-0.0902768969535827,0.3433688282966614,-0.1950480490922927
2026-09-17T07:24:26.411837,1789629866411837700,10.201837646484377,0.0731519758701324,0.4418389201164245,-0.0934399366378784
2026-09-17T07:24:26.421797,1789629866421797600,10.211797607421875,0.1929944902658462,0.4389360845088959,-0.0413716733455657
2026-09-17T07:24:26.431757,1789629866431757600,10.221757568359376,0.2612345218658447,0.3676480650901794,-0.0199795663356781
2026-09-17T07:24:26.441717,1789629866441717500,10.231717529296876,0.2786047458648681,0.2421830743551254,-0.0198650509119033
2026-09-17T07:24:26.451676,1789629866451676700,10.2416767578125,0.259602278470993,0.1216675788164138,-0.0408941693603992
2026-09-17T07:24:26.461636,1789629866461636600,10.25163671875,0.2081625163555145,0.0285823754966259,-0.0761022269725799
2026-09-17T07:24:26.471596,1789629866471596800,10.2615966796875,0.1358907222747802,-0.044699028134346,-0.1190933659672737
2026-09-17T07:24:26.481555,1789629866481555700,10.2715556640625,0.0574526414275169,-0.0876640751957893,-0.1809218525886535
2026-09-17T07:24:26.491515,1789629866491515600,10.281515625,-0.0089109372347593,-0.0708627179265022,-0.2522543370723724
2026-09-17T07:24:26.501475,1789629866501475600,10.2914755859375,-0.0521686635911464,-0.0098028294742107,-0.3095586597919464
2026-09-17T07:24:26.511434,1789629866511434500,10.3014345703125,-0.0824506655335426,0.0352027267217636,-0.3457563519477844
2026-09-17T07:24:26.521394,1789629866521394700,10.311394775390625,-0.1148299127817154,0.0364568121731281,-0.3527514040470123
2026-09-17T07:24:26.531354,1789629866531354600,10.321354736328123,-0.1513157486915588,0.0188692957162857,-0.3422068655490875
2026-09-17T07:24:26.541313,1789629866541313500,10.3313134765625,-0.1823218762874603,0.0014120079576969,-0.3239738047122955
2026-09-17T07:24:26.551273,1789629866551273500,10.3412734375,-0.2004287093877792,-0.0104363951832056,-0.3065186440944671
2026-09-17T07:24:26.561233,1789629866561233700,10.351233642578125,-0.2077641189098358,-0.0204988829791545,-0.2962644100189209
2026-09-17T07:24:26.571192,1789629866571192800,10.36119287109375,-0.1985844671726226,-0.0320242457091808,-0.285351037979126
2026-09-17T07:24:26.581152,1789629866581152800,10.37115283203125,-0.1772637218236923,-0.0554635263979435,-0.2589841485023498
2026-09-17T07:24:26.591112,1789629866591112700,10.38111279296875,-0.1510800570249557,-0.0900364145636558,-0.211537018418312
2026-09-17T07:24:26.601072,1789629866601072600,10.39107275390625,-0.1191258579492569,-0.1367589086294174,-0.1489055901765823
2026-09-17T07:24:26.611031,1789629866611031800,10.40103173828125,-0.0680834427475929,-0.1690875589847564,-0.0872930958867073
2026-09-17T07:24:26.620991,1789629866620991700,10.41099169921875,0.0133890425786376,-0.1723320931196212,-0.0444670654833316
2026-09-17T07:24:26.630951,1789629866630951700,10.42095166015625,0.1201362609863281,-0.1487029194831848,-0.0330953672528266
2026-09-17T07:24:26.640910,1789629866640910600,10.43091064453125,0.2249878346920013,-0.1293212324380874,-0.0459472499787807
2026-09-17T07:24:26.650870,1789629866650870500,10.44087060546875,0.2974330186843872,-0.1313963681459427,-0.0695468559861183
2026-09-17T07:24:26.660830,1789629866660830700,10.450830810546876,0.3138692378997803,-0.1629601567983627,-0.0858525931835174
2026-09-17T07:24:26.670789,1789629866670789600,10.46078955078125,0.2789205908775329,-0.1992926001548767,-0.09430892765522
2026-09-17T07:24:26.680749,1789629866680749600,10.47074951171875,0.2112118452787399,-0.2037637829780578,-0.1011503189802169
2026-09-17T07:24:26.690709,1789629866690709500,10.48070947265625,0.1417693793773651,-0.1621817201375961,-0.1033676639199256
2026-09-17T07:24:26.700668,1789629866700668700,10.490668701171876,0.0615903921425342,-0.0899503976106643,-0.0830946192145347
2026-09-17T07:24:26.710628,1789629866710628900,10.50062890625,-0.0102057661861181,-0.0227383356541395,-0.0356091260910034
2026-09-17T07:24:26.720588,1789629866720588800,10.5105888671875,-0.04775021225214,0.0288457628339529,0.0124276410788297
2026-09-17T07:24:26.730547,1789629866730547700,10.520547607421875,-0.0555000118911266,0.078515850007534,0.0433562621474266
2026-09-17T07:24:26.740507,1789629866740507600,10.530507568359376,-0.0464098416268825,0.103522665798664,0.0556185208261013
2026-09-17T07:24:26.750467,1789629866750467800,10.5404677734375,-0.0536696203052997,0.0982402861118316,0.0546651110053062
2026-09-17T07:24:26.760426,1789629866760426800,10.5504267578125,-0.088539183139801,0.0616955868899822,0.0509774312376976
2026-09-17T07:24:26.770386,1789629866770386700,10.56038671875,-0.1438141614198684,0.027655329555273,0.0404339767992496
2026-09-17T07:24:26.780346,1789629866780346600,10.5703466796875,-0.1963340938091278,0.0047438889741897,0.0288545507937669
2026-09-17T07:24:26.790306,1789629866790306600,10.580306640625,-0.2286592721939087,0.0001973402395378,0.0189236234873533
2026-09-17T07:24:26.800265,1789629866800265500,10.590265380859377,-0.235584557056427,0.0026921895332634,0.0179795324802398
2026-09-17T07:24:26.810225,1789629866810225700,10.6002255859375,-0.2190503180027008,0.0202077999711036,0.0344993881881237
2026-09-17T07:24:26.820185,1789629866820185600,10.610185546875,-0.1728934794664383,0.0578148290514946,0.0641550198197364
2026-09-17T07:24:26.830144,1789629866830144800,10.620144775390624,-0.1048289462924003,0.0981161817908287,0.1031918972730636
2026-09-17T07:24:26.840104,1789629866840104700,10.630104736328123,-0.0296769347041845,0.1382761150598526,0.1294424086809158
2026-09-17T07:24:26.850064,1789629866850064600,10.640064697265624,0.0295879859477281,0.1535493433475494,0.126587763428688
2026-09-17T07:24:26.860023,1789629866860023800,10.65002392578125,0.0732752755284309,0.1592676788568496,0.1086577698588371
2026-09-17T07:24:26.869983,1789629866869983700,10.659983642578124,0.0960458368062973,0.1412236988544464,0.1022858917713165
2026-09-17T07:24:26.879943,1789629866879943700,10.669943603515623,0.1101890876889228,0.1183375641703605,0.1019396781921386
2026-09-17T07:24:26.889902,1789629866889902600,10.679902587890624,0.1314094215631485,0.1165886670351028,0.0790807008743286
2026-09-17T07:24:26.899862,1789629866899862800,10.68986279296875,0.169626846909523,0.1052537187933921,0.0308178327977657
2026-09-17T07:24:26.909822,1789629866909822700,10.69982275390625,0.2195296883583068,0.0788394212722778,-0.0222027730196714
2026-09-17T07:24:26.919781,1789629866919781600,10.70978173828125,0.246936023235321,0.0352533273398876,-0.0651933848857879
2026-09-17T07:24:26.929741,1789629866929741600,10.719741455078124,0.2294132113456726,-0.0204155258834362,-0.0762684047222137
2026-09-17T07:24:26.939701,1789629866939701500,10.729701416015626,0.1676118969917297,-0.0566824525594711,-0.072202555835247
2026-09-17T07:24:26.949661,1789629866949661700,10.73966162109375,0.0796791166067123,-0.0635259822010994,-0.0536443181335926
2026-09-17T07:24:26.959620,1789629866959620600,10.74962060546875,-0.0205966215580701,-0.0613472461700439,-0.0282217841595411
2026-09-17T07:24:26.969580,1789629866969580500,10.75958056640625,-0.1062212437391281,-0.0434020683169364,-0.0075205005705356
2026-09-17T07:24:26.979540,1789629866979540500,10.76954052734375,-0.1747971028089523,-0.0188415981829166,0.0001893507578643
2026-09-17T07:24:26.989499,1789629866989499600,10.779499755859376,-0.2294254601001739,-0.0276516005396842,-0.0078789619728922
2026-09-17T07:24:26.999459,1789629866999459800,10.7894599609375,-0.2599820494651794,-0.0447666719555854,-0.0236786976456642
2026-09-17T07:24:27.009419,1789629867009419800,10.799419677734376,-0.2450512945652008,-0.0149728246033191,-0.034631747752428
2026-09-17T07:24:27.019378,1789629867019378700,10.809378662109374,-0.1897883117198944,0.0683060884475708,-0.0425666347146034
2026-09-17T07:24:27.029338,1789629867029338600,10.819338623046876,-0.0980711728334426,0.1655972152948379,-0.0321531407535076
2026-09-17T07:24:27.039298,1789629867039298800,10.829298828125,0.008673382923007,0.2308180332183838,-0.0078589878976345
2026-09-17T07:24:27.049257,1789629867049257700,10.8392578125,0.1091536507010459,0.2546072602272033,0.0279069989919662
2026-09-17T07:24:27.059217,1789629867059217700,10.8492177734375,0.1805671155452728,0.225717008113861,0.0799393057823181
2026-09-17T07:24:27.069177,1789629867069177600,10.859177490234377,0.2207566052675247,0.1875477880239486,0.1441909968852996
2026-09-17T07:24:27.079136,1789629867079136500,10.869136474609377,0.2342420667409896,0.1482504606246948,0.2145482450723648
2026-09-17T07:24:27.089096,1789629867089096400,10.879096435546876,0.2243617326021194,0.0956181362271308,0.2739340662956238
2026-09-17T07:24:27.099056,1789629867099056600,10.889056640625,0.2007283121347427,0.0593434832990169,0.2986910939216614
2026-09-17T07:24:27.109016,1789629867109016600,10.8990166015625,0.1743933707475662,0.0436326973140239,0.2794726490974426
2026-09-17T07:24:27.118975,1789629867118975700,10.908975830078123,0.1382849067449569,0.0442572087049484,0.2089497596025467
2026-09-17T07:24:27.128935,1789629867128935700,10.918935791015626,0.0814450606703758,0.0342226848006248,0.1175487339496612
2026-09-17T07:24:27.138896,1789629867138896000,10.928895751953124,-0.0013824469642713,0.0033385388087481,0.0259626246988773
2026-09-17T07:24:27.148854,1789629867148854800,10.938854736328125,-0.0987699851393699,-0.0572302676737308,-0.0441839732229709
2026-09-17T07:24:27.158814,1789629867158814700,10.948814697265624,-0.1828177571296692,-0.1076231300830841,-0.0962532982230186
2026-09-17T07:24:27.168774,1789629867168774700,10.958774658203126,-0.2444262504577636,-0.1128221526741981,-0.1331130415201187
2026-09-17T07:24:27.178733,1789629867178733600,10.968733642578124,-0.2813539206981659,-0.096355028450489,-0.1596144288778305
2026-09-17T07:24:27.188693,1789629867188693800,10.97869384765625,-0.2898424863815307,-0.0801339820027351,-0.1573869585990905
2026-09-17T07:24:27.198653,1789629867198653700,10.98865380859375,-0.2865939438343048,-0.082616314291954,-0.1254583150148391
2026-09-17T07:24:27.208612,1789629867208612600,10.998612548828126,-0.2899628579616546,-0.1175751015543937,-0.0762039572000503
2026-09-17T07:24:27.218572,1789629867218572500,11.008572509765624,-0.2917772531509399,-0.1703656166791916,-0.0134007604792714
2026-09-17T07:24:27.228532,1789629867228532200,11.0185322265625,-0.2796457707881927,-0.2143192142248153,0.0559676624834537
2026-09-17T07:24:27.238491,1789629867238491400,11.028491455078123,-0.2464310824871063,-0.2341549694538116,0.1186467558145523
2026-09-17T07:24:27.248451,1789629867248451300,11.038451416015626,-0.1918546557426452,-0.2260768115520477,0.1689589321613311
2026-09-17T07:24:27.258411,1789629867258411300,11.048411376953124,-0.1249704286456108,-0.1975458264350891,0.2112613767385482
2026-09-17T07:24:27.268371,1789629867268371200,11.05837109375,-0.0510370843112468,-0.1720335483551025,0.2489781230688095
2026-09-17T07:24:27.278330,1789629867278330000,11.068330078125,0.0253959037363529,-0.1644035875797271,0.2808420658111572
2026-09-17T07:24:27.288290,1789629867288290300,11.078290283203126,0.088599108159542,-0.1772408187389373,0.3046672344207763
2026-09-17T07:24:27.298250,1789629867298250200,11.088250244140625,0.1363149583339691,-0.2127042710781097,0.3339747786521911
2026-09-17T07:24:27.308209,1789629867308209200,11.098209228515625,0.1702058166265487,-0.2404336482286453,0.382704496383667
2026-09-17T07:24:27.318169,1789629867318169000,11.108169189453124,0.1847576051950454,-0.259677916765213,0.4291684031486511
2026-09-17T07:24:27.328129,1789629867328129300,11.11812939453125,0.17152701318264,-0.2868488132953644,0.4487690031528473
2026-09-17T07:24:27.338088,1789629867338088200,11.128088134765624,0.1402931958436966,-0.3153017461299896,0.4216052889823913
2026-09-17T07:24:27.348048,1789629867348048100,11.138048095703123,0.097412571310997,-0.3326930105686188,0.3443019986152649
2026-09-17T07:24:27.358008,1789629867358008000,11.148008056640624,0.0309270229190588,-0.4054361879825592,0.2338180840015411
2026-09-17T07:24:27.367967,1789629867367967200,11.15796728515625,-0.0332232005894184,-0.4712777733802795,0.1174086481332779
2026-09-17T07:24:27.377927,1789629867377927400,11.167927490234376,-0.0636932253837585,-0.478860855102539,0.0224302075803279
2026-09-17T07:24:27.387887,1789629867387887400,11.177887451171877,-0.0651262700557708,-0.4198817014694214,-0.065916433930397
2026-09-17T07:24:27.397846,1789629867397846300,11.18784619140625,-0.0512069948017597,-0.3294407427310943,-0.1442434638738632
2026-09-17T07:24:27.407806,1789629867407806200,11.19780615234375,-0.0482655316591262,-0.2619756758213043,-0.200261190533638
2026-09-17T07:24:27.417766,1789629867417766100,11.20776611328125,-0.0473973415791988,-0.2012148648500442,-0.2108448594808578
2026-09-17T07:24:27.427726,1789629867427726300,11.217726318359375,-0.0288042183965444,-0.1482232958078384,-0.1573720425367355
2026-09-17T07:24:27.437685,1789629867437685200,11.227685302734375,0.0187595728784799,-0.1150791868567466,-0.0647401139140129
2026-09-17T07:24:27.447645,1789629867447645200,11.237645263671874,0.0886750072240829,-0.1028645932674408,0.0259122904390096
2026-09-17T07:24:27.457605,1789629867457605000,11.247605224609377,0.15940722823143,-0.111263670027256,0.0899892747402191
2026-09-17T07:24:27.467564,1789629867467564000,11.25756396484375,0.2020252645015716,-0.1457726508378982,0.0965901911258697
2026-09-17T07:24:27.477524,1789629867477524200,11.267524169921876,0.199830025434494,-0.2097249925136566,0.0558198578655719
2026-09-17T07:24:27.487484,1789629867487484200,11.277484130859374,0.1570367515087127,-0.2724637389183044,-0.0097695402801036
2026-09-17T07:24:27.497443,1789629867497443000,11.287443115234376,0.0917786583304405,-0.2959272563457489,-0.0768321976065635
2026-09-17T07:24:27.507403,1789629867507403000,11.297403076171875,0.0175528954714536,-0.2928137481212616,-0.1554013043642044
2026-09-17T07:24:27.517363,1789629867517363200,11.30736328125,-0.0624471306800842,-0.2817853391170501,-0.2508354187011719
2026-09-17T07:24:27.527322,1789629867527322400,11.317322265625,-0.1459137946367263,-0.2555332481861114,-0.331820011138916
2026-09-17T07:24:27.537282,1789629867537282300,11.3272822265625,-0.2227529138326645,-0.1976172029972076,-0.3758077025413513
2026-09-17T07:24:27.547242,1789629867547242200,11.3372421875,-0.2761916518211365,-0.1090311482548713,-0.3852102756500244
2026-09-17T07:24:27.557201,1789629867557201200,11.347201171875,-0.3029244542121887,0.0012173309223726,-0.3704656660556793
2026-09-17T07:24:27.567161,1789629867567161000,11.3571611328125,-0.2963195443153381,0.1427278518676757,-0.3404044508934021
2026-09-17T07:24:27.577121,1789629867577121300,11.367121337890625,-0.253814697265625,0.3190839886665344,-0.303874135017395
2026-09-17T07:24:27.587081,1789629867587081200,11.377081298828124,-0.1720074415206909,0.4904357492923736,-0.2688991129398346
2026-09-17T07:24:27.597040,1789629867597040000,11.3870400390625,-0.0797837749123573,0.6049413084983826,-0.2526871263980865
2026-09-17T07:24:27.607000,1789629867607000000,11.397,0.0091676656156778,0.6335582733154297,-0.2431354224681854
2026-09-17T07:24:27.616960,1789629867616960300,11.406960205078123,0.0819007232785224,0.5530802011489868,-0.2359448820352554
2026-09-17T07:24:27.626919,1789629867626919200,11.416919189453123,0.1381948888301849,0.3797729015350342,-0.2330532222986221
2026-09-17T07:24:27.636879,1789629867636879000,11.426879150390626,0.189090296626091,0.2243721187114715,-0.2320782393217086
2026-09-17T07:24:27.646839,1789629867646839000,11.436839111328124,0.2249968945980072,0.097640536725521,-0.233546182513237
2026-09-17T07:24:27.656798,1789629867656798200,11.446798095703125,0.2274262309074401,-0.0102821988984942,-0.242287203669548
2026-09-17T07:24:27.666758,1789629867666758400,11.45675830078125,0.1899851113557815,-0.0834474861621856,-0.257217675447464
2026-09-17T07:24:27.676718,1789629867676718300,11.46671826171875,0.1080151498317718,-0.1349903047084808,-0.2798601388931274
2026-09-17T07:24:27.686677,1789629867686677200,11.47667724609375,-0.0114531908184289,-0.1582144051790237,-0.2962785363197326
2026-09-17T07:24:27.696637,1789629867696637200,11.48663720703125,-0.1569893509149551,-0.1517903208732605,-0.3086345493793487
2026-09-17T07:24:27.706597,1789629867706597000,11.49659716796875,-0.3088175058364868,-0.128830686211586,-0.3047207593917846
2026-09-17T07:24:27.716556,1789629867716556300,11.506556396484376,-0.4303172826766968,-0.0865205079317092,-0.2763005495071411
2026-09-17T07:24:27.726516,1789629867726516200,11.51651611328125,-0.5021421909332275,-0.0292838532477617,-0.2352665811777115
2026-09-17T07:24:27.736476,1789629867736476200,11.52647607421875,-0.5211681127548218,0.0426915362477302,-0.1871373951435089
2026-09-17T07:24:27.746436,1789629867746436000,11.53643603515625,-0.5019779205322266,0.1151241883635521,-0.1329415440559387
2026-09-17T07:24:27.756395,1789629867756395000,11.54639501953125,-0.4511152505874634,0.1770924925804138,-0.0777717605233192
2026-09-17T07:24:27.766355,1789629867766355200,11.556355224609376,-0.3825167417526245,0.2337059676647186,-0.0106936572119593
2026-09-17T07:24:27.776315,1789629867776315100,11.566315185546877,-0.297863632440567,0.2920970916748047,0.0561841763556003
2026-09-17T07:24:27.786274,1789629867786274300,11.5762744140625,-0.2131666094064712,0.3493950068950653,0.1103954836726188
2026-09-17T07:24:27.796234,1789629867796234200,11.586234130859374,-0.1489929407835006,0.4037543833255768,0.1476794779300689
2026-09-17T07:24:27.806194,1789629867806194400,11.5961943359375,-0.118779644370079,0.4266916811466217,0.1721704304218292
2026-09-17T07:24:27.816153,1789629867816153300,11.6061533203125,-0.1150813177227974,0.4151902794837951,0.1884197145700454
2026-09-17T07:24:27.826113,1789629867826113300,11.61611328125,-0.136170357465744,0.3904955685138702,0.1903150826692581
2026-09-17T07:24:27.836073,1789629867836073200,11.6260732421875,-0.1882995963096618,0.3120090365409851,0.1753838062286377
2026-09-17T07:24:27.846032,1789629867846032100,11.6360322265625,-0.2521118819713592,0.1401091665029525,0.1334400773048401
2026-09-17T07:24:27.855992,1789629867855992300,11.645992431640623,-0.3096944689750671,-0.0905011370778083,0.0870664566755294
2026-09-17T07:24:27.865952,1789629867865952300,11.6559521484375,-0.3178906142711639,-0.2879399061203003,0.0488924421370029
2026-09-17T07:24:27.875911,1789629867875911200,11.6659111328125,-0.2780843377113342,-0.3678176999092102,0.0291134100407362
2026-09-17T07:24:27.885871,1789629867885871000,11.67587109375,-0.2187278121709823,-0.3594204783439636,0.0267945956438779
2026-09-17T07:24:27.895831,1789629867895831000,11.6858310546875,-0.1632861346006393,-0.3162863254547119,0.0320056043565273
2026-09-17T07:24:27.905791,1789629867905791200,11.695791259765626,-0.1309311240911483,-0.2255625575780868,0.0425333455204963
2026-09-17T07:24:27.915750,1789629867915750100,11.705750244140624,-0.1267845779657364,-0.1266551464796066,0.0553988106548786
2026-09-17T07:24:27.925710,1789629867925710000,11.7157099609375,-0.1498608738183975,-0.0727631524205207,0.0590832941234111
2026-09-17T07:24:27.935670,1789629867935670000,11.725669921875,-0.174480453133583,-0.0516951531171798,0.0553466118872165
2026-09-17T07:24:27.945629,1789629867945629200,11.735629150390626,-0.1589124202728271,-0.0180341284722089,0.0614236779510974
2026-09-17T07:24:27.955589,1789629867955589400,11.74558935546875,-0.0832520127296447,0.046501986682415,0.0863910838961601
2026-09-17T07:24:27.965549,1789629867965549300,11.75554931640625,0.0308804176747798,0.1186454221606254,0.1099816262722015
2026-09-17T07:24:27.975508,1789629867975508200,11.76550830078125,0.1567115783691406,0.1739201247692108,0.1397698819637298
2026-09-17T07:24:27.985468,1789629867985468200,11.77546826171875,0.2641126215457916,0.1953740268945694,0.1869288682937622
2026-09-17T07:24:27.995428,1789629867995428000,11.785427978515624,0.3322573006153106,0.1540428251028061,0.2269966602325439
2026-09-17T07:24:28.005387,1789629868005387300,11.79538720703125,0.3618434369564056,0.0612258054316043,0.252283364534378
2026-09-17T07:24:28.015347,1789629868015347200,11.80534716796875,0.3747208714485168,-0.0408531576395034,0.2605338394641876
2026-09-17T07:24:28.025307,1789629868025307100,11.81530712890625,0.3907432556152344,-0.1211282908916473,0.2500582933425903
2026-09-17T07:24:28.035266,1789629868035266000,11.82526611328125,0.4130493700504303,-0.168265700340271,0.2056197375059127
2026-09-17T07:24:28.045226,1789629868045226000,11.83522607421875,0.4323018789291382,-0.1982233375310897,0.1269174665212631
2026-09-17T07:24:28.055186,1789629868055186200,11.845186279296875,0.4355818331241607,-0.2026601731777191,0.0418989807367324
2026-09-17T07:24:28.065146,1789629868065146000,11.85514599609375,0.4213136732578277,-0.1762464046478271,-0.0321475490927696
2026-09-17T07:24:28.075105,1789629868075105300,11.865105224609374,0.3924562036991119,-0.1469918489456176,-0.0860925391316413
2026-09-17T07:24:28.085065,1789629868085065200,11.875065185546877,0.3500480353832245,-0.1238726750016212,-0.1362907290458679
2026-09-17T07:24:28.095025,1789629868095025400,11.885025390625,0.2830442190170288,-0.115540973842144,-0.1936538815498352
2026-09-17T07:24:28.104984,1789629868104984300,11.894984375,0.1821831166744232,-0.106382630765438,-0.2403585463762283
2026-09-17T07:24:28.114944,1789629868114944300,11.9049443359375,0.0504908710718154,-0.0975854098796844,-0.2554693222045898
2026-09-17T07:24:28.124904,1789629868124904200,11.914904296875,-0.0803094878792762,-0.0585759617388248,-0.2302553057670593
2026-09-17T07:24:28.134863,1789629868134863000,11.924863037109375,-0.1808629930019378,-0.0227665659040212,-0.1921593248844146
2026-09-17T07:24:28.144823,1789629868144823300,11.9348232421875,-0.245892584323883,-0.0352477356791496,-0.1666267961263656
2026-09-17T07:24:28.154783,1789629868154783200,11.944783203125,-0.2920217514038086,-0.1092457994818687,-0.1490174382925033
2026-09-17T07:24:28.164742,1789629868164742100,11.9547421875,-0.3230803310871124,-0.2310694307088852,-0.1136996671557426
2026-09-17T07:24:28.174702,1789629868174702000,11.9647021484375,-0.3220131993293762,-0.3318080306053161,-0.0562187992036342
2026-09-17T07:24:28.184662,1789629868184662000,11.974662109375,-0.2687539756298065,-0.3295928239822387,0.0021720742806792
2026-09-17T07:24:28.194621,1789629868194621200,11.98462109375,-0.1503676623106002,-0.1990334689617157,0.0525995604693889
2026-09-17T07:24:28.204581,1789629868204581400,11.994581298828123,0.02055374532938,0.0054914383217692,0.0852208882570266
2026-09-17T07:24:28.214541,1789629868214541300,12.004541259765626,0.2103729397058487,0.2294696718454361,0.1157012954354286
2026-09-17T07:24:28.224501,1789629868224501200,12.014501220703124,0.3620519638061523,0.3677111566066742,0.1439190953969955
2026-09-17T07:24:28.234460,1789629868234460400,12.02446044921875,0.4476076066493988,0.3928306400775909,0.1753406673669815
2026-09-17T07:24:28.244420,1789629868244420600,12.034420654296875,0.4694242179393768,0.3469747304916382,0.2198807001113891
2026-09-17T07:24:28.254380,1789629868254380500,12.044380615234376,0.4588557183742523,0.2761242687702179,0.2644795775413513
2026-09-17T07:24:28.264339,1789629868264339500,12.05433935546875,0.4491160213947296,0.2192303538322448,0.2893673777580261
2026-09-17T07:24:28.274299,1789629868274299400,12.06429931640625,0.4482390284538269,0.1633420586585998,0.3042267262935638
2026-09-17T07:24:28.284259,1789629868284259300,12.07425927734375,0.4481037557125091,0.0897234976291656,0.3135592639446258
2026-09-17T07:24:28.294218,1789629868294218200,12.08421826171875,0.4363301694393158,0.0086656594648957,0.3245682418346405
2026-09-17T07:24:28.304178,1789629868304178400,12.094178466796874,0.3991007804870605,-0.0757589414715766,0.333834707736969
2026-09-17T07:24:28.314138,1789629868314138400,12.104138427734377,0.325463056564331,-0.1768349558115005,0.3328453302383423
2026-09-17T07:24:28.324097,1789629868324097300,12.11409716796875,0.2071366757154464,-0.2914246618747711,0.308580994606018
2026-09-17T07:24:28.334057,1789629868334057200,12.12405712890625,0.0431623831391334,-0.4004424810409546,0.2696482539176941
2026-09-17T07:24:28.344017,1789629868344017400,12.134017333984374,-0.1321716159582138,-0.4456043839454651,0.2231222987174987
2026-09-17T07:24:28.353976,1789629868353976600,12.1439765625,-0.2738909423351288,-0.4062481820583343,0.1755161583423614
2026-09-17T07:24:28.363936,1789629868363936500,12.1539365234375,-0.3644759654998779,-0.2787887454032898,0.125283882021904
2026-09-17T07:24:28.373896,1789629868373896400,12.163896484375,-0.3917786777019501,-0.1097486019134521,0.0866027995944023
2026-09-17T07:24:28.383856,1789629868383856400,12.1738564453125,-0.3682283461093902,0.041763424873352,0.0713713839650154
2026-09-17T07:24:28.393815,1789629868393815600,12.183815673828123,-0.3096169829368591,0.1454128623008728,0.0890212208032608
2026-09-17T07:24:28.403775,1789629868403775500,12.193775390625,-0.2348804175853729,0.1763348132371902,0.1294232308864593
2026-09-17T07:24:28.413735,1789629868413735400,12.2037353515625,-0.1598000526428222,0.1416458189487457,0.1824744641780853
2026-09-17T07:24:28.423694,1789629868423694300,12.2136943359375,-0.1056385412812233,0.0660200268030166,0.2281615287065506
2026-09-17T07:24:28.433654,1789629868433654300,12.223654296875,-0.0781022608280181,-0.0235564578324556,0.2603636682033539
2026-09-17T07:24:28.443614,1789629868443614500,12.233614501953124,-0.0574542395770549,-0.0686067566275596,0.2697918117046356
2026-09-17T07:24:28.453573,1789629868453573400,12.243573486328126,-0.039488285779953,-0.0570939108729362,0.258369505405426
2026-09-17T07:24:28.463533,1789629868463533300,12.253533203125,-0.0173169393092393,0.0023276028223335,0.2354833632707595
2026-09-17T07:24:28.473493,1789629868473493200,12.2634931640625,-0.0032032502349466,0.0896537229418754,0.2117186486721038
2026-09-17T07:24:28.483452,1789629868483452400,12.273452392578124,-0.0121448133140802,0.1672116219997406,0.1966949552297592
2026-09-17T07:24:28.493412,1789629868493412600,12.28341259765625,-0.0522418990731239,0.222006693482399,0.1918317526578903
2026-09-17T07:24:28.503372,1789629868503372500,12.29337255859375,-0.1133143082261085,0.2182439118623733,0.1892293095588684
2026-09-17T07:24:28.513332,1789629868513332500,12.30333251953125,-0.1897430419921875,0.1507450342178344,0.1861474961042404
2026-09-17T07:24:28.523291,1789629868523291400,12.31329150390625,-0.2526229321956634,0.065372884273529,0.1801543235778808
2026-09-17T07:24:28.533251,1789629868533251600,12.32325146484375,-0.2772707641124725,0.0032887374982237,0.1754463911056518
2026-09-17T07:24:28.543211,1789629868543211500,12.33321142578125,-0.2645725309848785,-0.0151738924905657,0.1581808477640152
2026-09-17T07:24:28.553170,1789629868553170400,12.34317041015625,-0.2300944477319717,0.0046813045628368,0.1229765191674232
2026-09-17T07:24:28.563130,1789629868563130400,12.35313037109375,-0.1894141286611557,-0.00341736827977,0.0912289768457412
2026-09-17T07:24:28.573090,1789629868573090300,12.36309033203125,-0.1437273472547531,-0.0467896088957786,0.0770236775279045
2026-09-17T07:24:28.583049,1789629868583049200,12.37304931640625,-0.0681343153119087,-0.0701801553368568,0.0788095965981483
2026-09-17T07:24:28.593009,1789629868593009400,12.383009521484375,0.0427120439708232,-0.0555743128061294,0.0850368663668632
2026-09-17T07:24:28.602969,1789629868602969300,12.39296923828125,0.1559840142726898,-0.0479803085327148,0.0819404050707817
2026-09-17T07:24:28.612928,1789629868612928500,12.402928466796874,0.2365406304597854,-0.0472396835684776,0.0734148249030113
2026-09-17T07:24:28.622888,1789629868622888400,12.412888427734377,0.2717351019382477,-0.051945224404335,0.0761818513274192
2026-09-17T07:24:28.632848,1789629868632848400,12.422848388671875,0.2592121362686157,-0.050193928182125,0.0809861943125724
2026-09-17T07:24:28.642807,1789629868642807600,12.4328076171875,0.1895432919263839,-0.0483627393841743,0.0623046532273292
2026-09-17T07:24:28.652767,1789629868652767500,12.442767578125,0.0774330049753189,-0.0507273599505424,0.0116223013028502
2026-09-17T07:24:28.662727,1789629868662727400,12.4527275390625,-0.0498919263482093,-0.0703854858875274,-0.0581192299723625
2026-09-17T07:24:28.672687,1789629868672687400,12.462687255859375,-0.1509074866771698,-0.0823321565985679,-0.1257139891386032
2026-09-17T07:24:28.682646,1789629868682646500,12.472646484375,-0.1890399605035781,-0.055101603269577,-0.167550653219223
2026-09-17T07:24:28.692606,1789629868692606500,12.4826064453125,-0.1539040803909301,-0.0032671659719198,-0.1820118725299835
2026-09-17T07:24:28.702566,1789629868702566400,12.49256640625,-0.0628183782100677,0.0363513492047786,-0.1699917018413543
2026-09-17T07:24:28.712525,1789629868712525300,12.502525390625,0.0541500523686409,0.0655790120363235,-0.1356190741062164
2026-09-17T07:24:28.722485,1789629868722485200,12.5124853515625,0.1769545376300811,0.0989558771252632,-0.0797901675105094
2026-09-17T07:24:28.732445,1789629868732445400,12.522445556640625,0.2754289209842682,0.103556215763092,-0.0274737030267715
2026-09-17T07:24:28.742404,1789629868742404400,12.532404296875,0.3259203135967254,0.0753584057092666,-0.0001731054653646
2026-09-17T07:24:28.752364,1789629868752364300,12.5423642578125,0.3307150602340698,0.0350815542042255,-0.0083109270781278
2026-09-17T07:24:28.762324,1789629868762324200,12.55232421875,0.3033657371997833,0.012279569171369,-0.0496317334473133
2026-09-17T07:24:28.772283,1789629868772283400,12.562283447265624,0.2497813403606414,-0.0031670311000198,-0.1232311204075813
2026-09-17T07:24:28.782243,1789629868782243600,12.57224365234375,0.1789662837982177,-0.0019390475936233,-0.2053789943456649
2026-09-17T07:24:28.792203,1789629868792203500,12.58220361328125,0.0887213498353958,-0.0030306773260235,-0.2771234810352325
2026-09-17T07:24:28.802162,1789629868802162400,12.592162353515626,-0.0132340462878346,-0.00107964547351,-0.337499737739563
2026-09-17T07:24:28.812122,1789629868812122400,12.602122314453124,-0.1251227706670761,-0.0079596554860472,-0.3941803276538849
2026-09-17T07:24:28.822082,1789629868822082600,12.61208251953125,-0.2477035373449325,-0.0186839383095502,-0.4410881698131561
2026-09-17T07:24:28.832042,1789629868832042500,12.62204248046875,-0.3744329810142517,-0.033628799021244,-0.4724152088165283
2026-09-17T07:24:28.842001,1789629868842001400,12.63200146484375,-0.4584956765174866,-0.014461763203144,-0.470566987991333
2026-09-17T07:24:28.851961,1789629868851961300,12.64196142578125,-0.4613894522190094,0.0434579961001873,-0.4205549359321594
2026-09-17T07:24:28.861921,1789629868861921300,12.65192138671875,-0.384499728679657,0.1248828098177909,-0.3435909152030945
2026-09-17T07:24:28.871880,1789629868871880200,12.661880126953124,-0.2491605579853058,0.2293756604194641,-0.2519459426403045
2026-09-17T07:24:28.881840,1789629868881840400,12.67184033203125,-0.057687796652317,0.3676624298095703,-0.1418114602565765
2026-09-17T07:24:28.891800,1789629868891800300,12.68180029296875,0.1439816653728485,0.4592852890491485,-0.0417082980275154
2026-09-17T07:24:28.901759,1789629868901759500,12.691759521484377,0.2939948737621307,0.4383794963359833,0.0136825228109955
2026-09-17T07:24:28.911719,1789629868911719400,12.701719482421876,0.3711908459663391,0.3058933317661285,0.0204826388508081
2026-09-17T07:24:28.921679,1789629868921679600,12.7116796875,0.3809579908847809,0.1256902813911438,0.0109282815828919
2026-09-17T07:24:28.931638,1789629868931638500,12.721638427734376,0.3573506772518158,-0.0380725488066673,0.001588309300132
2026-09-17T07:24:28.941598,1789629868941598500,12.731598388671877,0.3152980208396911,-0.1298466771841049,-0.0141917187720537
2026-09-17T07:24:28.951558,1789629868951558400,12.741558349609376,0.262290745973587,-0.1466211378574371,-0.0373849235475063
2026-09-17T07:24:28.961517,1789629868961517300,12.751517333984374,0.1983080208301544,-0.0970668941736221,-0.0658445283770561
2026-09-17T07:24:28.971477,1789629868971477500,12.7614775390625,0.1403134316205978,-0.0165832377970218,-0.0929789394140243
2026-09-17T07:24:28.981437,1789629868981437400,12.7714375,0.0857841446995735,0.0548997335135936,-0.1276828646659851
2026-09-17T07:24:28.991397,1789629868991397400,12.7813974609375,0.0435938164591789,0.1314272582530975,-0.1714652329683303
2026-09-17T07:24:29.001356,1789629869001356300,12.791356201171874,0.0160314310342073,0.1991828829050064,-0.2108603119850158
2026-09-17T07:24:29.011316,1789629869011316200,12.801316162109377,-0.0061702779494225,0.2299810051918029,-0.2386384010314941
2026-09-17T07:24:29.021276,1789629869021276400,12.8112763671875,-0.0219076965004205,0.2268605828285217,-0.2500929236412048
2026-09-17T07:24:29.031235,1789629869031235600,12.821235595703126,-0.0216752011328935,0.2246932983398437,-0.2454316020011901
2026-09-17T07:24:29.041195,1789629869041195500,12.831195556640624,-0.0058600194752216,0.2191318124532699,-0.2315615862607956
2026-09-17T07:24:29.051155,1789629869051155500,12.841155517578123,0.0075889439322054,0.1746780723333358,-0.2163823693990707
2026-09-17T07:24:29.061114,1789629869061114400,12.8511142578125,0.0188109725713729,0.0881210714578628,-0.1908242851495742
2026-09-17T07:24:29.071074,1789629869071074600,12.861074462890626,0.0432369522750377,0.0270670372992753,-0.1364648938179016
2026-09-17T07:24:29.081034,1789629869081034500,12.871034423828124,0.0838155373930931,-0.003296194365248,-0.06536116451025
2026-09-17T07:24:29.090993,1789629869090993400,12.880993408203125,0.1220545396208763,-0.0287616066634655,-0.0034679684322327
2026-09-17T07:24:29.100953,1789629869100953300,12.890953369140624,0.1436887234449386,-0.0348461307585239,0.0317720435559749
2026-09-17T07:24:29.110913,1789629869110913500,12.90091357421875,0.1477583050727844,-0.0166066735982894,0.0412217378616333
2026-09-17T07:24:29.120872,1789629869120872400,12.91087255859375,0.1432956457138061,0.0242643263190984,0.0322655290365219
2026-09-17T07:24:29.130832,1789629869130832400,12.920832275390625,0.1329324841499328,0.0755930244922638,0.0166066735982894
2026-09-17T07:24:29.140792,1789629869140792300,12.930792236328124,0.1269827187061309,0.1256814897060394,-0.0069404640235006
2026-09-17T07:24:29.150752,1789629869150752300,12.940752197265626,0.1172126457095146,0.1590620875358581,-0.0293837208300828
2026-09-17T07:24:29.160711,1789629869160711400,12.95071142578125,0.086043007671833,0.1490533947944641,-0.0451962389051914
2026-09-17T07:24:29.170671,1789629869170671400,12.96067138671875,0.0279996767640113,0.0801470354199409,-0.0474796332418918
2026-09-17T07:24:29.180631,1789629869180631300,12.97063134765625,-0.0416284017264843,-0.0279954150319099,-0.0442534796893596
2026-09-17T07:24:29.190590,1789629869190590500,12.980590576171876,-0.1095981299877166,-0.1261627227067947,-0.0294553600251674
2026-09-17T07:24:29.200550,1789629869200550400,12.99055029296875,-0.1452578604221344,-0.1561467200517654,-0.0022333269007503
2026-09-17T07:24:29.210510,1789629869210510600,13.000510498046877,-0.1398068964481353,-0.1097041293978691,0.0302449874579906
2026-09-17T07:24:29.220469,1789629869220469500,13.010469482421875,-0.1167473867535591,-0.0572696812450885,0.0627291575074195
2026-09-17T07:24:29.230430,1789629869230430200,13.02043017578125,-0.0862800255417823,-0.0376280695199966,0.0922564268112182
2026-09-17T07:24:29.240390,1789629869240390100,13.03039013671875,-0.0379710830748081,-0.0423690266907215,0.1297348290681839
2026-09-17T07:24:29.250349,1789629869250349000,13.04034912109375,0.0522861070930957,-0.0389271602034568,0.1737214624881744
2026-09-17T07:24:29.260309,1789629869260309000,13.05030908203125,0.1766804903745651,-0.0041153826750814,0.1997195035219192
2026-09-17T07:24:29.270269,1789629869270269000,13.06026904296875,0.3093498647212982,0.0419221483170986,0.1957649737596511
2026-09-17T07:24:29.280228,1789629869280228000,13.07022802734375,0.4333295822143554,0.0695836022496223,0.1801580488681793
2026-09-17T07:24:29.290188,1789629869290188000,13.08018798828125,0.5212495923042297,0.0478096008300781,0.1677205562591552
2026-09-17T07:24:29.300148,1789629869300148000,13.09014794921875,0.5592039227485657,-0.0282217841595411,0.1568119823932647
2026-09-17T07:24:29.310108,1789629869310108000,13.10010791015625,0.546852707862854,-0.1465502977371215,0.1449111104011535
2026-09-17T07:24:29.320066,1789629869320066800,13.11006689453125,0.500239372253418,-0.2737234234809875,0.1270764619112014
2026-09-17T07:24:29.330027,1789629869330027000,13.120027099609375,0.4267241656780243,-0.3688438236713409,0.1148895695805549
2026-09-17T07:24:29.339987,1789629869339987000,13.129987060546876,0.3494227230548858,-0.4029035270214081,0.1054198965430259
2026-09-17T07:24:29.349946,1789629869349946000,13.139946044921874,0.2743172943592071,-0.3849239945411682,0.1057061925530433
2026-09-17T07:24:29.359906,1789629869359906000,13.149906005859377,0.2089204639196396,-0.3094912767410278,0.1151074171066284
2026-09-17T07:24:29.369866,1789629869369866200,13.1598662109375,0.1705640107393264,-0.1621417701244354,0.136465698480606
2026-09-17T07:24:29.379825,1789629869379825200,13.1698251953125,0.1541653275489807,0.0141658866778016,0.1526952683925628
2026-09-17T07:24:29.389785,1789629869389785000,13.17978515625,0.1500406265258789,0.1306717246770858,0.1600953936576843
2026-09-17T07:24:29.399745,1789629869399745000,13.1897451171875,0.1510867178440094,0.1334717720746994,0.1597108393907547
2026-09-17T07:24:29.409704,1789629869409704000,13.199703857421875,0.144348919391632,0.0471185110509395,0.161165714263916
2026-09-17T07:24:29.419664,1789629869419664100,13.2096640625,0.1196592897176742,-0.0721176043152809,0.174909234046936
2026-09-17T07:24:29.429624,1789629869429624000,13.2196240234375,0.0924542993307113,-0.1745326519012451,0.2018079608678817
2026-09-17T07:24:29.439583,1789629869439583000,13.2295830078125,0.0720741897821426,-0.2280014753341674,0.2255233973264694
2026-09-17T07:24:29.449543,1789629869449543000,13.23954296875,0.060379721224308,-0.2552312314510345,0.2376863211393356
2026-09-17T07:24:29.459502,1789629869459502800,13.2495029296875,0.0432425439357757,-0.3021886348724365,0.2431878894567489
2026-09-17T07:24:29.469463,1789629869469463000,13.259463134765625,-0.0079191755503416,-0.3850475549697876,0.249518483877182
2026-09-17T07:24:29.479422,1789629869479422200,13.269422119140623,-0.0938708335161209,-0.4616672396659851,0.2503105103969574
2026-09-17T07:24:29.489382,1789629869489382100,13.279382080078124,-0.1917411983013153,-0.4753516018390655,0.2293847203254699
2026-09-17T07:24:29.499342,1789629869499342000,13.289342041015624,-0.2678309082984924,-0.3785779476165771,0.1913300156593322
2026-09-17T07:24:29.509301,1789629869509301000,13.299301025390625,-0.3054318130016327,-0.2272246330976486,0.1562913358211517
2026-09-17T07:24:29.519261,1789629869519261200,13.30926123046875,-0.2976985275745392,-0.0467880107462406,0.1266112029552459
2026-09-17T07:24:29.529221,1789629869529221000,13.31922119140625,-0.2454007118940353,0.1230249926447868,0.1283284127712249
2026-09-17T07:24:29.539180,1789629869539180000,13.329179931640626,-0.1648912131786346,0.2412938475608825,0.16543610394001
2026-09-17T07:24:29.549140,1789629869549140000,13.339139892578125,-0.0900401473045349,0.2910068035125732,0.2186332792043686
2026-09-17T07:24:29.559100,1789629869559100200,13.34910009765625,-0.0255213379859924,0.2821797728538513,0.2722829282283783
2026-09-17T07:24:29.569059,1789629869569059000,13.35905908203125,0.0265413299202919,0.2223427891731262,0.3138266205787658
2026-09-17T07:24:29.579019,1789629869579019000,13.36901904296875,0.065462626516819,0.1192502304911613,0.3355771899223327
2026-09-17T07:24:29.588979,1789629869588979000,13.37897900390625,0.1030606031417846,0.0136178079992532,0.3350222110748291
2026-09-17T07:24:29.598938,1789629869598938000,13.388938232421877,0.1480456590652465,-0.0681273862719535,0.3145012259483337
2026-09-17T07:24:29.608898,1789629869608898000,13.39889794921875,0.1856377720832824,-0.1227235198020935,0.2841907143592834
2026-09-17T07:24:29.618858,1789629869618858000,13.40885791015625,0.1967594027519226,-0.1607089936733245,0.2456590384244918
2026-09-17T07:24:29.628818,1789629869628818000,13.41881787109375,0.1735366284847259,-0.1855525523424148,0.1886900216341018
2026-09-17T07:24:29.638777,1789629869638777000,13.428777099609375,0.1043684855103492,-0.2049041390419006,0.1150778532028198
2026-09-17T07:24:29.648737,1789629869648737000,13.438737060546876,-0.0062637547962367,-0.2240408211946487,0.0319648571312427
2026-09-17T07:24:29.658697,1789629869658697200,13.448697265625,-0.1485290229320526,-0.2409052848815918,-0.0554491430521011
2026-09-17T07:24:29.668656,1789629869668656000,13.45865625,-0.307009220123291,-0.24428591132164,-0.1421307772397995
2026-09-17T07:24:29.678616,1789629869678616000,13.468615966796875,-0.4547600448131561,-0.2031491249799728,-0.2155701071023941
2026-09-17T07:24:29.688576,1789629869688576000,13.478575927734376,-0.5532267093658447,-0.1189357116818428,-0.2579830884933471
2026-09-17T07:24:29.698535,1789629869698535000,13.488534912109374,-0.5802375674247742,0.009933590888977,-0.2699862122535705
2026-09-17T07:24:29.708495,1789629869708495000,13.4984951171875,-0.5281325578689575,0.1427888423204422,-0.2522991001605987
2026-09-17T07:24:29.718455,1789629869718455000,13.508455078125,-0.4010584652423858,0.2711966037750244,-0.2003687769174575
2026-09-17T07:24:29.728414,1789629869728414000,13.5184140625,-0.2273335605859756,0.3727682530879974,-0.1229570806026458
2026-09-17T07:24:29.738374,1789629869738374000,13.528373779296874,-0.0531364567577838,0.4181543588638305,-0.0314242355525493
2026-09-17T07:24:29.748333,1789629869748333800,13.538333740234377,0.0730494409799575,0.3843061327934265,0.0531242042779922
2026-09-17T07:24:29.758293,1789629869758293200,13.548293212890623,0.1125515773892402,0.2902691066265106,0.1193165406584739
2026-09-17T07:24:29.768253,1789629869768253200,13.558253173828126,0.0775587037205696,0.1675445288419723,0.1636690944433212
2026-09-17T07:24:29.778213,1789629869778213000,13.568213134765625,0.0020373181905597,0.0415522381663322,0.17554572224617
2026-09-17T07:24:29.788173,1789629869788173000,13.578173095703123,-0.0790759101510047,-0.0699433982372284,0.1448322832584381
2026-09-17T07:24:29.798132,1789629869798132000,13.588132080078124,-0.1221512109041214,-0.1028092056512832,0.073106437921524
2026-09-17T07:24:29.808092,1789629869808092200,13.598092041015626,-0.1157226040959358,-0.0497087016701698,-0.0199121888726949
2026-09-17T07:24:29.818052,1789629869818052000,13.608052001953125,-0.0733596980571746,0.041267279535532,-0.1105882972478866
2026-09-17T07:24:29.828011,1789629869828011000,13.618010986328123,-0.0322394296526908,0.1407869458198547,-0.1734610050916671
2026-09-17T07:24:29.837971,1789629869837971000,13.627970947265624,-0.0121045997366309,0.2213686108589172,-0.193183034658432
2026-09-17T07:24:29.847931,1789629869847931100,13.63793115234375,-0.0129149993881583,0.2273295521736145,-0.1766573339700698
2026-09-17T07:24:29.857890,1789629869857890000,13.64789013671875,-0.0151451304554939,0.1566894799470901,-0.1499093323945999
2026-09-17T07:24:29.867850,1789629869867850000,13.65785009765625,-0.0026269420050084,0.0707055926322937,-0.1215290948748588
2026-09-17T07:24:29.877810,1789629869877810000,13.667809814453124,0.0204994156956672,-0.0061827949248254,-0.1150189936161041
2026-09-17T07:24:29.887769,1789629869887769000,13.67776904296875,0.0473065301775932,-0.0915264561772346,-0.1143843680620193
2026-09-17T07:24:29.897729,1789629869897729000,13.68772900390625,0.0819811522960662,-0.1593113541603088,-0.1158536300063133
2026-09-17T07:24:29.907689,1789629869907689200,13.697689208984375,0.1148861050605773,-0.1839562505483627,-0.1197908520698547
2026-09-17T07:24:29.917648,1789629869917648100,13.707648193359375,0.143307089805603,-0.1621596068143844,-0.1284916698932647
2026-09-17T07:24:29.927608,1789629869927608000,13.717608154296874,0.1647143810987472,-0.1208819448947906,-0.1381916999816894
2026-09-17T07:24:29.937568,1789629869937568000,13.727568115234376,0.1724055856466293,-0.0984634533524513,-0.1529482752084732
2026-09-17T07:24:29.947528,1789629869947528200,13.737528076171875,0.1635852009057998,-0.0747615918517112,-0.1672268062829971
2026-09-17T07:24:29.957487,1789629869957487000,13.747487060546876,0.1431909799575805,-0.0428635776042938,-0.171118751168251
2026-09-17T07:24:29.967447,1789629869967447000,13.757447021484374,0.1177561953663826,-0.0071090422570705,-0.173510268330574
2026-09-17T07:24:29.977407,1789629869977407000,13.767406982421877,0.1001891866326332,0.0116276275366544,-0.1724444776773452
2026-09-17T07:24:29.987366,1789629869987366000,13.777365966796877,0.0961526334285736,0.0244313068687915,-0.1681245565414428
2026-09-17T07:24:29.997326,1789629869997326000,13.787326171875,0.1095928028225898,0.0410587526857852,-0.1582881808280944
2026-09-17T07:24:30.007286,1789629870007286000,13.7972861328125,0.1375216394662857,0.0444233901798725,-0.1477364599704742
2026-09-17T07:24:30.017245,1789629870017245000,13.807244873046876,0.1680678278207779,0.0410837866365909,-0.139269471168518
2026-09-17T07:24:30.027204,1789629870027204900,13.817204833984375,0.1987972557544708,0.0447781234979629,-0.1296815574169159
2026-09-17T07:24:30.037164,1789629870037164800,13.827164794921876,0.2245180606842041,0.0666232332587242,-0.1052646338939666
2026-09-17T07:24:30.047124,1789629870047124200,13.837124267578124,0.2461136281490326,0.0964168161153793,-0.0688288658857345
2026-09-17T07:24:30.057084,1789629870057084200,13.847084228515625,0.2520351707935333,0.1198976412415504,-0.0219207443296909
2026-09-17T07:24:30.067044,1789629870067044000,13.857044189453124,0.2340694814920425,0.1148275136947631,0.0216440428048372
2026-09-17T07:24:30.077003,1789629870077003000,13.8670029296875,0.2060026973485946,0.0832823738455772,0.0505068488419055
2026-09-17T07:24:30.086963,1789629870086963000,13.876962890625,0.1743182688951492,0.0433037988841533,0.0519641302525997
2026-09-17T07:24:30.096923,1789629870096923100,13.886923095703125,0.1385940909385681,-0.0019044264918193,0.0170237254351377
2026-09-17T07:24:30.106883,1789629870106883000,13.896883056640624,0.0911661311984062,-0.0634234473109245,-0.045440450310707
2026-09-17T07:24:30.116842,1789629870116842000,13.906842041015626,0.0407000258564949,-0.1355791389942169,-0.1344400942325592
2026-09-17T07:24:30.126802,1789629870126802000,13.916802001953124,-0.0115450695157051,-0.2037680447101593,-0.2380170971155166
2026-09-17T07:24:30.136762,1789629870136762000,13.92676220703125,-0.0775813460350036,-0.2633983492851257,-0.3520842790603637
2026-09-17T07:24:30.146721,1789629870146721000,13.936720947265623,-0.1452602595090866,-0.3044477701187134,-0.4648481011390686
2026-09-17T07:24:30.156681,1789629870156681000,13.946680908203126,-0.2079811543226242,-0.3035604059696197,-0.5451251268386841
2026-09-17T07:24:30.166641,1789629870166641000,13.956640869140625,-0.246339201927185,-0.2575345933437347,-0.5841904878616333
2026-09-17T07:24:30.176600,1789629870176600000,13.96660009765625,-0.2562376260757446,-0.1599310785531997,-0.5787677764892578
2026-09-17T07:24:30.186560,1789629870186560300,13.976560302734375,-0.2314678430557251,-0.0400962866842746,-0.5249439477920532
2026-09-17T07:24:30.196520,1789629870196520200,13.986520263671874,-0.1811788380146026,0.0573759414255619,-0.4268064498901367
2026-09-17T07:24:30.206479,1789629870206479000,13.99647900390625,-0.0982450768351554,0.1322368681430816,-0.3044043779373169
2026-09-17T07:24:30.216439,1789629870216439000,14.00643896484375,0.0140830622985959,0.1556937247514724,-0.1814038753509521
2026-09-17T07:24:30.226399,1789629870226399200,14.016399169921876,0.1377778351306915,0.1145577356219291,-0.0914284512400627
2026-09-17T07:24:30.236358,1789629870236358100,14.026358154296876,0.261547178030014,0.0473504699766635,-0.059460662305355
2026-09-17T07:24:30.246318,1789629870246318000,14.036318115234376,0.3700425028800964,-0.003670901292935,-0.0811648964881897
2026-09-17T07:24:30.256278,1789629870256278000,14.046278076171877,0.4395105242729187,-0.0463568456470966,-0.1397845298051834
2026-09-17T07:24:30.266237,1789629870266237000,14.05623681640625,0.4578972458839416,-0.0785150453448295,-0.2265878617763519
2026-09-17T07:24:30.276197,1789629870276197000,14.066197021484374,0.4262690246105194,-0.1068686619400978,-0.3173646330833435
2026-09-17T07:24:30.286157,1789629870286157000,14.076156982421876,0.3596753478050232,-0.1111203953623771,-0.3978150188922882
2026-09-17T07:24:30.296117,1789629870296117000,14.086116943359375,0.2570744156837463,-0.0798144042491912,-0.463766872882843
2026-09-17T07:24:30.306076,1789629870306076200,14.096076171875,0.1320102363824844,-0.0305658988654613,-0.5164276957511902
2026-09-17T07:24:30.316036,1789629870316036000,14.1060361328125,-0.0082281026989221,0.0267900694161653,-0.5553591251373291
2026-09-17T07:24:30.325996,1789629870325996300,14.115996337890625,-0.1414167881011963,0.0888920575380325,-0.580247163772583
2026-09-17T07:24:30.335955,1789629870335955200,14.125955078125,-0.2480470836162567,0.1444506496191024,-0.5974215865135193
2026-09-17T07:24:30.345915,1789629870345915100,14.1359150390625,-0.3205724358558655,0.1900745928287506,-0.6056534051895142
2026-09-17T07:24:30.355875,1789629870355875000,14.145875,-0.3579155206680298,0.2295370548963546,-0.6053474545478821
2026-09-17T07:24:30.365834,1789629870365834000,14.155833984375,-0.3685444593429565,0.2431434094905853,-0.5845180749893188
2026-09-17T07:24:30.375794,1789629870375794200,14.165794189453123,-0.3555099070072174,0.2515989542007446,-0.5466931462287903
2026-09-17T07:24:30.385754,1789629870385754000,14.175754150390626,-0.3311707377433777,0.2623458802700043,-0.5048450827598572
2026-09-17T07:24:30.395713,1789629870395713000,14.185713134765624,-0.3141691088676452,0.2656423151493072,-0.4697605669498443
2026-09-17T07:24:30.405673,1789629870405673000,14.1956728515625,-0.3040307164192199,0.2224266827106475,-0.4374870657920837
2026-09-17T07:24:30.415633,1789629870415633000,14.2056328125,-0.295986920595169,0.169286236166954,-0.4031162858009338
2026-09-17T07:24:30.425592,1789629870425592000,14.215592041015626,-0.2890805304050445,0.1167170256376266,-0.3666967749595642
2026-09-17T07:24:30.435552,1789629870435552000,14.225552001953124,-0.2763634026050567,0.0551641844213008,-0.3228563368320465
2026-09-17T07:24:30.445512,1789629870445512000,14.235511962890625,-0.2578280866146087,-0.0137597545981407,-0.2691529095172882
2026-09-17T07:24:30.455471,1789629870455471000,14.24547119140625,-0.2346005290746688,-0.0795968249440193,-0.2149107009172439
2026-09-17T07:24:30.465431,1789629870465431000,14.25543115234375,-0.200148269534111,-0.1183367595076561,-0.1583717912435531
2026-09-17T07:24:30.475391,1789629870475391200,14.26539111328125,-0.1512598246335983,-0.1089192926883697,-0.1041051000356674
2026-09-17T07:24:30.485351,1789629870485351200,14.27535107421875,-0.0935049131512641,-0.0506461337208747,-0.0495867282152175
2026-09-17T07:24:30.495310,1789629870495310000,14.28531005859375,-0.0400107987225055,0.0132817169651389,-0.0016953683225437
2026-09-17T07:24:30.505270,1789629870505270000,14.29527001953125,-0.0050741205923259,0.0449807904660701,0.0464798845350742
2026-09-17T07:24:30.515230,1789629870515230200,14.305230224609376,0.0098933773115277,0.0350043214857578,0.0902372151613235
2026-09-17T07:24:30.525189,1789629870525189000,14.315189208984377,0.0064078317955136,0.0011550129856914,0.1151146069169044
2026-09-17T07:24:30.535149,1789629870535149000,14.325149169921875,-0.0085759116336703,-0.0340061709284782,0.1248127743601799
2026-09-17T07:24:30.545109,1789629870545109000,14.33510888671875,-0.0294164773076772,-0.0735836699604988,0.1033064126968383
2026-09-17T07:24:30.555068,1789629870555068000,14.34506787109375,-0.0504815503954887,-0.1092005223035812,0.0674858316779136
2026-09-17T07:24:30.565028,1789629870565028000,14.355028076171877,-0.0646977722644805,-0.1286879330873489,0.0347539857029914
2026-09-17T07:24:30.574988,1789629870574988000,14.364988037109375,-0.0678336396813392,-0.1302094012498855,0.0128383003175258
2026-09-17T07:24:30.584947,1789629870584947200,14.374947265625,-0.0630351603031158,-0.1080380529165268,0.0090952273458242
2026-09-17T07:24:30.594907,1789629870594907100,14.3849072265625,-0.0610359236598014,-0.0704283565282821,0.018632274121046
2026-09-17T07:24:30.604867,1789629870604867000,14.3948671875,-0.061370950192213,-0.0333848558366298,0.0252398420125246
2026-09-17T07:24:30.614827,1789629870614827300,14.4048271484375,-0.0502623729407787,-0.0006338323582895,0.0315768346190452
2026-09-17T07:24:30.624786,1789629870624786200,14.4147861328125,-0.0187784805893898,0.023160446435213,0.0269171018153429
2026-09-17T07:24:30.634746,1789629870634746000,14.42474609375,0.027524834498763,0.008559132926166,0.0104049704968929
2026-09-17T07:24:30.644706,1789629870644706000,14.4347060546875,0.0921126157045364,-0.0165243819355964,-0.006540457252413
2026-09-17T07:24:30.654665,1789629870654665000,14.4446650390625,0.1563216894865036,-0.0330809876322746,-0.0098939100280404
2026-09-17T07:24:30.664625,1789629870664625200,14.454625244140624,0.2127279788255691,-0.048149686306715,-0.0039998018182814
2026-09-17T07:24:30.674585,1789629870674585000,14.464585205078125,0.2542735636234283,-0.0547647103667259,0.0110984575003385
2026-09-17T07:24:30.684544,1789629870684544000,14.4745439453125,0.2852085828781128,-0.0447733290493488,0.0339955165982246
2026-09-17T07:24:30.694504,1789629870694504000,14.48450390625,0.3167792856693268,-0.0163131933659315,0.0523324459791183
2026-09-17T07:24:30.704464,1789629870704464000,14.4944638671875,0.3374763131141662,0.0027678234037011,0.0613280721008777
2026-09-17T07:24:30.714423,1789629870714423300,14.50442333984375,0.3510688245296478,0.0475241094827652,0.0666591897606849
2026-09-17T07:24:30.724383,1789629870724383200,14.51438330078125,0.3458935022354126,0.0726510360836982,0.0702477991580963
2026-09-17T07:24:30.734343,1789629870734343200,14.52434326171875,0.3119914531707763,0.0494506396353244,0.0700616389513015
2026-09-17T07:24:30.744302,1789629870744302000,14.534302001953124,0.2627338767051697,0.0125749139115214,0.0674323067069053
2026-09-17T07:24:30.754262,1789629870754262000,14.544261962890625,0.2103894650936126,-0.0088038779795169,0.0618559122085571
2026-09-17T07:24:30.764222,1789629870764222200,14.55422216796875,0.1720931977033615,-0.0148037131875753,0.0430492013692855
2026-09-17T07:24:30.774181,1789629870774181000,14.56418115234375,0.166297361254692,0.003156644757837,0.0110119050368666
2026-09-17T07:24:30.784141,1789629870784141000,14.57414111328125,0.180175095796585,0.04121108725667,-0.0317009389400482
2026-09-17T07:24:30.794101,1789629870794101000,14.58410107421875,0.1962997317314148,0.0577357336878776,-0.058439340442419
2026-09-17T07:24:30.804061,1789629870804061200,14.594061279296875,0.1894719302654266,0.0457717478275299,-0.0691092982888221
2026-09-17T07:24:30.814020,1789629870814020000,14.60402001953125,0.1432548910379409,0.0135027589276432,-0.068858690559864
2026-09-17T07:24:30.823980,1789629870823980000,14.61397998046875,0.0690973103046417,-0.0156199727207422,-0.0665028616786003
2026-09-17T07:24:30.833940,1789629870833940000,14.62393994140625,-0.0061753378249704,-0.0047119311057031,-0.050874900072813
2026-09-17T07:24:30.843899,1789629870843899100,14.633899169921875,-0.0344330742955207,0.0502125695347785,-0.0192607790231704
2026-09-17T07:24:30.853859,1789629870853859000,14.643859130859376,-0.0034738273825496,0.1388135403394699,0.0207188613712787
2026-09-17T07:24:30.863819,1789629870863819000,14.653819091796874,0.0883642137050628,0.2484731972217559,0.0671950131654739
2026-09-17T07:24:30.873778,1789629870873778200,14.663778076171877,0.2127010822296142,0.3300519287586212,0.1218571960926055
2026-09-17T07:24:30.883738,1789629870883738000,14.673738037109375,0.3447994589805603,0.3478458523750305,0.177897036075592
2026-09-17T07:24:30.893698,1789629870893698000,14.683697998046876,0.4482046961784363,0.282843679189682,0.2291149497032165
2026-09-17T07:24:30.903657,1789629870903657000,14.693656982421874,0.506952702999115,0.1426002979278564,0.2588094472885132
2026-09-17T07:24:30.913617,1789629870913617200,14.7036171875,0.5284276008605957,-0.030697725713253,0.2694661021232605
2026-09-17T07:24:30.923577,1789629870923577000,14.7135771484375,0.5174716114997864,-0.1914490610361099,0.2557041943073272
2026-09-17T07:24:30.933536,1789629870933536000,14.723535888671876,0.4982790350914001,-0.3204405903816223,0.2290845811367035
2026-09-17T07:24:30.943496,1789629870943496000,14.733495849609374,0.491864264011383,-0.3916569948196411,0.1981144100427627
2026-09-17T07:24:30.953456,1789629870953456000,14.7434560546875,0.4898312091827392,-0.4121614694595337,0.163999319076538
2026-09-17T07:24:30.963416,1789629870963416000,14.753416015625,0.4774816036224365,-0.4221872091293335,0.1308011561632156
2026-09-17T07:24:30.973375,1789629870973375000,14.763375,0.4464169144630432,-0.3935765922069549,0.0953491553664207
2026-09-17T07:24:30.983335,1789629870983335000,14.7733349609375,0.3752785325050354,-0.3442817330360412,0.0418555699288845
2026-09-17T07:24:30.993295,1789629870993295000,14.783295166015623,0.2408991605043411,-0.2939211130142212,-0.0393191762268543
2026-09-17T07:24:31.003254,1789629871003254300,14.793254150390624,0.049508698284626,-0.2531355917453766,-0.1390604227781295
2026-09-17T07:24:31.013214,1789629871013214200,14.803214111328124,-0.1669881939888,-0.2085041999816894,-0.2372506260871887
2026-09-17T07:24:31.023174,1789629871023174100,14.813174072265625,-0.3677330017089844,-0.1438450515270233,-0.3181052803993225
2026-09-17T07:24:31.033133,1789629871033133000,14.823133056640623,-0.5036335587501526,-0.0348589159548282,-0.3670408427715301
2026-09-17T07:24:31.043093,1789629871043093000,14.833093017578124,-0.5476180911064148,0.0743735656142234,-0.3929235935211181
2026-09-17T07:24:31.053053,1789629871053053200,14.84305322265625,-0.5215526819229126,0.132241666316986,-0.3992717564105987
2026-09-17T07:24:31.063012,1789629871063012000,14.85301220703125,-0.4420964419841766,0.1346936374902725,-0.380531907081604
2026-09-17T07:24:31.072972,1789629871072972000,14.862971923828123,-0.3313110768795013,0.1124298721551895,-0.3271118104457855
2026-09-17T07:24:31.082932,1789629871082932000,14.872931884765626,-0.2075228244066238,0.0505665056407451,-0.2615652978420257
2026-09-17T07:24:31.092891,1789629871092891000,14.882890869140626,-0.0954548865556716,-0.0452351234853267,-0.2008295059204101
2026-09-17T07:24:31.102851,1789629871102851000,14.89285107421875,-0.0025736789684742,-0.1495141237974167,-0.1699866354465484
2026-09-17T07:24:31.112811,1789629871112811000,14.90281103515625,0.0601901039481163,-0.2313695698976516,-0.1613952815532684
2026-09-17T07:24:31.122770,1789629871122770200,14.912770263671876,0.0905647873878479,-0.2689885795116424,-0.1811151951551437
2026-09-17T07:24:31.132730,1789629871132730000,14.922730224609374,0.0867945477366447,-0.2594145238399505,-0.2322244495153427
2026-09-17T07:24:31.142690,1789629871142690300,14.932690185546877,0.0571410506963729,-0.2083643972873687,-0.2985225021839142
2026-09-17T07:24:31.152650,1789629871152650200,14.942650146484375,0.009369533509016,-0.1351125538349151,-0.3711825907230377
2026-09-17T07:24:31.162609,1789629871162609200,14.952609130859376,-0.0551854893565177,-0.0691308677196502,-0.4465774893760681
2026-09-17T07:24:31.172569,1789629871172569000,14.962569091796874,-0.1230841130018234,-0.0376523025333881,-0.5080967545509338
2026-09-17T07:24:31.182529,1789629871182529000,14.972529052734377,-0.184396743774414,-0.0483478233218193,-0.5623027682304382
2026-09-17T07:24:31.192488,1789629871192488200,14.98248828125,-0.2263143658638,-0.0855023860931396,-0.608206570148468
2026-09-17T07:24:31.202448,1789629871202448100,14.9924482421875,-0.2380807399749755,-0.1220814362168312,-0.6449113488197327
2026-09-17T07:24:31.212408,1789629871212408000,15.002407958984374,-0.2211068123579025,-0.1549083590507507,-0.6705381274223328
2026-09-17T07:24:31.222367,1789629871222367000,15.012366943359376,-0.176670104265213,-0.1647649854421615,-0.6884220838546753
2026-09-17T07:24:31.232326,1789629871232326700,15.02232666015625,-0.12003905326128,-0.1590085625648498,-0.6943182945251465
2026-09-17T07:24:31.242286,1789629871242286600,15.03228662109375,-0.0665175095200538,-0.1459340304136276,-0.6902461051940918
2026-09-17T07:24:31.252245,1789629871252245800,15.042245849609374,-0.0254433080554008,-0.1434972435235977,-0.6813625693321228
2026-09-17T07:24:31.262205,1789629871262205700,15.052205810546877,-0.0150069128721952,-0.1639790832996368,-0.6733062267303467
2026-09-17T07:24:31.272166,1789629871272166000,15.062165771484375,-0.0379090309143066,-0.1854489594697952,-0.6794568300247192
2026-09-17T07:24:31.282125,1789629871282125800,15.072125732421876,-0.0757442936301231,-0.195102110505104,-0.7022300362586975
2026-09-17T07:24:31.292084,1789629871292084700,15.082084716796874,-0.1095872148871421,-0.1911012530326843,-0.7394277453422546
2026-09-17T07:24:31.302044,1789629871302044700,15.092044677734377,-0.1298341602087021,-0.1744865775108337,-0.7865832448005676
2026-09-17T07:24:31.312004,1789629871312004900,15.1020048828125,-0.1279278695583343,-0.1586258560419082,-0.8331116437911987
2026-09-17T07:24:31.321963,1789629871321963800,15.1119638671875,-0.1096458062529563,-0.155292123556137,-0.8756380677223206
2026-09-17T07:24:31.331923,1789629871331923700,15.121923828125,-0.0852640345692634,-0.1795958578586578,-0.9040260314941406
2026-09-17T07:24:31.341883,1789629871341883600,15.131883544921877,-0.0835191309452056,-0.2151895463466644,-0.9227855801582336
2026-09-17T07:24:31.351842,1789629871351842600,15.141842529296875,-0.0962668806314468,-0.2341267466545105,-0.9266298413276672
2026-09-17T07:24:31.361802,1789629871361802800,15.151802734375,-0.1001231372356414,-0.2218618243932724,-0.9337196946144104
2026-09-17T07:24:31.371762,1789629871371762700,15.1617626953125,-0.0898241624236106,-0.1859850436449051,-0.9462350010871888
2026-09-17T07:24:31.381721,1789629871381721900,15.171721923828123,-0.0523409694433212,-0.1055394783616066,-0.9517985582351683
2026-09-17T07:24:31.391681,1789629871391681800,15.181681884765624,0.0084627270698547,-0.0145587027072906,-0.9438357353210448
2026-09-17T07:24:31.401641,1789629871401641700,15.191641845703124,0.0860845521092414,0.0529838539659976,-0.9167766571044922
2026-09-17T07:24:31.411600,1789629871411600600,15.2016005859375,0.158676192164421,0.0750292390584945,-0.8640615344047546
2026-09-17T07:24:31.421560,1789629871421560800,15.211560791015623,0.2145612984895706,0.0506778247654438,-0.8124401569366455
2026-09-17T07:24:31.431520,1789629871431520800,15.221520751953124,0.2457389235496521,-0.0240992102771997,-0.7790249586105347
2026-09-17T07:24:31.441479,1789629871441479700,15.231479736328126,0.2521198689937591,-0.1250689625740051,-0.7777527570724487
2026-09-17T07:24:31.451439,1789629871451439600,15.241439697265625,0.2456627637147903,-0.2150318771600723,-0.8170613050460815
2026-09-17T07:24:31.461399,1789629871461399800,15.25139990234375,0.2261590957641601,-0.2758760452270508,-0.893618643283844
2026-09-17T07:24:31.471359,1789629871471359700,15.26135986328125,0.1900884509086609,-0.2974351346492767,-0.9907087087631226
2026-09-17T07:24:31.481318,1789629871481318700,15.271318603515626,0.1446378827095031,-0.280674546957016,-1.0765143632888794
2026-09-17T07:24:31.491278,1789629871491278600,15.281278564453125,0.0954745933413505,-0.2294417172670364,-1.1309970617294312
2026-09-17T07:24:31.501238,1789629871501238500,15.291238525390623,0.0500394664704799,-0.1510736644268036,-1.1571296453475952
2026-09-17T07:24:31.511197,1789629871511197700,15.30119775390625,0.0060227387584745,-0.0760063529014587,-1.1709754467010498
2026-09-17T07:24:31.521157,1789629871521157600,15.31115771484375,-0.0386041179299354,-0.0127078052610158,-1.1734039783477783
2026-09-17T07:24:31.531117,1789629871531117600,15.32111767578125,-0.0724142789840698,0.0218815971165895,-1.166420340538025
2026-09-17T07:24:31.541076,1789629871541076700,15.33107666015625,-0.0843151435256004,0.0562406368553638,-1.14697265625
2026-09-17T07:24:31.551036,1789629871551036700,15.34103662109375,-0.0673859640955925,0.0973656997084617,-1.1167258024215698
2026-09-17T07:24:31.560996,1789629871560996900,15.350996826171874,-0.0117418775334954,0.1463457643985748,-1.0795447826385498
2026-09-17T07:24:31.570955,1789629871570955800,15.360955810546876,0.0775933265686035,0.2082099318504333,-1.0423293113708496
2026-09-17T07:24:31.580915,1789629871580915700,15.370915771484375,0.1914722323417663,0.2809869349002838,-1.0012292861938477
2026-09-17T07:24:31.590875,1789629871590875600,15.380875732421876,0.3095477223396301,0.3121195435523987,-0.9673434495925904
2026-09-17T07:24:31.600835,1789629871600835800,15.3908359375,0.401640385389328,0.272305279970169,-0.9524795413017272
2026-09-17T07:24:31.610794,1789629871610794800,15.400794677734376,0.4499322772026062,0.1709086298942566,-0.9602240324020386
2026-09-17T07:24:31.620754,1789629871620754700,15.410754638671875,0.4439963400363922,0.0111969942227005,-0.9861328601837158
2026-09-17T07:24:31.630714,1789629871630714600,15.420714599609376,0.3833119571208954,-0.1649426072835922,-1.0268275737762451
2026-09-17T07:24:31.640673,1789629871640673500,15.430673583984374,0.2797379195690155,-0.2992093563079834,-1.0752371549606323
2026-09-17T07:24:31.650633,1789629871650633700,15.4406337890625,0.1523858159780502,-0.3544164001941681,-1.1329140663146973
2026-09-17T07:24:31.660593,1789629871660593700,15.45059375,0.0172591470181942,-0.3341316282749176,-1.206228256225586
2026-09-17T07:24:31.670552,1789629871670552800,15.460552734375,-0.1111174672842025,-0.2477115243673324,-1.2858316898345947
2026-09-17T07:24:31.680512,1789629871680512800,15.4705126953125,-0.2226338684558868,-0.1282719522714615,-1.3512293100357056
2026-09-17T07:24:31.690472,1789629871690472700,15.48047265625,-0.3126609623432159,-0.01890205219388,-1.3905192613601685
2026-09-17T07:24:31.700431,1789629871700431600,15.490431640625,-0.3762487471103668,0.0437421537935733,-1.39707612991333
2026-09-17T07:24:31.710391,1789629871710391800,15.500391845703126,-0.414449393749237,0.0659326761960983,-1.3733018636703491
2026-09-17T07:24:31.720351,1789629871720351700,15.510351806640625,-0.4330797791481018,0.0550166480243206,-1.3433208465576172
2026-09-17T07:24:31.730310,1789629871730310700,15.520310546875,-0.4323926866054535,0.0369803868234157,-1.301410436630249
2026-09-17T07:24:31.740270,1789629871740270600,15.5302705078125,-0.4220860004425049,-0.0046293730847537,-1.2531262636184692
2026-09-17T07:24:31.750230,1789629871750230800,15.540230712890626,-0.3996914625167846,-0.0686629489064216,-1.1910340785980225
2026-09-17T07:24:31.760189,1789629871760189700,15.550189697265624,-0.3454633951187134,-0.1330400705337524,-1.1299151182174685
2026-09-17T07:24:31.770149,1789629871770149600,15.560149658203123,-0.2554509341716766,-0.1951575130224228,-1.0707279443740845
2026-09-17T07:24:31.780109,1789629871780109600,15.570109619140624,-0.1326397955417633,-0.2524516880512237,-1.0106531381607056
2026-09-17T07:24:31.790069,1789629871790069800,15.58006982421875,0.0043047335930168,-0.2875217795372009,-0.9423246383666992
2026-09-17T07:24:31.800029,1789629871800029000,15.59002880859375,0.130902886390686,-0.3066803216934204,-0.8732478618621826
2026-09-17T07:24:31.809988,1789629871809988900,15.59998876953125,0.2321477532386779,-0.3160322606563568,-0.8134095668792725
2026-09-17T07:24:31.819948,1789629871819948800,15.60994873046875,0.2884581685066223,-0.3197835981845855,-0.7773109078407288
2026-09-17T07:24:31.829907,1789629871829907700,15.61990771484375,0.2946034073829651,-0.3307408988475799,-0.7793461084365845
2026-09-17T07:24:31.839867,1789629871839867600,15.62986767578125,0.2524026930332184,-0.3533822894096374,-0.8224970698356628
2026-09-17T07:24:31.849827,1789629871849827800,15.639827880859375,0.1752437204122543,-0.3653966188430786,-0.8894268274307251
2026-09-17T07:24:31.859786,1789629871859786800,15.649786865234375,0.0735977888107299,-0.3786921799182892,-0.9694873094558716
2026-09-17T07:24:31.869746,1789629871869746700,15.65974658203125,-0.0292479004710912,-0.3824403285980224,-1.0435343980789185
2026-09-17T07:24:31.879706,1789629871879706600,15.66970654296875,-0.1082614958286285,-0.3722441494464874,-1.0983725786209106
2026-09-17T07:24:31.889665,1789629871889665500,15.67966552734375,-0.1462805122137069,-0.3485675752162933,-1.122239351272583
2026-09-17T07:24:31.899625,1789629871899625700,15.689625732421876,-0.1405344754457473,-0.3085719645023346,-1.1246159076690674
2026-09-17T07:24:31.909585,1789629871909585700,15.699585693359374,-0.0995177999138832,-0.2587519288063049,-1.1092004776000977
2026-09-17T07:24:31.919545,1789629871919545600,15.709545654296877,-0.0353129841387271,-0.2168129980564117,-1.0728269815444946
2026-09-17T07:24:31.929504,1789629871929504500,15.71950439453125,0.0284340381622314,-0.195125550031662,-1.0326743125915527
2026-09-17T07:24:31.939464,1789629871939464700,15.729464599609376,0.0636032074689865,-0.2188141047954559,-0.9936911463737488
2026-09-17T07:24:31.949424,1789629871949424600,15.739424560546874,0.0681063532829284,-0.2913777828216553,-0.9588719606399536
2026-09-17T07:24:31.959383,1789629871959383800,15.7493837890625,0.0581631697714328,-0.373928040266037,-0.9300269484519958
2026-09-17T07:24:31.969343,1789629871969343700,15.75934375,0.0509161762893199,-0.4112695753574371,-0.9071142077445984
2026-09-17T07:24:31.979303,1789629871979303700,15.7693037109375,0.054863516241312,-0.3791787326335907,-0.8825721144676208
2026-09-17T07:24:31.989262,1789629871989262800,15.779262939453124,0.071891501545906,-0.3117807805538177,-0.8624966740608215
2026-09-17T07:24:31.999222,1789629871999222800,15.789222900390625,0.0981606543064117,-0.2382237464189529,-0.8565248250961304
2026-09-17T07:24:32.009182,1789629872009182700,15.7991826171875,0.1187631338834762,-0.196706935763359,-0.8512656092643738
2026-09-17T07:24:32.019141,1789629872019141600,15.8091416015625,0.1170358061790466,-0.2083065956830978,-0.844234049320221
2026-09-17T07:24:32.029101,1789629872029101600,15.8191015625,0.0943310260772705,-0.2622523903846741,-0.838407039642334
2026-09-17T07:24:32.039061,1789629872039061800,15.829061767578125,0.071486696600914,-0.305144727230072,-0.8142598867416382
2026-09-17T07:24:32.049021,1789629872049021700,15.839021728515624,0.0772540420293808,-0.3046299517154693,-0.7807320356369019
2026-09-17T07:24:32.058980,1789629872058980600,15.848980712890626,0.1165836006402969,-0.2680197358131408,-0.7498729228973389
2026-09-17T07:24:32.068940,1789629872068940500,15.8589404296875,0.1779100745916366,-0.2020242065191269,-0.7178201675415039
2026-09-17T07:24:32.078900,1789629872078900700,15.868900634765623,0.2503003776073456,-0.1273251920938491,-0.6869158148765564
2026-09-17T07:24:32.088860,1789629872088860000,15.87885986328125,0.3159960508346557,-0.0553301014006137,-0.6627556085586548
2026-09-17T07:24:32.098819,1789629872098819800,15.88881982421875,0.3500546813011169,-0.0404717922210693,-0.6621374487876892
2026-09-17T07:24:32.108779,1789629872108779800,15.89877978515625,0.3289121091365814,-0.1112394407391548,-0.6952294111251831
2026-09-17T07:24:32.118738,1789629872118738700,15.90873876953125,0.2484276592731475,-0.2536399960517883,-0.7465213537216187
2026-09-17T07:24:32.128698,1789629872128698600,15.91869873046875,0.1140916869044303,-0.4106234908103943,-0.802836000919342
2026-09-17T07:24:32.138658,1789629872138658800,15.928658935546874,-0.0388978645205497,-0.491259217262268,-0.8500482439994812
2026-09-17T07:24:32.148617,1789629872148617700,15.93861767578125,-0.1722865402698516,-0.4814198911190033,-0.8761885166168213
2026-09-17T07:24:32.158577,1789629872158577700,15.94857763671875,-0.2720355093479156,-0.4511642456054687,-0.9039506316184998
2026-09-17T07:24:32.168537,1789629872168537600,15.95853759765625,-0.3282396495342254,-0.4120722413063049,-0.9260122776031494
2026-09-17T07:24:32.178496,1789629872178496500,15.96849658203125,-0.3277826607227325,-0.3204863965511322,-0.9255190491676332
2026-09-17T07:24:32.188456,1789629872188456700,15.978456787109376,-0.2880046367645263,-0.2040716409683227,-0.903551697731018
2026-09-17T07:24:32.198416,1789629872198416600,15.988416748046877,-0.228312000632286,-0.1121659502387046,-0.8673641085624695
2026-09-17T07:24:32.208376,1789629872208376600,15.99837646484375,-0.1655956208705902,-0.0660900697112083,-0.8272920846939087
2026-09-17T07:24:32.218335,1789629872218335700,16.008335693359374,-0.117310382425785,-0.081263966858387,-0.7947440147399902
2026-09-17T07:24:32.228295,1789629872228295700,16.018295654296875,-0.0897530540823936,-0.147318348288536,-0.768988311290741
2026-09-17T07:24:32.238255,1789629872238255600,16.028255615234375,-0.0613701492547988,-0.208942025899887,-0.73387211561203
2026-09-17T07:24:32.248214,1789629872248214500,16.038214599609375,-0.0254984349012374,-0.2465085834264755,-0.695250928401947
2026-09-17T07:24:32.258174,1789629872258174700,16.0481748046875,0.0173251945525407,-0.2588770985603332,-0.6653465628623962
2026-09-17T07:24:32.268134,1789629872268134700,16.058134765625,0.0683329850435257,-0.2587399482727051,-0.6418447494506836
2026-09-17T07:24:32.278093,1789629872278093600,16.068093505859373,0.1256639212369918,-0.2319195121526718,-0.6271816492080688
2026-09-17T07:24:32.288053,1789629872288053500,16.078053466796874,0.173323318362236,-0.1938251256942749,-0.6350685954093933
2026-09-17T07:24:32.298013,1789629872298013700,16.088013671875,0.1890263855457306,-0.1245123669505119,-0.6809495091438293
2026-09-17T07:24:32.307972,1789629872307972600,16.09797265625,0.1579837799072265,-0.0623746961355209,-0.761437177658081
2026-09-17T07:24:32.317932,1789629872317932500,16.1079326171875,0.0743746310472488,-0.0166378319263458,-0.8449581861495972
2026-09-17T07:24:32.327892,1789629872327892500,16.117892578125,-0.0250760577619075,0.0318705812096595,-0.8888739347457886
2026-09-17T07:24:32.337851,1789629872337851600,16.1278515625,-0.1084066331386566,0.0909472182393074,-0.8675806522369385
2026-09-17T07:24:32.347811,1789629872347811600,16.1378115234375,-0.1500574052333831,0.1322374045848846,-0.7998234629631042
2026-09-17T07:24:32.357771,1789629872357771500,16.147771484375,-0.1448245644569397,0.1495844274759292,-0.717668890953064
2026-09-17T07:24:32.367731,1789629872367731500,16.1577314453125,-0.0964330658316612,0.1276138871908188,-0.6434473991394043
2026-09-17T07:24:32.377690,1789629872377690600,16.167690673828126,-0.0344591736793518,0.069417156279087,-0.5996802449226379
2026-09-17T07:24:32.387650,1789629872387650600,16.177650634765627,0.0223918575793504,-0.0199750401079654,-0.5981329083442688
2026-09-17T07:24:32.397610,1789629872397610800,16.18761083984375,0.042714174836874,-0.1416423469781875,-0.62367182970047
2026-09-17T07:24:32.407569,1789629872407569700,16.197569580078124,0.0145075703039765,-0.269540935754776,-0.6688995361328125
2026-09-17T07:24:32.417529,1789629872417529600,16.207529541015624,-0.0332887135446071,-0.3780588805675506,-0.7001141309738159
2026-09-17T07:24:32.427489,1789629872427489500,16.217489501953125,-0.0799704641103744,-0.4045538604259491,-0.7024297714233398
2026-09-17T07:24:32.437448,1789629872437448400,16.227448486328125,-0.1099344864487648,-0.3469598293304443,-0.6804525852203369
2026-09-17T07:24:32.447408,1789629872447408600,16.23740869140625,-0.1214505285024643,-0.2747447490692138,-0.6548952460289001
2026-09-17T07:24:32.457368,1789629872457368600,16.24736865234375,-0.1068867668509483,-0.2186716198921203,-0.6311745047569275
2026-09-17T07:24:32.467328,1789629872467328500,16.25732861328125,-0.0796005502343177,-0.17656971514225,-0.612002432346344
2026-09-17T07:24:32.477287,1789629872477287400,16.267287353515623,-0.0566355809569358,-0.1660627424716949,-0.6073243021965027
2026-09-17T07:24:32.487247,1789629872487247400,16.277247314453124,-0.0663121789693832,-0.1997344195842743,-0.6200219988822937
2026-09-17T07:24:32.497207,1789629872497207600,16.28720751953125,-0.0912779793143272,-0.2440358400344848,-0.6294700503349304
2026-09-17T07:24:32.507166,1789629872507166700,16.297166748046877,-0.1271369159221649,-0.2605413198471069,-0.6243740916252136
2026-09-17T07:24:32.517126,1789629872517126700,16.307126708984374,-0.1516875326633453,-0.2300529032945633,-0.6079791784286499
2026-09-17T07:24:32.527086,1789629872527086600,16.317086669921874,-0.1600147038698196,-0.1944674849510193,-0.5975915193557739
2026-09-17T07:24:32.537045,1789629872537045500,16.32704541015625,-0.1449473351240158,-0.1279723495244979,-0.600510835647583
2026-09-17T07:24:32.547005,1789629872547005700,16.337005615234375,-0.115863487124443,-0.0616867989301681,-0.6197487115859985
2026-09-17T07:24:32.556965,1789629872556965600,16.346965576171876,-0.0848459154367446,-0.030352845788002,-0.6434058547019958
2026-09-17T07:24:32.566924,1789629872566924500,16.356924560546876,-0.0662075132131576,-0.0319403558969497,-0.6598516702651978
2026-09-17T07:24:32.576884,1789629872576884500,16.366884521484376,-0.0573258735239505,-0.0392379499971866,-0.6557238101959229
2026-09-17T07:24:32.586844,1789629872586844700,16.3768447265625,-0.066179022192955,-0.064690314233303,-0.6427754759788513
2026-09-17T07:24:32.596804,1789629872596804600,16.3868046875,-0.1031434312462806,-0.1089192926883697,-0.6323848962783813
2026-09-17T07:24:32.606763,1789629872606763500,16.396763427734374,-0.1504704654216766,-0.1255232989788055,-0.6333244442939758
2026-09-17T07:24:32.616723,1789629872616723500,16.406723388671875,-0.1966028064489364,-0.1009324714541435,-0.6376491785049438
2026-09-17T07:24:32.626683,1789629872626683400,16.416683349609375,-0.2323895692825317,-0.033784594386816,-0.645338773727417
2026-09-17T07:24:32.636642,1789629872636642800,16.426642822265624,-0.2516133189201355,0.0486927032470703,-0.6539682149887085
2026-09-17T07:24:32.646602,1789629872646602800,16.436602783203124,-0.2604004144668579,0.1029652655124664,-0.6521658301353455
2026-09-17T07:24:32.656562,1789629872656562700,16.446562744140625,-0.2709284424781799,0.102998286485672,-0.6234822273254395
2026-09-17T07:24:32.666521,1789629872666521600,16.456521484375,-0.2843677997589111,0.06230279058218,-0.5731120109558105
2026-09-17T07:24:32.676481,1789629872676481500,16.4664814453125,-0.2899141013622284,0.0042280345223844,-0.5200727581977844
2026-09-17T07:24:32.686441,1789629872686441700,16.476441650390626,-0.281341403722763,-0.0562510229647159,-0.4775567054748535
2026-09-17T07:24:32.696400,1789629872696400600,16.486400634765626,-0.2624452114105224,-0.0961299911141395,-0.4719976186752319
2026-09-17T07:24:32.706360,1789629872706360600,16.496360595703123,-0.2451748698949813,-0.1215906143188476,-0.4936584532260895
2026-09-17T07:24:32.716320,1789629872716320500,16.506320556640624,-0.2402533441781997,-0.1443731635808944,-0.5282995104789734
2026-09-17T07:24:32.726280,1789629872726280700,16.51628076171875,-0.2596632540225982,-0.1459787786006927,-0.5638388395309448
2026-09-17T07:24:32.736239,1789629872736239600,16.526239501953125,-0.2936308085918426,-0.1312970370054245,-0.5819451808929443
2026-09-17T07:24:32.746199,1789629872746199600,16.536199462890625,-0.3261347115039825,-0.1015766933560371,-0.5777214169502258
2026-09-17T07:24:32.756159,1789629872756159500,16.546159423828126,-0.3416920900344848,-0.0518160611391067,-0.5497869849205017
2026-09-17T07:24:32.766118,1789629872766118400,16.556118408203126,-0.3433083593845367,-0.012705941684544,-0.5073875784873962
2026-09-17T07:24:32.776078,1789629872776078300,16.566078369140627,-0.3394092321395874,0.0088837724179029,-0.4525381624698639
2026-09-17T07:24:32.786038,1789629872786038500,16.57603857421875,-0.326818585395813,0.0192791558802127,-0.3893168568611145
2026-09-17T07:24:32.795997,1789629872795997700,16.585997802734376,-0.3029316365718841,0.0188855398446321,-0.3280250132083893
2026-09-17T07:24:32.805957,1789629872805957600,16.59595751953125,-0.2711164653301239,0.0062360577285289,-0.2753767073154449
2026-09-17T07:24:32.815917,1789629872815917600,16.60591748046875,-0.2329626828432083,-0.0097354520112276,-0.2378991097211837
2026-09-17T07:24:32.825877,1789629872825877800,16.615877685546874,-0.182180717587471,-0.0405998900532722,-0.2013096809387207
2026-09-17T07:24:32.835836,1789629872835836700,16.625836669921874,-0.1139630526304245,-0.0565575510263443,-0.1594921946525573
2026-09-17T07:24:32.845796,1789629872845796600,16.635796630859375,-0.03769251704216,-0.0488996319472789,-0.1168682947754859
2026-09-17T07:24:32.855756,1789629872855756500,16.645756591796875,0.0344450585544109,-0.0407114773988723,-0.085979089140892
2026-09-17T07:24:32.865715,1789629872865715500,16.655715576171875,0.0880244001746177,-0.0328836478292942,-0.0618271492421627
2026-09-17T07:24:32.875675,1789629872875675600,16.665675537109376,0.1113893762230873,-0.020821925252676,-0.0478154607117176
2026-09-17T07:24:32.885635,1789629872885635600,16.675635498046876,0.0874046832323074,-0.0313651114702224,-0.0587642453610897
2026-09-17T07:24:32.895594,1789629872895594500,16.685594482421877,0.0156359504908323,-0.0681239292025566,-0.0912926271557807
2026-09-17T07:24:32.905554,1789629872905554400,16.695554443359374,-0.0593035370111465,-0.0779816135764122,-0.1129827424883842
2026-09-17T07:24:32.915514,1789629872915514400,16.705514404296874,-0.1071256548166275,-0.0607352517545223,-0.1117491647601127
2026-09-17T07:24:32.925473,1789629872925473800,16.715473876953126,-0.1117315888404846,-0.0364088751375675,-0.1010254174470901
2026-09-17T07:24:32.935433,1789629872935433700,16.725433837890623,-0.0844059586524963,-0.0081873564049601,-0.0936468616127967
2026-09-17T07:24:32.945393,1789629872945393700,16.7353935546875,-0.0438516102731227,0.0246861707419157,-0.0967819392681121
2026-09-17T07:24:32.955353,1789629872955353600,16.745353515625,-0.0064035709947347,0.0444702617824077,-0.113201655447483
2026-09-17T07:24:32.965312,1789629872965312500,16.7553125,0.021893048658967,0.0366046167910099,-0.1301105916500091
2026-09-17T07:24:32.975272,1789629872975272700,16.765272705078125,0.0319001413881778,0.018450379371643,-0.1318618953227996
2026-09-17T07:24:32.985232,1789629872985232600,16.775232666015626,0.033975277096033,-0.0031318773981183,-0.1082290038466453
2026-09-17T07:24:32.995191,1789629872995191600,16.785191650390626,0.0347561165690422,-0.004815527703613,-0.0648660808801651
2026-09-17T07:24:33.005151,1789629873005151500,16.7951513671875,0.0409495644271373,0.0245953574776649,-0.0192772913724184
2026-09-17T07:24:33.015111,1789629873015111700,16.805111572265623,0.0528120808303356,0.0438947528600692,0.0103668868541717
2026-09-17T07:24:33.025070,1789629873025070600,16.815070556640624,0.0605682730674743,0.0220283363014459,0.017110276967287
2026-09-17T07:24:33.035030,1789629873035030500,16.825030517578124,0.0423621051013469,-0.0270465314388275,0.0075543224811553
2026-09-17T07:24:33.044990,1789629873044990500,16.834990478515625,0.0090145338326692,-0.0726321265101432,-0.0084840320050716
2026-09-17T07:24:33.054949,1789629873054949600,16.84494970703125,-0.0374986380338668,-0.1263723224401474,-0.0434076599776744
2026-09-17T07:24:33.064909,1789629873064909600,16.85490966796875,-0.0826384201645851,-0.17276431620121,-0.089112564921379
2026-09-17T07:24:33.074869,1789629873074869800,16.864869873046874,-0.1096673756837844,-0.1855663955211639,-0.1122059002518653
2026-09-17T07:24:33.084829,1789629873084829700,16.87482958984375,-0.1072321832180023,-0.1569480746984481,-0.0990131348371505
2026-09-17T07:24:33.094788,1789629873094788600,16.88478857421875,-0.0701077133417129,-0.0995649397373199,-0.0556800402700901
2026-09-17T07:24:33.104748,1789629873104748500,16.89474853515625,-0.0071085095405578,-0.0571793988347053,0.0097069554030895
2026-09-17T07:24:33.114708,1789629873114708700,16.904708740234376,0.0689479112625122,-0.0643329173326492,0.076206088066101
2026-09-17T07:24:33.124667,1789629873124667600,16.914667724609377,0.1436794102191925,-0.0943515375256538,0.1191223934292793
2026-09-17T07:24:33.134627,1789629873134627600,16.924627685546874,0.2026412636041641,-0.1256990730762481,0.1376143246889114
2026-09-17T07:24:33.144587,1789629873144587500,16.93458740234375,0.2374501079320907,-0.1730625927448272,0.1289894133806228
2026-09-17T07:24:33.154546,1789629873154546400,16.94454638671875,0.2430422157049179,-0.2128020226955413,0.1027269139885902
2026-09-17T07:24:33.164506,1789629873164506600,16.954506591796875,0.2271495312452316,-0.2032274156808853,0.0796128064393997
2026-09-17T07:24:33.174466,1789629873174466600,16.964466552734375,0.2007490843534469,-0.1627580225467682,0.0488058887422084
2026-09-17T07:24:33.184425,1789629873184425500,16.974425537109376,0.1770203113555908,-0.1105938851833343,0.0171257238835096
2026-09-17T07:24:33.194385,1789629873194385400,16.984385498046876,0.1521711647510528,-0.053189717233181,-0.0110550476238131
2026-09-17T07:24:33.204345,1789629873204345300,16.994345458984377,0.1196590214967727,-0.0154822869226336,-0.0306481905281543
2026-09-17T07:24:33.214305,1789629873214305500,17.004305419921874,0.0706611201167106,-0.0179566293954849,-0.0614505782723426
2026-09-17T07:24:33.224264,1789629873224264700,17.0142646484375,0.0206584073603153,-0.031720645725727,-0.0999111533164978
2026-09-17T07:24:33.234224,1789629873234224600,17.024224609375,-0.0136321885511279,-0.0439003445208072,-0.1415978819131851
2026-09-17T07:24:33.244184,1789629873244184800,17.034184814453123,-0.0324399657547473,-0.0442814454436302,-0.1826334595680236
2026-09-17T07:24:33.254143,1789629873254143700,17.044143798828124,-0.0425453297793865,-0.0315701775252819,-0.2040095925331115
2026-09-17T07:24:33.264103,1789629873264103700,17.054103759765624,-0.0464782863855361,-0.0061580273322761,-0.203619435429573
2026-09-17T07:24:33.274063,1789629873274063600,17.064063720703125,-0.0450753308832645,0.0255351867526769,-0.182530403137207
2026-09-17T07:24:33.284022,1789629873284022500,17.0740224609375,-0.0480985529720783,0.0571956448256969,-0.1423164010047912
2026-09-17T07:24:33.293982,1789629873293982700,17.083982666015626,-0.0478450208902359,0.0916692018508911,-0.0920265987515449
2026-09-17T07:24:33.303942,1789629873303942700,17.093942626953126,-0.0402502156794071,0.1584223955869674,-0.042972233146429
2026-09-17T07:24:33.313901,1789629873313901600,17.103901611328126,-0.0234022624790668,0.244119718670845,-0.0047566718421876
2026-09-17T07:24:33.323861,1789629873323861500,17.113861572265623,-0.0016269250772893,0.3242939114570617,0.0190163012593984
2026-09-17T07:24:33.333821,1789629873333821700,17.12382177734375,0.0192631762474775,0.3574574589729309,0.0348748937249183
2026-09-17T07:24:33.343781,1789629873343781600,17.13378173828125,0.0314061269164085,0.3235144019126892,0.0483209267258644
2026-09-17T07:24:33.353740,1789629873353740800,17.14374072265625,0.0342463888227939,0.2445367723703384,0.0625326186418533
2026-09-17T07:24:33.363700,1789629873363700700,17.15370068359375,0.0337222777307033,0.1268072128295898,0.0653702169656753
2026-09-17T07:24:33.373660,1789629873373660700,17.16366064453125,0.0420768782496452,0.0017520936671644,0.056729856878519
2026-09-17T07:24:33.383619,1789629873383619600,17.17361962890625,0.0715391635894775,-0.0837281867861747,0.0402054749429225
2026-09-17T07:24:33.393579,1789629873393579800,17.183579833984375,0.1229685321450233,-0.0946620628237724,0.0155030591413378
2026-09-17T07:24:33.403539,1789629873403539700,17.193539794921875,0.1839607805013656,-0.0335979089140892,-0.019776901230216
2026-09-17T07:24:33.413498,1789629873413498600,17.20349853515625,0.2348133027553558,0.0590651854872703,-0.0654485151171684
2026-09-17T07:24:33.423458,1789629873423458600,17.21345849609375,0.2566443085670471,0.1403448581695556,-0.1066694557666778
2026-09-17T07:24:33.433418,1789629873433418800,17.223418701171877,0.2403617352247238,0.1727249026298523,-0.1385067403316497
2026-09-17T07:24:33.443378,1789629873443378700,17.233378662109374,0.186346173286438,0.1654781699180603,-0.1635423302650451
2026-09-17T07:24:33.453337,1789629873453337600,17.243337646484374,0.111304685473442,0.1246644333004951,-0.1955841481685638
2026-09-17T07:24:33.463297,1789629873463297500,17.253297607421874,0.0264587718993425,0.0661683678627014,-0.2434619218111038
2026-09-17T07:24:33.473257,1789629873473257500,17.263257568359375,-0.0517132617533206,0.0153933372348546,-0.2938148379325866
2026-09-17T07:24:33.483216,1789629873483216600,17.273216552734375,-0.1010509803891182,-0.0070118368603289,-0.3249269425868988
2026-09-17T07:24:33.493176,1789629873493176600,17.283176513671876,-0.1134045869112014,0.013357350602746,-0.3251834213733673
2026-09-17T07:24:33.503136,1789629873503136500,17.293136474609376,-0.0940543264150619,0.071554347872734,-0.2889737486839294
2026-09-17T07:24:33.513095,1789629873513095700,17.303095703125,-0.0637587383389473,0.1240258067846298,-0.2377984523773193
2026-09-17T07:24:33.523055,1789629873523055600,17.3130556640625,-0.0416092276573181,0.1434900462627411,-0.1847290992736816
2026-09-17T07:24:33.533015,1789629873533015800,17.323015869140626,-0.0400230512022972,0.1163644269108772,-0.1489724367856979
2026-09-17T07:24:33.542974,1789629873542974700,17.332974609375,-0.0560568757355213,0.0756795778870582,-0.1337333023548126
2026-09-17T07:24:33.552934,1789629873552934700,17.3429345703125,-0.0837572142481803,0.0406233258545398,-0.1352100223302841
2026-09-17T07:24:33.562894,1789629873562894600,17.35289453125,-0.1137449443340301,0.0130907678976655,-0.1351932436227798
2026-09-17T07:24:33.572854,1789629873572854800,17.362854736328124,-0.1360827386379242,0.015271364711225,-0.128098577260971
2026-09-17T07:24:33.582813,1789629873582813700,17.372813720703125,-0.1542838513851165,0.0291011594235897,-0.1106953546404838
2026-09-17T07:24:33.592773,1789629873592773600,17.382773681640625,-0.1610986143350601,0.0563090778887271,-0.0772463157773017
2026-09-17T07:24:33.602733,1789629873602733600,17.392733642578126,-0.1617851704359054,0.0726768672466278,-0.0373846553266048
2026-09-17T07:24:33.612692,1789629873612692500,17.4026923828125,-0.1692452132701873,0.0695311427116394,-0.0020658141002058
2026-09-17T07:24:33.622652,1789629873622652700,17.412652587890626,-0.1805852204561233,0.0175169426947832,0.0220139548182487
2026-09-17T07:24:33.632612,1789629873632612600,17.422612548828123,-0.1818299889564514,-0.0325781814754009,0.0476572662591934
2026-09-17T07:24:33.642571,1789629873642571800,17.43257177734375,-0.1620280444622039,-0.0790146589279174,0.0676922276616096
2026-09-17T07:24:33.652531,1789629873652531700,17.44253173828125,-0.1314288675785064,-0.1274234652519226,0.0704888105392456
2026-09-17T07:24:33.662491,1789629873662491600,17.45249169921875,-0.0926825329661369,-0.1717826724052429,0.0660724937915802
2026-09-17T07:24:33.672451,1789629873672451800,17.462451904296874,-0.0474306307733058,-0.1935588121414184,0.0597110018134117
2026-09-17T07:24:33.682410,1789629873682410800,17.47241064453125,-0.0032029838766902,-0.1999775618314743,0.0436388254165649
2026-09-17T07:24:33.692370,1789629873692370700,17.48237060546875,0.0169667322188615,-0.2110951989889145,0.0169622059911489
2026-09-17T07:24:33.702330,1789629873702330600,17.49233056640625,-0.001161670894362,-0.2228738218545913,-0.0230123754590749
2026-09-17T07:24:33.712289,1789629873712289500,17.50228955078125,-0.0463736243546009,-0.2402530759572982,-0.0655286759138107
2026-09-17T07:24:33.722249,1789629873722249700,17.512249755859376,-0.0992879718542099,-0.2485347092151641,-0.1042776703834533
2026-09-17T07:24:33.732209,1789629873732209700,17.522209716796876,-0.1306957006454467,-0.2537009716033935,-0.1370372176170349
2026-09-17T07:24:33.742168,1789629873742168600,17.53216845703125,-0.1192132085561752,-0.2316257655620575,-0.1517983227968216
2026-09-17T07:24:33.752128,1789629873752128500,17.54212841796875,-0.0672703832387924,-0.1732026785612106,-0.1375749111175537
2026-09-17T07:24:33.762088,1789629873762088700,17.552088623046874,0.0004817658336833,-0.1062409505248069,-0.1020262315869331
2026-09-17T07:24:33.772048,1789629873772048000,17.5620478515625,0.067006729543209,-0.0612977109849453,-0.0541242212057113
2026-09-17T07:24:33.782007,1789629873782007800,17.5720078125,0.1186542138457298,-0.0551287643611431,0.0027928571216762
2026-09-17T07:24:33.791967,1789629873791967700,17.5819677734375,0.167902186512947,-0.0826077908277511,0.0645715370774269
2026-09-17T07:24:33.801927,1789629873801927700,17.591927734375,0.2189842760562896,-0.1362276077270507,0.1193002983927726
2026-09-17T07:24:33.811886,1789629873811886600,17.601886474609376,0.2910099923610687,-0.1835349351167678,0.1722617745399475
2026-09-17T07:24:33.821846,1789629873821846800,17.6118466796875,0.3773765861988067,-0.2021938413381576,0.2255231440067291
2026-09-17T07:24:33.831806,1789629873831806700,17.621806640625,0.4518617391586303,-0.1969988197088241,0.2768512964248657
2026-09-17T07:24:33.841765,1789629873841765600,17.631765625,0.4981487989425659,-0.1730743050575256,0.3173622488975525
2026-09-17T07:24:33.851725,1789629873851725600,17.6417255859375,0.5013850927352905,-0.1469471007585525,0.3365242183208465
2026-09-17T07:24:33.861685,1789629873861685800,17.651685791015623,0.4477759003639221,-0.1206004470586776,0.3266460299491882
2026-09-17T07:24:33.871644,1789629873871644700,17.661644775390624,0.3503542840480804,-0.0895133689045906,0.2949059307575226
2026-09-17T07:24:33.881604,1789629873881604600,17.6716044921875,0.2417609691619873,-0.0578731521964073,0.2526431679725647
2026-09-17T07:24:33.891564,1789629873891564500,17.681564453125,0.1483106464147567,-0.0286215245723724,0.2174199372529983
2026-09-17T07:24:33.901524,1789629873901524500,17.6915244140625,0.0872997492551803,0.0061327274888753,0.1890415549278259
2026-09-17T07:24:33.911483,1789629873911483600,17.701483642578125,0.0682733282446861,0.0339142903685569,0.1699197888374328
2026-09-17T07:24:33.921443,1789629873921443600,17.711443603515626,0.0772444531321525,0.0662317499518394,0.1636792123317718
2026-09-17T07:24:33.931403,1789629873931403500,17.721403564453126,0.100478671491146,0.1089954599738121,0.1563139706850052
2026-09-17T07:24:33.941362,1789629873941362700,17.73136279296875,0.1076156720519065,0.1168661639094352,0.1394431143999099
2026-09-17T07:24:33.951322,1789629873951322600,17.741322509765624,0.0829092636704444,0.0565370470285415,0.1040766015648841
2026-09-17T07:24:33.961282,1789629873961282800,17.75128271484375,0.0347340106964111,-0.0431511998176574,0.0668637156486511
2026-09-17T07:24:33.971241,1789629873971241700,17.76124169921875,-0.0178647506982088,-0.117565244436264,0.0345457270741462
2026-09-17T07:24:33.981201,1789629873981201700,17.77120166015625,-0.066028282046318,-0.1553208827972412,0.0040746363811194
2026-09-17T07:24:33.991161,1789629873991161600,17.78116162109375,-0.1060412153601646,-0.1736865639686584,-0.0402009487152099
2026-09-17T07:24:34.001120,1789629874001120500,17.79112060546875,-0.140597864985466,-0.1869192868471145,-0.090042807161808
2026-09-17T07:24:34.011080,1789629874011080700,17.801080810546875,-0.1905515640974044,-0.2144129574298858,-0.1430487632751464
2026-09-17T07:24:34.021040,1789629874021040600,17.81104052734375,-0.2723087668418884,-0.2602235972881317,-0.1999125778675079
2026-09-17T07:24:34.031000,1789629874031000600,17.82100048828125,-0.3722209632396698,-0.3035058081150055,-0.241338312625885
2026-09-17T07:24:34.040959,1789629874040959500,17.83095947265625,-0.4780616462230682,-0.2923988401889801,-0.2546999454498291
2026-09-17T07:24:34.050919,1789629874050919700,17.840919677734377,-0.5570299625396729,-0.2166140675544738,-0.2230836749076843
2026-09-17T07:24:34.060879,1789629874060879600,17.850879638671874,-0.574268102645874,-0.0944391563534736,-0.1565946638584137
2026-09-17T07:24:34.070838,1789629874070838800,17.8608388671875,-0.524890124797821,0.0731687545776367,-0.0695130303502082
2026-09-17T07:24:34.080798,1789629874080798700,17.870798828125,-0.4170856475830078,0.2258317917585373,0.0377750769257545
2026-09-17T07:24:34.090758,1789629874090758700,17.880758544921875,-0.2708264291286468,0.3576774597167969,0.1485196948051452
2026-09-17T07:24:34.100717,1789629874100717600,17.890717529296875,-0.1134096458554267,0.4663943350315094,0.2387427985668182
2026-09-17T07:24:34.110677,1789629874110677800,17.900677734375,0.0178519673645496,0.5003232955932617,0.2868072688579559
2026-09-17T07:24:34.120637,1789629874120637700,17.9106376953125,0.1071267202496528,0.4311798810958862,0.2969720065593719
2026-09-17T07:24:34.130597,1789629874130597600,17.92059765625,0.1670158803462982,0.3219407498836517,0.3079903125762939
2026-09-17T07:24:34.140556,1789629874140556500,17.930556640625,0.1982742100954055,0.1788781434297561,0.326706200838089
2026-09-17T07:24:34.150516,1789629874150516700,17.940516845703126,0.2053717970848083,0.0192882101982831,0.326995700597763
2026-09-17T07:24:34.160476,1789629874160476700,17.9504765625,0.2056303918361663,-0.1086878627538681,0.3145653903484344
2026-09-17T07:24:34.170435,1789629874170435600,17.960435546875,0.2133823186159134,-0.1560668349266052,0.2929826080799103
2026-09-17T07:24:34.180395,1789629874180395500,17.9703955078125,0.2168055474758148,-0.1340928226709365,0.2588123977184295
2026-09-17T07:24:34.190355,1789629874190355700,17.980355712890624,0.2080128490924835,-0.0830000787973404,0.2139999121427536
2026-09-17T07:24:34.200315,1789629874200315000,17.99031494140625,0.1797628402709961,-0.0205066073685884,0.1778331100940704
2026-09-17T07:24:34.210274,1789629874210274800,18.00027490234375,0.1308743953704834,0.0237745717167854,0.1532076597213745
2026-09-17T07:24:34.220234,1789629874220234800,18.01023486328125,0.0673279091715812,0.0362184569239616,0.1325210183858871
2026-09-17T07:24:34.230195,1789629874230195000,18.02019482421875,0.0008780442294664,-0.0120486728847026,0.1054787561297416
2026-09-17T07:24:34.240154,1789629874240154400,18.030154296875,-0.0594737119972705,-0.1049993857741355,0.0748478770256042
2026-09-17T07:24:34.250114,1789629874250114300,18.0401142578125,-0.1025809720158577,-0.2195579260587692,0.0404440946877002
2026-09-17T07:24:34.260074,1789629874260074200,18.05007421875,-0.127016544342041,-0.311726450920105,0.0142449820414185
2026-09-17T07:24:34.270033,1789629874270033200,18.060033203125,-0.1242385953664779,-0.3316463828086853,-0.0009629990672692
2026-09-17T07:24:34.279993,1789629874279993000,18.0699931640625,-0.1019399464130401,-0.2735668420791626,0.0070834755897521
2026-09-17T07:24:34.289953,1789629874289953300,18.079953369140625,-0.0805936455726623,-0.1799047887325287,0.0265637002885341
2026-09-17T07:24:34.299912,1789629874299912200,18.089912109375,-0.0643227994441986,-0.0630657821893692,0.0507747642695903
2026-09-17T07:24:34.309872,1789629874309872000,18.0998720703125,-0.0488154776394367,0.0515382923185825,0.0799033567309379
2026-09-17T07:24:34.319832,1789629874319832000,18.10983203125,-0.0218219421803951,0.1553624272346496,0.1032153367996215
2026-09-17T07:24:34.329792,1789629874329792300,18.119792236328124,0.012719789519906,0.2019277960062027,0.1140589267015457
2026-09-17T07:24:34.339751,1789629874339751200,18.129751220703124,0.0440172590315341,0.1837546527385711,0.1176419481635093
2026-09-17T07:24:34.349711,1789629874349711000,18.139711181640624,0.0645747333765029,0.1350185424089431,0.1213605180382728
2026-09-17T07:24:34.359671,1789629874359671000,18.149671142578125,0.0746582597494125,0.0764215365052223,0.1295987367630005
2026-09-17T07:24:34.369630,1789629874369630200,18.159630126953125,0.0830482840538024,0.0261061694473028,0.1309188604354858
2026-09-17T07:24:34.379590,1789629874379590400,18.16959033203125,0.0994959622621536,0.0177523661404848,0.1228311136364936
2026-09-17T07:24:34.389550,1789629874389550300,18.17955029296875,0.1092793494462966,0.0378858633339405,0.1007037088274955
2026-09-17T07:24:34.399509,1789629874399509200,18.18950927734375,0.1174850836396217,0.0711423531174659,0.0737027153372764
2026-09-17T07:24:34.409469,1789629874409469200,18.19946923828125,0.1097390130162239,0.09816624969244,0.0440960898995399
2026-09-17T07:24:34.419429,1789629874419429000,18.20942919921875,0.078121431171894,0.0831526741385459,0.0105879297479987
2026-09-17T07:24:34.429389,1789629874429389300,18.219389404296876,0.0418928563594818,0.009794307872653,-0.0108558433130383
2026-09-17T07:24:34.439348,1789629874439348200,18.22934814453125,0.0262790080159902,-0.0807007029652595,-0.0109959254041314
2026-09-17T07:24:34.449308,1789629874449308200,18.23930810546875,0.0263282768428325,-0.141234889626503,0.0022700785193592
2026-09-17T07:24:34.459268,1789629874459268000,18.24926806640625,0.0224320720881223,-0.1850811690092086,0.0095130773261189
2026-09-17T07:24:34.469227,1789629874469227000,18.25922705078125,0.0003629888524301,-0.2169240564107895,0.0041856900788843
2026-09-17T07:24:34.479187,1789629874479187200,18.269187255859375,-0.032464999705553,-0.2240655869245529,-0.0120057966560125
2026-09-17T07:24:34.489147,1789629874489147100,18.279147216796876,-0.0802658125758171,-0.2217044234275818,-0.0312788262963295
2026-09-17T07:24:34.499106,1789629874499106000,18.28910595703125,-0.1279923170804977,-0.2470811605453491,-0.0508890114724636
2026-09-17T07:24:34.509066,1789629874509066000,18.29906591796875,-0.1584490239620208,-0.2722064852714538,-0.0585669055581092
2026-09-17T07:24:34.519026,1789629874519026000,18.30902587890625,-0.1596120297908783,-0.2373678088188171,-0.0599363036453723
2026-09-17T07:24:34.528986,1789629874528986000,18.318986083984377,-0.134489893913269,-0.1946658939123153,-0.0695460513234138
2026-09-17T07:24:34.538945,1789629874538945300,18.3289453125,-0.0822365507483482,-0.1664899140596389,-0.0819236263632774
2026-09-17T07:24:34.548905,1789629874548905200,18.3389052734375,-0.0165036097168922,-0.1430943012237548,-0.0754697248339653
2026-09-17T07:24:34.558865,1789629874558865200,18.348865234375,0.0315768346190452,-0.1367152333259582,-0.0674565359950065
2026-09-17T07:24:34.568824,1789629874568824000,18.358823974609376,0.0568667463958263,-0.1448115110397339,-0.0522490888833999
2026-09-17T07:24:34.578784,1789629874578784300,18.3687841796875,0.0666610524058342,-0.1590975075960159,-0.024140490218997
2026-09-17T07:24:34.588744,1789629874588744200,18.378744140625,0.0765741392970085,-0.1638933271169662,0.0068315407261252
2026-09-17T07:24:34.598703,1789629874598703000,18.388703125,0.0830046087503433,-0.1766951382160186,0.017247961834073
2026-09-17T07:24:34.608663,1789629874608663000,18.3986630859375,0.0792506113648414,-0.206794187426567,0.0089151980355381
2026-09-17T07:24:34.618623,1789629874618623200,18.408623291015623,0.0696592405438423,-0.2189571112394333,-0.0077623156830668
2026-09-17T07:24:34.628583,1789629874628583200,18.418583251953127,0.067981980741024,-0.1660219877958297,-0.0241293050348758
2026-09-17T07:24:34.638542,1789629874638542000,18.4285419921875,0.0789667218923568,-0.0753054097294807,-0.0268704965710639
2026-09-17T07:24:34.648502,1789629874648502000,18.438501953125,0.1007045060396194,0.0087530119344592,-0.0137432422488927
2026-09-17T07:24:34.658462,1789629874658462000,18.4484619140625,0.1144136637449264,0.0719061493873596,0.0085380943492054
2026-09-17T07:24:34.668421,1789629874668421400,18.45842138671875,0.1157662793993949,0.0671129897236824,0.036071453243494
2026-09-17T07:24:34.678381,1789629874678381300,18.46838134765625,0.1039410457015037,0.0161763075739145,0.0594715811312198
2026-09-17T07:24:34.688341,1789629874688341200,18.47834130859375,0.0796444937586784,-0.0408294536173343,0.0470655113458633
2026-09-17T07:24:34.698300,1789629874698300200,18.48830004882813,0.0325664654374122,-0.1002320647239685,-0.0126276444643735
2026-09-17T07:24:34.708260,1789629874708260000,18.498260009765627,-0.0322609990835189,-0.1522968560457229,-0.1059171110391616
2026-09-17T07:24:34.718220,1789629874718220300,18.50822021484375,-0.1157194077968597,-0.1917492002248764,-0.2114747017621994
2026-09-17T07:24:34.728180,1789629874728180200,18.51818017578125,-0.2013930380344391,-0.1918418705463409,-0.3113698661327362
2026-09-17T07:24:34.738139,1789629874738139100,18.52813916015625,-0.2650154232978821,-0.1511788666248321,-0.3802056610584259
2026-09-17T07:24:34.748099,1789629874748099000,18.53809912109375,-0.284261554479599,-0.0696467235684394,-0.4106466472148895
2026-09-17T07:24:34.758059,1789629874758059300,18.54805932617187,-0.2553028762340545,0.0451024957001209,-0.4051229953765869
2026-09-17T07:24:34.768018,1789629874768018200,18.55801806640625,-0.1807314306497573,0.1830696910619735,-0.3645704984664917
2026-09-17T07:24:34.777978,1789629874777978000,18.56797802734375,-0.0819422677159309,0.3109171390533447,-0.2970127761363983
2026-09-17T07:24:34.787938,1789629874787938000,18.57793798828125,0.0305451266467571,0.3947963118553161,-0.2159578651189804
2026-09-17T07:24:34.797897,1789629874797897200,18.587897216796875,0.135929599404335,0.4186473190784454,-0.1374617218971252
2026-09-17T07:24:34.807857,1789629874807857200,18.597857177734376,0.2332108914852142,0.3895195424556732,-0.0619272850453853
2026-09-17T07:24:34.817817,1789629874817817000,18.607817138671876,0.3182240426540375,0.3207796216011047,0.0029145635198801
2026-09-17T07:24:34.827777,1789629874827777000,18.617777099609373,0.384757786989212,0.2260863929986953,0.0431634485721588
2026-09-17T07:24:34.837736,1789629874837736200,18.627736083984377,0.4337831437587738,0.151561290025711,0.0556898936629295
2026-09-17T07:24:34.847696,1789629874847696100,18.63769604492187,0.4530649483203888,0.0798540860414505,0.0290345810353755
2026-09-17T07:24:34.857656,1789629874857656300,18.64765625,0.4255920350551605,-0.0036258937325328,-0.0368613451719284
2026-09-17T07:24:34.867615,1789629874867615200,18.657615234375,0.3542749881744385,-0.0896593108773231,-0.1247709617018699
2026-09-17T07:24:34.877575,1789629874877575200,18.6675751953125,0.2632907629013061,-0.1295063197612762,-0.2271758913993835
2026-09-17T07:24:34.887535,1789629874887535000,18.67753515625,0.1748077571392059,-0.1002962440252304,-0.3197649419307709
2026-09-17T07:24:34.897494,1789629874897494000,18.687493896484376,0.0946242436766624,-0.0235878843814134,-0.4041919410228729
2026-09-17T07:24:34.907454,1789629874907454200,18.6974541015625,0.0112055167555809,0.0295682791620492,-0.4856535196304321
2026-09-17T07:24:34.917414,1789629874917414100,18.7074140625,-0.086904801428318,0.03860305249691,-0.552004337310791
2026-09-17T07:24:34.927374,1789629874927374000,18.7173740234375,-0.194596379995346,-0.0009467537747696,-0.5821864604949951
2026-09-17T07:24:34.937333,1789629874937333000,18.7273330078125,-0.302674651145935,-0.0676586702466011,-0.5733364820480347
2026-09-17T07:24:34.947293,1789629874947293000,18.73729296875,-0.3752250075340271,-0.1000416427850723,-0.5274891257286072
2026-09-17T07:24:34.957253,1789629874957253000,18.747253173828124,-0.3860129415988922,-0.0793305113911628,-0.4544218182563782
2026-09-17T07:24:34.967212,1789629874967212300,18.75721240234375,-0.3343963623046875,-0.0227947942912578,-0.3626815378665924
2026-09-17T07:24:34.977172,1789629874977172200,18.767172119140625,-0.2332140803337097,0.0389426052570343,-0.2637245953083038
2026-09-17T07:24:34.987132,1789629874987132200,18.777132080078125,-0.1081477776169776,0.1037410423159599,-0.1613553315401077
2026-09-17T07:24:34.997091,1789629874997091000,18.78709106445313,0.0145392613485455,0.1685530692338943,-0.0626031905412674
2026-09-17T07:24:35.007051,1789629875007051300,18.79705126953125,0.1173362135887146,0.2143612951040268,0.0205912943929433
2026-09-17T07:24:35.017011,1789629875017011200,18.80701123046875,0.1931758522987365,0.2638542950153351,0.0751645267009735
2026-09-17T07:24:35.026970,1789629875026970000,18.81697021484375,0.2325877100229263,0.316726803779602,0.097940944135189
2026-09-17T07:24:35.036930,1789629875036930000,18.826929931640624,0.2367664724588394,0.3208848237991333,0.1040520966053009
2026-09-17T07:24:35.046890,1789629875046890200,18.83689013671875,0.1987311989068985,0.2628995478153229,0.1002677455544471
2026-09-17T07:24:35.056850,1789629875056850200,18.84685009765625,0.1334352940320968,0.1627489626407623,0.0824368223547935
2026-09-17T07:24:35.066809,1789629875066809000,18.85680908203125,0.0620279498398304,0.0492192097008228,0.0414899177849292
2026-09-17T07:24:35.076769,1789629875076769000,18.86676904296875,-0.0001177117228507,-0.0334511660039424,-0.0006362291751429
2026-09-17T07:24:35.086729,1789629875086729000,18.87672900390625,-0.0454545654356479,-0.0941808298230171,-0.0479219853878021
2026-09-17T07:24:35.096688,1789629875096688400,18.8866884765625,-0.0727056264877319,-0.1000946387648582,-0.0916766598820686
2026-09-17T07:24:35.106648,1789629875106648300,18.8966484375,-0.0905317664146423,-0.0695867985486984,-0.1206886023283004
2026-09-17T07:24:35.116608,1789629875116608300,18.906608154296876,-0.1028914973139762,-0.0326210595667362,-0.1300149857997894
2026-09-17T07:24:35.126567,1789629875126567200,18.916567138671876,-0.1318323314189911,-0.0183960516005754,-0.1237477734684944
2026-09-17T07:24:35.136527,1789629875136527000,18.926527099609373,-0.1755340099334716,-0.0344333425164222,-0.103094957768917
2026-09-17T07:24:35.146487,1789629875146487300,18.9364873046875,-0.225736990571022,-0.062766708433628,-0.0705615207552909
2026-09-17T07:24:35.156447,1789629875156447200,18.946447265625,-0.2806444466114044,-0.1132072508335113,-0.0364213921129703
2026-09-17T07:24:35.166406,1789629875166406100,18.95640625,-0.3267067372798919,-0.1635244786739349,-0.0116321546956896
2026-09-17T07:24:35.176366,1789629875176366000,18.966365966796875,-0.338878184556961,-0.1874487251043319,0.0075543224811553
2026-09-17T07:24:35.186326,1789629875186326300,18.976326171875,-0.3009409308433532,-0.1421496868133545,0.0265250839293003
2026-09-17T07:24:35.196285,1789629875196285200,18.98628515625,-0.2194679081439972,-0.0491603538393974,0.0561876371502876
2026-09-17T07:24:35.206245,1789629875206245000,18.9962451171875,-0.1086524426937103,0.0389798879623413,0.0998616144061088
2026-09-17T07:24:35.216205,1789629875216205000,19.006205078125,-0.0143400570377707,0.0880227982997894,0.1425155997276306
2026-09-17T07:24:35.226164,1789629875226164200,19.016164306640626,0.0447602793574333,0.0674578696489334,0.1823767274618148
2026-09-17T07:24:35.236123,1789629875236123600,19.02612353515625,0.0564070828258991,-0.0258963126689195,0.2069963216781616
2026-09-17T07:24:35.246083,1789629875246083600,19.03608349609375,0.0413666144013404,-0.1423275768756866,0.2107196897268295
2026-09-17T07:24:35.256042,1789629875256042500,19.04604248046875,0.0268276184797287,-0.1974137425422668,0.2076362818479538
2026-09-17T07:24:35.266002,1789629875266002700,19.056002685546876,0.0262601003050804,-0.1606543958187103,0.1970600634813308
2026-09-17T07:24:35.275962,1789629875275962600,19.065962646484376,0.0370206013321876,-0.088768221437931,0.1740634143352508
2026-09-17T07:24:35.285922,1789629875285922600,19.075922607421877,0.046277217566967,0.036530315876007,0.1492909491062164
2026-09-17T07:24:35.295881,1789629875295881500,19.085881591796873,0.0493566319346427,0.1585789918899536,0.1292405426502227
2026-09-17T07:24:35.305841,1789629875305841700,19.095841552734377,0.0377572327852249,0.2425213009119033,0.1088939905166626
2026-09-17T07:24:35.315801,1789629875315801600,19.10580151367187,0.0098720714449882,0.2524969577789306,0.0931941270828247
2026-09-17T07:24:35.325760,1789629875325760500,19.115760498046875,-0.0300958510488271,0.1959324926137924,0.0784972086548805
2026-09-17T07:24:35.335720,1789629875335720400,19.125720458984375,-0.0711135938763618,0.1030819118022918,0.0706539303064346
2026-09-17T07:24:35.345680,1789629875345680400,19.135680419921876,-0.1110040172934532,-0.0032586439047008,0.0624071843922138
2026-09-17T07:24:35.355639,1789629875355639600,19.1456396484375,-0.1475521773099899,-0.1183498129248619,0.0599379017949104
2026-09-17T07:24:35.365599,1789629875365599700,19.155599853515625,-0.1782954335212707,-0.2245351076126098,0.0685212686657905
2026-09-17T07:24:35.375559,1789629875375559700,19.1655595703125,-0.1970472931861877,-0.3108614683151245,0.0901266932487487
2026-09-17T07:24:35.385518,1789629875385518600,19.1755185546875,-0.1955620497465133,-0.3820917010307312,0.1334454119205474
2026-09-17T07:24:35.395478,1789629875395478500,19.185478515625,-0.1630973070859909,-0.3810341656208038,0.2083630561828613
2026-09-17T07:24:35.405438,1789629875405438700,19.195438720703127,-0.1183681860566139,-0.2993741929531097,0.2657445967197418
2026-09-17T07:24:35.415398,1789629875415398700,19.205398681640624,-0.0789981484413147,-0.1514244079589843,0.2697159051895141
2026-09-17T07:24:35.425357,1789629875425357600,19.215357666015624,-0.0568736679852008,0.0190599765628576,0.2548711597919464
2026-09-17T07:24:35.435317,1789629875435317500,19.2253173828125,-0.0359667874872684,0.169866532087326,0.2327283173799514
2026-09-17T07:24:35.445277,1789629875445277700,19.235277587890625,-0.0261543728411197,0.2341286092996597,0.2009501457214355
2026-09-17T07:24:35.455236,1789629875455236600,19.245236572265625,-0.0257668830454349,0.2063792645931244,0.1686017960309982
2026-09-17T07:24:35.465196,1789629875465196500,19.25519653320313,-0.0042309639975428,0.1340938955545425,0.1750421226024627
2026-09-17T07:24:35.475156,1789629875475156500,19.265156494140623,0.0543452650308609,0.0811363980174064,0.2300268113613128
2026-09-17T07:24:35.485115,1789629875485115600,19.27511572265625,0.143956646323204,0.0460572391748428,0.2910355627536773
2026-09-17T07:24:35.495075,1789629875495075600,19.28507568359375,0.2382253557443618,0.0121663846075534,0.3410156369209289
2026-09-17T07:24:35.505035,1789629875505035500,19.295035400390624,0.3136063814163208,-0.0104949846863746,0.3733152747154236
2026-09-17T07:24:35.514994,1789629875514994700,19.30499462890625,0.357327252626419,-0.0469616502523422,0.3872105777263641
2026-09-17T07:24:35.524954,1789629875524954600,19.31495458984375,0.3482618331909179,-0.1168073117733001,0.3840784132480621
2026-09-17T07:24:35.534914,1789629875534914600,19.32491455078125,0.2883675992488861,-0.2045315653085708,0.3609786927700043
2026-09-17T07:24:35.544874,1789629875544874800,19.334874755859374,0.1953809410333633,-0.2797664105892181,0.3243423998355865
2026-09-17T07:24:35.554833,1789629875554833700,19.344833740234375,0.084663487970829,-0.3450008034706116,0.2703939378261566
2026-09-17T07:24:35.564793,1789629875564793600,19.354793701171875,-0.0334780663251876,-0.3800133764743805,0.2017980962991714
2026-09-17T07:24:35.574753,1789629875574753500,19.36475341796875,-0.1330584585666656,-0.3596585690975189,0.1244298070669174
2026-09-17T07:24:35.584712,1789629875584712400,19.37471240234375,-0.2034905403852462,-0.2833025455474853,0.0472245030105114
2026-09-17T07:24:35.594672,1789629875594672600,19.384672607421876,-0.2438637912273407,-0.1690960824489593,-0.0177273321896791
2026-09-17T07:24:35.604632,1789629875604632600,19.394632568359373,-0.2459527850151062,-0.0357228443026542,-0.0533140860497951
2026-09-17T07:24:35.614591,1789629875614591500,19.404591552734377,-0.2200980186462402,0.0894965901970863,-0.0534216798841953
2026-09-17T07:24:35.624551,1789629875624551400,19.41455151367187,-0.1773638576269149,0.1680300235748291,-0.0197425447404384
2026-09-17T07:24:35.634511,1789629875634511400,19.424511474609375,-0.1260380893945694,0.1901616901159286,0.0212557539343833
2026-09-17T07:24:35.644470,1789629875644470800,19.434470703125,-0.081207238137722,0.1801804304122924,0.0443472228944301
2026-09-17T07:24:35.654430,1789629875654430700,19.4444306640625,-0.0366935655474662,0.1935609430074691,0.0555831007659435
2026-09-17T07:24:35.664390,1789629875664390700,19.454390625,0.0005792375304736,0.2101734727621078,0.0574212148785591
2026-09-17T07:24:35.674350,1789629875674350600,19.4643505859375,0.0258694142103195,0.1826923191547393,0.0550677776336669
2026-09-17T07:24:35.684309,1789629875684309500,19.4743095703125,0.0387013219296932,0.1135340183973312,0.0464002564549446
2026-09-17T07:24:35.694269,1789629875694269700,19.484269775390626,0.0573474466800689,0.0245205219835042,0.0487227998673915
2026-09-17T07:24:35.704229,1789629875704229600,19.494229736328126,0.0868581980466842,-0.0380003787577152,0.0628380849957466
2026-09-17T07:24:35.714188,1789629875714188500,19.5041884765625,0.1211546510457992,-0.0611333958804607,0.0702869445085525
2026-09-17T07:24:35.724148,1789629875724148500,19.5141484375,0.1503964215517044,-0.0427999272942543,0.0590430796146392
2026-09-17T07:24:35.734108,1789629875734108700,19.524108642578124,0.1730764359235763,-0.0061274007894098,0.028671059757471
2026-09-17T07:24:35.744067,1789629875744067600,19.534067626953124,0.1703339219093322,0.0300034396350383,-0.0124681210145354
2026-09-17T07:24:35.754027,1789629875754027500,19.544027587890625,0.1483026444911956,0.0612244755029678,-0.0438588000833988
2026-09-17T07:24:35.763987,1789629875763987500,19.553987548828125,0.1143657267093658,0.0764175429940223,-0.0572587624192237
2026-09-17T07:24:35.773946,1789629875773946600,19.56394653320313,0.0789637938141822,0.0754569396376609,-0.0561402328312397
2026-09-17T07:24:35.783906,1789629875783906600,19.573906494140623,0.0463275499641895,0.0537194199860096,-0.0450284592807292
2026-09-17T07:24:35.793866,1789629875793866800,19.58386669921875,0.0232057198882102,-0.0082483422011137,-0.0204448215663433
2026-09-17T07:24:35.803826,1789629875803826700,19.59382666015625,0.0010351707460358,-0.0782191678881645,0.0101764714345335
2026-09-17T07:24:35.813785,1789629875813785600,19.60378564453125,-0.0011198592837899,-0.1821144074201584,0.0383250191807746
2026-09-17T07:24:35.823745,1789629875823745500,19.61374560546875,0.0246603395789861,-0.3013918101787567,0.0690866559743881
2026-09-17T07:24:35.833705,1789629875833705700,19.623705810546873,0.0526815876364707,-0.4171114861965179,0.0861623138189315
2026-09-17T07:24:35.843664,1789629875843664600,19.63366455078125,0.0650346577167511,-0.5028687119483948,0.0907072648406028
2026-09-17T07:24:35.853624,1789629875853624600,19.64362451171875,0.0527886450290679,-0.5356796979904175,0.1041394546627998
2026-09-17T07:24:35.863584,1789629875863584500,19.65358447265625,0.0274968724697828,-0.5187062621116638,0.1352339833974838
2026-09-17T07:24:35.873543,1789629875873543400,19.66354345703125,0.0013297162950038,-0.4600938260555267,0.1749584972858429
2026-09-17T07:24:35.883503,1789629875883503600,19.673503662109376,-0.0128982216119766,-0.3917858898639679,0.2096839845180511
2026-09-17T07:24:35.893463,1789629875893463600,19.683463623046876,-0.0094097470864653,-0.327634334564209,0.2253180742263794
2026-09-17T07:24:35.903423,1789629875903423500,19.693423583984377,-0.0053244577720761,-0.2988927066326141,0.2233047187328338
2026-09-17T07:24:35.913382,1789629875913382700,19.703382568359373,-0.0009936253773048,-0.2920017540454864,0.2044229060411453
2026-09-17T07:24:35.923342,1789629875923342600,19.71334252929687,0.0110792824998497,-0.2478097975254058,0.1948254108428955
2026-09-17T07:24:35.933302,1789629875933302500,19.723302490234374,0.0304686930030584,-0.1461596041917801,0.1964342296123504
2026-09-17T07:24:35.943261,1789629875943261700,19.73326171875,0.057876881211996,-0.0291786585003137,0.2079814225435257
2026-09-17T07:24:35.953221,1789629875953221600,19.7432216796875,0.0977806225419044,0.065616026520729,0.2214897871017456
2026-09-17T07:24:35.963181,1789629875963181600,19.753181640625,0.1483338177204132,0.1231301873922348,0.2376663535833358
2026-09-17T07:24:35.973140,1789629875973140500,19.763140380859376,0.1848002076148986,0.0954775214195251,0.2371627539396286
2026-09-17T07:24:35.983100,1789629875983100700,19.7731005859375,0.1854691952466964,0.0174503624439239,0.2126584649085998
2026-09-17T07:24:35.993060,1789629875993060600,19.783060546875,0.145193949341774,-0.0457200855016708,0.1582732647657394
2026-09-17T07:24:36.003019,1789629876003019500,19.79301953125,0.0624260939657688,-0.0974056497216224,0.0570177473127841
2026-09-17T07:24:36.012979,1789629876012979500,19.8029794921875,-0.0529636144638061,-0.1233035549521446,-0.0901804938912391
2026-09-17T07:24:36.022939,1789629876022939600,19.812939697265627,-0.1935620158910751,-0.1182494089007377,-0.2619469165802002
2026-09-17T07:24:36.032898,1789629876032898600,19.822898681640623,-0.3295209109783172,-0.0661633089184761,-0.4249568879604339
2026-09-17T07:24:36.042858,1789629876042858500,19.8328583984375,-0.4095550179481506,0.0782841518521308,-0.5292699933052063
2026-09-17T07:24:36.052818,1789629876052818400,19.842818359375,-0.4235816299915313,0.2685763239860534,-0.5767072439193726
2026-09-17T07:24:36.062778,1789629876062778400,19.8527783203125,-0.3582300543785095,0.4757412374019623,-0.5677281618118286
2026-09-17T07:24:36.072737,1789629876072737800,19.86273779296875,-0.2165386974811554,0.6343204975128174,-0.5115458369255066
2026-09-17T07:24:36.082697,1789629876082697700,19.87269775390625,-0.031533159315586,0.7041235566139221,-0.4147220849990845
2026-09-17T07:24:36.092657,1789629876092657700,19.88265771484375,0.1454536020755767,0.6488237977027893,-0.3181843757629394
2026-09-17T07:24:36.102616,1789629876102616600,19.892616455078127,0.2753863036632538,0.4718956351280212,-0.2323975563049316
2026-09-17T07:24:36.112576,1789629876112576500,19.902576416015624,0.3488882184028625,0.2248131334781646,-0.1531397551298141
2026-09-17T07:24:36.122536,1789629876122536700,19.91253662109375,0.3749919831752777,-0.0040051280520856,-0.1017340868711471
2026-09-17T07:24:36.132495,1789629876132495600,19.92249560546875,0.364399254322052,-0.1339194476604461,-0.0917197987437248
2026-09-17T07:24:36.142455,1789629876142455600,19.93245556640625,0.3255456089973449,-0.1357035040855407,-0.1271960288286209
2026-09-17T07:24:36.152415,1789629876152415500,19.94241552734375,0.2759202718734741,-0.0479840375483036,-0.1820262670516967
2026-09-17T07:24:36.162374,1789629876162374400,19.95237451171875,0.2144880592823028,0.0698770880699157,-0.2391428053379058
2026-09-17T07:24:36.172334,1789629876172334600,19.96233447265625,0.1431427747011184,0.1848364323377609,-0.2925208210945129
2026-09-17T07:24:36.182294,1789629876182294500,19.97229443359375,0.0614202171564102,0.2556831836700439,-0.3335886299610138
2026-09-17T07:24:36.192253,1789629876192253700,19.982253662109375,-0.0100089581683278,0.2618233561515808,-0.3521740138530731
2026-09-17T07:24:36.202213,1789629876202213600,19.992213623046876,-0.0563327819108963,0.227956473827362,-0.3441669642925262
2026-09-17T07:24:36.212173,1789629876212173600,20.002173583984376,-0.0560946948826313,0.188774436712265,-0.2948846220970154
2026-09-17T07:24:36.222133,1789629876222133800,20.0121337890625,-0.0032178976107388,0.1791463196277618,-0.2285583466291427
2026-09-17T07:24:36.232093,1789629876232093000,20.02209301757813,0.0902947410941124,0.1982654184103012,-0.1659588813781738
2026-09-17T07:24:36.242052,1789629876242052900,20.032052978515622,0.1887427568435669,0.238886073231697,-0.1248324811458587
2026-09-17T07:24:36.252012,1789629876252012800,20.0420126953125,0.2626723647117615,0.2720895707607269,-0.0993566811084747
2026-09-17T07:24:36.261971,1789629876261971700,20.0519716796875,0.2816894650459289,0.2718581557273865,-0.0874930992722511
2026-09-17T07:24:36.271932,1789629876271932000,20.061931884765624,0.2494356632232666,0.2556112706661224,-0.069008894264698
2026-09-17T07:24:36.281891,1789629876281891800,20.071891845703124,0.1954168975353241,0.2311618477106094,-0.037610225379467
2026-09-17T07:24:36.291850,1789629876291850800,20.081850830078125,0.1371602565050125,0.2192753553390503,-0.0191577151417732
2026-09-17T07:24:36.301810,1789629876301810700,20.091810791015625,0.0976296216249466,0.221928134560585,-0.0114100473001599
2026-09-17T07:24:36.311770,1789629876311770600,20.1017705078125,0.0736111029982566,0.2100264728069305,-0.0147858699783682
2026-09-17T07:24:36.321729,1789629876321729800,20.11172973632813,0.0562904365360736,0.1847679913043975,-0.0147320739924907
2026-09-17T07:24:36.331689,1789629876331689700,20.121689697265627,0.0374419130384922,0.1313183456659317,-0.0081093255430459
2026-09-17T07:24:36.341649,1789629876341649700,20.131649658203123,0.014011955820024,0.0944234430789947,-0.0012620720081031
2026-09-17T07:24:36.351609,1789629876351609600,20.141609619140624,-0.0175459701567888,0.0656397268176078,0.0115133775398135
2026-09-17T07:24:36.361568,1789629876361568800,20.15156884765625,-0.0505151040852069,0.0394105240702629,0.0228613726794719
2026-09-17T07:24:36.371529,1789629876371529000,20.161529052734377,-0.0911283120512962,0.0110204266384243,0.0325102731585502
2026-09-17T07:24:36.381489,1789629876381489000,20.171489013671874,-0.1289851516485214,0.0147906634956598,0.0177377182990312
2026-09-17T07:24:36.391447,1789629876391447800,20.18144775390625,-0.1634019762277603,0.0486231967806816,-0.0134372450411319
2026-09-17T07:24:36.401407,1789629876401407700,20.19140771484375,-0.1835501194000244,0.0746012702584266,-0.0538688227534294
2026-09-17T07:24:36.411368,1789629876411368000,20.201367919921875,-0.1741819232702255,0.0752108618617057,-0.0880675390362739
2026-09-17T07:24:36.421326,1789629876421326800,20.211326904296875,-0.1410292983055114,0.0580792836844921,-0.1022214442491531
2026-09-17T07:24:36.431286,1789629876431286800,20.221286865234376,-0.088962897658348,0.0502029843628406,-0.0882489010691642
2026-09-17T07:24:36.441246,1789629876441246700,20.231246826171876,-0.0219188816845417,0.054130345582962,-0.0427045859396457
2026-09-17T07:24:36.451205,1789629876451205600,20.24120556640625,0.0392323583364486,0.041887529194355,0.0216738693416118
2026-09-17T07:24:36.461165,1789629876461165600,20.25116552734375,0.0711388885974884,0.0067652282305061,0.0860201045870781
2026-09-17T07:24:36.471125,1789629876471125800,20.26112573242187,0.0824504047632217,-0.022514097392559,0.1326597779989242
2026-09-17T07:24:36.481085,1789629876481085700,20.271085693359375,0.0735807418823242,-0.0458441860973835,0.1539317816495895
2026-09-17T07:24:36.491044,1789629876491044900,20.281044921875,0.0611576288938522,-0.0545929372310638,0.1396353989839553
2026-09-17T07:24:36.501004,1789629876501004800,20.2910048828125,0.0530158132314682,-0.0561740547418594,0.1014746949076652
2026-09-17T07:24:36.510965,1789629876510965000,20.300965087890624,0.058444932103157,-0.0596300400793552,0.0681811869144439
2026-09-17T07:24:36.520924,1789629876520924000,20.310923828125,0.0599791817367076,-0.0881551578640937,0.0492109544575214
2026-09-17T07:24:36.530883,1789629876530883800,20.3208837890625,0.044599425047636,-0.1541877090930938,0.0467624440789222
2026-09-17T07:24:36.540843,1789629876540843800,20.33084375,0.0229415353387594,-0.2073023170232772,0.0640183985233306
2026-09-17T07:24:36.550802,1789629876550802700,20.340802734375,0.0022391858510673,-0.2060186713933944,0.098061054944992
2026-09-17T07:24:36.560763,1789629876560763000,20.350762939453126,-0.0010900318156927,-0.127318799495697,0.1342832446098327
2026-09-17T07:24:36.570722,1789629876570722800,20.360722900390623,0.0167920291423797,-0.0277975425124168,0.1633849292993545
2026-09-17T07:24:36.580681,1789629876580681700,20.370681640625,0.0596486814320087,0.0742859467864036,0.175959050655365
2026-09-17T07:24:36.590641,1789629876590641700,20.3806416015625,0.1134072542190551,0.1454879492521286,0.1643814891576767
2026-09-17T07:24:36.600601,1789629876600601600,20.3906015625,0.1456554681062698,0.1395879834890365,0.1267755180597305
2026-09-17T07:24:36.610560,1789629876610560800,20.400560791015625,0.1283960491418838,0.0456481799483299,0.0697641670703888
2026-09-17T07:24:36.620520,1789629876620520700,20.41052075195313,0.0639257207512855,-0.0767192766070365,0.000989097985439
2026-09-17T07:24:36.630480,1789629876630480600,20.420480712890622,-0.0220642890781164,-0.160026416182518,-0.0576145611703395
2026-09-17T07:24:36.640440,1789629876640440600,20.430440673828127,-0.107789047062397,-0.2158478796482086,-0.088539719581604
2026-09-17T07:24:36.650399,1789629876650399700,20.440399658203123,-0.1669429093599319,-0.2546072602272033,-0.0851103663444519
2026-09-17T07:24:36.660360,1789629876660360000,20.45035986328125,-0.1937367171049118,-0.2350210398435592,-0.0630471408367157
2026-09-17T07:24:36.670319,1789629876670319900,20.46031982421875,-0.1765215098857879,-0.1435808688402176,-0.0073236930184066
2026-09-17T07:24:36.680278,1789629876680278800,20.47027880859375,-0.1207096427679061,-0.0206133984029293,0.0608042292296886
2026-09-17T07:24:36.690238,1789629876690238700,20.48023876953125,-0.0298942495137453,0.1074010282754898,0.1505636721849441
2026-09-17T07:24:36.700199,1789629876700199000,20.490198974609378,0.0842669457197189,0.2079028636217117,0.2352769672870636
2026-09-17T07:24:36.710157,1789629876710157800,20.50015771484375,0.1923100501298904,0.2523947060108185,0.2816724181175232
2026-09-17T07:24:36.720117,1789629876720117800,20.51011767578125,0.2717731893062591,0.2424520552158355,0.2771801948547363
2026-09-17T07:24:36.730077,1789629876730077700,20.52007763671875,0.3167523741722107,0.1970315724611282,0.2387188374996185
2026-09-17T07:24:36.740036,1789629876740036600,20.53003662109375,0.3281834721565246,0.1479862630367279,0.1838329434394836
2026-09-17T07:24:36.749996,1789629876749996800,20.539996826171876,0.2985645830631256,0.0605829209089279,0.121122695505619
2026-09-17T07:24:36.759956,1789629876759956700,20.549956787109377,0.2436549961566925,-0.0422198921442031,0.0757687985897064
2026-09-17T07:24:36.769916,1789629876769916700,20.559916748046874,0.1681032478809356,-0.1460016816854477,0.054443534463644
2026-09-17T07:24:36.779875,1789629876779875800,20.56987573242187,0.0721969678997993,-0.2344532459974289,0.049090314656496
2026-09-17T07:24:36.789835,1789629876789835800,20.579835693359374,-0.0309392735362052,-0.305410236120224,0.0470732375979423
2026-09-17T07:24:36.799796,1789629876799796000,20.5897958984375,-0.1309316456317901,-0.3420601487159729,0.048019990324974
2026-09-17T07:24:36.809755,1789629876809755000,20.5997548828125,-0.2186252772808075,-0.3535687327384949,0.0392059907317161
2026-09-17T07:24:36.819714,1789629876819714800,20.60971484375,-0.2945645153522491,-0.334396094083786,0.0193686373531818
2026-09-17T07:24:36.829674,1789629876829674800,20.6196748046875,-0.341124027967453,-0.257475197315216,-0.0123389577493071
2026-09-17T07:24:36.839633,1789629876839633700,20.629633544921877,-0.3570699691772461,-0.1467279195785522,-0.05391675978899
2026-09-17T07:24:36.849593,1789629876849593900,20.63959375,-0.3415424227714538,-0.030867101624608,-0.1033711284399032
2026-09-17T07:24:36.859553,1789629876859553800,20.6495537109375,-0.3042946457862854,0.0838861092925071,-0.1493825614452362
2026-09-17T07:24:36.869512,1789629876869512700,20.6595126953125,-0.2483901083469391,0.1608008593320846,-0.1821452975273132
2026-09-17T07:24:36.879472,1789629876879472600,20.66947265625,-0.1863791942596435,0.1647394150495529,-0.1981615573167801
2026-09-17T07:24:36.889432,1789629876889432600,20.6794326171875,-0.1215099170804023,0.1275387853384018,-0.1817242503166198
2026-09-17T07:24:36.899392,1789629876899392800,20.689392822265624,-0.0546230301260948,0.0851572379469871,-0.1340744495391845
2026-09-17T07:24:36.909352,1789629876909352000,20.69935205078125,0.0145179564133286,0.0560342408716678,-0.0533319301903247
2026-09-17T07:24:36.919312,1789629876919312000,20.709311767578125,0.0765893161296844,0.0427120439708232,0.0368698686361312
2026-09-17T07:24:36.929271,1789629876929271800,20.719271728515626,0.1235123500227928,0.0512240380048751,0.119211345911026
2026-09-17T07:24:36.939230,1789629876939230700,20.729230712890622,0.1442426592111587,0.0597781129181385,0.1710188835859298
2026-09-17T07:24:36.949191,1789629876949191000,20.73919091796875,0.1245134323835372,0.0464769527316093,0.1657362431287765
2026-09-17T07:24:36.959150,1789629876959150800,20.74915087890625,0.0684874504804611,0.0222640261054039,0.120728813111782
2026-09-17T07:24:36.969109,1789629876969109800,20.75910986328125,-0.0079964073374867,0.0079367524012923,0.058996208012104
2026-09-17T07:24:36.979069,1789629876979069700,20.769069580078124,-0.0861873477697372,0.014790398068726,-0.0027164241764694
2026-09-17T07:24:36.989030,1789629876989030000,20.77902978515625,-0.1478304713964462,0.032043419778347,-0.0532064959406852
2026-09-17T07:24:36.998988,1789629876998988800,20.78898876953125,-0.1834744811058044,0.0350397415459156,-0.0939960032701492
2026-09-17T07:24:37.008948,1789629877008948700,20.79894873046875,-0.1935140788555145,0.0098603535443544,-0.1129699572920799
2026-09-17T07:24:37.018908,1789629877018908700,20.80890869140625,-0.1818241328001022,-0.0307967942208051,-0.1052997931838035
2026-09-17T07:24:37.028868,1789629877028868600,20.81886865234375,-0.1581478267908096,-0.0904590561985969,-0.0806184113025665
2026-09-17T07:24:37.038827,1789629877038827800,20.828827880859375,-0.1246647015213966,-0.1363575756549835,-0.0530807934701442
2026-09-17T07:24:37.048787,1789629877048787700,20.83878759765625,-0.0737530514597892,-0.1515040397644043,-0.0335595570504665
2026-09-17T07:24:37.058747,1789629877058747600,20.84874755859375,-0.003450391581282,-0.1066390946507453,-0.0291823856532573
2026-09-17T07:24:37.068706,1789629877068706800,20.858706787109377,0.0747922137379646,-0.0190605092793703,-0.024785241112113
2026-09-17T07:24:37.078666,1789629877078666800,20.868666748046873,0.1396340578794479,0.0567815229296684,-0.0182908568531274
2026-09-17T07:24:37.088627,1789629877088627000,20.878626953125,0.1732500791549682,0.0891357362270355,-0.0091311801224946
2026-09-17T07:24:37.098585,1789629877098585900,20.8885859375,0.1709781438112259,0.0724129453301429,0.0047971522435545
2026-09-17T07:24:37.108545,1789629877108545800,20.8985458984375,0.146145224571228,0.0305347386747598,0.0277551990002393
2026-09-17T07:24:37.118505,1789629877118505700,20.908505615234375,0.1103235781192779,-0.0413210727274417,0.0430707708001136
2026-09-17T07:24:37.128464,1789629877128464600,20.918464599609376,0.0787709802389144,-0.1349916458129882,0.0364118032157421
2026-09-17T07:24:37.138424,1789629877138424800,20.9284248046875,0.0627701729536056,-0.1956858783960342,0.0192975308746099
2026-09-17T07:24:37.148384,1789629877148384800,20.938384765625,0.0718606114387512,-0.1902298629283905,0.0092350440099835
2026-09-17T07:24:37.158344,1789629877158344700,20.9483447265625,0.1060763671994209,-0.1386082172393798,0.018047709017992
2026-09-17T07:24:37.168303,1789629877168303600,20.9583037109375,0.1556857377290725,-0.03699716553092,0.0312197040766477
2026-09-17T07:24:37.178263,1789629877178263800,20.968263916015623,0.1971897631883621,0.0415682159364223,0.0413186773657798
2026-09-17T07:24:37.188223,1789629877188223700,20.9782236328125,0.2027118355035781,0.046448990702629,0.036513801664114
2026-09-17T07:24:37.198183,1789629877198183000,20.988182861328124,0.1823967099189758,0.0410835221409797,0.026013758033514
2026-09-17T07:24:37.208142,1789629877208142800,20.998142822265624,0.1202055066823959,0.0207385681569576,-0.0013486248208209
2026-09-17T07:24:37.218102,1789629877218102800,21.008102783203125,0.0013662016717717,-0.0820890069007873,-0.0736451894044876
2026-09-17T07:24:37.228061,1789629877228061700,21.018061767578125,-0.1711592376232147,-0.2068152278661728,-0.1670598238706588
2026-09-17T07:24:37.238022,1789629877238022400,21.0280224609375,-0.3703956305980682,-0.3140524625778198,-0.2630249857902527
2026-09-17T07:24:37.247982,1789629877247982300,21.037982421875,-0.5480937361717224,-0.359726220369339,-0.34235680103302
2026-09-17T07:24:37.257941,1789629877257941200,21.047941162109375,-0.6505165100097656,-0.3107070028781891,-0.3797033727169037
2026-09-17T07:24:37.267901,1789629877267901400,21.0579013671875,-0.6518486142158508,-0.1823221445083618,-0.3811039328575134
2026-09-17T07:24:37.277861,1789629877277861400,21.067861328125,-0.5621115565299988,0.0185680910944938,-0.356623113155365
2026-09-17T07:24:37.287821,1789629877287821300,21.0778212890625,-0.4045259058475494,0.2299868613481521,-0.3068352937698364
2026-09-17T07:24:37.297780,1789629877297780200,21.0877802734375,-0.2254661470651626,0.3971846401691437,-0.2467527985572815
2026-09-17T07:24:37.307740,1789629877307740200,21.097740234375,-0.0586092509329319,0.4656585156917572,-0.1712729483842849
2026-09-17T07:24:37.317700,1789629877317700400,21.10770043945313,0.0684514939785003,0.4149423241615295,-0.0907757058739662
2026-09-17T07:24:37.327659,1789629877327659300,21.1176591796875,0.149638757109642,0.2654300630092621,-0.0126793095842003
2026-09-17T07:24:37.337619,1789629877337619200,21.127619140625,0.2043267786502838,0.0923602879047393,0.0575831346213817
2026-09-17T07:24:37.347579,1789629877347579100,21.1375791015625,0.2454851269721985,-0.0328168012201786,0.1087531149387359
2026-09-17T07:24:37.357538,1789629877357538300,21.147538330078124,0.2734033167362213,-0.1089853420853614,0.1256806999444961
2026-09-17T07:24:37.367498,1789629877367498500,21.15749853515625,0.2766294777393341,-0.1476118266582489,0.0972458571195602
2026-09-17T07:24:37.377458,1789629877377458400,21.16745849609375,0.2444765865802765,-0.1515895277261734,0.0419961847364902
2026-09-17T07:24:37.387417,1789629877387417300,21.177417236328125,0.1741153448820114,-0.1347191929817199,-0.0162279717624187
2026-09-17T07:24:37.397377,1789629877397377300,21.187377197265626,0.0661646425724029,-0.1352856457233429,-0.0766098201274871
2026-09-17T07:24:37.407337,1789629877407337500,21.19733740234375,-0.0580561123788356,-0.1342973560094833,-0.1399581730365753
2026-09-17T07:24:37.417297,1789629877417297400,21.20729736328125,-0.1731430143117904,-0.1073882430791854,-0.2022252678871154
2026-09-17T07:24:37.427256,1789629877427256300,21.21725634765625,-0.2698069810867309,-0.0434611923992633,-0.2736856043338775
2026-09-17T07:24:37.437216,1789629877437216300,21.22721630859375,-0.3518264889717102,0.0306378044188022,-0.3554971218109131
2026-09-17T07:24:37.447176,1789629877447176200,21.23717626953125,-0.4120453596115112,0.0855162292718887,-0.4229398071765899
2026-09-17T07:24:37.457135,1789629877457135400,21.24713525390625,-0.4424791634082794,0.1217322945594787,-0.4592360258102417
2026-09-17T07:24:37.467095,1789629877467095300,21.25709521484375,-0.4443886280059814,0.1498547345399856,-0.4518404304981231
2026-09-17T07:24:37.477055,1789629877477055200,21.26705517578125,-0.4123001992702484,0.1723930686712265,-0.413266658782959
2026-09-17T07:24:37.487014,1789629877487014400,21.277014404296875,-0.3544259965419769,0.2073534578084945,-0.3321137726306915
2026-09-17T07:24:37.496974,1789629877496974300,21.286974365234375,-0.2798359096050262,0.2509600520133972,-0.2201723158359527
2026-09-17T07:24:37.506934,1789629877506934500,21.2969345703125,-0.1958659142255783,0.2990799248218536,-0.097753457725048
2026-09-17T07:24:37.516893,1789629877516893400,21.3068935546875,-0.1155202016234397,0.3248521089553833,0.0073023876175284
2026-09-17T07:24:37.526853,1789629877526853400,21.316853271484376,-0.0463360734283924,0.3172386884689331,0.081176608800888
2026-09-17T07:24:37.536813,1789629877536813300,21.326813232421873,0.0030445256270468,0.2859662473201751,0.1098551303148269
2026-09-17T07:24:37.546773,1789629877546773500,21.3367734375,0.022164424881339,0.2362668663263321,0.1079528331756591
2026-09-17T07:24:37.556732,1789629877556732400,21.346732421875,0.0172706004232168,0.1729390174150467,0.0816573128104209
2026-09-17T07:24:37.566692,1789629877566692400,21.3566923828125,-0.0126998163759708,0.1002807989716529,0.0468612499535083
2026-09-17T07:24:37.576652,1789629877576652300,21.36665234375,-0.0581509210169315,0.0162905566394329,0.000613592332229
2026-09-17T07:24:37.586611,1789629877586611200,21.376611083984375,-0.1135033890604972,-0.0860299542546272,-0.04850734770298
2026-09-17T07:24:37.596571,1789629877596571400,21.3865712890625,-0.1539874374866485,-0.1839703619480133,-0.0778860077261924
2026-09-17T07:24:37.606531,1789629877606531300,21.39653125,-0.1703211367130279,-0.2384309470653534,-0.0712379589676857
2026-09-17T07:24:37.616490,1789629877616490200,21.406490234375,-0.154043897986412,-0.2372511625289917,-0.0283520128577947
2026-09-17T07:24:37.626450,1789629877626450200,21.4164501953125,-0.1045333296060562,-0.1579278409481048,0.0210621412843465
2026-09-17T07:24:37.636410,1789629877636410000,21.42641015625,-0.0373505689203739,-0.0837950333952903,0.0542238242924213
2026-09-17T07:24:37.646369,1789629877646369300,21.436369384765623,0.0259575638920068,-0.062928631901741,0.0517979487776756
2026-09-17T07:24:37.656329,1789629877656329500,21.44632958984375,0.0891812741756439,-0.1081147491931915,0.0244552753865718
2026-09-17T07:24:37.666289,1789629877666289400,21.456289306640624,0.1659908294677734,-0.1721246242523193,0.0067630973644554
2026-09-17T07:24:37.676249,1789629877676249300,21.466249267578124,0.2525254487991333,-0.2071236222982406,0.0181608945131301
2026-09-17T07:24:37.686208,1789629877686208300,21.476208251953125,0.332266628742218,-0.2092621475458145,0.0438191182911396
2026-09-17T07:24:37.696168,1789629877696168400,21.48616845703125,0.38844895362854,-0.2275591194629669,0.0797696635127067
2026-09-17T07:24:37.706128,1789629877706128400,21.49612841796875,0.4115681052207947,-0.2912273108959198,0.1190614104270935
2026-09-17T07:24:37.716087,1789629877716087300,21.50608740234375,0.4032353460788727,-0.3941456973552704,0.1439798027276992
2026-09-17T07:24:37.726047,1789629877726047200,21.516047119140627,0.3709951043128967,-0.5260699391365051,0.1434029638767242
2026-09-17T07:24:37.736007,1789629877736007200,21.526007080078124,0.3060118556022644,-0.6166304349899292,0.1221669241786003
2026-09-17T07:24:37.745966,1789629877745966300,21.53596630859375,0.2309871464967727,-0.6558140516281128,0.07105153799057
2026-09-17T07:24:37.755926,1789629877755926300,21.54592626953125,0.1664427667856216,-0.6012986302375793,0.0034562505315989
2026-09-17T07:24:37.765886,1789629877765886200,21.55588623046875,0.1288924664258957,-0.4489301145076751,-0.0536589659750461
2026-09-17T07:24:37.775845,1789629877775845400,21.565845458984377,0.1327889412641525,-0.2470854222774505,-0.097513772547245
2026-09-17T07:24:37.785805,1789629877785805300,21.57580541992187,0.1643561869859695,-0.0576438568532466,-0.108954980969429
2026-09-17T07:24:37.795765,1789629877795765500,21.585765625,0.2313152402639389,0.1206595748662948,-0.0814956575632095
2026-09-17T07:24:37.805725,1789629877805725400,21.595725341796875,0.3048770725727081,0.2714940905570984,-0.0243982840329408
2026-09-17T07:24:37.815684,1789629877815684400,21.605684326171875,0.3573008775711059,0.3455717861652374,0.0363604053854942
2026-09-17T07:24:37.825644,1789629877825644300,21.615644287109376,0.3676621615886688,0.337866723537445,0.0752758458256721
2026-09-17T07:24:37.835604,1789629877835604500,21.6256044921875,0.3437938392162323,0.2864357531070709,0.0809188187122345
2026-09-17T07:24:37.845563,1789629877845563400,21.6355634765625,0.281648725271225,0.1670366525650024,0.0617416612803936
2026-09-17T07:24:37.855523,1789629877855523300,21.6455234375,0.1624674797058105,-0.0384078435599803,0.0285653322935104
2026-09-17T07:24:37.865483,1789629877865483300,21.65548315429687,-0.0089471563696861,-0.2671448886394501,0.0073577812872827
2026-09-17T07:24:37.875442,1789629877875442200,21.665442138671875,-0.1909430623054504,-0.4375592172145843,0.0240912213921546
2026-09-17T07:24:37.885402,1789629877885402400,21.67540234375,-0.3316820561885834,-0.470306783914566,0.0683489665389061
2026-09-17T07:24:37.895362,1789629877895362300,21.6853623046875,-0.381165474653244,-0.3371732234954834,0.1056737005710601
2026-09-17T07:24:37.905321,1789629877905321500,21.695321533203124,-0.3397327959537506,-0.0752934217453002,0.1342480778694152
2026-09-17T07:24:37.915281,1789629877915281400,21.705281494140625,-0.2188934683799743,0.2132329195737838,0.1571771055459976
2026-09-17T07:24:37.925241,1789629877925241300,21.715241455078125,-0.0594164542853832,0.4573870003223419,0.1739685982465744
2026-09-17T07:24:37.935201,1789629877935201300,21.725201171875,0.077776551246643,0.5991390943527222,0.1752450466156005
2026-09-17T07:24:37.945160,1789629877945160400,21.735160400390622,0.1621236652135849,0.5401210188865662,0.1937889158725738
2026-09-17T07:24:37.955120,1789629877955120400,21.745120361328127,0.2083255052566528,0.3309875130653381,0.2297951132059097
2026-09-17T07:24:37.965080,1789629877965080300,21.755080322265623,0.2306920737028122,0.1332094520330429,0.277317613363266
2026-09-17T07:24:37.975039,1789629877975039200,21.765039306640624,0.2388954013586044,-0.005691441707313,0.3049646914005279
2026-09-17T07:24:37.984999,1789629877984999400,21.77499951171875,0.2444824427366256,-0.0847071632742881,0.3041918575763702
2026-09-17T07:24:37.994959,1789629877994959400,21.78495947265625,0.2331834584474563,-0.1463907659053802,0.2653421759605407
2026-09-17T07:24:38.004918,1789629878004918300,21.794918212890625,0.1789303421974182,-0.1952347457408905,0.2111937254667282
2026-09-17T07:24:38.014878,1789629878014878200,21.80487817382813,0.0827867612242698,-0.237016275525093,0.1458440274000167
2026-09-17T07:24:38.024838,1789629878024838100,21.814838134765623,-0.0591719783842563,-0.2733969092369079,0.0947070643305778
2026-09-17T07:24:38.034797,1789629878034797300,21.82479736328125,-0.2291018962860107,-0.2866349518299103,0.0483046807348728
2026-09-17T07:24:38.044757,1789629878044757200,21.83475732421875,-0.394849568605423,-0.2743628621101379,0.0215763989835977
2026-09-17T07:24:38.054717,1789629878054717200,21.84471728515625,-0.5380570888519287,-0.2076482623815536,0.0056056878529489
2026-09-17T07:24:38.064677,1789629878064677000,21.854677001953124,-0.6444868445396423,-0.1072702631354332,-0.0070981234312057
2026-09-17T07:24:38.074636,1789629878074636300,21.86463623046875,-0.7084445357322693,-0.01468360517174,-0.0007603325066156
2026-09-17T07:24:38.084596,1789629878084596500,21.874596435546874,-0.7347168922424316,0.0411961711943149,0.0212259255349636
2026-09-17T07:24:38.094556,1789629878094556400,21.884556396484378,-0.747016966342926,0.0619619041681289,0.0517476163804531
2026-09-17T07:24:38.104515,1789629878104515300,21.894515380859374,-0.7527656555175781,0.0639949589967727,0.0752830356359481
2026-09-17T07:24:38.114475,1789629878114475300,21.904475341796875,-0.7411710619926453,0.07450433075428,0.0980128496885299
2026-09-17T07:24:38.124435,1789629878124435500,21.914435546875,-0.6874151229858398,0.1077712029218673,0.1323726922273636
2026-09-17T07:24:38.134394,1789629878134394400,21.924394287109376,-0.5683318972587585,0.1833043098449707,0.1842239052057266
2026-09-17T07:24:38.144354,1789629878144354300,21.934354248046876,-0.3990461826324463,0.2657176852226257,0.2365840375423431
2026-09-17T07:24:38.154314,1789629878154314200,21.944314208984373,-0.2189757525920868,0.3161680996417999,0.262553870677948
2026-09-17T07:24:38.164273,1789629878164273200,21.954273193359377,-0.0843252688646316,0.2852303981781006,0.2770297229290008
2026-09-17T07:24:38.174233,1789629878174233300,21.9642333984375,-0.0115469340234994,0.1971460878849029,0.30551278591156
2026-09-17T07:24:38.184193,1789629878184193300,21.974193359375,-0.0068752164952456,0.0618524476885795,0.3424028754234314
2026-09-17T07:24:38.194153,1789629878194153200,21.9841533203125,-0.0440886318683624,-0.0727551653981208,0.3674509823322296
2026-09-17T07:24:38.204112,1789629878204112400,21.9941123046875,-0.0909144580364227,-0.1681109815835952,0.3686584532260895
2026-09-17T07:24:38.214072,1789629878214072300,22.004072265625,-0.1231056824326515,-0.1820451617240905,0.3436061143875122
2026-09-17T07:24:38.224032,1789629878224032500,22.014032470703125,-0.1355058997869491,-0.1265243887901306,0.2953757345676422
2026-09-17T07:24:38.233991,1789629878233991200,22.0239912109375,-0.1456911563873291,-0.0385053157806396,0.2377949804067611
2026-09-17T07:24:38.243951,1789629878243951000,22.033951171875,-0.1569821536540985,0.0651680827140808,0.1979421079158783
2026-09-17T07:24:38.253911,1789629878253911000,22.0439111328125,-0.1655255854129791,0.1417281031608581,0.1745534241199493
2026-09-17T07:24:38.263870,1789629878263870000,22.053869873046875,-0.1663716733455658,0.1476983875036239,0.1569110602140426
2026-09-17T07:24:38.273830,1789629878273830000,22.063829833984375,-0.1609201729297638,0.0995966345071792,0.144612044095993
2026-09-17T07:24:38.283790,1789629878283790000,22.0737900390625,-0.1450727730989456,0.0601323135197162,0.1381584107875824
2026-09-17T07:24:38.293749,1789629878293749000,22.0837490234375,-0.1195801943540573,0.0117021957412362,0.1442011147737503
2026-09-17T07:24:38.303709,1789629878303709000,22.093708984375,-0.0827417522668838,-0.0226115696132183,0.1613827645778656
2026-09-17T07:24:38.313668,1789629878313668900,22.1036689453125,-0.0284159295260906,-0.0210592132061719,0.1962994784116745
2026-09-17T07:24:38.323629,1789629878323629000,22.113629150390626,0.0239932164549827,0.0031337416730821,0.2409761250019073
2026-09-17T07:24:38.333588,1789629878333588200,22.123588134765622,0.0713572725653648,0.0508152432739734,0.2733868062496185
2026-09-17T07:24:38.343548,1789629878343548200,22.133548095703127,0.1246686950325965,0.1093499287962913,0.2834221124649048
2026-09-17T07:24:38.353508,1789629878353508000,22.143508056640623,0.1849647909402847,0.1656957566738128,0.2611130774021148
2026-09-17T07:24:38.363467,1789629878363467000,22.153467041015624,0.2406006306409835,0.2163362950086593,0.2173397690057754
2026-09-17T07:24:38.373427,1789629878373427200,22.16342724609375,0.2707260251045227,0.2300917953252792,0.1648986786603927
2026-09-17T07:24:38.383387,1789629878383387100,22.17338720703125,0.2606816589832306,0.1925816982984542,0.115912489593029
2026-09-17T07:24:38.393346,1789629878393346000,22.183345947265625,0.218265488743782,0.1172251626849174,0.0766247361898422
2026-09-17T07:24:38.403306,1789629878403306000,22.19330590820313,0.1662246584892273,0.0523188635706901,0.0523569472134113
2026-09-17T07:24:38.413266,1789629878413266000,22.203265869140623,0.1215589195489883,0.0234387461096048,0.0461650975048542
2026-09-17T07:24:38.423224,1789629878423224800,22.213224853515623,0.1056340187788009,0.0335755385458469,0.05609842389822
2026-09-17T07:24:38.433185,1789629878433185000,22.22318505859375,0.1314560323953628,0.1047181561589241,0.0808437168598175
2026-09-17T07:24:38.443145,1789629878443145000,22.23314501953125,0.1861376464366912,0.189333975315094,0.090249203145504
2026-09-17T07:24:38.453104,1789629878453104000,22.243104248046876,0.2257614880800247,0.2724829316139221,0.0721732601523399
2026-09-17T07:24:38.463064,1789629878463064000,22.25306396484375,0.2055321186780929,0.3384419679641723,0.0030479878187179
2026-09-17T07:24:38.473024,1789629878473024300,22.263024169921874,0.0836293846368789,0.3832435309886932,-0.1076918393373489
2026-09-17T07:24:38.482984,1789629878482984200,22.272984130859378,-0.1385661363601684,0.3638959228992462,-0.2530586123466491
2026-09-17T07:24:38.492943,1789629878492943000,22.282943115234374,-0.4308009147644043,0.2567282021045685,-0.3988485932350158
2026-09-17T07:24:38.502903,1789629878502903000,22.292903076171875,-0.7127452492713928,0.0993313789367675,-0.47467702627182
2026-09-17T07:24:38.512863,1789629878512863000,22.302863037109375,-0.8900843262672424,-0.0375843942165374,-0.4367024898529053
2026-09-17T07:24:38.522822,1789629878522822100,22.312822265625,-0.885024905204773,-0.0838072821497917,-0.3186890482902527
2026-09-17T07:24:38.532782,1789629878532782000,22.322781982421876,-0.6918442249298096,-0.0160625893622636,-0.18309286236763
2026-09-17T07:24:38.542742,1789629878542742000,22.332741943359373,-0.3553197383880615,0.0991952940821647,-0.0607416443526744
2026-09-17T07:24:38.552701,1789629878552701000,22.342700927734377,0.0488391779363155,0.2142409235239029,0.0434057973325252
2026-09-17T07:24:38.562660,1789629878562660900,22.35266088867187,0.418979674577713,0.2854391932487488,0.1120088249444961
2026-09-17T07:24:38.572621,1789629878572621000,22.36262109375,0.6594892144203186,0.245162084698677,0.1175721660256385
2026-09-17T07:24:38.582580,1789629878582580000,22.372580078125,0.7302936315536499,0.0881319865584373,0.0738076418638229
2026-09-17T07:24:38.592540,1789629878592540000,22.382539794921875,0.6630304455757141,-0.0870379656553268,0.0241098627448081
2026-09-17T07:24:38.602499,1789629878602499800,22.392499755859376,0.5274667739868164,-0.2108275443315506,-0.0084091974422335
2026-09-17T07:24:38.612460,1789629878612460000,22.4024599609375,0.3883698582649231,-0.2508037388324737,-0.0196986030787229
2026-09-17T07:24:38.622419,1789629878622419200,22.412419189453125,0.2965211570262909,-0.234815165400505,-0.0247865729033947
2026-09-17T07:24:38.632379,1789629878632379100,22.422379150390626,0.2502503097057342,-0.1885334253311157,-0.0441147312521934
2026-09-17T07:24:38.642339,1789629878642339000,22.43233911132813,0.2216586172580719,-0.1431611478328704,-0.0786311626434326
2026-09-17T07:24:38.652298,1789629878652298000,22.442298095703126,0.1844502687454223,-0.0979215055704116,-0.112475149333477
2026-09-17T07:24:38.662258,1789629878662258200,22.452258056640623,0.1154078170657157,-0.0394366234540939,-0.1529645174741745
2026-09-17T07:24:38.672218,1789629878672218000,22.462218017578124,0.0153248943388462,0.0401516817510128,-0.2099492400884628
2026-09-17T07:24:38.682177,1789629878682177000,22.472177001953124,-0.093173086643219,0.1234202086925506,-0.2733420729637146
2026-09-17T07:24:38.692137,1789629878692137000,22.482136962890625,-0.1883067935705185,0.1957322210073471,-0.3263775706291199
2026-09-17T07:24:38.702097,1789629878702097000,22.492096923828125,-0.2540229558944702,0.2486497610807418,-0.357592761516571
2026-09-17T07:24:38.712055,1789629878712055800,22.50205590820313,-0.2953525483608246,0.2620936632156372,-0.3668158054351806
2026-09-17T07:24:38.722016,1789629878722016000,22.51201611328125,-0.3045726716518402,0.1585345119237899,-0.3573623895645141
2026-09-17T07:24:38.731976,1789629878731976000,22.521975830078127,-0.2605937719345093,0.0499015115201473,-0.303346574306488
2026-09-17T07:24:38.741935,1789629878741935900,22.531935791015623,-0.139341115951538,0.0168689955025911,-0.1973285228013992
2026-09-17T07:24:38.751895,1789629878751895000,22.54189501953125,0.0310873463749885,0.0257287994027137,-0.0760052874684333
2026-09-17T07:24:38.761855,1789629878761855200,22.551855224609376,0.2216240018606186,0.0538541786372661,0.0294702742248773
2026-09-17T07:24:38.771815,1789629878771815200,22.561815185546877,0.3956410586833954,0.1088995859026908,0.0984783694148063
2026-09-17T07:24:38.781774,1789629878781774000,22.571774169921873,0.5113884210586548,0.1648147851228714,0.1279819309711456
2026-09-17T07:24:38.791734,1789629878791734000,22.581734130859378,0.5448281764984131,0.1723499298095703,0.1163513734936714
2026-09-17T07:24:38.801694,1789629878801694000,22.59169384765625,0.5043558478355408,0.1462568044662475,0.0868289023637771
2026-09-17T07:24:38.811653,1789629878811653000,22.601653076171875,0.4099542200565338,0.0834038108587265,0.0533407181501388
2026-09-17T07:24:38.821613,1789629878821613000,22.611613037109375,0.278500348329544,-0.0063279368914663,0.0131546845659613
2026-09-17T07:24:38.831573,1789629878831573000,22.621572998046876,0.1308642774820327,-0.1009223535656929,-0.0330154746770858
2026-09-17T07:24:38.841532,1789629878841532000,22.631531982421876,-0.0038368161767721,-0.1650440841913223,-0.0706070587038993
2026-09-17T07:24:38.851491,1789629878851491800,22.641491943359377,-0.1068500131368637,-0.1659495532512664,-0.1054542511701583
2026-09-17T07:24:38.861452,1789629878861452000,22.6514521484375,-0.1736263781785965,-0.1026171892881393,-0.1304618716239929
2026-09-17T07:24:38.871412,1789629878871412000,22.661411865234378,-0.2066695541143417,2.53000307566e-05,-0.1406447291374206
2026-09-17T07:24:38.881371,1789629878881371100,22.67137109375,-0.2175371199846267,0.1022001355886459,-0.123821273446083
2026-09-17T07:24:38.891331,1789629878891331000,22.6813310546875,-0.2182295322418213,0.1786967813968658,-0.0944372862577438
2026-09-17T07:24:38.901291,1789629878901291000,22.691291015625,-0.2037571221590042,0.2592802941799164,-0.0681385770440101
2026-09-17T07:24:38.911250,1789629878911250200,22.701250244140624,-0.1611231118440628,0.3199942409992218,-0.0616082362830638
2026-09-17T07:24:38.921210,1789629878921210000,22.711210205078125,-0.1012206301093101,0.3469406366348266,-0.081094317138195
2026-09-17T07:24:38.931170,1789629878931170000,22.721170166015625,-0.0364283137023448,0.3464080095291137,-0.0993473604321479
2026-09-17T07:24:38.941129,1789629878941129000,22.73112890625,0.0158093236386775,0.2981147766113281,-0.0939688384532928
2026-09-17T07:24:38.951089,1789629878951089200,22.74108911132813,0.0396888218820095,0.1741992235183715,-0.0725956410169601
2026-09-17T07:24:38.961049,1789629878961049000,22.751049072265623,0.0271205678582191,-0.0175859183073043,-0.0493803322315216
2026-09-17T07:24:38.971008,1789629878971008000,22.761008056640627,0.0061031663790345,-0.2254496365785598,-0.0186778139322996
2026-09-17T07:24:38.980968,1789629878980968000,22.770968017578124,0.0039161783643066,-0.4105601012706756,0.0088952239602804
2026-09-17T07:24:38.990928,1789629878990928000,22.780927978515624,0.0256683453917503,-0.5524839758872986,0.0046938215382397
2026-09-17T07:24:39.000888,1789629879000888000,22.79088818359375,0.0764859840273857,-0.6020570993423462,-0.023772707208991
2026-09-17T07:24:39.010847,1789629879010847000,22.800846923828125,0.1460722535848617,-0.5360088348388672,-0.0549175776541233
2026-09-17T07:24:39.020807,1789629879020807000,22.810806884765626,0.2173626720905304,-0.3966639935970306,-0.0623693689703941
2026-09-17T07:24:39.030766,1789629879030766800,22.82076684570313,0.2662883996963501,-0.2382410615682602,-0.046145923435688
2026-09-17T07:24:39.040726,1789629879040726000,22.83072607421875,0.2909772396087646,-0.095133438706398,-0.0123373595997691
2026-09-17T07:24:39.050686,1789629879050686200,22.840686279296875,0.2758670151233673,0.015688681975007,0.0370938405394554
2026-09-17T07:24:39.060646,1789629879060646100,22.850646240234376,0.2169634699821472,0.0787305012345314,0.0815635696053505
2026-09-17T07:24:39.070605,1789629879070605000,22.86060498046875,0.1218958124518394,0.0712145268917083,0.0928535088896751
2026-09-17T07:24:39.080565,1789629879080565000,22.87056494140625,0.0105168232694268,-0.0097005637362599,0.0855561792850494
2026-09-17T07:24:39.090525,1789629879090525200,22.880525146484377,-0.0972458571195602,-0.1118578240275383,0.0859612450003624
2026-09-17T07:24:39.100484,1789629879100484000,22.890484130859377,-0.1869059652090072,-0.2149586379528045,0.1074412390589714
2026-09-17T07:24:39.110444,1789629879110444000,22.90044409179687,-0.260316789150238,-0.3336940705776214,0.1429164111614227
2026-09-17T07:24:39.120404,1789629879120404000,22.910404052734375,-0.3036565482616424,-0.4291015565395355,0.1902559548616409
2026-09-17T07:24:39.130364,1789629879130364000,22.920364013671875,-0.2835012078285217,-0.4303748309612274,0.245386317372322
2026-09-17T07:24:39.140322,1789629879140322800,22.93032275390625,-0.1973029524087906,-0.3365684449672699,0.3110191226005554
2026-09-17T07:24:39.150283,1789629879150283000,22.940282958984376,-0.0629020035266876,-0.1991756856441497,0.3783153593540191
2026-09-17T07:24:39.160243,1789629879160243000,22.950242919921877,0.1016834825277328,-0.0470636487007141,0.4471354186534881
2026-09-17T07:24:39.170202,1789629879170202000,22.9602021484375,0.2612678110599518,0.0949728488922119,0.5081657767295837
2026-09-17T07:24:39.180162,1789629879180162000,22.970162109375,0.3682491183280945,0.1563214361667633,0.5208602547645569
2026-09-17T07:24:39.190122,1789629879190122200,22.980122314453126,0.396261602640152,0.1339636594057083,0.4856125116348266
2026-09-17T07:24:39.200081,1789629879200081200,22.9900810546875,0.3606785535812378,0.0755195245146751,0.4322603344917297
2026-09-17T07:24:39.210041,1789629879210041000,23.000041015625,0.2754965424537658,-0.0079178437590599,0.3749717473983764
2026-09-17T07:24:39.220001,1789629879220001000,23.0100009765625,0.1711802631616592,-0.0792242512106895,0.310605525970459
2026-09-17T07:24:39.229960,1789629879229960000,23.0199599609375,0.0840954333543777,-0.0949089378118515,0.2507182359695434
2026-09-17T07:24:39.239920,1789629879239920400,23.02992041015625,0.0340016409754753,-0.0817276164889335,0.2008473575115203
2026-09-17T07:24:39.249880,1789629879249880600,23.039880615234377,0.013841513544321,-0.039908267557621,0.1517482548952102
2026-09-17T07:24:39.259839,1789629879259839500,23.049839599609378,-0.0041052629239857,-0.0224512461572885,0.1083805337548255
2026-09-17T07:24:39.269799,1789629879269799400,23.05979931640625,-0.0438681207597255,-0.0531566962599754,0.0614348649978637
2026-09-17T07:24:39.279759,1789629879279759400,23.06975927734375,-0.1118570268154144,-0.1075216680765152,0.0149491224437952
2026-09-17T07:24:39.289719,1789629879289719300,23.07971923828125,-0.1913534551858902,-0.1617582738399505,-0.0205329712480306
2026-09-17T07:24:39.299678,1789629879299678500,23.089678466796876,-0.2672426104545593,-0.1910698264837265,-0.0407479628920555
2026-09-17T07:24:39.309638,1789629879309638400,23.099638427734376,-0.3094843626022339,-0.1607478708028793,-0.039815854281187
2026-09-17T07:24:39.319598,1789629879319598300,23.109598388671873,-0.3072744607925415,-0.0961065590381622,-0.0260017737746238
2026-09-17T07:24:39.329557,1789629879329557500,23.1195576171875,-0.2716855704784393,-0.0083157205954194,-0.0030724888201802
2026-09-17T07:24:39.339517,1789629879339517400,23.129517333984374,-0.2130227982997894,0.0635704547166824,0.0258052311837673
2026-09-17T07:24:39.349477,1789629879349477600,23.1394775390625,-0.1357186883687973,0.1449590474367141,0.0675843730568885
2026-09-17T07:24:39.359436,1789629879359436500,23.1494365234375,-0.0458380617201328,0.2119218409061432,0.1059250980615615
2026-09-17T07:24:39.369396,1789629879369396500,23.159396484375,0.0321978852152824,0.2212626188993454,0.1241544410586357
2026-09-17T07:24:39.379356,1789629879379356400,23.1693564453125,0.0915349796414375,0.1969170570373535,0.1266378313302993
2026-09-17T07:24:39.389315,1789629879389315300,23.1793154296875,0.146404355764389,0.1640632450580597,0.1410788297653198
2026-09-17T07:24:39.399275,1789629879399275500,23.189275634765625,0.1952328830957412,0.1309731900691986,0.1653822958469391
2026-09-17T07:24:39.409235,1789629879409235500,23.1992353515625,0.2428001314401626,0.0888710170984268,0.1868487149477005
2026-09-17T07:24:39.419195,1789629879419195400,23.2091953125,0.2757048010826111,0.0618375353515148,0.1967878937721252
2026-09-17T07:24:39.429154,1789629879429154300,23.219154296875,0.3058366179466247,0.0820274949073791,0.1962720453739166
2026-09-17T07:24:39.439114,1789629879439114500,23.229114501953124,0.3226653933525085,0.113779030740261,0.1831881999969482
2026-09-17T07:24:39.449074,1789629879449074400,23.239074462890624,0.3155779242515564,0.099943108856678,0.1482611000537872
2026-09-17T07:24:39.459033,1789629879459033600,23.24903369140625,0.2841017544269562,0.0437051355838775,0.1012893393635749
2026-09-17T07:24:39.468993,1789629879468993500,23.25899365234375,0.2280147969722747,-0.0496756769716739,0.0392619185149669
2026-09-17T07:24:39.478953,1789629879478953500,23.268953369140625,0.1524100452661514,-0.1766021996736526,-0.0261447839438915
2026-09-17T07:24:39.488912,1789629879488912400,23.278912353515626,0.0812820717692375,-0.2842468917369842,-0.0733096301555633
2026-09-17T07:24:39.498872,1789629879498872600,23.28887255859375,0.0407303869724273,-0.3510336577892303,-0.0870158597826957
2026-09-17T07:24:39.508832,1789629879508832500,23.29883251953125,0.0454891882836818,-0.3707482516765594,-0.0845058262348175
2026-09-17T07:24:39.518791,1789629879518791400,23.30879150390625,0.0849063694477081,-0.3259040713310241,-0.07959496229887
2026-09-17T07:24:39.528751,1789629879528751400,23.31875146484375,0.1342126578092575,-0.2637813091278076,-0.0721389055252075
2026-09-17T07:24:39.538711,1789629879538711600,23.328711669921876,0.1690153926610946,-0.2205555438995361,-0.065683402121067
2026-09-17T07:24:39.548671,1789629879548671500,23.33867138671875,0.1802528649568557,-0.1743765920400619,-0.0633001402020454
2026-09-17T07:24:39.558630,1789629879558630400,23.34863037109375,0.1805910766124725,-0.116901583969593,-0.0656149610877037
2026-09-17T07:24:39.568590,1789629879568590300,23.35859033203125,0.1788043677806854,-0.0479233153164386,-0.0902537330985069
2026-09-17T07:24:39.578550,1789629879578550300,23.36855029296875,0.1766330897808075,-0.0066714850254356,-0.1307465583086013
2026-09-17T07:24:39.588509,1789629879588509400,23.378509521484375,0.1768160462379455,-0.0049814428202807,-0.1650028079748153
2026-09-17T07:24:39.598469,1789629879598469400,23.388469482421876,0.1643466055393219,-0.0315296947956085,-0.1818869709968567
2026-09-17T07:24:39.608429,1789629879608429300,23.39842919921875,0.1382867693901062,-0.0754004791378974,-0.1730197221040725
2026-09-17T07:24:39.618388,1789629879618388500,23.408388427734376,0.1095648407936096,-0.0984173864126205,-0.1470080912113189
2026-09-17T07:24:39.628348,1789629879628348400,23.418348388671873,0.0855484530329704,-0.0831894278526306,-0.1211730316281318
2026-09-17T07:24:39.638308,1789629879638308600,23.42830859375,0.0823135152459144,-0.0247908346354961,-0.0908779725432396
2026-09-17T07:24:39.648267,1789629879648267500,23.438267578125,0.0947629958391189,0.0779704302549362,-0.0564225278794765
2026-09-17T07:24:39.658227,1789629879658227500,23.4482275390625,0.1121827289462089,0.1787108927965164,-0.0301786754280328
2026-09-17T07:24:39.668187,1789629879668187400,23.4581875,0.1205695569515228,0.2330412417650222,-0.0281946193426847
2026-09-17T07:24:39.678147,1789629879678147600,23.468147705078124,0.11343814432621,0.2365017533302307,-0.0345702283084392
2026-09-17T07:24:39.688106,1789629879688106500,23.4781064453125,0.0884435772895813,0.1900437027215957,-0.0444691963493824
2026-09-17T07:24:39.698066,1789629879698066400,23.48806640625,0.0327334441244602,0.1158288642764091,-0.0680144727230072
2026-09-17T07:24:39.708026,1789629879708026400,23.4980263671875,-0.0502613075077533,0.0161621924489736,-0.1063464134931564
2026-09-17T07:24:39.717985,1789629879717985300,23.5079853515625,-0.1483505815267563,-0.0644026920199394,-0.1558074355125427
2026-09-17T07:24:39.727945,1789629879727945500,23.517945556640623,-0.2476436197757721,-0.0776130333542823,-0.2050205320119857
2026-09-17T07:24:39.737905,1789629879737905400,23.527905517578127,-0.3252912759780884,-0.0144630949944257,-0.2440294474363327
2026-09-17T07:24:39.747864,1789629879747864600,23.537864501953123,-0.362716943025589,0.1056875437498092,-0.261803925037384
2026-09-17T07:24:39.757824,1789629879757824500,23.547824462890624,-0.3576611876487732,0.2423330098390579,-0.259084552526474
2026-09-17T07:24:39.767784,1789629879767784400,23.557784423828124,-0.3152530193328857,0.3619217276573181,-0.2411907762289047
2026-09-17T07:24:39.777743,1789629879777743400,23.567743408203125,-0.2451636791229248,0.4296312630176544,-0.2062271982431411
2026-09-17T07:24:39.787703,1789629879787703600,23.57770361328125,-0.1698731929063797,0.4145540297031402,-0.1712428480386734
2026-09-17T07:24:39.797663,1789629879797663500,23.58766357421875,-0.0982583910226821,0.3169294893741607,-0.1506630182266235
2026-09-17T07:24:39.807623,1789629879807623400,23.59762353515625,-0.0466766916215419,0.1866801381111145,-0.1375589221715927
2026-09-17T07:24:39.817582,1789629879817582300,23.607582275390627,-0.0017326525412499,0.0673428177833557,-0.112976349890232
2026-09-17T07:24:39.827542,1789629879827542500,23.61754248046875,0.0512000694870948,0.0208821129053831,-0.0802450403571128
2026-09-17T07:24:39.837502,1789629879837502500,23.62750244140625,0.0937896072864532,0.0479102693498134,-0.0545444674789905
2026-09-17T07:24:39.847461,1789629879847461400,23.63746142578125,0.1108492836356163,0.0964876562356948,-0.0455837287008762
2026-09-17T07:24:39.857421,1789629879857421300,23.64742138671875,0.0966106951236724,0.1430498361587524,-0.0483643375337123
2026-09-17T07:24:39.867381,1789629879867381200,23.65738134765625,0.0539151616394519,0.1697565466165542,-0.0659995228052139
2026-09-17T07:24:39.877340,1789629879877340700,23.66734057617187,-0.0136779956519603,0.1774759888648986,-0.0939246341586113
2026-09-17T07:24:39.887300,1789629879887300600,23.677300537109375,-0.0877183973789215,0.1728940159082412,-0.1283241510391235
2026-09-17T07:24:39.897260,1789629879897260500,23.687260498046875,-0.1480959951877594,0.1575645953416824,-0.1740093529224395
2026-09-17T07:24:39.907219,1789629879907219500,23.697219482421875,-0.1871312707662582,0.1351628750562667,-0.2287032157182693
2026-09-17T07:24:39.917179,1789629879917179400,23.707179443359376,-0.203019693493843,0.1142650544643402,-0.2720578908920288
2026-09-17T07:24:39.927139,1789629879927139600,23.7171396484375,-0.2046514153480529,0.0708744376897811,-0.2942569255828857
2026-09-17T07:24:39.937099,1789629879937099500,23.727099609375,-0.1897528916597366,0.0331763289868831,-0.2891601622104645
2026-09-17T07:24:39.947058,1789629879947058400,23.737058349609377,-0.1536822319030761,0.02864496037364,-0.2522727251052856
2026-09-17T07:24:39.957018,1789629879957018400,23.74701831054687,-0.106851615011692,0.0436377599835395,-0.2001698464155197
2026-09-17T07:24:39.966978,1789629879966978600,23.756978515625,-0.0585573203861713,0.0670400187373161,-0.1607630550861358
2026-09-17T07:24:39.976937,1789629879976937500,23.7669375,-0.0257644858211278,0.0950697883963584,-0.1356454491615295
2026-09-17T07:24:39.986897,1789629879986897400,23.7768974609375,-0.0054291202686727,0.1168975904583931,-0.1190933659672737
2026-09-17T07:24:39.996857,1789629879996857300,23.786857421875,0.0086440881714224,0.1264844387769699,-0.0966706126928329
2026-09-17T07:24:40.006816,1789629880006816500,23.79681640625,0.0209082104265689,0.1214289590716362,-0.0613171532750129
2026-09-17T07:24:40.016776,1789629880016776400,23.8067763671875,0.0327134728431701,0.1025548726320266,-0.0339329317212104
2026-09-17T07:24:40.026736,1789629880026736400,23.816736328125,0.0347960628569126,0.0396012067794799,-0.0398560687899589
2026-09-17T07:24:40.036695,1789629880036695600,23.826695556640622,0.0183241460472345,-0.035651471465826,-0.0746292322874069
2026-09-17T07:24:40.046655,1789629880046655500,23.836655517578127,-0.0080984067171812,-0.0822701081633567,-0.1230761259794235
2026-09-17T07:24:40.056615,1789629880056615400,23.846615478515623,-0.0467856153845787,-0.1339191794395446,-0.1841253638267517
2026-09-17T07:24:40.066575,1789629880066575600,23.85657568359375,-0.0946423560380935,-0.1804928183555603,-0.2426946610212326
2026-09-17T07:24:40.076534,1789629880076534500,23.866534423828124,-0.1407216936349868,-0.1812440901994705,-0.2711460292339325
2026-09-17T07:24:40.086494,1789629880086494500,23.876494384765625,-0.1693134009838104,-0.1362558454275131,-0.256012350320816
2026-09-17T07:24:40.096454,1789629880096454400,23.886454345703125,-0.1749816685914993,-0.0720880404114723,-0.2119506001472473
2026-09-17T07:24:40.106413,1789629880106413300,23.89641333007813,-0.1608171164989471,-0.0142652224749326,-0.1584660708904266
2026-09-17T07:24:40.116373,1789629880116373500,23.90637353515625,-0.133684292435646,0.0228773523122072,-0.1128674298524856
2026-09-17T07:24:40.126333,1789629880126333400,23.91633349609375,-0.1073903739452362,0.0292870476841926,-0.0788583308458328
2026-09-17T07:24:40.136292,1789629880136292400,23.926292236328123,-0.0911347046494484,-0.0052890377119183,-0.0710355639457702
2026-09-17T07:24:40.146252,1789629880146252300,23.936252197265624,-0.0843479037284851,-0.0738217607140541,-0.0795257166028022
2026-09-17T07:24:40.156212,1789629880156212500,23.94621240234375,-0.0792223811149597,-0.1587278544902801,-0.0876121371984481
2026-09-17T07:24:40.166172,1789629880166172400,23.95617236328125,-0.0729192122817039,-0.2316800951957702,-0.0797542184591293
2026-09-17T07:24:40.176131,1789629880176131600,23.966131591796874,-0.04784981533885,-0.2895191609859466,-0.0435437485575675
2026-09-17T07:24:40.186091,1789629880186091500,23.976091552734378,-0.0204328373074531,-0.3164940476417541,0.0106798084452748
2026-09-17T07:24:40.196051,1789629880196051500,23.986051513671875,-0.0016551546286791,-0.3074150681495666,0.0704659074544906
2026-09-17T07:24:40.206010,1789629880206010400,23.99601025390625,0.0028554413001984,-0.2404432296752929,0.1224628016352653
2026-09-17T07:24:40.215970,1789629880215970600,24.005970458984375,-0.0008958873804658,-0.1139875575900077,0.1542465537786483
2026-09-17T07:24:40.225930,1789629880225930500,24.015930419921876,-0.0005257080192677,0.0485118739306926,0.1487708389759063
2026-09-17T07:24:40.235889,1789629880235889000,24.025888916015624,-0.0036895433440804,0.1781308501958847,0.1132623776793479
2026-09-17T07:24:40.245848,1789629880245848800,24.035848876953125,-0.0285216569900512,0.2328534871339798,0.0610447116196155
2026-09-17T07:24:40.255808,1789629880255808800,24.045808837890625,-0.0817201659083366,0.1962773650884628,-0.0027206854429095
2026-09-17T07:24:40.265768,1789629880265768000,24.055767822265626,-0.1531634479761123,0.0819406732916832,-0.0533465780317783
2026-09-17T07:24:40.275728,1789629880275728000,24.06572778320313,-0.2278861552476883,-0.0528680086135864,-0.073308564722538
2026-09-17T07:24:40.285687,1789629880285687800,24.075687744140627,-0.2897042632102966,-0.16107277572155,-0.0353462733328342
2026-09-17T07:24:40.295647,1789629880295647700,24.085647705078124,-0.3367972075939178,-0.243483230471611,0.0469829551875591
2026-09-17T07:24:40.305607,1789629880305607000,24.09560693359375,-0.3691362142562866,-0.2543023228645324,0.1382801085710525
2026-09-17T07:24:40.315567,1789629880315567000,24.105567138671876,-0.3662554919719696,-0.1530814319849014,0.2241060733795166
2026-09-17T07:24:40.325527,1789629880325527000,24.115527099609373,-0.3171545267105102,0.0215588212013244,0.2798444330692291
2026-09-17T07:24:40.335486,1789629880335486000,24.12548583984375,-0.2144931256771087,0.2523757815361023,0.3222403526306152
2026-09-17T07:24:40.345446,1789629880345446000,24.13544580078125,-0.0653550401329994,0.4566351771354675,0.359169602394104
2026-09-17T07:24:40.355405,1789629880355405800,24.14540576171875,0.0853836089372634,0.5787379145622253,0.3824901282787323
2026-09-17T07:24:40.365365,1789629880365365000,24.155364990234375,0.2219025641679763,0.5714586973190308,0.4178632795810699
2026-09-17T07:24:40.375325,1789629880375325000,24.165324951171876,0.3221460878849029,0.4445928931236267,0.4696889221668243
2026-09-17T07:24:40.385284,1789629880385284900,24.175284912109376,0.376199722290039,0.251196801662445,0.5150303244590759
2026-09-17T07:24:40.395243,1789629880395243800,24.185243896484376,0.3748961091041565,0.0417647585272789,0.5143440365791321
2026-09-17T07:24:40.405203,1789629880405203700,24.19520361328125,0.3204413950443268,-0.1378231197595596,0.4548271596431732
2026-09-17T07:24:40.415164,1789629880415164000,24.205163818359377,0.2375268042087555,-0.2467791587114334,0.3542081415653229
2026-09-17T07:24:40.425123,1789629880425123800,24.21512377929687,0.1485290229320526,-0.2970002591609955,0.2420568466186523
2026-09-17T07:24:40.435083,1789629880435083000,24.2250830078125,0.0685082226991653,-0.3442865312099457,0.1525730341672897
2026-09-17T07:24:40.445043,1789629880445043000,24.23504296875,0.021974541246891,-0.3751198053359985,0.116608902812004
2026-09-17T07:24:40.455003,1789629880455003100,24.245003173828124,0.0079194419085979,-0.3767222464084625,0.1152741312980651
2026-09-17T07:24:40.464962,1789629880464962000,24.254962158203124,0.0110595757141709,-0.3419336378574371,0.1293494701385498
2026-09-17T07:24:40.474922,1789629880474922000,24.264921875,0.006100236903876,-0.3070307672023773,0.1350614130496978
2026-09-17T07:24:40.484882,1789629880484882000,24.2748818359375,-0.0256851240992546,-0.2786335051059723,0.1261033415794372
2026-09-17T07:24:40.494840,1789629880494840800,24.2848408203125,-0.088778868317604,-0.2493158131837844,0.1080079600214958
2026-09-17T07:24:40.504800,1789629880504800800,24.29480078125,-0.1653764396905899,-0.2253641486167907,0.0811193510890007
2026-09-17T07:24:40.514761,1789629880514761000,24.304760986328127,-0.2333552241325378,-0.2001283019781112,0.0542240887880325
2026-09-17T07:24:40.524719,1789629880524719900,24.314719970703123,-0.2708392143249511,-0.1346483528614044,0.0404819138348102
2026-09-17T07:24:40.534679,1789629880534679800,24.3246796875,-0.2607618272304535,-0.0381417945027351,0.0505547858774662
2026-09-17T07:24:40.544639,1789629880544639700,24.3346396484375,-0.2040431499481201,0.0679721236228942,0.0823622494935989
2026-09-17T07:24:40.554600,1789629880554600000,24.344599853515625,-0.1117350533604621,0.1565195620059967,0.1315894573926925
2026-09-17T07:24:40.564559,1789629880564559000,24.35455908203125,-0.0119605222716927,0.1999469399452209,0.1985322684049606
2026-09-17T07:24:40.574519,1789629880574519000,24.36451904296875,0.0606612153351306,0.1705078184604644,0.2618430554866791
2026-09-17T07:24:40.584479,1789629880584479000,24.37447900390625,0.1008073017001152,0.0902816951274871,0.3071793913841247
2026-09-17T07:24:40.594438,1789629880594438000,24.38443798828125,0.1179500743746757,0.011559983715415,0.3355039656162262
2026-09-17T07:24:40.604398,1789629880604398000,24.394398193359375,0.1215826272964477,-0.0244241170585155,0.3492892980575561
2026-09-17T07:24:40.614358,1789629880614358000,24.40435791015625,0.1200622245669364,-0.04674007371068,0.3384819030761719
2026-09-17T07:24:40.624317,1789629880624317000,24.41431689453125,0.1236692070960998,-0.0379889272153377,0.3093975186347961
2026-09-17T07:24:40.634276,1789629880634276900,24.42427685546875,0.1373631805181503,0.005936718545854,0.2639629244804382
2026-09-17T07:24:40.644236,1789629880644236800,24.43423681640625,0.14285808801651,0.0556978844106197,0.2099300622940063
2026-09-17T07:24:40.654196,1789629880654196000,24.44419604492187,0.1290272176265716,0.0835207253694534,0.164171889424324
2026-09-17T07:24:40.664156,1789629880664156000,24.454156005859375,0.0990890339016914,0.0738326758146286,0.1283494532108307
2026-09-17T07:24:40.674115,1789629880674115800,24.46411572265625,0.0583320148289203,0.0312255639582872,0.1064084619283676
2026-09-17T07:24:40.684075,1789629880684075800,24.47407568359375,0.0156524628400802,-0.0371923744678497,0.0824008658528328
2026-09-17T07:24:40.694034,1789629880694034700,24.48403466796875,-0.0302433893084526,-0.1342440843582153,0.0500463880598545
2026-09-17T07:24:40.703995,1789629880703995000,24.493994873046876,-0.0699636414647102,-0.2236503958702087,0.012289423495531
2026-09-17T07:24:40.713954,1789629880713954800,24.503954833984373,-0.0956927016377449,-0.2873878479003906,-0.0218704119324684
2026-09-17T07:24:40.723914,1789629880723914000,24.5139140625,-0.1028049439191818,-0.2976833581924438,-0.0580281503498554
2026-09-17T07:24:40.733874,1789629880733874000,24.5238740234375,-0.0859394073486328,-0.2334524393081665,-0.0851164907217025
2026-09-17T07:24:40.743834,1789629880743834000,24.533834228515627,-0.0444151349365711,-0.12119060754776,-0.0976892784237861
2026-09-17T07:24:40.753793,1789629880753793000,24.54379296875,0.0142287369817495,-0.0017414409667253,-0.106506735086441
2026-09-17T07:24:40.763753,1789629880763753000,24.5537529296875,0.0810535699129104,0.074744813144207,-0.1062255054712295
2026-09-17T07:24:40.773713,1789629880773713000,24.563712890625,0.1416777670383453,0.0950697883963584,-0.1007582992315292
2026-09-17T07:24:40.783672,1789629880783672800,24.5736728515625,0.1775167286396026,0.0568004325032234,-0.0886198803782463
2026-09-17T07:24:40.793631,1789629880793631700,24.5836318359375,0.1887600570917129,-0.0296026337891817,-0.0809345319867134
2026-09-17T07:24:40.803592,1789629880803592000,24.593592041015626,0.1838555783033371,-0.106375977396965,-0.08266132324934
2026-09-17T07:24:40.813551,1789629880813551900,24.6035517578125,0.162417933344841,-0.1089981198310852,-0.1023042649030685
2026-09-17T07:24:40.823510,1789629880823510800,24.6135107421875,0.1246780157089233,-0.0519209876656532,-0.1389496326446533
2026-09-17T07:24:40.833470,1789629880833470700,24.623470703125,0.0899400115013122,0.0316793657839298,-0.1782693415880203
2026-09-17T07:24:40.843431,1789629880843431000,24.633430908203124,0.0704227685928344,0.1233613491058349,-0.2038255631923675
2026-09-17T07:24:40.853390,1789629880853390000,24.64339013671875,0.0709538012742996,0.1943303346633911,-0.1955524533987045
2026-09-17T07:24:40.863350,1789629880863350000,24.65335009765625,0.0725277289748191,0.2266856133937835,-0.1709099560976028
2026-09-17T07:24:40.873310,1789629880873310000,24.66331005859375,0.0806061625480651,0.2295272052288055,-0.1452898234128952
2026-09-17T07:24:40.883268,1789629880883268900,24.67326879882813,0.0958737954497337,0.2381787449121475,-0.1556958556175232
2026-09-17T07:24:40.893229,1789629880893229000,24.68322900390625,0.0939683094620704,0.2348021268844604,-0.2307013869285583
2026-09-17T07:24:40.903189,1789629880903189000,24.69318896484375,0.0428934060037136,0.2060993760824203,-0.3759504556655884
2026-09-17T07:24:40.913149,1789629880913149000,24.70314892578125,-0.0591876879334449,0.147096499800682,-0.53879314661026
2026-09-17T07:24:40.923107,1789629880923107800,24.71310791015625,-0.2067731469869613,0.0312346182763576,-0.6705520153045654
2026-09-17T07:24:40.933067,1789629880933067800,24.72306787109375,-0.3653955459594726,-0.1129894033074379,-0.7136834859848022
2026-09-17T07:24:40.943028,1789629880943028000,24.733028076171873,-0.472580075263977,-0.2241622656583786,-0.6433608531951904
2026-09-17T07:24:40.952987,1789629880952987000,24.74298681640625,-0.4777668416500091,-0.2331877201795578,-0.5043707489967346
2026-09-17T07:24:40.962946,1789629880962946800,24.75294677734375,-0.4116349518299103,-0.165871262550354,-0.3633851408958435
2026-09-17T07:24:40.972906,1789629880972906800,24.76290673828125,-0.3255285620689392,-0.0733767449855804,-0.2564357817173004
2026-09-17T07:24:40.982866,1789629880982866000,24.772865966796875,-0.2494407147169113,0.0081322286278009,-0.1821495592594146
2026-09-17T07:24:40.992826,1789629880992826000,24.782826171875,-0.1823399811983108,0.0882560908794403,-0.1155313923954963
2026-09-17T07:24:41.002786,1789629881002786000,24.7927861328125,-0.117970310151577,0.162994772195816,-0.0745666474103927
2026-09-17T07:24:41.012745,1789629881012745000,24.802744873046876,-0.0506333485245704,0.2045209109783172,-0.0691630914807319
2026-09-17T07:24:41.022705,1789629881022705000,24.812704833984377,0.0200440157204866,0.2161045968532562,-0.0730209499597549
2026-09-17T07:24:41.032665,1789629881032665000,24.8226650390625,0.0886299982666969,0.2104182243347168,-0.0462697595357894
2026-09-17T07:24:41.042625,1789629881042625000,24.832625,0.1350579559803009,0.1792110353708267,0.0119762355461716
2026-09-17T07:24:41.052584,1789629881052584000,24.842583984375,0.1486126482486724,0.1203612983226776,0.0719213262200355
2026-09-17T07:24:41.062544,1789629881062544000,24.8525439453125,0.1177553981542587,0.0407825820147991,0.1031982898712158
2026-09-17T07:24:41.072503,1789629881072503800,24.86250390625,0.0561799146234989,-0.0350149758160114,0.0773472487926483
2026-09-17T07:24:41.082463,1789629881082463000,24.872462890625,-0.0250214636325836,-0.0813774168491363,-0.007390271872282
2026-09-17T07:24:41.092423,1789629881092423000,24.8824228515625,-0.1230146065354347,-0.1338747143745422,-0.1257257014513015
2026-09-17T07:24:41.102382,1789629881102382800,24.8923828125,-0.2307450622320175,-0.2153671681880951,-0.2534322738647461
2026-09-17T07:24:41.112341,1789629881112341800,24.902341796875,-0.3140162527561188,-0.276490718126297,-0.3445025086402893
2026-09-17T07:24:41.122301,1789629881122301700,24.9123017578125,-0.3569373488426208,-0.26132532954216,-0.3782474398612976
2026-09-17T07:24:41.132262,1789629881132262000,24.922261962890627,-0.3486394882202148,-0.1675674319267273,-0.3738646805286407
2026-09-17T07:24:41.142221,1789629881142221000,24.932220947265623,-0.2836543619632721,-0.0632785707712173,-0.3462753891944885
2026-09-17T07:24:41.152181,1789629881152181000,24.942180908203124,-0.1677775532007217,0.0573498420417308,-0.3186860978603363
2026-09-17T07:24:41.162141,1789629881162141000,24.952140869140624,-0.0348083153367042,0.1821109503507614,-0.2941804826259613
2026-09-17T07:24:41.172101,1789629881172101000,24.96210107421875,0.0699718967080116,0.2629762291908264,-0.2868791818618774
2026-09-17T07:24:41.182060,1789629881182060000,24.97206005859375,0.1230039522051811,0.2868536114692688,-0.2734147608280182
2026-09-17T07:24:41.192020,1789629881192020000,24.98202001953125,0.1266745924949646,0.257878690958023,-0.2539659738540649
2026-09-17T07:24:41.201980,1789629881201980000,24.99197998046875,0.0979995355010032,0.1887611299753189,-0.237526535987854
2026-09-17T07:24:41.211938,1789629881211938800,25.001938720703127,0.0500940605998039,0.0920761302113533,-0.2300949841737747
2026-09-17T07:24:41.221898,1789629881221898800,25.011898681640623,0.0070320768281817,-0.0050895670428872,-0.2317285686731338
2026-09-17T07:24:41.231859,1789629881231859000,25.02185888671875,-0.0173097476363182,-0.082279160618782,-0.238028809428215
2026-09-17T07:24:41.241817,1789629881241817900,25.03181787109375,-0.0230627078562974,-0.1380795687437057,-0.244944766163826
2026-09-17T07:24:41.251777,1789629881251777800,25.04177783203125,-0.020317256450653,-0.1615468114614486,-0.2521976232528686
2026-09-17T07:24:41.261738,1789629881261738000,25.051738037109377,-0.0247908346354961,-0.1627761274576187,-0.27454474568367
2026-09-17T07:24:41.271697,1789629881271697200,25.061697265625,-0.0399008095264434,-0.1541099399328231,-0.3029204607009887
2026-09-17T07:24:41.281657,1789629881281657000,25.07165698242187,-0.067842960357666,-0.1578250527381897,-0.3306114673614502
2026-09-17T07:24:41.291617,1789629881291617000,25.081616943359375,-0.1034049540758133,-0.1776144653558731,-0.3591182231903076
2026-09-17T07:24:41.301577,1789629881301577000,25.091576904296875,-0.1137875542044639,-0.1632190197706222,-0.3634264171123504
2026-09-17T07:24:41.311535,1789629881311535900,25.101535888671876,-0.0835401639342308,-0.1417057365179062,-0.334209680557251
2026-09-17T07:24:41.321496,1789629881321496000,25.11149609375,-0.0153043875470757,-0.0865804329514503,-0.2917482256889343
2026-09-17T07:24:41.331456,1789629881331456000,25.1214560546875,0.0849114283919334,0.0049175270833075,-0.2248411029577255
2026-09-17T07:24:41.341415,1789629881341415000,25.131414794921874,0.1906104236841201,0.056377787142992,-0.1414154469966888
2026-09-17T07:24:41.351374,1789629881351374800,25.141374755859378,0.2660130262374878,0.044619932770729,-0.0755147337913513
2026-09-17T07:24:41.361335,1789629881361335000,25.1513349609375,0.2988618016242981,-0.0250614117830991,-0.0503001883625984
2026-09-17T07:24:41.371294,1789629881371294000,25.1612939453125,0.2894304692745209,-0.1101507395505905,-0.0568305253982543
2026-09-17T07:24:41.381254,1789629881381254000,25.17125390625,0.2539561092853546,-0.1885920166969299,-0.0853308737277984
2026-09-17T07:24:41.391213,1789629881391213800,25.1812138671875,0.205939844250679,-0.2531544864177704,-0.1082202121615409
2026-09-17T07:24:41.401174,1789629881401174000,25.191174072265625,0.1560473889112472,-0.2791674435138702,-0.1137153804302215
2026-09-17T07:24:41.411133,1789629881411133000,25.2011328125,0.1163833364844322,-0.3036296665668487,-0.095909483730793
2026-09-17T07:24:41.421092,1789629881421092900,25.2110927734375,0.0826807618141174,-0.2596941590309143,-0.0514285713434219
2026-09-17T07:24:41.431052,1789629881431052800,25.221052734375,0.0661081820726394,-0.1797292828559875,0.0333145484328269
2026-09-17T07:24:41.441012,1789629881441012000,25.231011962890623,0.068233385682106,-0.1177335605025291,0.1263874918222427
2026-09-17T07:24:41.450972,1789629881450972000,25.240971923828123,0.0911072716116905,-0.0554187856614589,0.2000228315591812
2026-09-17T07:24:41.460932,1789629881460932000,25.25093212890625,0.1008885279297828,-0.0584156401455402,0.2305101752281189
2026-09-17T07:24:41.470891,1789629881470891000,25.26089111328125,0.0761903747916221,-0.1154762655496597,0.2059339880943298
2026-09-17T07:24:41.480851,1789629881480851000,25.270850830078125,0.0264915283769369,-0.1944866627454757,0.1580407619476318
2026-09-17T07:24:41.490811,1789629881490811000,25.280810791015625,-0.0314790979027748,-0.2600267827510834,0.1215248331427574
2026-09-17T07:24:41.500769,1789629881500769800,25.290769775390626,-0.0952066779136657,-0.2898150384426117,0.1095110476016998
2026-09-17T07:24:41.510730,1789629881510730000,25.30072998046875,-0.1793039739131927,-0.2965089082717895,0.1230247244238853
2026-09-17T07:24:41.520690,1789629881520690000,25.31068994140625,-0.2737385928630829,-0.3161012530326843,0.1489311605691909
2026-09-17T07:24:41.530649,1789629881530649900,25.32064990234375,-0.3614716529846191,-0.2444462329149246,0.1855008900165558
2026-09-17T07:24:41.540608,1789629881540608800,25.33060888671875,-0.4024057686328888,-0.0671494752168655,0.2392618507146835
2026-09-17T07:24:41.550569,1789629881550569000,25.34056884765625,-0.3903120756149292,0.1384961009025573,0.2800297737121582
2026-09-17T07:24:41.560529,1789629881560529000,25.35052880859375,-0.3199178278446197,0.309743732213974,0.306044340133667
2026-09-17T07:24:41.570488,1789629881570488000,25.360488037109373,-0.1941444426774978,0.4269891381263733,0.3257666528224945
2026-09-17T07:24:41.580448,1789629881580448000,25.37044799804687,-0.0426023229956626,0.4723129570484161,0.3440423309803009
2026-09-17T07:24:41.590408,1789629881590408000,25.380407958984375,0.0866432785987854,0.4136903882026672,0.3655015528202057
2026-09-17T07:24:41.600367,1789629881600367000,25.3903671875,0.1487282216548919,0.2676620781421661,0.3781640827655792
2026-09-17T07:24:41.610327,1789629881610327000,25.4003271484375,0.130883440375328,0.0777712240815162,0.3732430934906006
2026-09-17T07:24:41.620287,1789629881620287000,25.410286865234376,0.0465595126152038,-0.0726345255970954,0.3486698269844055
2026-09-17T07:24:41.630246,1789629881630246000,25.420245849609376,-0.071077637374401,-0.1467665433883667,0.3136298358440399
2026-09-17T07:24:41.640205,1789629881640205800,25.430205810546877,-0.1964315623044967,-0.1418404877185821,0.2829648554325104
2026-09-17T07:24:41.650166,1789629881650166000,25.440166015625,-0.2983856201171875,-0.0937163680791854,0.2556656002998352
2026-09-17T07:24:41.660126,1789629881660126000,25.4501259765625,-0.3544528782367706,-0.0270428024232387,0.2270187735557556
2026-09-17T07:24:41.670084,1789629881670084900,25.4600849609375,-0.3607190549373626,0.0352495983242988,0.2018359154462814
2026-09-17T07:24:41.680044,1789629881680044800,25.470044921875,-0.3369646966457367,0.0997271239757537,0.1811114698648452
2026-09-17T07:24:41.690005,1789629881690005000,25.4800048828125,-0.3029271066188812,0.1575020104646682,0.1630597561597824
2026-09-17T07:24:41.699964,1789629881699964200,25.489964111328124,-0.2823659181594848,0.1671871244907379,0.1381072700023651
2026-09-17T07:24:41.709924,1789629881709924000,25.499924072265625,-0.2810023725032806,0.1401861310005188,0.1137731671333313
2026-09-17T07:24:41.719884,1789629881719884000,25.509884033203125,-0.2851382493972778,0.1092657670378685,0.0998919755220413
2026-09-17T07:24:41.729843,1789629881729843000,25.519843017578125,-0.2849127054214477,0.0702549889683723,0.0841297879815101
2026-09-17T07:24:41.739803,1789629881739803000,25.529802978515622,-0.261509358882904,0.0678173974156379,0.0768223404884338
2026-09-17T07:24:41.749763,1789629881749763000,25.53976318359375,-0.2067723572254181,0.1162435188889503,0.0820719674229621
2026-09-17T07:24:41.759722,1789629881759722000,25.549721923828123,-0.1212483942508697,0.1996867507696151,0.1025154590606689
2026-09-17T07:24:41.769682,1789629881769682000,25.559681884765624,-0.0085255773738026,0.3172288239002228,0.142913743853569
2026-09-17T07:24:41.779641,1789629881779641900,25.569641845703124,0.1195056214928627,0.421296626329422,0.1941239386796951
2026-09-17T07:24:41.789600,1789629881789600800,25.579600830078125,0.2406269907951355,0.469596803188324,0.2503845393657684
2026-09-17T07:24:41.799561,1789629881799561000,25.58956103515625,0.3409402668476105,0.4561624825000763,0.3004612922668457
2026-09-17T07:24:41.809521,1789629881809521000,25.59952099609375,0.4069363474845886,0.3989686965942383,0.3377657830715179
2026-09-17T07:24:41.819480,1789629881819480800,25.609480712890623,0.4397254288196563,0.3238201439380646,0.3643026053905487
2026-09-17T07:24:41.829440,1789629881829440000,25.61943994140625,0.4432482719421386,0.21549953520298,0.3626772761344909
2026-09-17T07:24:41.839400,1789629881839400000,25.62939990234375,0.4156270325183868,0.1117662116885185,0.3061391413211822
2026-09-17T07:24:41.849360,1789629881849360000,25.63935986328125,0.3643936812877655,0.0147150298580527,0.2209784537553787
2026-09-17T07:24:41.859319,1789629881859319000,25.649319091796876,0.2830303609371185,-0.0811824724078178,0.1138831600546836
2026-09-17T07:24:41.869279,1789629881869279000,25.659279052734377,0.1889456808567047,-0.1501562148332595,0.005241101142019
2026-09-17T07:24:41.879239,1789629881879239000,25.669239013671874,0.1138195097446441,-0.1826901882886886,-0.0791933536529541
2026-09-17T07:24:41.889198,1789629881889198000,25.67919799804687,0.0753541439771652,-0.1749622225761413,-0.1367698311805725
2026-09-17T07:24:41.899158,1789629881899158000,25.689157958984374,0.0944157168269157,-0.1137220412492752,-0.1797860115766525
2026-09-17T07:24:41.909118,1789629881909118000,25.699117919921875,0.1628001034259796,-0.0147690922021865,-0.2082954198122024
2026-09-17T07:24:41.919076,1789629881919076900,25.709076904296875,0.233507826924324,0.0372522957623004,-0.245218813419342
2026-09-17T07:24:41.929036,1789629881929036800,25.719036865234376,0.2684892416000366,0.022325811907649,-0.2855087220668793
2026-09-17T07:24:41.938997,1789629881938997000,25.7289970703125,0.2681068181991577,-0.0043585295788943,-0.3054262399673462
2026-09-17T07:24:41.948957,1789629881948957000,25.73895703125,0.2359901666641235,-0.0382448583841323,-0.2988048195838928
2026-09-17T07:24:41.958915,1789629881958915800,25.748915771484373,0.1856513619422912,-0.0973377376794815,-0.3051319420337677
2026-09-17T07:24:41.968875,1789629881968875800,25.75887573242187,0.1384609341621399,-0.1557669639587402,-0.3149004280567169
2026-09-17T07:24:41.978836,1789629881978836000,25.7688359375,0.1134173721075058,-0.2004324346780777,-0.3227199912071228
2026-09-17T07:24:41.988795,1789629881988795100,25.778795166015627,0.1233887821435928,-0.2012950330972671,-0.3263839781284332
2026-09-17T07:24:41.998755,1789629881998755000,25.788755126953124,0.1579198539257049,-0.1603702306747436,-0.3064233064651489
2026-09-17T07:24:42.008715,1789629882008715000,25.798715087890624,0.1994670331478119,-0.1187468916177749,-0.2705409526824951
2026-09-17T07:24:42.018674,1789629882018674000,25.808673828125,0.2232988625764846,-0.0601107403635978,-0.2204583436250686
2026-09-17T07:24:42.028633,1789629882028633900,25.8186337890625,0.2122669816017151,0.013105415739119,-0.1597904562950134
2026-09-17T07:24:42.038594,1789629882038594000,25.828593994140626,0.1662214696407318,0.0835857093334198,-0.0855045169591903
2026-09-17T07:24:42.048554,1789629882048554000,25.83855395507813,0.0934457927942276,0.1356861889362335,-0.0169267859309911
2026-09-17T07:24:42.058513,1789629882058513000,25.848512939453126,0.0150380712002515,0.1748242676258087,0.0322069376707077
2026-09-17T07:24:42.068472,1789629882068472800,25.858472900390623,-0.0662653073668479,0.2028452605009079,0.0399652607738971
2026-09-17T07:24:42.078433,1789629882078433000,25.86843310546875,-0.1593819409608841,0.2041344940662384,0.0069303442724049
2026-09-17T07:24:42.088392,1789629882088392000,25.878391845703124,-0.2636430859565735,0.1964565962553024,-0.0652636885643005
2026-09-17T07:24:42.098351,1789629882098351900,25.888351806640625,-0.3776357173919678,0.1664238721132278,-0.1638339459896087
2026-09-17T07:24:42.108311,1789629882108311800,25.898311767578125,-0.5047369599342346,0.1189847066998481,-0.2694844603538513
2026-09-17T07:24:42.118271,1789629882118271000,25.90827099609375,-0.6095861196517944,0.1030872389674186,-0.3403543829917907
2026-09-17T07:24:42.128231,1789629882128231200,25.91823120117187,-0.6475412249565125,0.1373999416828155,-0.3276391327381134
2026-09-17T07:24:42.138191,1789629882138191000,25.928191162109375,-0.589298665523529,0.2320047318935394,-0.2312105894088745
2026-09-17T07:24:42.148150,1789629882148150000,25.93814990234375,-0.4298299252986908,0.3190259337425232,-0.072754368185997
2026-09-17T07:24:42.158110,1789629882158110000,25.94810986328125,-0.1891163885593414,0.3574854433536529,0.1190656721591949
2026-09-17T07:24:42.168070,1789629882168070000,25.95806982421875,0.0941440761089325,0.3303781747817993,0.3068605959415436
2026-09-17T07:24:42.178030,1789629882178030000,25.968030029296877,0.3608524799346924,0.2552213668823242,0.4565542340278625
2026-09-17T07:24:42.187989,1789629882187989000,25.977989013671873,0.564037024974823,0.1308016926050186,0.538258969783783
2026-09-17T07:24:42.197949,1789629882197949000,25.987948974609377,0.6941620111465454,-0.0448761284351348,0.553735613822937
2026-09-17T07:24:42.207908,1789629882207908900,25.99790893554687,0.7537848353385925,-0.1964664459228515,0.5163413882255554
2026-09-17T07:24:42.217867,1789629882217867800,26.00786767578125,0.7511307597160339,-0.3133480548858642,0.4315924048423767
2026-09-17T07:24:42.227828,1789629882227828000,26.017827880859375,0.6883256435394287,-0.3880228400230407,0.3155888617038727
2026-09-17T07:24:42.237787,1789629882237787600,26.02778759765625,0.5661060214042664,-0.4051656126976013,0.1800438016653061
2026-09-17T07:24:42.247746,1789629882247746800,26.037746826171876,0.3840200901031494,-0.3722206950187683,0.0256129521876573
2026-09-17T07:24:42.257707,1789629882257707000,26.04770703125,0.1653870940208435,-0.2884842455387115,-0.1252556592226028
2026-09-17T07:24:42.267667,1789629882267667000,26.0576669921875,-0.0490674115717411,-0.1777303218841552,-0.2617029845714569
2026-09-17T07:24:42.277625,1789629882277625900,26.0676259765625,-0.2135527580976486,-0.0415327958762645,-0.3828075528144836
2026-09-17T07:24:42.287585,1789629882287585800,26.077585693359374,-0.3135070502758026,0.1011758893728256,-0.476363867521286
2026-09-17T07:24:42.297545,1789629882297545700,26.087545654296875,-0.3692851066589355,0.1977676749229431,-0.5466095209121704
2026-09-17T07:24:42.307505,1789629882307505000,26.0975048828125,-0.3906801342964172,0.2342103719711303,-0.5774508118629456
2026-09-17T07:24:42.317464,1789629882317464800,26.10746484375,-0.3810322880744934,0.2015022188425064,-0.5783360600471497
2026-09-17T07:24:42.327424,1789629882327424800,26.1174248046875,-0.3590931892395019,0.1138970106840133,-0.5583348870277405
2026-09-17T07:24:42.337384,1789629882337384700,26.127384765625,-0.3224896192550659,0.0048924931325018,-0.5177398324012756
2026-09-17T07:24:42.347343,1789629882347343600,26.137343505859373,-0.2719212472438812,-0.112294316291809,-0.4580535888671875
2026-09-17T07:24:42.357303,1789629882357303800,26.1473037109375,-0.2112123817205429,-0.1820651441812515,-0.3795321583747864
2026-09-17T07:24:42.367263,1789629882367263700,26.157263671875,-0.1522747576236724,-0.1788429766893386,-0.2969528436660766
2026-09-17T07:24:42.377222,1789629882377222700,26.16722265625,-0.0883935093879699,-0.102117583155632,-0.2167938351631164
2026-09-17T07:24:42.387182,1789629882387182600,26.1771826171875,-0.0268369410187006,0.0281163230538368,-0.1538886278867721
2026-09-17T07:24:42.397142,1789629882397142800,26.187142822265624,0.0202189851552248,0.1318325996398925,-0.116373211145401
2026-09-17T07:24:42.407102,1789629882407102000,26.19710205078125,0.0353579893708229,0.182807371020317,-0.0981750339269638
2026-09-17T07:24:42.417062,1789629882417062000,26.207061767578125,0.0238366238772869,0.1943785399198532,-0.0908489450812339
2026-09-17T07:24:42.427021,1789629882427021800,26.217021728515626,0.0088321072980761,0.1439174860715866,-0.0647489055991172
2026-09-17T07:24:42.436981,1789629882436981800,26.22698168945313,0.0125834364444017,0.0613752081990242,-0.0048895636573433
2026-09-17T07:24:42.446941,1789629882446941000,26.23694091796875,0.0774367377161979,0.0414068289101123,0.0838219299912452
2026-09-17T07:24:42.456900,1789629882456900900,26.24690087890625,0.1651013344526291,0.0784681737422943,0.1659237295389175
2026-09-17T07:24:42.466860,1789629882466860800,26.25686083984375,0.240177184343338,0.1175868138670921,0.2192628383636474
2026-09-17T07:24:42.476819,1789629882476819700,26.26681982421875,0.2733186185359955,0.1368718296289444,0.2469919472932815
2026-09-17T07:24:42.486779,1789629882486779600,26.276779541015625,0.2582712173461914,0.1165239512920379,0.2478353679180145
2026-09-17T07:24:42.496739,1789629882496739800,26.28673974609375,0.2081079334020614,0.0495912544429302,0.2300411909818649
2026-09-17T07:24:42.506698,1789629882506698800,26.29669873046875,0.1433875262737274,-0.0350788906216621,0.2124307751655578
2026-09-17T07:24:42.516658,1789629882516658700,26.30665869140625,0.0937531217932701,-0.0862379521131515,0.2134374529123306
2026-09-17T07:24:42.526618,1789629882526618600,26.31661865234375,0.0618947930634021,-0.1194603517651557,0.2332809269428253
2026-09-17T07:24:42.536577,1789629882536577800,26.326577880859375,0.0351350829005241,-0.1572258323431015,0.2559228539466858
2026-09-17T07:24:42.546538,1789629882546538000,26.3365380859375,0.0135725336149334,-0.1787042319774627,0.2795048654079437
2026-09-17T07:24:42.556498,1789629882556498000,26.346497802734376,-0.0072792181745171,-0.1886849552392959,0.305518090724945
2026-09-17T07:24:42.566456,1789629882566456800,26.356456787109376,-0.0302652269601821,-0.1810105293989181,0.3197100758552551
2026-09-17T07:24:42.576416,1789629882576416800,26.366416748046873,-0.0355468094348907,-0.1433425098657608,0.3126060962677002
2026-09-17T07:24:42.586376,1789629882586376700,26.376376708984377,-0.0039966059848666,-0.0336873903870582,0.310370922088623
2026-09-17T07:24:42.596337,1789629882596337000,26.3863369140625,0.0629153177142143,0.0930764153599739,0.3236520886421203
2026-09-17T07:24:42.606295,1789629882606295800,26.3962958984375,0.1366108357906341,0.1600884646177292,0.3439054489135742
2026-09-17T07:24:42.616255,1789629882616255700,26.406255859375,0.1875139772891998,0.1349804550409317,0.347552627325058
2026-09-17T07:24:42.626215,1789629882626215700,26.416215576171876,0.1748967170715332,0.0574931204319,0.3232443630695343
2026-09-17T07:24:42.636174,1789629882636174600,26.426174560546876,0.0671912878751754,-0.0768154188990593,0.2737399339675903
2026-09-17T07:24:42.646134,1789629882646134800,26.436134765625,-0.102199874818325,-0.2168289870023727,0.2048823088407516
2026-09-17T07:24:42.656094,1789629882656094700,26.4460947265625,-0.2734059691429138,-0.3359836041927337,0.1657700538635254
2026-09-17T07:24:42.666054,1789629882666054000,26.45605395507813,-0.3957683742046356,-0.4019293189048767,0.1865413784980774
2026-09-17T07:24:42.676013,1789629882676013800,26.466013916015623,-0.4718386530876159,-0.4272203147411346,0.23279570043087
2026-09-17T07:24:42.685973,1789629882685973800,26.475973876953127,-0.4916975498199463,-0.4045197963714599,0.2687403857707977
2026-09-17T07:24:42.695933,1789629882695933000,26.485932861328124,-0.4671655893325805,-0.3012112379074096,0.2917967140674591
2026-09-17T07:24:42.705892,1789629882705892900,26.495892822265624,-0.4297929108142853,-0.1290426701307296,0.2895609736442566
2026-09-17T07:24:42.715852,1789629882715852800,26.505852783203125,-0.378327876329422,0.0344250835478305,0.2607951164245605
2026-09-17T07:24:42.725812,1789629882725812700,26.515812744140625,-0.3227314352989197,0.1844715774059295,0.2188215553760528
2026-09-17T07:24:42.735772,1789629882735772000,26.52577197265625,-0.2824926674365997,0.2838633954524994,0.1753180176019668
2026-09-17T07:24:42.745731,1789629882745731800,26.53573193359375,-0.2517142593860626,0.2894619107246399,0.1723869442939758
2026-09-17T07:24:42.755691,1789629882755691800,26.54569189453125,-0.2253827899694442,0.2342841327190399,0.2245790511369705
2026-09-17T07:24:42.765650,1789629882765650700,26.555650634765627,-0.1857381761074066,0.1642227619886398,0.3134995996952057
2026-09-17T07:24:42.775610,1789629882775610600,26.565610595703124,-0.1278256028890609,0.1055482625961303,0.3982224762439728
2026-09-17T07:24:42.785570,1789629882785570800,26.57557080078125,-0.0714424923062324,0.0358890257775783,0.434000700712204
2026-09-17T07:24:42.795529,1789629882795529700,26.58552978515625,-0.0267402678728103,-0.0279434844851493,0.4235600531101227
2026-09-17T07:24:42.805489,1789629882805489700,26.59548974609375,-0.0098206726834177,-0.0894366726279258,0.37283456325531
2026-09-17T07:24:42.815449,1789629882815449600,26.60544970703125,-0.0551530010998249,-0.1514568924903869,0.2880432307720184
2026-09-17T07:24:42.825408,1789629882825408800,26.61540869140625,-0.1676923334598541,-0.2058663517236709,0.1915664970874786
2026-09-17T07:24:42.835369,1789629882835369000,26.625368896484375,-0.3059415519237518,-0.234014093875885,0.1053788885474205
2026-09-17T07:24:42.845329,1789629882845329000,26.635328857421875,-0.4085946977138519,-0.2082397490739822,0.049648780375719
2026-09-17T07:24:42.855288,1789629882855288800,26.645288818359376,-0.4318922758102417,-0.1129041835665702,0.0270835496485233
2026-09-17T07:24:42.865247,1789629882865247700,26.655247802734376,-0.37519171833992,0.0130966268479824,0.0167912300676107
2026-09-17T07:24:42.875208,1789629882875208000,26.6652080078125,-0.2660316824913025,0.1220452114939689,0.0341084338724613
2026-09-17T07:24:42.885167,1789629882885167900,26.67516796875,-0.1428247988224029,0.184326171875,0.0695844069123268
2026-09-17T07:24:42.895126,1789629882895126800,26.685126708984377,-0.0430369488894939,0.1863709390163421,0.1073669344186782
2026-09-17T07:24:42.905086,1789629882905086700,26.69508666992187,0.0218248721212148,0.1489535272121429,0.1318187564611435
2026-09-17T07:24:42.915046,1789629882915046700,26.705046630859375,0.0596177913248539,0.1127265468239784,0.1458022147417068
2026-09-17T07:24:42.925005,1789629882925005600,26.715005615234375,0.070294938981533,0.0730449184775352,0.1412042677402496
2026-09-17T07:24:42.934965,1789629882934965800,26.7249658203125,0.041981004178524,0.0304247513413429,0.1154416427016258
2026-09-17T07:24:42.944925,1789629882944925700,26.73492578125,-0.0087476847693324,0.0103727458044886,0.0841066241264343
2026-09-17T07:24:42.954884,1789629882954884900,26.744884765625,-0.0596289746463298,-0.0057532270438969,0.0610726736485958
2026-09-17T07:24:42.964844,1789629882964844800,26.7548447265625,-0.0963004380464553,-0.0345824770629406,0.0425613075494766
2026-09-17T07:24:42.974805,1789629882974805000,26.764804931640622,-0.0882632806897163,-0.023021163418889,0.0421024449169635
2026-09-17T07:24:42.984765,1789629882984765000,26.774764892578126,-0.026070749387145,0.0493473075330257,0.0719998925924301
2026-09-17T07:24:42.994723,1789629882994723800,26.784723876953127,0.074527233839035,0.1221219152212143,0.1136586517095565
2026-09-17T07:24:43.004683,1789629883004683800,26.794683837890624,0.1855080723762512,0.1834350675344467,0.1450144499540329
2026-09-17T07:24:43.014643,1789629883014643700,26.804643798828124,0.2809200882911682,0.2074716985225677,0.1617239117622375
2026-09-17T07:24:43.024603,1789629883024603000,26.814602783203124,0.3565685153007507,0.2095974385738372,0.1672963201999664
2026-09-17T07:24:43.034562,1789629883034562800,26.824562744140625,0.4004121124744415,0.2006907612085342,0.1610669195652008
2026-09-17T07:24:43.044522,1789629883044522800,26.834522705078125,0.3982709348201751,0.1261281073093414,0.1213461384177208
2026-09-17T07:24:43.054481,1789629883054481700,26.84448168945313,0.3546161353588104,0.0147861363366246,0.0588539950549602
2026-09-17T07:24:43.064441,1789629883064441600,26.854441650390623,0.2752552628517151,-0.0961076244711875,0.0053769219666719
2026-09-17T07:24:43.074401,1789629883074401800,26.86440185546875,0.1750141531229019,-0.2343307435512542,-0.0415112227201461
2026-09-17T07:24:43.084361,1789629883084361000,26.87436083984375,0.0710363611578941,-0.3394821882247925,-0.0900454670190811
2026-09-17T07:24:43.094321,1789629883094321000,26.88432080078125,-0.0154378125444054,-0.3641321361064911,-0.1433755308389663
2026-09-17T07:24:43.104280,1789629883104280800,26.89428076171875,-0.0560781843960285,-0.3219450116157532,-0.1828270703554153
2026-09-17T07:24:43.114240,1789629883114240800,26.90424072265625,-0.0467123761773109,-0.2205062806606292,-0.1894077509641647
2026-09-17T07:24:43.124200,1789629883124200000,26.914199951171874,-0.0147722885012626,-0.1163146272301673,-0.1799929440021515
2026-09-17T07:24:43.134160,1789629883134160000,26.924159912109378,0.0211934354156255,-0.072217471897602,-0.1556378006935119
2026-09-17T07:24:43.144119,1789629883144119800,26.934119873046875,0.0468508638441562,-0.1083387210965156,-0.1233168765902519
2026-09-17T07:24:43.154078,1789629883154078700,26.94407861328125,0.0548400804400444,-0.1951953321695327,-0.1028827056288719
2026-09-17T07:24:43.164039,1789629883164039000,26.954038818359376,0.0407178699970245,-0.3018980622291565,-0.1058345511555671
2026-09-17T07:24:43.173998,1789629883173998800,26.963998779296876,0.0173217318952083,-0.4011663198471069,-0.115818478167057
2026-09-17T07:24:43.183957,1789629883183957800,26.973957763671876,0.0121077951043844,-0.457940399646759,-0.1120016351342201
2026-09-17T07:24:43.193917,1789629883193917700,26.983917724609373,0.0313059911131858,-0.4544743001461029,-0.0937251597642898
2026-09-17T07:24:43.203877,1789629883203877600,26.99387768554687,0.0652690157294273,-0.3988387286663055,-0.0712432861328125
2026-09-17T07:24:43.213837,1789629883213837800,27.003837890625,0.0959864482283592,-0.3538792431354522,-0.0614830665290355
2026-09-17T07:24:43.223796,1789629883223796700,27.013796630859375,0.1130719631910324,-0.3304484784603119,-0.0653465166687965
2026-09-17T07:24:43.233756,1789629883233756700,27.023756591796875,0.0958815217018127,-0.2909998893737793,-0.0952554121613502
2026-09-17T07:24:43.243716,1789629883243716600,27.033716552734376,0.0392800271511077,-0.2360085397958755,-0.1286668926477432
2026-09-17T07:24:43.253675,1789629883253675800,27.04367578125,-0.0448388457298278,-0.1815785765647888,-0.1688670516014099
2026-09-17T07:24:43.263635,1789629883263635700,27.0536357421875,-0.1323436647653579,-0.1057362854480743,-0.2073465287685394
2026-09-17T07:24:43.273595,1789629883273595600,27.063595703125,-0.1868519037961959,0.0268678329885005,-0.2275412827730178
2026-09-17T07:24:43.283554,1789629883283554600,27.073554443359377,-0.2026029080152511,0.1865797340869903,-0.2386631667613983
2026-09-17T07:24:43.293514,1789629883293514800,27.0835146484375,-0.1921902149915695,0.3108888864517212,-0.2477743774652481
2026-09-17T07:24:43.303474,1789629883303474700,27.093474609375,-0.1794805377721786,0.3772173225879669,-0.2586861550807953
2026-09-17T07:24:43.313433,1789629883313433600,27.10343359375,-0.1827967166900634,0.4056470990180969,-0.2554543912410736
2026-09-17T07:24:43.323393,1789629883323393500,27.1133935546875,-0.1938229948282241,0.4045980870723724,-0.2375600934028625
2026-09-17T07:24:43.333353,1789629883333353700,27.123353759765624,-0.2034868150949478,0.3927560746669769,-0.2099662870168686
2026-09-17T07:24:43.343312,1789629883343312600,27.133312744140625,-0.2098467051982879,0.3934548795223236,-0.1864271312952041
2026-09-17T07:24:43.353272,1789629883353272600,27.1432724609375,-0.2149019241333007,0.423572301864624,-0.1587073504924774
2026-09-17T07:24:43.363232,1789629883363232500,27.153232421875,-0.2191190272569656,0.4902211129665375,-0.121891014277935
2026-09-17T07:24:43.373192,1789629883373192400,27.1631923828125,-0.2247188687324524,0.5518946051597595,-0.0707314237952232
2026-09-17T07:24:43.383151,1789629883383151900,27.17315185546875,-0.2474015355110168,0.6127177476882935,-0.025323998183012
2026-09-17T07:24:43.393111,1789629883393111800,27.18311181640625,-0.3023790419101715,0.6233197450637817,-0.0103969806805253
2026-09-17T07:24:43.403071,1789629883403071700,27.19307177734375,-0.396304726600647,0.5381457805633545,-0.0402406305074691
2026-09-17T07:24:43.413030,1789629883413030700,27.20303076171875,-0.5148369669914246,0.3916500508785248,-0.120560236275196
2026-09-17T07:24:43.422990,1789629883422990600,27.212990478515625,-0.6279049515724182,0.2085276395082473,-0.2267282158136367
2026-09-17T07:24:43.432950,1789629883432950800,27.22295068359375,-0.6939071416854858,0.0426007248461246,-0.3230329155921936
2026-09-17T07:24:43.442909,1789629883442909700,27.23290966796875,-0.673427164554596,-0.0254283938556909,-0.3672797381877899
2026-09-17T07:24:43.452869,1789629883452869600,27.24286962890625,-0.5542719960212708,0.0138854552060365,-0.3496709167957306
2026-09-17T07:24:43.462829,1789629883462829600,27.25282958984375,-0.3453259766101837,0.114836573600769,-0.2887135446071625
2026-09-17T07:24:43.472788,1789629883472788500,27.26278857421875,-0.0808828622102737,0.2371619492769241,-0.2078855484724044
2026-09-17T07:24:43.482748,1789629883482748700,27.272748779296876,0.1729435473680496,0.3371143937110901,-0.1113246604800224
2026-09-17T07:24:43.492708,1789629883492708600,27.28270849609375,0.3523798882961273,0.3599211573600769,-0.0175997670739889
2026-09-17T07:24:43.502668,1789629883502668500,27.29266845703125,0.4294616281986236,0.3070566058158874,0.0357420183718204
2026-09-17T07:24:43.512627,1789629883512627700,27.302627685546874,0.4118961989879608,0.2209856361150741,0.0509904809296131
2026-09-17T07:24:43.522588,1789629883522588000,27.312587890625,0.3311465084552765,0.1223291084170341,0.0420960560441017
2026-09-17T07:24:43.532547,1789629883532547800,27.3225478515625,0.2094794511795044,0.0060288640670478,0.002469282830134
2026-09-17T07:24:43.542506,1789629883542506800,27.3325068359375,0.0852054432034492,-0.0938436686992645,-0.0540770851075649
2026-09-17T07:24:43.552466,1789629883552466700,27.342466796875,-0.0056717339903116,-0.1715334057807922,-0.0979044586420059
2026-09-17T07:24:43.562426,1789629883562426600,27.352426513671876,-0.0611906535923481,-0.2421143651008606,-0.1322469860315323
2026-09-17T07:24:43.572385,1789629883572385500,27.362385498046876,-0.0898830145597457,-0.3056097030639648,-0.1561997234821319
2026-09-17T07:24:43.582345,1789629883582345700,27.372345703125,-0.0975537225604057,-0.3782359957695007,-0.1720793545246124
2026-09-17T07:24:43.592305,1789629883592305700,27.3823056640625,-0.0843625515699386,-0.4326265156269073,-0.1879533976316452
2026-09-17T07:24:43.602264,1789629883602264600,27.3922646484375,-0.040011066943407,-0.4624842703342438,-0.2042479366064071
2026-09-17T07:24:43.612224,1789629883612224500,27.402224609375,0.0328490249812603,-0.44998899102211,-0.2166430950164795
2026-09-17T07:24:43.622184,1789629883622184700,27.412184814453123,0.1134818196296691,-0.4041200578212738,-0.2170827835798263
2026-09-17T07:24:43.632144,1789629883632144600,27.42214453125,0.1704023629426956,-0.3345052897930145,-0.1824228018522262
2026-09-17T07:24:43.642103,1789629883642103600,27.432103515625,0.2081377506256103,-0.2209859043359756,-0.1073701307177543
2026-09-17T07:24:43.652063,1789629883652063500,27.4420634765625,0.2211752533912658,-0.0857508555054664,-0.0219569634646177
2026-09-17T07:24:43.662023,1789629883662023400,27.4520234375,0.2290566265583038,0.0198064614087343,0.0474101267755031
2026-09-17T07:24:43.671982,1789629883671982800,27.46198291015625,0.2554616034030914,0.0868478119373321,0.0955837815999984
2026-09-17T07:24:43.681942,1789629883681942800,27.47194287109375,0.2953898310661316,0.0949012115597724,0.1162861287593841
2026-09-17T07:24:43.691902,1789629883691902700,27.48190283203125,0.3310636878013611,0.0369279235601425,0.1183724477887153
2026-09-17T07:24:43.701861,1789629883701861600,27.491861572265623,0.3382430374622345,-0.0588300265371799,0.1092734932899475
2026-09-17T07:24:43.711821,1789629883711821600,27.501821533203124,0.3070496916770935,-0.1779534816741943,0.0911994203925132
2026-09-17T07:24:43.721781,1789629883721781800,27.51178173828125,0.2334969043731689,-0.2959890365600586,0.0572299994528293
2026-09-17T07:24:43.731740,1789629883731740700,27.52174072265625,0.1336217075586319,-0.3786919116973877,0.0161297004669904
2026-09-17T07:24:43.741700,1789629883741700600,27.53170068359375,0.0498887300491333,-0.4424221515655517,-0.0135200694203376
2026-09-17T07:24:43.751660,1789629883751660500,27.54166064453125,0.0349856801331043,-0.390021800994873,-0.0323014818131923
2026-09-17T07:24:43.761620,1789629883761620700,27.551620849609375,0.0921142175793647,-0.2186471223831176,-0.0380927920341491
2026-09-17T07:24:43.771579,1789629883771579600,27.56157958984375,0.1985719501972198,-0.0619376711547374,-0.036346822977066
2026-09-17T07:24:43.781539,1789629883781539600,27.57153955078125,0.306636095046997,0.0378403216600418,-0.0282055381685495
2026-09-17T07:24:43.791499,1789629883791499500,27.58149951171875,0.3588311374187469,0.084299698472023,-0.0298553667962551
2026-09-17T07:24:43.801458,1789629883801458700,27.591458740234376,0.3096182942390442,0.0492450445890426,-0.0526581518352031
2026-09-17T07:24:43.811419,1789629883811419000,27.6014189453125,0.1601864695549011,-0.0478801727294921,-0.087305873632431
2026-09-17T07:24:43.821378,1789629883821378800,27.61137890625,-0.0444122068583965,-0.1824992448091507,-0.1166816055774688
2026-09-17T07:24:43.831337,1789629883831337700,27.621337646484378,-0.2789251208305359,-0.3472285270690918,-0.1327724307775497
2026-09-17T07:24:43.841297,1789629883841297700,27.631297607421875,-0.4959599673748016,-0.507476270198822,-0.1413821578025818
2026-09-17T07:24:43.851257,1789629883851257600,27.641257568359375,-0.6490269899368286,-0.5825004577636719,-0.1415773779153823
2026-09-17T07:24:43.861216,1789629883861216500,27.651216552734375,-0.7111929059028625,-0.507851243019104,-0.1325356662273407
2026-09-17T07:24:43.871176,1789629883871176700,27.6611767578125,-0.671638548374176,-0.2808601558208465,-0.1082963794469833
2026-09-17T07:24:43.881136,1789629883881136600,27.67113671875,-0.5342564582824707,0.0724374502897262,-0.0535521730780601
2026-09-17T07:24:43.891096,1789629883891096600,27.6810966796875,-0.3428846597671509,0.4341858029365539,0.034267958253622
2026-09-17T07:24:43.901055,1789629883901055500,27.691055419921874,-0.1416090577840805,0.701593816280365,0.1379964798688888
2026-09-17T07:24:43.911015,1789629883911015700,27.701015625,0.0291392430663108,0.8273594379425049,0.2272960096597671
2026-09-17T07:24:43.920975,1789629883920975600,27.7109755859375,0.1464006155729293,0.8424707651138306,0.3071519434452057
2026-09-17T07:24:43.930934,1789629883930934800,27.720934814453123,0.2176705449819564,0.7094644904136658,0.3667143583297729
2026-09-17T07:24:43.940894,1789629883940894700,27.730894775390624,0.270700991153717,0.494553804397583,0.3969982266426086
2026-09-17T07:24:43.950854,1789629883950854700,27.740854736328124,0.3230502307415008,0.2741362154483795,0.4020577073097229
2026-09-17T07:24:43.960813,1789629883960813800,27.750813720703125,0.3689223825931549,0.0905815660953521,0.381733775138855
2026-09-17T07:24:43.970773,1789629883970773800,27.760773681640625,0.3978986442089081,-0.0499784797430038,0.3436526954174042
2026-09-17T07:24:43.980733,1789629883980733700,27.77073364257813,0.3839298188686371,-0.1771326959133148,0.2840673923492431
2026-09-17T07:24:43.990692,1789629883990692600,27.78069262695313,0.317473828792572,-0.2753207981586456,0.2119924128055572
2026-09-17T07:24:44.000652,1789629884000652500,27.790652587890627,0.1861498951911926,-0.3298873603343963,0.1406971961259842
2026-09-17T07:24:44.010612,1789629884010612700,27.80061279296875,0.000916393706575,-0.3355929255485534,0.0768947824835777
2026-09-17T07:24:44.020572,1789629884020572700,27.81057275390625,-0.2043371647596359,-0.2957147359848022,0.0335078909993171
2026-09-17T07:24:44.030531,1789629884030531600,27.820531494140624,-0.3918327391147613,-0.2093079537153244,0.0151041178032755
2026-09-17T07:24:44.040491,1789629884040491500,27.830491455078125,-0.5250222086906433,-0.0785944089293479,0.0029582392890006
2026-09-17T07:24:44.050451,1789629884050451700,27.84045166015625,-0.5816237330436707,0.0496455840766429,-0.0055540222674608
2026-09-17T07:24:44.060410,1789629884060410600,27.85041064453125,-0.5622308254241943,0.1394433826208114,-0.0115778259932994
2026-09-17T07:24:44.070370,1789629884070370600,27.86037060546875,-0.485545665025711,0.1970595419406891,-0.0061931810341775
2026-09-17T07:24:44.080330,1789629884080330500,27.87033056640625,-0.3574697077274322,0.2069044411182403,0.0201462805271148
2026-09-17T07:24:44.090289,1789629884090289700,27.88028955078125,-0.2017986327409744,0.1762511879205703,0.065695121884346
2026-09-17T07:24:44.100249,1789629884100249900,27.890249755859376,-0.0530352555215358,0.1108005493879318,0.1334936171770095
2026-09-17T07:24:44.110209,1789629884110209800,27.900209716796876,0.0585964694619178,0.0287765208631753,0.2132472991943359
2026-09-17T07:24:44.120168,1789629884120168700,27.910168701171877,0.1194704696536064,-0.0223801396787166,0.275477647781372
2026-09-17T07:24:44.130128,1789629884130128600,27.920128662109377,0.1448083221912384,-0.0429922081530094,0.3086846172809601
2026-09-17T07:24:44.140088,1789629884140088600,27.93008862304687,0.175767034292221,-0.0130369728431105,0.3031335175037384
2026-09-17T07:24:44.150048,1789629884150048800,27.940048828125,0.2105985134840011,0.0760708004236221,0.2647581696510315
2026-09-17T07:24:44.160007,1789629884160007700,27.950007568359375,0.242046982049942,0.1413070559501648,0.1969056129455566
2026-09-17T07:24:44.169967,1789629884169967600,27.959967529296875,0.2286973595619201,0.1326661705970764,0.1167125031352043
2026-09-17T07:24:44.179927,1789629884179927600,27.969927490234376,0.1560710966587066,0.0658405348658561,0.0459970533847808
2026-09-17T07:24:44.189886,1789629884189886500,27.979886474609376,0.0313011966645717,-0.0269495919346809,-0.015295865945518
2026-09-17T07:24:44.199846,1789629884199846700,27.9898466796875,-0.1141907572746276,-0.1182725802063942,-0.0672613307833671
2026-09-17T07:24:44.209806,1789629884209806600,27.999806640625,-0.2353643178939819,-0.1786014288663864,-0.1246796175837516
2026-09-17T07:24:44.219765,1789629884219765800,28.009765869140622,-0.2926062941551208,-0.1788507103919983,-0.1974089443683624
2026-09-17T07:24:44.229725,1789629884229725700,28.0197255859375,-0.2845883071422577,-0.1201058998703956,-0.2691776752471924
2026-09-17T07:24:44.239686,1789629884239686100,28.02968603515625,-0.2149011194705963,-0.0393348895013332,-0.3137224912643432
2026-09-17T07:24:44.249645,1789629884249645300,28.039645263671876,-0.107139766216278,0.0090305125340819,-0.3161566257476806
2026-09-17T07:24:44.259605,1789629884259605200,28.049605224609376,0.0088065406307578,0.0101264035329222,-0.2838399708271026
2026-09-17T07:24:44.269565,1789629884269565200,28.059565185546877,0.1111403703689575,-0.0236030630767345,-0.2356609851121902
2026-09-17T07:24:44.279525,1789629884279525000,28.069525146484377,0.1771276444196701,-0.0752604007720947,-0.1901342570781707
2026-09-17T07:24:44.289484,1789629884289484300,28.079484375,0.2116800248622894,-0.1399429887533188,-0.1611942201852798
2026-09-17T07:24:44.299444,1789629884299444200,28.0894443359375,0.2213907092809677,-0.1599449217319488,-0.1533666551113128
2026-09-17T07:24:44.309404,1789629884309404200,28.099404052734375,0.2227838039398193,-0.1623947620391845,-0.1504925638437271
2026-09-17T07:24:44.319363,1789629884319363000,28.109363037109375,0.2184452563524246,-0.1457569301128387,-0.1465819776058197
2026-09-17T07:24:44.329323,1789629884329323000,28.119322998046876,0.197621464729309,-0.1069506853818893,-0.1380657255649566
2026-09-17T07:24:44.339283,1789629884339283200,28.129283203125,0.1608237624168396,-0.0674461498856544,-0.1187934949994087
2026-09-17T07:24:44.349242,1789629884349242000,28.1392421875,0.1030233204364776,-0.0182338654994964,-0.0894486531615257
2026-09-17T07:24:44.359202,1789629884359202000,28.1492021484375,0.0372570902109146,0.0440681241452693,-0.0574297383427619
2026-09-17T07:24:44.369162,1789629884369162000,28.159161865234378,-0.0140425823628902,0.1104506105184555,-0.0269474610686302
2026-09-17T07:24:44.379121,1789629884379121200,28.16912109375,-0.025145299732685,0.188209593296051,-0.0028474517166614
2026-09-17T07:24:44.389081,1789629884389081300,28.179081298828127,-0.0096891121938824,0.2367451637983322,0.0065865297801792
2026-09-17T07:24:44.399041,1789629884399041300,28.189041259765624,0.0091919004917144,0.2344340682029724,-0.0039643817581236
2026-09-17T07:24:44.409001,1789629884409001200,28.199001220703124,0.0058315237984061,0.1888167858123779,-0.0341992489993572
2026-09-17T07:24:44.418960,1789629884418960100,28.208960205078125,-0.0357811674475669,0.0684584230184555,-0.0908665210008621
2026-09-17T07:24:44.428920,1789629884428920300,28.21892041015625,-0.1027072072029113,-0.0948945507407188,-0.1565272957086563
2026-09-17T07:24:44.438880,1789629884438880300,28.22888037109375,-0.1813658028841018,-0.239596351981163,-0.2093825191259384
2026-09-17T07:24:44.448839,1789629884448839200,28.23883911132813,-0.2470467984676361,-0.2688045501708984,-0.2457596957683563
2026-09-17T07:24:44.458799,1789629884458799000,28.248799072265623,-0.2811227440834045,-0.1915031224489212,-0.2438464909791946
2026-09-17T07:24:44.468759,1789629884468759000,28.258759033203123,-0.2563841044902801,-0.0314862877130508,-0.2091476321220398
2026-09-17T07:24:44.478718,1789629884478718000,28.268718017578124,-0.1883257031440735,0.15483458340168,-0.1522758156061172
2026-09-17T07:24:44.488678,1789629884488678100,28.27867822265625,-0.0999694764614105,0.2628063261508941,-0.0907749086618423
2026-09-17T07:24:44.498638,1789629884498638000,28.28863818359375,0.0155960042029619,0.2947520017623901,-0.0410065539181232
2026-09-17T07:24:44.508597,1789629884508597200,28.29859716796875,0.1432556957006454,0.2820830941200256,0.0005265069194138
2026-09-17T07:24:44.518557,1789629884518557200,28.30855712890625,0.2405686676502227,0.211559385061264,0.0275274980813264
2026-09-17T07:24:44.528517,1789629884528517000,28.31851708984375,0.3067388832569122,0.130418986082077,0.0482958927750587
2026-09-17T07:24:44.538476,1789629884538476300,28.328476318359375,0.3471281230449676,0.0608257986605167,0.0663739666342735
2026-09-17T07:24:44.548436,1789629884548436200,28.338436279296875,0.3734050095081329,0.0175888463854789,0.0876355767250061
2026-09-17T07:24:44.558396,1789629884558396200,28.348396240234376,0.3872044384479522,0.0014551512431353,0.1032377034425735
2026-09-17T07:24:44.568356,1789629884568356400,28.3583564453125,0.3695719242095947,-0.0110297482460737,0.0920393764972686
2026-09-17T07:24:44.578315,1789629884578315300,28.368315185546876,0.3013635873794555,-0.0305086411535739,0.0547423399984836
2026-09-17T07:24:44.588275,1789629884588275200,28.378275146484373,0.1946568340063095,-0.044627122581005,-0.0093098785728216
2026-09-17T07:24:44.598235,1789629884598235100,28.38823510742187,0.0610681474208831,-0.0470082536339759,-0.0998754650354385
2026-09-17T07:24:44.608194,1789629884608194000,28.39819409179687,-0.0873128026723861,-0.0303360670804977,-0.201284646987915
2026-09-17T07:24:44.618154,1789629884618154000,28.408154052734375,-0.2211457043886184,0.0187854059040546,-0.3028450906276703
2026-09-17T07:24:44.628114,1789629884628114200,28.4181142578125,-0.3307347893714905,0.1155140772461891,-0.3912039697170257
2026-09-17T07:24:44.638073,1789629884638073000,28.428072998046876,-0.4004715085029602,0.1962920129299163,-0.4519594609737396
2026-09-17T07:24:44.648033,1789629884648033000,28.438032958984376,-0.4144443273544311,0.2349677681922912,-0.4791546165943146
2026-09-17T07:24:44.657993,1789629884657993000,28.447992919921877,-0.3743056952953338,0.2524445056915283,-0.4617023766040802
2026-09-17T07:24:44.667952,1789629884667952000,28.4579521484375,-0.2720661461353302,0.2451474368572235,-0.4143276810646057
2026-09-17T07:24:44.677912,1789629884677912300,28.467912353515626,-0.1229799836874008,0.2134771198034286,-0.3524198234081268
2026-09-17T07:24:44.687872,1789629884687872300,28.477872314453126,0.0363409630954265,0.1668805927038192,-0.2773261368274688
2026-09-17T07:24:44.697832,1789629884697832200,28.487832275390623,0.1644496619701385,0.1217083260416984,-0.2002894133329391
2026-09-17T07:24:44.707791,1789629884707791000,28.497791015625,0.2537505030632019,0.0973156318068504,-0.1340382248163223
2026-09-17T07:24:44.717751,1789629884717751300,28.507751220703124,0.3027912974357605,0.0988115295767784,-0.0910060703754425
2026-09-17T07:24:44.727711,1789629884727711200,28.517711181640625,0.3098332285881042,0.1157420426607132,-0.0796335786581039
2026-09-17T07:24:44.737670,1789629884737670100,28.527670166015625,0.2857387959957123,0.1389240622520446,-0.0934673696756362
2026-09-17T07:24:44.747630,1789629884747630000,28.537630126953125,0.2372157424688339,0.1358390599489212,-0.1204390600323677
2026-09-17T07:24:44.757590,1789629884757590000,28.547590087890622,0.1568974703550338,0.1041607558727264,-0.1594770103693008
2026-09-17T07:24:44.767549,1789629884767549200,28.557549072265623,0.0596713200211524,0.0112891402095556,-0.1968116015195846
2026-09-17T07:24:44.777509,1789629884777509000,28.567509033203127,-0.0241434201598167,-0.1502281129360199,-0.224368929862976
2026-09-17T07:24:44.787469,1789629884787469000,28.577468994140624,-0.0679889023303985,-0.2749024033546448,-0.2221353352069854
2026-09-17T07:24:44.797428,1789629884797428200,28.58742822265625,-0.06021673604846,-0.2969219386577606,-0.1863666772842407
2026-09-17T07:24:44.807388,1789629884807388200,28.59738818359375,-0.0175243988633155,-0.2738877534866333,-0.1538417637348175
2026-09-17T07:24:44.817348,1789629884817348400,28.607348388671873,0.0403998866677284,-0.2163139283657074,-0.1228790506720542
2026-09-17T07:24:44.827308,1789629884827308300,28.617308349609377,0.0849274098873138,-0.1581635326147079,-0.0969097688794136
2026-09-17T07:24:44.837267,1789629884837267200,28.62726708984375,0.0984520018100738,-0.1194784566760063,-0.0871844366192817
2026-09-17T07:24:44.847227,1789629884847227100,28.63722705078125,0.0900888815522193,-0.1225157976150512,-0.097768634557724
2026-09-17T07:24:44.857187,1789629884857187300,28.647187255859375,0.0831159278750419,-0.1253203749656677,-0.1174485981464386
2026-09-17T07:24:44.867146,1789629884867146200,28.657146240234376,0.084003560245037,-0.1180621907114982,-0.1303641349077224
2026-09-17T07:24:44.877106,1789629884877106200,28.667106201171876,0.0974474623799324,-0.1304235160350799,-0.1324824094772339
2026-09-17T07:24:44.887066,1789629884887066000,28.677066162109377,0.1361855417490005,-0.1942371129989624,-0.1223312392830848
2026-09-17T07:24:44.897025,1789629884897025000,28.68702490234375,0.2053669989109039,-0.3172091245651245,-0.078965924680233
2026-09-17T07:24:44.906985,1789629884906985000,28.69698486328125,0.2973810732364654,-0.3835076987743377,0.0068041100166738
2026-09-17T07:24:44.916945,1789629884916945200,28.706945068359374,0.3908487260341644,-0.3992736339569092,0.1038861870765686
2026-09-17T07:24:44.926904,1789629884926904300,28.716904296875,0.4618129134178161,-0.4138997197151184,0.1944664120674133
2026-09-17T07:24:44.936864,1789629884936864300,28.7268642578125,0.4931947886943817,-0.3966445624828338,0.2622111141681671
2026-09-17T07:24:44.946824,1789629884946824200,28.73682421875,0.4691642820835113,-0.359953373670578,0.2930923402309418
2026-09-17T07:24:44.956783,1789629884956783000,28.746783203125,0.3767600655555725,-0.3260854184627533,0.2802713513374328
2026-09-17T07:24:44.966743,1789629884966743300,28.756743408203125,0.2056700736284256,-0.2845928370952606,0.2158081978559494
2026-09-17T07:24:44.976703,1789629884976703200,28.766703125,-0.0371502973139286,-0.2338830679655075,0.1003660187125206
2026-09-17T07:24:44.986663,1789629884986663200,28.7766630859375,-0.3160735368728637,-0.1712827980518341,-0.0540576428174972
2026-09-17T07:24:44.996622,1789629884996622000,28.7866220703125,-0.5978660583496094,-0.1210963279008865,-0.2104461789131164
2026-09-17T07:24:45.006582,1789629885006582300,28.796582275390627,-0.847449004650116,-0.1097435429692268,-0.3385889828205108
2026-09-17T07:24:45.016542,1789629885016542200,28.806542236328124,-1.0363705158233645,-0.1894037425518036,-0.3999047875404358
2026-09-17T07:24:45.026501,1789629885026501000,28.816501220703124,-1.1388782262802124,-0.3391304016113281,-0.3718470633029938
2026-09-17T07:24:45.036461,1789629885036461000,28.8264609375,-1.12705397605896,-0.4600996971130371,-0.2368136048316955
2026-09-17T07:24:45.046421,1789629885046421000,28.8364208984375,-0.961248815059662,-0.4111566543579101,-0.0265586394816637
2026-09-17T07:24:45.056380,1789629885056380200,28.846380126953125,-0.6564023494720459,-0.2005996853113174,0.1928978115320205
2026-09-17T07:24:45.066340,1789629885066340000,28.856340087890626,-0.2735585868358612,0.0717812478542327,0.3681527376174927
2026-09-17T07:24:45.076300,1789629885076300000,28.866300048828126,0.1054667681455612,0.3030581474304199,0.4747236371040344
2026-09-17T07:24:45.086259,1789629885086259200,28.87625927734375,0.4014709889888763,0.4417076408863067,0.522197425365448
2026-09-17T07:24:45.096219,1789629885096219100,28.88621923828125,0.5617687702178955,0.499077707529068,0.5430856347084045
2026-09-17T07:24:45.106179,1789629885106179300,28.896179443359376,0.6041394472122192,0.4898059070110321,0.5779653191566467
2026-09-17T07:24:45.116138,1789629885116138200,28.90613818359375,0.5731365084648132,0.4209190011024475,0.6243658661842346
2026-09-17T07:24:45.126098,1789629885126098200,28.91609814453125,0.4904442727565765,0.3364310264587402,0.6411855816841125
2026-09-17T07:24:45.136058,1789629885136058000,28.92605810546875,0.3843146562576294,0.2567937076091766,0.625679075717926
2026-09-17T07:24:45.146018,1789629885146018300,28.93601831054687,0.269280195236206,0.1907923221588134,0.5761405229568481
2026-09-17T07:24:45.155977,1789629885155977200,28.945977294921875,0.1524140387773513,0.139517679810524,0.516899585723877
2026-09-17T07:24:45.165937,1789629885165937200,28.955937255859375,0.0366120748221874,0.082443743944168,0.4588197767734527
2026-09-17T07:24:45.175897,1789629885175897000,28.96589697265625,-0.0669390857219696,0.0430068559944629,0.3889868855476379
2026-09-17T07:24:45.185856,1789629885185856000,28.97585595703125,-0.1689741015434265,0.0140702789649367,0.2954409718513489
2026-09-17T07:24:45.195816,1789629885195816200,28.985816162109376,-0.2802993059158325,0.009197493083775,0.1729616522789001
2026-09-17T07:24:45.205776,1789629885205776100,28.995776123046873,-0.3930610120296478,0.0378075651824474,0.0274835564196109
2026-09-17T07:24:45.215735,1789629885215735300,29.0057353515625,-0.4868559241294861,0.0790354311466217,-0.1069323122501373
2026-09-17T07:24:45.225695,1789629885225695200,29.0156953125,-0.5285066962242126,0.1464150100946426,-0.1795585751533508
2026-09-17T07:24:45.235655,1789629885235655200,29.0256552734375,-0.5136734247207642,0.2077289670705795,-0.1758165657520294
2026-09-17T07:24:45.245614,1789629885245614000,29.035614013671875,-0.440303087234497,0.256164401769638,-0.1204654276371002
2026-09-17T07:24:45.255574,1789629885255574000,29.045573974609376,-0.3182405531406402,0.2843411862850189,-0.021492775529623
2026-09-17T07:24:45.265534,1789629885265534000,29.055533935546876,-0.1759252250194549,0.2912374436855316,0.1054017916321754
2026-09-17T07:24:45.275494,1789629885275494100,29.065494140625,-0.039636094123125,0.2856011092662811,0.2407375127077102
2026-09-17T07:24:45.285453,1789629885285453000,29.075453125,0.0710171833634376,0.2679938971996307,0.350979596376419
2026-09-17T07:24:45.295413,1789629885295413000,29.0854130859375,0.134000152349472,0.2406190037727356,0.4090311825275421
2026-09-17T07:24:45.305373,1789629885305373000,29.095373046875,0.1510877907276153,0.2260371297597885,0.4189120531082153
2026-09-17T07:24:45.315331,1789629885315331800,29.105331787109375,0.1410444676876068,0.1911816745996475,0.4003191888332367
2026-09-17T07:24:45.325292,1789629885325292000,29.1152919921875,0.1135215014219284,0.1506901681423187,0.3463078737258911
2026-09-17T07:24:45.335252,1789629885335252000,29.125251953125,0.0891836732625961,0.1457622647285461,0.2760403752326965
2026-09-17T07:24:45.345211,1789629885345211100,29.135211181640624,0.0724574252963066,0.1353399753570556,0.2000044584274292
2026-09-17T07:24:45.355171,1789629885355171000,29.145171142578125,0.0542725585401058,0.1269736588001251,0.1273204088211059
2026-09-17T07:24:45.365131,1789629885365131300,29.15513134765625,0.0403623357415199,0.1334118545055389,0.0763903781771659
2026-09-17T07:24:45.375090,1789629885375090200,29.165090087890626,0.0136489672586321,0.1191247925162315,0.0561405010521411
2026-09-17T07:24:45.385050,1789629885385050000,29.17505004882813,-0.0211183354258537,0.0565160065889358,0.066635750234127
2026-09-17T07:24:45.395010,1789629885395010000,29.185010009765627,-0.0504927337169647,-0.0279770400375127,0.0891527757048606
2026-09-17T07:24:45.404970,1789629885404970000,29.194969970703124,-0.0594848990440368,-0.0842461735010147,0.105074755847454
2026-09-17T07:24:45.414929,1789629885414929200,29.20492919921875,-0.0442438945174217,-0.1072132736444473,0.1015412732958793
2026-09-17T07:24:45.424889,1789629885424889000,29.21488916015625,-0.0292630810290575,-0.1324339359998703,0.0846680179238319
2026-09-17T07:24:45.434849,1789629885434849000,29.22484912109375,-0.0244574062526226,-0.1577179878950119,0.0583040527999401
2026-09-17T07:24:45.444808,1789629885444808000,29.234807861328125,-0.0340969823300838,-0.1801828145980835,0.0299096964299678
2026-09-17T07:24:45.454767,1789629885454767900,29.244767822265626,-0.0372712053358554,-0.191551849246025,0.0091684646904468
2026-09-17T07:24:45.464728,1789629885464728000,29.25472802734375,-0.0221298038959503,-0.1806006729602813,-0.0093005569651722
2026-09-17T07:24:45.474687,1789629885474687000,29.26468701171875,0.010874219238758,-0.1718071848154068,-0.0213516280055046
2026-09-17T07:24:45.484647,1789629885484647000,29.27464697265625,0.0554616600275039,-0.2009485512971878,-0.013169864192605
2026-09-17T07:24:45.494606,1789629885494606800,29.28460693359375,0.1008243486285209,-0.2633109986782074,0.0108598377555608
2026-09-17T07:24:45.504566,1789629885504566000,29.29456591796875,0.1407421976327896,-0.3133408725261688,0.0477787069976329
2026-09-17T07:24:45.514526,1789629885514526200,29.304526123046877,0.1719224900007248,-0.3286905288696289,0.0742955356836319
2026-09-17T07:24:45.524486,1789629885524486100,29.314486083984377,0.1862130165100097,-0.2995347678661346,0.0847777351737022
2026-09-17T07:24:45.534445,1789629885534445000,29.324445068359378,0.1797750890254974,-0.229643315076828,0.0703082531690597
2026-09-17T07:24:45.544405,1789629885544405000,29.334405029296875,0.1651484817266464,-0.1531235128641128,0.0234821569174528
2026-09-17T07:24:45.554365,1789629885554365000,29.344364990234375,0.1581861674785614,-0.0952391698956489,-0.042955458164215
2026-09-17T07:24:45.564325,1789629885564325000,29.3543251953125,0.1746301352977752,-0.0447802543640136,-0.1136999353766441
2026-09-17T07:24:45.574284,1789629885574284000,29.364283935546876,0.2005586624145507,-0.000467118457891,-0.1822004318237304
2026-09-17T07:24:45.584244,1789629885584244000,29.374243896484376,0.1883395463228225,-0.0304210223257541,-0.249046042561531
2026-09-17T07:24:45.594204,1789629885594204000,29.384203857421873,0.1399278044700622,-0.1093387380242347,-0.3077527582645416
2026-09-17T07:24:45.604162,1789629885604162800,29.394162841796874,0.0805153474211692,-0.18242147564888,-0.3355633616447449
2026-09-17T07:24:45.614123,1789629885614123000,29.404123046875,0.0318689830601215,-0.2074961960315704,-0.3554025590419769
2026-09-17T07:24:45.624083,1789629885624083000,29.4140830078125,0.0060315271839499,-0.1917358785867691,-0.3751938641071319
2026-09-17T07:24:45.634042,1789629885634042000,29.4240419921875,-0.0057726679369807,-0.1381365656852722,-0.4033069908618927
2026-09-17T07:24:45.644002,1789629885644002000,29.434001953125,-0.0168487541377544,-0.0474117249250412,-0.4388535320758819
2026-09-17T07:24:45.653962,1789629885653962200,29.443962158203124,-0.0449951700866222,0.0845577642321586,-0.4826273620128631
2026-09-17T07:24:45.663921,1789629885663921200,29.453921142578125,-0.0808754116296768,0.220544084906578,-0.5121285319328308
2026-09-17T07:24:45.673881,1789629885673881000,29.463881103515625,-0.1027514114975929,0.3263943493366241,-0.502396821975708
2026-09-17T07:24:45.683841,1789629885683841000,29.47384106445313,-0.091571994125843,0.3674704134464264,-0.4530068933963775
2026-09-17T07:24:45.693801,1789629885693801000,29.483801025390623,-0.0497055053710937,0.3425544202327728,-0.3785462379455566
2026-09-17T07:24:45.703760,1789629885703760100,29.493760009765627,0.0102656865492463,0.2921729981899261,-0.28702113032341
2026-09-17T07:24:45.713720,1789629885713720000,29.503719970703123,0.0925706773996353,0.2215283960103988,-0.1800544559955597
2026-09-17T07:24:45.723680,1789629885723680000,29.513679931640624,0.177003800868988,0.1220694482326507,-0.0745421424508094
2026-09-17T07:24:45.733639,1789629885733639000,29.523638916015624,0.2564011514186859,0.0323014818131923,0.0035198999103158
2026-09-17T07:24:45.743598,1789629885743598800,29.533598876953125,0.3129763007164001,-0.0406518206000328,0.0295437779277563
2026-09-17T07:24:45.753559,1789629885753559000,29.54355908203125,0.3265003561973572,-0.0994275212287902,0.001365668955259
2026-09-17T07:24:45.763518,1789629885763518200,29.55351831054687,0.2970718741416931,-0.1486062556505203,-0.0612045004963874
2026-09-17T07:24:45.773478,1789629885773478100,29.56347802734375,0.2066335976123809,-0.1989258825778961,-0.1400891989469528
2026-09-17T07:24:45.783438,1789629885783438000,29.57343798828125,0.0700983926653862,-0.2336316704750061,-0.2295389175415039
2026-09-17T07:24:45.793397,1789629885793397000,29.58339697265625,-0.076401300728321,-0.2187009155750274,-0.3057250380516052
2026-09-17T07:24:45.803357,1789629885803357200,29.593357177734376,-0.194877877831459,-0.1377006024122238,-0.3577192425727844
2026-09-17T07:24:45.813317,1789629885813317000,29.603317138671876,-0.2393252402544021,0.0162149220705032,-0.3796498477458954
2026-09-17T07:24:45.823276,1789629885823276000,29.613276123046877,-0.22078537940979,0.1902511715888977,-0.3708004355430603
2026-09-17T07:24:45.833236,1789629885833236000,29.623236083984377,-0.1617510765790939,0.3164913952350616,-0.3236598372459411
2026-09-17T07:24:45.843196,1789629885843196200,29.63319604492187,-0.0885040313005447,0.3756114244461059,-0.2275961488485336
2026-09-17T07:24:45.853156,1789629885853156000,29.643156005859375,-0.0206512156873941,0.3763283491134643,-0.1039301306009292
2026-09-17T07:24:45.863115,1789629885863115000,29.653114990234375,0.0346647687256336,0.3175143003463745,-0.0031031153630465
2026-09-17T07:24:45.873075,1789629885873075000,29.663074951171875,0.0684027597308158,0.2051773816347122,0.0505950003862381
2026-09-17T07:24:45.883035,1789629885883035000,29.673034912109376,0.0741277560591697,0.0865641832351684,0.0529226027429103
2026-09-17T07:24:45.892994,1789629885892994000,29.682994140625,0.0551926828920841,0.0021888520568609,0.0295786652714014
2026-09-17T07:24:45.902954,1789629885902954000,29.6929541015625,0.0112252235412597,-0.0650740712881088,-0.0051992894150316
2026-09-17T07:24:45.912914,1789629885912914000,29.702913818359377,-0.0418004430830478,-0.0701726973056793,-0.042376484721899
2026-09-17T07:24:45.922873,1789629885922873000,29.712873046875,-0.0770622938871383,-0.0326836444437503,-0.0762002319097518
2026-09-17T07:24:45.932833,1789629885932833000,29.7228330078125,-0.085559107363224,0.0214834548532962,-0.0993452295660972
2026-09-17T07:24:45.942793,1789629885942793200,29.732793212890623,-0.0747045949101448,0.0584907419979572,-0.0921546965837478
2026-09-17T07:24:45.952752,1789629885952752000,29.742752197265624,-0.0671998113393783,0.0417836643755435,-0.0603387095034122
2026-09-17T07:24:45.962712,1789629885962712000,29.752712158203124,-0.0715191885828971,-0.0181752759963274,-0.0100084254518151
2026-09-17T07:24:45.972672,1789629885972672000,29.762672119140625,-0.0793845728039741,-0.0957662090659141,0.0484543517231941
2026-09-17T07:24:45.982632,1789629885982632000,29.7726318359375,-0.0678027495741844,-0.1306498944759369,0.1003899872303009
2026-09-17T07:24:45.992591,1789629885992591000,29.78259106445313,-0.0355758368968963,-0.1309356391429901,0.1320640295743942
2026-09-17T07:24:46.002551,1789629886002551000,29.792551025390622,0.0054070157930254,-0.1155002266168594,0.1345900297164917
2026-09-17T07:24:46.012511,1789629886012511000,29.802510986328127,0.0229497905820608,-0.1170179694890976,0.1249621734023094
2026-09-17T07:24:46.022470,1789629886022470000,29.812469970703123,0.0127584058791399,-0.1301572024822235,0.1162539049983024
2026-09-17T07:24:46.032429,1789629886032429800,29.822429931640624,0.0028919265605509,-0.152777299284935,0.1097163781523704
2026-09-17T07:24:46.042390,1789629886042390000,29.83239013671875,0.0268161669373512,-0.1474568247795105,0.1093872115015983
2026-09-17T07:24:46.052349,1789629886052349200,29.84234912109375,0.0962397158145904,-0.0816562473773956,0.1175902783870697
2026-09-17T07:24:46.062309,1789629886062309000,29.85230908203125,0.1854180693626403,-0.0277037993073463,0.1230934336781501
2026-09-17T07:24:46.072269,1789629886072269000,29.86226904296875,0.2640364468097687,-0.0157454069703817,0.1290557235479354
2026-09-17T07:24:46.082228,1789629886082228000,29.87222802734375,0.295285701751709,-0.0489808581769466,0.1353439688682556
2026-09-17T07:24:46.092188,1789629886092188200,29.882188232421875,0.2724512219429016,-0.0975028574466705,0.1404947936534881
2026-09-17T07:24:46.102148,1789629886102148000,29.892148193359375,0.2181384563446045,-0.1313969045877456,0.1425177305936813
2026-09-17T07:24:46.112108,1789629886112108000,29.90210791015625,0.1551547050476074,-0.1199357286095619,0.1319649517536163
2026-09-17T07:24:46.122067,1789629886122067000,29.91206689453125,0.1013428643345832,-0.0163589995354414,0.1215895488858223
2026-09-17T07:24:46.132027,1789629886132027100,29.922027099609377,0.0831896960735321,0.1491628587245941,0.1351005584001541
2026-09-17T07:24:46.141987,1789629886141987000,29.931987060546874,0.0919048860669136,0.2646780014038086,0.1573177129030227
2026-09-17T07:24:46.151946,1789629886151946000,29.94194604492187,0.1125856637954711,0.2794537544250488,0.1782435029745102
2026-09-17T07:24:46.161906,1789629886161906000,29.951906005859374,0.1374793052673339,0.2508175671100616,0.1968632638454437
2026-09-17T07:24:46.171865,1789629886171865900,29.961865966796875,0.1522907316684723,0.1757353395223617,0.1964100003242492
2026-09-17T07:24:46.181825,1789629886181825000,29.971824951171875,0.1388228684663772,0.061796523630619,0.1696241796016693
2026-09-17T07:24:46.191785,1789629886191785200,29.98178515625,0.0768718793988227,-0.0894989892840385,0.1151383072137832
2026-09-17T07:24:46.201745,1789629886201745200,29.9917451171875,-0.0227026492357254,-0.2227236181497573,0.0651174858212471
2026-09-17T07:24:46.211704,1789629886211704000,30.0017041015625,-0.1360630244016647,-0.2643989026546478,0.0367092788219451
2026-09-17T07:24:46.221664,1789629886221664000,30.0116640625,-0.2278976142406463,-0.1813820451498031,0.039414782077074
2026-09-17T07:24:46.231624,1789629886231624200,30.02162426757813,-0.2677361071109772,0.0002090581401716,0.0663225650787353
2026-09-17T07:24:46.241582,1789629886241582800,30.03158276367187,-0.2492071539163589,0.2165972888469696,0.1038169413805008
2026-09-17T07:24:46.251543,1789629886251543000,30.04154296875,-0.181974858045578,0.3937086760997772,0.1531674414873123
2026-09-17T07:24:46.261503,1789629886261503000,30.0515029296875,-0.0726510360836982,0.458650141954422,0.2105444520711898
2026-09-17T07:24:46.271463,1789629886271463000,30.061462890625,0.0544163696467876,0.4321482181549072,0.2629695832729339
2026-09-17T07:24:46.281421,1789629886281421800,30.071421875,0.1906961798667907,0.3770748376846313,0.3108471035957336
2026-09-17T07:24:46.291381,1789629886291381800,30.0813818359375,0.3017958104610443,0.2645312547683716,0.336940735578537
2026-09-17T07:24:46.301342,1789629886301342000,30.091342041015626,0.3791097700595855,0.0985710471868515,0.3393484950065613
2026-09-17T07:24:46.311301,1789629886311301000,30.101301025390622,0.4086399674415588,-0.1047820746898651,0.3292697668075561
2026-09-17T07:24:46.321261,1789629886321261000,30.111260986328126,0.3897024989128113,-0.3013113737106323,0.2872536182403564
2026-09-17T07:24:46.331221,1789629886331221000,30.121220947265623,0.3207921385765075,-0.4508174955844879,0.2387870103120803
2026-09-17T07:24:46.341180,1789629886341180000,30.131179931640624,0.2078099250793457,-0.5353198647499084,0.1915603727102279
2026-09-17T07:24:46.351140,1789629886351140000,30.14114013671875,0.0759341791272163,-0.5622652173042297,0.1535634547472
2026-09-17T07:24:46.361100,1789629886361100000,30.15110009765625,-0.0479667261242866,-0.5109745860099792,0.1140133887529373
2026-09-17T07:24:46.371059,1789629886371059000,30.161058837890625,-0.1490110456943512,-0.4073488712310791,0.0640341117978096
2026-09-17T07:24:46.381019,1789629886381019000,30.17101879882813,-0.2345398068428039,-0.3160652816295624,-0.0087881656363606
2026-09-17T07:24:46.390979,1789629886390979000,30.18097900390625,-0.2896667122840881,-0.2660199701786041,-0.0831156596541404
2026-09-17T07:24:46.400939,1789629886400939000,30.19093896484375,-0.3025388121604919,-0.2297873944044113,-0.1313857138156891
2026-09-17T07:24:46.410898,1789629886410898000,30.20089794921875,-0.269768089056015,-0.1915278881788253,-0.1402830779552459
2026-09-17T07:24:46.420857,1789629886420857900,30.21085791015625,-0.2076685130596161,-0.1553009003400802,-0.1183586046099662
2026-09-17T07:24:46.430817,1789629886430817800,30.22081787109375,-0.1141489446163177,-0.1012994572520256,-0.0626223683357238
2026-09-17T07:24:46.440777,1789629886440777000,30.23077685546875,0.0048999502323567,-0.033321738243103,0.0141099598258733
2026-09-17T07:24:46.450737,1789629886450737000,30.24073681640625,0.1270548850297927,0.0496581010520458,0.0906063318252563
2026-09-17T07:24:46.460696,1789629886460696800,30.25069677734375,0.2483096718788147,0.1331348866224289,0.1633236855268478
2026-09-17T07:24:46.470656,1789629886470656000,30.260656005859374,0.3430987596511841,0.1879291534423828,0.2042945474386215
2026-09-17T07:24:46.480616,1789629886480616000,30.270615966796875,0.3853926956653595,0.1956163644790649,0.1977753937244415
2026-09-17T07:24:46.490576,1789629886490576100,30.280576171875,0.3787875175476074,0.1651570051908493,0.1735472828149795
2026-09-17T07:24:46.500535,1789629886500535000,30.29053515625,0.3365993201732635,0.1271457076072693,0.1516427844762802
2026-09-17T07:24:46.510495,1789629886510495000,30.300494873046876,0.2681683301925659,0.0688821300864219,0.1202678233385086
2026-09-17T07:24:46.520455,1789629886520455000,30.310454833984377,0.1864830553531646,0.0116241658106446,0.0819811522960662
2026-09-17T07:24:46.530415,1789629886530415000,30.3204150390625,0.1100649833679199,-0.0400012135505676,0.0455930493772029
2026-09-17T07:24:46.540374,1789629886540374000,30.3303740234375,0.0439552068710327,-0.0798692628741264,0.0181465130299329
2026-09-17T07:24:46.550334,1789629886550334000,30.340333984375,0.0005491438205353,-0.0682120770215988,-0.0049353702925145
2026-09-17T07:24:46.560294,1789629886560294000,30.3502939453125,-0.0253042913973331,-0.0438327006995677,-0.033885795623064
2026-09-17T07:24:46.570252,1789629886570252800,30.360252685546875,-0.0447200685739517,-0.0374618880450725,-0.0749019384384155
2026-09-17T07:24:46.580213,1789629886580213000,30.370212890625,-0.0627427399158477,-0.0450436398386955,-0.1170035824179649
2026-09-17T07:24:46.590173,1789629886590173000,30.3801728515625,-0.0838411077857017,-0.0596169903874397,-0.1534350961446762
2026-09-17T07:24:46.600132,1789629886600132000,30.390132080078125,-0.1040904521942138,-0.0853846743702888,-0.1777966320514679
2026-09-17T07:24:46.610092,1789629886610092000,30.400092041015625,-0.1105523407459259,-0.1032659336924552,-0.1816600710153579
2026-09-17T07:24:46.620052,1789629886620052000,30.41005200195313,-0.0895389392971992,-0.0972368046641349,-0.152420163154602
2026-09-17T07:24:46.630011,1789629886630011000,30.420010986328126,-0.0421471856534481,-0.0611954480409622,-0.1067943572998046
2026-09-17T07:24:46.639971,1789629886639971000,30.42997119140625,0.0136340530589222,-0.0311459358781576,-0.0655963197350502
2026-09-17T07:24:46.649931,1789629886649931000,30.439930908203124,0.0618513822555542,-0.0049486858770251,-0.0349752940237522
2026-09-17T07:24:46.659891,1789629886659891000,30.449890869140624,0.0843479037284851,-0.0318908207118511,-0.0089130671694874
2026-09-17T07:24:46.669849,1789629886669849900,30.459849853515625,0.0898396074771881,-0.0817654356360435,0.0139834601432085
2026-09-17T07:24:46.679810,1789629886679810000,30.46981005859375,0.0883117541670799,-0.0808716788887977,0.039790291339159
2026-09-17T07:24:46.689770,1789629886689770000,30.47977001953125,0.086905337870121,-0.0727000385522842,0.0549942776560783
2026-09-17T07:24:46.699729,1789629886699729000,30.48972900390625,0.0901828929781913,-0.0595749132335186,0.0503752902150154
2026-09-17T07:24:46.709688,1789629886709688800,30.499688720703126,0.0994754582643508,0.0050842408090829,0.0431735701858997
2026-09-17T07:24:46.719648,1789629886719648800,30.509648681640623,0.1013631075620651,0.078860193490982,0.0525865107774734
2026-09-17T07:24:46.729608,1789629886729608000,30.51960791015625,0.0825087279081344,0.1065831705927848,0.0861386135220527
2026-09-17T07:24:46.739567,1789629886739567900,30.52956787109375,0.0379577688872814,0.0713072046637535,0.1279491782188415
2026-09-17T07:24:46.749527,1789629886749527800,30.53952783203125,-0.022302109748125,0.0153091810643672,0.1453742384910583
2026-09-17T07:24:46.759487,1789629886759487000,30.549487060546873,-0.0932090431451797,-0.0937174335122108,0.1058872863650322
2026-09-17T07:24:46.769447,1789629886769447000,30.559447021484377,-0.1768376231193542,-0.2330082207918167,-0.0016330503858625
2026-09-17T07:24:46.779407,1789629886779407000,30.56940698242187,-0.269952118396759,-0.3212174475193023,-0.1740772575139999
2026-09-17T07:24:46.789367,1789629886789367000,30.579366943359375,-0.3664901256561279,-0.3781228065490722,-0.3849130570888519
2026-09-17T07:24:46.799326,1789629886799326000,30.589325927734375,-0.4491098821163177,-0.3809529542922973,-0.595198392868042
2026-09-17T07:24:46.809286,1789629886809286000,30.599285888671876,-0.5063329935073853,-0.3103632032871246,-0.7548874020576477
2026-09-17T07:24:46.819246,1789629886819246000,30.60924609375,-0.5365588068962097,-0.1858636140823364,-0.826379656791687
2026-09-17T07:24:46.829205,1789629886829205000,30.619205078125,-0.5483845472335815,-0.0346107073128223,-0.8269860744476318
2026-09-17T07:24:46.839165,1789629886839165000,30.6291650390625,-0.5298588275909424,0.2050237208604812,-0.7518252730369568
2026-09-17T07:24:46.849124,1789629886849124900,30.639124755859378,-0.4880557060241699,0.4518883526325226,-0.6434823274612427
2026-09-17T07:24:46.859083,1789629886859083800,30.649083740234374,-0.4357309639453888,0.620832085609436,-0.5291336178779602
2026-09-17T07:24:46.869044,1789629886869044000,30.6590439453125,-0.362001895904541,0.6941803693771362,-0.4426807463169098
2026-09-17T07:24:46.879004,1789629886879004000,30.66900390625,-0.2812561690807342,0.6752617955207825,-0.3934231996536255
2026-09-17T07:24:46.888963,1789629886888963000,30.678963134765624,-0.1942754685878753,0.5685505270957947,-0.3741362988948822
2026-09-17T07:24:46.898923,1789629886898923000,30.688923095703124,-0.1146906316280365,0.4028739631175995,-0.3765877485275268
2026-09-17T07:24:46.908883,1789629886908883000,30.698883056640625,-0.037848312407732,0.2102749496698379,-0.3913256824016571
2026-09-17T07:24:46.918841,1789629886918841900,30.708841796875,0.0364650674164295,0.0530411154031753,-0.4198151230812073
2026-09-17T07:24:46.928802,1789629886928802000,30.71880200195313,0.1009830757975578,-0.0263533107936382,-0.4480893611907959
2026-09-17T07:24:46.938762,1789629886938762000,30.728761962890623,0.1335577964782714,-0.0754161924123764,-0.4755145907402038
2026-09-17T07:24:46.948722,1789629886948722000,30.738721923828123,0.1108918935060501,-0.1165452525019645,-0.4871414303779602
2026-09-17T07:24:46.958680,1789629886958680800,30.748680908203124,0.0423157662153244,-0.1402279436588287,-0.47736257314682
2026-09-17T07:24:46.968641,1789629886968641000,30.75864111328125,-0.0557942911982536,-0.1401991844177246,-0.4474502205848694
2026-09-17T07:24:46.978601,1789629886978601000,30.76860107421875,-0.1491205096244812,-0.1108170598745346,-0.4097521007061004
2026-09-17T07:24:46.988560,1789629886988560000,30.778559814453125,-0.2152569144964218,-0.0407032221555709,-0.3888926208019256
2026-09-17T07:24:46.998519,1789629886998519800,30.788519775390625,-0.2474478781223297,0.0430071204900741,-0.407470554113388
2026-09-17T07:24:47.008479,1789629887008479700,30.79847973632813,-0.2413500398397445,0.101213701069355,-0.4471490085124969
2026-09-17T07:24:47.018439,1789629887018439200,30.808439208984375,-0.2062554359436035,0.1360718160867691,-0.4815360009670257
2026-09-17T07:24:47.028399,1789629887028399000,30.818399169921875,-0.1506824493408203,0.1518486440181732,-0.489777147769928
2026-09-17T07:24:47.038359,1789629887038359000,30.828359130859376,-0.0914228558540344,0.1526374816894531,-0.4723827242851257
2026-09-17T07:24:47.048319,1789629887048319000,30.838319091796876,-0.0342895314097404,0.127256229519844,-0.4318360984325409
2026-09-17T07:24:47.058278,1789629887058278000,30.84827783203125,0.007334345486015,0.0763477683067321,-0.3825079500675201
2026-09-17T07:24:47.068238,1789629887068238000,30.858238037109373,0.0196024626493453,0.001023452845402,-0.3371705710887909
2026-09-17T07:24:47.078198,1789629887078198000,30.86819799804687,-0.0093285208567976,-0.0913698598742485,-0.3141297101974487
2026-09-17T07:24:47.088157,1789629887088157000,30.87815698242187,-0.0694720149040222,-0.1535482853651046,-0.3103650510311126
2026-09-17T07:24:47.098116,1789629887098116900,30.888116943359375,-0.1382726579904556,-0.1832265406847,-0.315495103597641
2026-09-17T07:24:47.108077,1789629887108077000,30.8980771484375,-0.2029070407152176,-0.1942198127508163,-0.3079029619693756
2026-09-17T07:24:47.118036,1789629887118036000,30.908035888671876,-0.2459975183010101,-0.1761715710163116,-0.2901263535022735
2026-09-17T07:24:47.127996,1789629887127996000,30.917995849609376,-0.2544245719909668,-0.1581651419401168,-0.2609242796897888
2026-09-17T07:24:47.137955,1789629887137955800,30.927955810546877,-0.2308771610260009,-0.1279062926769256,-0.2128456979990005
2026-09-17T07:24:47.147915,1789629887147915000,30.9379150390625,-0.1779854446649551,-0.0816727578639984,-0.1436120271682739
2026-09-17T07:24:47.157875,1789629887157875000,30.947875,-0.1149918362498283,-0.0796141326427459,-0.0724877789616584
2026-09-17T07:24:47.167835,1789629887167835000,30.9578349609375,-0.064802162349224,-0.1338435560464859,-0.011806059628725
2026-09-17T07:24:47.177794,1789629887177794800,30.967794921875,-0.0421652980148792,-0.2076509296894073,0.0333116166293621
2026-09-17T07:24:47.187754,1789629887187754000,30.97775390625,-0.0392163768410682,-0.2603277266025543,0.0716795101761818
2026-09-17T07:24:47.197714,1789629887197714000,30.9877138671875,-0.0336562320590019,-0.2756241261959076,0.1112871095538139
2026-09-17T07:24:47.207674,1789629887207674000,30.997674072265625,-0.007702394388616,-0.2568134069442749,0.1585283875465393
2026-09-17T07:24:47.217633,1789629887217633000,31.007633056640625,0.0550470054149627,-0.2274981439113617,0.2140590250492096
2026-09-17T07:24:47.227593,1789629887227593000,31.017593017578125,0.1420580744743347,-0.2046615332365036,0.2817981243133545
2026-09-17T07:24:47.237553,1789629887237553000,31.027552978515622,0.2270480692386627,-0.2204271852970123,0.3602045178413391
2026-09-17T07:24:47.247511,1789629887247511600,31.037511474609374,0.2669664621353149,-0.2912206649780273,0.4123558700084686
2026-09-17T07:24:47.257471,1789629887257471500,31.047471435546875,0.2426696270704269,-0.4245952367782593,0.4197386801242828
2026-09-17T07:24:47.267431,1789629887267431700,31.057431640625,0.1715975850820541,-0.5482524633407593,0.393793910741806
2026-09-17T07:24:47.277390,1789629887277390600,31.067390625,0.0944231748580932,-0.5919530391693115,0.3368872106075287
2026-09-17T07:24:47.287350,1789629887287350500,31.0773505859375,0.0311757624149322,-0.552758514881134,0.2568232715129852
2026-09-17T07:24:47.297310,1789629887297310500,31.087310546875,-0.0041233724914491,-0.4646361172199249,0.1647511273622512
2026-09-17T07:24:47.307269,1789629887307269600,31.09726953125,-0.0160751063376665,-0.3280463218688965,0.0645587518811225
2026-09-17T07:24:47.317229,1789629887317229800,31.10722973632813,-0.020691430196166,-0.1792999804019928,-0.0240566004067659
2026-09-17T07:24:47.327189,1789629887327189800,31.117189697265623,-0.0453741401433944,-0.0643821880221366,-0.0845124870538711
2026-09-17T07:24:47.337148,1789629887337148700,31.127148681640627,-0.1064039394259452,0.0203627962619066,-0.1014054492115974
2026-09-17T07:24:47.347108,1789629887347108600,31.137108642578124,-0.1882069259881973,0.0867335647344589,-0.0629443451762199
2026-09-17T07:24:47.357068,1789629887357068800,31.14706884765625,-0.2690261304378509,0.1148802489042282,-0.0015435680979862
2026-09-17T07:24:47.367028,1789629887367028700,31.15702880859375,-0.3349699974060058,0.1089235544204711,0.0521979555487632
2026-09-17T07:24:47.376987,1789629887376987600,31.166987548828125,-0.370263010263443,0.092696912586689,0.0998696088790893
2026-09-17T07:24:47.386947,1789629887386947600,31.176947509765625,-0.3483822047710418,0.1240905225276947,0.1698337793350219
2026-09-17T07:24:47.396907,1789629887396907500,31.18690747070313,-0.2561521530151367,0.2607277333736419,0.2716594636440277
2026-09-17T07:24:47.406866,1789629887406866400,31.196866455078126,-0.0977047234773635,0.4663330912590027,0.3877072632312774
2026-09-17T07:24:47.416826,1789629887416826600,31.20682666015625,0.0910127311944961,0.6473233699798584,0.4920986294746399
2026-09-17T07:24:47.426786,1789629887426786600,31.21678662109375,0.2763242721557617,0.7822007536888123,0.5888270139694214
2026-09-17T07:24:47.436745,1789629887436745700,31.226745849609376,0.4270687699317932,0.8463006615638733,0.6819031834602356
2026-09-17T07:24:47.446705,1789629887446705700,31.23670556640625,0.5177712440490723,0.7885047197341919,0.7446962594985962
2026-09-17T07:24:47.456665,1789629887456665900,31.246665771484373,0.5499747395515442,0.6311606764793396,0.7694599628448486
2026-09-17T07:24:47.466624,1789629887466624800,31.256624755859377,0.5366831421852112,0.4166158735752105,0.7618518471717834
2026-09-17T07:24:47.476584,1789629887476584700,31.26658471679687,0.4960302710533142,0.1921819597482681,0.7321897745132446
2026-09-17T07:24:47.486544,1789629887486544600,31.276544677734375,0.4348406791687011,0.000597613339778,0.6886577606201172
2026-09-17T07:24:47.496504,1789629887496504600,31.286504638671875,0.3611336946487427,-0.148848071694374,0.6367753744125366
2026-09-17T07:24:47.506463,1789629887506463700,31.296463623046876,0.2688812613487243,-0.2406349778175354,0.5844890475273132
2026-09-17T07:24:47.516423,1789629887516423700,31.306423583984376,0.1606916785240173,-0.2723364531993866,0.5549918413162231
2026-09-17T07:24:47.526383,1789629887526383600,31.316383544921877,0.0441951565444469,-0.2455591559410095,0.5377015471458435
2026-09-17T07:24:47.536342,1789629887536342500,31.326342529296873,-0.0669968798756599,-0.1818646043539047,0.5221441388130188
2026-09-17T07:24:47.546302,1789629887546302500,31.336302490234377,-0.1629899889230728,-0.0994986295700073,0.4874452948570251
2026-09-17T07:24:47.556262,1789629887556262700,31.3462626953125,-0.2376037687063217,-0.0183542389422655,0.444192111492157
2026-09-17T07:24:47.566221,1789629887566221800,31.356221923828127,-0.2858538627624511,0.0374664142727851,0.3909909129142761
2026-09-17T07:24:47.576181,1789629887576181800,31.366181640625,-0.3097687661647796,0.0775757506489753,0.337345540523529
2026-09-17T07:24:47.586141,1789629887586141700,31.3761416015625,-0.3147294521331787,0.0977713018655777,0.3039958477020263
2026-09-17T07:24:47.596100,1789629887596100600,31.3861005859375,-0.3047966659069061,0.1023295670747757,0.3059412837028503
2026-09-17T07:24:47.606060,1789629887606060800,31.396060791015625,-0.2748329043388366,0.114382766187191,0.3386025428771972
2026-09-17T07:24:47.616020,1789629887616020700,31.406020751953125,-0.2237374931573867,0.1382212489843368,0.3879424035549164
2026-09-17T07:24:47.625980,1789629887625980700,31.415980712890622,-0.1361506432294845,0.1684073805809021,0.4404988288879394
2026-09-17T07:24:47.635939,1789629887635939600,31.425939697265623,-0.0176714044064283,0.197974607348442,0.4797413051128387
2026-09-17T07:24:47.645899,1789629887645899800,31.435899658203127,0.120410032570362,0.2136110812425613,0.500239372253418
2026-09-17T07:24:47.655859,1789629887655859700,31.445859619140624,0.2441032081842422,0.2246956974267959,0.503819465637207
2026-09-17T07:24:47.665818,1789629887665818600,31.455818603515624,0.3166346848011017,0.2136686146259308,0.4887856543064117
2026-09-17T07:24:47.675778,1789629887675778600,31.465778564453124,0.3281264901161194,0.1764266937971115,0.4635668694972992
2026-09-17T07:24:47.685738,1789629887685738500,31.475738525390625,0.2763034999370575,0.107879064977169,0.4092522263526916
2026-09-17T07:24:47.695697,1789629887695697700,31.48569775390625,0.1797095835208892,0.0212139412760734,0.3260388374328613
2026-09-17T07:24:47.705657,1789629887705657600,31.49565771484375,0.0651467815041542,-0.0538256801664829,0.2303306758403778
2026-09-17T07:24:47.715617,1789629887715617500,31.505617431640623,-0.0278526693582534,-0.1154957041144371,0.1356976479291916
2026-09-17T07:24:47.725576,1789629887725576700,31.51557666015625,-0.0756028816103935,-0.1401443183422088,0.0571458451449871
2026-09-17T07:24:47.735536,1789629887735536600,31.52553662109375,-0.0853242203593254,-0.1330195665359497,0.0079287635162472
2026-09-17T07:24:47.745496,1789629887745496800,31.535496826171876,-0.0670994073152542,-0.1246002539992332,-0.0200972780585289
2026-09-17T07:24:47.755456,1789629887755456800,31.545456787109377,-0.0223447196185588,-0.1016640439629554,-0.0263320058584213
2026-09-17T07:24:47.765415,1789629887765415700,31.555415771484373,0.0189478583633899,-0.0875245258212089,-0.0432662479579448
2026-09-17T07:24:47.775375,1789629887775375600,31.56537573242187,0.0365305803716182,-0.1031157299876213,-0.0734294727444648
2026-09-17T07:24:47.785335,1789629887785335800,31.575335693359374,0.0336285345256328,-0.1216185763478279,-0.0937411412596702
2026-09-17T07:24:47.795294,1789629887795294700,31.585294677734375,0.0305619034916162,-0.1312230080366134,-0.0979396104812622
2026-09-17T07:24:47.805254,1789629887805254700,31.595254638671875,0.036971066147089,-0.1173372790217399,-0.0927368625998497
2026-09-17T07:24:47.815214,1789629887815214600,31.605214599609376,0.0612521730363369,-0.0913267210125923,-0.0703828185796737
2026-09-17T07:24:47.825173,1789629887825173500,31.615173583984376,0.0883490368723869,-0.0963422507047653,-0.0363777130842208
2026-09-17T07:24:47.835133,1789629887835133400,31.625133544921876,0.104910172522068,-0.1537956893444061,0.0046400255523622
2026-09-17T07:24:47.845093,1789629887845093600,31.63509375,0.1064532026648521,-0.238721489906311,0.0309416707605123
2026-09-17T07:24:47.855052,1789629887855052800,31.645052734375,0.0922870561480522,-0.2938531935214996,0.0389737635850906
2026-09-17T07:24:47.865012,1789629887865012700,31.6550126953125,0.0731932520866394,-0.3044778704643249,0.0094819189980626
2026-09-17T07:24:47.874972,1789629887874972700,31.66497265625,0.0646799281239509,-0.2240618616342544,-0.0537508465349674
2026-09-17T07:24:47.884932,1789629887884932900,31.674932861328124,0.0618660300970077,-0.0964730083942413,-0.1170115768909454
2026-09-17T07:24:47.894891,1789629887894891800,31.684891845703124,0.0515249744057655,-0.0150162335485219,-0.1630682796239853
2026-09-17T07:24:47.904851,1789629887904851700,31.694851806640624,0.0347886085510253,0.0363976880908012,-0.2001006007194519
2026-09-17T07:24:47.914811,1789629887914811600,31.704811767578125,0.010030529461801,0.0363918282091617,-0.2342018485069275
2026-09-17T07:24:47.924770,1789629887924770600,31.7147705078125,-0.0359337665140628,-0.0359952859580516,-0.2777812778949737
2026-09-17T07:24:47.934730,1789629887934730800,31.724730712890626,-0.1163191497325897,-0.1519099026918411,-0.3295598030090332
2026-09-17T07:24:47.944690,1789629887944690700,31.734690673828126,-0.2191608399152755,-0.2478774487972259,-0.3712880611419678
2026-09-17T07:24:47.954649,1789629887954649600,31.744649658203127,-0.3073655366897583,-0.2604925632476806,-0.4114168286323547
2026-09-17T07:24:47.964609,1789629887964609500,31.754609619140624,-0.3544635474681854,-0.1960403472185135,-0.4436059296131134
2026-09-17T07:24:47.974569,1789629887974569500,31.764569580078124,-0.3403629064559936,-0.0098923118785023,-0.4647658169269562
2026-09-17T07:24:47.984528,1789629887984528600,31.774528564453124,-0.2499552369117736,0.2356623262166977,-0.4361112713813782
2026-09-17T07:24:47.994488,1789629887994488800,31.78448876953125,-0.0971382707357406,0.4649384021759033,-0.3501897156238556
2026-09-17T07:24:48.004448,1789629888004448800,31.79444873046875,0.0858081132173538,0.6136008501052856,-0.2071103006601333
2026-09-17T07:24:48.014407,1789629888014407700,31.80440771484375,0.2686556875705719,0.6606218814849854,-0.052546564489603
2026-09-17T07:24:48.024367,1789629888024367600,31.81436767578125,0.4166145324707031,0.5891317129135132,0.0543053150177001
2026-09-17T07:24:48.034327,1789629888034327800,31.824327880859375,0.5174607038497925,0.4330483675003052,0.0934497863054275
2026-09-17T07:24:48.044287,1789629888044287700,31.834287841796876,0.5691734552383423,0.2418304681777954,0.0638772472739219
2026-09-17T07:24:48.054246,1789629888054246700,31.84424658203125,0.5700663924217224,0.0731213465332984,-0.0268611758947372
2026-09-17T07:24:48.064206,1789629888064206600,31.85420654296875,0.5246251821517944,-0.0600593425333499,-0.158302828669548
2026-09-17T07:24:48.074166,1789629888074166800,31.864166748046873,0.4328952431678772,-0.1523016542196273,-0.3034813106060028
2026-09-17T07:24:48.084125,1789629888084125700,31.874125732421874,0.3012764751911163,-0.1845472157001495,-0.409332662820816
2026-09-17T07:24:48.094085,1789629888094085600,31.884085693359378,0.1490107923746109,-0.1500038802623748,-0.4649516940116882
2026-09-17T07:24:48.104045,1789629888104045600,31.894045654296875,-0.0146617665886878,-0.0907818377017974,-0.4793271720409393
2026-09-17T07:24:48.114004,1789629888114004700,31.904004638671875,-0.1743632853031158,-0.0293038263916969,-0.4691011607646942
2026-09-17T07:24:48.123964,1789629888123964700,31.913964599609375,-0.2986519336700439,0.0540856048464775,-0.4556468725204468
2026-09-17T07:24:48.133924,1789629888133924600,31.923924560546876,-0.3745421767234802,0.1501458287239074,-0.4366505444049835
2026-09-17T07:24:48.143883,1789629888143883800,31.9338837890625,-0.3926596641540527,0.2665440738201141,-0.4145966470241546
2026-09-17T07:24:48.153843,1789629888153843700,31.94384375,-0.3558489084243774,0.3639505207538605,-0.384387344121933
2026-09-17T07:24:48.163803,1789629888163803600,31.9538037109375,-0.281641274690628,0.4000768363475799,-0.3323681056499481
2026-09-17T07:24:48.173763,1789629888173763800,31.963763916015623,-0.1805053353309631,0.3837583065032959,-0.2573782801628113
2026-09-17T07:24:48.183722,1789629888183722800,31.97372265625,-0.0698888003826141,0.3457858860492706,-0.1731411516666412
2026-09-17T07:24:48.193682,1789629888193682700,31.9836826171875,0.0265493188053369,0.2799200713634491,-0.0937440693378448
2026-09-17T07:24:48.203642,1789629888203642600,31.993642578125,0.0960431769490242,0.2041984051465988,-0.0273072551935911
2026-09-17T07:24:48.213601,1789629888213601500,32.0036015625,0.1285912692546844,0.1225232556462287,0.0189918000251054
2026-09-17T07:24:48.223561,1789629888223561700,32.013561767578125,0.1232662722468376,0.046608779579401,0.0385276861488819
2026-09-17T07:24:48.233521,1789629888233521700,32.023521728515625,0.0956223979592323,-0.0034663705155253,0.0405668690800666
2026-09-17T07:24:48.243480,1789629888243480600,32.03348046875,0.0688248723745346,-0.0127251166850328,0.0380629636347293
2026-09-17T07:24:48.253440,1789629888253440300,32.04344018554688,0.0492413155734539,0.0044709146022796,0.0379873290657997
2026-09-17T07:24:48.263400,1789629888263400200,32.05340014648438,0.0364629365503788,0.0389505960047245,0.0452452413737773
2026-09-17T07:24:48.273359,1789629888273359400,32.063359375,0.0269381403923034,0.0648831278085708,0.0558001473546028
2026-09-17T07:24:48.283319,1789629888283319300,32.0733193359375,0.0115701034665107,0.0544525906443595,0.0653747469186782
2026-09-17T07:24:48.293279,1789629888293279500,32.08327954101563,-0.0180013701319694,0.0238667167723178,0.0811044424772262
2026-09-17T07:24:48.303239,1789629888303239400,32.09323950195313,-0.0515723787248134,-0.0384965240955352,0.0992863699793815
2026-09-17T07:24:48.313198,1789629888313198300,32.1031982421875,-0.076918214559555,-0.0959209352731704,0.1120562329888343
2026-09-17T07:24:48.323158,1789629888323158300,32.113158203125,-0.067693293094635,-0.1230436339974403,0.1380899548530578
2026-09-17T07:24:48.333118,1789629888333118500,32.123118408203126,-0.0318351611495018,-0.1174621805548667,0.1702359169721603
2026-09-17T07:24:48.343077,1789629888343077400,32.13307739257812,0.0239516720175743,-0.1130836755037307,0.2007104605436325
2026-09-17T07:24:48.353037,1789629888353037300,32.14303735351562,0.1022086590528488,-0.0968104302883148,0.2201747149229049
2026-09-17T07:24:48.362997,1789629888362997200,32.152997314453124,0.1813831031322479,-0.0753597319126129,0.2227180302143097
2026-09-17T07:24:48.372956,1789629888372956200,32.1629560546875,0.2462606430053711,-0.0666344240307807,0.2082725167274475
2026-09-17T07:24:48.382916,1789629888382916000,32.172916015625,0.2927181422710418,-0.0570028312504291,0.1814779192209243
2026-09-17T07:24:48.392876,1789629888392876300,32.18287622070312,0.3143560588359833,-0.0870723202824592,0.1458773165941238
2026-09-17T07:24:48.402835,1789629888402835500,32.19283544921875,0.3018312156200409,-0.1395728141069412,0.10350002348423
2026-09-17T07:24:48.412795,1789629888412795400,32.20279541015625,0.2600406408309936,-0.184516042470932,0.0684520304203033
2026-09-17T07:24:48.422755,1789629888422755300,32.21275537109375,0.1955596506595611,-0.2149088382720947,0.0496756769716739
2026-09-17T07:24:48.432715,1789629888432715500,32.22271557617187,0.1166062429547309,-0.2215896546840667,0.0401511490345001
2026-09-17T07:24:48.442674,1789629888442674400,32.23267431640625,0.0271860808134078,-0.1873006522655487,0.0333001650869846
2026-09-17T07:24:48.452634,1789629888452634400,32.24263427734375,-0.0583826154470443,-0.1242183521389961,0.0276249703019857
2026-09-17T07:24:48.462594,1789629888462594300,32.25259423828125,-0.146981731057167,-0.0383519157767295,0.0036538569256663
2026-09-17T07:24:48.472553,1789629888472553200,32.26255322265625,-0.2484108805656433,0.0378765426576137,-0.0504011213779449
2026-09-17T07:24:48.482513,1789629888482513400,32.272513427734374,-0.3466942906379699,0.0995652079582214,-0.1133097782731056
2026-09-17T07:24:48.492473,1789629888492473300,32.282473388671875,-0.4414573013782501,0.1539730578660965,-0.1505618095397949
2026-09-17T07:24:48.502432,1789629888502432300,32.29243237304688,-0.5339605808258057,0.1730218529701233,-0.1449420154094696
2026-09-17T07:24:48.512392,1789629888512392200,32.30239208984375,-0.6286402344703674,0.1517072319984436,-0.1188060119748115
2026-09-17T07:24:48.522352,1789629888522352000,32.31235205078125,-0.6995255947113037,0.1236995682120323,-0.0705388784408569
2026-09-17T07:24:48.532311,1789629888532311600,32.3223115234375,-0.7118229866027832,0.0975036546587944,-0.0008194546680897
2026-09-17T07:24:48.542271,1789629888542271500,32.332271484375,-0.6235642433166504,0.066235214471817,0.0863306298851966
2026-09-17T07:24:48.552231,1789629888552231400,32.3422314453125,-0.4394783079624176,0.0802375823259353,0.1902652829885482
2026-09-17T07:24:48.562190,1789629888562190300,32.3521904296875,-0.1822100132703781,0.1059711724519729,0.2933719456195831
2026-09-17T07:24:48.572150,1789629888572150300,32.362150390625,0.1068050116300582,0.1271366477012634,0.4036577343940735
2026-09-17T07:24:48.582110,1789629888582110500,32.3721103515625,0.3602535128593445,0.1188571453094482,0.5087953209877014
2026-09-17T07:24:48.592070,1789629888592070400,32.3820703125,0.528256893157959,0.0499947220087051,0.5821853876113892
2026-09-17T07:24:48.602029,1789629888602029300,32.392029296875,0.5901756882667542,-0.0613299347460269,0.6241938471794128
2026-09-17T07:24:48.611989,1789629888611989200,32.4019892578125,0.5719814896583557,-0.1364782154560089,0.6381205320358276
2026-09-17T07:24:48.621949,1789629888621949400,32.411949462890625,0.5016391277313232,-0.1572284996509552,0.6230989694595337
2026-09-17T07:24:48.631908,1789629888631908400,32.42190844726562,0.3951997756958008,-0.1468400508165359,0.5668727159500122
2026-09-17T07:24:48.641868,1789629888641868300,32.43186840820312,0.2643365859985351,-0.1442029774188995,0.4897523820400238
2026-09-17T07:24:48.651828,1789629888651828200,32.441828125,0.1225935593247413,-0.1708431094884872,0.4025847315788269
2026-09-17T07:24:48.661787,1789629888661787400,32.45178735351563,-0.034106571227312,-0.2193057239055633,0.3236576914787292
2026-09-17T07:24:48.671747,1789629888671747300,32.46174731445313,-0.1916682422161102,-0.2848698198795318,0.260051816701889
2026-09-17T07:24:48.681707,1789629888681707300,32.47170727539063,-0.3244169652462005,-0.3260406851768493,0.2158001959323883
2026-09-17T07:24:48.691666,1789629888691666400,32.48166650390625,-0.4030582308769226,-0.3085317313671112,0.1929329633712768
2026-09-17T07:24:48.701626,1789629888701626400,32.49162646484375,-0.4218268692493438,-0.2265178263187408,0.1795188933610916
2026-09-17T07:24:48.711586,1789629888711586300,32.50158642578125,-0.3829367160797119,-0.140202909708023,0.1746663451194763
2026-09-17T07:24:48.721545,1789629888721545200,32.51154516601562,-0.295725405216217,-0.0497438535094261,0.1899947077035904
2026-09-17T07:24:48.731505,1789629888731505400,32.52150537109375,-0.1860276609659195,0.015449795871973,0.2210620790719986
2026-09-17T07:24:48.741465,1789629888741465300,32.53146533203125,-0.0725237354636192,0.0489622168242931,0.2661158442497253
2026-09-17T07:24:48.751425,1789629888751425300,32.54142529296875,0.0313914790749549,0.0473813638091087,0.3044043779373169
2026-09-17T07:24:48.761384,1789629888761384200,32.55138427734375,0.1014933362603187,0.019201124086976,0.323968231678009
2026-09-17T07:24:48.771344,1789629888771344400,32.56134448242187,0.1404790878295898,-0.0233330186456441,0.3317249417304992
2026-09-17T07:24:48.781304,1789629888781304300,32.57130419921875,0.1432666182518005,-0.0523130036890506,0.3324980437755584
2026-09-17T07:24:48.791263,1789629888791263200,32.58126318359375,0.1224324405193328,-0.0466961339116096,0.3240062892436981
2026-09-17T07:24:48.801223,1789629888801223200,32.59122314453125,0.0909245833754539,-0.0144865307956933,0.3048083782196045
2026-09-17T07:24:48.811183,1789629888811183000,32.60118310546875,0.0670996755361557,0.046462308615446,0.2762534320354461
2026-09-17T07:24:48.821142,1789629888821142500,32.611142578125,0.0631832331418991,0.0915421694517135,0.2266938686370849
2026-09-17T07:24:48.831102,1789629888831102500,32.6211025390625,0.0795797780156135,0.0827745050191879,0.176258385181427
2026-09-17T07:24:48.841062,1789629888841062400,32.6310625,0.1121355891227722,0.0604300536215305,0.1511298567056656
2026-09-17T07:24:48.851021,1789629888851021300,32.64102124023437,0.1440258771181106,0.0223625637590885,0.146014466881752
2026-09-17T07:24:48.860981,1789629888860981200,32.650981201171874,0.1582428961992263,-0.0330764614045619,0.1477777361869812
2026-09-17T07:24:48.870941,1789629888870941400,32.66094140625,0.1609164476394653,-0.0883341208100318,0.1503402292728424
2026-09-17T07:24:48.880900,1789629888880900400,32.670900390625,0.1487572491168975,-0.1388156712055206,0.1467082202434539
2026-09-17T07:24:48.890860,1789629888890860300,32.6808603515625,0.114105001091957,-0.192092478275299,0.1163220852613449
2026-09-17T07:24:48.900820,1789629888900820200,32.6908203125,0.0636088028550148,-0.2319333702325821,0.0634370297193527
2026-09-17T07:24:48.910780,1789629888910780400,32.700780517578124,0.0152383409440517,-0.2280869632959365,0.002722815843299
2026-09-17T07:24:48.920739,1789629888920739300,32.7107392578125,-0.0164082683622837,-0.1589385122060775,-0.0613381937146186
2026-09-17T07:24:48.930699,1789629888930699300,32.72069921875,-0.0282119307667017,-0.0413431786000728,-0.1130804792046547
2026-09-17T07:24:48.940659,1789629888940659200,32.7306591796875,-0.0114097809419035,0.0548123829066753,-0.1399115622043609
2026-09-17T07:24:48.950618,1789629888950618400,32.740618408203126,0.0375199429690837,0.128286063671112,-0.1271041631698608
2026-09-17T07:24:48.960578,1789629888960578600,32.75057861328125,0.1130277514457702,0.1556649655103683,-0.0773954540491104
2026-09-17T07:24:48.970538,1789629888970538500,32.76053857421875,0.1822784543037414,0.1105680540204048,-0.0223319362848997
2026-09-17T07:24:48.980497,1789629888980497400,32.770497314453124,0.2233497351408004,0.0231103785336017,0.0234818905591964
2026-09-17T07:24:48.990457,1789629888990457300,32.780457275390624,0.2247961014509201,-0.0558374337852001,0.0554478131234645
2026-09-17T07:24:49.000417,1789629889000417300,32.790417236328125,0.1911702305078506,-0.099774532020092,0.0601003542542457
2026-09-17T07:24:49.010376,1789629889010376200,32.80037622070312,0.1364097744226455,-0.0691090300679206,0.0412454418838024
2026-09-17T07:24:49.020336,1789629889020336400,32.81033642578125,0.0716696605086326,-0.0239029359072446,0.0056853163987398
2026-09-17T07:24:49.030296,1789629889030296300,32.82029638671875,-0.0090291816741228,-0.0195121821016073,-0.0434593260288238
2026-09-17T07:24:49.040255,1789629889040255200,32.830255126953126,-0.1125577017664909,-0.0331004299223423,-0.1030922979116439
2026-09-17T07:24:49.050215,1789629889050215200,32.84021508789063,-0.2367190718650818,-0.0504626408219337,-0.1720370054244995
2026-09-17T07:24:49.060175,1789629889060175400,32.85017529296875,-0.3956530690193176,-0.0777928009629249,-0.2816769480705261
2026-09-17T07:24:49.070135,1789629889070135300,32.86013525390625,-0.5885301232337952,-0.1231533586978912,-0.4176749885082245
2026-09-17T07:24:49.080094,1789629889080094500,32.87009448242188,-0.7920312881469727,-0.1132991313934326,-0.5577330589294434
2026-09-17T07:24:49.090054,1789629889090054400,32.88005444335938,-0.9626768231391908,-0.0470101200044155,-0.6538417339324951
2026-09-17T07:24:49.100014,1789629889100014300,32.89001440429688,-1.0446544885635376,0.1026203855872154,-0.681649386882782
2026-09-17T07:24:49.109973,1789629889109973500,32.899973388671874,-1.0110491514205933,0.3015443980693817,-0.6035617589950562
2026-09-17T07:24:49.119933,1789629889119933400,32.909933349609375,-0.8497955203056335,0.4743225574493408,-0.4365522861480713
2026-09-17T07:24:49.129893,1789629889129893400,32.919893310546875,-0.5770881175994873,0.6561850309371948,-0.2038663178682327
2026-09-17T07:24:49.139852,1789629889139852300,32.92985229492187,-0.2456574290990829,0.7783149480819702,0.0505867451429367
2026-09-17T07:24:49.149812,1789629889149812200,32.93981225585937,0.0905645191669464,0.7841331362724304,0.2632252275943756
2026-09-17T07:24:49.159772,1789629889159772400,32.9497724609375,0.3762737810611725,0.6703735589981079,0.4070476591587066
2026-09-17T07:24:49.169731,1789629889169731300,32.9597314453125,0.5962274074554443,0.4863962829113006,0.493283212184906
2026-09-17T07:24:49.179691,1789629889179691300,32.96969116210938,0.7393635511398315,0.2589346170425415,0.5242006182670593
2026-09-17T07:24:49.189651,1789629889189651200,32.97965112304688,0.7977709174156189,0.0774415284395217,0.4899161756038666
2026-09-17T07:24:49.199610,1789629889199610000,32.989610107421875,0.7845795154571533,-0.0356605239212513,0.4090096056461334
2026-09-17T07:24:49.209570,1789629889209570300,32.9995703125,0.7163175940513611,-0.0946633890271186,0.2880991697311401
2026-09-17T07:24:49.219530,1789629889219530200,33.0095302734375,0.5958346128463745,-0.1117872521281242,0.1368822157382965
2026-09-17T07:24:49.229490,1789629889229490200,33.019490234375,0.4262368083000183,-0.1216057911515235,-0.0310897417366504
2026-09-17T07:24:49.239449,1789629889239449300,33.029449462890625,0.2120030671358108,-0.1358036398887634,-0.2045853585004806
2026-09-17T07:24:49.249409,1789629889249409800,33.03940991210938,-0.0142356613650918,-0.1212380081415176,-0.3598482012748718
2026-09-17T07:24:49.259369,1789629889259369700,33.04936962890625,-0.2164236456155777,-0.0789877623319625,-0.4700929224491119
2026-09-17T07:24:49.269328,1789629889269328600,33.05932861328125,-0.3604777455329895,-0.0124848987907171,-0.5224624276161194
2026-09-17T07:24:49.279288,1789629889279288600,33.06928857421875,-0.4332656860351562,0.0691220760345459,-0.5198636651039124
2026-09-17T07:24:49.289248,1789629889289248500,33.07924853515625,-0.4300339221954345,0.135850504040718,-0.4652619659900665
2026-09-17T07:24:49.299207,1789629889299207700,33.08920776367187,-0.3586921095848083,0.2077822238206863,-0.3672776222229004
2026-09-17T07:24:49.309167,1789629889309167600,33.09916772460937,-0.2412770688533783,0.2521515488624573,-0.2460595667362213
2026-09-17T07:24:49.319127,1789629889319127600,33.10912744140625,-0.1026882976293563,0.2499539107084274,-0.1322919875383377
2026-09-17T07:24:49.329086,1789629889329086500,33.11908642578125,0.0364149995148181,0.2184742838144302,-0.0363212563097476
2026-09-17T07:24:49.339046,1789629889339046400,33.12904638671875,0.1535876989364624,0.1626789271831512,0.0374379195272922
2026-09-17T07:24:49.349006,1789629889349006600,33.13900659179688,0.2337810695171356,0.0986509397625923,0.0831353664398193
2026-09-17T07:24:49.358965,1789629889358965800,33.1489658203125,0.2665379345417022,0.0208674650639295,0.1015577837824821
2026-09-17T07:24:49.368925,1789629889368925700,33.15892578125,0.2470944821834564,-0.0617318078875541,0.0899858176708221
2026-09-17T07:24:49.378885,1789629889378885600,33.1688857421875,0.1924996674060821,-0.1133225634694099,0.0645987018942833
2026-09-17T07:24:49.388845,1789629889388845600,33.17884545898438,0.1128575727343559,-0.1243291422724723,0.0255634170025587
2026-09-17T07:24:49.398804,1789629889398804700,33.1888046875,0.0262968521565198,-0.1389975696802139,-0.0136710712686181
2026-09-17T07:24:49.408764,1789629889408764700,33.1987646484375,-0.042685680091381,-0.1615782380104065,-0.0538616329431533
2026-09-17T07:24:49.418724,1789629889418724600,33.208724609375,-0.0845945104956626,-0.1588186770677566,-0.0845052972435951
2026-09-17T07:24:49.428683,1789629889428683500,33.21868359375,-0.1055852845311164,-0.1556369960308075,-0.1016137078404426
2026-09-17T07:24:49.438643,1789629889438643700,33.228643798828124,-0.1203208193182945,-0.1436165571212768,-0.1071948930621147
2026-09-17T07:24:49.448603,1789629889448603600,33.238603759765624,-0.1281435936689376,-0.1317849308252334,-0.0993897020816803
2026-09-17T07:24:49.458562,1789629889458562600,33.2485625,-0.122963473200798,-0.1246553808450698,-0.073338396847248
2026-09-17T07:24:49.468522,1789629889468522500,33.2585224609375,-0.102305069565773,-0.0958618149161338,-0.0419799387454986
2026-09-17T07:24:49.478482,1789629889478482400,33.268482421875,-0.0630330294370651,-0.061075072735548,-0.0203542746603488
2026-09-17T07:24:49.488441,1789629889488441300,33.27844140625,0.0055204667150974,-0.0252219997346401,0.005494900047779
2026-09-17T07:24:49.498401,1789629889498401500,33.288401611328126,0.1056755632162094,-0.0101045658811926,0.0313984043896198
2026-09-17T07:24:49.508361,1789629889508361500,33.29836157226563,0.2252043634653091,-0.0260489117354154,0.057668887078762
2026-09-17T07:24:49.518320,1789629889518320600,33.30832055664062,0.3427424430847168,-0.0704075843095779,0.0915650725364685
2026-09-17T07:24:49.528280,1789629889528280600,33.318280517578124,0.4393565952777862,-0.1201541051268577,0.1246401965618133
2026-09-17T07:24:49.538240,1789629889538240800,33.32824072265625,0.5057896971702576,-0.1689229756593704,0.1519085764884948
2026-09-17T07:24:49.548200,1789629889548200700,33.33820068359375,0.5511673092842102,-0.2215558290481567,0.1746860593557357
2026-09-17T07:24:49.558159,1789629889558159600,33.34815966796875,0.5735205411911011,-0.2568440437316894,0.185630589723587
2026-09-17T07:24:49.568119,1789629889568119600,33.35811962890625,0.5723756551742554,-0.248656153678894,0.1783367097377777
2026-09-17T07:24:49.578079,1789629889578079500,33.36807958984375,0.5504714250564575,-0.2074376046657562,0.1519645005464553
2026-09-17T07:24:49.588038,1789629889588038700,33.37803857421875,0.5069654583930969,-0.1649793684482574,0.1196089535951614
2026-09-17T07:24:49.597998,1789629889597998600,33.38799853515625,0.4460696280002594,-0.1221994087100029,0.0858246237039566
2026-09-17T07:24:49.607958,1789629889607958500,33.39795849609375,0.3651284277439117,-0.0687265992164611,0.0577610358595848
2026-09-17T07:24:49.617917,1789629889617917400,33.40791748046875,0.2643842399120331,-0.0423410646617412,0.0330839157104492
2026-09-17T07:24:49.627877,1789629889627877400,33.41787744140625,0.1556926518678665,-0.0661561191082,0.0079913474619388
2026-09-17T07:24:49.637837,1789629889637837600,33.42783764648438,0.0538355335593223,-0.1052683666348457,-0.0160601921379566
2026-09-17T07:24:49.647796,1789629889647796700,33.437796630859374,-0.0430065877735614,-0.1764916777610778,-0.0212469659745693
2026-09-17T07:24:49.657756,1789629889657756700,33.447756591796875,-0.136450245976448,-0.2752510011196136,0.0060783987864851
2026-09-17T07:24:49.667716,1789629889667716600,33.457716552734375,-0.1977069526910781,-0.3278678953647613,0.0847798660397529
2026-09-17T07:24:49.677675,1789629889677675500,33.46767553710937,-0.2029174268245697,-0.266364574432373,0.2126701921224594
2026-09-17T07:24:49.687635,1789629889687635700,33.4776357421875,-0.13749660551548,-0.0998925119638443,0.3587610721588135
2026-09-17T07:24:49.697595,1789629889697595600,33.487595703125,-0.0152894742786884,0.0778766870498657,0.478564441204071
2026-09-17T07:24:49.707554,1789629889707554600,33.49755444335938,0.1341210454702377,0.2089521437883377,0.5450180172920227
2026-09-17T07:24:49.717514,1789629889717514500,33.50751440429688,0.2784563899040222,0.2479959577322006,0.5543034076690674
2026-09-17T07:24:49.727474,1789629889727474700,33.517474609375,0.3817055523395538,0.1954952031373977,0.5317789316177368
2026-09-17T07:24:49.737434,1789629889737434600,33.5274345703125,0.4231744408607483,0.0852680280804634,0.4979330897331238
2026-09-17T07:24:49.747393,1789629889747393500,33.5373935546875,0.4097869992256164,-0.0416518375277519,0.4562886953353882
2026-09-17T07:24:49.757353,1789629889757353500,33.547353515625,0.3576976954936981,-0.168070763349533,0.4280357658863067
2026-09-17T07:24:49.767313,1789629889767313400,33.5573134765625,0.2780316174030304,-0.2704530656337738,0.4112916588783264
2026-09-17T07:24:49.777272,1789629889777272600,33.5672724609375,0.1844737082719802,-0.3385343849658966,0.3965273797512054
2026-09-17T07:24:49.787232,1789629889787232500,33.577232421875,0.0756201893091201,-0.349979043006897,0.3637417256832123
2026-09-17T07:24:49.797192,1789629889797192400,33.5871923828125,-0.0436694510281086,-0.3203031718730926,0.3122564256191253
2026-09-17T07:24:49.807151,1789629889807151600,33.59715161132812,-0.1653908193111419,-0.2734166383743286,0.2471314966678619
2026-09-17T07:24:49.817111,1789629889817111600,33.60711157226562,-0.2755844295024872,-0.2002966105937957,0.1730293035507202
2026-09-17T07:24:49.827071,1789629889827071700,33.61707177734375,-0.3637704849243164,-0.108171209692955,0.1002403199672699
2026-09-17T07:24:49.837030,1789629889837030700,33.62703076171875,-0.4189956784248352,-0.0100760702043771,0.0455357916653156
2026-09-17T07:24:49.846990,1789629889846990600,33.63699047851563,-0.4237765669822693,0.097682349383831,0.0284635983407497
2026-09-17T07:24:49.856950,1789629889856950500,33.64695043945313,-0.3744596242904663,0.1852225810289383,0.040961280465126
2026-09-17T07:24:49.866909,1789629889866909400,33.656909423828125,-0.2699574530124664,0.2471821010112762,0.0768638849258422
2026-09-17T07:24:49.876869,1789629889876869600,33.66686962890625,-0.1236369833350181,0.2808383107185364,0.1341852396726608
2026-09-17T07:24:49.886829,1789629889886829600,33.67682958984375,0.0399516783654689,0.2781218886375427,0.1915734261274337
2026-09-17T07:24:49.896789,1789629889896789500,33.68678955078125,0.1938275247812271,0.2415351271629333,0.2374655455350875
2026-09-17T07:24:49.906748,1789629889906748400,33.69674853515625,0.3238294720649719,0.2135333269834518,0.2711625397205353
2026-09-17T07:24:49.916708,1789629889916708400,33.706708251953124,0.4095518290996551,0.1452786326408386,0.2868509292602539
2026-09-17T07:24:49.926668,1789629889926668500,33.71666845703125,0.4406474232673645,0.0792143940925598,0.2781996726989746
2026-09-17T07:24:49.936627,1789629889936627700,33.72662768554687,0.4263007044792175,0.0099823269993066,0.2547396123409271
2026-09-17T07:24:49.946587,1789629889946587600,33.736587646484374,0.3674187660217285,-0.031605064868927,0.2142161577939987
2026-09-17T07:24:49.956547,1789629889956547600,33.746547607421874,0.2804790735244751,-0.0534331314265728,0.1632530987262725
2026-09-17T07:24:49.966506,1789629889966506500,33.75650659179688,0.1804478019475937,-0.0727607533335685,0.1086561754345893
2026-09-17T07:24:49.976466,1789629889976466700,33.766466796875,0.0802556872367858,-0.0671662539243698,0.0500405319035053
2026-09-17T07:24:49.986426,1789629889986426600,33.77642651367187,-0.0116145778447389,-0.048782717436552,-0.0040288302116096
2026-09-17T07:24:49.996385,1789629889996385500,33.786385498046876,-0.0843175426125526,-0.022081334143877,-0.056527990847826
2026-09-17T07:24:50.006345,1789629890006345500,33.796345458984376,-0.1304807811975479,0.0087199881672859,-0.106656402349472
2026-09-17T07:24:50.016305,1789629890016305700,33.8063056640625,-0.1441225558519363,0.04727803170681,-0.1515980511903762
2026-09-17T07:24:50.026264,1789629890026264600,33.8162646484375,-0.1433513015508651,0.0750425532460212,-0.1890476793050766
2026-09-17T07:24:50.036224,1789629890036224500,33.826224609375,-0.1306581497192382,0.0909711867570877,-0.2217678129673004
2026-09-17T07:24:50.046184,1789629890046184400,33.836184326171875,-0.1132650375366211,0.0922678783535957,-0.2471551895141601
2026-09-17T07:24:50.056144,1789629890056144400,33.846144287109375,-0.0964991077780723,0.0543274208903312,-0.2610451877117157
2026-09-17T07:24:50.066103,1789629890066103600,33.856103515625,-0.0789107903838157,-0.0467219650745391,-0.2672452926635742
2026-09-17T07:24:50.076063,1789629890076063700,33.866063720703124,-0.0561000220477581,-0.1310472339391708,-0.2443357110023498
2026-09-17T07:24:50.086023,1789629890086023700,33.876023681640625,-0.0240342300385236,-0.1382382959127426,-0.2013472318649292
2026-09-17T07:24:50.095982,1789629890095982600,33.88598266601562,0.0052344431169331,-0.119856096804142,-0.1491109281778335
2026-09-17T07:24:50.105942,1789629890105942500,33.89594262695312,0.0020695424173027,-0.1006874591112136,-0.1187697947025299
2026-09-17T07:24:50.115902,1789629890115902700,33.90590283203125,-0.0462276823818683,-0.084565483033657,-0.1174656450748443
2026-09-17T07:24:50.125861,1789629890125861600,33.91586157226563,-0.1358720809221267,-0.077473483979702,-0.1438501179218292
2026-09-17T07:24:50.135821,1789629890135821600,33.92582153320313,-0.2495869249105453,-0.0683545544743537,-0.1823911070823669
2026-09-17T07:24:50.145781,1789629890145781500,33.93578149414063,-0.3490285575389862,-0.0364799797534942,-0.2142995148897171
2026-09-17T07:24:50.155740,1789629890155740400,33.945740478515624,-0.4086982905864715,0.0389370135962963,-0.2239542752504348
2026-09-17T07:24:50.165700,1789629890165700600,33.95570068359375,-0.4185661077499389,0.1127931252121925,-0.2080203145742416
2026-09-17T07:24:50.175660,1789629890175660500,33.96566064453125,-0.391177624464035,0.1404236853122711,-0.1773891597986221
2026-09-17T07:24:50.185619,1789629890185619700,33.97561962890625,-0.342197835445404,0.1198089569807052,-0.1574458181858062
2026-09-17T07:24:50.195579,1789629890195579600,33.98557958984375,-0.2892043888568878,0.0488237328827381,-0.1529687792062759
2026-09-17T07:24:50.205539,1789629890205539600,33.99553955078125,-0.2489437758922577,-0.0483006872236728,-0.1831567734479904
2026-09-17T07:24:50.215498,1789629890215498800,34.00549877929687,-0.2245172560214996,-0.1440309435129165,-0.2402893006801605
2026-09-17T07:24:50.225458,1789629890225458700,34.01545874023437,-0.2375734150409698,-0.2113058567047119,-0.3205220997333526
2026-09-17T07:24:50.235418,1789629890235418600,34.02541870117187,-0.2659451365470886,-0.2181435227394104,-0.392669528722763
2026-09-17T07:24:50.245379,1789629890245379300,34.03537939453125,-0.285793662071228,-0.124549388885498,-0.4385336637496948
2026-09-17T07:24:50.255338,1789629890255338500,34.04533837890625,-0.2717225849628448,0.0612889230251312,-0.4540393948554992
2026-09-17T07:24:50.265298,1789629890265298400,34.05529833984375,-0.2213805913925171,0.2977382242679596,-0.4270203113555908
2026-09-17T07:24:50.275258,1789629890275258600,34.065258544921875,-0.1461883634328842,0.4979464113712311,-0.3629547655582428
2026-09-17T07:24:50.285217,1789629890285217500,34.07521752929687,-0.0826408192515373,0.6007340550422668,-0.276753306388855
2026-09-17T07:24:50.295177,1789629890295177500,34.08517749023437,-0.0530669465661048,0.5859726667404175,-0.1986880600452423
2026-09-17T07:24:50.305137,1789629890305137400,34.09513745117187,-0.043824978172779,0.4769151508808136,-0.1463159322738647
2026-09-17T07:24:50.315096,1789629890315096300,34.105096435546876,-0.0325515531003475,0.3196834623813629,-0.1273235976696014
2026-09-17T07:24:50.325056,1789629890325056500,34.11505639648438,0.0014034858904778,0.1651290357112884,-0.138708084821701
2026-09-17T07:24:50.335016,1789629890335016400,34.12501635742188,0.0703567191958427,0.0519385635852813,-0.1585917770862579
2026-09-17T07:24:50.344975,1789629890344975400,34.134975341796874,0.1517168283462524,0.0134215326979756,-0.1593694239854812
2026-09-17T07:24:50.354935,1789629890354935300,34.144935302734375,0.2209331840276718,0.0320511423051357,-0.1338984072208404
2026-09-17T07:24:50.364895,1789629890364895200,34.154895263671875,0.2511158585548401,0.0523921027779579,-0.0844493731856346
2026-09-17T07:24:50.374854,1789629890374854700,34.164854736328124,0.2431130558252334,0.0623571164906024,-0.0304551105946302
2026-09-17T07:24:50.384814,1789629890384814600,34.174814697265624,0.2033118456602096,0.0583453327417373,0.0120199108496308
2026-09-17T07:24:50.394774,1789629890394774500,34.1847744140625,0.1455566734075546,0.0126175247132778,0.0220523048192262
2026-09-17T07:24:50.404734,1789629890404734500,34.194734375,0.068435251712799,-0.0423280149698257,-0.0058416440151631
2026-09-17T07:24:50.414693,1789629890414693400,34.204693359375,-0.0101437140256166,-0.0477981492877006,-0.0501039139926433
2026-09-17T07:24:50.424653,1789629890424653600,34.21465356445312,-0.0576414577662944,-0.0140875894576311,-0.0735756829380989
2026-09-17T07:24:50.434613,1789629890434613500,34.22461352539062,-0.061796523630619,0.0397383570671081,-0.0793954879045486
2026-09-17T07:24:50.444572,1789629890444572400,34.23457250976563,-0.0229655038565397,0.0819143056869506,-0.0635784417390823
2026-09-17T07:24:50.454532,1789629890454532400,34.24453247070313,0.0381889306008815,0.1248268857598304,-0.0305584408342838
2026-09-17T07:24:50.464492,1789629890464492500,34.25449243164063,0.0932806804776191,0.1501018851995468,0.0105365300551056
2026-09-17T07:24:50.474451,1789629890474451500,34.264451416015625,0.1285089701414108,0.1852100640535354,0.058475561439991
2026-09-17T07:24:50.484411,1789629890484411400,34.274411376953125,0.137722447514534,0.2296941727399826,0.0898502618074417
2026-09-17T07:24:50.494371,1789629890494371300,34.284371337890626,0.1033223941922187,0.2636071443557739,0.0925075635313987
2026-09-17T07:24:50.504330,1789629890504330500,34.29433056640625,0.0406076125800609,0.2767581045627594,0.0738952606916427
2026-09-17T07:24:50.514290,1789629890514290400,34.30429052734375,-0.0342005789279937,0.2632899582386017,0.0393881537020206
2026-09-17T07:24:50.524250,1789629890524250600,34.314250732421876,-0.0945773720741272,0.1800296902656555,0.0041758366860449
2026-09-17T07:24:50.534209,1789629890534209500,34.32420947265625,-0.1171585842967033,0.106687031686306,-0.0189614407718181
2026-09-17T07:24:50.544169,1789629890544169500,34.33416943359375,-0.1081288680434227,0.0391396805644035,-0.0478492826223373
2026-09-17T07:24:50.554129,1789629890554129400,34.34412939453125,-0.0787747055292129,-0.0369015596807003,-0.0824599862098693
2026-09-17T07:24:50.564089,1789629890564089600,34.354089599609374,-0.0502708926796913,-0.1017274260520935,-0.1039799302816391
2026-09-17T07:24:50.574048,1789629890574048500,34.36404858398438,-0.0344522483646869,-0.155299037694931,-0.1099275648593902
2026-09-17T07:24:50.584008,1789629890584008400,34.37400854492188,-0.0371630825102329,-0.1939769238233566,-0.107841245830059
2026-09-17T07:24:50.593968,1789629890593968400,34.38396850585937,-0.0480604693293571,-0.2158673107624054,-0.1057192385196685
2026-09-17T07:24:50.603927,1789629890603927300,34.39392724609375,-0.0548723042011261,-0.1948544383049011,-0.099050685763359
2026-09-17T07:24:50.613887,1789629890613887500,34.403887451171876,-0.054093062877655,-0.1550260633230209,-0.0892979204654693
2026-09-17T07:24:50.623847,1789629890623847400,34.41384741210938,-0.031833030283451,-0.1467247307300567,-0.0774063766002655
2026-09-17T07:24:50.633806,1789629890633806600,34.423806640625,0.0084645915776491,-0.1206816732883453,-0.0501443929970264
2026-09-17T07:24:50.643766,1789629890643766500,34.4337666015625,0.0645984336733818,-0.0754004791378974,-0.0121205784380435
2026-09-17T07:24:50.653726,1789629890653726500,34.4437265625,0.1156786605715751,-0.0416289344429969,0.0118766333907842
2026-09-17T07:24:50.663685,1789629890663685600,34.453685546875,0.1494869589805603,-0.030148847028613,0.0186162944883108
2026-09-17T07:24:50.673645,1789629890673645600,34.4636455078125,0.1548508256673813,-0.0526544228196144,0.0162053350359201
2026-09-17T07:24:50.683605,1789629890683605500,34.47360546875,0.1323553770780563,-0.1159625574946403,0.0006282397080212
2026-09-17T07:24:50.693564,1789629890693564400,34.483564453125,0.1037189364433288,-0.1755707561969757,-0.0129959592595696
2026-09-17T07:24:50.703524,1789629890703524400,34.4935244140625,0.0808945819735527,-0.2040335536003112,-0.0099658146500587
2026-09-17T07:24:50.713484,1789629890713484500,34.50348461914062,0.0772535055875778,-0.2025057077407837,0.0011667308863252
2026-09-17T07:24:50.723444,1789629890723444500,34.51344458007812,0.1078878492116928,-0.1349037587642669,0.0167528819292783
2026-09-17T07:24:50.733403,1789629890733403400,34.5234033203125,0.1710495054721832,0.0162468813359737,0.0590715743601322
2026-09-17T07:24:50.743363,1789629890743363300,34.53336328125,0.2481147348880767,0.1633423268795013,0.1154043599963188
2026-09-17T07:24:50.753323,1789629890753323500,34.54332348632813,0.3121664226055145,0.2336963713169098,0.165499210357666
2026-09-17T07:24:50.763282,1789629890763282400,34.553282470703124,0.3445022404193878,0.2072354704141616,0.1959109157323837
2026-09-17T07:24:50.773242,1789629890773242400,34.563242431640624,0.3257094025611877,0.1133119091391563,0.1989607661962509
2026-09-17T07:24:50.783202,1789629890783202300,34.573202392578125,0.2579894661903381,-0.0118505340069532,0.1701719909906387
2026-09-17T07:24:50.793161,1789629890793161500,34.58316137695312,0.1275054961442947,-0.1611441522836685,0.1098013296723365
2026-09-17T07:24:50.803121,1789629890803121700,34.59312158203125,-0.0479262471199035,-0.3037135601043701,0.0311842840164899
2026-09-17T07:24:50.813081,1789629890813081600,34.60308154296875,-0.2261969149112701,-0.3815010190010071,-0.0271586496382951
2026-09-17T07:24:50.823040,1789629890823040500,34.61304052734375,-0.3548840582370758,-0.3607613742351532,-0.0486998930573463
2026-09-17T07:24:50.833000,1789629890833000400,34.62300048828125,-0.416768729686737,-0.2620481252670288,-0.0518402941524982
2026-09-17T07:24:50.842960,1789629890842960400,34.63296044921875,-0.4135598838329315,-0.1137481331825256,-0.0689566954970359
2026-09-17T07:24:50.852919,1789629890852919300,34.642919189453124,-0.3662650883197784,0.069140188395977,-0.0822128504514694
2026-09-17T07:24:50.862879,1789629890862879500,34.65287939453125,-0.2955951690673828,0.2291442304849624,-0.0917634740471839
2026-09-17T07:24:50.872839,1789629890872839400,34.66283935546875,-0.2401348352432251,0.2646569609642029,-0.1090505868196487
2026-09-17T07:24:50.882799,1789629890882799400,34.67279931640625,-0.1788469851016998,0.1887150555849075,-0.1093262210488319
2026-09-17T07:24:50.892758,1789629890892758300,34.68275830078125,-0.0791084021329879,0.1523501276969909,-0.0471462085843086
2026-09-17T07:24:50.902718,1789629890902718500,34.692718505859375,0.0359697192907333,0.1008371338248252,0.0556227825582027
2026-09-17T07:24:50.912678,1789629890912678400,34.702678466796876,0.1344219893217086,0.0140236737206578,0.1796826720237732
2026-09-17T07:24:50.922637,1789629890922637600,34.71263745117187,0.1988284140825271,-0.0777555182576179,0.2986226379871368
2026-09-17T07:24:50.932597,1789629890932597500,34.72259741210937,0.2173120826482772,-0.1571661829948425,0.389126181602478
2026-09-17T07:24:50.942557,1789629890942557400,34.73255737304687,0.1744096130132675,-0.2256690710783004,0.4240266382694244
2026-09-17T07:24:50.952516,1789629890952516600,34.7425166015625,0.0795307755470275,-0.2641799747943878,0.3929555416107178
2026-09-17T07:24:50.962476,1789629890962476500,34.7524765625,-0.0468388795852661,-0.2663411498069763,0.3074275851249695
2026-09-17T07:24:50.972436,1789629890972436500,34.7624365234375,-0.1736138612031936,-0.2104363292455673,0.2008393555879593
2026-09-17T07:24:50.982395,1789629890982395400,34.7723955078125,-0.2755269110202789,-0.1229821145534515,0.1059802249073982
2026-09-17T07:24:50.992355,1789629890992355300,34.782355224609375,-0.3378456830978393,-0.0310924053192138,0.0432601235806942
2026-09-17T07:24:51.002315,1789629891002315500,34.7923154296875,-0.3616125285625458,0.0412710085511207,0.0131568145006895
2026-09-17T07:24:51.012275,1789629891012275500,34.802275390625,-0.3541487455368042,0.0811678245663642,0.011772503145039
2026-09-17T07:24:51.022234,1789629891022234400,34.812234375,-0.3186522722244262,0.096539057791233,0.0158884190022945
2026-09-17T07:24:51.032194,1789629891032194300,34.8221943359375,-0.2719111442565918,0.0840261951088905,0.0082281026989221
2026-09-17T07:24:51.042154,1789629891042154500,34.832154541015626,-0.2423178255558014,0.0419589020311832,-0.0379473827779293
2026-09-17T07:24:51.052113,1789629891052113400,34.84211352539062,-0.2294488996267318,-0.0035872780717909,-0.1150861084461212
2026-09-17T07:24:51.062073,1789629891062073300,34.8520732421875,-0.2301948517560959,-0.0440894290804863,-0.1945945173501968
2026-09-17T07:24:51.072033,1789629891072033300,34.862033203125,-0.2351051867008209,-0.0692128911614418,-0.2524658143520355
2026-09-17T07:24:51.081992,1789629891081992400,34.87199243164063,-0.2445692718029022,-0.0828200504183769,-0.2645501792430877
2026-09-17T07:24:51.091952,1789629891091952600,34.88195263671875,-0.2541888654232025,-0.0859181061387062,-0.2391002029180526
2026-09-17T07:24:51.101912,1789629891101912600,34.89191259765625,-0.2652359306812286,-0.0849606990814209,-0.1963894814252853
2026-09-17T07:24:51.111871,1789629891111871500,34.90187158203125,-0.258632093667984,-0.0567279942333698,-0.1378923505544662
2026-09-17T07:24:51.121831,1789629891121831400,34.91183154296875,-0.2200000137090683,-0.0130279175937175,-0.0800271928310394
2026-09-17T07:24:51.131791,1789629891131791400,34.92179125976563,-0.1579353064298629,0.0529838539659976,-0.0317403525114059
2026-09-17T07:24:51.141750,1789629891141750300,34.93175024414062,-0.0916963666677475,0.0872739180922508,-0.0124095315113663
2026-09-17T07:24:51.151710,1789629891151710500,34.94171044921875,-0.0287560150027275,0.0872310400009155,-0.0129328425973653
2026-09-17T07:24:51.161670,1789629891161670400,34.95167041015625,0.0200123246759176,0.0355318933725357,-0.0147150298580527
2026-09-17T07:24:51.171630,1789629891171630300,34.96163037109375,0.0521124713122844,-0.0456063672900199,-0.0103466473519802
2026-09-17T07:24:51.181589,1789629891181589200,34.97158935546875,0.0687742680311203,-0.0905693173408508,0.0016423714114353
2026-09-17T07:24:51.191549,1789629891191549400,34.981549560546874,0.0813353359699249,-0.1028773784637451,0.0099192094057798
2026-09-17T07:24:51.201509,1789629891201509400,34.99150927734375,0.0846813321113586,-0.1194001659750938,0.0092907035723328
2026-09-17T07:24:51.211468,1789629891211468500,35.00146850585938,0.0697023794054985,-0.1350563615560531,-0.0056429719552397
2026-09-17T07:24:51.221428,1789629891221428500,35.01142846679687,0.038882952183485,-0.146962821483612,-0.0222336668521165
2026-09-17T07:24:51.231388,1789629891231388700,35.021388671875,0.0054967645555734,-0.1399054378271103,-0.0383708253502845
2026-09-17T07:24:51.241347,1789629891241347600,35.03134765625,-0.0097413109615445,-0.126603752374649,-0.0460918620228767
2026-09-17T07:24:51.251306,1789629891251306200,35.04130615234375,-0.0058501660823822,-0.1161053031682968,-0.0366706624627113
2026-09-17T07:24:51.261266,1789629891261266400,35.05126635742187,0.0183217488229274,-0.0696789473295211,-0.0176343880593776
2026-09-17T07:24:51.271225,1789629891271225300,35.06122534179688,0.0523803830146789,-0.0443932972848415,0.017133979126811
2026-09-17T07:24:51.281185,1789629891281185300,35.07118530273438,0.0740156397223472,-0.0622380748391151,0.0490391813218593
2026-09-17T07:24:51.291145,1789629891291145200,35.08114526367188,0.0863647162914276,-0.1014408692717552,0.0748273655772209
2026-09-17T07:24:51.301104,1789629891301104400,35.0911044921875,0.0860075876116752,-0.1287233531475067,0.0932521820068359
2026-09-17T07:24:51.311064,1789629891311064600,35.10106469726563,0.0795909687876701,-0.1361895352602005,0.0993108749389648
2026-09-17T07:24:51.321024,1789629891321024500,35.1110244140625,0.0768202096223831,-0.1187791153788566,0.0909333676099777
2026-09-17T07:24:51.330984,1789629891330984400,35.120984375,0.0780854821205139,-0.085555650293827,0.0522605404257774
2026-09-17T07:24:51.340943,1789629891340943400,35.130943359375,0.0752926245331764,-0.0756454914808273,-0.0310175698250532
2026-09-17T07:24:51.350903,1789629891350903600,35.140903564453126,0.0633398219943046,-0.0620015859603881,-0.1526891440153122
2026-09-17T07:24:51.360863,1789629891360863500,35.150863525390626,0.0356546677649021,-0.0287482906132936,-0.2798771858215332
2026-09-17T07:24:51.370822,1789629891370822400,35.16082250976562,-0.0255679450929164,-0.0322404950857162,-0.3844070732593536
2026-09-17T07:24:51.380782,1789629891380782300,35.1707822265625,-0.1358190774917602,-0.1145992800593376,-0.4251257181167602
2026-09-17T07:24:51.390742,1789629891390742300,35.1807421875,-0.2762100100517273,-0.2309543937444687,-0.3849644660949707
2026-09-17T07:24:51.400701,1789629891400701400,35.19070141601563,-0.3931273221969604,-0.2784087359905243,-0.3043007850646972
2026-09-17T07:24:51.410661,1789629891410661400,35.20066137695313,-0.4486249387264251,-0.1610336303710937,-0.2212468981742859
2026-09-17T07:24:51.420621,1789629891420621300,35.21062133789062,-0.4174132049083709,0.0993590801954269,-0.1673197448253631
2026-09-17T07:24:51.430580,1789629891430580500,35.22058056640625,-0.3113472163677215,0.3806594610214233,-0.1525796949863433
2026-09-17T07:24:51.440540,1789629891440540400,35.23054052734375,-0.162675991654396,0.5870714783668518,-0.1606685072183609
2026-09-17T07:24:51.450500,1789629891450500600,35.24050048828125,-0.0066131614148616,0.6889379024505615,-0.1651186496019363
2026-09-17T07:24:51.460459,1789629891460459500,35.25045947265625,0.1234311237931251,0.6654927730560303,-0.1399555057287216
2026-09-17T07:24:51.470419,1789629891470419500,35.26041943359375,0.2302864640951156,0.5386198163032532,-0.0683819875121116
2026-09-17T07:24:51.480379,1789629891480379400,35.27037939453125,0.329313188791275,0.3548371791839599,0.0310191679745912
2026-09-17T07:24:51.490339,1789629891490339600,35.28033959960938,0.4253598153591156,0.1663303822278976,0.1101443469524383
2026-09-17T07:24:51.500298,1789629891500298500,35.290298583984374,0.5190157294273376,0.0554440841078758,0.1363898068666458
2026-09-17T07:24:51.510258,1789629891510258400,35.300258544921874,0.578317403793335,0.0103120263665914,0.1096189022064209
2026-09-17T07:24:51.520218,1789629891520218400,35.31021826171875,0.5683574676513672,-0.0003715109778568,0.0439019426703453
2026-09-17T07:24:51.530177,1789629891530177300,35.32017724609375,0.4801482260227203,7.3236929893e-05,-0.0439362972974777
2026-09-17T07:24:51.540137,1789629891540137500,35.33013745117187,0.313542753458023,0.0127887660637497,-0.1326858699321746
2026-09-17T07:24:51.550097,1789629891550097400,35.34009741210937,0.0950407609343528,0.0224544424563646,-0.2265330106019973
2026-09-17T07:24:51.560056,1789629891560056300,35.350056396484376,-0.1494438201189041,0.0345667637884616,-0.3138636648654938
2026-09-17T07:24:51.570016,1789629891570016500,35.3600166015625,-0.3763501942157745,0.0431634485721588,-0.3885149955749511
2026-09-17T07:24:51.579976,1789629891579976400,35.3699765625,-0.5513651371002197,0.0647965744137764,-0.4395281076431274
2026-09-17T07:24:51.589935,1789629891589935400,35.379935302734374,-0.643462598323822,0.094480961561203,-0.446621686220169
2026-09-17T07:24:51.599895,1789629891599895600,35.3898955078125,-0.6539384126663208,0.115803562104702,-0.406569629907608
2026-09-17T07:24:51.609855,1789629891609855500,35.39985546875,-0.6001875400543213,0.1078311279416084,-0.3220161199569702
2026-09-17T07:24:51.619814,1789629891619814400,35.409814453125,-0.4881294667720794,0.0995367094874382,-0.2123327702283859
2026-09-17T07:24:51.629774,1789629891629774300,35.4197744140625,-0.3431182205677032,0.1036281213164329,-0.0998179391026496
2026-09-17T07:24:51.639734,1789629891639734500,35.429734619140625,-0.2042420804500579,0.1011183634400367,-0.011151454411447
2026-09-17T07:24:51.649694,1789629891649694500,35.439694580078125,-0.0966778099536895,0.09256162494421,0.0439381636679172
2026-09-17T07:24:51.659653,1789629891659653400,35.4496533203125,-0.0254558250308036,0.0989409610629081,0.0808527693152427
2026-09-17T07:24:51.669613,1789629891669613300,35.45961328125,0.0119354892522096,0.0934852063655853,0.098110057413578
2026-09-17T07:24:51.679573,1789629891679573200,35.4695732421875,0.0275642499327659,0.0675558745861053,0.0966506451368331
2026-09-17T07:24:51.689532,1789629891689532400,35.47953247070313,0.016679111868143,0.0222786739468574,0.0900444015860557
2026-09-17T07:24:51.699492,1789629891699492400,35.48949243164063,-0.0063295350410044,-0.0632452815771102,0.0746103227138519
2026-09-17T07:24:51.709452,1789629891709452300,35.49945239257813,-0.0320380926132202,-0.1631511002779007,0.0610859915614128
2026-09-17T07:24:51.719411,1789629891719411500,35.509411376953125,-0.0481179952621459,-0.2221225500106811,0.0519377663731575
2026-09-17T07:24:51.729371,1789629891729371400,35.519371337890625,-0.0524320490658283,-0.2469203025102615,0.0356336273252964
2026-09-17T07:24:51.739331,1789629891739331600,35.52933154296875,-0.0537247471511364,-0.2426672428846359,0.0021776668727397
2026-09-17T07:24:51.749290,1789629891749290500,35.53929052734375,-0.0558739192783832,-0.2031203657388687,-0.0375375226140022
2026-09-17T07:24:51.759250,1789629891759250400,35.54925048828125,-0.0566795244812965,-0.1477622985839843,-0.0609725415706634
2026-09-17T07:24:51.769210,1789629891769210400,35.55921044921875,-0.0552515387535095,-0.1107853725552558,-0.0635318383574485
2026-09-17T07:24:51.779169,1789629891779169300,35.56916918945313,-0.0297376550734043,-0.0882438421249389,-0.0489899143576622
2026-09-17T07:24:51.789129,1789629891789129500,35.57912939453125,0.0284084714949131,-0.0574829988181591,-0.0151901384815573
2026-09-17T07:24:51.799089,1789629891799089400,35.58908935546875,0.1080300658941268,-0.0457216836512088,0.0342469215393066
2026-09-17T07:24:51.809049,1789629891809049300,35.59904931640625,0.1791950464248657,-0.0735858008265495,0.0806796625256538
2026-09-17T07:24:51.819008,1789629891819008300,35.60900830078125,0.2287455648183822,-0.1278109550476074,0.1192899048328399
2026-09-17T07:24:51.828968,1789629891828968400,35.61896850585938,0.252693235874176,-0.1895912289619445,0.1401898711919784
2026-09-17T07:24:51.838928,1789629891838928400,35.62892846679687,0.2474835664033889,-0.2558594644069671,0.1430314630270004
2026-09-17T07:24:51.848887,1789629891848887600,35.638887451171875,0.2184079736471176,-0.3072478175163269,0.1220955476164817
2026-09-17T07:24:51.858847,1789629891858847500,35.648847412109376,0.182552233338356,-0.3278473913669586,0.0964583605527877
2026-09-17T07:24:51.868807,1789629891868807400,35.658807373046876,0.1542106121778488,-0.2612254619598388,0.0770087614655494
2026-09-17T07:24:51.878766,1789629891878766300,35.66876635742187,0.1317377835512161,-0.1535751819610595,0.0847780033946037
2026-09-17T07:24:51.888726,1789629891888726500,35.6787265625,0.1061701104044914,-0.0499172247946262,0.0852065086364746
2026-09-17T07:24:51.898686,1789629891898686500,35.6886865234375,0.071539431810379,0.0120297651737928,0.0631613954901695
2026-09-17T07:24:51.908645,1789629891908645400,35.69864526367188,0.0077508641406893,0.0132423024624586,0.0088241174817085
2026-09-17T07:24:51.918605,1789629891918605300,35.70860522460937,-0.082192339003086,-0.0371279269456863,-0.0681441649794578
2026-09-17T07:24:51.928565,1789629891928565500,35.7185654296875,-0.18290376663208,-0.1129638329148292,-0.1417606025934219
2026-09-17T07:24:51.938524,1789629891938524400,35.7285244140625,-0.2691795229911804,-0.1755353361368179,-0.2012606710195541
2026-09-17T07:24:51.948484,1789629891948484400,35.738484375,-0.3220158517360687,-0.1958754956722259,-0.2204090654850006
2026-09-17T07:24:51.958444,1789629891958444300,35.7484443359375,-0.3453131914138794,-0.137399673461914,-0.1950448602437973
2026-09-17T07:24:51.968404,1789629891968404200,35.758404296875,-0.3484133780002594,-0.0617131665349006,-0.1482885330915451
2026-09-17T07:24:51.978363,1789629891978363400,35.76836328125,-0.3392350673675537,-0.0010492854053154,-0.0838600099086761
2026-09-17T07:24:51.988323,1789629891988323300,35.7783232421875,-0.3409520089626312,0.0385164991021156,0.0051308460533618
2026-09-17T07:24:51.998283,1789629891998283300,35.788283203125,-0.3245447874069214,0.0569828599691391,0.1228862404823303
2026-09-17T07:24:52.008242,1789629892008242400,35.798242431640624,-0.2641464173793793,0.0294431094080209,0.2547239065170288
2026-09-17T07:24:52.018202,1789629892018202400,35.808202392578124,-0.1539006233215332,-0.015483352355659,0.377505213022232
2026-09-17T07:24:52.028162,1789629892028162600,35.81816259765625,0.0088733863085508,-0.0408105477690696,0.4695315361022949
2026-09-17T07:24:52.038121,1789629892038121500,35.82812158203125,0.1888021379709243,-0.0470796264708042,0.515847384929657
2026-09-17T07:24:52.048081,1789629892048081400,35.83808129882812,0.344704121351242,-0.0511255003511905,0.5168522000312805
2026-09-17T07:24:52.058041,1789629892058041300,35.84804125976562,0.4366367161273956,-0.0540086403489112,0.4941825568675995
2026-09-17T07:24:52.068000,1789629892068000300,35.85800024414063,0.4346167147159576,-0.0933600440621376,0.4646044373512268
2026-09-17T07:24:52.077960,1789629892077960400,35.86796044921875,0.3511289954185486,-0.1663029640913009,0.4358928799629211
2026-09-17T07:24:52.087920,1789629892087920400,35.87792041015625,0.219143807888031,-0.2102933228015899,0.411356657743454
2026-09-17T07:24:52.097879,1789629892097879300,35.88787939453125,0.0742377489805221,-0.2054785937070846,0.3823004961013794
2026-09-17T07:24:52.107839,1789629892107839200,35.897839111328125,-0.0517364293336868,-0.1799452602863311,0.3473321199417114
2026-09-17T07:24:52.117799,1789629892117799400,35.90779931640625,-0.1509037613868713,-0.1459321677684784,0.2884499132633209
2026-09-17T07:24:52.127759,1789629892127759400,35.91775927734375,-0.2296571582555771,-0.1197543665766716,0.2222445160150528
2026-09-17T07:24:52.137718,1789629892137718500,35.927718505859374,-0.2885452508926391,-0.0740598440170288,0.1637042462825775
2026-09-17T07:24:52.147678,1789629892147678500,35.937678466796875,-0.3480043113231659,-0.056008405983448,0.1294176429510116
2026-09-17T07:24:52.157638,1789629892157638400,35.947638427734375,-0.4061190187931061,-0.0696328729391098,0.1220593303442001
2026-09-17T07:24:52.167597,1789629892167597300,35.95759741210937,-0.4561259746551513,-0.082443743944168,0.1414644569158554
2026-09-17T07:24:52.177557,1789629892177557500,35.9675576171875,-0.4864881634712219,-0.060040432959795,0.1706838607788086
2026-09-17T07:24:52.187517,1789629892187517400,35.97751733398437,-0.4793735146522522,0.0072469939477741,0.1939942389726638
2026-09-17T07:24:52.197476,1789629892197476400,35.98747631835938,-0.4293979704380035,0.0886164158582687,0.2070876657962799
2026-09-17T07:24:52.207436,1789629892207436300,35.99743627929688,-0.3362677693367004,0.1753760874271392,0.1956874728202819
2026-09-17T07:24:52.217396,1789629892217396500,36.007396484375,-0.2225007116794586,0.2785370945930481,0.1592165529727935
2026-09-17T07:24:52.227355,1789629892227355400,36.01735546875,-0.1252972036600113,0.3487918078899383,0.1247235536575317
2026-09-17T07:24:52.237315,1789629892237315300,36.0273154296875,-0.0581578463315963,0.333391010761261,0.0875687301158905
2026-09-17T07:24:52.247275,1789629892247275300,36.037275146484376,-0.0355047322809696,0.2609407901763916,0.0503510534763336
2026-09-17T07:24:52.257234,1789629892257234400,36.047234375,-0.0318133234977722,0.1285947263240814,0.0147360693663358
2026-09-17T07:24:52.267194,1789629892267194600,36.057194580078125,-0.0291560217738151,-0.0072784190997481,-0.0142503082752227
2026-09-17T07:24:52.277154,1789629892277154600,36.067154541015626,-0.0093495594337582,-0.0883279964327812,-0.0254944413900375
2026-09-17T07:24:52.287114,1789629892287114500,36.077114501953126,0.0340612977743148,-0.0960341244935989,-0.0120934145525097
2026-09-17T07:24:52.297073,1789629892297073400,36.08707348632812,0.0842357873916626,-0.0497683547437191,0.0200006067752838
2026-09-17T07:24:52.307033,1789629892307033600,36.09703369140625,0.1282314658164978,0.0235431436449289,0.0451722703874111
2026-09-17T07:24:52.316993,1789629892316993500,36.10699365234375,0.1395690739154815,0.0551609881222248,0.0399761795997619
2026-09-17T07:24:52.326952,1789629892326952400,36.11695239257813,0.125602126121521,0.0393066592514514,0.0075524584390223
2026-09-17T07:24:52.336912,1789629892336912400,36.12691235351563,0.1063504070043563,0.02118038572371,-0.0366722606122493
2026-09-17T07:24:52.346872,1789629892346872600,36.13687255859375,0.0902792960405349,-0.0119077917188405,-0.0830392241477966
2026-09-17T07:24:52.356831,1789629892356831500,36.14683154296875,0.0782743021845817,-0.0883250683546066,-0.1202992498874664
2026-09-17T07:24:52.366791,1789629892366791400,36.15679150390625,0.0937262251973152,-0.1610485464334488,-0.129069834947586
2026-09-17T07:24:52.376751,1789629892376751400,36.16675146484375,0.1420002877712249,-0.1758477240800857,-0.1104591339826583
2026-09-17T07:24:52.386710,1789629892386710500,36.17671044921875,0.2163541465997696,-0.1402031779289245,-0.0967017784714698
2026-09-17T07:24:52.396670,1789629892396670500,36.18667041015625,0.2988982796669006,-0.0468364804983139,-0.0937216952443122
2026-09-17T07:24:52.406630,1789629892406630400,36.19663037109375,0.3702441155910492,0.0315525978803634,-0.0854019820690155
2026-09-17T07:24:52.416590,1789629892416590300,36.20659033203125,0.4141875803470611,0.0655060410499572,-0.070155382156372
2026-09-17T07:24:52.426549,1789629892426549500,36.21654956054687,0.4303271472454071,0.0642301216721534,-0.0494128242135047
2026-09-17T07:24:52.436509,1789629892436509400,36.226509521484374,0.4363304376602173,0.0593405552208423,-0.0349236279726028
2026-09-17T07:24:52.446469,1789629892446469600,36.2364697265625,0.4357291162014007,0.0865844264626503,-0.0433349572122097
2026-09-17T07:24:52.456428,1789629892456428500,36.24642846679688,0.4352433383464813,0.1107590049505233,-0.061356034129858
2026-09-17T07:24:52.466388,1789629892466388500,36.25638842773437,0.4404096007347107,0.140672966837883,-0.0731133595108985
2026-09-17T07:24:52.476348,1789629892476348400,36.26634838867187,0.4524020850658417,0.1801407486200332,-0.072158083319664
2026-09-17T07:24:52.486307,1789629892486307300,36.27630737304688,0.4566956460475921,0.2195547223091125,-0.059554673731327
2026-09-17T07:24:52.496267,1789629892496267500,36.286267578125,0.4526923596858978,0.2450614124536514,-0.0352858193218708
2026-09-17T07:24:52.506227,1789629892506227500,36.2962275390625,0.4384670853614807,0.231543481349945,-0.006597182713449
2026-09-17T07:24:52.516186,1789629892516186400,36.306186279296874,0.4177516996860504,0.1982651501893997,0.0351220332086086
2026-09-17T07:24:52.526146,1789629892526146300,36.316146240234374,0.4039554595947265,0.1504763215780258,0.088126927614212
2026-09-17T07:24:52.536106,1789629892536106200,36.326106201171875,0.3984778821468353,0.1109273135662078,0.1383948922157287
2026-09-17T07:24:52.546065,1789629892546065700,36.33606567382813,0.3657428324222564,0.0333819240331649,0.1695943623781204
2026-09-17T07:24:52.556025,1789629892556025600,36.346025634765624,0.2836719155311584,-0.098030962049961,0.1713789403438568
2026-09-17T07:24:52.565985,1789629892565985500,36.355985595703125,0.1322706937789917,-0.2412768006324768,0.1374353617429733
2026-09-17T07:24:52.575945,1789629892575945500,36.365945556640625,-0.0555705837905406,-0.3210941255092621,0.0764945074915885
2026-09-17T07:24:52.585904,1789629892585904400,36.375904296875,-0.2132856398820877,-0.2834005653858185,-0.0007235808880068
2026-09-17T07:24:52.595864,1789629892595864600,36.38586450195312,-0.2966050505638122,-0.1420948207378387,-0.0827979445457458
2026-09-17T07:24:52.605824,1789629892605824500,36.39582446289062,-0.2833470106124878,0.06236058101058,-0.1574199795722961
2026-09-17T07:24:52.615783,1789629892615783400,36.40578344726563,-0.1826576888561248,0.2720557451248169,-0.1996023207902908
2026-09-17T07:24:52.625743,1789629892625743400,36.41574340820313,-0.0462401993572711,0.38826784491539,-0.2062197476625442
2026-09-17T07:24:52.635703,1789629892635703600,36.42570361328125,0.063209593296051,0.3988770842552185,-0.1943782716989517
2026-09-17T07:24:52.645662,1789629892645662500,36.435662353515625,0.1300565302371978,0.3126982450485229,-0.1575938910245895
2026-09-17T07:24:52.655622,1789629892655622400,36.445622314453125,0.1574881672859192,0.1785023659467697,-0.1384401619434356
2026-09-17T07:24:52.665582,1789629892665582300,36.455582275390626,0.1579361110925674,0.0279932841658592,-0.146666944026947
2026-09-17T07:24:52.675541,1789629892675541500,36.46554150390625,0.1473500430583953,-0.0996373742818832,-0.1671058982610702
2026-09-17T07:24:52.685501,1789629892685501400,36.47550146484375,0.1376590579748153,-0.1926975399255752,-0.1913926005363464
2026-09-17T07:24:52.695461,1789629892695461600,36.485461669921875,0.126415729522705,-0.2400693297386169,-0.1910109668970108
2026-09-17T07:24:52.705420,1789629892705420500,36.49542065429687,0.1011002510786056,-0.238790214061737,-0.1807069331407547
2026-09-17T07:24:52.715380,1789629892715380500,36.50538037109375,0.0574398562312126,-0.2452848553657531,-0.1712812036275863
2026-09-17T07:24:52.725340,1789629892725340400,36.51534033203125,-0.0039036613889038,-0.2552458643913269,-0.1693759858608245
2026-09-17T07:24:52.735300,1789629892735300600,36.52530053710937,-0.0750862285494804,-0.2123085260391235,-0.1864931732416153
2026-09-17T07:24:52.745259,1789629892745259500,36.53525952148438,-0.143468752503395,-0.1413155794143676,-0.2186284810304641
2026-09-17T07:24:52.755219,1789629892755219500,36.54521948242188,-0.203915849328041,-0.0582236237823963,-0.2556573450565338
2026-09-17T07:24:52.765179,1789629892765179400,36.55517944335938,-0.2340058386325836,0.0456998422741889,-0.2770427763462066
2026-09-17T07:24:52.775138,1789629892775138300,36.56513818359375,-0.2205432951450348,0.1560572385787964,-0.2753798961639404
2026-09-17T07:24:52.785098,1789629892785098500,36.57509838867187,-0.1690934151411056,0.2440888285636901,-0.2483150064945221
2026-09-17T07:24:52.795058,1789629892795058400,36.585058349609376,-0.0986900925636291,0.2913109362125397,-0.1996723711490631
2026-09-17T07:24:52.805017,1789629892805017300,36.59501733398437,-0.0275365523993968,0.3090926110744476,-0.138321116566658
2026-09-17T07:24:52.814977,1789629892814977300,36.60497729492187,0.0228411331772804,0.2765796780586242,-0.0777933299541473
2026-09-17T07:24:52.824937,1789629892824937200,36.614937255859374,0.0525244623422622,0.2202002704143524,-0.0254443734884262
2026-09-17T07:24:52.834896,1789629892834896600,36.62489672851562,0.0559775158762931,0.1370723694562912,0.0102411862462759
2026-09-17T07:24:52.844856,1789629892844856600,36.63485668945312,0.0384595096111297,0.0391790941357612,0.0083974795415997
2026-09-17T07:24:52.854816,1789629892854816500,36.64481640625,0.0137171437963843,-0.0351915434002876,-0.0109426621347665
2026-09-17T07:24:52.864775,1789629892864775400,36.654775390625,-0.0082635227590799,-0.0595653243362903,-0.0424699634313583
2026-09-17T07:24:52.874735,1789629892874735400,36.6647353515625,-0.0344658307731151,-0.0703804194927215,-0.0858363434672355
2026-09-17T07:24:52.884695,1789629892884695600,36.67469555664063,-0.0636942908167839,-0.0577932596206665,-0.1363450586795807
2026-09-17T07:24:52.894655,1789629892894655500,36.68465551757812,-0.091346688568592,-0.0258252061903476,-0.1724703013896942
2026-09-17T07:24:52.904614,1789629892904614400,36.694614501953126,-0.1163284704089164,-0.0382126346230506,-0.1816126704216003
2026-09-17T07:24:52.914574,1789629892914574300,36.70457421875,-0.1359740793704986,-0.0649028345942497,-0.1481705605983734
2026-09-17T07:24:52.924534,1789629892924534500,36.71453442382813,-0.1414553970098495,-0.075355477631092,-0.0935944020748138
2026-09-17T07:24:52.934493,1789629892934493400,36.72449340820312,-0.1244868040084838,-0.08775195479393,-0.0349289551377296
2026-09-17T07:24:52.944453,1789629892944453400,36.734453369140624,-0.0890555754303932,-0.1108756512403488,0.0089338403195142
2026-09-17T07:24:52.954413,1789629892954413300,36.744413330078125,-0.0313653796911239,-0.1021708399057388,0.0384682975709438
2026-09-17T07:24:52.964372,1789629892964372500,36.75437255859375,0.0554842986166477,-0.0365564115345478,0.0625488683581352
2026-09-17T07:24:52.974332,1789629892974332700,36.764332763671874,0.1669988483190536,0.0622647069394588,0.0853697583079338
2026-09-17T07:24:52.984292,1789629892984292600,36.774292724609374,0.2822703123092651,0.1491729766130447,0.1083413884043693
2026-09-17T07:24:52.994251,1789629892994251500,36.78425146484375,0.3727767765522003,0.1479356735944748,0.1279936581850052
2026-09-17T07:24:53.004211,1789629893004211500,36.79421142578125,0.4233619272708893,0.0461030453443527,0.1561973243951797
2026-09-17T07:24:53.014171,1789629893014171400,36.80417138671875,0.4368478953838348,-0.0798966959118843,0.1685365438461303
2026-09-17T07:24:53.024130,1789629893024130300,36.81413037109375,0.4195661246776581,-0.2104262113571167,0.1554593592882156
2026-09-17T07:24:53.034090,1789629893034090500,36.82409057617187,0.3912324905395508,-0.3197108805179596,0.1289015263319015
2026-09-17T07:24:53.044050,1789629893044050400,36.83405053710938,0.3703154623508453,-0.3684190511703491,0.1099986732006073
2026-09-17T07:24:53.054010,1789629893054010400,36.84401025390625,0.3806996643543243,-0.3598577678203583,0.1078545600175857
2026-09-17T07:24:53.063969,1789629893063969300,36.85396923828125,0.4139132797718048,-0.3520363271236419,0.1072098091244697
2026-09-17T07:24:53.073929,1789629893073929500,36.863929443359375,0.4422304034233093,-0.3827455043792724,0.0888033732771873
2026-09-17T07:24:53.083889,1789629893083889400,36.873889404296875,0.4323604702949524,-0.43694669008255,0.0494274720549583
2026-09-17T07:24:53.093848,1789629893093848600,36.8838486328125,0.3658062219619751,-0.4909361600875854,0.0009209210984408
2026-09-17T07:24:53.103808,1789629893103808500,36.89380859375,0.2461221516132354,-0.4736964702606201,-0.0508477352559566
2026-09-17T07:24:53.113768,1789629893113768400,36.9037685546875,0.0902854204177856,-0.3439259529113769,-0.0986421555280685
2026-09-17T07:24:53.123727,1789629893123727600,36.9137275390625,-0.0992666631937027,-0.182510957121849,-0.1704276651144027
2026-09-17T07:24:53.133687,1789629893133687600,36.9236875,-0.3312346637248993,-0.0892840698361396,-0.2586595118045807
2026-09-17T07:24:53.143647,1789629893143647500,36.9336474609375,-0.590935468673706,-0.0864206403493881,-0.3098369538784027
2026-09-17T07:24:53.153606,1789629893153606400,36.9436064453125,-0.8269397616386414,-0.1400122344493866,-0.2592403590679168
2026-09-17T07:24:53.163566,1789629893163566300,36.95356640625,-0.9691504240036012,-0.1721158325672149,-0.1310517638921737
2026-09-17T07:24:53.173526,1789629893173526500,36.96352661132813,-0.9758620858192444,-0.1463084816932678,0.0027734159957617
2026-09-17T07:24:53.183485,1789629893183485400,36.9734853515625,-0.8134061098098755,-0.0101482411846518,0.1280306726694107
2026-09-17T07:24:53.193445,1789629893193445400,36.9834453125,-0.5181057453155518,0.1743337213993072,0.2297865897417068
2026-09-17T07:24:53.203405,1789629893203405300,36.9934052734375,-0.1601947247982025,0.3221000134944916,0.2799778580665588
2026-09-17T07:24:53.213365,1789629893213365500,37.003365478515626,0.1706303209066391,0.3493207097053528,0.2791733145713806
2026-09-17T07:24:53.223324,1789629893223324400,37.01332446289062,0.4068063795566559,0.2720530927181244,0.2607083022594452
2026-09-17T07:24:53.233284,1789629893233284400,37.02328442382812,0.5272353291511536,0.1252077221870422,0.2579047679901123
2026-09-17T07:24:53.243244,1789629893243244300,37.033244384765624,0.5377215147018433,-0.0642045512795448,0.26161590218544
2026-09-17T07:24:53.253204,1789629893253204200,37.04320434570312,0.4553187787532806,-0.230336531996727,0.2666380703449249
2026-09-17T07:24:53.263164,1789629893263164200,37.0531640625,0.3089080452919006,-0.3431485593318939,0.2620425224304199
2026-09-17T07:24:53.273124,1789629893273124000,37.0631240234375,0.1285662353038787,-0.3898178040981293,0.2389539927244186
2026-09-17T07:24:53.283083,1789629893283083000,37.0730830078125,-0.0524118095636367,-0.3733642697334289,0.1995487958192825
2026-09-17T07:24:53.293043,1789629893293043200,37.08304321289062,-0.2215747386217117,-0.3193468451499939,0.1394417881965637
2026-09-17T07:24:53.303003,1789629893303003100,37.09300317382812,-0.3570047318935394,-0.2598816454410553,0.069327674806118
2026-09-17T07:24:53.312962,1789629893312962000,37.10296215820313,-0.447668582201004,-0.1925721168518066,-0.0051731904968619
2026-09-17T07:24:53.322922,1789629893322922000,37.112921875,-0.4923489689826965,-0.1355524957180023,-0.0806900486350059
2026-09-17T07:24:53.332882,1789629893332882000,37.1228818359375,-0.5099420547485352,-0.1277960389852523,-0.1729864329099655
2026-09-17T07:24:53.342841,1789629893342841000,37.132841064453125,-0.5138590335845947,-0.1347570121288299,-0.2586094439029693
2026-09-17T07:24:53.352801,1789629893352801000,37.142801025390625,-0.5014743208885193,-0.1412181109189987,-0.3139920234680176
2026-09-17T07:24:53.362761,1789629893362761000,37.152760986328126,-0.4600070118904114,-0.1375059336423874,-0.3254766464233398
2026-09-17T07:24:53.372721,1789629893372721000,37.162720947265626,-0.3849000036716461,-0.1074106097221374,-0.286539614200592
2026-09-17T07:24:53.382680,1789629893382680000,37.17268017578125,-0.2771985828876495,-0.045815959572792,-0.1978939026594162
2026-09-17T07:24:53.392640,1789629893392640000,37.18263989257812,-0.1467580199241638,0.0397703163325786,-0.0792625993490219
2026-09-17T07:24:53.402600,1789629893402600000,37.192599853515624,-0.0187667626887559,0.0972780808806419,0.0487797893583774
2026-09-17T07:24:53.412559,1789629893412559000,37.20255908203125,0.0940031930804252,0.1567113101482391,0.1648992002010345
2026-09-17T07:24:53.422519,1789629893422519000,37.21251904296875,0.1821889728307724,0.1813934892416,0.2475850284099578
2026-09-17T07:24:53.432479,1789629893432479200,37.222479248046874,0.242173746228218,0.1798810809850692,0.2721580266952514
2026-09-17T07:24:53.442438,1789629893442438100,37.23243823242188,0.2704410851001739,0.1570026725530624,0.2479456216096878
2026-09-17T07:24:53.452398,1789629893452398000,37.24239819335938,0.2574240863323211,0.1342238485813141,0.1917755603790283
2026-09-17T07:24:53.462358,1789629893462358000,37.25235791015625,0.2080551981925964,0.0977199003100395,0.1197738051414489
2026-09-17T07:24:53.472317,1789629893472317000,37.26231689453125,0.1240231469273567,0.0358701162040233,0.0454407185316085
2026-09-17T07:24:53.482276,1789629893482276900,37.27227685546875,0.0118904812261462,-0.0204328373074531,-0.0139400502666831
2026-09-17T07:24:53.492237,1789629893492237000,37.28223706054688,-0.0904902219772338,-0.069185197353363,-0.0623925365507602
2026-09-17T07:24:53.502196,1789629893502196000,37.29219604492187,-0.1674337387084961,-0.1068289801478385,-0.0974402725696563
2026-09-17T07:24:53.512156,1789629893512156000,37.30215600585937,-0.1916064471006393,-0.097514308989048,-0.1005090326070785
2026-09-17T07:24:53.522115,1789629893522115800,37.31211572265625,-0.158860757946968,-0.0363042131066322,-0.0751757100224495
2026-09-17T07:24:53.532076,1789629893532076000,37.322075927734375,-0.0915988907217979,0.0267831441015005,-0.0411429107189178
2026-09-17T07:24:53.542035,1789629893542035200,37.33203515625,-0.0310711003839969,0.0694648250937461,-0.0199313629418611
2026-09-17T07:24:53.551995,1789629893551995100,37.3419951171875,-0.0015986956423148,0.08253775537014,-0.0180128216743469
2026-09-17T07:24:53.561955,1789629893561955000,37.351955078125,0.0006535397260449,0.0698509886860847,-0.0084576671943068
2026-09-17T07:24:53.571914,1789629893571914000,37.3619140625,4.63390024378e-05,0.0121946148574352,0.0074238278903067
2026-09-17T07:24:53.581874,1789629893581874200,37.37187426757812,0.0293834544718265,-0.0605746619403362,0.0347103103995323
2026-09-17T07:24:53.591834,1789629893591834000,37.38183422851562,0.1116357147693634,-0.1187365055084228,0.0852065086364746
2026-09-17T07:24:53.601793,1789629893601793000,37.39179296875,0.2231449335813522,-0.1710534989833831,0.1395184844732284
2026-09-17T07:24:53.611753,1789629893611753000,37.4017529296875,0.3294354081153869,-0.230876624584198,0.1785745322704315
2026-09-17T07:24:53.621713,1789629893621713000,37.411712890625,0.3964975476264953,-0.308022528886795,0.2037371546030044
2026-09-17T07:24:53.631672,1789629893631672000,37.421672119140624,0.4148765504360199,-0.3976645469665527,0.222449317574501
2026-09-17T07:24:53.641632,1789629893641632000,37.43163208007813,0.3970893025398254,-0.4906277656555176,0.2236077934503555
2026-09-17T07:24:53.651592,1789629893651592000,37.441592041015625,0.3672270178794861,-0.5627965331077576,0.2065190821886062
2026-09-17T07:24:53.661551,1789629893661551000,37.45155102539063,0.3516014516353607,-0.5965744256973267,0.1716484576463699
2026-09-17T07:24:53.671511,1789629893671511000,37.46151098632812,0.3617851138114929,-0.5133048295974731,0.1275736689567566
2026-09-17T07:24:53.681471,1789629893681471200,37.47147119140625,0.3881677091121673,-0.4189037978649139,0.0912433639168739
2026-09-17T07:24:53.691431,1789629893691431200,37.48143115234375,0.3972368240356445,-0.3712004423141479,0.0563495568931102
2026-09-17T07:24:53.701390,1789629893701390000,37.49139013671875,0.3568483889102936,-0.3617784380912781,0.0331773944199085
2026-09-17T07:24:53.711350,1789629893711350000,37.50135009765625,0.2547308206558227,-0.3617121279239654,0.0120950127020478
2026-09-17T07:24:53.721310,1789629893721310200,37.51131030273437,0.1149047464132309,-0.3127110302448272,-0.0130220586434006
2026-09-17T07:24:53.731269,1789629893731269000,37.52126904296875,-0.0374853238463401,-0.2213571518659591,-0.0518163256347179
2026-09-17T07:24:53.741229,1789629893741229000,37.53122900390625,-0.1775556057691574,-0.0788207799196243,-0.113922044634819
2026-09-17T07:24:53.751189,1789629893751189000,37.54118896484375,-0.3068185150623321,0.0598375014960765,-0.1919675767421722
2026-09-17T07:24:53.761148,1789629893761148000,37.55114794921875,-0.4069483280181885,0.1407001316547393,-0.2688184082508087
2026-09-17T07:24:53.771108,1789629893771108000,37.561108154296875,-0.4452213943004608,0.2540309429168701,-0.308692067861557
2026-09-17T07:24:53.781068,1789629893781068000,37.571068115234375,-0.3881900906562805,0.4056207239627838,-0.2900629937648773
2026-09-17T07:24:53.791027,1789629893791027000,37.58102685546875,-0.2536008358001709,0.5245457887649536,-0.2527598142623901
2026-09-17T07:24:53.800987,1789629893800987000,37.59098681640625,-0.0706459432840347,0.6179505586624146,-0.2080250978469848
2026-09-17T07:24:53.810946,1789629893810946800,37.60094677734375,0.1331175714731216,0.6731962561607361,-0.1533967405557632
2026-09-17T07:24:53.820906,1789629893820906000,37.61090600585938,0.3193457722663879,0.653918981552124,-0.0889477133750915
2026-09-17T07:24:53.830866,1789629893830866200,37.6208662109375,0.453793317079544,0.5633823871612549,-0.0336935147643089
2026-09-17T07:24:53.840826,1789629893840826000,37.630826171875,0.5243197083473206,0.4345858097076416,0.017379255965352
2026-09-17T07:24:53.850786,1789629893850786000,37.6407861328125,0.5407401919364929,0.3464000225067138,0.0592289678752422
2026-09-17T07:24:53.860745,1789629893860745000,37.650744873046875,0.5058234930038452,0.3118265867233276,0.0708328932523727
2026-09-17T07:24:53.870705,1789629893870705200,37.660705078125,0.4422661066055298,0.3056755065917969,0.0563743263483047
2026-09-17T07:24:53.880665,1789629893880665000,37.6706650390625,0.3462250530719757,0.2994754016399383,0.0201609283685684
2026-09-17T07:24:53.890624,1789629893890624000,37.6806240234375,0.2205534130334854,0.2752400934696197,-0.0280705168843269
2026-09-17T07:24:53.900584,1789629893900584000,37.690583984375,0.0799076184630394,0.2398232519626617,-0.0828485414385795
2026-09-17T07:24:53.910544,1789629893910544000,37.7005439453125,-0.0547199696302413,0.199694737792015,-0.1275568902492523
2026-09-17T07:24:53.920503,1789629893920503000,37.7105029296875,-0.1724351495504379,0.177431508898735,-0.157222107052803
2026-09-17T07:24:53.930463,1789629893930463000,37.720462890625,-0.2686290740966797,0.1668385118246078,-0.1676936596632003
2026-09-17T07:24:53.940423,1789629893940423000,37.7304228515625,-0.3261200487613678,0.1677716970443725,-0.1708045005798339
2026-09-17T07:24:53.950382,1789629893950382000,37.74038208007813,-0.355947196483612,0.1842201650142669,-0.1674633026123047
2026-09-17T07:24:53.960342,1789629893960342000,37.75034204101563,-0.3646778166294098,0.2067204266786575,-0.1517381221055984
2026-09-17T07:24:53.970302,1789629893970302200,37.76030224609375,-0.3496485352516174,0.2557947635650635,-0.140506774187088
2026-09-17T07:24:53.980261,1789629893980261000,37.77026123046875,-0.3169534504413605,0.3298623263835907,-0.1281041800975799
2026-09-17T07:24:53.990221,1789629893990221000,37.780220947265626,-0.2750134468078613,0.3594415187835693,-0.117790013551712
2026-09-17T07:24:54.000181,1789629894000181000,37.790180908203126,-0.2193901389837265,0.3159502446651459,-0.0910758450627327
2026-09-17T07:24:54.010141,1789629894010141200,37.80014111328125,-0.136877954006195,0.2467139065265655,-0.0253905784338712
2026-09-17T07:24:54.020100,1789629894020100000,37.81010009765625,-0.0300074331462383,0.1968022733926773,0.0834877043962478
2026-09-17T07:24:54.030060,1789629894030060000,37.82006005859375,0.0988080725073814,0.1581001579761505,0.2058743387460708
2026-09-17T07:24:54.040020,1789629894040020000,37.83002001953125,0.2319275140762329,0.1336020082235336,0.2952050268650055
2026-09-17T07:24:54.049979,1789629894049979000,37.83997875976563,0.3372600674629211,0.0977979302406311,0.328268438577652
2026-09-17T07:24:54.059939,1789629894059939000,37.84993896484375,0.3883621096611023,0.0813997834920883,0.3056400716304779
2026-09-17T07:24:54.069899,1789629894069899000,37.85989892578125,0.3768625855445862,0.1040560975670814,0.2588858902454376
2026-09-17T07:24:54.079858,1789629894079858200,37.86985815429688,0.3254548013210296,0.1543504297733307,0.2088416218757629
2026-09-17T07:24:54.089818,1789629894089818000,37.87981811523437,0.2405220568180084,0.2229427993297577,0.1527112424373626
2026-09-17T07:24:54.099778,1789629894099778000,37.88977807617187,0.1527341455221176,0.2796122133731842,0.1018038615584373
2026-09-17T07:24:54.109737,1789629894109737000,37.89973706054688,0.082083947956562,0.299316942691803,0.0567708723247051
2026-09-17T07:24:54.119697,1789629894119697200,37.909697265625,0.0363968908786773,0.2705848813056946,0.0144399255514144
2026-09-17T07:24:54.129657,1789629894129657000,37.91965698242188,0.0069902651011943,0.1676039099693298,-0.0273607838898897
2026-09-17T07:24:54.139616,1789629894139616000,37.929615966796874,-0.0082512721419334,-0.0075639099813997,-0.0669755712151527
2026-09-17T07:24:54.149576,1789629894149576000,37.939575927734374,0.0003323625132907,-0.16079181432724,-0.0872592702507972
2026-09-17T07:24:54.159536,1789629894159536000,37.9495361328125,0.0355984754860401,-0.2298694103956222,-0.0733128264546394
2026-09-17T07:24:54.169496,1789629894169496000,37.95949609375,0.0783693715929985,-0.2218253314495086,-0.0309328828006982
2026-09-17T07:24:54.179455,1789629894179455000,37.969455078125,0.1251043826341629,-0.1871011853218078,0.0232880115509033
2026-09-17T07:24:54.189415,1789629894189415000,37.97941479492187,0.1772267073392868,-0.1083033010363578,0.0780489966273307
2026-09-17T07:24:54.199375,1789629894199375000,37.989375,0.2356138527393341,0.0095074847340583,0.1291734278202057
2026-09-17T07:24:54.209334,1789629894209334000,37.999333984375,0.2838141322135925,0.1234100833535194,0.1622741222381591
2026-09-17T07:24:54.219294,1789629894219294000,38.0092939453125,0.293599933385849,0.1593643575906753,0.1745430380105972
2026-09-17T07:24:54.229254,1789629894229254000,38.01925390625,0.2382245510816574,0.0752683877944946,0.1611782312393188
2026-09-17T07:24:54.239213,1789629894239213000,38.02921313476563,0.1300695836544037,-0.0606982335448265,0.1383003443479538
2026-09-17T07:24:54.249173,1789629894249173000,38.03917309570313,0.0074374098330736,-0.1719789505004882,0.1190475597977638
2026-09-17T07:24:54.259133,1789629894259133000,38.0491328125,-0.0763408467173576,-0.2131077498197555,0.1141955479979515
2026-09-17T07:24:54.269091,1789629894269091800,38.059091796875,-0.0804620832204818,-0.1368454694747924,0.1070263162255287
2026-09-17T07:24:54.279051,1789629894279051800,38.0690517578125,-0.0198245719075202,0.0055012917146086,0.0985931530594825
2026-09-17T07:24:54.289011,1789629894289011700,38.07901171875,0.0789550021290779,0.1032153367996215,0.1043272018432617
2026-09-17T07:24:54.298971,1789629894298971000,38.08897094726562,0.1812898963689804,0.1757816821336746,0.1241653561592102
2026-09-17T07:24:54.308930,1789629894308930800,38.09893090820312,0.2541268169879913,0.2517171800136566,0.1497069299221038
2026-09-17T07:24:54.318890,1789629894318890800,38.10889086914062,0.2823712527751922,0.2827850878238678,0.1588170826435089
2026-09-17T07:24:54.328850,1789629894328850000,38.11884985351563,0.260533332824707,0.2339408546686172,0.1351306587457656
2026-09-17T07:24:54.338809,1789629894338809900,38.12880981445313,0.1615476161241531,0.1197013705968856,0.0861995965242385
2026-09-17T07:24:54.348769,1789629894348769800,38.13876977539063,-0.0114412065595388,-0.0374669469892978,0.0471960082650184
2026-09-17T07:24:54.358729,1789629894358729700,38.14872973632812,-0.2317184507846832,-0.2302718162536621,0.0460777468979358
2026-09-17T07:24:54.368689,1789629894368689000,38.15868896484375,-0.4192891418933868,-0.4158999919891357,0.0898236259818077
2026-09-17T07:24:54.378648,1789629894378648800,38.16864892578125,-0.4779964089393616,-0.4377983808517456,0.1510643512010574
2026-09-17T07:24:54.388609,1789629894388609000,38.17860913085938,-0.3682693839073181,-0.2594664692878723,0.2066176235675811
2026-09-17T07:24:54.398568,1789629894398568000,38.18856787109375,-0.1344976276159286,-0.0068203555420041,0.2545529305934906
2026-09-17T07:24:54.408528,1789629894408528000,38.19852783203125,0.1556335389614105,0.2438696473836898,0.312914490699768
2026-09-17T07:24:54.418487,1789629894418487800,38.20848779296875,0.4140701591968536,0.4222820103168487,0.400965005159378
2026-09-17T07:24:54.428446,1789629894428446700,38.21844677734375,0.5780732035636902,0.4549198448657989,0.4871526062488556
2026-09-17T07:24:54.438407,1789629894438407000,38.22840698242187,0.6261792182922363,0.3215974569320678,0.5385433435440063
2026-09-17T07:24:54.448366,1789629894448366800,38.238366943359374,0.578093409538269,0.1164957210421562,0.5544096827507019
2026-09-17T07:24:54.458325,1789629894458325800,38.24832568359375,0.4600048959255218,-0.0892995223402977,0.5429633855819702
2026-09-17T07:24:54.468285,1789629894468285700,38.25828564453125,0.3005965948104858,-0.2561726570129394,0.5093290209770203
2026-09-17T07:24:54.478245,1789629894478245600,38.26824560546875,0.1285068392753601,-0.3836216926574707,0.4547970592975616
2026-09-17T07:24:54.488204,1789629894488204800,38.278204833984375,-0.035224299877882,-0.470645010471344,0.3857098817825317
2026-09-17T07:24:54.498165,1789629894498165000,38.2881650390625,-0.1708444505929947,-0.4697296917438507,0.3105903565883636
2026-09-17T07:24:54.508125,1789629894508125000,38.298125,-0.2883300483226776,-0.4345123171806335,0.2266001254320144
2026-09-17T07:24:54.518084,1789629894518084900,38.3080849609375,-0.3891245722770691,-0.39274463057518,0.1468051522970199
2026-09-17T07:24:54.528043,1789629894528043800,38.318043701171874,-0.4723409116268158,-0.3291190266609192,0.0837702676653862
2026-09-17T07:24:54.538004,1789629894538004000,38.32800390625,-0.5409812331199646,-0.2480904906988144,0.0439107306301593
2026-09-17T07:24:54.547964,1789629894547964000,38.3379638671875,-0.60200434923172,-0.1688417494297027,0.0222911909222602
2026-09-17T07:24:54.557922,1789629894557922800,38.3479228515625,-0.6344134211540222,-0.1051176339387893,0.0092946980148553
2026-09-17T07:24:54.567882,1789629894567882800,38.3578828125,-0.6122524738311768,-0.0431741029024124,0.0173110794275999
2026-09-17T07:24:54.577842,1789629894577842700,38.3678427734375,-0.539161205291748,0.0311507284641265,0.0383266173303127
2026-09-17T07:24:54.587801,1789629894587801900,38.3778017578125,-0.4249584674835205,0.1012192964553833,0.0616572387516498
2026-09-17T07:24:54.597761,1789629894597761800,38.38776171875,-0.2909873723983764,0.145231232047081,0.0908340290188789
2026-09-17T07:24:54.607721,1789629894607721700,38.3977216796875,-0.1538034081459045,0.1422303766012191,0.1272290647029876
2026-09-17T07:24:54.617681,1789629894617681000,38.407680908203126,-0.029602900147438,0.0887477099895477,0.1721872091293335
2026-09-17T07:24:54.627640,1789629894627640800,38.41764086914063,0.0683130100369453,0.0155584532767534,0.2259481847286224
2026-09-17T07:24:54.637601,1789629894637601000,38.42760107421875,0.1411696374416351,-0.0230467300862073,0.2748408913612366
2026-09-17T07:24:54.647560,1789629894647560000,38.43755981445312,0.1777430921792984,-0.0239098593592643,0.2975113093852997
2026-09-17T07:24:54.657519,1789629894657519900,38.447519775390624,0.1672246754169464,-0.0145078366622328,0.2769879400730133
2026-09-17T07:24:54.667479,1789629894667479800,38.457479736328125,0.1094231605529785,-0.0243740491569042,0.2126683294773101
2026-09-17T07:24:54.677438,1789629894677438700,38.46743872070312,0.0154551230370998,-0.0667803585529327,0.125126227736473
2026-09-17T07:24:54.687399,1789629894687399000,38.47739892578125,-0.0858150422573089,-0.1496587395668029,0.0503281503915786
2026-09-17T07:24:54.697358,1789629894697358800,38.48735888671875,-0.1435779333114624,-0.1603614389896392,0.0051127364858984
2026-09-17T07:24:54.707318,1789629894707318800,38.49731884765625,-0.1464280486106872,-0.1114093512296676,-0.011347196996212
2026-09-17T07:24:54.717277,1789629894717277700,38.50727758789063,-0.1214462667703628,-0.0746308267116546,-0.0235830899327993
2026-09-17T07:24:54.727238,1789629894727238000,38.51723779296875,-0.0905442833900451,-0.0494109578430652,-0.0261498447507619
2026-09-17T07:24:54.737197,1789629894737197800,38.52719775390625,-0.0747354924678802,-0.0158700440078973,-0.0292505640536546
2026-09-17T07:24:54.747156,1789629894747156700,38.53715673828125,-0.0701167732477188,0.0053239255212247,-0.0491249337792396
2026-09-17T07:24:54.757116,1789629894757116700,38.54711669921875,-0.0688477754592895,0.0115461349487304,-0.0912817120552063
2026-09-17T07:24:54.767076,1789629894767076600,38.55707666015625,-0.0529353879392147,0.0249074809253215,-0.1486129164695739
2026-09-17T07:24:54.777035,1789629894777035800,38.567035888671874,-0.0238009374588727,0.0329137407243251,-0.202720358967781
2026-09-17T07:24:54.786996,1789629894786996000,38.576995849609375,0.0116795590147376,0.0225178264081478,-0.2396783679723739
2026-09-17T07:24:54.796956,1789629894796956000,38.58695581054688,0.0412052273750305,-0.0073037194088101,-0.2485664039850235
2026-09-17T07:24:54.806914,1789629894806914800,38.59691479492187,0.0444305799901485,-0.0759861096739769,-0.2370016276836395
2026-09-17T07:24:54.816874,1789629894816874800,38.60687475585937,0.011526427231729,-0.1724351495504379,-0.2250869125127792
2026-09-17T07:24:54.826835,1789629894826835000,38.6168349609375,-0.0514733120799064,-0.2461767494678497,-0.2177190035581588
2026-09-17T07:24:54.836793,1789629894836793900,38.6267939453125,-0.1186779141426086,-0.2526527643203735,-0.2140134871006012
2026-09-17T07:24:54.846753,1789629894846753800,38.63675390625,-0.1509200036525726,-0.1674848645925521,-0.2203890979290008
2026-09-17T07:24:54.856713,1789629894856713700,38.64671362304688,-0.1256846934556961,-0.0350914075970649,-0.229496568441391
2026-09-17T07:24:54.866673,1789629894866673700,38.65667358398437,-0.0472053289413452,0.1012408658862114,-0.237005352973938
2026-09-17T07:24:54.876632,1789629894876632800,38.6666328125,0.0478729829192161,0.1503021568059921,-0.2395047396421432
2026-09-17T07:24:54.886592,1789629894886592800,38.6765927734375,0.1116202697157859,0.0695316717028617,-0.2423822730779647
2026-09-17T07:24:54.896552,1789629894896552700,38.686552734375,0.119275264441967,-0.0994895696640014,-0.2528263926506042
2026-09-17T07:24:54.906512,1789629894906512000,38.696511962890625,0.0746896862983703,-0.2850762009620666,-0.2843811213970184
2026-09-17T07:24:54.916471,1789629894916471800,38.706471923828126,-0.020778514444828,-0.4315252900123596,-0.357374906539917
2026-09-17T07:24:54.926432,1789629894926432000,38.716431884765626,-0.1643695086240768,-0.5426995158195496,-0.4628528654575348
2026-09-17T07:24:54.936391,1789629894936391000,38.72639086914062,-0.3151963055133819,-0.5671273469924927,-0.5713191628456116
2026-09-17T07:24:54.946350,1789629894946350800,38.73635083007812,-0.4339466392993927,-0.4809354543685913,-0.6424229145050049
2026-09-17T07:24:54.956310,1789629894956310800,38.746310791015624,-0.4915002286434173,-0.3022778332233429,-0.6675796508789062
2026-09-17T07:24:54.966269,1789629894966269700,38.75626977539063,-0.4880341291427612,-0.0607384480535984,-0.6518169045448303
2026-09-17T07:24:54.976230,1789629894976230000,38.76622998046875,-0.4189490675926208,0.2095119506120681,-0.5917943120002747
2026-09-17T07:24:54.986189,1789629894986189800,38.77618994140625,-0.3142250478267669,0.4391097128391266,-0.5075860023498535
2026-09-17T07:24:54.996148,1789629894996148700,38.786148681640626,-0.1957633793354034,0.5669646263122559,-0.4027706086635589
2026-09-17T07:24:55.006108,1789629895006108700,38.796108642578126,-0.091560274362564,0.5672423839569092,-0.3216390311717987
2026-09-17T07:24:55.016068,1789629895016068900,38.80606884765625,-0.0164127945899963,0.4505746364593506,-0.2708251178264618
2026-09-17T07:24:55.026028,1789629895026028000,38.816028076171875,0.0407370440661907,0.2873721122741699,-0.2273993343114853
2026-09-17T07:24:55.035988,1789629895035988000,38.825988037109376,0.101506121456623,0.06802299618721,-0.1900394409894943
2026-09-17T07:24:55.045948,1789629895045948000,38.83594799804688,0.1797939985990524,-0.0939326211810112,-0.166409745812416
2026-09-17T07:24:55.055906,1789629895055906800,38.84590673828125,0.2751418352127075,-0.1501157283782959,-0.1469471007585525
2026-09-17T07:24:55.065866,1789629895065866800,38.85586669921875,0.3531002700328827,-0.1054688990116119,-0.1471926420927047
2026-09-17T07:24:55.075827,1789629895075827000,38.865826904296874,0.3830240666866302,-0.0365132689476013,-0.1657458245754242
2026-09-17T07:24:55.085785,1789629895085785900,38.87578588867188,0.349376916885376,0.0032032502349466,-0.1926011443138122
2026-09-17T07:24:55.095745,1789629895095745800,38.88574584960938,0.2446273267269134,0.0043707797303795,-0.2183824032545089
2026-09-17T07:24:55.105705,1789629895105705700,38.89570581054687,0.0701015889644622,-0.056810550391674,-0.2593974769115448
2026-09-17T07:24:55.115666,1789629895115666000,38.905666015625,-0.1489921510219574,-0.1214870139956474,-0.3118870556354522
2026-09-17T07:24:55.125624,1789629895125624800,38.915624755859376,-0.3486932814121246,-0.1046851351857185,-0.3606151640415191
2026-09-17T07:24:55.135584,1789629895135584800,38.92558471679688,-0.4624288976192474,0.028130704537034,-0.3870569169521332
2026-09-17T07:24:55.145544,1789629895145544700,38.93554467773438,-0.4609468281269073,0.2348332852125167,-0.3855966925621032
2026-09-17T07:24:55.155503,1789629895155503900,38.94550390625,-0.3713639676570892,0.4168877601623535,-0.359470009803772
2026-09-17T07:24:55.165463,1789629895165463800,38.9554638671875,-0.2309202998876571,0.5157421827316284,-0.3039993047714233
2026-09-17T07:24:55.175423,1789629895175423700,38.965423828125,-0.0888470485806465,0.5251516699790955,-0.2118070572614669
2026-09-17T07:24:55.185383,1789629895185383000,38.9753828125,0.0266302786767482,0.4606863856315613,-0.0978085845708847
2026-09-17T07:24:55.195342,1789629895195342800,38.9853427734375,0.1084479168057441,0.343845784664154,0.0221369937062263
2026-09-17T07:24:55.205302,1789629895205302800,38.995302734375,0.1613172590732574,0.2257907837629318,0.1020773649215698
2026-09-17T07:24:55.215262,1789629895215262000,39.00526196289063,0.1869288682937622,0.1395075619220733,0.1351370513439178
2026-09-17T07:24:55.225222,1789629895225222000,39.01522192382812,0.1870649605989456,0.0925815999507904,0.1192768588662147
2026-09-17T07:24:55.235181,1789629895235181800,39.02518188476562,0.1578748524188995,0.079190157353878,0.0800530239939689
2026-09-17T07:24:55.245140,1789629895245140700,39.035140625,0.0954245254397392,0.0270505268126726,0.0194477345794439
2026-09-17T07:24:55.255100,1789629895255100400,39.045100341796875,0.003664243267849,-0.0713799074292182,-0.0495584979653358
2026-09-17T07:24:55.265060,1789629895265060400,39.055060302734375,-0.088981807231903,-0.1536920964717865,-0.0854182317852974
2026-09-17T07:24:55.275019,1789629895275019500,39.06501953125,-0.1612299084663391,-0.1924642473459243,-0.0846831947565078
2026-09-17T07:24:55.284979,1789629895284979500,39.0749794921875,-0.2000550627708435,-0.1953476518392563,-0.0661262869834899
2026-09-17T07:24:55.294939,1789629895294939400,39.084939453125,-0.2066229432821273,-0.1630477756261825,-0.0465661697089672
2026-09-17T07:24:55.304899,1789629895304899300,39.0948994140625,-0.1796967983245849,-0.1099363565444946,-0.0299227442592382
2026-09-17T07:24:55.314858,1789629895314858500,39.1048583984375,-0.1350845843553543,-0.0510123185813427,-0.0035561190452426
2026-09-17T07:24:55.324818,1789629895324818700,39.11481860351562,-0.0805475711822509,0.0015741945244371,0.0333552919328212
2026-09-17T07:24:55.334778,1789629895334778600,39.12477856445312,-0.0317976102232933,0.016197346150875,0.0679236575961113
2026-09-17T07:24:55.344737,1789629895344737500,39.13473754882813,0.0296921152621507,0.0145448539406061,0.102723978459835
2026-09-17T07:24:55.354697,1789629895354697500,39.14469750976563,0.105764515697956,0.0095223989337682,0.142504945397377
2026-09-17T07:24:55.364657,1789629895364657700,39.15465771484375,0.1791364699602127,-0.0319235771894454,0.166411355137825
2026-09-17T07:24:55.374616,1789629895374616600,39.164616455078125,0.2295178771018982,-0.1039903163909912,0.1722388714551925
2026-09-17T07:24:55.384576,1789629895384576500,39.174576416015626,0.2543603777885437,-0.1681650429964065,0.1673043072223663
2026-09-17T07:24:55.394536,1789629895394536400,39.184536376953126,0.261210024356842,-0.1897467672824859,0.1625252664089203
2026-09-17T07:24:55.404495,1789629895404495400,39.19449536132812,0.2392797023057937,-0.1941966414451599,0.1460581421852111
2026-09-17T07:24:55.414455,1789629895414455600,39.20445556640625,0.1948296725749969,-0.1726223677396774,0.1144770458340644
2026-09-17T07:24:55.424415,1789629895424415500,39.21441552734375,0.1492592543363571,-0.1375418901443481,0.0867705792188644
2026-09-17T07:24:55.434374,1789629895434374700,39.22437475585937,0.125764325261116,-0.0261746123433113,0.0685111507773399
2026-09-17T07:24:55.444334,1789629895444334600,39.23433447265625,0.1115270629525184,0.0862190425395965,0.0638903006911277
2026-09-17T07:24:55.454294,1789629895454294500,39.24429443359375,0.0843966379761695,0.1049642339348793,0.0349286906421184
2026-09-17T07:24:55.464253,1789629895464253400,39.25425341796875,0.0321438200771808,0.0495478436350822,-0.0236749686300754
2026-09-17T07:24:55.474213,1789629895474213600,39.26421362304688,-0.0440015457570552,-0.0095663405954837,-0.1012043803930282
2026-09-17T07:24:55.484173,1789629895484173600,39.27417358398438,-0.1211021915078163,-0.0159611236304044,-0.182458758354187
2026-09-17T07:24:55.494132,1789629895494132500,39.284132568359375,-0.1949649602174759,0.0138100879266858,-0.2699755430221557
2026-09-17T07:24:55.504092,1789629895504092400,39.29409252929688,-0.2965549826622009,-0.002305498579517,-0.354907751083374
2026-09-17T07:24:55.514052,1789629895514052600,39.304052490234376,-0.4331056177616119,-0.1105297058820724,-0.4018329083919525
2026-09-17T07:24:55.524011,1789629895524011500,39.31401147460937,-0.597892701625824,-0.25833860039711,-0.3693306446075439
2026-09-17T07:24:55.533971,1789629895533971500,39.32397143554687,-0.7336992621421814,-0.3617579340934753,-0.2810583114624023
2026-09-17T07:24:55.543931,1789629895543931400,39.333931396484374,-0.7926552891731262,-0.3126782774925232,-0.179226741194725
2026-09-17T07:24:55.553891,1789629895553891300,39.343891357421874,-0.7457727193832397,-0.1569925397634506,-0.080168604850769
2026-09-17T07:24:55.563850,1789629895563850800,39.35385083007812,-0.6030733585357666,0.0308122411370277,-0.0185526460409164
2026-09-17T07:24:55.573810,1789629895573810700,39.363810791015624,-0.4089432954788208,0.188471645116806,0.0143091641366481
2026-09-17T07:24:55.583770,1789629895583770600,39.3737705078125,-0.2275734990835189,0.3106915652751922,0.0213899780064821
2026-09-17T07:24:55.593729,1789629895593729500,39.3837294921875,-0.1008118316531181,0.3566390872001648,0.0309097133576869
2026-09-17T07:24:55.603689,1789629895603689500,39.393689453125,-0.0431117825210094,0.2031712234020233,0.0330737978219985
2026-09-17T07:24:55.613649,1789629895613649700,39.40364965820312,-0.0338293351233005,-0.0249199979007244,0.047028761357069
2026-09-17T07:24:55.623608,1789629895623608600,39.413608642578126,-0.0383023805916309,-0.2678018808364868,0.0673377588391304
2026-09-17T07:24:55.633568,1789629895633568500,39.423568603515626,-0.0183531753718853,-0.4202550649642944,0.1328808218240738
2026-09-17T07:24:55.643528,1789629895643528400,39.43352856445313,0.0449240654706954,-0.4341120421886444,0.2280203849077224
2026-09-17T07:24:55.653487,1789629895653487400,39.4434873046875,0.1334787011146545,-0.3558590412139892,0.3162687420845032
2026-09-17T07:24:55.663447,1789629895663447600,39.453447509765624,0.2194484621286392,-0.2356996089220047,0.3655020892620086
2026-09-17T07:24:55.673407,1789629895673407500,39.463407470703125,0.2689507603645324,-0.1246846765279769,0.3783827126026153
2026-09-17T07:24:55.683366,1789629895683366700,39.47336669921875,0.2558890283107757,-0.0573064312338829,0.3466770052909851
2026-09-17T07:24:55.693326,1789629895693326600,39.48332666015625,0.1802142411470413,-0.0232573859393596,0.2820037305355072
2026-09-17T07:24:55.703286,1789629895703286500,39.49328662109375,0.0738598406314849,0.011713114567101,0.2066359966993332
2026-09-17T07:24:55.713245,1789629895713245700,39.50324560546875,-0.0365087427198886,0.072071798145771,0.1381043493747711
2026-09-17T07:24:55.723205,1789629895723205600,39.51320556640625,-0.120328277349472,0.1429190784692764,0.0804865881800651
2026-09-17T07:24:55.733165,1789629895733165600,39.52316552734375,-0.1654568761587143,0.2082147151231765,0.0356562659144401
2026-09-17T07:24:55.743124,1789629895743124500,39.53312451171875,-0.1688239127397537,0.2567971646785736,0.0192887429147958
2026-09-17T07:24:55.753084,1789629895753084400,39.54308447265625,-0.1488818824291229,0.2631035447120666,0.0259365253150463
2026-09-17T07:24:55.763044,1789629895763044600,39.55304467773438,-0.1057972684502601,0.2208820432424545,0.0521084740757942
2026-09-17T07:24:55.773004,1789629895773004500,39.56300463867188,-0.0495507754385471,0.1615383028984069,0.110851414501667
2026-09-17T07:24:55.782963,1789629895782963500,39.57296337890625,0.0112611763179302,0.0777499228715896,0.1843884885311126
2026-09-17T07:24:55.792923,1789629895792923400,39.58292333984375,0.0667601227760315,-0.0076187714003026,0.2436161190271377
2026-09-17T07:24:55.802883,1789629895802883600,39.592883544921875,0.1209490597248077,-0.0683692023158073,0.2803893089294433
2026-09-17T07:24:55.812842,1789629895812842500,39.60284252929687,0.1722569912672042,-0.0789866968989372,0.2828924059867859
2026-09-17T07:24:55.822802,1789629895822802400,39.61280249023437,0.2154566496610641,-0.0539460554718971,0.257774293422699
2026-09-17T07:24:55.832762,1789629895832762400,39.62276245117187,0.230553314089775,-0.0450119487941265,0.2129042744636535
2026-09-17T07:24:55.842721,1789629895842721500,39.63272143554688,0.2017847895622253,-0.0676847696304321,0.1530385464429855
2026-09-17T07:24:55.852681,1789629895852681700,39.642681640625,0.142561674118042,-0.0751919522881507,0.1011971905827522
2026-09-17T07:24:55.862641,1789629895862641700,39.6526416015625,0.0672884956002235,-0.072248101234436,0.0706355571746826
2026-09-17T07:24:55.872600,1789629895872600600,39.6626005859375,-0.0062011703848838,-0.0781310200691223,0.0550070591270923
2026-09-17T07:24:55.882560,1789629895882560500,39.672560546875,-0.0544645749032497,-0.0539236851036548,0.060091033577919
2026-09-17T07:24:55.892520,1789629895892520400,39.6825205078125,-0.0582715608179569,0.0057875816710293,0.075753353536129
2026-09-17T07:24:55.902479,1789629895902479600,39.69247973632813,-0.0153379430994391,0.0660610422492027,0.0967363938689231
2026-09-17T07:24:55.912439,1789629895912439600,39.702439453125,0.0595562718808651,0.1116780638694763,0.1073357760906219
2026-09-17T07:24:55.922399,1789629895922399500,39.7123994140625,0.1465811878442764,0.1465191394090652,0.1075677424669265
2026-09-17T07:24:55.932358,1789629895932358400,39.7223583984375,0.2270467281341552,0.1573462188243866,0.1045738160610199
2026-09-17T07:24:55.942318,1789629895942318300,39.732318359375,0.2868871688842773,0.1136117801070213,0.102211058139801
2026-09-17T07:24:55.952278,1789629895952278500,39.74227856445312,0.3201146125793457,0.0374855883419513,0.0917464345693588
2026-09-17T07:24:55.962237,1789629895962237700,39.75223779296875,0.3152237236499786,-0.0902577266097068,0.0746305584907531
2026-09-17T07:24:55.972197,1789629895972197600,39.76219775390625,0.286615788936615,-0.2688575685024261,0.0705998688936233
2026-09-17T07:24:55.982157,1789629895982157600,39.77215747070313,0.2603541016578674,-0.3986363410949707,0.0849684178829193
2026-09-17T07:24:55.992116,1789629895992116500,39.782116455078125,0.2287085503339767,-0.4423364102840423,0.0944764390587806
2026-09-17T07:24:56.002076,1789629896002076700,39.79207666015625,0.1763915419578552,-0.4331346452236175,0.0759245902299881
2026-09-17T07:24:56.012036,1789629896012036600,39.80203662109375,0.1077749356627464,-0.3536984026432037,0.0408395752310752
2026-09-17T07:24:56.021995,1789629896021995500,39.81199560546875,0.0382451228797435,-0.2108688205480575,0.0014743260107934
2026-09-17T07:24:56.031955,1789629896031955500,39.82195556640625,-0.0211915709078311,-0.0671127215027809,-0.0298985112458467
2026-09-17T07:24:56.041915,1789629896041915400,39.83191528320312,-0.058452658355236,0.0518160611391067,-0.0556217171251773
2026-09-17T07:24:56.051875,1789629896051875600,39.84187548828125,-0.0738702267408371,0.10568568110466,-0.0622631087899208
2026-09-17T07:24:56.061834,1789629896061834500,39.85183447265625,-0.0804897844791412,0.0593682527542114,-0.0448524244129657
2026-09-17T07:24:56.071794,1789629896071794400,39.86179443359375,-0.1012834757566452,-0.0701758936047554,-0.0434627868235111
2026-09-17T07:24:56.081754,1789629896081754400,39.87175439453125,-0.1588804572820663,-0.2148635685443878,-0.0601568147540092
2026-09-17T07:24:56.091713,1789629896091713500,39.88171362304688,-0.2709633111953735,-0.3942010998725891,-0.0952844396233558
2026-09-17T07:24:56.101673,1789629896101673700,39.891673828125,-0.429551362991333,-0.5445644855499268,-0.1539610624313354
2026-09-17T07:24:56.111633,1789629896111633700,39.90163354492187,-0.5856701135635376,-0.592361330986023,-0.2277774959802627
2026-09-17T07:24:56.121592,1789629896121592600,39.911592529296875,-0.6763065457344055,-0.5077534914016724,-0.3002599477767944
2026-09-17T07:24:56.131552,1789629896131552500,39.921552490234376,-0.666335940361023,-0.2730376720428467,-0.3485412001609802
2026-09-17T07:24:56.141512,1789629896141512700,39.9315126953125,-0.5470782518386841,0.0616686902940273,-0.3641864657402038
2026-09-17T07:24:56.151471,1789629896151471600,39.9414716796875,-0.3467169404029846,0.3970357775688171,-0.3231224119663238
2026-09-17T07:24:56.161431,1789629896161431600,39.951431640625,-0.1298504024744033,0.6101967692375183,-0.2296132147312164
2026-09-17T07:24:56.171391,1789629896171391500,39.9613916015625,0.0325587429106235,0.6432615518569946,-0.1152690649032592
2026-09-17T07:24:56.181350,1789629896181350400,39.97135034179688,0.1375826299190521,0.5602108240127563,0.0067812069319188
2026-09-17T07:24:56.191310,1789629896191310600,39.981310546875,0.1891590058803558,0.4391435384750366,0.1227845102548599
2026-09-17T07:24:56.201270,1789629896201270500,39.9912705078125,0.1993413418531417,0.2941021919250488,0.2043278366327285
2026-09-17T07:24:56.211229,1789629896211229400,40.0012294921875,0.1897118836641311,0.1561422049999237,0.2362849712371826
2026-09-17T07:24:56.221189,1789629896221189400,40.011189453125,0.1703837215900421,0.0678381696343422,0.2190918624401092
2026-09-17T07:24:56.231149,1789629896231149300,40.0211494140625,0.154718205332756,0.009759952314198,0.1584839224815368
2026-09-17T07:24:56.241108,1789629896241108500,40.0311083984375,0.1496917605400085,-0.0227921307086944,0.0776175633072853
2026-09-17T07:24:56.251068,1789629896251068700,40.041068603515626,0.1354672759771347,-0.014028999954462,-0.0080414144322276
2026-09-17T07:24:56.261029,1789629896261029000,40.05102905273438,0.0924857258796691,0.0045263087376952,-0.0826812982559204
2026-09-17T07:24:56.270988,1789629896270988000,40.060988037109375,0.0173624791204929,0.0134335169568657,-0.1389549523591995
2026-09-17T07:24:56.280948,1789629896280948000,40.07094799804688,-0.0732105672359466,0.0178929809480905,-0.1778663992881775
2026-09-17T07:24:56.290908,1789629896290908000,40.080907958984376,-0.1455995440483093,0.0455571003258228,-0.2060402482748031
2026-09-17T07:24:56.300866,1789629896300866800,40.09086669921875,-0.1860939711332321,0.1110154688358306,-0.2404616028070449
2026-09-17T07:24:56.310827,1789629896310827000,40.10082690429687,-0.1921044588088989,0.1817247867584228,-0.2687787413597107
2026-09-17T07:24:56.320787,1789629896320787000,40.110786865234374,-0.1733997464179992,0.2304361313581466,-0.2727985084056854
2026-09-17T07:24:56.330747,1789629896330747000,40.120746826171874,-0.1418948173522949,0.2474590688943863,-0.2447767257690429
2026-09-17T07:24:56.340705,1789629896340705800,40.13070581054688,-0.1050715595483779,0.2306723594665527,-0.1826947182416916
2026-09-17T07:24:56.350665,1789629896350665700,40.14066577148437,-0.0535942539572715,0.2108347415924072,-0.1017157062888145
2026-09-17T07:24:56.360626,1789629896360626000,40.1506259765625,0.007129814941436,0.1922658532857895,-0.0252816546708345
2026-09-17T07:24:56.370585,1789629896370585000,40.16058520507813,0.0538483187556266,0.1631487160921096,0.0123978136107325
2026-09-17T07:24:56.380545,1789629896380545000,40.170544921875,0.0736798122525215,0.1171615123748779,0.0082949474453926
2026-09-17T07:24:56.390505,1789629896390505000,40.1805048828125,0.0665848851203918,0.0721229314804077,-0.0053851781412959
2026-09-17T07:24:56.400464,1789629896400464000,40.1904638671875,0.0456748120486736,0.0593826323747634,-0.0135504296049475
2026-09-17T07:24:56.410424,1789629896410424000,40.200424072265626,0.0258473102003335,0.0748169794678688,-0.0075436700135469
2026-09-17T07:24:56.420384,1789629896420384000,40.21038403320313,0.0202253758907318,0.0904787704348564,0.0029140308033674
2026-09-17T07:24:56.430343,1789629896430343000,40.22034301757813,0.0369713343679904,0.1008264794945716,0.0102600939571857
2026-09-17T07:24:56.440302,1789629896440302800,40.230302734375,0.0707732364535331,0.1230944991111755,0.004121774341911
2026-09-17T07:24:56.450263,1789629896450263000,40.240262939453125,0.0930212885141372,0.0932005196809768,-0.0221503097563982
2026-09-17T07:24:56.460222,1789629896460222000,40.25022192382813,0.0720342472195625,-0.0041020670905709,-0.0633142590522766
2026-09-17T07:24:56.470182,1789629896470182000,40.26018188476562,0.0085849659517407,-0.0977862179279327,-0.0949475541710853
2026-09-17T07:24:56.480141,1789629896480141800,40.27014184570312,-0.0657680928707122,-0.1281233429908752,-0.1006179526448249
2026-09-17T07:24:56.490100,1789629896490100700,40.280100830078126,-0.1347780525684356,-0.1209434643387794,-0.0947070643305778
2026-09-17T07:24:56.500060,1789629896500060700,40.29006079101563,-0.1883227676153183,-0.0989076718688011,-0.0927523076534271
2026-09-17T07:24:56.510020,1789629896510020900,40.30002075195313,-0.2221185564994812,-0.0651108250021934,-0.0909647941589355
2026-09-17T07:24:56.519980,1789629896519980000,40.30997998046875,-0.217012733221054,-0.029209017753601,-0.0711804330348968
2026-09-17T07:24:56.529940,1789629896529940000,40.31993994140625,-0.1597033739089965,-0.0018817896489053,-0.0317502059042453
2026-09-17T07:24:56.539900,1789629896539900000,40.32989990234375,-0.0624205023050308,-0.0212022233754396,0.0120079265907406
2026-09-17T07:24:56.549858,1789629896549858800,40.33985888671875,0.0495449155569076,-0.0942141190171241,0.0626798942685127
2026-09-17T07:24:56.559819,1789629896559819000,40.349819091796874,0.1540673226118087,-0.1987301409244537,0.1151407063007354
2026-09-17T07:24:56.569779,1789629896569779000,40.359779052734375,0.2343381941318512,-0.3160690069198608,0.1474831998348236
2026-09-17T07:24:56.579737,1789629896579737900,40.36973779296875,0.2940579950809479,-0.4035141766071319,0.1667461097240448
2026-09-17T07:24:56.589697,1789629896589697800,40.37969775390625,0.3216704428195953,-0.4666718542575836,0.1711107641458511
2026-09-17T07:24:56.599658,1789629896599658000,40.38965795898437,0.308132529258728,-0.4869307577610016,0.1503892391920089
2026-09-17T07:24:56.609617,1789629896609617000,40.399616943359376,0.2722261846065521,-0.411876231431961,0.133179098367691
2026-09-17T07:24:56.619576,1789629896619576800,40.40957690429688,0.2349840104579925,-0.2189075797796249,0.1318339258432388
2026-09-17T07:24:56.629536,1789629896629536800,40.41953686523438,0.2131215929985046,0.020027769729495,0.1435747444629669
2026-09-17T07:24:56.639496,1789629896639496700,40.42949658203125,0.2019184827804565,0.1846774369478225,0.1634507179260254
2026-09-17T07:24:56.649456,1789629896649456000,40.4394560546875,0.1994318813085556,0.2291631400585174,0.1689791679382324
2026-09-17T07:24:56.659416,1789629896659416000,40.449416015625,0.1805599182844162,0.1816427707672119,0.1390082240104675
2026-09-17T07:24:56.669376,1789629896669376000,40.4593759765625,0.1265161335468292,0.0618649646639823,0.0779158398509025
2026-09-17T07:24:56.679335,1789629896679335000,40.4693349609375,0.0445853099226951,-0.0626681745052337,-0.0012535499408841
2026-09-17T07:24:56.689294,1789629896689294800,40.479294921875,-0.0566092170774936,-0.1879099756479263,-0.0761352479457855
2026-09-17T07:24:56.699255,1789629896699255000,40.489255126953125,-0.1650566011667251,-0.3211218416690826,-0.1253251582384109
2026-09-17T07:24:56.709214,1789629896709214000,40.4992138671875,-0.2515273094177246,-0.3863226771354675,-0.1361277401447296
2026-09-17T07:24:56.719174,1789629896719174000,40.509173828125,-0.2875348329544067,-0.3299004137516022,-0.1173905432224273
2026-09-17T07:24:56.729133,1789629896729133800,40.5191337890625,-0.2624353468418121,-0.1979879140853881,-0.094911865890026
2026-09-17T07:24:56.739092,1789629896739092700,40.5290927734375,-0.2102341949939727,-0.0199233740568161,-0.0704376772046089
2026-09-17T07:24:56.749053,1789629896749053000,40.53905297851563,-0.1705331206321716,0.1291750371456146,-0.0537015758454799
2026-09-17T07:24:56.759012,1789629896759012900,40.54901293945313,-0.1599300056695938,0.2697806060314178,-0.0424539819359779
2026-09-17T07:24:56.768972,1789629896768972000,40.558971923828125,-0.165195345878601,0.384611576795578,-0.0503659695386886
2026-09-17T07:24:56.778932,1789629896778932000,40.568931884765625,-0.1939074248075485,0.4250924289226532,-0.0811835378408432
2026-09-17T07:24:56.788892,1789629896788892000,40.578891845703126,-0.2397878319025039,0.4433840811252594,-0.1045927181839943
2026-09-17T07:24:56.798851,1789629896798851000,40.58885107421875,-0.2731755971908569,0.4181245565414428,-0.0916249901056289
2026-09-17T07:24:56.808811,1789629896808811000,40.59881103515625,-0.2774816751480102,0.3618452847003937,-0.0345049798488616
2026-09-17T07:24:56.818771,1789629896818771000,40.60877099609375,-0.2222003042697906,0.2888895869255066,0.0480660609900951
2026-09-17T07:24:56.828729,1789629896828729900,40.61872973632813,-0.1183623299002647,0.1874335408210754,0.134467527270317
2026-09-17T07:24:56.838689,1789629896838689800,40.62868969726563,0.0161837637424469,0.0893788784742355,0.2074117809534073
2026-09-17T07:24:56.848650,1789629896848650000,40.63864990234375,0.1410865485668182,-0.0047351005487143,0.2514759004116058
2026-09-17T07:24:56.858609,1789629896858609000,40.64860888671875,0.2247982174158096,-0.0903959423303604,0.2661552429199219
2026-09-17T07:24:56.868568,1789629896868568800,40.65856884765625,0.2360578030347824,-0.1882066577672958,0.2517158687114715
2026-09-17T07:24:56.878528,1789629896878528800,40.66852880859375,0.1743542253971099,-0.2639932930469513,0.1983927190303802
2026-09-17T07:24:56.888488,1789629896888488000,40.678488037109375,0.0496863313019275,-0.3111376464366913,0.1213567852973938
2026-09-17T07:24:56.898448,1789629896898448000,40.68844775390625,-0.1060713082551956,-0.2815935909748077,0.0352208390831947
2026-09-17T07:24:56.908407,1789629896908407800,40.69840771484375,-0.2519038915634155,-0.1924615949392318,-0.041337851434946
2026-09-17T07:24:56.918367,1789629896918367000,40.70836694335937,-0.3490988612174988,-0.0570212081074714,-0.0898590460419654
2026-09-17T07:24:56.928327,1789629896928327000,40.71832690429687,-0.3804472088813782,0.0954455658793449,-0.1001276671886444
2026-09-17T07:24:56.938287,1789629896938287000,40.728287109375,-0.3385663330554962,0.2220913916826248,-0.0755006149411201
2026-09-17T07:24:56.948247,1789629896948247000,40.7382470703125,-0.245555430650711,0.3143030703067779,-0.031443677842617
2026-09-17T07:24:56.958206,1789629896958206000,40.7482060546875,-0.1289374828338623,0.3535082638263702,0.0191284213215112
2026-09-17T07:24:56.968166,1789629896968166000,40.75816577148437,-0.0127900969237089,0.3414121866226196,0.0756007507443428
2026-09-17T07:24:56.978125,1789629896978125800,40.76812573242187,0.0769882574677467,0.2916480898857116,0.1332414150238037
2026-09-17T07:24:56.988084,1789629896988084700,40.77808471679688,0.1320981085300445,0.216005265712738,0.1827567666769027
2026-09-17T07:24:56.998045,1789629896998045000,40.788044921875,0.1590349227190017,0.1207237541675567,0.2184188961982727
2026-09-17T07:24:57.008004,1789629897008004900,40.7980048828125,0.1614861041307449,0.0163898915052413,0.2326415032148361
2026-09-17T07:24:57.017963,1789629897017963800,40.8079638671875,0.158586710691452,-0.0509614497423172,0.2146747559309005
2026-09-17T07:24:57.027923,1789629897027923700,40.817923828125,0.1518419981002807,-0.06909891217947,0.1696811765432357
2026-09-17T07:24:57.037884,1789629897037884000,40.8278837890625,0.1405286192893982,-0.0576909929513931,0.0955654010176658
2026-09-17T07:24:57.047843,1789629897047843000,40.83784301757812,0.1263928264379501,-0.0194959361106157,0.0331638120114803
2026-09-17T07:24:57.057803,1789629897057803000,40.847802978515624,0.1189189329743385,0.0211590807884931,0.0091309137642383
2026-09-17T07:24:57.067763,1789629897067763000,40.85776293945312,0.1045154929161071,0.0422995202243328,0.0197313595563173
2026-09-17T07:24:57.077721,1789629897077721900,40.86772192382813,0.0816418677568435,0.0478940233588218,0.0477020069956779
2026-09-17T07:24:57.087682,1789629897087682000,40.87768212890625,0.0546672381460666,0.0453706756234169,0.0715551450848579
2026-09-17T07:24:57.097642,1789629897097642000,40.88764208984375,0.0319510102272033,0.0341451875865459,0.0789230465888977
2026-09-17T07:24:57.107601,1789629897107601000,40.897600830078126,0.0085679218173027,-0.001757686259225,0.05980234593153
2026-09-17T07:24:57.117560,1789629897117560800,40.90756079101563,0.010498447343707,-0.0103951161727309,0.029428195208311
2026-09-17T07:24:57.127520,1789629897127520800,40.91752075195313,0.0508338846266269,0.0262332018464803,0.0121112577617168
2026-09-17T07:24:57.137480,1789629897137480000,40.92747998046875,0.1101115867495536,0.0578039102256298,0.0033643713686615
2026-09-17T07:24:57.147439,1789629897147439900,40.93743994140625,0.1776365786790847,0.0737365409731864,0.0158359538763761
2026-09-17T07:24:57.157399,1789629897157399800,40.94739990234375,0.2410895824432373,0.0868131890892982,0.0505529232323169
2026-09-17T07:24:57.167359,1789629897167359000,40.95735888671875,0.2864829003810882,0.0725450366735458,0.0954668670892715
2026-09-17T07:24:57.177319,1789629897177319000,40.96731884765625,0.3057354092597961,0.0111610414460301,0.1387176662683487
2026-09-17T07:24:57.187279,1789629897187279000,40.977279052734374,0.3102518618106842,-0.0476226471364498,0.1829786002635955
2026-09-17T07:24:57.197238,1789629897197238000,40.98723803710938,0.2961679995059967,-0.0874656662344932,0.2042578011751175
2026-09-17T07:24:57.207198,1789629897207198000,40.99719799804687,0.2762329280376434,-0.0964362546801567,0.1991258859634399
2026-09-17T07:24:57.217158,1789629897217158000,41.00715795898437,0.2594259679317474,-0.0287381708621978,0.1703829169273376
2026-09-17T07:24:57.227116,1789629897227116800,41.01711669921875,0.2541159093379974,0.045802641659975,0.14007668197155
2026-09-17T07:24:57.237077,1789629897237077000,41.02707690429688,0.2678117454051971,0.1225360333919525,0.1219418868422508
2026-09-17T07:24:57.247037,1789629897247037000,41.03703686523438,0.300290048122406,0.1640773564577102,0.1141225770115852
2026-09-17T07:24:57.256995,1789629897256995600,41.04699560546875,0.3391599655151367,0.1558210253715515,0.0946146547794342
2026-09-17T07:24:57.266955,1789629897266955500,41.05695556640625,0.3611699044704437,0.0720853805541992,0.047924380749464
2026-09-17T07:24:57.276915,1789629897276915500,41.06691552734375,0.3278625607490539,-0.0808301344513893,-0.0349009931087493
2026-09-17T07:24:57.286875,1789629897286875600,41.076875732421875,0.2228455990552902,-0.2564916908740997,-0.1353431791067123
2026-09-17T07:24:57.296834,1789629897296834800,41.08683471679687,0.05840764939785,-0.3941071033477783,-0.2310763597488403
2026-09-17T07:24:57.306794,1789629897306794800,41.09679467773437,-0.1378292441368103,-0.4923998415470123,-0.3226371705532074
2026-09-17T07:24:57.316754,1789629897316754700,41.10675463867187,-0.3091458678245544,-0.5244325995445251,-0.3957321643829345
2026-09-17T07:24:57.326713,1789629897326713600,41.11671362304688,-0.4114522635936737,-0.422820508480072,-0.4468736350536346
2026-09-17T07:24:57.336673,1789629897336673800,41.126673828125,-0.4376170039176941,-0.2161237746477127,-0.4661013782024383
2026-09-17T07:24:57.346633,1789629897346633700,41.1366337890625,-0.3732659816741943,0.0047779772430658,-0.4423739612102508
2026-09-17T07:24:57.356592,1789629897356592600,41.146592529296875,-0.2433396875858307,0.2281306385993957,-0.3882694542407989
2026-09-17T07:24:57.366552,1789629897366552600,41.156552490234375,-0.0874006822705268,0.3672589659690857,-0.3247983157634735
2026-09-17T07:24:57.376512,1789629897376512800,41.1665126953125,0.0401074737310409,0.3943835198879242,-0.2641951739788055
2026-09-17T07:24:57.386471,1789629897386471700,41.1764716796875,0.1374204456806183,0.3350416421890259,-0.2174236625432968
2026-09-17T07:24:57.396431,1789629897396431600,41.186431640625,0.2081713080406189,0.2138387858867645,-0.1901595592498779
2026-09-17T07:24:57.406391,1789629897406391600,41.1963916015625,0.2644731998443603,0.0787249058485031,-0.1847466826438903
2026-09-17T07:24:57.416350,1789629897416350700,41.20635083007812,0.312724620103836,-0.0128058101981878,-0.1893033534288406
2026-09-17T07:24:57.426310,1789629897426310700,41.216310546875,0.3560380041599273,-0.052576657384634,-0.1890759170055389
2026-09-17T07:24:57.436270,1789629897436270600,41.2262705078125,0.3614263832569122,-0.0624892115592956,-0.1815865784883499
2026-09-17T07:24:57.446229,1789629897446229800,41.23622973632813,0.325537621974945,-0.0587701052427291,-0.1658952236175537
2026-09-17T07:24:57.456189,1789629897456189700,41.24618969726563,0.2399201840162277,-0.0577711537480354,-0.1570343524217605
2026-09-17T07:24:57.466149,1789629897466149600,41.25614965820313,0.1033674031496048,-0.0718749910593032,-0.1818925738334655
2026-09-17T07:24:57.476108,1789629897476108500,41.266108642578125,-0.0560203902423381,-0.0701596438884735,-0.2335275411605835
2026-09-17T07:24:57.486068,1789629897486068700,41.27606884765625,-0.1898319870233535,-0.0224930588155984,-0.2849955260753631
2026-09-17T07:24:57.496028,1789629897496028700,41.286028564453126,-0.272680789232254,0.0770332664251327,-0.3199263513088226
2026-09-17T07:24:57.505987,1789629897505987600,41.29598754882812,-0.3001803159713745,0.1883139908313751,-0.3240976333618164
2026-09-17T07:24:57.515947,1789629897515947500,41.30594750976562,-0.2650050222873688,0.2870083451271057,-0.2871207296848297
2026-09-17T07:24:57.525907,1789629897525907700,41.31590771484375,-0.1795146316289901,0.3518509864807129,-0.2105684280395507
2026-09-17T07:24:57.535866,1789629897535866600,41.32586669921875,-0.0741168409585952,0.35441854596138,-0.1188981607556343
2026-09-17T07:24:57.545826,1789629897545826600,41.33582666015625,0.0251519586890935,0.3148559331893921,-0.0222600325942039
2026-09-17T07:24:57.555786,1789629897555786500,41.34578637695312,0.0943491384387016,0.2405457645654678,0.0511745028197765
2026-09-17T07:24:57.565745,1789629897565745700,41.35574560546875,0.1285678297281265,0.1549411118030548,0.100902110338211
2026-09-17T07:24:57.575705,1789629897575705900,41.36570581054688,0.1312144845724105,0.0842469707131385,0.1307436376810073
2026-09-17T07:24:57.585665,1789629897585665800,41.37566577148438,0.1084247455000877,0.0537833385169506,0.1358797997236251
2026-09-17T07:24:57.595624,1789629897595624700,41.385624755859375,0.0740707665681839,0.0238992068916559,0.1260998845100402
2026-09-17T07:24:57.605584,1789629897605584600,41.39558471679688,0.0454737432301044,-0.0057444386184215,0.0954833775758743
2026-09-17T07:24:57.615544,1789629897615544600,41.405544677734376,0.0285075418651103,-0.0157312918454408,0.0634061396121978
2026-09-17T07:24:57.625503,1789629897625503700,41.41550366210937,0.016702814027667,-0.0083143888041377,0.0424028523266315
2026-09-17T07:24:57.635463,1789629897635463700,41.42546362304687,0.0034011229872703,0.0036448021419346,0.0340266749262809
2026-09-17T07:24:57.645423,1789629897645423600,41.435423583984374,-0.0225836057215929,-0.0065383268520236,0.0305147655308246
2026-09-17T07:24:57.655383,1789629897655383600,41.445383544921874,-0.0654309391975402,-0.0386307500302791,0.0293437745422124
2026-09-17T07:24:57.665342,1789629897665342500,41.45534252929688,-0.1186584755778312,-0.0628761649131774,0.0310958679765462
2026-09-17T07:24:57.675302,1789629897675302700,41.465302734375,-0.1543496251106262,-0.0371843874454498,0.0407213307917118
2026-09-17T07:24:57.685262,1789629897685262600,41.4752626953125,-0.1601081788539886,0.0278417505323886,0.0450236685574054
2026-09-17T07:24:57.695221,1789629897695221800,41.4852216796875,-0.1287422627210617,0.0835199281573295,0.0346392020583152
2026-09-17T07:24:57.705181,1789629897705181700,41.495181640625,-0.0542661696672439,0.1252846866846084,0.0230198316276073
2026-09-17T07:24:57.715142,1789629897715142000,41.50514184570312,0.0488564893603324,0.141845017671585,0.0272270943969488
2026-09-17T07:24:57.725100,1789629897725100800,41.515100830078126,0.149864062666893,0.1271291822195053,0.0545865446329116
2026-09-17T07:24:57.735060,1789629897735060700,41.525060791015626,0.2128464877605438,0.0584473311901092,0.1032369062304496
2026-09-17T07:24:57.745020,1789629897745020700,41.53502075195313,0.2244094014167785,-0.067685566842556,0.1511727422475814
2026-09-17T07:24:57.754979,1789629897754979600,41.5449794921875,0.1961740404367447,-0.1942962408065796,0.178778275847435
2026-09-17T07:24:57.764939,1789629897764939500,41.554939453125,0.1563395410776138,-0.2771218717098236,0.1787865310907364
2026-09-17T07:24:57.774899,1789629897774899700,41.56489965820312,0.1201887279748916,-0.316243976354599,0.1672361344099044
2026-09-17T07:24:57.784858,1789629897784858600,41.57485864257813,0.1012094393372535,-0.298235148191452,0.160900205373764
2026-09-17T07:24:57.794818,1789629897794818600,41.58481860351562,0.0939086526632309,-0.236217588186264,0.1735004186630249
2026-09-17T07:24:57.804778,1789629897804778500,41.59477856445312,0.0989167243242263,-0.1444615721702575,0.2090829163789749
2026-09-17T07:24:57.814737,1789629897814737700,41.604737548828126,0.1163042411208152,-0.0421892665326595,0.2488777339458465
2026-09-17T07:24:57.824697,1789629897824697900,41.61469775390625,0.1203280091285705,0.0148093057796359,0.264164537191391
2026-09-17T07:24:57.834657,1789629897834657800,41.62465771484375,0.0823356211185455,-0.0003464772598817,0.2283998876810073
2026-09-17T07:24:57.844616,1789629897844616700,41.63461669921875,0.002346244873479,-0.0292702708393335,0.1397262066602707
2026-09-17T07:24:57.854576,1789629897854576600,41.64457666015625,-0.1059930101037025,-0.0432153828442096,0.0180237423628568
2026-09-17T07:24:57.864536,1789629897864536800,41.65453686523438,-0.2207616716623306,-0.0639214590191841,-0.1151572167873382
2026-09-17T07:24:57.874495,1789629897874495700,41.664495849609374,-0.3290862739086151,-0.1109195947647094,-0.2304252237081527
2026-09-17T07:24:57.884455,1789629897884455700,41.67445556640625,-0.4102977812290191,-0.1650552600622177,-0.2817568480968475
2026-09-17T07:24:57.894415,1789629897894415600,41.68441552734375,-0.4555097222328186,-0.2170761227607727,-0.2575692236423492
2026-09-17T07:24:57.904374,1789629897904374500,41.69437451171875,-0.4732288122177124,-0.3099413514137268,-0.1829200237989425
2026-09-17T07:24:57.914334,1789629897914334700,41.70433471679687,-0.4483538269996643,-0.3745331168174743,-0.0991966277360916
2026-09-17T07:24:57.924294,1789629897924294700,41.71429467773437,-0.3775313198566437,-0.326022058725357,-0.0051819789223372
2026-09-17T07:24:57.934253,1789629897934253600,41.724253662109376,-0.2718722522258758,-0.1826635599136352,0.0824703723192215
2026-09-17T07:24:57.944213,1789629897944213500,41.73421362304688,-0.1614773124456405,-0.0074054519645869,0.1269744634628296
2026-09-17T07:24:57.954173,1789629897954173400,41.74417333984375,-0.0790452808141708,0.1423542201519012,0.122180238366127
2026-09-17T07:24:57.964132,1789629897964132600,41.754132568359374,-0.0488612838089466,0.2260323315858841,0.0898718312382698
2026-09-17T07:24:57.974092,1789629897974092800,41.7640927734375,-0.0740939378738403,0.2265306115150451,0.0397711135447025
2026-09-17T07:24:57.984052,1789629897984052700,41.774052734375,-0.1581419706344604,0.1379773169755935,-0.0067455205135047
2026-09-17T07:24:57.994011,1789629897994011600,41.78401171875,-0.2676708698272705,-0.0492767356336116,-0.0461264811456203
2026-09-17T07:24:58.003971,1789629898003971600,41.7939716796875,-0.358421266078949,-0.2588310241699219,-0.0701761618256568
2026-09-17T07:24:58.013931,1789629898013931800,41.803931884765625,-0.3929376900196075,-0.4141276776790619,-0.0753304436802864
2026-09-17T07:24:58.023890,1789629898023890700,41.813890625,-0.3573466837406158,-0.4740256369113922,-0.0592087283730506
2026-09-17T07:24:58.033850,1789629898033850600,41.8238505859375,-0.2654692232608795,-0.4450554847717285,-0.0414861887693405
2026-09-17T07:24:58.043810,1789629898043810600,41.833810546875,-0.1535994112491607,-0.3938434422016144,-0.03383519500494
2026-09-17T07:24:58.053770,1789629898053770500,41.8437705078125,-0.0660695657134056,-0.3466096222400665,-0.0426475964486599
2026-09-17T07:24:58.063729,1789629898063729700,41.85372973632813,-0.035012312233448,-0.3089999258518219,-0.0694669559597969
2026-09-17T07:24:58.073689,1789629898073689600,41.86368969726563,-0.0700320824980735,-0.2589252889156341,-0.0893330723047256
2026-09-17T07:24:58.083649,1789629898083649500,41.8736494140625,-0.1373328268527984,-0.189989373087883,-0.0905631855130195
2026-09-17T07:24:58.093608,1789629898093608700,41.883608642578125,-0.2107585668563842,-0.1176483333110809,-0.0865050628781318
2026-09-17T07:24:58.103568,1789629898103568600,41.893568603515625,-0.2593122720718384,-0.0351033918559551,-0.0814107060432434
2026-09-17T07:24:58.113528,1789629898113528800,41.90352880859375,-0.2687097489833832,0.0692610964179039,-0.0800945684313774
2026-09-17T07:24:58.123487,1789629898123487700,41.91348779296875,-0.2343344688415527,0.1698284447193145,-0.0854856073856353
2026-09-17T07:24:58.133447,1789629898133447700,41.92344775390625,-0.1839216351509094,0.2063603550195694,-0.1063301712274551
2026-09-17T07:24:58.143407,1789629898143407600,41.93340771484375,-0.136432945728302,0.1747007071971893,-0.1310616135597229
2026-09-17T07:24:58.153366,1789629898153366500,41.94336645507813,-0.094803474843502,0.0901655778288841,-0.1347034871578216
2026-09-17T07:24:58.163326,1789629898163326700,41.95332666015625,-0.0573977790772914,-0.0283786449581384,-0.1120650172233581
2026-09-17T07:24:58.173286,1789629898173286700,41.96328662109375,-0.0053550843149423,-0.1314270049333572,-0.0628431439399719
2026-09-17T07:24:58.183245,1789629898183245600,41.97324560546875,0.0522994250059127,-0.1877043843269348,-0.0098315915092825
2026-09-17T07:24:58.193205,1789629898193205500,41.98320556640625,0.1058033928275108,-0.1837650388479232,0.0145874647423625
2026-09-17T07:24:58.203165,1789629898203165700,41.99316577148438,0.1386127471923828,-0.1281595677137375,0.0199915505945682
2026-09-17T07:24:58.213124,1789629898213124900,42.003124755859375,0.1321375370025634,-0.0562331788241863,0.0143033051863312
2026-09-17T07:24:58.223084,1789629898223084800,42.013084716796875,0.0918947681784629,0.0047675911337137,-0.0051430966705083
2026-09-17T07:24:58.233044,1789629898233044700,42.023044677734376,0.0151938665658235,0.0166181251406669,-0.0383564420044422
2026-09-17T07:24:58.243003,1789629898243003600,42.03300366210937,-0.0746252387762069,0.011510981246829,-0.0653675571084022
2026-09-17T07:24:58.252963,1789629898252963600,42.04296362304687,-0.1455289721488952,-0.0069122347049415,-0.0795323774218559
2026-09-17T07:24:58.262923,1789629898262923500,42.052923583984374,-0.1805343627929687,-0.0341324023902416,-0.0753773152828216
2026-09-17T07:24:58.272882,1789629898272882400,42.06288232421875,-0.1722628474235534,-0.0486796535551548,-0.0676301792263984
2026-09-17T07:24:58.282842,1789629898282842400,42.07284228515625,-0.1268972307443618,-0.0368536226451396,-0.0665020644664764
2026-09-17T07:24:58.292802,1789629898292802300,42.08280224609375,-0.0707210376858711,-0.0136044919490814,-0.076030321419239
2026-09-17T07:24:58.302761,1789629898302761500,42.092761474609375,-0.0179451778531074,-0.0079575255513191,-0.0811142921447753
2026-09-17T07:24:58.312721,1789629898312721400,42.10272143554688,0.0188591759651899,-0.0050770500674843,-0.0788335651159286
2026-09-17T07:24:58.322681,1789629898322681300,42.112681396484376,0.0482255853712558,0.0197020657360553,-0.0506677031517028
2026-09-17T07:24:58.332640,1789629898332640500,42.122640625,0.0712890923023223,0.0605118125677108,-0.0070949275977909
2026-09-17T07:24:58.342600,1789629898342600400,42.13260034179687,0.0971414595842361,0.1036941707134246,0.0348306857049465
2026-09-17T07:24:58.352560,1789629898352560600,42.142560546875,0.1233459040522575,0.1423920392990112,0.0758902356028556
2026-09-17T07:24:58.362519,1789629898362519600,42.15251953125,0.164119690656662,0.172198936343193,0.1125944554805755
2026-09-17T07:24:58.372479,1789629898372479500,42.1624794921875,0.2069467902183532,0.2085345685482025,0.153256669640541
2026-09-17T07:24:58.382439,1789629898382439400,42.172439453125,0.2251345813274383,0.2301772832870483,0.2040207684040069
2026-09-17T07:24:58.392398,1789629898392398300,42.1823984375,0.2159224450588226,0.1885131895542144,0.2396389544010162
2026-09-17T07:24:58.402358,1789629898402358500,42.19235864257813,0.1896650046110153,0.0979361534118652,0.257622480392456
2026-09-17T07:24:58.412318,1789629898412318500,42.202318359375,0.1528087258338928,0.038412369787693,0.2660034596920013
2026-09-17T07:24:58.422277,1789629898422277400,42.21227734375,0.1048150956630706,0.0326594077050685,0.2570733428001404
2026-09-17T07:24:58.432237,1789629898432237300,42.2222373046875,0.0384619049727916,0.0403540804982185,0.229844644665718
2026-09-17T07:24:58.442197,1789629898442197500,42.232197509765626,-0.0315030664205551,0.0276263020932674,0.1638714969158172
2026-09-17T07:24:58.452156,1789629898452156400,42.24215649414062,-0.104104034602642,-8.46885232022e-05,0.0450468361377716
2026-09-17T07:24:58.462116,1789629898462116400,42.25211645507813,-0.1932469606399536,-0.0227457918226718,-0.1262990832328796
2026-09-17T07:24:58.472076,1789629898472076500,42.26207666015625,-0.3029646575450897,-0.0282494816929101,-0.3366405963897705
2026-09-17T07:24:58.482036,1789629898482036500,42.272036376953125,-0.4261800646781921,-0.0233287587761878,-0.5270822048187256
2026-09-17T07:24:58.491995,1789629898491995400,42.28199536132813,-0.5340359807014465,-0.0074898740276694,-0.6441603302955627
2026-09-17T07:24:58.501955,1789629898501955600,42.29195556640625,-0.5916345715522766,0.0428284220397472,-0.6566548347473145
2026-09-17T07:24:58.511915,1789629898511915500,42.30191552734375,-0.5586220026016235,0.1753939241170883,-0.5588499903678894
2026-09-17T07:24:58.521874,1789629898521874400,42.31187451171875,-0.4320318400859833,0.3390843272209167,-0.3994067907333374
2026-09-17T07:24:58.531834,1789629898531834400,42.32183447265625,-0.2412866503000259,0.4900163114070892,-0.2306992560625076
2026-09-17T07:24:58.541794,1789629898541794600,42.33179467773437,-0.0279216468334198,0.6002520322799683,-0.0753592029213905
2026-09-17T07:24:58.551753,1789629898551753500,42.34175341796875,0.1718636304140091,0.6156607866287231,0.0424920655786991
2026-09-17T07:24:58.561713,1789629898561713400,42.35171337890625,0.319711685180664,0.5324705839157104,0.1119608879089355
2026-09-17T07:24:58.571673,1789629898571673300,42.36167333984375,0.4012560844421386,0.4033668935298919,0.1514699459075927
2026-09-17T07:24:58.581632,1789629898581632300,42.37163232421875,0.4201208353042602,0.2311573177576065,0.1634349972009658
2026-09-17T07:24:58.591592,1789629898591592400,42.381592529296874,0.4007855057716369,0.09455606341362,0.1551512330770492
2026-09-17T07:24:58.601552,1789629898601552400,42.391552490234375,0.3652573227882385,0.0341028422117233,0.1134541258215904
2026-09-17T07:24:58.611511,1789629898611511600,42.40151147460937,0.3096779584884643,-0.0085476813837885,0.0329158715903759
2026-09-17T07:24:58.621471,1789629898621471500,42.41147143554687,0.2512532770633697,-0.0792743191123008,-0.0694110319018364
2026-09-17T07:24:58.631431,1789629898631431400,42.42143139648437,0.211076021194458,-0.1080710738897323,-0.1455385535955429
2026-09-17T07:24:58.641390,1789629898641390600,42.431390625,0.1684513241052627,-0.0924463123083114,-0.1885227710008621
2026-09-17T07:24:58.651350,1789629898651350500,42.4413505859375,0.1032957583665847,-0.0905389562249183,-0.2132824510335922
2026-09-17T07:24:58.661310,1789629898661310500,42.451310546875,0.0082837622612714,-0.1145646646618843,-0.2180870622396469
2026-09-17T07:24:58.671269,1789629898671269400,42.461269287109374,-0.0948748439550399,-0.1566809564828872,-0.2066149562597274
2026-09-17T07:24:58.681229,1789629898681229300,42.471229248046875,-0.1798552572727203,-0.1723009347915649,-0.1908807307481765
2026-09-17T07:24:58.691189,1789629898691189500,42.481189453125,-0.2316223084926605,-0.1518923193216323,-0.176030158996582
2026-09-17T07:24:58.701148,1789629898701148400,42.4911484375,-0.2463226914405822,-0.1181724444031715,-0.1706417798995971
2026-09-17T07:24:58.711108,1789629898711108400,42.5011083984375,-0.2258986383676529,-0.0706225037574768,-0.1576833724975586
2026-09-17T07:24:58.721068,1789629898721068300,42.511068359375,-0.1592839360237121,0.0440364331007003,-0.1037327870726585
2026-09-17T07:24:58.731027,1789629898731027500,42.52102734375,-0.0633366256952285,0.195380687713623,-0.0343206897377967
2026-09-17T07:24:58.740987,1789629898740987600,42.53098754882812,0.035827238112688,0.3064784407615661,0.0432950109243392
2026-09-17T07:24:58.750947,1789629898750947600,42.54094750976562,0.1258780360221862,0.3385253250598907,0.1180430129170417
2026-09-17T07:24:58.760906,1789629898760906500,42.55090649414063,0.1962736397981643,0.3080648779869079,0.1904415786266327
2026-09-17T07:24:58.770866,1789629898770866400,42.56086645507813,0.2394232451915741,0.2444009482860565,0.2591838836669922
2026-09-17T07:24:58.780826,1789629898780826600,42.57082666015625,0.2661576569080353,0.1576743125915527,0.3128857314586639
2026-09-17T07:24:58.790785,1789629898790785500,42.58078564453125,0.2709015309810638,0.0929467156529426,0.3509199321269989
2026-09-17T07:24:58.800745,1789629898800745500,42.590745361328125,0.2494572252035141,0.0481377020478248,0.3616354465484619
2026-09-17T07:24:58.810705,1789629898810705400,42.600705322265625,0.2087279111146927,0.0260140243917703,0.3518214225769043
2026-09-17T07:24:58.820664,1789629898820664300,42.61066430664062,0.1462714523077011,0.013898504897952,0.316466361284256
2026-09-17T07:24:58.830624,1789629898830624300,42.62062426757812,0.0718243867158889,-0.0314628519117832,0.2463224232196808
2026-09-17T07:24:58.840584,1789629898840584400,42.63058447265625,-0.0024671524297446,-0.1041746065020561,0.1617537438869476
2026-09-17T07:24:58.850543,1789629898850543600,42.64054370117187,-0.0583487935364246,-0.1549837291240692,0.0782439410686492
2026-09-17T07:24:58.860503,1789629898860503600,42.65050366210937,-0.0743530616164207,-0.1625396460294723,0.0205899626016616
2026-09-17T07:24:58.870463,1789629898870463500,42.66046337890625,-0.0537492483854293,-0.1212995275855064,0.0019076223252341
2026-09-17T07:24:58.880422,1789629898880422400,42.67042236328125,-0.0088478196412324,-0.0388741604983806,0.012261725962162
2026-09-17T07:24:58.890382,1789629898890382600,42.68038256835938,0.043838296085596,0.0580377355217933,0.0583661049604415
2026-09-17T07:24:58.900342,1789629898900342500,42.69034252929688,0.079992838203907,0.1379117965698242,0.1267182677984237
2026-09-17T07:24:58.910301,1789629898910301400,42.700301513671874,0.0919778570532798,0.1856441646814346,0.1897864490747451
2026-09-17T07:24:58.920261,1789629898920261400,42.710261474609375,0.0970266833901405,0.1885470151901245,0.2353275716304779
2026-09-17T07:24:58.930221,1789629898930221600,42.7202216796875,0.1204675585031509,0.1570527404546737,0.2650495171546936
2026-09-17T07:24:58.940180,1789629898940180500,42.73018041992187,0.1713275462388992,0.0916628092527389,0.277160495519638
2026-09-17T07:24:58.950140,1789629898950140400,42.74014038085937,0.2499190270900726,0.0101370560005307,0.2749213278293609
2026-09-17T07:24:58.960100,1789629898960100400,42.75010034179687,0.3462900221347809,-0.0427216291427612,0.2672540843486786
2026-09-17T07:24:58.970059,1789629898970059500,42.7600595703125,0.42708820104599,-0.0728694126009941,0.2411031574010849
2026-09-17T07:24:58.980019,1789629898980019500,42.77001953125,0.4655405282974243,-0.0713295713067054,0.2112656384706497
2026-09-17T07:24:58.989979,1789629898989979400,42.7799794921875,0.4681115448474884,-0.0448084846138954,0.1776030212640762
2026-09-17T07:24:58.999939,1789629898999939300,42.78993920898437,0.4360987544059753,-0.0013004215434193,0.1353479772806167
2026-09-17T07:24:59.009898,1789629899009898500,42.7998984375,0.3801949918270111,0.01912122964859,0.0743485316634178
2026-09-17T07:24:59.019858,1789629899019858400,42.8098583984375,0.3225439488887787,-0.0231702998280525,0.0122931515797972
2026-09-17T07:24:59.029818,1789629899029818600,42.81981860351563,0.274391621351242,-0.087695762515068,-0.0380965173244476
2026-09-17T07:24:59.039777,1789629899039777500,42.829777587890625,0.2120525985956192,-0.1147398948669433,-0.0791627317667007
2026-09-17T07:24:59.049737,1789629899049737500,42.839737548828126,0.1078817248344421,-0.1419227868318557,-0.1139265671372413
2026-09-17T07:24:59.059697,1789629899059697400,42.849697509765626,-0.0419612973928451,-0.2004768997430801,-0.1355402469635009
2026-09-17T07:24:59.069656,1789629899069656300,42.85965625,-0.2207989543676376,-0.2705444097518921,-0.1558378040790558
2026-09-17T07:24:59.079616,1789629899079616500,42.86961645507812,-0.4036585092544555,-0.3305374383926391,-0.1929348409175872
2026-09-17T07:24:59.089576,1789629899089576400,42.879576416015624,-0.5631267428398132,-0.370150089263916,-0.2394927442073822
2026-09-17T07:24:59.099535,1789629899099535400,42.88953540039063,-0.6756559610366821,-0.365622729063034,-0.272231787443161
2026-09-17T07:24:59.109495,1789629899109495300,42.89949536132813,-0.7156071066856384,-0.2830399572849273,-0.2807230055332184
2026-09-17T07:24:59.119455,1789629899119455200,42.90945532226562,-0.684346079826355,-0.1099342256784439,-0.2404722571372985
2026-09-17T07:24:59.129414,1789629899129414700,42.91941455078125,-0.6015250086784363,0.0986690521240234,-0.1533868908882141
2026-09-17T07:24:59.139374,1789629899139374600,42.92937451171875,-0.4876072108745575,0.2729971706867218,-0.0259714126586914
2026-09-17T07:24:59.149334,1789629899149334500,42.93933447265625,-0.3822450935840606,0.3713557124137878,0.1137782335281372
2026-09-17T07:24:59.159293,1789629899159293400,42.94929345703125,-0.3043154180049896,0.3416934311389923,0.2361422330141067
2026-09-17T07:24:59.169253,1789629899169253400,42.95925341796875,-0.254519373178482,0.2081151157617569,0.3223578035831451
2026-09-17T07:24:59.179213,1789629899179213600,42.96921362304688,-0.2110709547996521,0.0729365274310112,0.3803896903991699
2026-09-17T07:24:59.189172,1789629899189172500,42.97917236328125,-0.1626509577035904,-0.0337851271033287,0.4148744344711303
2026-09-17T07:24:59.199132,1789629899199132400,42.98913232421875,-0.1078971698880195,-0.0680656060576438,0.4200167059898376
2026-09-17T07:24:59.209092,1789629899209092400,42.99909228515625,-0.0637049451470375,-0.0530147477984428,0.4009397029876709
2026-09-17T07:24:59.219051,1789629899219051300,43.00905126953125,-0.043171439319849,-0.0574188195168972,0.3632599711418152
2026-09-17T07:24:59.229011,1789629899229011500,43.01901147460938,-0.0463659018278121,-0.0792295709252357,0.3132351338863373
2026-09-17T07:24:59.238971,1789629899238971400,43.02897143554687,-0.0763626843690872,-0.1057740971446037,0.2558844983577728
2026-09-17T07:24:59.248930,1789629899248930600,43.0389306640625,-0.1493522077798843,-0.1532111167907714,0.1976848542690277
2026-09-17T07:24:59.258890,1789629899258890800,43.04889086914063,-0.2498585730791092,-0.2155578583478927,0.1412194371223449
2026-09-17T07:24:59.268850,1789629899268850700,43.0588505859375,-0.3490128517150879,-0.2418427169322967,0.1012310162186622
2026-09-17T07:24:59.278809,1789629899278809900,43.068809814453125,-0.4139228761196136,-0.2203478217124939,0.0743298903107643
2026-09-17T07:24:59.288769,1789629899288769800,43.078769775390626,-0.4374026358127594,-0.1609060615301132,0.0562326461076736
2026-09-17T07:24:59.298730,1789629899298730000,43.08872998046875,-0.4151042401790619,-0.0792221203446388,0.0408036224544048
2026-09-17T07:24:59.308689,1789629899308689000,43.09868896484375,-0.3527721762657165,0.0188999213278293,0.0417375937104225
2026-09-17T07:24:59.318648,1789629899318648800,43.10864892578125,-0.2600097358226776,0.1127257496118545,0.0619539134204387
2026-09-17T07:24:59.328608,1789629899328608800,43.11860888671875,-0.1568692475557327,0.1979375779628753,0.1017689704895019
2026-09-17T07:24:59.338567,1789629899338567700,43.12856762695313,-0.0573325306177139,0.2476979494094848,0.1687325537204742
2026-09-17T07:24:59.348527,1789629899348527600,43.13852758789063,0.0399165228009223,0.2656194269657135,0.241556167602539
2026-09-17T07:24:59.358487,1789629899358487800,43.14848779296875,0.1264990866184234,0.2497706860303878,0.2968583106994629
2026-09-17T07:24:59.368446,1789629899368446700,43.15844677734375,0.1956041157245636,0.1945188790559768,0.3187295198440552
2026-09-17T07:24:59.378406,1789629899378406700,43.16840673828125,0.2404605448246002,0.133853405714035,0.3091365396976471
2026-09-17T07:24:59.388366,1789629899388366600,43.17836669921875,0.259418785572052,0.073443591594696,0.2796526849269867
2026-09-17T07:24:59.398325,1789629899398325800,43.18832568359375,0.2585330307483673,0.018867963925004,0.2331389784812927
2026-09-17T07:24:59.408286,1789629899408286000,43.19828588867187,0.2346058487892151,-0.0181196145713329,0.16652612388134
2026-09-17T07:24:59.418246,1789629899418246000,43.208245849609376,0.1840563863515854,-0.0277458764612674,0.0781001299619674
2026-09-17T07:24:59.428204,1789629899428204800,43.21820483398437,0.1246577724814415,-0.0333473049104213,-0.0149390017613768
2026-09-17T07:24:59.438164,1789629899438164700,43.228164794921874,0.0580158978700637,-0.0619102381169796,-0.0925009027123451
2026-09-17T07:24:59.448125,1789629899448125000,43.238125,0.0008860336965881,-0.0760196670889854,-0.1494027972221374
2026-09-17T07:24:59.458084,1789629899458084900,43.2480849609375,-0.0284164603799581,-0.0625296905636787,-0.1828009784221649
2026-09-17T07:24:59.468043,1789629899468043800,43.25804370117187,-0.0232765600085258,-0.0565500929951667,-0.201322466135025
2026-09-17T07:24:59.478003,1789629899478003700,43.26800366210937,-0.0041476069018244,-0.0845279321074485,-0.2091899663209915
2026-09-17T07:24:59.487963,1789629899487963600,43.27796362304687,0.0128106037154793,-0.1665588915348053,-0.2092866450548172
2026-09-17T07:24:59.497922,1789629899497922800,43.2879228515625,0.0295509677380323,-0.25762939453125,-0.1974659413099289
2026-09-17T07:24:59.507882,1789629899507882800,43.2978828125,0.0539713576436042,-0.3058515191078186,-0.1688630580902099
2026-09-17T07:24:59.517842,1789629899517842700,43.3078427734375,0.0892446562647819,-0.3093738257884979,-0.1335426121950149
2026-09-17T07:24:59.527801,1789629899527801900,43.3178017578125,0.123416744172573,-0.2846562266349792,-0.1068279147148132
2026-09-17T07:24:59.537761,1789629899537761800,43.32776171875,0.1517509073019027,-0.2144249528646469,-0.0877125412225723
2026-09-17T07:24:59.547722,1789629899547722000,43.33772192382813,0.1738330423831939,-0.1428836584091186,-0.0744089856743812
2026-09-17T07:24:59.557681,1789629899557681000,43.34768090820312,0.1725520640611648,-0.1317630857229232,-0.0841276571154594
2026-09-17T07:24:59.567640,1789629899567640800,43.357640869140624,0.149189218878746,-0.1688404232263565,-0.1049967259168624
2026-09-17T07:24:59.577600,1789629899577600800,43.367600830078125,0.1255203783512115,-0.210701584815979,-0.1213040575385093
2026-09-17T07:24:59.587559,1789629899587559700,43.3775595703125,0.123777337372303,-0.1987815350294113,-0.1219349578022956
2026-09-17T07:24:59.597520,1789629899597520000,43.38751977539062,0.1478632241487503,-0.1200800687074661,-0.1260349005460739
2026-09-17T07:24:59.607479,1789629899607479800,43.39747973632812,0.1819426417350769,-0.022628080099821,-0.1396425813436508
2026-09-17T07:24:59.617438,1789629899617438700,43.40743872070313,0.2033611088991165,0.0557506121695041,-0.1684803515672683
2026-09-17T07:24:59.627398,1789629899627398700,43.41739868164063,0.2002034038305282,0.1085216850042343,-0.1922743767499923
2026-09-17T07:24:59.637358,1789629899637358800,43.42735888671875,0.156903862953186,0.121853731572628,-0.2076677083969116
2026-09-17T07:24:59.647317,1789629899647317800,43.43731787109375,0.0626276955008506,0.10735335201025,-0.2334513664245605
2026-09-17T07:24:59.657277,1789629899657277700,43.447277587890625,-0.0734513103961944,0.0489787273108959,-0.2704453468322754
2026-09-17T07:24:59.667237,1789629899667237600,43.457237548828125,-0.229770615696907,-0.0313866846263408,-0.3208981156349182
2026-09-17T07:24:59.677196,1789629899677196800,43.46719677734375,-0.3819313943386078,-0.056808952242136,-0.385174036026001
2026-09-17T07:24:59.687156,1789629899687156700,43.47715673828125,-0.4836612045764923,-0.0410409085452556,-0.4400950968265533
2026-09-17T07:24:59.697117,1789629899697117000,43.487116943359375,-0.4935641884803772,0.0493126884102821,-0.465524286031723
2026-09-17T07:24:59.707075,1789629899707075800,43.49707592773437,-0.4116200506687164,0.1903044283390045,-0.4676668047904968
2026-09-17T07:24:59.717035,1789629899717035800,43.50703588867187,-0.258708506822586,0.3236156105995178,-0.4388452768325805
2026-09-17T07:24:59.726995,1789629899726995700,43.51699560546875,-0.0645417049527168,0.4174377024173736,-0.374594897031784
2026-09-17T07:24:59.736954,1789629899736954600,43.52695458984375,0.1396327316761016,0.4605135321617126,-0.2762129604816437
2026-09-17T07:24:59.746914,1789629899746914800,43.53691479492188,0.3291294276714325,0.4498838186264038,-0.1590290665626526
2026-09-17T07:24:59.756874,1789629899756874800,43.54687475585938,0.4831253886222839,0.3997761607170105,-0.0419477149844169
2026-09-17T07:24:59.766834,1789629899766834700,43.55683471679688,0.5901967287063599,0.3105599880218506,0.0595757104456424
2026-09-17T07:24:59.776793,1789629899776793600,43.566793701171875,0.6459654569625854,0.1867533773183822,0.1198475733399391
2026-09-17T07:24:59.786753,1789629899786753800,43.57675390625,0.6281337141990662,0.0190615747123956,0.1221605315804481
2026-09-17T07:24:59.796713,1789629899796713700,43.58671362304688,0.5474881529808044,-0.129256784915924,0.0757845118641853
2026-09-17T07:24:59.806673,1789629899806673000,43.5966728515625,0.4263438582420349,-0.23812335729599,-0.002544383984059
2026-09-17T07:24:59.816632,1789629899816632800,43.6066328125,0.2883076965808868,-0.2770563662052154,-0.1024914905428886
2026-09-17T07:24:59.826592,1789629899826592800,43.6165927734375,0.1460213810205459,-0.2619456052780151,-0.2174955755472183
2026-09-17T07:24:59.836551,1789629899836551700,43.6265517578125,0.0038866172544658,-0.2032846808433532,-0.3422942161560058
2026-09-17T07:24:59.846511,1789629899846511900,43.63651196289062,-0.1312296539545059,-0.1289782226085662,-0.4638656675815582
2026-09-17T07:24:59.856471,1789629899856471800,43.64647192382812,-0.2456363886594772,-0.0251354463398456,-0.5592347979545593
2026-09-17T07:24:59.866430,1789629899866430700,43.6564306640625,-0.3054456710815429,0.1235477700829505,-0.6105911731719971
2026-09-17T07:24:59.876390,1789629899876390700,43.666390625,-0.2976481914520263,0.2778654396533966,-0.6098894476890564
2026-09-17T07:24:59.886350,1789629899886350800,43.67635083007813,-0.2385617047548294,0.403731495141983,-0.5651049613952637
2026-09-17T07:24:59.896309,1789629899896309800,43.686309814453125,-0.159275934100151,0.4735862016677856,-0.4864636659622192
2026-09-17T07:24:59.906269,1789629899906269700,43.696269775390626,-0.0795528814196586,0.476583868265152,-0.3818855881690979
2026-09-17T07:24:59.916229,1789629899916229600,43.706229736328126,-0.0002846919232979,0.4240937530994415,-0.2651075720787048
2026-09-17T07:24:59.926188,1789629899926188800,43.71618872070312,0.0750646591186523,0.3468990921974182,-0.1503365039825439
2026-09-17T07:24:59.936149,1789629899936149000,43.72614892578125,0.1456858366727829,0.255756139755249,-0.0722377076745033
2026-09-17T07:24:59.946109,1789629899946109000,43.73610888671875,0.2139575630426406,0.1673937886953354,-0.0422406643629074
2026-09-17T07:24:59.956067,1789629899956067800,43.74606787109375,0.2568458914756775,0.0893913954496383,-0.0529827922582626
2026-09-17T07:24:59.966027,1789629899966027800,43.75602783203125,0.2651198208332062,-0.0042424155399203,-0.0888888612389564
2026-09-17T07:24:59.975987,1789629899975987700,43.76598779296875,0.2467932701110839,-0.0931453928351402,-0.1306269913911819
2026-09-17T07:24:59.985948,1789629899985948000,43.775947998046874,0.2118749767541885,-0.1225373670458793,-0.1496866941452026
2026-09-17T07:24:59.995906,1789629899995906800,43.78590673828125,0.1634440571069717,-0.1179649829864502,-0.1574897617101669
2026-09-17T07:25:00.005866,1789629900005866800,43.79586669921875,0.1092186346650123,-0.1254623234272003,-0.1623321771621704
2026-09-17T07:25:00.015826,1789629900015826700,43.80582666015625,0.0542888045310974,-0.1009673625230789,-0.1515253484249115
2026-09-17T07:25:00.025785,1789629900025785600,43.81578564453125,0.0008282430935651,-0.0707687139511108,-0.132155105471611
2026-09-17T07:25:00.035745,1789629900035745800,43.825745849609376,-0.0541338101029396,-0.0782130435109138,-0.1111883074045181
2026-09-17T07:25:00.045705,1789629900045705700,43.83570581054688,-0.1138868853449821,-0.1014406010508537,-0.0977848842740058
2026-09-17T07:25:00.055665,1789629900055665000,43.84566479492187,-0.1612306982278823,-0.1263637989759445,-0.0847092941403389
2026-09-17T07:25:00.065624,1789629900065624800,43.855624755859374,-0.1812142580747604,-0.1485577821731567,-0.0745184421539306
2026-09-17T07:25:00.075584,1789629900075584800,43.865584716796874,-0.1689767688512802,-0.1647359579801559,-0.0610495060682296
2026-09-17T07:25:00.085544,1789629900085544000,43.8755439453125,-0.1242654919624328,-0.1622754633426666,-0.0473004020750522
2026-09-17T07:25:00.095504,1789629900095504000,43.88550390625,-0.0477432869374752,-0.1242367327213287,-0.0189774185419082
2026-09-17T07:25:00.105463,1789629900105463800,43.8954638671875,0.0453320629894733,-0.1056513264775276,0.0249168016016483
2026-09-17T07:25:00.115422,1789629900115422700,43.90542260742187,0.1338241100311279,-0.1100484728813171,0.0710227787494659
2026-09-17T07:25:00.125383,1789629900125383000,43.9153828125,0.2171477675437927,-0.1139207109808921,0.1261440813541412
2026-09-17T07:25:00.135342,1789629900135342800,43.9253427734375,0.2997547686100006,-0.1107177287340164,0.1804169118404388
2026-09-17T07:25:00.145301,1789629900145301800,43.9353017578125,0.3743991553783417,-0.137366384267807,0.2159543931484222
2026-09-17T07:25:00.155261,1789629900155261700,43.94526171875,0.4254288077354431,-0.1914064437150955,0.2241721153259277
2026-09-17T07:25:00.165221,1789629900165221600,43.9552216796875,0.4480313062667846,-0.2171003520488739,0.2091396301984787
2026-09-17T07:25:00.175180,1789629900175180800,43.96518090820312,0.4361163377761841,-0.203806921839714,0.1895446330308914
2026-09-17T07:25:00.185140,1789629900185140700,43.975140625,0.3829609751701355,-0.1636166274547577,0.1637271493673324
2026-09-17T07:25:00.195100,1789629900195100700,43.9851005859375,0.2978569865226745,-0.1289673000574112,0.1177008002996444
2026-09-17T07:25:00.205059,1789629900205059800,43.99505981445313,0.1859727948904037,-0.0972650349140167,0.0635715201497078
2026-09-17T07:25:00.215019,1789629900215019800,44.00501977539062,0.0575298704206943,-0.0665579885244369,0.0060581588186323
2026-09-17T07:25:00.224980,1789629900224980000,44.01497998046875,-0.0849087685346603,-0.0384520515799522,-0.0461563095450401
2026-09-17T07:25:00.234939,1789629900234939000,44.02493896484375,-0.223626971244812,-0.0181845966726541,-0.0872621983289718
2026-09-17T07:25:00.244898,1789629900244898800,44.03489892578125,-0.3495518863201141,-0.019489012658596,-0.1117454394698143
2026-09-17T07:25:00.254859,1789629900254859300,44.044859375,-0.4395515322685241,-0.0547119826078414,-0.1004171520471572
2026-09-17T07:25:00.264818,1789629900264818200,44.054818115234376,-0.4815637171268463,-0.0903288275003433,-0.0367473624646663
2026-09-17T07:25:00.274778,1789629900274778000,44.06477807617187,-0.4627202451229095,-0.0901378840208053,0.0708928182721138
2026-09-17T07:25:00.284738,1789629900284738300,44.07473828125,-0.383559376001358,-0.0414212085306644,0.1888452768325805
2026-09-17T07:25:00.294697,1789629900294697200,44.084697265625,-0.2467754334211349,0.0725274607539177,0.309700071811676
2026-09-17T07:25:00.304657,1789629900304657200,44.0946572265625,-0.0577296093106269,0.2190769612789154,0.4177421033382416
2026-09-17T07:25:00.314617,1789629900314617000,44.1046171875,0.1391347199678421,0.3210424780845642,0.4686114192008972
2026-09-17T07:25:00.324577,1789629900324577000,44.114576904296875,0.298235684633255,0.3276518881320953,0.4546213150024414
2026-09-17T07:25:00.334536,1789629900334536200,44.1245361328125,0.4023232161998749,0.2856146991252899,0.4162874817848205
2026-09-17T07:25:00.344496,1789629900344496000,44.13449609375,0.4392567276954651,0.1882964074611663,0.3816003501415252
2026-09-17T07:25:00.354456,1789629900354456000,44.1444560546875,0.4003170430660248,0.0593738444149494,0.3476479947566986
2026-09-17T07:25:00.364415,1789629900364415200,44.15441528320312,0.3048344850540161,-0.0889684855937957,0.3151480853557586
2026-09-17T07:25:00.374375,1789629900374375200,44.16437524414062,0.1686689108610153,-0.2199438214302063,0.2800382971763611
2026-09-17T07:25:00.384335,1789629900384335400,44.17433544921875,0.0158820282667875,-0.3040991723537445,0.2521012127399444
2026-09-17T07:25:00.394294,1789629900394294300,44.18429418945313,-0.1265568733215332,-0.3404854238033294,0.2230629026889801
2026-09-17T07:25:00.404254,1789629900404254200,44.19425415039063,-0.2420222163200378,-0.3377900123596191,0.1863885223865509
2026-09-17T07:25:00.414214,1789629900414214100,44.20421411132813,-0.3143643140792846,-0.3122551143169403,0.1367703676223755
2026-09-17T07:25:00.424173,1789629900424173000,44.21417309570312,-0.3389370441436767,-0.2617631554603576,0.0816360041499137
2026-09-17T07:25:00.434133,1789629900434133200,44.22413330078125,-0.321286141872406,-0.1935870349407196,0.0266726240515708
2026-09-17T07:25:00.444093,1789629900444093200,44.23409326171875,-0.2732552289962768,-0.1273153424263,-0.0192040540277957
2026-09-17T07:25:00.454052,1789629900454052000,44.24405200195312,-0.2164100706577301,-0.073012426495552,-0.0522592104971408
2026-09-17T07:25:00.464012,1789629900464012000,44.25401196289062,-0.1662747263908386,-0.0324793793261051,-0.0639853775501251
2026-09-17T07:25:00.473972,1789629900473972200,44.26397216796875,-0.1235102191567421,-0.0015456987312063,-0.0565745942294597
2026-09-17T07:25:00.483931,1789629900483931400,44.27393139648437,-0.094897486269474,0.0222379267215728,-0.0417405217885971
2026-09-17T07:25:00.493891,1789629900493891300,44.28389135742187,-0.0717442259192466,0.0490445084869861,-0.0197542626410722
2026-09-17T07:25:00.503851,1789629900503851300,44.29385131835937,-0.0374256670475006,0.090443879365921,0.0216110199689865
2026-09-17T07:25:00.513810,1789629900513810200,44.30381005859375,0.0085133267566561,0.1345090717077255,0.064971812069416
2026-09-17T07:25:00.523770,1789629900523770000,44.31377001953125,0.0544374100863933,0.152866244316101,0.0913674607872963
2026-09-17T07:25:00.533730,1789629900533730300,44.32373022460938,0.0928409919142723,0.1523397415876388,0.1010608375072479
2026-09-17T07:25:00.543689,1789629900543689200,44.333689208984374,0.1205173581838607,0.1271984279155731,0.1082364618778228
2026-09-17T07:25:00.553649,1789629900553649200,44.343649169921875,0.1335215717554092,0.0770660191774368,0.1033535525202751
2026-09-17T07:25:00.563609,1789629900563609000,44.353609130859375,0.1273539662361145,0.0364461578428745,0.0792921558022499
2026-09-17T07:25:00.573568,1789629900573568000,44.36356811523437,0.1064886227250099,-0.0075684376060962,0.0492306612432003
2026-09-17T07:25:00.583528,1789629900583528200,44.37352807617187,0.0751109942793846,-0.0471342243254184,0.0137419113889336
2026-09-17T07:25:00.593488,1789629900593488100,44.38348803710937,0.0309187676757574,-0.0748300328850746,-0.0211055520921945
2026-09-17T07:25:00.603447,1789629900603447300,44.393447265625,-0.0098081557080149,-0.0956013575196266,-0.0621573813259601
2026-09-17T07:25:00.613407,1789629900613407200,44.4034072265625,-0.0364299118518829,-0.1071584075689315,-0.0990589410066604
2026-09-17T07:25:00.623367,1789629900623367400,44.41336743164062,-0.0452359206974506,-0.1162858605384826,-0.1274096220731735
2026-09-17T07:25:00.633326,1789629900633326300,44.42332641601563,-0.0454790666699409,-0.1297398805618286,-0.1428090780973434
2026-09-17T07:25:00.643286,1789629900643286300,44.43328637695313,-0.0428870134055614,-0.1457715779542923,-0.1429036259651184
2026-09-17T07:25:00.653246,1789629900653246200,44.44324609375,-0.0439637303352355,-0.1512475758790969,-0.1385112702846527
2026-09-17T07:25:00.663205,1789629900663205000,44.453205078125,-0.0482085421681404,-0.168206050992012,-0.137252390384674
2026-09-17T07:25:00.673165,1789629900673165000,44.4631650390625,-0.0596939548850059,-0.2061640918254852,-0.1473769396543502
2026-09-17T07:25:00.683125,1789629900683125200,44.473125244140626,-0.0499553084373474,-0.227231815457344,-0.1520110964775085
2026-09-17T07:25:00.693084,1789629900693084200,44.48308422851562,-0.008396946825087,-0.1887800395488739,-0.1522238850593567
2026-09-17T07:25:00.703044,1789629900703044000,44.49304418945312,0.0585075169801712,-0.1082702800631523,-0.1552010327577591
2026-09-17T07:25:00.713004,1789629900713004000,44.50300415039062,0.1404295414686203,-0.043446809053421,-0.1527826189994812
2026-09-17T07:25:00.722963,1789629900722963200,44.51296313476563,0.2040058672428131,-0.0051287156529724,-0.1449209749698639
2026-09-17T07:25:00.732923,1789629900732923400,44.52292333984375,0.2198098599910736,-0.0235122498124837,-0.1296786367893219
2026-09-17T07:25:00.742883,1789629900742883300,44.53288330078125,0.1797915995121002,-0.0911120697855949,-0.1195335909724235
2026-09-17T07:25:00.752842,1789629900752842200,44.54284228515625,0.1035471633076667,-0.1585946977138519,-0.121340274810791
2026-09-17T07:25:00.762802,1789629900762802200,44.55280224609375,0.0180876571685075,-0.1836334764957428,-0.1345719248056411
2026-09-17T07:25:00.772762,1789629900772762400,44.56276245117188,-0.0524064823985099,-0.1663972288370132,-0.1533099263906479
2026-09-17T07:25:00.782721,1789629900782721300,44.57272119140625,-0.0857652351260185,-0.0893929973244667,-0.167830541729927
2026-09-17T07:25:00.792681,1789629900792681200,44.58268115234375,-0.0755799785256385,0.0228203609585762,-0.1588889807462692
2026-09-17T07:25:00.802641,1789629900802641200,44.59264111328125,-0.0390339531004428,0.1146173924207687,-0.1332518011331558
2026-09-17T07:25:00.812600,1789629900812600000,44.60260009765625,-0.0154977329075336,0.1328179687261581,-0.1087957248091697
2026-09-17T07:25:00.822560,1789629900822560300,44.61256030273437,-0.0232115797698497,0.0730720832943916,-0.0920188724994659
2026-09-17T07:25:00.832520,1789629900832520200,44.62252026367187,-0.0571599602699279,-0.0104696853086352,-0.1025852337479591
2026-09-17T07:25:00.842479,1789629900842479000,44.63247900390625,-0.1218255013227462,-0.0831638649106025,-0.1664158701896667
2026-09-17T07:25:00.852439,1789629900852439000,44.64243896484375,-0.1994627714157104,-0.1498563438653946,-0.281794399023056
2026-09-17T07:25:00.862399,1789629900862399000,44.65239892578125,-0.2735993266105652,-0.2267748266458511,-0.4118410944938659
2026-09-17T07:25:00.872358,1789629900872358100,44.662358154296875,-0.312242329120636,-0.2044237107038498,-0.5245639085769653
2026-09-17T07:25:00.882318,1789629900882318300,44.672318359375,-0.3013886213302612,-0.0522786490619182,-0.5800607204437256
2026-09-17T07:25:00.892278,1789629900892278300,44.6822783203125,-0.2246173918247223,0.186027392745018,-0.5663230419158936
2026-09-17T07:25:00.902237,1789629900902237200,44.6922373046875,-0.0876542180776596,0.4544199705123901,-0.4904109835624695
2026-09-17T07:25:00.912197,1789629900912197000,44.70219702148437,0.0749168545007705,0.6796983480453491,-0.3735387027263641
2026-09-17T07:25:00.922157,1789629900922157300,44.7121572265625,0.2354412823915481,0.7970830202102661,-0.2336226105690002
2026-09-17T07:25:00.932116,1789629900932116200,44.7221162109375,0.3726667761802673,0.787146270275116,-0.1071522831916809
2026-09-17T07:25:00.942076,1789629900942076200,44.732076171875,0.4699184894561767,0.679328441619873,-0.0185545086860656
2026-09-17T07:25:00.952036,1789629900952036000,44.7420361328125,0.5396919846534729,0.542304277420044,0.0453001037240028
2026-09-17T07:25:00.961995,1789629900961995000,44.7519951171875,0.5819960236549377,0.3684566020965576,0.0682493597269058
2026-09-17T07:25:00.971955,1789629900971955200,44.761955078125,0.6013058423995972,0.2011605352163314,0.0510780960321426
2026-09-17T07:25:00.981915,1789629900981915100,44.7719150390625,0.5963137149810791,0.0633342340588569,0.0071604410186409
2026-09-17T07:25:00.991874,1789629900991874300,44.781874267578125,0.5614622831344604,-0.0552147850394248,-0.0534967817366123
2026-09-17T07:25:01.001834,1789629901001834200,44.791834228515626,0.4807384014129638,-0.172296404838562,-0.1220047324895858
2026-09-17T07:25:01.011794,1789629901011794200,44.801794189453126,0.3450870811939239,-0.2762219905853271,-0.184549868106842
2026-09-17T07:25:01.021753,1789629901021753300,44.81175341796875,0.1601262837648391,-0.359502762556076,-0.2317810356616974
2026-09-17T07:25:01.031713,1789629901031713300,44.82171337890625,-0.0351475998759269,-0.3768420815467834,-0.259452074766159
2026-09-17T07:25:01.041673,1789629901041673200,44.83167309570312,-0.2280129194259643,-0.3570249676704407,-0.2948833107948303
2026-09-17T07:25:01.051632,1789629901051632000,44.84163208007813,-0.4001016020774841,-0.2988793849945068,-0.3481750190258026
2026-09-17T07:25:01.061592,1789629901061592000,44.85159204101563,-0.5381953120231628,-0.2219750136137008,-0.4062202274799347
2026-09-17T07:25:01.071552,1789629901071552300,44.86155224609375,-0.629950761795044,-0.1272210627794265,-0.4559771120548248
2026-09-17T07:25:01.081511,1789629901081511200,44.87151123046875,-0.6538582444190979,-0.0256797969341278,-0.4632467627525329
2026-09-17T07:25:01.091471,1789629901091471000,44.88147119140625,-0.6090167164802551,0.062722772359848,-0.42357337474823
2026-09-17T07:25:01.101431,1789629901101431000,44.89143115234375,-0.5145072937011719,0.1221773102879524,-0.3545455634593963
2026-09-17T07:25:01.111390,1789629901111390200,44.90139013671875,-0.4021788537502289,0.1473348587751388,-0.2517611384391784
2026-09-17T07:25:01.121350,1789629901121350400,44.91135034179688,-0.2877452373504638,0.1416362226009369,-0.1299294978380203
2026-09-17T07:25:01.131310,1789629901131310300,44.921310302734376,-0.1864963769912719,0.0942716374993324,-0.0065162223763763
2026-09-17T07:25:01.141269,1789629901141269200,44.93126928710937,-0.0945984125137329,0.0332181416451931,0.0997553542256355
2026-09-17T07:25:01.151229,1789629901151229200,44.941229248046874,-0.0008111988427117,-0.0153720322996377,0.1658808439970016
2026-09-17T07:25:01.161189,1789629901161189400,44.951189453125,0.0904593244194984,-0.0290356464684009,0.1864977031946182
2026-09-17T07:25:01.171148,1789629901171148300,44.96114819335938,0.1421009451150894,-0.031600534915924,0.1712268739938736
2026-09-17T07:25:01.181108,1789629901181108200,44.97110815429688,0.1423622071743011,-0.0487022921442985,0.1474549621343612
2026-09-17T07:25:01.191068,1789629901191068200,44.98106811523437,0.0930708199739456,-0.0984453484416008,0.1247605755925178
2026-09-17T07:25:01.201028,1789629901201028000,44.99102807617187,0.0026381274219602,-0.153334155678749,0.1150576099753379
2026-09-17T07:25:01.210987,1789629901210987000,45.00098706054688,-0.0991755872964859,-0.2034271508455276,0.1171343475580215
2026-09-17T07:25:01.220947,1789629901220947200,45.010947265625,-0.1848310977220535,-0.2398181855678558,0.1182869598269462
2026-09-17T07:25:01.230907,1789629901230907100,45.0209072265625,-0.230970099568367,-0.2363222539424896,0.1231978312134742
2026-09-17T07:25:01.240866,1789629901240866300,45.0308662109375,-0.2524144053459167,-0.2059454470872879,0.1309694647789001
2026-09-17T07:25:01.250826,1789629901250826200,45.040826171875,-0.2633647918701172,-0.1770834326744079,0.1335583329200744
2026-09-17T07:25:01.260785,1789629901260785000,45.05078491210938,-0.2718099355697632,-0.1281702220439911,0.1353008300065994
2026-09-17T07:25:01.270744,1789629901270744800,45.06074487304687,-0.2611740827560425,-0.0531713441014289,0.1358382552862167
2026-09-17T07:25:01.280705,1789629901280705000,45.070705078125,-0.2285796403884887,0.0288090109825134,0.1392324566841125
2026-09-17T07:25:01.290664,1789629901290664000,45.080663818359376,-0.1750397235155105,0.0972559824585914,0.1368542611598968
2026-09-17T07:25:01.300624,1789629901300624000,45.09062377929688,-0.0970788821578025,0.1368220299482345,0.1319718807935714
2026-09-17T07:25:01.310583,1789629901310583800,45.10058374023438,-0.0252584852278232,0.1112002879381179,0.1437214761972427
2026-09-17T07:25:01.320542,1789629901320542700,45.110542724609374,0.0237255692481994,0.0145062385126948,0.158770740032196
2026-09-17T07:25:01.330503,1789629901330503000,45.1205029296875,0.0341182872653007,-0.1110271885991096,0.1880676448345184
2026-09-17T07:25:01.340462,1789629901340462800,45.130462890625,0.0379979833960533,-0.2251513600349426,0.2175131440162658
2026-09-17T07:25:01.350422,1789629901350422000,45.140422119140624,0.045346975326538,-0.2497336715459823,0.2300140261650085
2026-09-17T07:25:01.360382,1789629901360382000,45.1503818359375,0.0518765151500701,-0.2064447849988937,0.2192710936069488
2026-09-17T07:25:01.370342,1789629901370342100,45.160342041015625,0.0480135977268219,-0.1279837936162948,0.2000284343957901
2026-09-17T07:25:01.380302,1789629901380302000,45.170302001953125,0.0447325855493545,-0.0104997791349887,0.1854201853275299
2026-09-17T07:25:01.390261,1789629901390261000,45.18026098632812,0.041956502944231,0.0999865159392356,0.1978081464767456
2026-09-17T07:25:01.400221,1789629901400221000,45.19022094726562,0.0323102697730064,0.1322038471698761,0.2506988048553467
2026-09-17T07:25:01.410179,1789629901410179800,45.200179931640626,0.0134910410270094,0.1070761159062385,0.3141472935676574
2026-09-17T07:25:01.420140,1789629901420140000,45.21014013671875,-0.014365623705089,0.0613349974155426,0.3590990304946899
2026-09-17T07:25:01.430100,1789629901430100000,45.22009985351563,-0.0221337974071502,0.031435951590538,0.3539109230041504
2026-09-17T07:25:01.440060,1789629901440060000,45.23005981445313,-0.0172306522727012,-0.0001510012370999,0.2961312532424927
2026-09-17T07:25:01.450018,1789629901450018800,45.240018798828125,-0.0058120829053223,-0.0209111403673887,0.1912682354450225
2026-09-17T07:25:01.459978,1789629901459978800,45.249978759765625,-0.0113783553242683,-0.0606497637927532,0.0843503028154373
2026-09-17T07:25:01.469938,1789629901469938000,45.25993798828125,-0.0372411124408245,-0.1403142362833023,-0.0113866114988923
2026-09-17T07:25:01.479897,1789629901479897900,45.26989794921875,-0.0776934623718261,-0.1965823024511337,-0.0842882469296455
2026-09-17T07:25:01.489857,1789629901489857800,45.27985791015625,-0.1261589974164962,-0.2210463583469391,-0.099092498421669
2026-09-17T07:25:01.499817,1789629901499817000,45.28981689453125,-0.1546351164579391,-0.1676491796970367,-0.0350717008113861
2026-09-17T07:25:01.509777,1789629901509777000,45.29977685546875,-0.1212555840611457,0.0075559206306934,0.1091592460870742
2026-09-17T07:25:01.519737,1789629901519737000,45.30973706054687,-0.0166961550712585,0.259114921092987,0.2910270392894745
2026-09-17T07:25:01.529696,1789629901529696000,45.31969604492187,0.1180131882429122,0.4654955267906189,0.4589052498340606
2026-09-17T07:25:01.539656,1789629901539656000,45.32965600585938,0.2508077323436737,0.5682860612869263,0.577499270439148
2026-09-17T07:25:01.549615,1789629901549615900,45.33961596679688,0.3643380105495453,0.6077194809913635,0.6308067440986633
2026-09-17T07:25:01.559575,1789629901559575800,45.34957592773438,0.4501679539680481,0.6023274064064026,0.6404194235801697
2026-09-17T07:25:01.569535,1789629901569535000,45.359534912109375,0.4609774649143219,0.4958933889865875,0.6132284998893738
2026-09-17T07:25:01.579495,1789629901579495000,45.369494873046875,0.3947632908821106,0.3261211216449737,0.5699292421340942
2026-09-17T07:25:01.589454,1789629901589454800,45.379454833984376,0.2734576463699341,0.1126362681388855,0.5397117137908936
2026-09-17T07:25:01.599413,1789629901599413800,45.38941381835937,0.1290538609027862,-0.0917773246765136,0.5244925022125244
2026-09-17T07:25:01.609373,1789629901609373700,45.39937377929687,-0.0044165863655507,-0.236720934510231,0.5134465098381042
2026-09-17T07:25:01.619334,1789629901619334000,45.409333984375,-0.1039682105183601,-0.3115885257720947,0.4896312057971954
2026-09-17T07:25:01.629293,1789629901629293000,45.41929296875,-0.1745196133852005,-0.3195859789848327,0.4492973685264587
2026-09-17T07:25:01.639253,1789629901639253000,45.4292529296875,-0.2326034158468246,-0.3034839928150177,0.3951601088047027
2026-09-17T07:25:01.649213,1789629901649213000,45.439212890625,-0.2925434410572052,-0.2972404658794403,0.3400579690933227
2026-09-17T07:25:01.659171,1789629901659171800,45.449171875,-0.3613747060298919,-0.2733444571495056,0.2918451726436615
2026-09-17T07:25:01.669132,1789629901669132000,45.45913208007813,-0.4382364749908447,-0.2411018311977386,0.258000373840332
2026-09-17T07:25:01.679092,1789629901679092000,45.46909204101563,-0.5136837959289551,-0.2014417648315429,0.2285815179347992
2026-09-17T07:25:01.689051,1789629901689051000,45.47905078125,-0.5723530054092407,-0.1687064617872238,0.2155834138393402
2026-09-17T07:25:01.699010,1789629901699010800,45.4890107421875,-0.5902920365333557,-0.1225200593471527,0.2209225296974182
2026-09-17T07:25:01.708971,1789629901708971000,45.498970947265626,-0.5587905645370483,-0.0516315028071403,0.2385702282190323
2026-09-17T07:25:01.718930,1789629901718930000,45.50892993164062,-0.4680953025817871,0.0438377633690834,0.258895993232727
2026-09-17T07:25:01.728889,1789629901728889900,45.51888989257812,-0.3390467762947082,0.1536606699228286,0.274134874343872
2026-09-17T07:25:01.738849,1789629901738849800,45.528849853515624,-0.1970864385366439,0.2297799289226532,0.286952942609787
2026-09-17T07:25:01.748809,1789629901748809000,45.53880908203125,-0.0679383054375648,0.2518413066864013,0.307649701833725
2026-09-17T07:25:01.758769,1789629901758769000,45.54876879882813,0.0347289517521858,0.2492289990186691,0.3302258551120758
2026-09-17T07:25:01.768729,1789629901768729000,45.55872900390625,0.0953558161854744,0.222006693482399,0.3528885543346405
2026-09-17T07:25:01.778688,1789629901778688000,45.56868798828125,0.1162376627326011,0.1591403782367706,0.3599286079406738
2026-09-17T07:25:01.788648,1789629901788648000,45.57864794921875,0.1072393730282783,0.0891636982560157,0.3495358824729919
2026-09-17T07:25:01.798608,1789629901798608000,45.58860791015625,0.0976386740803718,0.0668735727667808,0.32157963514328
2026-09-17T07:25:01.808566,1789629901808566800,45.59856689453125,0.0916633382439613,0.0673678517341613,0.2794513404369354
2026-09-17T07:25:01.818527,1789629901818527000,45.60852685546875,0.0772284716367721,0.0532517693936824,0.2256389856338501
2026-09-17T07:25:01.828487,1789629901828487000,45.61848681640625,0.0591093935072422,0.0325840413570404,0.1744996309280395
2026-09-17T07:25:01.838445,1789629901838445800,45.62844580078125,0.0392318256199359,0.0110585102811455,0.1324009150266647
2026-09-17T07:25:01.848405,1789629901848405800,45.63840576171875,0.0118417460471391,-0.0430494658648967,0.0925965160131454
2026-09-17T07:25:01.858366,1789629901858366000,45.648365966796874,-0.0233085174113512,-0.1178070604801178,0.0404712595045566
2026-09-17T07:25:01.868325,1789629901868325000,45.6583251953125,-0.060930460691452,-0.1933779865503311,-0.0213665403425693
2026-09-17T07:25:01.878285,1789629901878285000,45.66828515625,-0.085840605199337,-0.2429077178239822,-0.0874851047992706
2026-09-17T07:25:01.888245,1789629901888245000,45.67824487304687,-0.0835593417286872,-0.2365749925374984,-0.1461460292339325
2026-09-17T07:25:01.898204,1789629901898204000,45.688203857421875,-0.0500589050352573,-0.1992132365703582,-0.1934770494699478
2026-09-17T07:25:01.908164,1789629901908164000,45.6981640625,0.0083210468292236,-0.1658113449811935,-0.2169656008481979
2026-09-17T07:25:01.918124,1789629901918124000,45.7081240234375,0.0730092301964759,-0.113722838461399,-0.2011759877204895
2026-09-17T07:25:01.928083,1789629901928083000,45.7180830078125,0.1273060292005539,-0.1208188310265541,-0.1353777945041656
2026-09-17T07:25:01.938043,1789629901938043000,45.72804296875,0.1520382612943649,-0.1884772330522537,-0.0395069308578968
2026-09-17T07:25:01.948001,1789629901948001800,45.73800170898438,0.1535773128271103,-0.3064872324466705,0.0606774613261222
2026-09-17T07:25:01.957961,1789629901957961700,45.74796166992188,0.1542526930570602,-0.4320912361145019,0.132507711648941
2026-09-17T07:25:01.967922,1789629901967922000,45.757921875,0.1656374335289001,-0.5208642482757568,0.1430181413888931
2026-09-17T07:25:01.977880,1789629901977880800,45.767880859375,0.168577566742897,-0.5948671102523804,0.0974192321300506
2026-09-17T07:25:01.987840,1789629901987840800,45.7778408203125,0.1519509106874466,-0.5986413359642029,0.0110995229333639
2026-09-17T07:25:01.997800,1789629901997800700,45.78780078125,0.1181737780570983,-0.5142385363578796,-0.0850358009338378
2026-09-17T07:25:02.007760,1789629902007760000,45.797759765625,0.0733605027198791,-0.385352224111557,-0.1791926622390747
2026-09-17T07:25:02.017720,1789629902017720000,45.807719970703126,0.0138092888519167,-0.2607258558273315,-0.278400719165802
2026-09-17T07:25:02.027680,1789629902027680000,45.817679931640626,-0.0623243600130081,-0.177711933851242,-0.3812922239303589
2026-09-17T07:25:02.037639,1789629902037639000,45.82763891601562,-0.1544867753982544,-0.1137433424592018,-0.4854798913002014
2026-09-17T07:25:02.047598,1789629902047598800,45.83759887695312,-0.2609128057956695,-0.1018747016787529,-0.5764193534851074
2026-09-17T07:25:02.057559,1789629902057559000,45.84755908203125,-0.3774697780609131,-0.1266764551401138,-0.6430415511131287
2026-09-17T07:25:02.067518,1789629902067518000,45.85751806640625,-0.4683200716972351,-0.1442445218563079,-0.6733919978141785
2026-09-17T07:25:02.077478,1789629902077478000,45.86747778320313,-0.5230134129524231,-0.1702095419168472,-0.6517665982246399
2026-09-17T07:25:02.087437,1789629902087437800,45.87743774414062,-0.5245780348777771,-0.1733315736055374,-0.5786175727844238
2026-09-17T07:25:02.097396,1789629902097396700,45.887396728515625,-0.4573587775230407,-0.1120264008641243,-0.4754906296730041
2026-09-17T07:25:02.107357,1789629902107357000,45.89735693359375,-0.3280114233493805,0.0222376603633165,-0.3596692383289337
2026-09-17T07:25:02.117316,1789629902117316900,45.90731689453125,-0.1620632112026214,0.1778802573680877,-0.2651634812355041
2026-09-17T07:25:02.127276,1789629902127276000,45.917276123046875,0.0154183711856603,0.3296434283256531,-0.2028868049383163
2026-09-17T07:25:02.137236,1789629902137236000,45.927236083984376,0.2020004987716674,0.4739481210708618,-0.1696441620588302
2026-09-17T07:25:02.147196,1789629902147196000,45.93719580078125,0.3597547113895416,0.5614691972732544,-0.150553286075592
2026-09-17T07:25:02.157154,1789629902157154800,45.94715478515625,0.4793852269649505,0.56075519323349,-0.1318051666021347
2026-09-17T07:25:02.167115,1789629902167115000,45.95711499023437,0.5498135685920715,0.5211332440376282,-0.100422479212284
2026-09-17T07:25:02.177075,1789629902177075000,45.967074951171874,0.5807337164878845,0.4536300599575043,-0.0650367885828018
2026-09-17T07:25:02.187033,1789629902187033900,45.97703393554688,0.5746670365333557,0.3807731866836548,-0.0466700345277786
2026-09-17T07:25:02.196993,1789629902196993800,45.98699389648438,0.5480340719223022,0.3271962404251098,-0.0462876036763191
2026-09-17T07:25:02.206954,1789629902206954000,45.9969541015625,0.4980894029140472,0.2825323641300201,-0.0694658905267715
2026-09-17T07:25:02.216913,1789629902216913000,46.00691284179688,0.4196614623069763,0.2471762299537658,-0.1252926737070083
2026-09-17T07:25:02.226872,1789629902226872800,46.016872802734376,0.321882963180542,0.2116715013980865,-0.2041552662849426
2026-09-17T07:25:02.236832,1789629902236832800,46.02683276367188,0.2171895802021026,0.1310456395149231,-0.309332013130188
2026-09-17T07:25:02.246792,1789629902246792000,46.0367919921875,0.1288599818944931,0.038440067321062,-0.4238034784793854
2026-09-17T07:25:02.256751,1789629902256751400,46.04675146484375,0.073938675224781,-0.0096323871985077,-0.5186013579368591
2026-09-17T07:25:02.266711,1789629902266711600,46.056711669921874,0.0393910817801952,-0.0002631203096825,-0.576962411403656
2026-09-17T07:25:02.276670,1789629902276670500,46.06667041015625,0.0141283357515931,0.0678315088152885,-0.5946809649467468
2026-09-17T07:25:02.286630,1789629902286630400,46.07663037109375,-0.0075545888394117,0.177694633603096,-0.5646809339523315
2026-09-17T07:25:02.296590,1789629902296590300,46.08659033203125,-0.0260643567889928,0.2629706561565399,-0.5117557048797607
2026-09-17T07:25:02.306549,1789629902306549200,46.09654931640625,-0.0330777913331985,0.3548257350921631,-0.4402900338172912
2026-09-17T07:25:02.316509,1789629902316509400,46.10650952148438,-0.023202259093523,0.4385800063610077,-0.3736673295497894
2026-09-17T07:25:02.326469,1789629902326469400,46.11646948242188,-0.0082741752266883,0.4958856403827667,-0.3165318667888641
2026-09-17T07:25:02.336428,1789629902336428300,46.12642822265625,0.0098491683602333,0.5177296996116638,-0.2646838426589966
2026-09-17T07:25:02.346388,1789629902346388200,46.13638818359375,0.0203947536647319,0.4900469481945038,-0.2174910455942154
2026-09-17T07:25:02.356348,1789629902356348400,46.146348388671875,0.0121783688664436,0.4306153059005737,-0.1931691914796829
2026-09-17T07:25:02.366307,1789629902366307600,46.1563076171875,-0.0165440887212753,0.3683173060417175,-0.1800200939178466
2026-09-17T07:25:02.376267,1789629902376267500,46.166267578125,-0.0389567203819751,0.289006769657135,-0.171700119972229
2026-09-17T07:25:02.386227,1789629902386227500,46.1762275390625,-0.0450039617717266,0.2055025547742843,-0.1607225686311721
2026-09-17T07:25:02.396186,1789629902396186400,46.18618627929688,-0.0371281951665878,0.1059682443737983,-0.1497008055448532
2026-09-17T07:25:02.406146,1789629902406146600,46.196146484375,-0.0318498089909553,0.0126811740919947,-0.1299947500228881
2026-09-17T07:25:02.416106,1789629902416106500,46.2061064453125,-0.0385750904679298,-0.0504900701344013,-0.1065157875418663
2026-09-17T07:25:02.426065,1789629902426065400,46.2160654296875,-0.0640247911214828,-0.0640551522374153,-0.0843950435519218
2026-09-17T07:25:02.436025,1789629902436025300,46.226025390625,-0.1010280773043632,-0.0593059323728084,-0.0698400661349296
2026-09-17T07:25:02.445985,1789629902445985300,46.2359853515625,-0.1492235660552978,-0.0876190662384033,-0.0595469512045383
2026-09-17T07:25:02.455944,1789629902455944200,46.24594409179687,-0.1946057081222534,-0.1139252334833145,-0.0560286492109298
2026-09-17T07:25:02.465904,1789629902465904400,46.255904296875,-0.2246885001659393,-0.1381639987230301,-0.0470218360424041
2026-09-17T07:25:02.475864,1789629902475864300,46.2658642578125,-0.2267386019229889,-0.174984335899353,-0.0260369274765253
2026-09-17T07:25:02.485823,1789629902485823500,46.27582348632812,-0.2043707072734832,-0.2091343104839325,0.00342722190544
2026-09-17T07:25:02.495783,1789629902495783400,46.28578344726562,-0.158548891544342,-0.2353113144636154,0.0351465344429016
2026-09-17T07:25:02.505743,1789629902505743600,46.29574365234375,-0.0936460644006729,-0.2743410170078277,0.0698896050453186
2026-09-17T07:25:02.515702,1789629902515702500,46.30570263671875,-0.0228605754673481,-0.3342280387878418,0.1058225706219673
2026-09-17T07:25:02.525662,1789629902525662500,46.31566235351563,0.0455760061740875,-0.411202996969223,0.1388929039239883
2026-09-17T07:25:02.535622,1789629902535622400,46.32562231445313,0.1002752035856247,-0.4645916521549225,0.1736538112163543
2026-09-17T07:25:02.545581,1789629902545581300,46.33558129882813,0.1325034499168396,-0.4816425442695617,0.1948424577713012
2026-09-17T07:25:02.555541,1789629902555541500,46.34554150390625,0.1330675035715103,-0.4668697118759155,0.2041070610284805
2026-09-17T07:25:02.565501,1789629902565501400,46.35550146484375,0.106420449912548,-0.4145180881023407,0.2011043429374694
2026-09-17T07:25:02.575460,1789629902575460400,46.36546044921875,0.0601722598075866,-0.2943935394287109,0.2006486803293228
2026-09-17T07:25:02.585420,1789629902585420300,46.37542016601562,0.0128894336521625,-0.1362100392580032,0.2166058123111724
2026-09-17T07:25:02.595380,1789629902595380200,46.38538012695312,-0.0209753233939409,-0.0212128777056932,0.2373033612966537
2026-09-17T07:25:02.605339,1789629902605339600,46.39533959960937,-0.0323326401412487,0.0301499124616384,0.2519097328186035
2026-09-17T07:25:02.615299,1789629902615299600,46.40529956054687,-0.040179643779993,0.0101548992097377,0.2438741773366928
2026-09-17T07:25:02.625259,1789629902625259500,46.41525952148437,-0.0628921464085578,-0.059271577745676,0.2126659303903579
2026-09-17T07:25:02.635218,1789629902635218400,46.42521850585938,-0.1131680980324745,-0.1625494956970214,0.1573278307914734
2026-09-17T07:25:02.645178,1789629902645178400,46.43517846679688,-0.176963061094284,-0.2632960677146911,0.0890840664505958
2026-09-17T07:25:02.655138,1789629902655138600,46.445138671875,-0.2395518720149994,-0.3319084346294403,0.0188682302832603
2026-09-17T07:25:02.665097,1789629902665097500,46.455097412109374,-0.2763418555259704,-0.3348264694213867,-0.0367348454892635
2026-09-17T07:25:02.675057,1789629902675057400,46.465057373046875,-0.2675457000732422,-0.2950423061847687,-0.0604151412844657
2026-09-17T07:25:02.685017,1789629902685017300,46.475017333984376,-0.2027656286954879,-0.2141080349683761,-0.0504724942147731
2026-09-17T07:25:02.694976,1789629902694976300,46.48497631835937,-0.0887804701924324,-0.0374640189111232,-0.0079410141333937
2026-09-17T07:25:02.704936,1789629902704936400,46.4949365234375,0.0455325990915298,0.1491367518901825,0.0882291942834854
2026-09-17T07:25:02.714896,1789629902714896400,46.504896484375,0.1699741184711456,0.2908960282802582,0.233302503824234
2026-09-17T07:25:02.724855,1789629902724855300,46.51485522460938,0.2746044099330902,0.3694813847541809,0.4130501449108124
2026-09-17T07:25:02.734815,1789629902734815200,46.52481518554688,0.3462804555892944,0.3865197598934173,0.5829215049743652
2026-09-17T07:25:02.744775,1789629902744775200,46.53477514648438,0.3864294588565826,0.3824461698532104,0.69286048412323
2026-09-17T07:25:02.754734,1789629902754734600,46.54473461914063,0.4063155651092529,0.3581573367118835,0.7193445563316345
2026-09-17T07:25:02.764694,1789629902764694500,46.55469458007813,0.4074053168296814,0.3109629452228546,0.6810309886932373
2026-09-17T07:25:02.774654,1789629902774654500,46.56465454101563,0.3806219100952148,0.2381699532270431,0.619478166103363
2026-09-17T07:25:02.784613,1789629902784613400,46.57461328125,0.3331443965435028,0.1438365280628204,0.5558475255966187
2026-09-17T07:25:02.794573,1789629902794573300,46.5845732421875,0.2713452279567718,0.0298313982784748,0.5066815614700317
2026-09-17T07:25:02.804533,1789629902804533500,46.594533447265626,0.1855557411909103,-0.0781235620379448,0.4711906909942627
2026-09-17T07:25:02.814492,1789629902814492400,46.60449243164062,0.0722156092524528,-0.1930623948574066,0.4353328347206116
2026-09-17T07:25:02.824452,1789629902824452400,46.61445239257812,-0.0832906290888786,-0.3182387053966522,0.3882356286048889
2026-09-17T07:25:02.834412,1789629902834412300,46.62441235351562,-0.2740496695041656,-0.4266743659973144,0.32654669880867
2026-09-17T07:25:02.844371,1789629902844371200,46.63437109375,-0.4790019989013672,-0.4730506539344787,0.2510417997837066
2026-09-17T07:25:02.854331,1789629902854331400,46.64433129882813,-0.663260817527771,-0.4254556894302368,0.1656155884265899
2026-09-17T07:25:02.864291,1789629902864291300,46.65429125976563,-0.8004782795906067,-0.31485116481781,0.0724382475018501
2026-09-17T07:25:02.874250,1789629902874250500,46.66425048828125,-0.8692970275878906,-0.1635798811912536,-0.0151949319988489
2026-09-17T07:25:02.884210,1789629902884210400,46.67421044921875,-0.8526650667190552,0.0417711474001407,-0.0684144794940948
2026-09-17T07:25:02.894170,1789629902894170600,46.68417065429688,-0.7503778338432312,0.2425420731306076,-0.0742784887552261
2026-09-17T07:25:02.904129,1789629902904129500,46.694129638671875,-0.5802932381629944,0.4392439424991607,-0.0408435687422752
2026-09-17T07:25:02.914089,1789629902914089500,46.70408935546875,-0.378779798746109,0.6004371047019958,0.0150710949674248
2026-09-17T07:25:02.924049,1789629902924049400,46.71404931640625,-0.1869578957557678,0.669622004032135,0.0951829776167869
2026-09-17T07:25:02.934008,1789629902934008300,46.72400830078125,-0.0405114740133285,0.6346001029014587,0.1740514189004898
2026-09-17T07:25:02.943968,1789629902943968300,46.73396826171875,0.0391183756291866,0.4801610112190246,0.2404908984899521
2026-09-17T07:25:02.953928,1789629902953928400,46.74392846679687,0.0875218585133552,0.2356463521718979,0.2815587222576141
2026-09-17T07:25:02.963887,1789629902963887400,46.75388745117188,0.131893053650856,0.0044341632165014,0.3007742166519165
2026-09-17T07:25:02.973847,1789629902973847300,46.76384741210938,0.2027344703674316,-0.1240031719207763,0.2959110140800476
2026-09-17T07:25:02.983807,1789629902983807200,46.77380712890625,0.2791011333465576,-0.1372763663530349,0.2521534264087677
2026-09-17T07:25:02.993766,1789629902993766400,46.783766357421875,0.3371633887290954,-0.0522549487650394,0.1870827972888946
2026-09-17T07:25:03.003726,1789629903003726600,46.7937265625,0.3497872948646545,0.0617856048047542,0.1281664967536926
2026-09-17T07:25:03.013686,1789629903013686500,46.8036865234375,0.3018069863319397,0.1454413533210754,0.0785320922732353
2026-09-17T07:25:03.023645,1789629903023645400,46.8136455078125,0.2011802494525909,0.1830891221761703,0.0289421696215868
2026-09-17T07:25:03.033605,1789629903033605400,46.82360546875,0.0788253098726272,0.1915670335292816,-0.0088696582242846
2026-09-17T07:25:03.043565,1789629903043565600,46.833565673828126,-0.0302926581352949,0.151993528008461,-0.0423397347331047
2026-09-17T07:25:03.053524,1789629903053524500,46.8435244140625,-0.0915866419672966,0.0761823877692222,-0.0723295882344245
2026-09-17T07:25:03.063484,1789629903063484400,46.853484375,-0.0891322717070579,0.0130889043211936,-0.0967603623867034
2026-09-17T07:25:03.073444,1789629903073444400,46.8634443359375,-0.0378847979009151,-0.0284774471074342,-0.1122767403721809
2026-09-17T07:25:03.083403,1789629903083403300,46.8734033203125,0.0322319716215133,-0.0660914033651351,-0.1120077595114708
2026-09-17T07:25:03.093363,1789629903093363500,46.88336352539063,0.0898673087358474,-0.1047439873218536,-0.1049927249550819
2026-09-17T07:25:03.103322,1789629903103322600,46.893322509765625,0.1270634084939956,-0.1268173307180404,-0.0882108211517334
2026-09-17T07:25:03.113282,1789629903113282600,46.903282470703125,0.1394377946853637,-0.1310240626335144,-0.0633720457553863
2026-09-17T07:25:03.123242,1789629903123242500,46.913242431640626,0.1336416900157928,-0.1394004970788955,-0.0441022142767906
2026-09-17T07:25:03.133201,1789629903133201400,46.92320141601562,0.1159678846597671,-0.1526268273591995,-0.0346799492835998
2026-09-17T07:25:03.143161,1789629903143161300,46.93316137695312,0.1027261093258857,-0.1848233789205551,-0.0281320363283157
2026-09-17T07:25:03.153121,1789629903153121500,46.94312158203125,0.1082657501101493,-0.190080463886261,-0.0040211067534983
2026-09-17T07:25:03.163080,1789629903163080400,46.95308056640625,0.1330525875091552,-0.1489546000957489,0.0368877090513706
2026-09-17T07:25:03.173040,1789629903173040400,46.96304028320313,0.1607899516820907,-0.0986006110906601,0.0780063867568969
2026-09-17T07:25:03.183000,1789629903183000300,46.97300024414063,0.1754842102527618,-0.0644351840019226,0.1123688891530036
2026-09-17T07:25:03.192959,1789629903192959200,46.982959228515625,0.1750011146068573,-0.020404340699315,0.1510121524333953
2026-09-17T07:25:03.202919,1789629903202919400,46.99291943359375,0.1643580496311187,0.005207278765738,0.1782983690500259
2026-09-17T07:25:03.212879,1789629903212879400,47.00287939453125,0.1328919976949691,-0.0031747543253004,0.1628898531198501
2026-09-17T07:25:03.222838,1789629903222838500,47.012838623046875,0.0766468420624733,-0.0394549965858459,0.1033271849155426
2026-09-17T07:25:03.232798,1789629903232798500,47.022798583984375,-0.0029364014044404,-0.0809542387723922,0.0015600797487422
2026-09-17T07:25:03.242758,1789629903242758400,47.03275830078125,-0.126194953918457,-0.1376627832651138,-0.1253070533275604
2026-09-17T07:25:03.252717,1789629903252717600,47.04271752929687,-0.2983550131320953,-0.2367539554834365,-0.2799099385738373
2026-09-17T07:25:03.262678,1789629903262678000,47.052677978515625,-0.4995304644107818,-0.3235325217247009,-0.4355751872062683
2026-09-17T07:25:03.272638,1789629903272638000,47.062637939453126,-0.6800916790962219,-0.3140407502651214,-0.5472418069839478
2026-09-17T07:25:03.282596,1789629903282596900,47.07259692382812,-0.7732024788856506,-0.1567251682281494,-0.5868390202522278
2026-09-17T07:25:03.292557,1789629903292557000,47.08255712890625,-0.7608256936073303,0.0744366869330406,-0.5647528767585754
2026-09-17T07:25:03.302517,1789629903302517000,47.09251708984375,-0.6206589937210083,0.3397471904754638,-0.4736075103282928
2026-09-17T07:25:03.312476,1789629903312476000,47.10247583007813,-0.373397558927536,0.6055487394332886,-0.3215569853782654
2026-09-17T07:25:03.322435,1789629903322435800,47.11243579101563,-0.0803627520799636,0.7895076870918274,-0.1452147215604782
2026-09-17T07:25:03.332395,1789629903332395800,47.12239575195313,0.1951918601989746,0.8147805333137512,0.0067114322446286
2026-09-17T07:25:03.342355,1789629903342355000,47.13235498046875,0.4114852845668793,0.6949598789215088,0.1216931417584419
2026-09-17T07:25:03.352315,1789629903352315000,47.14231494140625,0.55963534116745,0.4553219676017761,0.2019895762205124
2026-09-17T07:25:03.362274,1789629903362274800,47.15227490234375,0.6452730298042297,0.1961021274328231,0.2473610639572143
2026-09-17T07:25:03.372234,1789629903372234000,47.16223388671875,0.6828233003616333,-0.0288351103663444,0.2334974408149719
2026-09-17T07:25:03.382194,1789629903382194000,47.17219384765625,0.6780431866645813,-0.1865216791629791,0.1743140071630478
2026-09-17T07:25:03.392153,1789629903392153900,47.18215380859375,0.6402233839035034,-0.3045881390571594,0.0792133286595344
2026-09-17T07:25:03.402113,1789629903402113000,47.19211303710937,0.5666959285736084,-0.3427850604057312,-0.0245021469891071
2026-09-17T07:25:03.412073,1789629903412073000,47.20207299804687,0.4531424343585968,-0.3057135939598083,-0.1265379637479782
2026-09-17T07:25:03.422033,1789629903422033000,47.21203295898437,0.3021636009216308,-0.2239774316549301,-0.2349169105291366
2026-09-17T07:25:03.431991,1789629903431991800,47.22199169921875,0.1195482388138771,-0.1339934915304184,-0.3467510342597961
2026-09-17T07:25:03.441952,1789629903441952000,47.23195190429688,-0.0755845084786415,-0.0745075270533561,-0.4458882510662079
2026-09-17T07:25:03.451912,1789629903451912000,47.24191186523438,-0.2512974739074707,-0.0411453060805797,-0.5222346782684326
2026-09-17T07:25:03.461870,1789629903461870800,47.251870849609375,-0.369738906621933,0.0126785105094313,-0.5448646545410156
2026-09-17T07:25:03.471830,1789629903471830800,47.26183081054688,-0.411205917596817,0.081038124859333,-0.5138060450553894
2026-09-17T07:25:03.481791,1789629903481791000,47.271791015625,-0.3628032207489013,0.1328312903642654,-0.4399424791336059
2026-09-17T07:25:03.491750,1789629903491750000,47.28175,-0.2377731502056121,0.2317813038825988,-0.3381591439247131
2026-09-17T07:25:03.501709,1789629903501709800,47.29170971679687,-0.0698605701327323,0.3067953586578369,-0.2285796403884887
2026-09-17T07:25:03.511669,1789629903511669800,47.301669677734374,0.0871468856930732,0.305034726858139,-0.1319393962621688
2026-09-17T07:25:03.521629,1789629903521629000,47.31162890625,0.2045134603977203,0.2513763010501861,-0.0485672689974308
2026-09-17T07:25:03.531588,1789629903531588900,47.3215888671875,0.2632180452346802,0.1784496307373047,0.0197867546230554
2026-09-17T07:25:03.541549,1789629903541549000,47.331549072265624,0.2693241536617279,0.1070476248860359,0.0661694332957267
2026-09-17T07:25:03.551508,1789629903551508000,47.34150805664063,0.2346316874027252,0.0602377727627754,0.0798178687691688
2026-09-17T07:25:03.561468,1789629903561468000,47.35146801757813,0.1770583987236023,0.0488018952310085,0.0666671767830848
2026-09-17T07:25:03.571427,1789629903571427800,47.361427734375,0.1063767746090889,0.068790778517723,0.0258704796433448
2026-09-17T07:25:03.581386,1789629903581386800,47.37138671875,0.0208192616701126,0.0807766020298004,-0.0317275710403919
2026-09-17T07:25:03.591347,1789629903591347000,47.381346923828126,-0.0562084093689918,0.0341995172202587,-0.0804109498858451
2026-09-17T07:25:03.601307,1789629903601307000,47.391306884765626,-0.1097725704312324,-0.0210648048669099,-0.0828248411417007
2026-09-17T07:25:03.611265,1789629903611265800,47.40126586914062,-0.1418351680040359,-0.093783214688301,-0.0438830368220806
2026-09-17T07:25:03.621225,1789629903621225700,47.41122583007812,-0.1534004807472229,-0.1582831144332885,0.0123155219480395
2026-09-17T07:25:03.631186,1789629903631186000,47.42118603515625,-0.1414276957511901,-0.194371610879898,0.0593682527542114
2026-09-17T07:25:03.641145,1789629903641145000,47.43114501953125,-0.1258854866027832,-0.2020074278116226,0.0773307383060455
2026-09-17T07:25:03.651105,1789629903651105000,47.44110498046875,-0.1069754511117935,-0.1591987013816833,0.0769451186060905
2026-09-17T07:25:03.661065,1789629903661065000,47.45106494140625,-0.0858651101589202,-0.1012813448905944,0.0773531123995781
2026-09-17T07:25:03.671023,1789629903671023900,47.46102392578125,-0.0633539408445358,-0.0200544018298387,0.0785914808511734
2026-09-17T07:25:03.680984,1789629903680984000,47.47098413085938,-0.0305781494826078,0.0607349872589111,0.0787805691361427
2026-09-17T07:25:03.690944,1789629903690944000,47.48094409179687,-0.0018293253378942,0.0715684592723846,0.0708499401807785
2026-09-17T07:25:03.700903,1789629903700903000,47.49090283203125,0.0202434863895177,0.014805844053626,0.0730736777186393
2026-09-17T07:25:03.710862,1789629903710862800,47.50086279296875,0.0387159697711467,-0.075309932231903,0.0953094735741615
2026-09-17T07:25:03.720822,1789629903720822800,47.51082275390625,0.0539615005254745,-0.1617050021886825,0.1363791525363922
2026-09-17T07:25:03.730781,1789629903730781700,47.52078173828125,0.0581658333539962,-0.2144952565431594,0.1684529334306717
2026-09-17T07:25:03.740742,1789629903740742000,47.530741943359374,0.0412305258214473,-0.232533648610115,0.1766490787267685
2026-09-17T07:25:03.750701,1789629903750701800,47.540701904296874,0.0043729105964303,-0.231040671467781,0.1657993495464325
2026-09-17T07:25:03.760661,1789629903760661000,47.55066088867188,-0.0445107407867908,-0.200466513633728,0.1429499685764312
2026-09-17T07:25:03.770621,1789629903770621000,47.56062084960938,-0.0933659002184867,-0.1442117691040039,0.1285542398691177
2026-09-17T07:25:03.780581,1789629903780581000,47.5705810546875,-0.1154994294047355,-0.070860855281353,0.1219458803534507
2026-09-17T07:25:03.790540,1789629903790540000,47.5805400390625,-0.1015300899744033,0.0186320077627897,0.1035714000463485
2026-09-17T07:25:03.800500,1789629903800500000,47.5905,-0.0654234811663627,0.0885338634252548,0.0556813701987266
2026-09-17T07:25:03.810460,1789629903810460000,47.6004599609375,-0.0449701361358165,0.0743032619357109,-0.0291549563407897
2026-09-17T07:25:03.820418,1789629903820418800,47.610418701171874,-0.0636306405067443,-0.0176943093538284,-0.1252737641334533
2026-09-17T07:25:03.830379,1789629903830379000,47.62037890625,-0.1139923483133316,-0.1094199642539024,-0.199191927909851
2026-09-17T07:25:03.840339,1789629903840339000,47.6303388671875,-0.1872439235448837,-0.1818456947803497,-0.2382610440254211
2026-09-17T07:25:03.850297,1789629903850297900,47.6402978515625,-0.2769738137722015,-0.2532985806465149,-0.2356106638908386
2026-09-17T07:25:03.860257,1789629903860257800,47.6502578125,-0.3683665692806244,-0.3132005333900451,-0.188824251294136
2026-09-17T07:25:03.870217,1789629903870217700,47.6602177734375,-0.428092211484909,-0.2963786721229553,-0.0817361399531364
2026-09-17T07:25:03.880177,1789629903880177000,47.67017700195313,-0.4210897088050842,-0.1428082883358001,0.0451890490949153
2026-09-17T07:25:03.890136,1789629903890136800,47.68013671875,-0.3558286726474762,0.057530403137207,0.1618578732013702
2026-09-17T07:25:03.900096,1789629903900096800,47.6900966796875,-0.23462875187397,0.2602861821651459,0.2549529373645782
2026-09-17T07:25:03.910056,1789629903910056000,47.700055908203126,-0.085498921573162,0.3900524377822876,0.3188869059085846
2026-09-17T07:25:03.920016,1789629903920016000,47.710015869140626,0.0491313263773918,0.3894207179546356,0.3378829658031463
2026-09-17T07:25:03.929976,1789629903929976000,47.71997607421875,0.1414300948381424,0.294047862291336,0.3096007406711578
2026-09-17T07:25:03.939935,1789629903939935000,47.72993505859375,0.1937811821699142,0.1722292900085449,0.2648396492004394
2026-09-17T07:25:03.949895,1789629903949895000,47.73989501953125,0.2157045900821685,0.0287229903042316,0.2295378595590591
2026-09-17T07:25:03.959853,1789629903959853800,47.74985375976563,0.22218619287014,-0.0841795951128006,0.2199733704328537
2026-09-17T07:25:03.969813,1789629903969813800,47.75981372070312,0.2299815416336059,-0.1279702186584472,0.2436416894197464
2026-09-17T07:25:03.979774,1789629903979774000,47.76977392578125,0.2363773882389068,-0.125149667263031,0.2649898529052734
2026-09-17T07:25:03.989732,1789629903989732900,47.77973291015625,0.2215355932712555,-0.0944298356771469,0.2824703156948089
2026-09-17T07:25:03.999692,1789629903999692800,47.78969287109375,0.1676899343729019,-0.0800359770655632,0.2717992961406708
2026-09-17T07:25:04.009652,1789629904009652700,47.79965283203125,0.0667231008410453,-0.1213224306702613,0.2270190417766571
2026-09-17T07:25:04.019612,1789629904019612000,47.80961181640625,-0.0681207329034805,-0.2042817622423172,0.156960055232048
2026-09-17T07:25:04.029572,1789629904029572000,47.819572021484376,-0.2043440788984298,-0.274061381816864,0.0877668708562851
2026-09-17T07:25:04.039532,1789629904039532000,47.82953198242188,-0.3210142254829407,-0.2983728349208832,0.0375993065536022
2026-09-17T07:25:04.049491,1789629904049491000,47.83949096679687,-0.3991234302520752,-0.2735178172588348,0.0169177316129207
2026-09-17T07:25:04.059451,1789629904059451000,47.849450927734374,-0.4281380176544189,-0.2239857017993927,0.0115562546998262
2026-09-17T07:25:04.069410,1789629904069410800,47.859410888671874,-0.4038007259368896,-0.1364957988262176,0.0239178501069545
2026-09-17T07:25:04.079370,1789629904079370000,47.86936987304688,-0.3439019918441772,-0.0279450826346874,0.0393122509121894
2026-09-17T07:25:04.089330,1789629904089330000,47.87932983398437,-0.2561726570129394,0.0910356342792511,0.0592404194176197
2026-09-17T07:25:04.099289,1789629904099289900,47.88928979492187,-0.144616037607193,0.1941622793674469,0.099706619977951
2026-09-17T07:25:04.109248,1789629904109248800,47.89924877929688,-0.0275061931461095,0.2562184631824493,0.1548052877187729
2026-09-17T07:25:04.119208,1789629904119208700,47.90920874023438,0.074174627661705,0.2447697967290878,0.21729476749897
2026-09-17T07:25:04.129169,1789629904129169000,47.9191689453125,0.1319660246372223,0.1688489317893982,0.2744496762752533
2026-09-17T07:25:04.139128,1789629904139128000,47.929128173828126,0.143903374671936,0.0813230872154235,0.3273802697658539
2026-09-17T07:25:04.149088,1789629904149088000,47.939087890625,0.1133934035897255,0.0054043526761233,0.3563333451747894
2026-09-17T07:25:04.159048,1789629904159048000,47.9490478515625,0.0498676896095275,-0.053686399012804,0.3358682990074157
2026-09-17T07:25:04.169006,1789629904169006800,47.9590068359375,-0.0091692637652158,-0.049553170800209,0.285460501909256
2026-09-17T07:25:04.178967,1789629904178967000,47.968967041015624,-0.0584404058754444,0.0039782300591468,0.2187754809856414
2026-09-17T07:25:04.188927,1789629904188927000,47.97892700195312,-0.0993753224611282,0.0486476980149745,0.1460003554821014
2026-09-17T07:25:04.198886,1789629904198886000,47.98888598632813,-0.1306538879871368,0.0560432970523834,0.0832208544015884
2026-09-17T07:25:04.208845,1789629904208845800,47.998845703125,-0.1589931100606918,-0.0103072319179773,0.0503635704517364
2026-09-17T07:25:04.218806,1789629904218806000,48.00880590820312,-0.1623082160949707,-0.1045565009117126,0.0569570250809192
2026-09-17T07:25:04.228765,1789629904228765000,48.018764892578126,-0.1331276893615722,-0.14437235891819,0.0935991927981376
2026-09-17T07:25:04.238724,1789629904238724900,48.02872485351563,-0.0880965664982795,-0.1086519137024879,0.1224066093564033
2026-09-17T07:25:04.248684,1789629904248684800,48.03868481445313,-0.0339771397411823,-0.0816557109355926,0.1343881636857986
2026-09-17T07:25:04.258643,1789629904258643700,48.04864379882813,0.0145669588819146,-0.046666570007801,0.1419480890035629
2026-09-17T07:25:04.268603,1789629904268603600,48.058603759765624,0.0356115251779556,-0.0335632860660553,0.1372337490320205
2026-09-17T07:25:04.278563,1789629904278563800,48.068563720703125,0.0178676806390285,-0.0614079684019088,0.1208459958434104
2026-09-17T07:25:04.288522,1789629904288522800,48.07852270507812,-0.0198498703539371,-0.1507956385612487,0.1011415347456932
2026-09-17T07:25:04.298482,1789629904298482700,48.08848266601562,-0.0435195155441761,-0.2358010709285736,0.0982117876410484
2026-09-17T07:25:04.308442,1789629904308442600,48.09844262695312,-0.0350607819855213,-0.260685920715332,0.099568136036396
2026-09-17T07:25:04.318401,1789629904318401500,48.10840161132813,-0.0006604639347642,-0.2312571853399276,0.0980104506015777
2026-09-17T07:25:04.328361,1789629904328361700,48.11836181640625,0.0508000627160072,-0.1493833661079406,0.0918841138482093
2026-09-17T07:25:04.338321,1789629904338321700,48.12832177734375,0.096055693924427,-0.0734387934207916,0.0726528987288475
2026-09-17T07:25:04.348280,1789629904348280600,48.13828051757813,0.1179759055376052,-0.0411913767457008,0.0457381941378116
2026-09-17T07:25:04.358240,1789629904358240500,48.148240478515625,0.1154706701636314,-0.0373178124427795,0.0248709954321384
2026-09-17T07:25:04.368200,1789629904368200700,48.15820068359375,0.1062606573104858,-0.0647331923246383,0.016833309084177
2026-09-17T07:25:04.378159,1789629904378159900,48.168159912109374,0.1018427386879921,-0.0874622017145156,0.0301597658544778
2026-09-17T07:25:04.388119,1789629904388119800,48.178119873046874,0.1175111830234527,-0.0642194673418998,0.0590758360922336
2026-09-17T07:25:04.398079,1789629904398079700,48.188079833984375,0.1534369587898254,0.0086566051468253,0.0877527520060539
2026-09-17T07:25:04.408038,1789629904408038700,48.19803857421875,0.1871262192726135,0.075812742114067,0.1159566938877105
2026-09-17T07:25:04.417998,1789629904417998600,48.20799853515625,0.1959077268838882,0.0931600406765937,0.1177490055561065
2026-09-17T07:25:04.427958,1789629904427958800,48.21795874023437,0.1658808439970016,0.0632836297154426,0.0825942084193229
2026-09-17T07:25:04.437917,1789629904437917700,48.22791772460938,0.101011037826538,0.0056267268955707,0.0079862875863909
2026-09-17T07:25:04.447877,1789629904447877600,48.23787768554688,0.013276657089591,-0.0789296999573707,-0.1064374968409538
2026-09-17T07:25:04.457837,1789629904457837600,48.24783764648438,-0.0927855968475341,-0.1460096687078476,-0.2559167146682739
2026-09-17T07:25:04.467796,1789629904467796500,48.25779638671875,-0.2143096327781677,-0.1753758192062378,-0.4122413396835327
2026-09-17T07:25:04.477756,1789629904477756700,48.267756591796875,-0.3293081223964691,-0.1637612432241439,-0.5283184051513672
2026-09-17T07:25:04.487716,1789629904487716600,48.277716552734375,-0.3978893160820007,-0.1012936010956764,-0.5635717511177063
2026-09-17T07:25:04.497675,1789629904497675800,48.28767578125,-0.3964711725711822,0.0007992146420292,-0.5205872654914856
2026-09-17T07:25:04.507635,1789629904507635700,48.2976357421875,-0.3120742738246918,0.1312240660190582,-0.4286751747131347
2026-09-17T07:25:04.517595,1789629904517595600,48.307595703125,-0.155479609966278,0.3087189495563507,-0.2918696701526642
2026-09-17T07:25:04.527554,1789629904527554800,48.31755493164062,0.0463920012116432,0.464740514755249,-0.1145374998450279
2026-09-17T07:25:04.537514,1789629904537514800,48.3275146484375,0.263673722743988,0.5361372232437134,0.0579037778079509
2026-09-17T07:25:04.547474,1789629904547474700,48.337474609375,0.4540425837039947,0.4942853450775146,0.1711246073246002
2026-09-17T07:25:04.557433,1789629904557433600,48.34743359375,0.5741234421730042,0.368801474571228,0.1877957284450531
2026-09-17T07:25:04.567393,1789629904567393500,48.3573935546875,0.6114242076873779,0.2052588760852813,0.1340355724096298
2026-09-17T07:25:04.577353,1789629904577353700,48.36735375976563,0.5622122287750244,0.0202099308371543,0.0443195290863513
2026-09-17T07:25:04.587312,1789629904587312600,48.377312744140625,0.4484270513057709,-0.1119851246476173,-0.0588270984590053
2026-09-17T07:25:04.597272,1789629904597272600,48.3872724609375,0.3075868487358093,-0.1411589831113815,-0.1569965481758117
2026-09-17T07:25:04.607232,1789629904607232500,48.397232421875,0.1632286012172699,-0.0790138617157936,-0.2454323917627334
2026-09-17T07:25:04.617191,1789629904617191700,48.40719165039062,0.0332679413259029,0.0346738249063491,-0.3187393546104431
2026-09-17T07:25:04.627151,1789629904627151600,48.41715161132812,-0.0790586024522781,0.151749849319458,-0.3523351550102234
2026-09-17T07:25:04.637111,1789629904637111600,48.42711157226562,-0.1809900254011154,0.2299077659845352,-0.3512288630008697
2026-09-17T07:25:04.647070,1789629904647070700,48.43707080078125,-0.2647437751293182,0.2525659501552582,-0.3290825486183166
2026-09-17T07:25:04.657030,1789629904657030700,48.44703076171875,-0.3254585266113281,0.2279889583587646,-0.3107559978961944
2026-09-17T07:25:04.666990,1789629904666990800,48.45699096679687,-0.3557005822658539,0.192024827003479,-0.294491559267044
2026-09-17T07:25:04.676949,1789629904676949800,48.46694970703125,-0.3450031876564026,0.1688979417085647,-0.2636284530162811
2026-09-17T07:25:04.686909,1789629904686909700,48.47690966796875,-0.2949690520763397,0.1665551513433456,-0.214452639222145
2026-09-17T07:25:04.696869,1789629904696869600,48.48686962890625,-0.2104483097791671,0.1342582106590271,-0.1479942500591278
2026-09-17T07:25:04.706828,1789629904706828500,48.49682861328125,-0.0957073494791984,0.0916303172707557,-0.0631246417760849
2026-09-17T07:25:04.716788,1789629904716788700,48.506788818359375,0.0497550405561924,0.1134961992502212,0.0388003922998905
2026-09-17T07:25:04.726748,1789629904726748700,48.51674877929688,0.1908013820648193,0.1484600454568863,0.1389107406139373
2026-09-17T07:25:04.736707,1789629904736707600,48.52670751953125,0.2993597984313965,0.1619462966918945,0.2085795700550079
2026-09-17T07:25:04.746667,1789629904746667500,48.53666748046875,0.3602431416511535,0.1610828936100006,0.2451884448528289
2026-09-17T07:25:04.756627,1789629904756627500,48.54662744140625,0.3674632310867309,0.1450685113668441,0.2504002451896667
2026-09-17T07:25:04.766586,1789629904766586600,48.55658666992188,0.3156141340732574,0.087763138115406,0.2263718843460083
2026-09-17T07:25:04.776546,1789629904776546800,48.566546875,0.2164611965417862,0.0280606634914875,0.1890620589256286
2026-09-17T07:25:04.786506,1789629904786506800,48.5765068359375,0.0899890139698982,-0.0067756143398582,0.1494310349225998
2026-09-17T07:25:04.796465,1789629904796465700,48.586465576171875,-0.0419178903102874,-0.0285133998841047,0.1038321256637573
2026-09-17T07:25:04.806425,1789629904806425600,48.596425537109376,-0.1650901585817337,-0.0396518036723136,0.0555841661989688
2026-09-17T07:25:04.816385,1789629904816385800,48.6063857421875,-0.2684676647186279,-0.0256883185356855,0.0039670448750257
2026-09-17T07:25:04.826344,1789629904826344700,48.6163447265625,-0.3342320322990417,-0.0200373567640781,-0.0365550816059112
2026-09-17T07:25:04.836304,1789629904836304600,48.6263046875,-0.3492786288261413,-0.0106132291257381,-0.0576076358556747
2026-09-17T07:25:04.846264,1789629904846264600,48.6362646484375,-0.3092300295829773,0.0180964451283216,-0.0469443388283252
2026-09-17T07:25:04.856223,1789629904856223500,48.64622338867188,-0.2250149995088577,0.0393319576978683,-0.0247969590127468
2026-09-17T07:25:04.866183,1789629904866183700,48.65618359375,-0.1185239851474762,0.0326751209795475,0.0052466937340795
2026-09-17T07:25:04.876143,1789629904876143600,48.6661435546875,-0.0121314972639083,0.0192679706960916,0.0404675304889678
2026-09-17T07:25:04.886102,1789629904886102800,48.67610278320313,0.081735074520111,0.0110744889825582,0.0844951793551445
2026-09-17T07:25:04.896062,1789629904896062700,48.68606274414063,0.156229019165039,-0.0141333956271409,0.1235451102256774
2026-09-17T07:25:04.906021,1789629904906021600,48.696021728515625,0.2016553580760955,-0.0595094002783298,0.1571507304906845
2026-09-17T07:25:04.915981,1789629904915981800,48.70598193359375,0.2299660891294479,-0.1138970106840133,0.1889507472515106
2026-09-17T07:25:04.925941,1789629904925941800,48.715941650390626,0.261548787355423,-0.1580279767513275,0.2173237949609756
2026-09-17T07:25:04.935900,1789629904935900700,48.72590063476562,0.3064621984958648,-0.1832742244005203,0.2450707405805587
2026-09-17T07:25:04.945860,1789629904945860600,48.73586059570312,0.3582593500614166,-0.1779745221138,0.2817249000072479
2026-09-17T07:25:04.955820,1789629904955820500,48.74582055664062,0.398430198431015,-0.1663421094417572,0.319414734840393
2026-09-17T07:25:04.965779,1789629904965779500,48.75577954101563,0.4117888808250427,-0.1647644490003585,0.3612908124923706
2026-09-17T07:25:04.975739,1789629904975739600,48.76573974609375,0.3854701817035675,-0.1810435503721237,0.3897038102149963
2026-09-17T07:25:04.985699,1789629904985699600,48.77569946289063,0.3219372928142547,-0.2051579505205154,0.3735711872577667
2026-09-17T07:25:04.995658,1789629904995658800,48.78565869140625,0.2294430434703827,-0.2048138678073883,0.3027425706386566
2026-09-17T07:25:05.005618,1789629905005618700,48.79561865234375,0.1336821615695953,-0.1626951694488525,0.1889512836933136
2026-09-17T07:25:05.015578,1789629905015578600,48.80557861328125,0.0507316216826438,-0.0864059925079345,0.0625483319163322
2026-09-17T07:25:05.025537,1789629905025537800,48.815537841796875,-0.0067537766881287,0.0037840856239199,-0.0370834544301033
2026-09-17T07:25:05.035497,1789629905035497700,48.825497802734375,-0.0402206555008888,0.0702222287654876,-0.109520100057125
2026-09-17T07:25:05.045457,1789629905045457700,48.83545776367187,-0.0656658262014389,0.0980059280991554,-0.166991651058197
2026-09-17T07:25:05.055416,1789629905055416600,48.84541650390625,-0.1049309447407722,0.070737287402153,-0.2006902247667312
2026-09-17T07:25:05.065376,1789629905065376800,48.85537670898437,-0.1691847592592239,-0.0307557824999094,-0.2028766870498657
2026-09-17T07:25:05.075336,1789629905075336700,48.865336669921874,-0.2705662548542022,-0.171695590019226,-0.1832984536886215
2026-09-17T07:25:05.085295,1789629905085295600,48.87529565429688,-0.3959750235080719,-0.315150499343872,-0.1473031640052795
2026-09-17T07:25:05.095255,1789629905095255600,48.88525561523438,-0.495787113904953,-0.3976829051971435,-0.0899583846330642
2026-09-17T07:25:05.105215,1789629905105215500,48.89521557617188,-0.5289690494537354,-0.3361130356788635,-0.0421234853565692
2026-09-17T07:25:05.115174,1789629905115174700,48.905174560546875,-0.4780840277671814,-0.1830947250127792,-0.0166591368615627
2026-09-17T07:25:05.125134,1789629905125134600,48.915134521484376,-0.3440412580966949,0.0073955981060862,0.0137610854580998
2026-09-17T07:25:05.135094,1789629905135094500,48.92509448242187,-0.1511144191026687,0.1744847148656845,0.0645904466509819
2026-09-17T07:25:05.145053,1789629905145053700,48.9350537109375,0.0642053484916687,0.3016559779644012,0.1304562836885452
2026-09-17T07:25:05.155013,1789629905155013600,48.945013671875,0.245203360915184,0.3408899307250976,0.2073739618062973
2026-09-17T07:25:05.164973,1789629905164973800,48.954973876953126,0.3562108278274536,0.2737423181533813,0.2818780243396759
2026-09-17T07:25:05.174932,1789629905174932700,48.9649326171875,0.3888731896877289,0.1211514547467231,0.333010196685791
2026-09-17T07:25:05.184892,1789629905184892700,48.974892578125,0.3576662540435791,-0.0420526452362537,0.3719892799854278
2026-09-17T07:25:05.194852,1789629905194852600,48.9848525390625,0.2923940420150757,-0.1804483383893966,0.3902212679386139
2026-09-17T07:25:05.204811,1789629905204811500,48.9948115234375,0.2234690338373184,-0.2646244764328003,0.3843673765659332
2026-09-17T07:25:05.214771,1789629905214771700,49.00477172851563,0.1734559386968612,-0.2731809318065643,0.3523828089237213
2026-09-17T07:25:05.224731,1789629905224731600,49.01473168945312,0.1397397965192794,-0.247015118598938,0.2972836196422577
2026-09-17T07:25:05.234690,1789629905234690600,49.024690673828125,0.0967411920428276,-0.2150579839944839,0.2171874493360519
2026-09-17T07:25:05.244650,1789629905244650500,49.034650390625,0.0316764377057552,-0.1776504218578338,0.1400156915187835
2026-09-17T07:25:05.254610,1789629905254610700,49.044610595703126,-0.0687028989195823,-0.1588887125253677,0.0793028101325035
2026-09-17T07:25:05.264570,1789629905264570000,49.054570068359375,-0.1888375580310821,-0.1443167030811309,0.0361849032342433
2026-09-17T07:25:05.274530,1789629905274530000,49.06453002929688,-0.3054331541061401,-0.1012123748660087,0.0198706444352865
2026-09-17T07:25:05.284490,1789629905284490000,49.074489990234376,-0.3886396288871765,-0.0318436846137046,0.0362602695822715
2026-09-17T07:25:05.294449,1789629905294449200,49.08444921875,-0.4107899367809295,0.066129483282566,0.0664799585938453
2026-09-17T07:25:05.304409,1789629905304409000,49.0944091796875,-0.3716060519218445,0.1592868566513061,0.0929459184408187
2026-09-17T07:25:05.314369,1789629905314369000,49.104369140625,-0.2788140475749969,0.2284520864486694,0.1108889654278755
2026-09-17T07:25:05.324328,1789629905324328000,49.11432788085938,-0.1568431407213211,0.259908527135849,0.1265717893838882
2026-09-17T07:25:05.334288,1789629905334288100,49.1242880859375,-0.0267266854643821,0.2711891531944275,0.1412540674209594
2026-09-17T07:25:05.344248,1789629905344248000,49.134248046875,0.0994387045502662,0.2742733657360077,0.1754578351974487
2026-09-17T07:25:05.354207,1789629905354207000,49.14420703125,0.2006271034479141,0.2558421492576599,0.2206932306289672
2026-09-17T07:25:05.364167,1789629905364167000,49.1541669921875,0.2628103196620941,0.1884908229112625,0.2538335919380188
2026-09-17T07:25:05.374127,1789629905374127000,49.16412719726563,0.298603743314743,0.123619943857193,0.277236133813858
2026-09-17T07:25:05.384086,1789629905384086000,49.1740859375,0.3069245219230652,0.0904995426535606,0.2759373188018799
2026-09-17T07:25:05.394046,1789629905394046000,49.1840458984375,0.281381607055664,0.0642668679356575,0.2448382526636123
2026-09-17T07:25:05.404006,1789629905404006000,49.194005859375,0.2435980141162872,0.0783976018428802,0.1892687231302261
2026-09-17T07:25:05.413965,1789629905413965000,49.20396508789062,0.1931300461292266,0.1207445263862609,0.1220729127526283
2026-09-17T07:25:05.423925,1789629905423925000,49.21392504882812,0.1272357106208801,0.1493996083736419,0.0435884892940521
2026-09-17T07:25:05.433885,1789629905433885200,49.22388525390625,0.0470508672297,0.1337159872055053,-0.0351127125322818
2026-09-17T07:25:05.443844,1789629905443844000,49.23384399414063,-0.0518898293375968,0.0775725543498992,-0.0983990058302879
2026-09-17T07:25:05.453804,1789629905453804000,49.24380395507813,-0.1556191593408584,-0.0076376795768737,-0.1367037892341613
2026-09-17T07:25:05.463764,1789629905463764000,49.25376391601562,-0.2482319176197052,-0.1115025579929351,-0.1579696536064148
2026-09-17T07:25:05.473723,1789629905473723000,49.263722900390626,-0.3078883290290832,-0.196021169424057,-0.1805287599563598
2026-09-17T07:25:05.483683,1789629905483683000,49.27368310546875,-0.3005087077617645,-0.2044045329093933,-0.2014913111925125
2026-09-17T07:25:05.493643,1789629905493643000,49.28364306640625,-0.228465124964714,-0.1504904329776764,-0.217441514134407
2026-09-17T07:25:05.503602,1789629905503602000,49.29360180664062,-0.1129411980509758,-0.0579021833837032,-0.2287112027406692
2026-09-17T07:25:05.513561,1789629905513561900,49.30356176757813,0.0158548634499311,0.0269429348409175,-0.2187174260616302
2026-09-17T07:25:05.523521,1789629905523521000,49.31352099609375,0.1220015361905098,0.0508863516151905,-0.184026300907135
2026-09-17T07:25:05.533481,1789629905533481200,49.32348120117187,0.1783721297979354,0.034837607294321,-0.122218057513237
2026-09-17T07:25:05.543441,1789629905543441200,49.333441162109374,0.189682587981224,-0.0107176257297396,-0.0579815432429313
2026-09-17T07:25:05.553400,1789629905553400000,49.34340014648438,0.1703837215900421,-0.0549071915447711,-0.004734834190458
2026-09-17T07:25:05.563360,1789629905563360000,49.35336010742188,0.1461625397205352,-0.0676509514451026,0.0138127515092492
2026-09-17T07:25:05.573320,1789629905573320200,49.3633203125,0.1294988691806793,-0.0650098919868469,-0.0105714183300733
2026-09-17T07:25:05.583279,1789629905583279000,49.373279052734375,0.1126336008310318,-0.038663238286972,-0.0631656497716903
2026-09-17T07:25:05.593239,1789629905593239000,49.38323901367187,0.0895863398909568,0.0159350242465734,-0.1088167577981948
2026-09-17T07:25:05.603199,1789629905603199000,49.393198974609376,0.0657403990626335,0.0700001269578933,-0.1452962160110473
2026-09-17T07:25:05.613158,1789629905613158000,49.40315795898437,0.0631832331418991,0.1048446595668792,-0.1523722261190414
2026-09-17T07:25:05.623117,1789629905623117800,49.41311791992187,0.085668034851551,0.135720282793045,-0.1353405117988586
2026-09-17T07:25:05.633078,1789629905633078000,49.423078125,0.1119236052036285,0.1460032761096954,-0.1153241917490959
2026-09-17T07:25:05.643037,1789629905643037200,49.433037109375,0.1084308698773384,0.1309415102005005,-0.1008344665169715
2026-09-17T07:25:05.652997,1789629905652997000,49.4429970703125,0.0430643782019615,0.0836107432842254,-0.1045690178871154
2026-09-17T07:25:05.662957,1789629905662957000,49.45295703125,-0.0978493317961692,0.0112366750836372,-0.1566063910722732
2026-09-17T07:25:05.672916,1789629905672916000,49.462916015625,-0.2925618290901184,-0.0910811722278595,-0.2517310380935669
2026-09-17T07:25:05.682876,1789629905682876200,49.47287622070313,-0.4938459396362304,-0.18829907476902,-0.3678608536720276
2026-09-17T07:25:05.692836,1789629905692836000,49.48283618164062,-0.6359649896621704,-0.2156974077224731,-0.447700560092926
2026-09-17T07:25:05.702795,1789629905702795000,49.492794921875,-0.6612860560417175,-0.098244808614254,-0.4546868205070495
2026-09-17T07:25:05.712755,1789629905712755000,49.5027548828125,-0.5679861903190613,0.1343716531991958,-0.4160837531089782
2026-09-17T07:25:05.722715,1789629905722715100,49.512715087890626,-0.3784935176372528,0.3803979456424713,-0.3630841970443725
2026-09-17T07:25:05.732674,1789629905732674000,49.52267407226562,-0.1400175541639328,0.5746302604675293,-0.3014410734176636
2026-09-17T07:25:05.742634,1789629905742634000,49.53263403320312,0.0685417801141738,0.6423667073249817,-0.2405827790498733
2026-09-17T07:25:05.752594,1789629905752594000,49.542593994140624,0.2068298757076263,0.5590004324913025,-0.1780722588300705
2026-09-17T07:25:05.762553,1789629905762553000,49.55255297851563,0.2633229792118072,0.3544012308120727,-0.1074862480163574
2026-09-17T07:25:05.772513,1789629905772513000,49.56251293945313,0.2651467025279999,0.0963470414280891,-0.0300428532063961
2026-09-17T07:25:05.782473,1789629905782473000,49.57247290039062,0.2428408712148666,-0.1525682359933853,0.0315206423401832
2026-09-17T07:25:05.792432,1789629905792432000,49.58243212890625,0.2267897427082061,-0.3041822612285614,0.052177183330059
2026-09-17T07:25:05.802392,1789629905802392000,49.59239208984375,0.2233350872993469,-0.3024152517318725,0.0295203421264886
2026-09-17T07:25:05.812352,1789629905812352000,49.60235205078125,0.2252775877714157,-0.1986406594514846,-0.0182650238275527
2026-09-17T07:25:05.822311,1789629905822311000,49.612310791015624,0.2135415822267532,-0.0769906565546989,-0.0893296152353286
2026-09-17T07:25:05.832271,1789629905832271000,49.62227099609375,0.166863813996315,0.0058829230256378,-0.1595129668712616
2026-09-17T07:25:05.842231,1789629905842231000,49.63223095703125,0.0929637625813484,0.0418166890740394,-0.1946701556444168
2026-09-17T07:25:05.852190,1789629905852190000,49.64218994140625,0.0154985319823026,0.0358719788491725,-0.1872548460960388
2026-09-17T07:25:05.862150,1789629905862150000,49.65214990234375,-0.0331678055226802,0.0301810726523399,-0.1544415056705474
2026-09-17T07:25:05.872110,1789629905872110000,49.662110107421874,-0.0366994254291057,0.0613640248775482,-0.1243637651205062
2026-09-17T07:25:05.882069,1789629905882069000,49.67206909179688,0.0019928433466702,0.1063868924975395,-0.1127396002411842
2026-09-17T07:25:05.892029,1789629905892029000,49.68202880859375,0.0642623454332351,0.1781771928071975,-0.1215469390153884
2026-09-17T07:25:05.901988,1789629905901988900,49.69198876953125,0.1267608702182769,0.2698527872562408,-0.13690085709095
2026-09-17T07:25:05.911948,1789629905911948000,49.70194799804688,0.1662363708019256,0.3399804830551147,-0.1502944231033325
2026-09-17T07:25:05.921908,1789629905921908200,49.711908203125,0.1739022880792617,0.3769387602806091,-0.1497080028057098
2026-09-17T07:25:05.931868,1789629905931868200,49.7218681640625,0.1606751680374145,0.4044569432735443,-0.1255091875791549
2026-09-17T07:25:05.941827,1789629905941827000,49.7318271484375,0.133272036910057,0.4164912402629852,-0.0839492306113243
2026-09-17T07:25:05.951787,1789629905951787000,49.741787109375,0.1064089983701706,0.39312943816185,-0.0475720465183258
2026-09-17T07:25:05.961747,1789629905961747000,49.751746826171875,0.0804258659482002,0.3421173989772796,-0.017108678817749
2026-09-17T07:25:05.971706,1789629905971706000,49.7617060546875,0.0624692365527153,0.2874946296215057,0.0055550877004861
2026-09-17T07:25:05.981666,1789629905981666000,49.771666015625,0.0519678592681884,0.246845468878746,0.0198195111006498
2026-09-17T07:25:05.991626,1789629905991626000,49.7816259765625,0.0419676899909973,0.1740197390317917,0.01719256862998
2026-09-17T07:25:06.001585,1789629906001585000,49.7915849609375,0.0270257592201232,0.0773674920201301,0.0033585124183446
2026-09-17T07:25:06.011544,1789629906011544800,49.801544921875,0.0154045224189758,0.0021049624774605,-0.0052621401846408
2026-09-17T07:25:06.021505,1789629906021505000,49.81150512695312,0.0010900318156927,-0.0555380918085575,-0.0115282917395234
2026-09-17T07:25:06.031464,1789629906031464200,49.821464111328126,-0.0242574028670787,-0.1027295738458633,-0.0265304110944271
2026-09-17T07:25:06.041424,1789629906041424100,49.83142407226563,-0.0597770474851131,-0.1435044407844543,-0.0640167966485023
2026-09-17T07:25:06.051384,1789629906051384000,49.84138403320313,-0.1053642407059669,-0.1748200058937072,-0.1043208092451095
2026-09-17T07:25:06.061343,1789629906061343000,49.85134301757813,-0.1405198276042938,-0.1866519004106521,-0.1423164010047912
2026-09-17T07:25:06.071303,1789629906071303200,49.86130322265625,-0.1535173803567886,-0.1566511243581771,-0.1691831648349762
2026-09-17T07:25:06.081263,1789629906081263000,49.87126318359375,-0.1463068723678589,-0.1114008277654647,-0.1731981486082077
2026-09-17T07:25:06.091222,1789629906091222000,49.88122192382812,-0.1334808319807052,-0.0959957689046859,-0.1530707776546478
2026-09-17T07:25:06.101182,1789629906101182000,49.89118188476562,-0.1159617528319358,-0.0725200101733207,-0.1058670431375503
2026-09-17T07:25:06.111142,1789629906111142000,49.90114184570312,-0.0969015136361122,-0.0539338067173957,-0.0385276861488819
2026-09-17T07:25:06.121101,1789629906121101000,49.91110107421875,-0.078773908317089,-0.075126975774765,0.0178399831056594
2026-09-17T07:25:06.131061,1789629906131061000,49.92106103515625,-0.0457579009234905,-0.1013428643345832,0.0723682045936584
2026-09-17T07:25:06.141021,1789629906141021000,49.93102099609375,0.0034964641090482,-0.1304264515638351,0.1184403598308563
2026-09-17T07:25:06.150980,1789629906150980000,49.94097998046875,0.0562635399401187,-0.1766876876354217,0.1531730443239212
2026-09-17T07:25:06.160940,1789629906160940000,49.95093994140625,0.0934473946690559,-0.2240714430809021,0.181375652551651
2026-09-17T07:25:06.170900,1789629906170900200,49.96090014648438,0.1054659709334373,-0.2554118037223816,0.1911353319883346
2026-09-17T07:25:06.180859,1789629906180859100,49.970859130859374,0.1082151532173156,-0.2509469985961914,0.1847157925367355
2026-09-17T07:25:06.190819,1789629906190819000,49.980819091796874,0.0984765067696571,-0.2293074876070022,0.1597965955734253
2026-09-17T07:25:06.200779,1789629906200779000,49.990779052734375,0.0781824216246604,-0.189071923494339,0.1264378279447555
2026-09-17T07:25:06.210738,1789629906210738000,50.00073803710937,0.073128804564476,-0.0957193374633789,0.1058382838964462
2026-09-17T07:25:06.220698,1789629906220698000,50.01069799804687,0.1080945134162902,0.0588768981397151,0.1276234686374664
2026-09-17T07:25:06.230658,1789629906230658000,50.02065795898437,0.1935004889965057,0.2087702602148056,0.1712745428085327
2026-09-17T07:25:06.240617,1789629906240617000,50.03061694335938,0.298338234424591,0.2481530755758285,0.2047323733568191
2026-09-17T07:25:06.250577,1789629906250577000,50.04057690429688,0.3841729760169983,0.1747204065322876,0.2100986391305923
2026-09-17T07:25:06.260536,1789629906260536300,50.050536376953126,0.4172179996967315,0.0281738471239805,0.1844239085912704
2026-09-17T07:25:06.270495,1789629906270495500,50.06049560546875,0.3639414608478546,-0.1291063129901886,0.1312658786773681
2026-09-17T07:25:06.280455,1789629906280455400,50.07045532226562,0.2286811172962188,-0.2368572801351547,0.0855111703276634
2026-09-17T07:25:06.290415,1789629906290415600,50.08041552734375,0.0496921874582767,-0.2629637122154236,0.0694488510489463
2026-09-17T07:25:06.300374,1789629906300374500,50.09037451171875,-0.1276796609163284,-0.2415865212678909,0.0634908229112625
2026-09-17T07:25:06.310334,1789629906310334500,50.10033447265625,-0.2512415647506714,-0.2114027887582779,0.0485156029462814
2026-09-17T07:25:06.320293,1789629906320293400,50.11029345703125,-0.2965978384017944,-0.0892997831106185,0.0284697245806455
2026-09-17T07:25:06.330253,1789629906330253300,50.12025341796875,-0.2793879806995392,0.0777778849005699,0.0201156549155712
2026-09-17T07:25:06.340213,1789629906340213200,50.130213134765626,-0.2327365726232528,0.2412131577730178,0.0305267497897148
2026-09-17T07:25:06.350172,1789629906350172400,50.14017236328125,-0.1823421120643615,0.3710419833660126,0.0681593492627143
2026-09-17T07:25:06.360132,1789629906360132400,50.15013232421875,-0.1397967785596847,0.4558879137039184,0.1246154308319091
2026-09-17T07:25:06.370092,1789629906370092300,50.16009228515625,-0.1078966408967971,0.4352055191993713,0.178222194314003
2026-09-17T07:25:06.380051,1789629906380051500,50.17005151367187,-0.0730832666158676,0.3110252618789673,0.2082669138908386
2026-09-17T07:25:06.390011,1789629906390011400,50.18001147460937,-0.031338483095169,0.1426024287939071,0.2204812467098236
2026-09-17T07:25:06.399971,1789629906399971600,50.1899716796875,0.0283618662506341,-0.0164740476757287,0.2206397056579589
2026-09-17T07:25:06.409930,1789629906409930500,50.19993041992188,0.0994142070412635,-0.1360694169998169,0.2226506471633911
2026-09-17T07:25:06.419890,1789629906419890400,50.20989038085938,0.1472608298063278,-0.2048173248767852,0.2090730518102646
2026-09-17T07:25:06.429850,1789629906429850400,50.21985034179688,0.1390772014856338,-0.2956367135047912,0.1892431676387787
2026-09-17T07:25:06.439809,1789629906439809300,50.229809326171875,0.0533031672239303,-0.4201543927192688,0.1630946397781372
2026-09-17T07:25:06.449769,1789629906449769500,50.23976953125,-0.1099097207188606,-0.5188002586364746,0.148252323269844
2026-09-17T07:25:06.459729,1789629906459729400,50.2497294921875,-0.3101855516433716,-0.5509420037269592,0.1465843766927719
2026-09-17T07:25:06.469688,1789629906469688300,50.25968823242187,-0.4911063313484192,-0.4623564481735229,0.1359759420156479
2026-09-17T07:25:06.479648,1789629906479648300,50.26964819335937,-0.6079086065292358,-0.2723670899868011,0.1056776940822601
2026-09-17T07:25:06.489608,1789629906489608400,50.2796083984375,-0.6316612958908081,-0.0699489936232566,0.0712313055992126
2026-09-17T07:25:06.499567,1789629906499567600,50.28956762695312,-0.5488183498382568,0.1511818021535873,0.0583274886012077
2026-09-17T07:25:06.509527,1789629906509527600,50.29952758789062,-0.38034787774086,0.3370933532714844,0.0696070417761802
2026-09-17T07:25:06.519487,1789629906519487500,50.30948754882812,-0.1755992472171783,0.4390956163406372,0.1029767170548439
2026-09-17T07:25:06.529446,1789629906529446400,50.3194462890625,0.0189198944717645,0.4417904615402221,0.1519754230976104
2026-09-17T07:25:06.539406,1789629906539406300,50.32940625,0.1672017723321914,0.3630082905292511,0.212061122059822
2026-09-17T07:25:06.549366,1789629906549366500,50.33936645507813,0.2626265585422516,0.2489136755466461,0.2756821811199188
2026-09-17T07:25:06.559325,1789629906559325400,50.349325439453125,0.3088310658931732,0.1211751624941825,0.3183598816394806
2026-09-17T07:25:06.569285,1789629906569285400,50.359285400390625,0.3172732889652252,0.0314665809273719,0.3203748166561126
2026-09-17T07:25:06.579245,1789629906579245300,50.369245361328126,0.2996660768985748,-0.005803560372442,0.2922970950603485
2026-09-17T07:25:06.589204,1789629906589204200,50.37920434570312,0.2625863552093506,-0.0254776626825332,0.2450912445783615
2026-09-17T07:25:06.599164,1789629906599164400,50.38916430664062,0.2101401835680008,-0.0413586236536502,0.1920956671237945
2026-09-17T07:25:06.609124,1789629906609124400,50.39912426757813,0.1512968391180038,-0.0554978810250759,0.144034132361412
2026-09-17T07:25:06.619083,1789629906619083500,50.40908349609375,0.0822149813175201,-0.0724363848567009,0.1181090623140335
2026-09-17T07:25:06.629043,1789629906629043500,50.41904345703125,0.0195673089474439,-0.1044177487492561,0.104841724038124
2026-09-17T07:25:06.639003,1789629906639003400,50.42900341796875,-0.0221641585230827,-0.126270055770874,0.089787945151329
2026-09-17T07:25:06.648962,1789629906648962600,50.43896264648438,-0.0288430992513895,-0.1283931285142898,0.0642077475786209
2026-09-17T07:25:06.658922,1789629906658922500,50.44892260742188,-0.0015907060587778,-0.1278919130563736,0.0297216773033142
2026-09-17T07:25:06.668882,1789629906668882400,50.45888232421875,0.0322418250143528,-0.1559781432151794,-0.0073612434789538
2026-09-17T07:25:06.678841,1789629906678841300,50.46884130859375,0.0637582093477249,-0.1836142987012863,-0.0419692881405353
2026-09-17T07:25:06.688801,1789629906688801500,50.478801513671876,0.0790586024522781,-0.2202223837375641,-0.0717439576983451
2026-09-17T07:25:06.698761,1789629906698761500,50.488761474609376,0.0799518227577209,-0.2603610157966614,-0.0970530435442924
2026-09-17T07:25:06.708720,1789629906708720400,50.49872045898437,0.0788436830043792,-0.2685920298099518,-0.1150514855980873
2026-09-17T07:25:06.718680,1789629906718680300,50.50868041992187,0.0788306295871734,-0.2470958083868026,-0.1330600529909134
2026-09-17T07:25:06.728640,1789629906728640300,50.51864013671875,0.0810258761048317,-0.2119298279285431,-0.1578247845172882
2026-09-17T07:25:06.738599,1789629906738599400,50.52859936523438,0.0824498683214187,-0.1650573909282684,-0.1885914802551269
2026-09-17T07:25:06.748559,1789629906748559400,50.53855932617188,0.07526146620512,-0.1106697916984558,-0.2027541697025299
2026-09-17T07:25:06.758519,1789629906758519300,50.54851928710937,0.0604628100991249,-0.0836150050163269,-0.2017831802368164
2026-09-17T07:25:06.768478,1789629906768478500,50.558478515625,0.0311211682856082,-0.07387076318264,-0.2056841850280761
2026-09-17T07:25:06.778438,1789629906778438400,50.5684384765625,0.0009440905996598,-0.0948008075356483,-0.2117455452680587
2026-09-17T07:25:06.788398,1789629906788398600,50.57839868164063,-0.0206176601350307,-0.1248266175389289,-0.211503729224205
2026-09-17T07:25:06.798357,1789629906798357500,50.588357421875,-0.0106755476444959,-0.1329551190137863,-0.1917350739240646
2026-09-17T07:25:06.808317,1789629906808317400,50.5983173828125,0.0469637811183929,-0.0847242102026939,-0.1501567512750625
2026-09-17T07:25:06.818277,1789629906818277400,50.60827734375,0.1272884458303451,0.0029214876703917,-0.1060449406504631
2026-09-17T07:25:06.828236,1789629906828236300,50.618236328125,0.2065651565790176,0.0580750219523906,-0.0699561834335327
2026-09-17T07:25:06.838196,1789629906838196500,50.62819653320312,0.2376149594783783,0.0271783582866191,-0.0617376677691936
2026-09-17T07:25:06.848156,1789629906848156400,50.638156494140624,0.2039837539196014,-0.0433543995022773,-0.0908204540610313
2026-09-17T07:25:06.858115,1789629906858115300,50.648115234375,0.1033833771944046,-0.0778433978557586,-0.1291515976190567
2026-09-17T07:25:06.868075,1789629906868075300,50.6580751953125,-0.0316940136253833,-0.0903290957212448,-0.1802022606134414
2026-09-17T07:25:06.878035,1789629906878035200,50.66803515625,-0.1797740310430526,-0.1133135110139846,-0.24209626019001
2026-09-17T07:25:06.887994,1789629906887994600,50.67799462890625,-0.2993883192539215,-0.1228902339935302,-0.2892411351203918
2026-09-17T07:25:06.897954,1789629906897954600,50.68795458984375,-0.359125405550003,-0.0895940661430358,-0.3117514848709106
2026-09-17T07:25:06.907914,1789629906907914500,50.69791455078125,-0.3556505143642425,-0.0080241039395332,-0.3073378503322601
2026-09-17T07:25:06.917873,1789629906917873400,50.70787329101562,-0.2899346053600311,0.1052012518048286,-0.282697468996048
2026-09-17T07:25:06.927833,1789629906927833300,50.71783325195312,-0.180063247680664,0.1927183121442794,-0.2456403970718383
2026-09-17T07:25:06.937793,1789629906937793500,50.72779345703125,-0.0320958830416202,0.2564570903778076,-0.2046005427837371
2026-09-17T07:25:06.947752,1789629906947752400,50.73775244140625,0.1233842521905899,0.2811741530895233,-0.1878982633352279
2026-09-17T07:25:06.957712,1789629906957712400,50.74771240234375,0.236967533826828,0.2414499074220657,-0.211633950471878
2026-09-17T07:25:06.967672,1789629906967672300,50.75767236328125,0.2824559211730957,0.1422719210386276,-0.2486598789691925
2026-09-17T07:25:06.977631,1789629906977631200,50.76763134765625,0.2600973546504974,0.0184019096195697,-0.2802740037441253
2026-09-17T07:25:06.987591,1789629906987591400,50.77759130859375,0.2029299437999725,-0.1080894544720649,-0.2963198125362396
2026-09-17T07:25:06.997550,1789629906997550600,50.787550537109375,0.1516438573598861,-0.1322605609893798,-0.2980881631374359
2026-09-17T07:25:07.007510,1789629907007510500,50.79751049804688,0.1238939836621284,-0.046061236411333,-0.2789272367954254
2026-09-17T07:25:07.017470,1789629907017470500,50.807470458984376,0.1225639954209327,0.1061040684580802,-0.2544293403625488
2026-09-17T07:25:07.027429,1789629907027429400,50.81742944335937,0.1321953237056732,0.2555742561817169,-0.2369619458913803
2026-09-17T07:25:07.037389,1789629907037389600,50.8273896484375,0.1320885270833969,0.3427490890026092,-0.2237995415925979
2026-09-17T07:25:07.047349,1789629907047349500,50.837349609375,0.115942046046257,0.3431898355484009,-0.2135567516088485
2026-09-17T07:25:07.057308,1789629907057308400,50.84730834960938,0.0837742611765861,0.2791080772876739,-0.2163307070732116
2026-09-17T07:25:07.067268,1789629907067268400,50.85726831054688,0.0385367386043071,0.1857365816831588,-0.238642930984497
2026-09-17T07:25:07.077228,1789629907077228300,50.86722827148437,-0.0031193606555461,0.0957148075103759,-0.2880102097988128
2026-09-17T07:25:07.087187,1789629907087187500,50.8771875,-0.0344280153512954,0.0319086648523807,-0.3614314496517181
2026-09-17T07:25:07.097147,1789629907097147400,50.8871474609375,-0.0470838882029056,0.0225146301090717,-0.427758514881134
2026-09-17T07:25:07.107107,1789629907107107300,50.897107421875,-0.0294066239148378,0.0619832091033458,-0.4434126019477844
2026-09-17T07:25:07.117066,1789629907117066500,50.90706640625,0.0081591261550784,0.1573249101638794,-0.3850773870944977
2026-09-17T07:25:07.127026,1789629907127026400,50.9170263671875,0.0564877763390541,0.2756608724594116,-0.272534042596817
2026-09-17T07:25:07.136986,1789629907136986400,50.926986328125,0.0977934077382087,0.3604247570037842,-0.1337575316429138
2026-09-17T07:25:07.146945,1789629907146945500,50.93694555664062,0.1270426362752914,0.3807239234447479,-0.0071588433347642
2026-09-17T07:25:07.156905,1789629907156905500,50.94690551757813,0.130772665143013,0.324723482131958,0.0844083577394485
2026-09-17T07:25:07.166865,1789629907166865400,50.956865478515624,0.1142876967787742,0.242494136095047,0.1341969519853592
2026-09-17T07:25:07.176824,1789629907176824300,50.96682421875,0.0852413922548294,0.154013529419899,0.1477516442537307
2026-09-17T07:25:07.186784,1789629907186784500,50.97678442382813,0.043945088982582,0.0756870359182357,0.1304709166288375
2026-09-17T07:25:07.196744,1789629907196744400,50.98674438476562,-0.0008745820960029,0.0045196507126092,0.088614284992218
2026-09-17T07:25:07.206703,1789629907206703400,50.996703369140626,-0.0446415022015571,-0.0551743060350418,0.0294974390417337
2026-09-17T07:25:07.216663,1789629907216663300,51.006663330078126,-0.0803646147251129,-0.1165710836648941,-0.0265338718891143
2026-09-17T07:25:07.226623,1789629907226623200,51.01662329101563,-0.1008342057466507,-0.162992388010025,-0.0640964284539222
2026-09-17T07:25:07.236582,1789629907236582400,51.02658251953125,-0.1079770699143409,-0.170803964138031,-0.0680408328771591
2026-09-17T07:25:07.246542,1789629907246542300,51.03654223632813,-0.1019260957837104,-0.1547546982765197,-0.0440015457570552
2026-09-17T07:25:07.256502,1789629907256502300,51.046502197265625,-0.0853894650936126,-0.1303984820842743,-0.0149709600955247
2026-09-17T07:25:07.266462,1789629907266462200,51.056462158203125,-0.0623653717339038,-0.1149276494979858,0.013814615085721
2026-09-17T07:25:07.276422,1789629907276422100,51.066422119140626,-0.0335750058293342,-0.111387513577938,0.0389655083417892
2026-09-17T07:25:07.286382,1789629907286382000,51.076382080078126,0.0042392197065055,-0.0987215191125869,0.0672493427991867
2026-09-17T07:25:07.296341,1789629907296341200,51.08634130859375,0.0363260507583618,-0.0757759883999824,0.0954570174217224
2026-09-17T07:25:07.306301,1789629907306301200,51.09630126953125,0.0563450306653976,-0.0555801726877689,0.1106261163949966
2026-09-17T07:25:07.316261,1789629907316261000,51.10626123046875,0.0675798431038856,-0.0462407320737838,0.1071096733212471
2026-09-17T07:25:07.326220,1789629907326220300,51.11622021484375,0.0722470358014106,-0.0726358518004417,0.0953672677278518
2026-09-17T07:25:07.336180,1789629907336180200,51.12618017578125,0.0727407857775688,-0.1413182467222213,0.0803872495889663
2026-09-17T07:25:07.346140,1789629907346140200,51.13614013671875,0.0712523385882377,-0.2159836888313293,0.0780178382992744
2026-09-17T07:25:07.356099,1789629907356099000,51.14609912109375,0.0859415382146835,-0.2484204620122909,0.085053376853466
2026-09-17T07:25:07.366059,1789629907366059000,51.15605908203125,0.1012414023280143,-0.2864413559436798,0.080157421529293
2026-09-17T07:25:07.376019,1789629907376019200,51.16601928710938,0.1052547842264175,-0.3207500576972961,0.057850781828165
2026-09-17T07:25:07.385978,1789629907385978000,51.17597802734375,0.094090811908245,-0.3299954831600189,0.0326266512274742
2026-09-17T07:25:07.395938,1789629907395938000,51.18593798828125,0.0716315731406211,-0.2962958514690399,0.010283263400197
2026-09-17T07:25:07.405898,1789629907405898000,51.19589794921875,0.0542400702834129,-0.190993919968605,0.0092504899948835
2026-09-17T07:25:07.415857,1789629907415857200,51.20585717773437,0.0461650975048542,-0.0710637867450714,0.020126573741436
2026-09-17T07:25:07.425817,1789629907425817300,51.2158173828125,0.0417101606726646,0.0331843197345733,0.0274310912936925
2026-09-17T07:25:07.435777,1789629907435777300,51.22577734375,0.0491406470537185,0.1023037359118461,0.0314284972846508
2026-09-17T07:25:07.445736,1789629907445736200,51.23573608398438,0.0516338981688022,0.1157609522342681,0.033216543495655
2026-09-17T07:25:07.455696,1789629907455696100,51.24569604492188,0.0494005717337131,0.0760508254170417,0.0285629350692033
2026-09-17T07:25:07.465656,1789629907465656000,51.25565600585937,0.0461919978260993,0.0204999484121799,0.0225154291838407
2026-09-17T07:25:07.475615,1789629907475615200,51.265615234375,0.0368051528930664,-0.0404038801789283,0.0118012661114335
2026-09-17T07:25:07.485575,1789629907485575200,51.2755751953125,0.0038725025951862,-0.0834892988204956,-0.0086507461965084
2026-09-17T07:25:07.495535,1789629907495535000,51.28553515625,-0.0645307898521423,-0.1523708999156952,-0.0320820361375808
2026-09-17T07:25:07.505494,1789629907505494000,51.29549389648437,-0.1840366870164871,-0.2384557127952575,-0.049873549491167
2026-09-17T07:25:07.515454,1789629907515454000,51.305453857421874,-0.3105288445949554,-0.280679851770401,-0.0332056246697902
2026-09-17T07:25:07.525414,1789629907525414100,51.3154140625,-0.3857820630073547,-0.2275945395231247,0.0088571412488818
2026-09-17T07:25:07.535373,1789629907535373300,51.32537329101562,-0.3787073493003845,-0.0411951057612896,0.0925746709108352
2026-09-17T07:25:07.545333,1789629907545333200,51.33533325195312,-0.2735615074634552,0.1874023824930191,0.2101092934608459
2026-09-17T07:25:07.555293,1789629907555293200,51.345293212890624,-0.1056526601314544,0.3925496637821197,0.3412215113639831
2026-09-17T07:25:07.565252,1789629907565252000,51.35525219726563,0.0916739925742149,0.5242128968238831,0.464443027973175
2026-09-17T07:25:07.575212,1789629907575212300,51.36521240234375,0.2723998427391052,0.5592001676559448,0.5501057505607605
2026-09-17T07:25:07.585171,1789629907585171200,51.375171142578125,0.3869873881340027,0.4847115576267242,0.5822229385375977
2026-09-17T07:25:07.595131,1789629907595131100,51.385131103515626,0.4310555160045624,0.2665051817893982,0.5557729601860046
2026-09-17T07:25:07.605091,1789629907605091000,51.395091064453126,0.3946109712123871,0.0055361790582537,0.4785780310630798
2026-09-17T07:25:07.615050,1789629907615050000,51.40505004882812,0.3099778294563293,-0.2347384691238403,0.363124668598175
2026-09-17T07:25:07.625010,1789629907625010200,51.41501025390625,0.2095140814781189,-0.3814765214920044,0.2203054726123809
2026-09-17T07:25:07.634970,1789629907634970000,51.42497021484375,0.0981452092528343,-0.4198143184185028,0.0861039906740188
2026-09-17T07:25:07.644929,1789629907644929300,51.43492919921875,-0.007578557357192,-0.3781241178512573,-0.0071849422529339
2026-09-17T07:25:07.654889,1789629907654889200,51.44488916015625,-0.1067919582128524,-0.2648415267467499,-0.0602257885038852
2026-09-17T07:25:07.664849,1789629907664849200,51.45484912109375,-0.2013176679611206,-0.145062118768692,-0.0852794796228408
2026-09-17T07:25:07.674808,1789629907674808300,51.46480834960938,-0.292031854391098,-0.0759930312633514,-0.0985241755843162
2026-09-17T07:25:07.684768,1789629907684768300,51.47476831054688,-0.3708814084529876,-0.0516959503293037,-0.0933794826269149
2026-09-17T07:25:07.694728,1789629907694728200,51.48472827148437,-0.4151090383529663,-0.0370573550462722,-0.0754894316196441
2026-09-17T07:25:07.704687,1789629907704687000,51.49468701171875,-0.4128288626670837,-0.0189939308911561,-0.0468149110674858
2026-09-17T07:25:07.714647,1789629907714647000,51.50464697265625,-0.364282876253128,-0.0069852052256464,-0.0143975811079144
2026-09-17T07:25:07.724607,1789629907724607200,51.514607177734376,-0.2779445350170135,0.0104318680241703,0.0357950143516063
2026-09-17T07:25:07.734566,1789629907734566100,51.52456616210937,-0.1684779673814773,0.0287605412304401,0.1012504547834396
2026-09-17T07:25:07.744526,1789629907744526000,51.534526123046874,-0.0595181882381439,0.0226549785584211,0.1752778142690658
2026-09-17T07:25:07.754486,1789629907754486000,51.544486083984374,0.0308750923722982,-0.0043779704719781,0.2517097294330597
2026-09-17T07:25:07.764445,1789629907764445200,51.55444506835938,0.0999258011579513,-0.0069497851654887,0.3160327970981598
2026-09-17T07:25:07.774405,1789629907774405000,51.56440502929688,0.1436242759227752,0.0014623417519032,0.3580188751220703
2026-09-17T07:25:07.784365,1789629907784365000,51.57436499023437,0.1580298542976379,0.0060357884503901,0.3608910739421844
2026-09-17T07:25:07.794324,1789629907794324200,51.58432421875,0.1577494144439697,0.0282308384776115,0.3357867896556854
2026-09-17T07:25:07.804284,1789629907804284200,51.5942841796875,0.151880607008934,0.0544786863029003,0.297485202550888
2026-09-17T07:25:07.814244,1789629907814244400,51.60424438476562,0.1281286776065826,0.0672336295247078,0.2444840520620346
2026-09-17T07:25:07.824203,1789629907824203300,51.614203369140625,0.0799217298626899,0.0424976572394371,0.172179490327835
2026-09-17T07:25:07.834163,1789629907834163200,51.6241630859375,0.0121416179463267,-0.0222999788820743,0.0817947313189506
2026-09-17T07:25:07.844123,1789629907844123100,51.634123046875,-0.0568102858960628,-0.0889618322253227,-0.0008325041271746
2026-09-17T07:25:07.854082,1789629907854082000,51.64408203125,-0.1093834787607193,-0.131349503993988,-0.0633771046996116
2026-09-17T07:25:07.864042,1789629907864042000,51.6540419921875,-0.1318842619657516,-0.1070873066782951,-0.1006312668323516
2026-09-17T07:25:07.874002,1789629907874002200,51.664002197265624,-0.1281893998384475,-0.0454484410583972,-0.1207037791609764
2026-09-17T07:25:07.883961,1789629907883961000,51.67396118164063,-0.1210270896553993,0.0114063192158937,-0.1243326067924499
2026-09-17T07:25:07.893921,1789629907893921000,51.68392114257812,-0.1177175790071487,0.0290148742496967,-0.1240258067846298
2026-09-17T07:25:07.903881,1789629907903881000,51.693880859375,-0.1148597374558448,-0.022627281025052,-0.1253858804702758
2026-09-17T07:25:07.913840,1789629907913840000,51.703840087890626,-0.0963225439190864,-0.0886049643158912,-0.1201525032520294
2026-09-17T07:25:07.923800,1789629907923800300,51.71380029296875,-0.0519281774759292,-0.1325069069862365,-0.0994677320122718
2026-09-17T07:25:07.933760,1789629907933760300,51.72376025390625,0.0208333767950534,-0.1761451959609985,-0.0647550299763679
2026-09-17T07:25:07.943719,1789629907943719200,51.73371923828125,0.1097981333732605,-0.1943875849246978,-0.037536721676588
2026-09-17T07:25:07.953679,1789629907953679000,51.74367919921875,0.1858161985874176,-0.2000010013580322,-0.0185201540589332
2026-09-17T07:25:07.963639,1789629907963639300,51.75363940429688,0.2203866988420486,-0.2465804815292358,-0.0090219909325242
2026-09-17T07:25:07.973598,1789629907973598200,51.76359814453125,0.2274217009544372,-0.3447408676147461,-0.0062331282533705
2026-09-17T07:25:07.983558,1789629907983558100,51.77355810546875,0.2311131060123443,-0.4404365122318268,0.0005536712124012
2026-09-17T07:25:07.993518,1789629907993518000,51.78351806640625,0.2655738890171051,-0.5188493132591248,0.0133733293041586
2026-09-17T07:25:08.003477,1789629908003477000,51.79347705078125,0.3494234979152679,-0.5058599710464478,0.0309904068708419
2026-09-17T07:25:08.013437,1789629908013437200,51.80343725585937,0.4820723533630371,-0.4042955338954925,0.0647286623716354
2026-09-17T07:25:08.023397,1789629908023397000,51.81339721679687,0.6225919127464294,-0.2380991131067276,0.1211823523044586
2026-09-17T07:25:08.033356,1789629908033356300,51.82335620117187,0.7158166766166687,-0.0539705567061901,0.1795593798160553
2026-09-17T07:25:08.043316,1789629908043316200,51.83331616210938,0.7260831594467163,0.0622790865600109,0.2175253927707672
2026-09-17T07:25:08.053276,1789629908053276200,51.84327612304688,0.650047779083252,0.1062167137861251,0.214697390794754
2026-09-17T07:25:08.063235,1789629908063235000,51.853235107421874,0.5226597189903259,0.0932481884956359,0.1721153110265731
2026-09-17T07:25:08.073195,1789629908073195300,51.8631953125,0.3778860569000244,0.0610638856887817,0.1052992567420005
2026-09-17T07:25:08.083155,1789629908083155200,51.8731552734375,0.236049011349678,0.075284369289875,0.0266129691153764
2026-09-17T07:25:08.093114,1789629908093114000,51.88311401367187,0.0996568202972412,0.1168499216437339,-0.0701793506741523
2026-09-17T07:25:08.103074,1789629908103074000,51.89307397460937,-0.035115111619234,0.1425957679748535,-0.1686760932207107
2026-09-17T07:25:08.113034,1789629908113034200,51.9030341796875,-0.1641226261854171,0.1294906139373779,-0.2769093513488769
2026-09-17T07:25:08.122993,1789629908122993200,51.9129931640625,-0.281942218542099,0.1149886399507522,-0.3891131281852722
2026-09-17T07:25:08.132953,1789629908132953000,51.922953125,-0.3804096579551697,0.1152328476309776,-0.4822044670581817
2026-09-17T07:25:08.142913,1789629908142913000,51.9329130859375,-0.4634502232074737,0.1040726080536842,-0.5210961699485779
2026-09-17T07:25:08.152872,1789629908152872200,51.9428720703125,-0.5193076133728027,0.0644343867897987,-0.4837552309036255
2026-09-17T07:25:08.162832,1789629908162832400,51.95283227539063,-0.5030077695846558,0.072810024023056,-0.3847484886646271
2026-09-17T07:25:08.172792,1789629908172792300,51.96279223632813,-0.3937611579895019,0.1542766541242599,-0.2580454051494598
2026-09-17T07:25:08.182751,1789629908182751200,51.97275122070312,-0.2215651422739029,0.2545145750045776,-0.1511796712875366
2026-09-17T07:25:08.192711,1789629908192711200,51.982711181640624,-0.0052301818504929,0.3273525536060333,-0.0848520398139953
2026-09-17T07:25:08.202671,1789629908202671000,51.992671142578125,0.2054184079170227,0.3355071544647217,-0.0631520673632621
2026-09-17T07:25:08.212630,1789629908212630300,52.00263037109375,0.3669415116310119,0.2553279101848602,-0.0807457119226455
2026-09-17T07:25:08.222590,1789629908222590200,52.01259008789062,0.4534252882003784,0.1309092789888382,-0.1125172227621078
2026-09-17T07:25:08.232550,1789629908232550100,52.02255004882812,0.4753718674182892,-0.0255309268832206,-0.1474757343530655
2026-09-17T07:25:08.242509,1789629908242509000,52.03250903320313,0.449086993932724,-0.1695959568023681,-0.1875168979167938
2026-09-17T07:25:08.252469,1789629908252469000,52.04246899414063,0.3829484581947326,-0.2906078696250915,-0.2217984348535537
2026-09-17T07:25:08.262428,1789629908262428200,52.05242822265625,0.2997427582740783,-0.3624138832092285,-0.2504069209098816
2026-09-17T07:25:08.272388,1789629908272388000,52.06238818359375,0.2326042205095291,-0.3459800481796264,-0.2694407999515533
2026-09-17T07:25:08.282348,1789629908282348000,52.07234814453125,0.1804882884025573,-0.2639128565788269,-0.3024080693721771
2026-09-17T07:25:08.292307,1789629908292307000,52.08230688476562,0.1275691390037536,-0.1442943215370178,-0.3608330190181732
2026-09-17T07:25:08.302267,1789629908302267000,52.09226684570312,0.070223294198513,-0.0043926178477704,-0.420319527387619
2026-09-17T07:25:08.312227,1789629908312227000,52.10222705078125,0.000438888935605,0.1172912046313285,-0.476065069437027
2026-09-17T07:25:08.322186,1789629908322186000,52.11218603515625,-0.0915999561548233,0.1641335487365722,-0.5161499381065369
2026-09-17T07:25:08.332146,1789629908332146000,52.12214599609375,-0.1936991661787033,0.1386617422103881,-0.5322492718696594
2026-09-17T07:25:08.342105,1789629908342105900,52.13210595703125,-0.2804356515407562,0.0813374668359756,-0.5022308826446533
2026-09-17T07:25:08.352064,1789629908352064800,52.142064697265624,-0.325350672006607,0.0285490863025188,-0.4312576651573181
2026-09-17T07:25:08.362025,1789629908362025000,52.15202490234375,-0.3159704804420471,0.0039710393175482,-0.3400603830814361
2026-09-17T07:25:08.371985,1789629908371985000,52.16198486328125,-0.2500822842121124,0.0176439750939607,-0.2535837888717651
2026-09-17T07:25:08.381944,1789629908381944000,52.171944091796874,-0.1513082981109619,0.0840320512652397,-0.1783939749002456
2026-09-17T07:25:08.391904,1789629908391904000,52.181904052734374,-0.0445253886282444,0.1641601771116256,-0.1208049803972244
2026-09-17T07:25:08.401864,1789629908401864000,52.191864013671875,0.0475787036120891,0.2368697971105575,-0.0678882375359535
2026-09-17T07:25:08.411823,1789629908411823000,52.20182299804687,0.1178816258907318,0.2881756126880646,-0.0035396073944866
2026-09-17T07:25:08.421783,1789629908421783000,52.21178295898437,0.1589638143777847,0.2992250621318817,0.063442088663578
2026-09-17T07:25:08.431743,1789629908431743000,52.22174291992187,0.1626301854848861,0.2478699833154678,0.1188805773854255
2026-09-17T07:25:08.441702,1789629908441702000,52.23170190429688,0.1259403526782989,0.1714322119951248,0.156566709280014
2026-09-17T07:25:08.451662,1789629908451662000,52.241662109375,0.0650812685489654,0.0840530917048454,0.1778245866298675
2026-09-17T07:25:08.461622,1789629908461622000,52.2516220703125,0.0074762920849025,0.0215841215103864,0.1693996787071228
2026-09-17T07:25:08.471581,1789629908471581000,52.261580810546874,-0.0366083458065986,-0.005665342323482,0.1397065073251724
2026-09-17T07:25:08.481540,1789629908481540900,52.271540771484375,-0.067842960357666,-0.015034076757729,0.1012589782476425
2026-09-17T07:25:08.491500,1789629908491500800,52.281500732421875,-0.0791571363806724,-0.0194591861218214,0.0516866296529769
2026-09-17T07:25:08.501459,1789629908501459700,52.29145971679687,-0.0761656090617179,-0.0027363980188965,0.0286028832197189
2026-09-17T07:25:08.511420,1789629908511420000,52.301419921875,-0.0715375691652298,0.0245032124221324,0.0386429987847805
2026-09-17T07:25:08.521379,1789629908521379800,52.3113798828125,-0.0778881385922432,0.0225447230041027,0.0784319564700126
2026-09-17T07:25:08.531339,1789629908531339000,52.32133911132812,-0.0898148417472839,-0.011405786499381,0.1270146667957306
2026-09-17T07:25:08.541299,1789629908541299000,52.331298828125,-0.1061978116631507,-0.0706848204135894,0.1731110662221908
2026-09-17T07:25:08.551259,1789629908551259100,52.34125903320312,-0.12285827845335,-0.140263095498085,0.2147450596094131
2026-09-17T07:25:08.561218,1789629908561218000,52.35121801757813,-0.1311899721622467,-0.1907853931188583,0.2408802509307861
2026-09-17T07:25:08.571178,1789629908571178000,52.36117797851563,-0.1255914866924286,-0.2188945263624191,0.2350167781114578
2026-09-17T07:25:08.581138,1789629908581138000,52.37113793945313,-0.0945286378264427,-0.2132036238908767,0.2078693062067031
2026-09-17T07:25:08.591096,1789629908591096800,52.381096923828125,-0.0358418859541416,-0.1767816990613937,0.1721925437450409
2026-09-17T07:25:08.601057,1789629908601057000,52.39105712890625,0.0287911687046289,-0.1412428766489029,0.1427755206823349
2026-09-17T07:25:08.611017,1789629908611017000,52.401016845703126,0.0699274167418479,-0.1435808688402176,0.1144568026065826
2026-09-17T07:25:08.620975,1789629908620975900,52.41097583007812,0.0686397776007652,-0.1336781680583953,0.0850222185254097
2026-09-17T07:25:08.630935,1789629908630935800,52.42093579101562,0.0353995375335216,-0.0977036580443382,0.0632889568805694
2026-09-17T07:25:08.640895,1789629908640895700,52.43089575195312,-0.0144127616658806,-0.0568084232509136,0.0432233698666095
2026-09-17T07:25:08.650855,1789629908650855200,52.44085522460937,-0.0666392147541046,-0.0371574871242046,0.0193188358098268
2026-09-17T07:25:08.660815,1789629908660815000,52.45081518554687,-0.0923227369785308,-0.039000928401947,0.004250671248883
2026-09-17T07:25:08.670775,1789629908670775000,52.46077514648437,-0.081544391810894,-0.0200844947248697,0.0117762321606278
2026-09-17T07:25:08.680734,1789629908680734000,52.47073388671875,-0.057630006223917,-0.0199524033814668,0.0281839668750762
2026-09-17T07:25:08.690694,1789629908690694000,52.48069384765625,-0.0374581590294837,-0.0483211949467659,0.0286795813590288
2026-09-17T07:25:08.700654,1789629908700654000,52.49065405273438,-0.0198219083249568,-0.0701726973056793,0.0087940245866775
2026-09-17T07:25:08.710613,1789629908710613000,52.500613037109375,0.0035625104792416,-0.0627922788262367,-0.0255735367536544
2026-09-17T07:25:08.720573,1789629908720573000,52.510572998046875,0.0344953909516334,-0.0289275217801332,-0.0785363540053367
2026-09-17T07:25:08.730532,1789629908730532900,52.520532958984376,0.0283280443400144,-0.0133341811597347,-0.1618328392505645
2026-09-17T07:25:08.740491,1789629908740491800,52.53049169921875,-0.0494357272982597,0.0168980229645967,-0.2600750029087066
2026-09-17T07:25:08.750452,1789629908750452000,52.54045190429687,-0.2087689191102981,0.0515689179301261,-0.3271760046482086
2026-09-17T07:25:08.760412,1789629908760412000,52.55041186523437,-0.4483143985271454,0.0858081132173538,-0.3410888910293579
2026-09-17T07:25:08.770371,1789629908770371000,52.56037109375,-0.7420507073402405,0.086605466902256,-0.3264524042606354
2026-09-17T07:25:08.780331,1789629908780331000,52.5703310546875,-1.0029851198196411,0.0580161660909652,-0.2853433191776275
2026-09-17T07:25:08.790291,1789629908790291000,52.580291015625,-1.1095386743545532,0.0953414291143417,-0.192077562212944
2026-09-17T07:25:08.800250,1789629908800250000,52.59025,-1.016965389251709,0.1884010732173919,-0.0630117207765579
2026-09-17T07:25:08.810210,1789629908810210000,52.6002099609375,-0.7609226703643799,0.2986764311790466,0.0656945928931236
2026-09-17T07:25:08.820170,1789629908820170000,52.610169921875,-0.4117774367332458,0.3510823845863342,0.1782762557268142
2026-09-17T07:25:08.830129,1789629908830129000,52.62012890625,-0.0531793311238288,0.3072227835655212,0.278091549873352
2026-09-17T07:25:08.840088,1789629908840088800,52.6300888671875,0.2337605655193328,0.1647181063890457,0.3629233539104461
2026-09-17T07:25:08.850049,1789629908850049000,52.640049072265626,0.418456107378006,-0.0049353702925145,0.4069515168666839
2026-09-17T07:25:08.860008,1789629908860008000,52.65000805664062,0.5011200904846191,-0.1219330951571464,0.4035418629646301
2026-09-17T07:25:08.869968,1789629908869968000,52.6599677734375,0.4890317320823669,-0.1983205378055572,0.3442665636539459
2026-09-17T07:25:08.879927,1789629908879927800,52.669927734375,0.3923699259757995,-0.2116501927375793,0.2523259818553924
2026-09-17T07:25:08.889887,1789629908889887000,52.67988696289063,0.214078739285469,-0.1992731541395187,0.1402495205402374
2026-09-17T07:25:08.899847,1789629908899847000,52.68984692382813,-0.0292423069477081,-0.2193259596824646,0.0268587786704301
2026-09-17T07:25:08.909806,1789629908909806800,52.69980688476563,-0.3109999597072601,-0.2678980231285095,-0.0704027935862541
2026-09-17T07:25:08.919766,1789629908919766000,52.70976611328125,-0.5909432172775269,-0.3115967810153961,-0.14659184217453
2026-09-17T07:25:08.929726,1789629908929726000,52.719725830078126,-0.8263500928878784,-0.3213591277599334,-0.176686093211174
2026-09-17T07:25:08.939686,1789629908939686100,52.72968603515625,-0.9682084321975708,-0.2422150373458862,-0.1449177712202072
2026-09-17T07:25:08.949645,1789629908949645000,52.73964501953125,-1.0114669799804688,-0.100366286933422,-0.0857527181506156
2026-09-17T07:25:08.959605,1789629908959605000,52.74960498046875,-0.9618805050849916,0.0761642754077911,-0.0171552840620279
2026-09-17T07:25:08.969565,1789629908969565000,52.75956494140625,-0.8255735635757446,0.2596257030963897,0.0728603601455688
2026-09-17T07:25:08.979523,1789629908979523800,52.76952392578125,-0.6260652542114258,0.4143630862236023,0.1655410230159759
2026-09-17T07:25:08.989483,1789629908989483800,52.77948388671875,-0.4022688865661621,0.5075314044952393,0.2455144226551056
2026-09-17T07:25:08.999444,1789629908999444000,52.78944384765625,-0.2036519199609756,0.4945591390132904,0.3010280132293701
2026-09-17T07:25:09.009403,1789629909009403000,52.79940283203125,-0.0512802302837371,0.3489806354045868,0.3339561223983764
2026-09-17T07:25:09.019362,1789629909019362800,52.80936279296875,0.0828972831368446,0.1553999781608581,0.3878438770771026
2026-09-17T07:25:09.029322,1789629909029322800,52.81932275390625,0.2066181600093841,0.0022873890120536,0.4446331262588501
2026-09-17T07:25:09.039282,1789629909039282000,52.829281982421875,0.3074803352355957,-0.0778995901346206,0.4707416892051697
2026-09-17T07:25:09.049242,1789629909049242000,52.8392421875,0.3630940616130829,-0.1048249527812004,0.4564495682716369
2026-09-17T07:25:09.059202,1789629909059202000,52.8492021484375,0.365625649690628,-0.092662826180458,0.4160105288028717
2026-09-17T07:25:09.069161,1789629909069161000,52.85916088867187,0.3178735673427582,-0.0589187107980251,0.3671021163463592
2026-09-17T07:25:09.079121,1789629909079121000,52.869120849609374,0.2376000434160232,-0.0084608625620603,0.3148396909236908
2026-09-17T07:25:09.089081,1789629909089081000,52.8790810546875,0.1407746970653534,0.0162245091050863,0.2610393166542053
2026-09-17T07:25:09.099040,1789629909099040000,52.8890400390625,0.0262233484536409,-0.0070680296048521,0.1866404563188552
2026-09-17T07:25:09.109000,1789629909109000000,52.899,-0.0928407236933708,-0.0889684855937957,0.1139630526304245
2026-09-17T07:25:09.118959,1789629909118959900,52.9089599609375,-0.1708897203207016,-0.1449534595012664,0.0651190802454948
2026-09-17T07:25:09.128918,1789629909128918800,52.91891870117187,-0.1964864283800125,-0.1592314690351486,0.0431695729494094
2026-09-17T07:25:09.138879,1789629909138879000,52.92887890625,-0.174406960606575,-0.136583149433136,0.0343672931194305
2026-09-17T07:25:09.148839,1789629909148839000,52.9388388671875,-0.1066734492778778,-0.0828317627310752,0.0368482954800128
2026-09-17T07:25:09.158798,1789629909158798000,52.948798095703125,-0.0070520504377782,-0.0272505301982164,0.0392520651221275
2026-09-17T07:25:09.168758,1789629909168758000,52.958758056640626,0.0919520258903503,-0.0091681983321905,0.0360456183552742
2026-09-17T07:25:09.178718,1789629909178718000,52.96871801757813,0.1586554199457168,-0.0524408370256423,0.0249045509845018
2026-09-17T07:25:09.188676,1789629909188676900,52.9786767578125,0.1862249970436096,-0.1229229941964149,0.0195358842611312
2026-09-17T07:25:09.198637,1789629909198637000,52.988636962890624,0.1901409178972244,-0.1580178588628769,0.0369204655289649
2026-09-17T07:25:09.208597,1789629909208597000,52.99859692382813,0.2009506821632385,-0.1387512236833572,0.0550067946314811
2026-09-17T07:25:09.218556,1789629909218556000,53.00855590820313,0.2303533107042312,-0.0761586800217628,0.0486026890575885
2026-09-17T07:25:09.228515,1789629909228515800,53.01851586914062,0.2693819403648376,0.0057859835214912,0.015041533857584
2026-09-17T07:25:09.238476,1789629909238476000,53.02847607421875,0.2998610138893127,0.0597701221704483,-0.02955948933959
2026-09-17T07:25:09.248435,1789629909248435000,53.03843505859375,0.3095368146896362,0.0705063939094543,-0.0561998896300792
2026-09-17T07:25:09.258395,1789629909258395000,53.048394775390626,0.3008538484573364,0.0251519586890935,-0.0717556774616241
2026-09-17T07:25:09.268355,1789629909268355300,53.05835522460937,0.2930566370487213,-0.0264835394918918,-0.0730968490242958
2026-09-17T07:25:09.278314,1789629909278314200,53.068314208984376,0.3087991178035736,-0.0390861481428146,-0.0791613981127739
2026-09-17T07:25:09.288274,1789629909288274200,53.07827416992187,0.3471528887748718,0.0190874077379703,-0.0839830487966537
2026-09-17T07:25:09.298234,1789629909298234000,53.08823413085938,0.3925339579582214,0.1007945239543914,-0.0841628164052963
2026-09-17T07:25:09.308193,1789629909308193500,53.098193603515625,0.4247105419635772,0.1466815918684005,-0.0681947693228721
2026-09-17T07:25:09.318153,1789629909318153500,53.108153564453126,0.4245081543922424,0.1292370855808258,-0.0562717951834201
2026-09-17T07:25:09.328113,1789629909328113400,53.118113525390626,0.4042620062828064,0.0726209431886673,-0.0558318383991718
2026-09-17T07:25:09.338072,1789629909338072300,53.128072265625,0.3609699010848999,-0.0026325348298996,-0.0777235552668571
2026-09-17T07:25:09.348032,1789629909348032300,53.1380322265625,0.2820532619953155,-0.0940351486206054,-0.1451374888420105
2026-09-17T07:25:09.357991,1789629909357991200,53.1479912109375,0.156700924038887,-0.1899006962776184,-0.2328183352947235
2026-09-17T07:25:09.367951,1789629909367951400,53.15795141601563,-0.0154250292107462,-0.2915538251399994,-0.3308716714382171
2026-09-17T07:25:09.377911,1789629909377911300,53.16791137695313,-0.2170572131872177,-0.3723141849040985,-0.4267904758453369
2026-09-17T07:25:09.387870,1789629909387870200,53.1778701171875,-0.4194553196430206,-0.3775363564491272,-0.5224370956420898
2026-09-17T07:25:09.397830,1789629909397830100,53.187830078125,-0.5772039294242859,-0.2992375791072845,-0.6057572960853577
2026-09-17T07:25:09.407790,1789629909407790300,53.197790283203126,-0.673051118850708,-0.1456107348203659,-0.6696199178695679
2026-09-17T07:25:09.417750,1789629909417750300,53.20775024414063,-0.6940091252326965,0.0507406741380691,-0.684418797492981
2026-09-17T07:25:09.427709,1789629909427709400,53.21770947265625,-0.6405704021453857,0.2733854651451111,-0.6372739672660828
2026-09-17T07:25:09.437669,1789629909437669400,53.22766943359375,-0.5258733630180359,0.47218057513237,-0.5313783884048462
2026-09-17T07:25:09.447628,1789629909447628300,53.23762817382813,-0.3731749057769775,0.6017367243766785,-0.3786245286464691
2026-09-17T07:25:09.457588,1789629909457588500,53.24758837890625,-0.1867232769727707,0.6417901515960693,-0.1990832686424255
2026-09-17T07:25:09.467548,1789629909467548400,53.25754833984375,0.0089772492647171,0.6086036562919617,-0.0507457368075847
2026-09-17T07:25:09.477507,1789629909477507300,53.26750732421875,0.1965657919645309,0.5073812007904053,0.0377950482070446
2026-09-17T07:25:09.487467,1789629909487467300,53.27746728515625,0.3678086400032043,0.2932558357715606,0.0676647946238517
2026-09-17T07:25:09.497427,1789629909497427200,53.28742724609375,0.5035079121589661,0.0740486606955528,0.0486389100551605
2026-09-17T07:25:09.507386,1789629909507386400,53.297386474609375,0.5908867120742798,-0.0855220928788185,0.007341003511101
2026-09-17T07:25:09.517346,1789629909517346300,53.30734619140625,0.6056435704231262,-0.1997474730014801,-0.0482274517416954
2026-09-17T07:25:09.527306,1789629909527306200,53.31730615234375,0.5364850163459778,-0.2572616338729858,-0.0981571897864341
2026-09-17T07:25:09.537265,1789629909537265400,53.32726538085937,0.4028124213218689,-0.2616254687309265,-0.1447776854038238
2026-09-17T07:25:09.547225,1789629909547225300,53.337225341796874,0.2279258370399475,-0.2508766949176788,-0.1946712136268615
2026-09-17T07:25:09.557185,1789629909557185500,53.347185546875,0.0454654842615127,-0.2012854367494583,-0.2585476636886596
2026-09-17T07:25:09.567144,1789629909567144400,53.35714453125,-0.119045965373516,-0.1156738698482513,-0.337574303150177
2026-09-17T07:25:09.577104,1789629909577104400,53.3671044921875,-0.2528668642044067,-0.0021963089238852,-0.407317966222763
2026-09-17T07:25:09.587064,1789629909587064300,53.37706420898437,-0.3449797630310058,0.1294621229171753,-0.4460864067077636
2026-09-17T07:25:09.597023,1789629909597023200,53.387023193359376,-0.3800227046012878,0.2515270411968231,-0.4359394907951355
2026-09-17T07:25:09.606983,1789629909606983400,53.3969833984375,-0.3401471972465515,0.3329148292541504,-0.3714646399021148
2026-09-17T07:25:09.616943,1789629909616943400,53.406943359375,-0.2419545799493789,0.3788565099239349,-0.2765764594078064
2026-09-17T07:25:09.626902,1789629909626902300,53.41690234375,-0.1105243787169456,0.388791412115097,-0.1740183979272842
2026-09-17T07:25:09.636862,1789629909636862200,53.4268623046875,0.0298740100115537,0.3661689460277557,-0.0548121146857738
2026-09-17T07:25:09.646822,1789629909646822100,53.436822265625,0.1554958522319793,0.3086675703525543,0.0337363928556442
2026-09-17T07:25:09.656781,1789629909656781300,53.44678125,0.2550613284111023,0.2375510334968567,0.07212745398283
2026-09-17T07:25:09.666741,1789629909666741200,53.4567412109375,0.3125917315483093,0.1686665117740631,0.0626865476369857
2026-09-17T07:25:09.676701,1789629909676701200,53.466701171875,0.3156868517398834,0.0638322457671165,0.0145690888166427
2026-09-17T07:25:09.686660,1789629909686660400,53.47666040039063,0.2520120143890381,-0.0346943326294422,-0.0585618466138839
2026-09-17T07:25:09.696620,1789629909696620300,53.48662036132812,0.1193101480603218,-0.1268066763877868,-0.1360997855663299
2026-09-17T07:25:09.706580,1789629909706580500,53.49658056640625,-0.0537729486823082,-0.1955215632915496,-0.189797356724739
2026-09-17T07:25:09.716539,1789629909716539400,53.506539306640626,-0.2237241715192794,-0.2219076305627823,-0.2151935398578643
2026-09-17T07:25:09.726499,1789629909726499300,53.516499267578126,-0.3557469248771667,-0.2181419134140014,-0.2149661034345626
2026-09-17T07:25:09.736459,1789629909736459300,53.52645922851563,-0.4445542991161346,-0.1961649805307388,-0.1986249387264251
2026-09-17T07:25:09.746418,1789629909746418200,53.536418212890624,-0.4680604040622711,-0.1633026450872421,-0.175996333360672
2026-09-17T07:25:09.756378,1789629909756378400,53.54637841796875,-0.4253603518009186,-0.161517783999443,-0.1580096036195755
2026-09-17T07:25:09.766338,1789629909766338300,53.55633837890625,-0.3113211393356323,-0.1417339593172073,-0.1352092176675796
2026-09-17T07:25:09.776297,1789629909776297200,53.56629711914063,-0.1424202620983123,-0.1365764886140823,-0.1075621470808982
2026-09-17T07:25:09.786257,1789629909786257200,53.57625708007812,0.0375535003840923,-0.1572229117155075,-0.0913743898272514
2026-09-17T07:25:09.796217,1789629909796217300,53.58621728515625,0.1773161888122558,-0.1810872256755828,-0.068258948624134
2026-09-17T07:25:09.806176,1789629909806176500,53.59617651367188,0.2607423663139343,-0.1909563690423965,-0.0331582203507423
2026-09-17T07:25:09.816136,1789629909816136400,53.60613647460937,0.2877449691295624,-0.203675091266632,0.0067596356384456
2026-09-17T07:25:09.826096,1789629909826096400,53.61609643554687,0.254183292388916,-0.2274890840053558,0.0359987467527389
2026-09-17T07:25:09.836055,1789629909836055300,53.62605517578125,0.1818132102489471,-0.239468514919281,0.0519542768597602
2026-09-17T07:25:09.846015,1789629909846015200,53.63601513671875,0.1176057234406471,-0.2022862583398819,0.0707585886120796
2026-09-17T07:25:09.855975,1789629909855975400,53.64597534179688,0.0809808671474456,-0.1287979334592819,0.0942804291844368
2026-09-17T07:25:09.865934,1789629909865934300,53.655934326171874,0.0552536696195602,-0.0810434520244598,0.1126322746276855
2026-09-17T07:25:09.875894,1789629909875894300,53.665894287109374,0.0156828220933675,-0.0771914571523666,0.1177205070853233
2026-09-17T07:25:09.885854,1789629909885854200,53.675854248046875,-0.0340117625892162,-0.0985726490616798,0.1159372553229332
2026-09-17T07:25:09.895813,1789629909895813000,53.68581323242187,-0.078459121286869,-0.1321985125541687,0.1088575050234794
2026-09-17T07:25:09.905773,1789629909905773300,53.69577319335937,-0.0806961804628372,-0.1267968267202377,0.0994666665792465
2026-09-17T07:25:09.915733,1789629909915733200,53.70573315429687,-0.0308154374361038,-0.0471190437674522,0.0924692153930664
2026-09-17T07:25:09.925692,1789629909925692400,53.7156923828125,0.0640178620815277,0.0997391119599342,0.0984357595443725
2026-09-17T07:25:09.935652,1789629909935652400,53.72565234375,0.1656685918569564,0.1878402084112167,0.1256388872861862
2026-09-17T07:25:09.945612,1789629909945612500,53.73561254882812,0.2281013429164886,0.1641636341810226,0.1628930419683456
2026-09-17T07:25:09.955571,1789629909955571500,53.745571533203126,0.2414102256298065,0.0710840299725532,0.1951865404844284
2026-09-17T07:25:09.965531,1789629909965531400,53.75553149414063,0.2177818566560745,-0.0177307929843664,0.1986318677663803
2026-09-17T07:25:09.975491,1789629909975491300,53.7654912109375,0.1597574353218078,-0.0678954273462295,0.1639497876167297
2026-09-17T07:25:09.985450,1789629909985450200,53.7754501953125,0.0769621580839157,-0.0752721205353736,0.0955377072095871
2026-09-17T07:25:09.995410,1789629909995410400,53.785410400390624,-0.0269637070596218,-0.0801174715161323,0.013129916973412
2026-09-17T07:25:10.005370,1789629910005370400,53.795370361328125,-0.1539509445428848,-0.1445923298597335,-0.0564566180109977
2026-09-17T07:25:10.015329,1789629910015329300,53.80532934570312,-0.3188347220420837,-0.255609393119812,-0.1109235882759094
2026-09-17T07:25:10.025289,1789629910025289200,53.81528930664062,-0.4756887555122375,-0.3107440173625946,-0.1109086722135543
2026-09-17T07:25:10.035249,1789629910035249200,53.82524926757812,-0.5569817423820496,-0.2895678877830505,-0.0689090266823768
2026-09-17T07:25:10.045208,1789629910045208300,53.83520825195313,-0.5507462620735168,-0.1085102334618568,-0.0230621751397848
2026-09-17T07:25:10.055168,1789629910055168500,53.84516845703125,-0.4485380947589874,0.1472965031862259,0.0362120680510997
2026-09-17T07:25:10.065128,1789629910065128400,53.85512841796875,-0.2711310982704162,0.3893006145954132,0.1045455858111381
2026-09-17T07:25:10.075087,1789629910075087400,53.86508740234375,-0.0875998884439468,0.5533676147460938,0.1675788760185241
2026-09-17T07:25:10.085047,1789629910085047300,53.87504736328125,0.0502706281840801,0.5653923153877258,0.2226426601409912
2026-09-17T07:25:10.095007,1789629910095007500,53.88500756835938,0.1178581938147544,0.4390990734100342,0.2665542066097259
2026-09-17T07:25:10.104966,1789629910104966400,53.89496630859375,0.1116884499788284,0.2592059969902038,0.2988921701908111
2026-09-17T07:25:10.114926,1789629910114926300,53.90492626953125,0.0552621893584728,0.0695841386914253,0.3061612546443939
2026-09-17T07:25:10.124885,1789629910124885200,53.91488525390625,-0.0206861030310392,-0.0850784108042717,0.2676689922809601
2026-09-17T07:25:10.134845,1789629910134845200,53.92484521484375,-0.07984209805727,-0.1748096197843551,0.2070314735174179
2026-09-17T07:25:10.144805,1789629910144805400,53.93480541992187,-0.1007537767291069,-0.1868282109498977,0.1545008867979049
2026-09-17T07:25:10.154764,1789629910154764300,53.94476440429688,-0.0978650450706482,-0.1598455905914306,0.1133989989757537
2026-09-17T07:25:10.164724,1789629910164724200,53.95472412109375,-0.0980341583490371,-0.1303606629371643,0.0911999493837356
2026-09-17T07:25:10.174684,1789629910174684200,53.96468408203125,-0.1228348389267921,-0.1192710027098655,0.0779254212975502
2026-09-17T07:25:10.184643,1789629910184643300,53.974643310546874,-0.1815982908010482,-0.1382113993167877,0.0633685886859893
2026-09-17T07:25:10.194603,1789629910194603500,53.984603515625,-0.2514703273773193,-0.1510774046182632,0.0448582842946052
2026-09-17T07:25:10.204563,1789629910204563500,53.9945634765625,-0.2964708209037781,-0.1155713349580764,0.032108400017023
2026-09-17T07:25:10.214522,1789629910214522400,54.0045224609375,-0.2871287167072296,-0.0456274077296257,0.0358932875096797
2026-09-17T07:25:10.224482,1789629910224482300,54.014482421875,-0.2289439737796783,0.0435709133744239,0.0537535101175308
2026-09-17T07:25:10.234442,1789629910234442200,54.02444213867187,-0.1462791860103607,0.1226119324564933,0.0791816338896751
2026-09-17T07:25:10.244401,1789629910244401200,54.03440112304688,-0.0504381395876407,0.1843030005693435,0.1063749119639396
2026-09-17T07:25:10.254361,1789629910254361300,54.044361328125,0.0418459847569465,0.2288132011890411,0.1445622444152832
2026-09-17T07:25:10.264321,1789629910264321000,54.05432104492188,0.1241821348667144,0.2554594576358795,0.1917691677808761
2026-09-17T07:25:10.274280,1789629910274280200,54.0642802734375,0.1756898015737533,0.2508103847503662,0.2354420870542526
2026-09-17T07:25:10.284240,1789629910284240100,54.074240234375,0.1825128197669983,0.1926320344209671,0.2644383013248443
2026-09-17T07:25:10.294200,1789629910294200000,54.084199951171875,0.1399802714586258,0.1165681555867195,0.2669517993927002
2026-09-17T07:25:10.304159,1789629910304159200,54.0941591796875,0.0857857465744018,0.0729775354266166,0.2529683411121368
2026-09-17T07:25:10.314119,1789629910314119200,54.104119140625,0.0359438844025135,0.0386406034231185,0.2163381576538086
2026-09-17T07:25:10.324079,1789629910324079400,54.114079345703125,0.0144622959196567,0.0274068564176559,0.1706838607788086
2026-09-17T07:25:10.334038,1789629910334038300,54.12403833007812,0.0288383066654205,0.0453733392059803,0.1353615522384643
2026-09-17T07:25:10.343998,1789629910343998200,54.13399829101562,0.0642450302839279,0.0591866225004196,0.1084231436252594
2026-09-17T07:25:10.353958,1789629910353958100,54.14395825195312,0.0786431431770324,0.0666698440909385,0.0772622972726821
2026-09-17T07:25:10.363917,1789629910363917000,54.1539169921875,0.0526704005897045,0.0538584366440773,0.0233865492045879
2026-09-17T07:25:10.373877,1789629910373877200,54.16387719726563,-0.0083255739882588,0.0098164118826389,-0.0458239465951919
2026-09-17T07:25:10.383837,1789629910383837200,54.17383715820313,-0.0818160399794578,-0.036515399813652,-0.1108562126755714
2026-09-17T07:25:10.393796,1789629910393796000,54.183796142578124,-0.1377727836370468,-0.0677915662527084,-0.1409105211496353
2026-09-17T07:25:10.403756,1789629910403756000,54.193756103515625,-0.146651491522789,-0.0482895001769065,-0.1284892708063125
2026-09-17T07:25:10.413716,1789629910413716200,54.20371630859375,-0.110581636428833,-0.0011954930378124,-0.084150031208992
2026-09-17T07:25:10.423675,1789629910423675400,54.21367529296875,-0.0375516377389431,0.046370692551136,-0.0251495614647865
2026-09-17T07:25:10.433635,1789629910433635300,54.22363525390625,0.0476756431162357,0.058909922838211,0.0183574352413415
2026-09-17T07:25:10.443595,1789629910443595300,54.23359521484375,0.1186864376068115,0.0179262701421976,0.0260092299431562
2026-09-17T07:25:10.453554,1789629910453554200,54.24355419921875,0.1661237329244613,-0.0463541820645332,0.0196922123432159
2026-09-17T07:25:10.463514,1789629910463514000,54.25351416015625,0.1900271922349929,-0.1146703884005546,0.0069159627892076
2026-09-17T07:25:10.473474,1789629910473474300,54.26347436523437,0.1916192322969436,-0.1593742072582245,-0.0017779263434931
2026-09-17T07:25:10.483433,1789629910483433200,54.27343310546875,0.1741110831499099,-0.1905206739902496,-0.0152841480448842
2026-09-17T07:25:10.493393,1789629910493393200,54.28339306640625,0.1581848412752151,-0.1984718143939972,-0.025531992316246
2026-09-17T07:25:10.503353,1789629910503353000,54.29335302734375,0.1474794745445251,-0.1709800064563751,-0.030679615214467
2026-09-17T07:25:10.513312,1789629910513312000,54.30331201171875,0.1430999040603637,-0.1190283894538879,-0.0372387133538723
2026-09-17T07:25:10.523272,1789629910523272200,54.313272216796875,0.1504736542701721,-0.090001530945301,-0.0558944232761859
2026-09-17T07:25:10.533232,1789629910533232000,54.323232177734376,0.1641830801963806,-0.0924316644668579,-0.0769009068608284
2026-09-17T07:25:10.543191,1789629910543191300,54.33319140625,0.1856082081794738,-0.1268357038497924,-0.0783664435148239
2026-09-17T07:25:10.553151,1789629910553151200,54.34315112304687,0.2148217558860778,-0.1659412980079651,-0.0681540220975875
2026-09-17T07:25:10.563111,1789629910563111400,54.353111328125,0.2613527774810791,-0.2043981403112411,-0.0483808480203151
2026-09-17T07:25:10.573070,1789629910573070300,54.3630703125,0.3290047943592071,-0.2052503526210785,-0.0312945395708084
2026-09-17T07:25:10.583030,1789629910583030300,54.3730302734375,0.4028950035572052,-0.1690015345811844,-0.0320285074412822
2026-09-17T07:25:10.592990,1789629910592990200,54.382990234375,0.4484374523162842,-0.1529565304517746,-0.0558036118745803
2026-09-17T07:25:10.602949,1789629910602949000,54.39294921875,0.4515493512153625,-0.1749182790517807,-0.0892973914742469
2026-09-17T07:25:10.612909,1789629910612909300,54.40290942382813,0.4084855020046234,-0.2345930635929107,-0.128287136554718
2026-09-17T07:25:10.622869,1789629910622869200,54.412869140625,0.3113613426685333,-0.3175731599330902,-0.1879067867994308
2026-09-17T07:25:10.632828,1789629910632828200,54.422828125,0.1451486647129058,-0.421699047088623,-0.2850916683673858
2026-09-17T07:25:10.642788,1789629910642788000,54.4327880859375,-0.0701673701405525,-0.509125828742981,-0.3904494941234588
2026-09-17T07:25:10.652748,1789629910652748000,54.442748046875,-0.2786854207515716,-0.5142375230789185,-0.50135737657547
2026-09-17T07:25:10.662707,1789629910662707200,54.45270727539062,-0.4421712756156921,-0.3931606113910675,-0.6086961030960083
2026-09-17T07:25:10.672667,1789629910672667400,54.46266748046875,-0.5428097248077393,-0.1618591994047165,-0.7044982314109802
2026-09-17T07:25:10.682627,1789629910682627300,54.47262744140625,-0.5730512738227844,0.0932500511407852,-0.7690333127975464
2026-09-17T07:25:10.692586,1789629910692586200,54.48258618164063,-0.5667440891265869,0.3159334659576416,-0.7976601719856262
2026-09-17T07:25:10.702546,1789629910702546200,54.49254614257813,-0.5466793179512024,0.4680497646331787,-0.7810838222503662
2026-09-17T07:25:10.712506,1789629910712506400,54.50250634765625,-0.4951980113983154,0.5916880965232849,-0.7048290371894836
2026-09-17T07:25:10.722465,1789629910722465300,54.51246533203125,-0.4025463759899139,0.657145619392395,-0.5815872550010681
2026-09-17T07:25:10.732425,1789629910732425200,54.52242529296875,-0.2760204076766968,0.6215317249298096,-0.4520835876464844
2026-09-17T07:25:10.742385,1789629910742385200,54.53238525390625,-0.1293936818838119,0.4723137319087982,-0.3349508345127105
2026-09-17T07:25:10.752344,1789629910752344000,54.54234399414062,0.0286609400063753,0.3008075058460235,-0.2323557436466217
2026-09-17T07:25:10.762304,1789629910762304300,54.55230419921875,0.1688737124204635,0.1262719184160232,-0.148495465517044
2026-09-17T07:25:10.772264,1789629910772264200,54.56226416015625,0.2805807888507843,-0.0500719547271728,-0.0905205756425857
2026-09-17T07:25:10.782223,1789629910782223000,54.57222314453125,0.3404673039913177,-0.2140630185604095,-0.0706845521926879
2026-09-17T07:25:10.792183,1789629910792183000,54.58218310546875,0.329759806394577,-0.3302950859069824,-0.0688134208321571
2026-09-17T07:25:10.802143,1789629910802143000,54.59214306640625,0.2513981461524963,-0.380310595035553,-0.0636511445045471
2026-09-17T07:25:10.812102,1789629910812102400,54.60210229492188,0.1287119090557098,-0.3489673137664795,-0.0701127722859382
2026-09-17T07:25:10.822062,1789629910822062300,54.61206225585938,-0.0026288062799721,-0.2350082546472549,-0.1000155434012413
2026-09-17T07:25:10.832022,1789629910832022300,54.62202221679688,-0.1220436170697212,-0.0968099012970924,-0.1707368493080139
2026-09-17T07:25:10.841981,1789629910841981200,54.631981201171875,-0.2285586148500442,0.0069937272928655,-0.2734187543392181
2026-09-17T07:25:10.851941,1789629910851941000,54.641941162109376,-0.3165201544761657,0.0511769019067287,-0.3736753165721893
2026-09-17T07:25:10.861901,1789629910861901300,54.6519013671875,-0.3662272691726684,0.0716760531067848,-0.4168685972690582
2026-09-17T07:25:10.871860,1789629910871860200,54.66186010742187,-0.3728595972061157,0.106041744351387,-0.3696155846118927
2026-09-17T07:25:10.881820,1789629910881820200,54.671820068359374,-0.3213253021240234,0.1309404373168945,-0.2498282045125961
2026-09-17T07:25:10.891780,1789629910891780000,54.681780029296874,-0.2229944616556167,0.1643660366535186,-0.0954729914665222
2026-09-17T07:25:10.901739,1789629910901739000,54.69173901367188,-0.0867918878793716,0.178256556391716,0.0428603813052177
2026-09-17T07:25:10.911699,1789629910911699200,54.70169921875,0.0580193623900413,0.2224208265542984,0.1642874777317047
2026-09-17T07:25:10.921659,1789629910921659100,54.7116591796875,0.1916346848011016,0.252274602651596,0.2578059732913971
2026-09-17T07:25:10.931618,1789629910931618300,54.72161840820313,0.2872967422008514,0.2246805131435394,0.2954263091087341
2026-09-17T07:25:10.941578,1789629910941578200,54.731578125,0.3344592154026031,0.1638027876615524,0.2904747128486633
2026-09-17T07:25:10.951538,1789629910951538200,54.7415380859375,0.3255746364593506,0.1006376594305038,0.2692698240280151
2026-09-17T07:25:10.961497,1789629910961497300,54.751497314453125,0.2583010494709015,-0.0005438174703158,0.2336702793836593
2026-09-17T07:25:10.971457,1789629910971457300,54.761457275390626,0.1386372447013855,-0.1050523817539215,0.1826933771371841
2026-09-17T07:25:10.981417,1789629910981417200,54.771417236328126,0.0116774290800094,-0.1506832540035247,0.1399658918380737
2026-09-17T07:25:10.991376,1789629910991376100,54.78137622070312,-0.0868057385087013,-0.1261246502399444,0.1158317923545837
2026-09-17T07:25:11.001336,1789629911001336000,54.791336181640624,-0.1360089629888534,-0.0498186871409416,0.1008379310369491
2026-09-17T07:25:11.011296,1789629911011296300,54.80129614257813,-0.1475875973701477,0.0434737093746662,0.0822876840829849
2026-09-17T07:25:11.021255,1789629911021255200,54.81125512695313,-0.1265238523483276,0.1173434033989906,0.0609991699457168
2026-09-17T07:25:11.031215,1789629911031215000,54.82121508789062,-0.0847218111157417,0.1518473178148269,0.0510099194943904
2026-09-17T07:25:11.041175,1789629911041175000,54.83117504882812,-0.0408976301550865,0.1386210024356842,0.0564222633838653
2026-09-17T07:25:11.051134,1789629911051134200,54.84113427734375,0.003818972967565,0.1118357181549072,0.0647691413760185
2026-09-17T07:25:11.061094,1789629911061094400,54.85109448242188,0.0555753782391548,0.0948056057095527,0.0737594440579414
2026-09-17T07:25:11.071054,1789629911071054300,54.86105444335937,0.1257209032773971,0.0965470448136329,0.0719152018427848
2026-09-17T07:25:11.081013,1789629911081013200,54.87101318359375,0.2026844024658203,0.1128533110022544,0.059323776513338
2026-09-17T07:25:11.090973,1789629911090973200,54.88097314453125,0.2635107338428497,0.1133076474070549,0.03270148858428
2026-09-17T07:25:11.100933,1789629911100933400,54.89093334960938,0.2937812805175781,0.1035937666893005,0.0296010356396436
2026-09-17T07:25:11.110892,1789629911110892300,54.90089233398437,0.301560640335083,0.0760769248008728,0.0565666072070598
2026-09-17T07:25:11.120852,1789629911120852200,54.910852294921874,0.2932175099849701,0.0204597357660532,0.093427687883377
2026-09-17T07:25:11.130812,1789629911130812200,54.920812255859374,0.2765567600727081,-0.0585397407412529,0.1262314319610595
2026-09-17T07:25:11.140771,1789629911140771000,54.93077099609375,0.2479128688573837,-0.1292482614517212,0.1467865109443664
2026-09-17T07:25:11.150731,1789629911150731000,54.94073095703125,0.1998135149478912,-0.1683298945426941,0.1342483460903167
2026-09-17T07:25:11.160691,1789629911160691200,54.95069116210937,0.1496060043573379,-0.1669525057077407,0.1085224822163581
2026-09-17T07:25:11.170650,1789629911170650400,54.960650390625,0.1018363535404205,-0.1525413393974304,0.074463315308094
2026-09-17T07:25:11.180610,1789629911180610300,54.9706103515625,0.0558233186602592,-0.1112184002995491,0.0265200249850749
2026-09-17T07:25:11.190570,1789629911190570200,54.9805703125,0.0168444942682981,-0.0329124107956886,-0.0203428212553262
2026-09-17T07:25:11.200529,1789629911200529200,54.990529052734374,-0.0035276231355965,0.0438681207597255,-0.0408001616597175
2026-09-17T07:25:11.210489,1789629911210489300,55.0004892578125,-0.0114015247672796,0.1069064736366272,-0.0400169230997562
2026-09-17T07:25:11.220449,1789629911220449300,55.01044921875,-0.0119634522125124,0.1346606016159057,-0.0253671426326036
2026-09-17T07:25:11.230408,1789629911230408200,55.020408203125,-0.0070619042962789,0.1346789896488189,-0.0079620527103543
2026-09-17T07:25:11.240368,1789629911240368000,55.0303681640625,-0.0006354302167892,0.121022030711174,0.0055899750441312
2026-09-17T07:25:11.250327,1789629911250327000,55.0403271484375,-0.0087045421823859,0.0794016122817993,0.0096478331834077
2026-09-17T07:25:11.260287,1789629911260287200,55.05028735351563,-0.0326948277652263,0.0056805224157869,0.0059244679287076
2026-09-17T07:25:11.270246,1789629911270246100,55.06024609375,-0.0819872766733169,-0.0802751332521438,0.0022525016684085
2026-09-17T07:25:11.280205,1789629911280205300,55.07020532226562,-0.1641380786895752,-0.1570284962654113,-0.0118840895593166
2026-09-17T07:25:11.290165,1789629911290165200,55.08016528320312,-0.2712181806564331,-0.2089002132415771,-0.0373652167618274
2026-09-17T07:25:11.300125,1789629911300125200,55.09012524414062,-0.3904183506965637,-0.1887083947658538,-0.0753437578678131
2026-09-17T07:25:11.310084,1789629911310084000,55.100083984375,-0.4972648918628692,-0.1375027298927307,-0.1177484691143035
2026-09-17T07:25:11.320044,1789629911320044300,55.11004418945313,-0.5615610480308533,-0.0992698594927787,-0.1505130678415298
2026-09-17T07:25:11.330004,1789629911330004200,55.12000415039063,-0.5667992234230042,0.0015065502375364,-0.1440394669771194
2026-09-17T07:25:11.339963,1789629911339963100,55.129963134765624,-0.4844346046447754,0.1336616575717926,-0.0595184527337551
2026-09-17T07:25:11.349923,1789629911349923000,55.139923095703125,-0.330993115901947,0.2194830924272537,0.0872859060764312
2026-09-17T07:25:11.359883,1789629911359883000,55.149883056640626,-0.1056910082697868,0.3294349014759063,0.2642457783222198
2026-09-17T07:25:11.369842,1789629911369842200,55.15984228515625,0.1602727621793747,0.4383816123008728,0.4313588440418243
2026-09-17T07:25:11.379802,1789629911379802000,55.16980200195312,0.4088642001152038,0.4272184371948242,0.5322777628898621
2026-09-17T07:25:11.389762,1789629911389762000,55.17976196289062,0.5835318565368652,0.3333097994327545,0.5607892870903015
2026-09-17T07:25:11.399721,1789629911399721200,55.18972119140625,0.658863365650177,0.184999406337738,0.5397481918334961
2026-09-17T07:25:11.409681,1789629911409681200,55.19968115234375,0.6411166191101074,-0.0132044851779937,0.4766842722892761
2026-09-17T07:25:11.419641,1789629911419641300,55.20964135742187,0.5586563348770142,-0.1716985255479812,0.395928680896759
2026-09-17T07:25:11.429600,1789629911429600300,55.21960034179688,0.4262610375881195,-0.2941695749759674,0.3063806891441345
2026-09-17T07:25:11.439560,1789629911439560200,55.22956030273438,0.2621165812015533,-0.3708893954753876,0.2075017988681793
2026-09-17T07:25:11.449520,1789629911449520000,55.23952001953125,0.0822972729802131,-0.3716371953487396,0.1229695975780487
2026-09-17T07:25:11.459479,1789629911459479000,55.24947900390625,-0.1032478287816047,-0.3081905841827392,0.0636402294039726
2026-09-17T07:25:11.469439,1789629911469439200,55.259439208984375,-0.2820213139057159,-0.2336255311965942,0.0233111809939146
2026-09-17T07:25:11.479399,1789629911479399200,55.26939916992187,-0.428393691778183,-0.1827772706747055,-0.017774736508727
2026-09-17T07:25:11.489358,1789629911489358000,55.27935815429687,-0.5370312333106995,-0.1550822556018829,-0.0701162368059158
2026-09-17T07:25:11.499318,1789629911499318000,55.28931811523437,-0.5981805920600891,-0.1491601914167404,-0.1348491609096527
2026-09-17T07:25:11.509278,1789629911509278000,55.29927783203125,-0.6178719997406006,-0.1648217141628265,-0.202123537659645
2026-09-17T07:25:11.519237,1789629911519237000,55.30923706054688,-0.596248984336853,-0.1924429535865783,-0.2538889944553375
2026-09-17T07:25:11.529197,1789629911529197300,55.319197265625,-0.5389993190765381,-0.1926525384187698,-0.2709398865699768
2026-09-17T07:25:11.539157,1789629911539157200,55.3291572265625,-0.4547366201877594,-0.1443023234605789,-0.2388301491737365
2026-09-17T07:25:11.549116,1789629911549116200,55.3391162109375,-0.3611089289188385,-0.0700355470180511,-0.1602914035320282
2026-09-17T07:25:11.559076,1789629911559076000,55.349076171875,-0.2597239911556244,0.0129275163635611,-0.048947300761938
2026-09-17T07:25:11.569036,1789629911569036300,55.35903637695313,-0.1408508569002151,0.1033490225672721,0.0810826048254966
2026-09-17T07:25:11.578995,1789629911578995200,55.3689951171875,-0.0238523352891206,0.1934821158647537,0.2184005081653595
2026-09-17T07:25:11.588955,1789629911588955100,55.378955078125,0.0761845186352729,0.2329254001379013,0.3319646120071411
2026-09-17T07:25:11.598915,1789629911598915000,55.3889150390625,0.142591506242752,0.1999629139900207,0.4038587808609009
2026-09-17T07:25:11.608874,1789629911608874000,55.3988740234375,0.1725965440273285,0.1247712299227714,0.4258341193199157
2026-09-17T07:25:11.618834,1789629911618834200,55.40883422851562,0.1760120391845703,0.0781954675912857,0.3996139764785766
2026-09-17T07:25:11.628794,1789629911628794000,55.41879418945312,0.1599505245685577,0.0519201904535293,0.343814879655838
2026-09-17T07:25:11.638753,1789629911638753300,55.42875317382813,0.1176017299294471,0.0170953627675771,0.2591578066349029
2026-09-17T07:25:11.648713,1789629911648713200,55.43871313476563,0.0540624372661113,-0.0245402306318283,0.1652222424745559
2026-09-17T07:25:11.658673,1789629911658673200,55.44867309570313,-0.0114771593362092,-0.0501816794276237,0.074343740940094
2026-09-17T07:25:11.668632,1789629911668632300,55.45863232421875,-0.0548352859914302,-0.0417695492506027,0.0070097064599394
2026-09-17T07:25:11.678592,1789629911678592300,55.46859228515625,-0.0690070316195488,0.0038868836127221,-0.0186658296734094
2026-09-17T07:25:11.688552,1789629911688552200,55.47855224609375,-0.0658610388636589,0.0463704280555248,0.0019145464757457
2026-09-17T07:25:11.698511,1789629911698511000,55.48851098632812,-0.0649254694581031,0.0602478943765163,0.0538603030145168
2026-09-17T07:25:11.708471,1789629911708471000,55.49847094726562,-0.0619155652821064,0.0654639601707458,0.1195455715060234
2026-09-17T07:25:11.718431,1789629911718431200,55.50843115234375,-0.0472508706152439,0.0471331588923931,0.1626642793416977
2026-09-17T07:25:11.728390,1789629911728390100,55.51839013671875,-0.0226720236241817,0.0039880839176476,0.1543480306863784
2026-09-17T07:25:11.738350,1789629911738350000,55.52835009765625,0.0111732920631766,-0.033810693770647,0.0987761095166206
2026-09-17T07:25:11.748310,1789629911748310000,55.53831005859375,0.0333323888480663,-0.0649499744176864,0.023741016164422
2026-09-17T07:25:11.758269,1789629911758269200,55.54826928710938,0.0098971053957939,-0.1073554828763008,-0.0546259619295597
2026-09-17T07:25:11.768229,1789629911768229000,55.55822900390625,-0.0556342341005802,-0.1671865880489349,-0.1097339540719986
2026-09-17T07:25:11.778189,1789629911778189000,55.56818896484375,-0.1408929377794265,-0.2096799910068512,-0.1267403662204742
2026-09-17T07:25:11.788148,1789629911788148200,55.578148193359375,-0.1856819838285446,-0.2066562324762344,-0.0973052456974983
2026-09-17T07:25:11.798108,1789629911798108200,55.58810815429688,-0.1570215672254562,-0.1092628389596939,-0.0357481427490711
2026-09-17T07:25:11.808068,1789629911808068400,55.598068359375,-0.0589221715927124,0.0158607214689254,0.0346013866364955
2026-09-17T07:25:11.818027,1789629911818027300,55.60802734375,0.0778023898601532,0.0796463564038276,0.0890523791313171
2026-09-17T07:25:11.827987,1789629911827987200,55.6179873046875,0.2092823833227157,0.0792364999651908,0.1255616545677185
2026-09-17T07:25:11.837947,1789629911837947100,55.627947021484374,0.3048805296421051,0.0140167493373155,0.1386135369539261
2026-09-17T07:25:11.847906,1789629911847906000,55.63790600585938,0.3558148443698883,-0.0779366120696067,0.1432024389505386
2026-09-17T07:25:11.857866,1789629911857866000,55.64786596679688,0.3785803318023681,-0.1520585119724273,0.1426394432783126
2026-09-17T07:25:11.867826,1789629911867826200,55.657826171875,0.3730534613132477,-0.1956366151571273,0.1204814091324806
2026-09-17T07:25:11.877785,1789629911877785000,55.66778515625,0.3352254033088684,-0.2424464672803878,0.0915956944227218
2026-09-17T07:25:11.887745,1789629911887745000,55.6777451171875,0.2676072120666504,-0.2997824549674988,0.0498722195625305
2026-09-17T07:25:11.897705,1789629911897705000,55.687705078125,0.1760202944278717,-0.3258689045906067,0.0050962250679731
2026-09-17T07:25:11.907664,1789629911907664100,55.6976640625,0.0541593767702579,-0.360023945569992,-0.0439461506903171
2026-09-17T07:25:11.917624,1789629911917624300,55.707624267578126,-0.1121433153748512,-0.3980578780174255,-0.1220864951610565
2026-09-17T07:25:11.927584,1789629911927584300,55.717584228515626,-0.3019774258136749,-0.3893719911575317,-0.2064980417490005
2026-09-17T07:25:11.937543,1789629911937543200,55.72754321289062,-0.453197032213211,-0.292887806892395,-0.2670447528362274
2026-09-17T07:25:11.947503,1789629911947503000,55.73750317382813,-0.5143988728523254,-0.1113672703504562,-0.2941075265407562
2026-09-17T07:25:11.957463,1789629911957463300,55.74746337890625,-0.4729427993297577,0.1380665302276611,-0.2945109903812408
2026-09-17T07:25:11.967422,1789629911967422200,55.75742211914063,-0.3356496393680572,0.3892593383789062,-0.2460590451955795
2026-09-17T07:25:11.977382,1789629911977382100,55.76738208007812,-0.1496225148439407,0.5535553097724915,-0.1616035401821136
2026-09-17T07:25:11.987342,1789629911987342000,55.77734204101562,0.0415748730301857,0.5755777955055237,-0.0703263580799102
2026-09-17T07:25:11.997301,1789629911997301000,55.787301025390626,0.195136472582817,0.4648773968219757,-0.0109666306525468
2026-09-17T07:25:12.007261,1789629912007261200,55.79726123046875,0.2785940766334533,0.3016421496868133,0.0109975235536694
2026-09-17T07:25:12.017221,1789629912017221000,55.80722119140625,0.291514128446579,0.133421704173088,0.0168535485863685
2026-09-17T07:25:12.027180,1789629912027180300,55.81718017578125,0.2391577214002609,0.0073031866922974,0.0020458402577787
2026-09-17T07:25:12.037140,1789629912037140200,55.82714013671875,0.1260005384683609,-0.0735415965318679,-0.027118170633912
2026-09-17T07:25:12.047100,1789629912047100200,55.83710009765625,-0.0478021427989006,-0.129234954714775,-0.052044291049242
2026-09-17T07:25:12.057059,1789629912057059000,55.84705908203125,-0.2371124178171157,-0.1334275603294372,-0.0398496761918067
2026-09-17T07:25:12.067019,1789629912067019300,55.857019287109374,-0.4061443209648132,-0.0912090092897415,0.0238643195480108
2026-09-17T07:25:12.076979,1789629912076979200,55.866979248046874,-0.5206871628761292,-0.0059529640711843,0.0983824953436851
2026-09-17T07:25:12.086938,1789629912086938000,55.87693823242188,-0.5651494264602661,0.0894752889871597,0.1490997374057769
2026-09-17T07:25:12.096898,1789629912096898000,55.88689794921875,-0.5528296232223511,0.1560671031475067,0.1735230535268783
2026-09-17T07:25:12.106858,1789629912106858200,55.89685815429687,-0.4965746104717254,0.1635734885931015,0.1882189065217971
2026-09-17T07:25:12.116817,1789629912116817200,55.90681713867187,-0.4225128889083862,0.1432501077651977,0.2064756751060485
2026-09-17T07:25:12.126777,1789629912126777000,55.91677709960938,-0.3480940461158752,0.0815369337797164,0.234167218208313
2026-09-17T07:25:12.136737,1789629912136737000,55.92673706054688,-0.2515957355499267,-0.048156876116991,0.2585407495498657
2026-09-17T07:25:12.146696,1789629912146696200,55.9366962890625,-0.1247893348336219,-0.1471045017242431,0.2893870770931244
2026-09-17T07:25:12.156656,1789629912156656400,55.946656494140626,0.0060509680770337,-0.1531797051429748,0.3301544785499573
2026-09-17T07:25:12.166616,1789629912166616300,55.9566162109375,0.1117928475141525,-0.1188427656888961,0.3624612689018249
2026-09-17T07:25:12.176575,1789629912176575200,55.9665751953125,0.1618871688842773,-0.0919016972184181,0.3734135329723358
2026-09-17T07:25:12.186535,1789629912186535200,55.97653515625,0.1604136377573013,-0.0478540733456611,0.3662325739860534
2026-09-17T07:25:12.196495,1789629912196495000,55.9864951171875,0.1091331467032432,0.0102891223505139,0.3489713072776794
2026-09-17T07:25:12.206454,1789629912206454300,55.99645434570313,0.0328237265348434,0.0708933472633361,0.3296415507793426
2026-09-17T07:25:12.216414,1789629912216414200,56.00641430664062,-0.0399127937853336,0.1165931895375251,0.3213444650173187
2026-09-17T07:25:12.226374,1789629912226374100,56.0163740234375,-0.0862656459212303,0.1466826498508453,0.3148495554924011
2026-09-17T07:25:12.236333,1789629912236333000,56.0263330078125,-0.0990355014801025,0.1731459498405456,0.3040136992931366
2026-09-17T07:25:12.246293,1789629912246293000,56.03629296875,-0.0951494202017784,0.1838646382093429,0.2767639458179474
2026-09-17T07:25:12.256253,1789629912256253200,56.04625317382813,-0.0935294181108474,0.1053914055228233,0.2281002849340438
2026-09-17T07:25:12.266213,1789629912266213000,56.05621313476563,-0.1015242263674736,-0.0249575469642877,0.1829314678907394
2026-09-17T07:25:12.276173,1789629912276173000,56.06617309570313,-0.134508803486824,-0.1379264444112777,0.1573294401168823
2026-09-17T07:25:12.286133,1789629912286133000,56.07613305664062,-0.1902684718370437,-0.1775297820568084,0.1577624678611755
2026-09-17T07:25:12.296092,1789629912296092200,56.086092041015625,-0.2434280961751938,-0.1418503522872924,0.1628325879573822
2026-09-17T07:25:12.306052,1789629912306052000,56.096052001953126,-0.2917120158672333,-0.0454646870493888,0.1421877741813659
2026-09-17T07:25:12.316012,1789629912316012000,56.106011962890626,-0.3176906108856201,0.0860491320490837,0.0897884741425514
2026-09-17T07:25:12.325971,1789629912325971200,56.11597119140625,-0.3240587711334228,0.2243795692920684,0.017429057508707
2026-09-17T07:25:12.335931,1789629912335931100,56.12593115234375,-0.3264212608337402,0.3037345707416534,-0.0368922390043735
2026-09-17T07:25:12.345891,1789629912345891000,56.13589111328125,-0.3341960906982422,0.3125528395175934,-0.0587831549346447
2026-09-17T07:25:12.355850,1789629912355850000,56.14585009765625,-0.3446705639362335,0.2953690588474273,-0.0521255172789096
2026-09-17T07:25:12.365810,1789629912365810200,56.15581005859375,-0.3483326733112335,0.2716056704521179,-0.0378278046846389
2026-09-17T07:25:12.375770,1789629912375770000,56.16577001953125,-0.3327739536762237,0.2555817067623138,-0.0050685280002653
2026-09-17T07:25:12.385729,1789629912385729000,56.17572900390625,-0.3100103139877319,0.2492625564336776,0.0343233533203601
2026-09-17T07:25:12.395689,1789629912395689000,56.18568896484375,-0.2823957502841949,0.1563123762607574,0.0811792761087417
2026-09-17T07:25:12.405649,1789629912405649200,56.19564916992187,-0.2567968964576721,0.0838211327791214,0.1369828879833221
2026-09-17T07:25:12.415608,1789629912415608000,56.20560815429688,-0.2338463217020034,0.0919331163167953,0.1924043297767639
2026-09-17T07:25:12.425568,1789629912425568000,56.215568115234376,-0.203079879283905,0.137571707367897,0.2342196851968765
2026-09-17T07:25:12.435528,1789629912435528000,56.22552783203125,-0.1681189686059951,0.1753153651952743,0.2541678249835968
2026-09-17T07:25:12.445487,1789629912445487000,56.23548706054687,-0.1460986137390136,0.1944331228733062,0.2602970898151397
2026-09-17T07:25:12.455447,1789629912455447000,56.245447021484374,-0.1554761379957199,0.1469715982675552,0.2571313977241516
2026-09-17T07:25:12.465407,1789629912465407200,56.2554072265625,-0.1912477165460586,0.0781067833304405,0.2494907826185226
2026-09-17T07:25:12.475366,1789629912475366100,56.2653662109375,-0.234441265463829,0.0472471415996551,0.2400626689195633
2026-09-17T07:25:12.485326,1789629912485326000,56.275326171875,-0.2717737257480621,0.0597826391458511,0.2270901352167129
2026-09-17T07:25:12.495286,1789629912495286000,56.2852861328125,-0.2938071191310882,0.0730145573616027,0.2277253121137619
2026-09-17T07:25:12.505245,1789629912505245000,56.29524487304688,-0.3060539364814758,0.0736446604132652,0.2571668028831482
2026-09-17T07:25:12.515205,1789629912515205000,56.305205078125,-0.3049663007259369,0.0800410360097885,0.3035580217838287
2026-09-17T07:25:12.525165,1789629912525165000,56.3151650390625,-0.304399311542511,0.0670866221189498,0.3449342250823974
2026-09-17T07:25:12.535124,1789629912535124000,56.3251240234375,-0.2924771308898926,0.0668506696820259,0.3809106051921844
2026-09-17T07:25:12.545084,1789629912545084000,56.335083984375,-0.2681877911090851,0.0838890373706817,0.4222345948219299
2026-09-17T07:25:12.555043,1789629912555043000,56.34504296875,-0.2317802309989929,0.110716663300991,0.4563382565975189
2026-09-17T07:25:12.565003,1789629912565003300,56.35500317382812,-0.1870497763156891,0.1393477767705917,0.4875185191631317
2026-09-17T07:25:12.574963,1789629912574963200,56.364963134765624,-0.1279004365205764,0.1649279743432998,0.5133581161499023
2026-09-17T07:25:12.584922,1789629912584922000,56.37492211914063,-0.0448684059083461,0.1850494742393493,0.5202192068099976
2026-09-17T07:25:12.594882,1789629912594882000,56.38488208007813,0.06007532030344,0.1865741461515426,0.5035417079925537
2026-09-17T07:25:12.604842,1789629912604842200,56.39484228515625,0.1723185032606125,0.1403126418590545,0.4463415443897247
2026-09-17T07:25:12.614801,1789629912614801200,56.40480126953125,0.2621695697307586,0.0666629150509834,0.356965571641922
2026-09-17T07:25:12.624761,1789629912624761000,56.414760986328126,0.3127706944942474,0.0039593214169144,0.264684110879898
2026-09-17T07:25:12.634721,1789629912634721000,56.42472094726563,0.3139755129814148,-0.0606492310762405,0.1877312809228897
2026-09-17T07:25:12.644680,1789629912644680000,56.43467993164062,0.2730776071548462,-0.1403658986091613,0.1304205954074859
2026-09-17T07:25:12.654639,1789629912654639900,56.44463989257813,0.1928895562887191,-0.2374801933765411,0.1025532707571983
2026-09-17T07:25:12.664600,1789629912664600000,56.45460009765625,0.0904875546693801,-0.3198166191577911,0.0988248437643051
2026-09-17T07:25:12.674559,1789629912674559200,56.46455932617187,-0.0114649087190628,-0.3723267018795013,0.1131542548537254
2026-09-17T07:25:12.684519,1789629912684519200,56.47451928710937,-0.095935583114624,-0.3701889812946319,0.1236252710223198
2026-09-17T07:25:12.694479,1789629912694479000,56.48447900390625,-0.1582905650138855,-0.3060257136821747,0.1169188991189003
2026-09-17T07:25:12.704438,1789629912704438000,56.49443798828125,-0.2099383175373077,-0.1806552708148956,0.090522177517414
2026-09-17T07:25:12.714398,1789629912714398200,56.50439819335938,-0.2571596205234527,-0.0549053251743316,0.0643979012966156
2026-09-17T07:25:12.724358,1789629912724358100,56.51435815429687,-0.2836189270019531,-0.0214174073189497,0.0610710754990577
2026-09-17T07:25:12.734317,1789629912734317000,56.52431713867187,-0.261244922876358,-0.0640058815479278,0.0794341042637825
2026-09-17T07:25:12.744277,1789629912744277000,56.534277099609376,-0.1738247871398925,-0.1499482244253158,0.1301281750202179
2026-09-17T07:25:12.754237,1789629912754237200,56.5442373046875,-0.0116758309304714,-0.2164334952831268,0.2053760588169098
2026-09-17T07:25:12.764196,1789629912764196000,56.55419604492187,0.2109058499336242,-0.2366109490394592,0.2693339884281158
2026-09-17T07:25:12.774156,1789629912774156000,56.564156005859374,0.4427092373371124,-0.2484580129384994,0.2783557176589966
2026-09-17T07:25:12.784116,1789629912784116000,56.574115966796874,0.6381455659866333,-0.2476324290037155,0.2347483336925506
2026-09-17T07:25:12.794075,1789629912794075100,56.5840751953125,0.7620741724967957,-0.2330417782068252,0.1765713095664978
2026-09-17T07:25:12.804035,1789629912804035000,56.59403515625,0.8066983819007874,-0.2331198006868362,0.130374789237976
2026-09-17T07:25:12.813995,1789629912813995000,56.6039951171875,0.7594091892242432,-0.2538642287254333,0.0868065357208252
2026-09-17T07:25:12.823954,1789629912823954200,56.6139541015625,0.6379207968711853,-0.2882056832313537,0.0289008896797895
2026-09-17T07:25:12.833914,1789629912833914000,56.6239140625,0.4752362966537475,-0.2998303771018982,-0.0249612759798765
2026-09-17T07:25:12.843874,1789629912843874000,56.6338740234375,0.3068880438804626,-0.2726190090179443,-0.0542818792164325
2026-09-17T07:25:12.853833,1789629912853833000,56.6438330078125,0.1422367691993713,-0.2273913472890854,-0.0732518434524536
2026-09-17T07:25:12.863793,1789629912863793200,56.653793212890626,-0.016307333484292,-0.2209986895322799,-0.1053567826747894
2026-09-17T07:25:12.873753,1789629912873753000,56.66375317382813,-0.1697482913732528,-0.2239803671836853,-0.1560013145208358
2026-09-17T07:25:12.883712,1789629912883712000,56.6737119140625,-0.2944057881832123,-0.1759529262781143,-0.2195494025945663
2026-09-17T07:25:12.893672,1789629912893672000,56.683671875,-0.3857178688049316,-0.0728558301925659,-0.2796726524829864
2026-09-17T07:25:12.903632,1789629912903632100,56.693632080078125,-0.4231643080711365,0.0349971316754817,-0.3311470448970794
2026-09-17T07:25:12.913591,1789629912913591000,56.70359106445313,-0.4068066477775574,0.1767183095216751,-0.36525359749794
2026-09-17T07:25:12.923551,1789629912923551000,56.71355102539062,-0.3453331589698791,0.3098212480545044,-0.3565591871738434
2026-09-17T07:25:12.933511,1789629912933511000,56.72351098632812,-0.2552352249622345,0.3668885231018066,-0.3116415143013
2026-09-17T07:25:12.943470,1789629912943470000,56.733469970703126,-0.1471617519855499,0.3514381945133209,-0.2305687665939331
2026-09-17T07:25:12.953430,1789629912953430300,56.74343017578125,-0.0265839397907257,0.2981866896152496,-0.1232199370861053
2026-09-17T07:25:12.963390,1789629912963390200,56.75339013671875,0.1014355421066284,0.223723903298378,-0.023748205974698
2026-09-17T07:25:12.973349,1789629912973349000,56.76334912109375,0.2144318670034408,0.1242881268262863,0.039797481149435
2026-09-17T07:25:12.983309,1789629912983309000,56.77330908203125,0.290720522403717,0.0348083153367042,0.057138118892908
2026-09-17T07:25:12.993269,1789629912993269000,56.78326904296875,0.3215729594230652,-0.0123211145401,0.0296484399586915
2026-09-17T07:25:13.003228,1789629913003228200,56.793228271484374,0.3003880679607391,-0.0185995176434516,-0.0205377656966447
2026-09-17T07:25:13.013188,1789629913013188000,56.80318798828125,0.2355078607797622,-0.0081266360357403,-0.0749469473958015
2026-09-17T07:25:13.023148,1789629913023148000,56.81314794921875,0.1385030150413513,0.0009065400226972,-0.1182073354721069
2026-09-17T07:25:13.033107,1789629913033107000,56.82310693359375,0.0332756638526916,0.0221314020454883,-0.1397315412759781
2026-09-17T07:25:13.043067,1789629913043067000,56.83306689453125,-0.0548078529536724,0.0742430686950683,-0.1336954832077026
2026-09-17T07:25:13.053027,1789629913053027000,56.84302709960937,-0.1073775887489318,0.1216263025999069,-0.1055368110537529
2026-09-17T07:25:13.062986,1789629913062986200,56.852986328125,-0.1327039897441864,0.1508560925722122,-0.0682709366083145
2026-09-17T07:25:13.072946,1789629913072946200,56.8629462890625,-0.1432807296514511,0.186975747346878,-0.0442047454416751
2026-09-17T07:25:13.082906,1789629913082906000,56.87290600585938,-0.1628102213144302,0.1830960512161255,-0.0423083081841468
2026-09-17T07:25:13.092865,1789629913092865000,56.882864990234374,-0.1965932250022888,0.1225171238183975,-0.063666857779026
2026-09-17T07:25:13.102825,1789629913102825200,56.8928251953125,-0.2377712875604629,0.0316186472773551,-0.0956319868564605
2026-09-17T07:25:13.112785,1789629913112785200,56.90278515625,-0.2561966180801391,0.0048437574878335,-0.1167393997311592
2026-09-17T07:25:13.122744,1789629913122744000,56.912744140625,-0.2083886265754699,0.019972376525402,-0.1156586855649948
2026-09-17T07:25:13.132704,1789629913132704000,56.9227041015625,-0.0971212238073349,0.0216397810727357,-0.0962256044149398
2026-09-17T07:25:13.142664,1789629913142664200,56.932664306640625,0.0611062310636043,-0.0039068572223186,-0.0657795444130897
2026-09-17T07:25:13.152623,1789629913152623000,56.942623046875,0.2223454564809799,-0.053260825574398,-0.0295301955193281
2026-09-17T07:25:13.162583,1789629913162583000,56.9525830078125,0.3498908877372741,-0.0994504243135452,0.0113376090303063
2026-09-17T07:25:13.172543,1789629913172543000,56.96254296875,0.4252253174781799,-0.1390071511268615,0.0550427474081516
2026-09-17T07:25:13.182502,1789629913182502100,56.97250219726563,0.4491168260574341,-0.1511519700288772,0.0913248509168624
2026-09-17T07:25:13.192462,1789629913192462000,56.98246215820313,0.4456906616687774,-0.1065687835216522,0.12143374979496
2026-09-17T07:25:13.202422,1789629913202422000,56.99242211914063,0.4332118928432464,-0.0468644425272941,0.1451151072978973
2026-09-17T07:25:13.212381,1789629913212381200,57.002381103515624,0.4337770044803619,0.0051622712053358,0.1644898802042007
2026-09-17T07:25:13.222341,1789629913222341000,57.012341064453125,0.4557347595691681,0.0341433212161064,0.1668675541877746
2026-09-17T07:25:13.232301,1789629913232301000,57.022301025390625,0.4852234125137329,0.0469086542725563,0.1426759213209152
2026-09-17T07:25:13.242260,1789629913242260000,57.03226000976562,0.5015329122543335,0.0724576860666275,0.0752364322543144
2026-09-17T07:25:13.252220,1789629913252220200,57.04222021484375,0.4994540214538574,0.0782162398099899,-0.0271365456283092
2026-09-17T07:25:13.262180,1789629913262180000,57.05218017578125,0.4891678392887115,0.1115619465708732,-0.1376225799322128
2026-09-17T07:25:13.272138,1789629913272138200,57.06213818359375,0.4684367179870605,0.1778104752302169,-0.2299831360578537
2026-09-17T07:25:13.282098,1789629913282098200,57.07209814453125,0.4226202368736267,0.2068482488393783,-0.3013201653957367
2026-09-17T07:25:13.292058,1789629913292058400,57.082058349609376,0.343400776386261,0.1698241829872131,-0.3450727164745331
2026-09-17T07:25:13.302017,1789629913302017500,57.092017578125,0.2296039015054702,0.0692315325140953,-0.3498916923999786
2026-09-17T07:25:13.311977,1789629913311977500,57.1019775390625,0.0870643258094787,-0.0988621339201927,-0.3267741203308105
2026-09-17T07:25:13.321937,1789629913321937400,57.1119375,-0.0681356415152549,-0.2863707840442657,-0.2997843325138092
2026-09-17T07:25:13.331896,1789629913331896300,57.12189624023438,-0.2199328988790512,-0.4255755245685577,-0.30973681807518
2026-09-17T07:25:13.341856,1789629913341856500,57.1318564453125,-0.332153707742691,-0.4812587797641754,-0.3670570850372314
2026-09-17T07:25:13.351816,1789629913351816400,57.14181640625,-0.4040223062038421,-0.4353991448879242,-0.4529890418052673
2026-09-17T07:25:13.361775,1789629913361775400,57.151775390625,-0.4289686679840088,-0.2811499238014221,-0.5490726828575134
2026-09-17T07:25:13.371735,1789629913371735300,57.1617353515625,-0.4068122208118438,-0.0496325343847274,-0.6239727735519409
2026-09-17T07:25:13.381695,1789629913381695500,57.17169555664063,-0.3464064002037048,0.1311348527669906,-0.6644043326377869
2026-09-17T07:25:13.391654,1789629913391654400,57.181654296875,-0.258668303489685,0.2561255097389221,-0.6455749869346619
2026-09-17T07:25:13.401614,1789629913401614300,57.1916142578125,-0.1527844816446304,0.298570454120636,-0.5629328489303589
2026-09-17T07:25:13.411574,1789629913411574300,57.20157421875,-0.0234227683395147,0.2756201326847076,-0.4352199137210846
2026-09-17T07:25:13.421533,1789629913421533400,57.21153344726562,0.1023215800523758,0.1975793838500976,-0.3072832524776459
2026-09-17T07:25:13.431493,1789629913431493600,57.22149365234375,0.21598581969738,0.0866691172122955,-0.2089734524488449
2026-09-17T07:25:13.441452,1789629913441452500,57.23145263671875,0.3103559911251068,-0.0015443670563399,-0.1588751375675201
2026-09-17T07:25:13.451412,1789629913451412500,57.24141259765625,0.3580470979213714,-0.0540658980607986,-0.1712977141141891
2026-09-17T07:25:13.461372,1789629913461372400,57.25137231445313,0.3416523933410644,-0.0885293334722518,-0.2334279268980026
2026-09-17T07:25:13.471331,1789629913471331300,57.261331298828125,0.2643080949783325,-0.1126700863242149,-0.3181755840778351
2026-09-17T07:25:13.481291,1789629913481291300,57.271291259765626,0.1486339420080185,-0.1108516827225685,-0.3718646466732025
2026-09-17T07:25:13.491251,1789629913491251500,57.28125146484375,0.0239948146045207,-0.0891346707940101,-0.3738787770271301
2026-09-17T07:25:13.501210,1789629913501210400,57.29121044921875,-0.0820738300681114,-0.0510831587016582,-0.3514496386051178
2026-09-17T07:25:13.511170,1789629913511170300,57.30117041015625,-0.1418609917163849,-0.0240464806556701,-0.3213506042957306
2026-09-17T07:25:13.521130,1789629913521130200,57.31113012695312,-0.1687133908271789,0.0007310376968234,-0.3065189123153686
2026-09-17T07:25:13.531089,1789629913531089400,57.32108935546875,-0.1690582633018493,0.0191627759486436,-0.299092173576355
2026-09-17T07:25:13.541049,1789629913541049600,57.33104956054687,-0.1575946807861328,0.0176461059600114,-0.2929429113864898
2026-09-17T07:25:13.551009,1789629913551009500,57.341009521484374,-0.149471253156662,0.002583266235888,-0.2943152487277984
2026-09-17T07:25:13.560968,1789629913560968400,57.35096850585938,-0.1531711816787719,-0.0195601191371679,-0.2923040390014648
2026-09-17T07:25:13.570928,1789629913570928400,57.36092846679688,-0.170237511396408,-0.0143083650618791,-0.2622462511062622
2026-09-17T07:25:13.580888,1789629913580888600,57.370888671875,-0.1793902665376663,0.0378270074725151,-0.2010244578123092
2026-09-17T07:25:13.590848,1789629913590848500,57.3808486328125,-0.1690960824489593,0.1041226759552955,-0.1345130652189254
2026-09-17T07:25:13.600807,1789629913600807400,57.39080737304688,-0.1398364603519439,0.1769010126590728,-0.0663390755653381
2026-09-17T07:25:13.610767,1789629913610767400,57.400767333984376,-0.0957837849855423,0.21271413564682,-0.0173949692398309
2026-09-17T07:25:13.620726,1789629913620726300,57.41072631835937,-0.0327456966042518,0.2028726786375045,0.0203931555151939
2026-09-17T07:25:13.630686,1789629913630686500,57.4206865234375,0.0492117553949356,0.1824691444635391,0.0443192608654499
2026-09-17T07:25:13.640646,1789629913640646400,57.430646484375,0.1340067982673645,0.1587177366018295,0.0621744245290756
2026-09-17T07:25:13.650605,1789629913650605600,57.44060546875,0.1863810569047927,0.0913919657468795,0.0790498107671737
2026-09-17T07:25:13.660565,1789629913660565500,57.4505654296875,0.1926152557134628,-0.0293845199048519,0.0832908973097801
2026-09-17T07:25:13.670525,1789629913670525400,57.460525390625,0.1540058106184005,-0.150740772485733,0.0781499296426773
2026-09-17T07:25:13.680484,1789629913680484400,57.470484375,0.076323002576828,-0.2383390665054321,0.0601379051804542
2026-09-17T07:25:13.690444,1789629913690444500,57.48044458007813,-0.0394363552331924,-0.3145235776901245,0.0207055453211069
2026-09-17T07:25:13.700404,1789629913700404500,57.49040454101562,-0.1648949384689331,-0.3199076950550079,-0.020640030503273
2026-09-17T07:25:13.710363,1789629913710363400,57.50036328125,-0.2678309082984924,-0.2621607780456543,-0.0472713746130466
2026-09-17T07:25:13.720323,1789629913720323300,57.5103232421875,-0.3327790200710296,-0.1720079779624939,-0.0682227313518524
2026-09-17T07:25:13.730283,1789629913730283500,57.520283447265626,-0.3540757894515991,-0.0882813930511474,-0.0819212347269058
2026-09-17T07:25:13.740242,1789629913740242400,57.53024243164062,-0.3349396288394928,-0.0212182030081748,-0.0804897844791412
2026-09-17T07:25:13.750202,1789629913750202400,57.54020239257813,-0.2740086615085602,0.0141150197014212,-0.0643353164196014
2026-09-17T07:25:13.760162,1789629913760162300,57.550162353515624,-0.1892937570810318,0.0107506485655903,-0.0321110635995864
2026-09-17T07:25:13.770121,1789629913770121200,57.56012133789063,-0.0798583477735519,-0.0109929963946342,0.0195619836449623
2026-09-17T07:25:13.780081,1789629913780081400,57.57008129882813,0.048447161912918,0.0078555261716246,0.0812913924455642
2026-09-17T07:25:13.790041,1789629913790041300,57.58004125976562,0.1856444329023361,0.0612551011145114,0.1355991065502166
2026-09-17T07:25:13.800000,1789629913800000500,57.59000048828125,0.3082912564277649,0.1086529791355133,0.1697150021791458
2026-09-17T07:25:13.809960,1789629913809960400,57.59996044921875,0.397457093000412,0.1173175722360611,0.1943167448043823
2026-09-17T07:25:13.819920,1789629913819920400,57.60992041015625,0.4374018311500549,0.0712882950901985,0.2100033015012741
2026-09-17T07:25:13.829879,1789629913829879600,57.619879638671875,0.4196995496749878,-0.0604273900389671,0.2144225537776947
2026-09-17T07:25:13.839839,1789629913839839500,57.629839599609376,0.3630522489547729,-0.2358684539794922,0.2096778601408004
2026-09-17T07:25:13.849799,1789629913849799400,57.63979931640625,0.2983701825141907,-0.3616916239261627,0.1920282989740371
2026-09-17T07:25:13.859758,1789629913859758300,57.64975830078125,0.2495794743299484,-0.404365062713623,0.1614197790622711
2026-09-17T07:25:13.869718,1789629913869718300,57.65971826171875,0.2328191399574279,-0.3911153078079223,0.1118349209427833
2026-09-17T07:25:13.879678,1789629913879678500,57.669678466796874,0.2379550337791443,-0.3564736843109131,0.0416156202554702
2026-09-17T07:25:13.889637,1789629913889637400,57.67963745117188,0.2261788100004196,-0.3030408322811126,-0.0543521866202354
2026-09-17T07:25:13.899597,1789629913899597300,57.68959741210937,0.1508526355028152,-0.2424022555351257,-0.1437084376811981
2026-09-17T07:25:13.909557,1789629913909557200,57.69955712890625,0.0021787320729345,-0.1774466931819915,-0.2104251384735107
2026-09-17T07:25:13.919516,1789629913919516400,57.70951635742187,-0.1863325983285904,-0.1035863161087036,-0.2356021404266357
2026-09-17T07:25:13.929476,1789629913929476600,57.7194765625,-0.3623885810375213,-0.0345193594694137,-0.2001125812530517
2026-09-17T07:25:13.939436,1789629913939436500,57.7294365234375,-0.4899784922599792,-0.0094403736293315,-0.1344693899154663
2026-09-17T07:25:13.949395,1789629913949395500,57.7393955078125,-0.5675044655799866,-0.0537894628942012,-0.0796045511960983
2026-09-17T07:25:13.959355,1789629913959355400,57.74935546875,-0.5917493104934692,-0.126067116856575,-0.0531013011932373
2026-09-17T07:25:13.969315,1789629913969315600,57.75931567382813,-0.5673528909683228,-0.1928733140230178,-0.0499784797430038
2026-09-17T07:25:13.979274,1789629913979274500,57.7692744140625,-0.4910128712654114,-0.2457591593265533,-0.0569213405251503
2026-09-17T07:25:13.989234,1789629913989234400,57.779234375,-0.3627286553382873,-0.2559553384780884,-0.0604862459003925
2026-09-17T07:25:13.999194,1789629913999194400,57.7891943359375,-0.1798238307237625,-0.1679959297180175,-0.0504959300160408
2026-09-17T07:25:14.009153,1789629914009153300,57.7991533203125,0.0482852421700954,0.0122201805934309,-0.0255415793508291
2026-09-17T07:25:14.019113,1789629914019113200,57.80911328125,0.28459233045578,0.2090432345867157,0.0186011139303445
2026-09-17T07:25:14.029073,1789629914029073400,57.81907348632812,0.4802134931087494,0.2838210761547088,0.0811832696199417
2026-09-17T07:25:14.039032,1789629914039032600,57.829032470703126,0.5958197116851807,0.2087902277708053,0.1509690135717392
2026-09-17T07:25:14.048992,1789629914048992500,57.83899243164063,0.623374342918396,0.0720614120364189,0.2200921475887298
2026-09-17T07:25:14.058952,1789629914058952400,57.84895239257813,0.5787256956100464,-0.1170414015650749,0.2618981897830963
2026-09-17T07:25:14.068911,1789629914068911400,57.85891137695312,0.4817567765712738,-0.3061711192131042,0.2658897340297699
2026-09-17T07:25:14.078871,1789629914078871600,57.86887158203125,0.3542148172855377,-0.4510454833507538,0.2348263561725616
2026-09-17T07:25:14.088831,1789629914088831500,57.87883154296875,0.2060687392950058,-0.5158039927482605,0.1824654191732406
2026-09-17T07:25:14.098790,1789629914098790400,57.88879028320312,0.0656490474939346,-0.464740514755249,0.1410402059555053
2026-09-17T07:25:14.108750,1789629914108750300,57.89875024414062,-0.0489198714494705,-0.3447397947311401,0.1164938583970069
2026-09-17T07:25:14.118710,1789629914118710500,57.90871044921875,-0.1300831735134124,-0.2098837196826934,0.1068236529827117
2026-09-17T07:25:14.128669,1789629914128669400,57.91866943359375,-0.1777407079935073,-0.0951307788491249,0.1057527959346771
2026-09-17T07:25:14.138629,1789629914138629400,57.92862939453125,-0.1951575130224228,-0.0077750985510647,0.0991385653614997
2026-09-17T07:25:14.148589,1789629914148589300,57.93858935546875,-0.1866921186447143,0.0544294193387031,0.089911513030529
2026-09-17T07:25:14.158548,1789629914158548500,57.948548583984376,-0.1578207910060882,0.0750606656074523,0.0747112557291984
2026-09-17T07:25:14.168508,1789629914168508400,57.95850830078125,-0.1123196184635162,0.0913309752941131,0.0672962144017219
2026-09-17T07:25:14.178468,1789629914178468400,57.96846826171875,-0.0573573000729084,0.1111531555652618,0.0675718560814857
2026-09-17T07:25:14.188427,1789629914188427500,57.978427490234374,-0.0112569155171513,0.1143795698881149,0.0793715193867683
2026-09-17T07:25:14.198387,1789629914198387500,57.988387451171874,0.0227109044790267,0.0848709493875503,0.1137819588184356
2026-09-17T07:25:14.208347,1789629914208347400,57.998347412109375,0.0505068488419055,0.0606992989778518,0.1699727922677993
2026-09-17T07:25:14.218306,1789629914218306300,58.00830639648437,0.0714614018797874,0.0560140013694763,0.2110408693552017
2026-09-17T07:25:14.228266,1789629914228266500,58.0182666015625,0.0827084630727768,0.0698291510343551,0.2157171070575714
2026-09-17T07:25:14.238226,1789629914238226400,58.02822631835937,0.0839502960443496,0.1360020488500595,0.1984728723764419
2026-09-17T07:25:14.248185,1789629914248185300,58.03818530273438,0.0880180075764656,0.1808667182922363,0.1676137596368789
2026-09-17T07:25:14.258145,1789629914258145300,58.04814526367188,0.0967925861477851,0.2441098690032959,0.1263560801744461
2026-09-17T07:25:14.268105,1789629914268105200,58.05810522460938,0.0937973335385322,0.2876309752464294,0.0895274877548217
2026-09-17T07:25:14.278064,1789629914278064000,58.068064208984374,0.0418105646967887,0.2856155037879944,0.0643651410937309
2026-09-17T07:25:14.288024,1789629914288024300,58.0780244140625,-0.0716741830110549,0.2190412729978561,0.0401932261884212
2026-09-17T07:25:14.297984,1789629914297984300,58.087984375,-0.2154856771230697,0.1211088448762893,0.0287440307438373
2026-09-17T07:25:14.307943,1789629914307943400,58.097943359375,-0.3398611545562744,0.0119344238191843,0.025718679651618
2026-09-17T07:25:14.317903,1789629914317903400,58.1079033203125,-0.3912346065044403,-0.0568670108914375,0.0302894618362188
2026-09-17T07:25:14.327863,1789629914327863300,58.11786328125,-0.3580686748027801,-0.0695386007428169,0.0304393991827964
2026-09-17T07:25:14.337822,1789629914337822500,58.12782250976562,-0.2455703467130661,-0.0107160275802016,0.0365500226616859
2026-09-17T07:25:14.347782,1789629914347782400,58.13778247070312,-0.091021254658699,0.0797166675329208,0.0572102926671505
2026-09-17T07:25:14.357742,1789629914357742300,58.14774243164062,0.0548142455518245,0.1280383914709091,0.093412771821022
2026-09-17T07:25:14.367701,1789629914367701200,58.157701171875,0.1430311948060989,0.1316610872745514,0.1376366913318634
2026-09-17T07:25:14.377661,1789629914377661200,58.1676611328125,0.1628778725862503,0.1162909194827079,0.1746263951063156
2026-09-17T07:25:14.387621,1789629914387621400,58.17762133789063,0.1350534260272979,0.1072825118899345,0.2050080150365829
2026-09-17T07:25:14.397580,1789629914397580300,58.187580322265624,0.0904417484998703,0.096467949450016,0.2233958095312118
2026-09-17T07:25:14.407540,1789629914407540200,58.197540283203125,0.0606473684310913,0.0839367136359214,0.2175730615854263
2026-09-17T07:25:14.417500,1789629914417500200,58.207500244140626,0.0497979149222373,0.0786111876368522,0.1972116082906723
2026-09-17T07:25:14.427459,1789629914427459300,58.21745922851562,0.0645480975508689,0.0835271179676055,0.1864042282104492
2026-09-17T07:25:14.437419,1789629914437419500,58.22741943359375,0.0870898962020874,0.0637906938791275,0.1729685813188552
2026-09-17T07:25:14.447379,1789629914447379500,58.23737939453125,0.0971510484814643,0.0097402455285191,0.1556492447853088
2026-09-17T07:25:14.457338,1789629914457338400,58.24733837890625,0.0891602337360382,-0.053823284804821,0.1429523676633834
2026-09-17T07:25:14.467298,1789629914467298300,58.25729833984375,0.0675513446331024,-0.0894161686301231,0.1403461843729019
2026-09-17T07:25:14.477258,1789629914477258500,58.26725854492187,0.0461184941232204,-0.0996520221233367,0.141291081905365
2026-09-17T07:25:14.487217,1789629914487217400,58.27721752929688,0.0466668382287025,-0.060255616903305,0.1327947974205017
2026-09-17T07:25:14.497177,1789629914497177300,58.28717724609375,0.0840357840061187,-0.0025494440924376,0.1320981085300445
2026-09-17T07:25:14.507137,1789629914507137300,58.29713720703125,0.1621502935886383,0.0634407550096511,0.1432828605175018
2026-09-17T07:25:14.517096,1789629914517096200,58.30709619140625,0.26524418592453,0.1125904619693756,0.1573792397975921
2026-09-17T07:25:14.527056,1789629914527056100,58.31705615234375,0.3567940890789032,0.0868984162807464,0.1576926857233047
2026-09-17T07:25:14.537016,1789629914537016300,58.32701635742187,0.3974429666996002,0.003695135936141,0.1295683830976486
2026-09-17T07:25:14.546975,1789629914546975500,58.3369755859375,0.3742228746414184,-0.0414041653275489,0.0745820924639701
2026-09-17T07:25:14.556935,1789629914556935400,58.34693530273437,0.2899271547794342,-0.0545977316796779,-0.0009131979313679
2026-09-17T07:25:14.566895,1789629914566895400,58.35689526367187,0.1618994176387787,-0.0626545920968055,-0.0948346331715583
2026-09-17T07:25:14.576854,1789629914576854300,58.36685424804688,0.0209516212344169,-0.0410555563867092,-0.1899752616882324
2026-09-17T07:25:14.586814,1789629914586814500,58.376814453125,-0.1202161535620689,-0.0318958796560764,-0.2412903755903244
2026-09-17T07:25:14.596774,1789629914596774400,58.3867744140625,-0.2651728093624115,-0.0550350211560726,-0.2185027748346328
2026-09-17T07:25:14.606733,1789629914606733300,58.3967333984375,-0.3904716074466705,-0.0757823809981346,-0.1109630018472671
2026-09-17T07:25:14.616693,1789629914616693200,58.406693359375,-0.457190454006195,-0.0385822802782058,0.0283062066882848
2026-09-17T07:25:14.626653,1789629914626653400,58.4166533203125,-0.4315716326236725,0.0884955078363418,0.1486374139785766
2026-09-17T07:25:14.636612,1789629914636612400,58.4266123046875,-0.3203071653842926,0.2628340125083923,0.2190857380628585
2026-09-17T07:25:14.646572,1789629914646572300,58.436572265625,-0.1696220487356186,0.4294637441635132,0.2270438075065612
2026-09-17T07:25:14.656532,1789629914656532200,58.4465322265625,-0.0236685778945684,0.5650902986526489,0.2012393623590469
2026-09-17T07:25:14.666491,1789629914666491400,58.45649145507812,0.0923975780606269,0.6383975148200989,0.1761944741010666
2026-09-17T07:25:14.676451,1789629914676451300,58.46645141601562,0.1714170277118683,0.6157883405685425,0.1682808846235275
2026-09-17T07:25:14.686411,1789629914686411300,58.47641137695312,0.2294646203517913,0.5105934739112854,0.1685892790555954
2026-09-17T07:25:14.696370,1789629914696370400,58.48637036132813,0.275485634803772,0.359013020992279,0.1737163960933685
2026-09-17T07:25:14.706330,1789629914706330400,58.49633032226563,0.307717889547348,0.1981937736272812,0.193232849240303
2026-09-17T07:25:14.716290,1789629914716290300,58.50629028320313,0.3206696212291717,0.0124145913869142,0.2179003655910492
2026-09-17T07:25:14.726249,1789629914726249200,58.516249267578125,0.3102670609951019,-0.1535322964191436,0.2475282996892929
2026-09-17T07:25:14.736209,1789629914736209400,58.52620947265625,0.2821856141090393,-0.2264371365308761,0.2497797459363937
2026-09-17T07:25:14.746168,1789629914746168300,58.53616821289062,0.2176108807325363,-0.2287383675575256,0.1976411789655685
2026-09-17T07:25:14.756128,1789629914756128300,58.54612817382812,0.1201740801334381,-0.1883251667022705,0.0936860144138336
2026-09-17T07:25:14.766088,1789629914766088200,58.55608813476562,0.0025206820573657,-0.1398007720708847,-0.044914212077856
2026-09-17T07:25:14.776047,1789629914776047000,58.56604711914063,-0.132394790649414,-0.0804407820105552,-0.2112435400485992
2026-09-17T07:25:14.786007,1789629914786007300,58.57600732421875,-0.2888499200344085,-0.0419272109866142,-0.3961817026138305
2026-09-17T07:25:14.795967,1789629914795967200,58.58596728515625,-0.4544745683670044,-0.0215724036097526,-0.5689374804496765
2026-09-17T07:25:14.805926,1789629914805926400,58.59592651367188,-0.5986341238021851,0.0285488199442625,-0.6845570206642151
2026-09-17T07:25:14.815886,1789629914815886300,58.60588623046875,-0.6667631268501282,0.1492613852024078,-0.7008014917373657
2026-09-17T07:25:14.825846,1789629914825846500,58.61584643554688,-0.640774130821228,0.2882983684539795,-0.6228063106536865
2026-09-17T07:25:14.835805,1789629914835805400,58.625805419921875,-0.5169850587844849,0.4143044948577881,-0.4914578795433044
2026-09-17T07:25:14.845765,1789629914845765400,58.635765380859375,-0.3408420085906982,0.506889283657074,-0.3296764492988586
2026-09-17T07:25:14.855725,1789629914855725300,58.64572534179688,-0.1276999115943908,0.5619764924049377,-0.1360025703907013
2026-09-17T07:25:14.865684,1789629914865684200,58.65568432617187,0.0886252075433731,0.5739687085151672,0.0468854829668998
2026-09-17T07:25:14.875644,1789629914875644400,58.66564453125,0.2846501171588897,0.5382472276687622,0.1691514700651168
2026-09-17T07:25:14.885604,1789629914885604400,58.675604248046874,0.4378601610660553,0.4773487150669098,0.2094112783670425
2026-09-17T07:25:14.895563,1789629914895563300,58.68556323242188,0.534981906414032,0.3875344097614288,0.1994726210832595
2026-09-17T07:25:14.905523,1789629914905523200,58.69552319335938,0.5821563601493835,0.3082638084888458,0.1567363440990448
2026-09-17T07:25:14.915483,1789629914915483100,58.70548315429688,0.589148998260498,0.2536860704421997,0.1017809584736824
2026-09-17T07:25:14.925442,1789629914925442300,58.7154423828125,0.5595194697380066,0.1736623346805572,0.0524205975234508
2026-09-17T07:25:14.935402,1789629914935402500,58.72540258789063,0.4953927099704742,0.0514962151646614,-0.0038634478114545
2026-09-17T07:25:14.945362,1789629914945362400,58.73536254882813,0.401943176984787,-0.1083387210965156,-0.0693010464310646
2026-09-17T07:25:14.955321,1789629914955321300,58.7453212890625,0.2927511632442474,-0.2502596378326416,-0.1218939498066902
2026-09-17T07:25:14.965281,1789629914965281300,58.75528125,0.1888117343187332,-0.3519047796726227,-0.1498520821332931
2026-09-17T07:25:14.975241,1789629914975241500,58.765241455078126,0.1050028502941131,-0.3817444443702698,-0.1569544672966003
2026-09-17T07:25:14.985200,1789629914985200400,58.77520043945312,0.0361058078706264,-0.3431768119335174,-0.1600815504789352
2026-09-17T07:25:14.995160,1789629914995160300,58.78516040039062,-0.0262361317873001,-0.2891255617141723,-0.1767350882291793
2026-09-17T07:25:15.005120,1789629915005120300,58.79512036132813,-0.0963531658053398,-0.2651594877243042,-0.2170937061309814
2026-09-17T07:25:15.015079,1789629915015079200,58.8050791015625,-0.1463755816221237,-0.2410080879926681,-0.2479693293571472
2026-09-17T07:25:15.025039,1789629915025039400,58.81503930664063,-0.1613345593214035,-0.1881038546562194,-0.2593300938606262
2026-09-17T07:25:15.034999,1789629915034999300,58.82499926757812,-0.1381930261850357,-0.1076311245560646,-0.2440699189901352
2026-09-17T07:25:15.044958,1789629915044958500,58.83495849609375,-0.0919746607542038,-0.0402909629046916,-0.2061896473169326
2026-09-17T07:25:15.054918,1789629915054918400,58.84491845703125,-0.0238286331295967,-0.0255415793508291,-0.1496089249849319
2026-09-17T07:25:15.064878,1789629915064878300,58.85487841796875,0.0568654127418994,-0.0519798435270786,-0.0797576829791069
2026-09-17T07:25:15.074837,1789629915074837200,58.86483715820312,0.1407158374786377,-0.09562399238348,-0.0144100980833172
2026-09-17T07:25:15.084797,1789629915084797400,58.87479736328125,0.2109593749046325,-0.1706175506114959,0.0126918265596032
2026-09-17T07:25:15.094757,1789629915094757400,58.88475732421875,0.2613439857959747,-0.2589122653007507,0.0091610075905919
2026-09-17T07:25:15.104716,1789629915104716300,58.89471630859375,0.2720083594322204,-0.3355777263641357,-0.007653126027435
2026-09-17T07:25:15.114676,1789629915114676200,58.90467626953125,0.2315546572208404,-0.3972671926021576,-0.0202402900904417
2026-09-17T07:25:15.124636,1789629915124636400,58.914636474609374,0.1452586650848388,-0.4179072380065918,-0.0293525625020265
2026-09-17T07:25:15.134595,1789629915134595300,58.92459521484375,0.0410726033151149,-0.328039139509201,-0.0320151895284652
2026-09-17T07:25:15.144555,1789629915144555300,58.93455517578125,-0.0636271759867668,-0.2178345918655395,-0.0326162651181221
2026-09-17T07:25:15.154515,1789629915154515200,58.94451513671875,-0.1711986511945724,-0.1323439180850982,-0.0463379360735416
2026-09-17T07:25:15.164474,1789629915164474400,58.954474365234375,-0.2769977748394012,-0.0734526440501213,-0.0684096813201904
2026-09-17T07:25:15.174434,1789629915174434300,58.96443432617187,-0.3767102658748626,-0.0543854758143425,-0.0982940793037414
2026-09-17T07:25:15.184394,1789629915184394200,58.97439428710938,-0.4737262725830078,-0.075081966817379,-0.1317982375621795
2026-09-17T07:25:15.194353,1789629915194353400,58.984353515625,-0.5392912030220032,-0.1078021004796028,-0.1486909389495849
2026-09-17T07:25:15.204313,1789629915204313300,58.994313232421874,-0.5562422275543213,-0.1510531604290008,-0.1199327930808067
2026-09-17T07:25:15.214273,1789629915214273300,59.004273193359374,-0.5255668759346008,-0.2053579539060592,-0.034180074930191
2026-09-17T07:25:15.224232,1789629915224232400,59.014232421875,-0.4790315628051758,-0.2637256383895874,0.091421790421009
2026-09-17T07:25:15.234192,1789629915234192400,59.0241923828125,-0.4515855610370636,-0.3326786160469055,0.1982670128345489
2026-09-17T07:25:15.244152,1789629915244152300,59.03415234375,-0.4478792548179626,-0.3453342318534851,0.2776654362678528
2026-09-17T07:25:15.254111,1789629915254111200,59.044111328125,-0.4234985411167145,-0.240285575389862,0.3532073199748993
2026-09-17T07:25:15.264071,1789629915264071200,59.0540712890625,-0.3694259822368622,-0.0426265560090541,0.4016699492931366
2026-09-17T07:25:15.274032,1789629915274032000,59.0640322265625,-0.2664916217327118,0.1682870090007782,0.4223685562610626
2026-09-17T07:25:15.283991,1789629915283991000,59.07399096679688,-0.1246324777603149,0.3315121531486511,0.4120852947235107
2026-09-17T07:25:15.293951,1789629915293951200,59.083951171875,0.0304356701672077,0.40059295296669,0.3824174106121063
2026-09-17T07:25:15.303911,1789629915303911200,59.0939111328125,0.1531509310007095,0.367159903049469,0.3711287975311279
2026-09-17T07:25:15.313870,1789629915313870000,59.1038701171875,0.2281016111373901,0.2256323248147964,0.3994515240192413
2026-09-17T07:25:15.323830,1789629915323830000,59.113830078125,0.2515874803066253,0.0583072490990161,0.4249574244022369
2026-09-17T07:25:15.333790,1789629915333790000,59.1237900390625,0.2521113455295563,-0.1115755289793014,0.4233800172805786
2026-09-17T07:25:15.343749,1789629915343749000,59.1337490234375,0.2573828101158142,-0.2443346381187439,0.3803526759147644
2026-09-17T07:25:15.353709,1789629915353709300,59.143709228515625,0.2748776376247406,-0.3109996914863586,0.3014530539512634
2026-09-17T07:25:15.363669,1789629915363669200,59.153669189453126,0.2961837351322174,-0.3125086426734924,0.2040964066982269
2026-09-17T07:25:15.373628,1789629915373628200,59.16362817382812,0.2979403436183929,-0.2956958413124084,0.1035207957029342
2026-09-17T07:25:15.383588,1789629915383588000,59.17358813476562,0.2629373669624328,-0.2896624505519867,0.0253474339842796
2026-09-17T07:25:15.393548,1789629915393548300,59.18354833984375,0.1874535232782364,-0.2990458309650421,-0.0263455864042043
2026-09-17T07:25:15.403507,1789629915403507200,59.19350708007813,0.0615160912275314,-0.3441464602947235,-0.0611461773514747
2026-09-17T07:25:15.413467,1789629915413467100,59.20346704101563,-0.0943395495414733,-0.413522869348526,-0.0846035704016685
2026-09-17T07:25:15.423427,1789629915423427000,59.21342700195312,-0.2570552229881286,-0.4547118544578552,-0.0864560604095459
2026-09-17T07:25:15.433386,1789629915433386000,59.223385986328125,-0.3732305765151977,-0.4321141242980957,-0.0734869986772537
2026-09-17T07:25:15.443346,1789629915443346200,59.23334619140625,-0.4172302484512329,-0.3533087968826294,-0.0648458451032638
2026-09-17T07:25:15.453306,1789629915453306000,59.24330615234375,-0.3722686469554901,-0.1843413412570953,-0.0613080970942974
2026-09-17T07:25:15.463265,1789629915463265300,59.253265380859375,-0.2467362731695175,0.0027859327383339,-0.0528283268213272
2026-09-17T07:25:15.473225,1789629915473225200,59.26322509765625,-0.0748848915100097,0.138014331459999,-0.041323471814394
2026-09-17T07:25:15.483185,1789629915483185200,59.27318505859375,0.1008981168270111,0.1889978796243667,-0.0374453775584697
2026-09-17T07:25:15.493144,1789629915493144300,59.28314428710937,0.2498412579298019,0.1545906364917755,-0.0369183383882045
2026-09-17T07:25:15.503104,1789629915503104300,59.29310424804687,0.3512802720069885,0.0998299270868301,-0.0349483974277973
2026-09-17T07:25:15.513064,1789629915513064200,59.303064208984374,0.4120586514472961,0.0535242110490798,-0.0241636596620082
2026-09-17T07:25:15.523023,1789629915523023000,59.31302319335938,0.434931218624115,0.0313792265951633,-0.0081846928223967
2026-09-17T07:25:15.532983,1789629915532983000,59.32298315429688,0.4255646169185638,0.0009760485263541,0.0079924128949642
2026-09-17T07:25:15.542943,1789629915542943200,59.33294311523437,0.3947521150112152,-0.0093684680759906,0.0246630012989044
2026-09-17T07:25:15.552902,1789629915552902100,59.342902099609375,0.3529207706451416,-0.042816437780857,0.036333505064249
2026-09-17T07:25:15.562862,1789629915562862000,59.35286206054688,0.2904909551143646,-0.0531577616930007,0.036278910934925
2026-09-17T07:25:15.572822,1789629915572822000,59.36282202148438,0.2026604264974594,-0.0480764470994472,0.0230714976787567
2026-09-17T07:25:15.582781,1789629915582781200,59.37278125,0.0952021479606628,-0.0421053767204284,-0.0023614249657839
2026-09-17T07:25:15.592741,1789629915592741400,59.382741455078126,-0.0210078135132789,-0.0395396873354911,-0.0335800647735595
2026-09-17T07:25:15.602701,1789629915602701300,59.392701416015626,-0.1201533079147338,-0.0432454757392406,-0.0619254186749458
2026-09-17T07:25:15.612660,1789629915612660200,59.40266015625,-0.1838704943656921,-0.0581738241016864,-0.0822085887193679
2026-09-17T07:25:15.622620,1789629915622620200,59.4126201171875,-0.1967125236988067,-0.0599573440849781,-0.0882406458258628
2026-09-17T07:25:15.632580,1789629915632580000,59.422580078125,-0.1587446331977844,-0.0645052269101142,-0.0761677399277687
2026-09-17T07:25:15.642539,1789629915642539300,59.43253930664063,-0.1003476455807685,-0.1210182979702949,-0.0536033064126968
2026-09-17T07:25:15.652499,1789629915652499200,59.44249926757813,-0.0446630753576755,-0.1910988539457321,-0.0120273679494857
2026-09-17T07:25:15.662459,1789629915662459100,59.45245922851562,0.0106350677087903,-0.2161818295717239,0.0460487194359302
2026-09-17T07:25:15.672418,1789629915672418000,59.46241796875,0.0622207634150981,-0.2133213281631469,0.1004573628306388
2026-09-17T07:25:15.682378,1789629915682378000,59.4723779296875,0.1082130223512649,-0.1974331736564636,0.1177838891744613
2026-09-17T07:25:15.692337,1789629915692337200,59.48233715820312,0.1485774964094162,-0.1458032727241516,0.1068279147148132
2026-09-17T07:25:15.702297,1789629915702297000,59.49229711914062,0.1852233856916427,-0.0791419595479965,0.0866451486945152
2026-09-17T07:25:15.712257,1789629915712257000,59.50225708007813,0.2145980447530746,-0.0302628315985202,0.064915083348751
2026-09-17T07:25:15.722216,1789629915722216200,59.51221630859375,0.2234400063753128,-0.0130201941356062,0.046467900276184
2026-09-17T07:25:15.732176,1789629915732176100,59.52217602539063,0.2143660932779312,-0.0316868238151073,0.0430020615458488
2026-09-17T07:25:15.742136,1789629915742136300,59.53213623046875,0.1874362081289291,-0.0511840917170047,0.0552510060369968
2026-09-17T07:25:15.752095,1789629915752095200,59.54209521484375,0.1494949460029602,-0.0617919936776161,0.067475713789463
2026-09-17T07:25:15.762055,1789629915762055200,59.55205517578125,0.1257901489734649,-0.0493246726691722,0.0854776129126548
2026-09-17T07:25:15.772015,1789629915772015000,59.56201513671875,0.1292237639427185,0.014257232658565,0.108358696103096
2026-09-17T07:25:15.781974,1789629915781974000,59.57197412109375,0.1503048092126846,0.1023964136838913,0.1430152058601379
2026-09-17T07:25:15.791934,1789629915791934200,59.58193432617187,0.1836438626050949,0.1500792503356933,0.1834209561347961
2026-09-17T07:25:15.801894,1789629915801894100,59.59189404296875,0.2212468981742859,0.1663996279239654,0.2247494906187057
2026-09-17T07:25:15.811853,1789629915811853000,59.60185302734375,0.2516292929649353,0.1565307527780532,0.2524058818817138
2026-09-17T07:25:15.821813,1789629915821813000,59.61181298828125,0.2435058653354644,0.1066092699766159,0.2432304918766021
2026-09-17T07:25:15.831773,1789629915831773000,59.62177294921875,0.1679543852806091,0.0233402103185653,0.1768485456705093
2026-09-17T07:25:15.841732,1789629915841732400,59.631732421875,0.0212413724511861,-0.0545529909431934,0.0567988343536853
2026-09-17T07:25:15.851692,1789629915851692300,59.6416923828125,-0.1756298840045929,-0.0636226534843444,-0.0939930751919746
2026-09-17T07:25:15.861652,1789629915861652200,59.65165234375,-0.3842856287956238,-0.0035459990613162,-0.2468273639678955
2026-09-17T07:25:15.871611,1789629915871611100,59.661611083984376,-0.5617448091506958,0.0652346611022949,-0.3544270694255829
2026-09-17T07:25:15.881571,1789629915881571000,59.67157104492187,-0.675511360168457,0.1685139089822769,-0.3997535407543182
2026-09-17T07:25:15.891531,1789629915891531300,59.68153125,-0.6886188983917236,0.2820420861244201,-0.3852310478687286
2026-09-17T07:25:15.901490,1789629915901490200,59.691490234375,-0.5859766602516174,0.4078380763530731,-0.3214347660541534
2026-09-17T07:25:15.911450,1789629915911450000,59.7014501953125,-0.3833015859127044,0.5003064870834351,-0.2427844107151031
2026-09-17T07:25:15.921410,1789629915921410000,59.71141015625,-0.1242316737771034,0.4879307746887207,-0.1714290082454681
2026-09-17T07:25:15.931369,1789629915931369000,59.72136889648438,0.1145244464278221,0.3280330002307892,-0.1403419375419616
2026-09-17T07:25:15.941329,1789629915941329200,59.7313291015625,0.3045931756496429,0.0950096026062965,-0.1486235558986663
2026-09-17T07:25:15.951289,1789629915951289000,59.7412890625,0.4219448566436767,-0.178140178322792,-0.1828052401542663
2026-09-17T07:25:15.961248,1789629915961248300,59.75124829101563,0.4748096466064453,-0.437315285205841,-0.236495092511177
2026-09-17T07:25:15.971208,1789629915971208200,59.76120825195313,0.5085061192512512,-0.5868895649909973,-0.2841715514659881
2026-09-17T07:25:15.981168,1789629915981168400,59.77116845703125,0.5326961278915405,-0.5744180083274841,-0.3162879347801208
2026-09-17T07:25:15.991127,1789629915991127300,59.781127197265626,0.5448201894760132,-0.4407241344451904,-0.3237591683864593
2026-09-17T07:25:16.001087,1789629916001087200,59.791087158203126,0.5297195315361023,-0.2354330271482467,-0.3112686574459076
2026-09-17T07:25:16.011047,1789629916011047200,59.80104711914063,0.4740274846553802,-0.0177001673728227,-0.2770246863365173
2026-09-17T07:25:16.021006,1789629916021006000,59.81100610351562,0.3717567920684814,0.1805982738733291,-0.2351976037025451
2026-09-17T07:25:16.030966,1789629916030966000,59.82096606445312,0.2311075180768966,0.3167081773281097,-0.2123111933469772
2026-09-17T07:25:16.040926,1789629916040926200,59.83092626953125,0.0690637528896331,0.3607286214828491,-0.2002603858709335
2026-09-17T07:25:16.050885,1789629916050885000,59.84088500976563,-0.0842030271887779,0.32643723487854,-0.1965727061033249
2026-09-17T07:25:16.060845,1789629916060845000,59.85084497070312,-0.2228381335735321,0.2253790646791458,-0.218018889427185
2026-09-17T07:25:16.070805,1789629916070805000,59.86080493164062,-0.3279608190059662,0.0866488739848136,-0.2676114737987518
2026-09-17T07:25:16.080764,1789629916080764200,59.87076416015625,-0.3811129927635193,0.0045476136729121,-0.3324839472770691
2026-09-17T07:25:16.090724,1789629916090724400,59.88072436523437,-0.3602117002010345,-0.0131094101816415,-0.3860286474227905
2026-09-17T07:25:16.100684,1789629916100684300,59.89068432617187,-0.2789980769157409,0.0511326938867569,-0.4128751754760742
2026-09-17T07:25:16.110643,1789629916110643200,59.90064331054688,-0.1628011614084243,0.1682124435901641,-0.3926857709884643
2026-09-17T07:25:16.120603,1789629916120603100,59.91060302734375,-0.0393522009253501,0.2855140268802643,-0.3280186057090759
2026-09-17T07:25:16.130563,1789629916130563300,59.92056323242188,0.0570390522480011,0.3654501438140869,-0.2313775569200515
2026-09-17T07:25:16.140522,1789629916140522200,59.930522216796874,0.113606721162796,0.3817095458507538,-0.1252026557922363
2026-09-17T07:25:16.150482,1789629916150482200,59.940482177734374,0.1261419504880905,0.2978623211383819,-0.0376770719885826
2026-09-17T07:25:16.160442,1789629916160442000,59.950442138671875,0.0976514592766761,0.1501029431819915,0.0159589927643537
2026-09-17T07:25:16.170401,1789629916170401000,59.96040112304688,0.0308585800230503,0.004195543937385,0.0251990966498851
2026-09-17T07:25:16.180361,1789629916180361200,59.970361328125,-0.0699670985341072,-0.127030923962593,-0.0029023129027336
2026-09-17T07:25:16.190321,1789629916190321200,59.98032104492187,-0.1896807104349136,-0.2876394987106323,-0.0672751739621162
2026-09-17T07:25:16.200280,1789629916200280000,59.99028002929688,-0.3066792488098144,-0.3667492270469665,-0.1463406980037689
2026-09-17T07:25:16.210240,1789629916210240000,60.00023999023438,-0.3893754482269287,-0.3244627714157104,-0.2018790543079376
2026-09-17T07:25:16.220200,1789629916220200000,60.01019995117188,-0.4243845641613006,-0.2287767231464386,-0.2220312058925628
2026-09-17T07:25:16.230159,1789629916230159000,60.0201591796875,-0.4164558053016662,-0.1090652346611023,-0.2125980108976364
2026-09-17T07:25:16.240119,1789629916240119300,60.03011938476563,-0.3677079677581787,0.0371686741709709,-0.1640200912952423
2026-09-17T07:25:16.250079,1789629916250079200,60.04007934570313,-0.2909308969974518,0.2010063380002975,-0.0877215936779975
2026-09-17T07:25:16.260038,1789629916260038100,60.0500380859375,-0.2170657366514206,0.3196240663528442,-0.0103304013609886
2026-09-17T07:25:16.269997,1789629916269997800,60.05999780273437,-0.1577904224395752,0.3523207604885101,0.0509113855659961
2026-09-17T07:25:16.279958,1789629916279958000,60.0699580078125,-0.1154682710766792,0.3278708159923553,0.0964133515954017
2026-09-17T07:25:16.289917,1789629916289917000,60.0799169921875,-0.0728867202997207,0.2724685370922088,0.1394502967596054
2026-09-17T07:25:16.299876,1789629916299876900,60.089876953125,-0.0159760378301143,0.2144627571105957,0.1740700602531433
2026-09-17T07:25:16.309836,1789629916309836800,60.0998369140625,0.0654202848672866,0.1644107848405838,0.1946315318346023
2026-09-17T07:25:16.319796,1789629916319796000,60.1097958984375,0.1666571646928787,0.1083328649401664,0.2080637216567993
2026-09-17T07:25:16.329756,1789629916329756000,60.119755859375,0.2461679577827453,0.0095780584961175,0.2160561382770538
2026-09-17T07:25:16.339715,1789629916339715800,60.1297158203125,0.2696996629238128,-0.1309271305799484,0.2123404890298843
2026-09-17T07:25:16.349675,1789629916349675000,60.13967504882813,0.2367089390754699,-0.2742057144641876,0.1978579610586166
2026-09-17T07:25:16.359635,1789629916359635000,60.149635009765625,0.1283901929855346,-0.4074631035327911,0.1624376475811004
2026-09-17T07:25:16.369595,1789629916369595000,60.159594970703125,-0.0322111994028091,-0.4832055568695068,0.0916146039962768
2026-09-17T07:25:16.379553,1789629916379553800,60.1695537109375,-0.1932916939258575,-0.4293857216835022,0.0057977014221251
2026-09-17T07:25:16.389514,1789629916389514000,60.17951391601562,-0.3069559335708618,-0.2704826295375824,-0.0810522437095642
2026-09-17T07:25:16.399474,1789629916399474000,60.18947387695312,-0.3635331988334656,-0.0761040896177291,-0.1591915190219879
2026-09-17T07:25:16.409432,1789629916409432800,60.19943286132813,-0.3692150712013244,0.0909091308712959,-0.1984486430883407
2026-09-17T07:25:16.419392,1789629916419392800,60.20939282226563,-0.3438455164432525,0.1978638172149658,-0.1869283467531204
2026-09-17T07:25:16.429353,1789629916429353000,60.21935302734375,-0.2904669940471649,0.2578874826431274,-0.1390644162893295
2026-09-17T07:25:16.439312,1789629916439312000,60.229311767578125,-0.2269218266010284,0.2624662518501282,-0.0954900383949279
2026-09-17T07:25:16.449271,1789629916449271800,60.239271728515625,-0.1751337349414825,0.2106704264879226,-0.0762004926800727
2026-09-17T07:25:16.459231,1789629916459231700,60.249231689453126,-0.1500728577375412,0.1160813346505165,-0.0873868390917778
2026-09-17T07:25:16.469191,1789629916469191000,60.25919091796875,-0.1623857170343399,-0.0279714465141296,-0.1066087335348129
2026-09-17T07:25:16.479151,1789629916479151000,60.269151123046875,-0.2014801204204559,-0.1639537811279297,-0.1236447095870971
2026-09-17T07:25:16.489110,1789629916489110000,60.27911010742187,-0.2312643826007843,-0.2607735395431518,-0.1063818335533142
2026-09-17T07:25:16.499070,1789629916499070000,60.28907006835937,-0.2257590889930725,-0.3097213804721832,-0.0701974630355835
2026-09-17T07:25:16.509030,1789629916509030000,60.29902978515625,-0.1626123487949371,-0.2570770680904388,-0.0072906697168946
2026-09-17T07:25:16.518988,1789629916518988800,60.30898876953125,-0.0235639158636331,-0.1475079655647277,0.0732478499412536
2026-09-17T07:25:16.528949,1789629916528949000,60.31894897460938,0.1681908667087555,0.0029390645213425,0.1847410798072815
2026-09-17T07:25:16.538909,1789629916538909000,60.32890893554688,0.3716965913772583,0.1598850041627884,0.3067753911018371
2026-09-17T07:25:16.548867,1789629916548867800,60.338867919921874,0.5219601392745972,0.2518548667430877,0.3918761610984802
2026-09-17T07:25:16.558827,1789629916558827800,60.348827880859375,0.5907461047172546,0.198015883564949,0.4271880686283111
2026-09-17T07:25:16.568787,1789629916568787700,60.35878759765625,0.573015570640564,0.0616122297942638,0.4218993186950683
2026-09-17T07:25:16.578747,1789629916578747000,60.36874682617187,0.4866988062858581,-0.0792671218514442,0.3812861144542694
2026-09-17T07:25:16.588707,1789629916588707000,60.37870703125,0.3595483303070068,-0.2216458469629287,0.3133525848388672
2026-09-17T07:25:16.598667,1789629916598667000,60.3886669921875,0.2138544917106628,-0.3488309681415558,0.2264102399349212
2026-09-17T07:25:16.608626,1789629916608626000,60.3986259765625,0.0854256823658943,-0.4196715652942657,0.1359234750270843
2026-09-17T07:25:16.618585,1789629916618585900,60.4085859375,-0.0064866612665355,-0.4058899879455566,0.0550533980131149
2026-09-17T07:25:16.628546,1789629916628546000,60.41854614257812,-0.0598923601210117,-0.3299613893032074,-0.0235495343804359
2026-09-17T07:25:16.638505,1789629916638505000,60.4285048828125,-0.0975052490830421,-0.2392184436321258,-0.1097054556012153
2026-09-17T07:25:16.648465,1789629916648465000,60.43846484375,-0.1415030658245086,-0.1482480615377426,-0.2067174911499023
2026-09-17T07:25:16.658424,1789629916658424800,60.4484248046875,-0.1909324079751968,-0.07283665984869,-0.2960156798362732
2026-09-17T07:25:16.668383,1789629916668383700,60.4583837890625,-0.2439788430929184,-0.0211199317127466,-0.3450865447521209
2026-09-17T07:25:16.678344,1789629916678344000,60.468343994140625,-0.2943096458911896,0.0039444076828658,-0.3643036484718323
2026-09-17T07:25:16.688303,1789629916688303900,60.478303955078125,-0.3218275606632232,0.0122026037424802,-0.3514989018440246
2026-09-17T07:25:16.698263,1789629916698263000,60.48826293945312,-0.3218957483768463,0.0019022959750145,-0.3078648746013641
2026-09-17T07:25:16.708223,1789629916708223000,60.49822290039062,-0.2910643219947815,0.0031635691411793,-0.2425194382667541
2026-09-17T07:25:16.718183,1789629916718183000,60.50818286132812,-0.2294419854879379,0.0142945172265172,-0.1624914407730102
2026-09-17T07:25:16.728142,1789629916728142000,60.51814208984375,-0.1433555632829666,0.026852386072278,-0.074557326734066
2026-09-17T07:25:16.738102,1789629916738102000,60.52810205078125,-0.048618134111166,0.0506866127252578,0.0008948221220634
2026-09-17T07:25:16.748062,1789629916748062000,60.53806201171875,0.0380235500633716,0.0778034552931785,0.0553021356463432
2026-09-17T07:25:16.758020,1789629916758020900,60.548020751953125,0.1107725873589515,0.0832006111741066,0.0860230326652526
2026-09-17T07:25:16.767980,1789629916767980800,60.557980712890625,0.1536207199096679,0.0734686255455017,0.091785579919815
2026-09-17T07:25:16.777941,1789629916777941000,60.56794091796875,0.1636858731508255,0.0515939518809318,0.0830863639712333
2026-09-17T07:25:16.787900,1789629916787900000,60.57789990234375,0.1408969312906265,0.0036890106275677,0.0589967407286167
2026-09-17T07:25:16.797859,1789629916797859800,60.58785986328125,0.0999234020709991,-0.0280108619481325,0.0124382935464382
2026-09-17T07:25:16.807819,1789629916807819800,60.59781982421875,0.0675177946686744,-0.0501451939344406,-0.0323496833443641
2026-09-17T07:25:16.817779,1789629916817779000,60.60777905273437,0.0452633500099182,-0.0574454478919506,-0.0646245330572128
2026-09-17T07:25:16.827739,1789629916827739000,60.61773876953125,0.0333544947206974,-0.0588510669767856,-0.0876456946134567
2026-09-17T07:25:16.837698,1789629916837698800,60.62769873046875,0.0106449211016297,-0.0695732161402702,-0.0931110382080078
2026-09-17T07:25:16.847658,1789629916847658000,60.63765795898438,-0.0265682283788919,-0.0980874150991439,-0.088220939040184
2026-09-17T07:25:16.857618,1789629916857618000,60.64761791992188,-0.0780753567814827,-0.1486070454120636,-0.0809198841452598
2026-09-17T07:25:16.867577,1789629916867577900,60.65757788085938,-0.1182510107755661,-0.1771851629018783,-0.075036697089672
2026-09-17T07:25:16.877537,1789629916877537000,60.667537109375,-0.1388058215379715,-0.1879374086856842,-0.0735538452863693
2026-09-17T07:25:16.887497,1789629916887497000,60.6774970703125,-0.129257321357727,-0.1723307520151138,-0.07804686576128
2026-09-17T07:25:16.897457,1789629916897457000,60.687456787109376,-0.0988424271345138,-0.1422588676214218,-0.0804913789033889
2026-09-17T07:25:16.907415,1789629916907415800,60.69741577148437,-0.0501539818942546,-0.0850813388824462,-0.0745575875043869
2026-09-17T07:25:16.917375,1789629916917375700,60.70737573242187,0.0061250040307641,-0.0204181894659996,-0.0535487122833728
2026-09-17T07:25:16.927336,1789629916927336000,60.7173359375,0.0531764030456543,0.0144186206161975,-0.0228107739239931
2026-09-17T07:25:16.937294,1789629916937294800,60.727294921875,0.0821454674005508,0.0249990932643413,0.0096704708412289
2026-09-17T07:25:16.947254,1789629916947254800,60.7372548828125,0.0824384167790412,0.0142758749425411,0.0405130721628665
2026-09-17T07:25:16.957214,1789629916957214700,60.74721459960937,0.0599139332771301,-0.0104923220351338,0.0617211535573005
2026-09-17T07:25:16.967174,1789629916967174000,60.757173828125,0.0226160958409309,-0.0349044539034366,0.0794580727815628
2026-09-17T07:25:16.977134,1789629916977134000,60.76713403320313,-0.0068674935027956,-0.0258670169860124,0.0918755978345871
2026-09-17T07:25:16.987094,1789629916987094000,60.77709399414063,-0.0256638173013925,0.0097261304035782,0.1016416698694229
2026-09-17T07:25:16.997053,1789629916997053000,60.787052978515625,-0.0427653081715106,0.0490330569446086,0.0907360315322876
2026-09-17T07:25:17.007012,1789629917007012900,60.797012939453126,-0.0634245127439498,0.0846397876739502,0.0588814243674278
2026-09-17T07:25:17.016973,1789629917016973000,60.80697314453125,-0.1045210808515548,0.1340384930372238,0.0018338527297601
2026-09-17T07:25:17.026932,1789629917026932000,60.81693188476562,-0.1944187432527542,0.1891704499721527,-0.0911405608057975
2026-09-17T07:25:17.036892,1789629917036892000,60.82689184570312,-0.3357223570346832,0.2322207242250442,-0.1983996480703354
2026-09-17T07:25:17.046851,1789629917046851800,60.836851806640624,-0.51009202003479,0.2214551568031311,-0.3257157802581787
2026-09-17T07:25:17.056810,1789629917056810800,60.84681079101563,-0.6745275855064392,0.1963812261819839,-0.4285191297531128
2026-09-17T07:25:17.066770,1789629917066770700,60.85677075195313,-0.7913867831230164,0.191102847456932,-0.4888346791267395
2026-09-17T07:25:17.076731,1789629917076731000,60.86673095703125,-0.8246680498123169,0.2194785624742508,-0.4938656389713287
2026-09-17T07:25:17.086690,1789629917086690000,60.87668994140625,-0.7605335712432861,0.2924347817897796,-0.4407443702220917
2026-09-17T07:25:17.096650,1789629917096650000,60.88664990234375,-0.6176350116729736,0.3959310948848724,-0.3593270182609558
2026-09-17T07:25:17.106610,1789629917106610000,60.89660986328125,-0.4306483268737793,0.4651280045509338,-0.2696157693862915
2026-09-17T07:25:17.116568,1789629917116568800,60.90656884765625,-0.2231710404157638,0.4867704510688782,-0.1640065163373947
2026-09-17T07:25:17.126529,1789629917126529000,60.916529052734376,-0.0211407057940959,0.510923445224762,-0.0509958043694496
2026-09-17T07:25:17.136489,1789629917136489000,60.92648901367187,0.1465050131082534,0.4559270441532135,0.0469006635248661
2026-09-17T07:25:17.146448,1789629917146448000,60.93644775390625,0.2738933265209198,0.3514653444290161,0.1204888671636581
2026-09-17T07:25:17.156407,1789629917156407800,60.94640771484375,0.376088410615921,0.2566799819469452,0.1696047484874725
2026-09-17T07:25:17.166368,1789629917166368000,60.956367919921874,0.4614331424236297,0.1847280412912368,0.1930730491876602
2026-09-17T07:25:17.176327,1789629917176327000,60.96632690429688,0.5257322192192078,0.132937803864479,0.1736634075641632
2026-09-17T07:25:17.186286,1789629917186286800,60.97628686523438,0.5620787739753723,0.0933690965175628,0.1159537658095359
2026-09-17T07:25:17.196246,1789629917196246800,60.98624682617187,0.5647273063659668,0.0370467007160186,0.0319890901446342
2026-09-17T07:25:17.206206,1789629917206206000,60.9962060546875,0.5220884680747986,-0.0256771333515644,-0.0757437646389007
2026-09-17T07:25:17.216166,1789629917216166100,61.00616625976563,0.4289950430393219,-0.0971521139144897,-0.1948299407958984
2026-09-17T07:25:17.226126,1789629917226126000,61.0161259765625,0.2865872979164123,-0.1605886071920395,-0.3091216385364532
2026-09-17T07:25:17.236085,1789629917236085000,61.0260849609375,0.1085640266537666,-0.1869962513446808,-0.4016566276550293
2026-09-17T07:25:17.246045,1789629917246045000,61.036044921875,-0.0704336836934089,-0.1633772104978561,-0.4617133140563965
2026-09-17T07:25:17.256004,1789629917256004900,61.0460048828125,-0.2227443903684616,-0.1194073557853698,-0.4954105317592621
2026-09-17T07:25:17.265963,1789629917265963800,61.0559638671875,-0.3249410688877105,-0.0715072080492973,-0.503587007522583
2026-09-17T07:25:17.275924,1789629917275924000,61.065924072265624,-0.3757222294807434,0.0193393435329198,-0.4793618023395538
2026-09-17T07:25:17.285884,1789629917285884200,61.07588427734375,-0.387403130531311,0.1045282706618309,-0.43829345703125
2026-09-17T07:25:17.295843,1789629917295843000,61.08584301757813,-0.3580223321914673,0.1764533221721649,-0.3810970187187195
2026-09-17T07:25:17.305803,1789629917305803000,61.09580297851563,-0.2925724685192108,0.2308518588542938,-0.3150168061256408
2026-09-17T07:25:17.315763,1789629917315763000,61.10576293945312,-0.2033794820308685,0.239392876625061,-0.2529670000076294
2026-09-17T07:25:17.325721,1789629917325721900,61.115721923828126,-0.1004480421543121,0.1866622865200042,-0.1978760659694671
2026-09-17T07:25:17.335682,1789629917335682000,61.12568212890625,0.0051215249113738,0.0889724865555763,-0.1439936608076095
2026-09-17T07:25:17.345642,1789629917345642000,61.13564208984375,0.1031650006771087,-0.0071918666362762,-0.0824525356292724
2026-09-17T07:25:17.355601,1789629917355601200,61.14560107421875,0.1900524944067001,-0.0822104513645172,-0.0150782857090234
2026-09-17T07:25:17.365561,1789629917365561000,61.15556103515625,0.2453469038009643,-0.1354414522647857,0.047375239431858
2026-09-17T07:25:17.375521,1789629917375521000,61.16552099609375,0.2611040472984314,-0.1651857644319534,0.0989779755473136
2026-09-17T07:25:17.385480,1789629917385480000,61.17547998046875,0.2261569648981094,-0.1766530722379684,0.1197546273469924
2026-09-17T07:25:17.395440,1789629917395440000,61.185440185546874,0.1607750356197357,-0.1740586161613464,0.1024874895811081
2026-09-17T07:25:17.405400,1789629917405400000,61.195400146484374,0.0943019986152648,-0.1452666521072387,0.0544994622468948
2026-09-17T07:25:17.415359,1789629917415359000,61.20535888671875,0.0399159900844097,-0.0942878872156143,-0.0083490097895264
2026-09-17T07:25:17.425319,1789629917425319000,61.21531884765625,0.0088094705715775,-0.0360173881053924,-0.065395787358284
2026-09-17T07:25:17.435279,1789629917435279000,61.22527905273437,0.0033965955954045,0.0281232465058565,-0.0883442461490631
2026-09-17T07:25:17.445238,1789629917445238000,61.235238037109376,0.0269820820540189,0.0756649300456047,-0.0656293407082557
2026-09-17T07:25:17.455198,1789629917455198000,61.24519799804688,0.055521048605442,0.0831795781850814,-0.0196863524615764
2026-09-17T07:25:17.465158,1789629917465158000,61.25515795898438,0.077150709927082,0.0475776381790638,0.0206392314285039
2026-09-17T07:25:17.475117,1789629917475117000,61.265116943359374,0.0823574587702751,-0.0300622954964637,0.0462708249688148
2026-09-17T07:25:17.485077,1789629917485077200,61.2750771484375,0.0579096376895904,-0.119496040046215,0.0427956655621528
2026-09-17T07:25:17.495037,1789629917495037200,61.285037109375,0.0267852749675512,-0.1652819067239761,0.0388067848980426
2026-09-17T07:25:17.504996,1789629917504996000,61.29499609375,0.0132582811638712,-0.1787068992853164,0.0480972230434417
2026-09-17T07:25:17.514956,1789629917514956000,61.3049560546875,0.0310021247714757,-0.1261688470840454,0.0770148932933807
2026-09-17T07:25:17.524915,1789629917524915000,61.3149150390625,0.0759248584508895,-0.0664850175380706,0.0932053104043006
2026-09-17T07:25:17.534875,1789629917534875000,61.324875,0.1354816555976867,-0.0174492970108985,0.0903368219733238
2026-09-17T07:25:17.544835,1789629917544835000,61.3348349609375,0.1909033805131912,-0.02159876935184,0.0930021107196807
2026-09-17T07:25:17.554795,1789629917554795000,61.344794921875,0.2309027165174484,-0.022481607273221,0.1079522967338562
2026-09-17T07:25:17.564754,1789629917564754000,61.35475390625,0.2442877739667892,-0.0265610367059707,0.1262639313936233
2026-09-17T07:25:17.574713,1789629917574713900,61.3647138671875,0.2359757721424102,-0.025242505595088,0.1277387887239456
2026-09-17T07:25:17.584673,1789629917584673000,61.37467309570312,0.2214644849300384,-0.0334098897874355,0.1087605655193328
2026-09-17T07:25:17.594633,1789629917594633200,61.38463330078125,0.2115010619163513,-0.0425629056990146,0.0583059154450893
2026-09-17T07:25:17.604593,1789629917604593200,61.39459326171875,0.1891787052154541,-0.085578553378582,-0.0208637360483407
2026-09-17T07:25:17.614552,1789629917614552000,61.40455200195313,0.1369629055261612,-0.1385669410228729,-0.1191591471433639
2026-09-17T07:25:17.624512,1789629917624512000,61.41451196289062,0.0416281372308731,-0.1727717816829681,-0.2111687064170837
2026-09-17T07:25:17.634472,1789629917634472200,61.42447216796875,-0.0851868018507957,-0.169555202126503,-0.2697973847389221
2026-09-17T07:25:17.644431,1789629917644431000,61.43443115234375,-0.213055282831192,-0.1291364133358001,-0.2886264622211456
2026-09-17T07:25:17.654391,1789629917654391000,61.44439111328125,-0.3032994270324707,-0.0656336024403572,-0.2738451361656189
2026-09-17T07:25:17.664351,1789629917664351000,61.45435107421875,-0.3529135882854461,0.0160703137516975,-0.2457104325294494
2026-09-17T07:25:17.674310,1789629917674310000,61.46430981445312,-0.384909063577652,0.0248321127146482,-0.2109018564224243
2026-09-17T07:25:17.684270,1789629917684270000,61.47427001953125,-0.4256874024868011,-0.0430441386997699,-0.1720540523529052
2026-09-17T07:25:17.694230,1789629917694230000,61.48422998046875,-0.4737361371517181,-0.1117337197065353,-0.1050095036625862
2026-09-17T07:25:17.704189,1789629917704189200,61.49418920898437,-0.5087327361106873,-0.1395334005355835,-0.0049279131926596
2026-09-17T07:25:17.714149,1789629917714149000,61.504149169921874,-0.5067415237426758,-0.0741754248738288,0.1054918020963668
2026-09-17T07:25:17.724109,1789629917724109000,61.514109130859374,-0.4435452222824096,0.0634375587105751,0.2194505929946899
2026-09-17T07:25:17.734068,1789629917734068000,61.52406787109375,-0.2947112619876861,0.2476079314947128,0.3304202556610107
2026-09-17T07:25:17.744028,1789629917744028200,61.53402807617187,-0.0744494646787643,0.4061629474163055,0.4338611662387848
2026-09-17T07:25:17.753988,1789629917753988000,61.54398803710937,0.164397194981575,0.4755167365074157,0.5081010460853577
2026-09-17T07:25:17.763947,1789629917763947000,61.553947021484376,0.3548174798488617,0.4439814388751983,0.5489773750305176
2026-09-17T07:25:17.773907,1789629917773907000,61.56390698242188,0.4767305850982666,0.3354416489601135,0.5752806067466736
2026-09-17T07:25:17.783867,1789629917783867100,61.5738671875,0.5309011340141296,0.1342355757951736,0.5936116576194763
2026-09-17T07:25:17.793826,1789629917793826000,61.583825927734374,0.5256621837615967,-0.0640042796730995,0.5866906642913818
2026-09-17T07:25:17.803786,1789629917803786000,61.593785888671874,0.477363109588623,-0.2215086817741394,0.5524187088012695
2026-09-17T07:25:17.813746,1789629917813746000,61.603745849609375,0.3948096334934234,-0.3078646063804626,0.4896730184555053
2026-09-17T07:25:17.823704,1789629917823704800,61.61370483398437,0.2889558970928192,-0.29924076795578,0.4057400524616241
2026-09-17T07:25:17.833665,1789629917833665000,61.6236650390625,0.1658496856689453,-0.2604108154773712,0.3277757465839386
2026-09-17T07:25:17.843625,1789629917843625000,61.633625,0.0292396452277898,-0.213096022605896,0.2596110701560974
2026-09-17T07:25:17.853584,1789629917853584100,61.64358422851563,-0.1172038540244102,-0.175992339849472,0.2004097998142242
2026-09-17T07:25:17.863544,1789629917863544000,61.6535439453125,-0.2617889940738678,-0.1510923057794571,0.1575776487588882
2026-09-17T07:25:17.873504,1789629917873504000,61.66350390625,-0.4089398384094238,-0.1604855507612228,0.1250878721475601
2026-09-17T07:25:17.883463,1789629917883463200,61.673463134765626,-0.532058596611023,-0.1959814876317978,0.1015979945659637
2026-09-17T07:25:17.893423,1789629917893423000,61.68342309570313,-0.5975960493087769,-0.2127415686845779,0.1003471091389656
2026-09-17T07:25:17.903383,1789629917903383000,61.69338305664063,-0.5936617255210876,-0.189625859260559,0.1020576581358909
2026-09-17T07:25:17.913342,1789629917913342000,61.703342041015624,-0.5194663405418396,-0.1307902336120605,0.0949249118566513
2026-09-17T07:25:17.923302,1789629917923302000,61.71330200195312,-0.3858624696731567,-0.0343193560838699,0.0945273041725158
2026-09-17T07:25:17.933262,1789629917933262000,61.723261962890625,-0.2059611529111862,0.0895341411232948,0.1125806048512458
2026-09-17T07:25:17.943221,1789629917943221000,61.73322094726562,-0.0202141907066106,0.2083316296339035,0.1476206183433532
2026-09-17T07:25:17.953181,1789629917953181000,61.74318090820312,0.1423629969358444,0.2715838253498077,0.2039153128862381
2026-09-17T07:25:17.963140,1789629917963140900,61.75314086914062,0.2621541321277618,0.2559284567832947,0.2919008433818817
2026-09-17T07:25:17.973100,1789629917973100000,61.76310009765625,0.3442021310329437,0.2194551229476928,0.399993747472763
2026-09-17T07:25:17.983060,1789629917983060200,61.77306030273437,0.3907874524593353,0.1987855285406112,0.5016855001449585
2026-09-17T07:25:17.993020,1789629917993020200,61.78302026367187,0.4043978154659271,0.1922679841518402,0.5646937489509583
2026-09-17T07:25:18.002979,1789629918002979000,61.79297900390625,0.3889980912208557,0.1769220381975174,0.5755831599235535
2026-09-17T07:25:18.012939,1789629918012939000,61.80293896484375,0.344817578792572,0.1667612940073013,0.5363792777061462
2026-09-17T07:25:18.022899,1789629918022899200,61.81289916992188,0.2745316922664642,0.153281956911087,0.4675416350364685
2026-09-17T07:25:18.032858,1789629918032858000,61.822858154296874,0.181353285908699,0.1208494529128074,0.379636287689209
2026-09-17T07:25:18.042818,1789629918042818000,61.832818115234375,0.0808889865875244,0.0394169129431247,0.2969493865966797
2026-09-17T07:25:18.052778,1789629918052778000,61.842778076171875,-0.0004482100193854,-0.0695918574929237,0.2544013857841491
2026-09-17T07:25:18.062737,1789629918062737000,61.85273681640625,-0.034736942499876,-0.1284799426794052,0.2561257779598236
2026-09-17T07:25:18.072696,1789629918072696800,61.86269677734375,-0.0200163181871175,-0.1239565685391426,0.2895159721374511
2026-09-17T07:25:18.082657,1789629918082657000,61.87265698242187,0.0292516276240348,-0.0889237448573112,0.3372616469860077
2026-09-17T07:25:18.092616,1789629918092616200,61.8826162109375,0.0892872661352157,-0.0699804127216339,0.3668325841426849
2026-09-17T07:25:18.102576,1789629918102576000,61.892576171875,0.1360252052545547,-0.0986818373203277,0.352591872215271
2026-09-17T07:25:18.112536,1789629918112536000,61.9025361328125,0.1636951863765716,-0.1735105365514755,0.3025529384613037
2026-09-17T07:25:18.122495,1789629918122495000,61.912494873046874,0.1601222902536392,-0.2759021520614624,0.2308262884616851
2026-09-17T07:25:18.132455,1789629918132455200,61.922455078125,0.1343069374561309,-0.3602117002010345,0.1422138661146164
2026-09-17T07:25:18.142415,1789629918142415000,61.9324150390625,0.1150930300354957,-0.3643350899219513,0.0659886002540588
2026-09-17T07:25:18.152374,1789629918152374000,61.9423740234375,0.1191253215074539,-0.2964966595172882,0.0026453179307281
2026-09-17T07:25:18.162334,1789629918162334000,61.952333984375,0.1521876752376556,-0.22744220495224,-0.0362882316112518
2026-09-17T07:25:18.172294,1789629918172294100,61.962294189453125,0.2075007259845733,-0.2006329745054245,-0.0436207130551338
2026-09-17T07:25:18.182253,1789629918182253000,61.97225317382812,0.2751237154006958,-0.2163794338703155,-0.026372218504548
2026-09-17T07:25:18.192213,1789629918192213000,61.982212890625,0.3379953503608703,-0.2180393934249878,-0.0001954760227818
2026-09-17T07:25:18.202173,1789629918202173000,61.9921728515625,0.3702203929424286,-0.2434571236371994,0.0101956455036997
2026-09-17T07:25:18.212132,1789629918212132000,62.00213208007813,0.3735509514808655,-0.2664535343647003,-0.0088853705674409
2026-09-17T07:25:18.222092,1789629918222092000,62.01209204101563,0.3584471046924591,-0.2456611692905426,-0.0527276583015918
2026-09-17T07:25:18.232052,1789629918232052000,62.02205200195313,0.3352333903312683,-0.1686982065439224,-0.1045082956552505
2026-09-17T07:25:18.242011,1789629918242011100,62.03201123046875,0.3022333681583404,-0.0850725471973419,-0.1589694172143936
2026-09-17T07:25:18.251971,1789629918251971000,62.04197119140625,0.2554317712783813,-0.0236949436366558,-0.1996199041604995
2026-09-17T07:25:18.261931,1789629918261931000,62.051930908203126,0.1892221271991729,0.0260233450680971,-0.218692660331726
2026-09-17T07:25:18.271890,1789629918271890200,62.06189013671875,0.0999750643968582,0.046078011393547,-0.2326058149337768
2026-09-17T07:25:18.281850,1789629918281850000,62.07185009765625,-0.0190602429211139,0.0182362608611583,-0.2523025572299957
2026-09-17T07:25:18.291810,1789629918291810000,62.08181005859375,-0.1627271324396133,-0.0237516686320304,-0.2881487011909485
2026-09-17T07:25:18.301769,1789629918301769000,62.09176904296875,-0.326883852481842,-0.0513526685535907,-0.3556177616119385
2026-09-17T07:25:18.311729,1789629918311729200,62.10172924804687,-0.5063976645469666,-0.0377947837114334,-0.4393922686576843
2026-09-17T07:25:18.321689,1789629918321689000,62.11168920898437,-0.6815300583839417,0.0015478292480111,-0.5378408432006836
2026-09-17T07:25:18.331648,1789629918331648000,62.12164794921875,-0.8217753171920776,0.0867849588394165,-0.6154136657714844
2026-09-17T07:25:18.341608,1789629918341608000,62.13160791015625,-0.8840453624725342,0.2278408855199813,-0.6242795586585999
2026-09-17T07:25:18.351568,1789629918351568000,62.14156787109375,-0.843859851360321,0.3833894729614258,-0.5616769194602966
2026-09-17T07:25:18.361527,1789629918361527000,62.151527099609375,-0.7091233730316162,0.5392807722091675,-0.4359141886234283
2026-09-17T07:25:18.371487,1789629918371487200,62.1614873046875,-0.4794107973575592,0.6434426307678223,-0.2762307822704315
2026-09-17T07:25:18.381447,1789629918381447200,62.171447265625,-0.1851781159639358,0.678278923034668,-0.1057647764682769
2026-09-17T07:25:18.391406,1789629918391406000,62.18140600585937,0.1334462016820907,0.6314216256141663,0.0321331694722175
2026-09-17T07:25:18.401366,1789629918401366000,62.19136596679687,0.4217941164970398,0.5165877342224121,0.1178850904107093
2026-09-17T07:25:18.411326,1789629918411326200,62.201326171875,0.641147255897522,0.3370350301265716,0.1549776047468185
2026-09-17T07:25:18.421285,1789629918421285000,62.21128515625,0.7698884606361389,0.1397914588451385,0.1474664211273193
2026-09-17T07:25:18.431245,1789629918431245000,62.2212451171875,0.8052507042884827,-0.0393727049231529,0.1035101488232612
2026-09-17T07:25:18.441205,1789629918441205000,62.231205078125,0.7556871175765991,-0.1634813398122787,0.0165014788508415
2026-09-17T07:25:18.451164,1789629918451164000,62.241163818359375,0.6387370824813843,-0.2526759207248688,-0.0892489179968833
2026-09-17T07:25:18.461124,1789629918461124000,62.2511240234375,0.4835490882396698,-0.2983898818492889,-0.1929819732904434
2026-09-17T07:25:18.471084,1789629918471084000,62.261083984375,0.3198882639408111,-0.269312709569931,-0.303280770778656
2026-09-17T07:25:18.481043,1789629918481043200,62.271043212890625,0.1674880683422088,-0.158189371228218,-0.4076868295669555
2026-09-17T07:25:18.491003,1789629918491003100,62.281003173828125,0.0247157327830791,-0.0249346438795328,-0.5152739882469177
2026-09-17T07:25:18.500963,1789629918500963000,62.290963134765626,-0.0985763743519783,0.0937736332416534,-0.6149398684501648
2026-09-17T07:25:18.510922,1789629918510922200,62.30092211914062,-0.2046633958816528,0.1816334426403045,-0.6726154088973999
2026-09-17T07:25:18.520882,1789629918520882200,62.31088208007812,-0.2926324009895324,0.2122952193021774,-0.6807430982589722
2026-09-17T07:25:18.530842,1789629918530842000,62.320842041015624,-0.3560396134853363,0.1969426274299621,-0.6474735736846924
2026-09-17T07:25:18.540801,1789629918540801000,62.33080102539063,-0.3817321956157684,0.1523194909095764,-0.5914236307144165
2026-09-17T07:25:18.550761,1789629918550761000,62.34076098632813,-0.3645393550395965,0.0929941236972808,-0.5368692874908447
2026-09-17T07:25:18.560720,1789629918560720000,62.350719970703125,-0.302788645029068,0.036747895181179,-0.4858939945697784
2026-09-17T07:25:18.570680,1789629918570680000,62.36068017578125,-0.2030063718557357,0.0029140308033674,-0.4400170445442199
2026-09-17T07:25:18.580640,1789629918580640000,62.370639892578126,-0.0759275183081626,0.0191092453896999,-0.4004321098327636
2026-09-17T07:25:18.590599,1789629918590599200,62.38059912109375,0.0497465170919895,0.0747565254569053,-0.3488115072250366
2026-09-17T07:25:18.600559,1789629918600559000,62.39055908203125,0.1545355170965194,0.1252633780241012,-0.2814021110534668
2026-09-17T07:25:18.610519,1789629918610519300,62.400519287109375,0.2169661372900009,0.1349279880523681,-0.2032710909843444
2026-09-17T07:25:18.620478,1789629918620478200,62.41047827148437,0.2274853587150573,0.1141771748661995,-0.1212619766592979
2026-09-17T07:25:18.630438,1789629918630438100,62.42043823242187,0.1969783157110214,0.0674554705619812,-0.0433988720178604
2026-09-17T07:25:18.640398,1789629918640398000,62.43039819335937,0.1449883431196212,0.0184477176517248,0.0258323960006237
2026-09-17T07:25:18.650357,1789629918650357000,62.44035693359375,0.0986344292759895,-0.0161006730049848,0.0689122229814529
2026-09-17T07:25:18.660317,1789629918660317200,62.45031713867188,0.0780790895223617,-0.0270132422447204,0.0859535261988639
2026-09-17T07:25:18.670277,1789629918670277000,62.46027709960938,0.08408984541893,-0.0305549800395965,0.0696336701512336
2026-09-17T07:25:18.680236,1789629918680236000,62.470236083984375,0.1078995689749717,-0.0318833626806736,0.0366011559963226
2026-09-17T07:25:18.690196,1789629918690196000,62.480196044921875,0.1382825076580047,-0.0305086411535739,0.000672714493703
2026-09-17T07:25:18.700156,1789629918700156000,62.490156005859376,0.1659205257892608,-0.0177608877420425,-0.0364807806909084
2026-09-17T07:25:18.710115,1789629918710115000,62.50011499023437,0.1781108826398849,-0.0117996679618954,-0.0725655481219291
2026-09-17T07:25:18.720075,1789629918720075000,62.51007495117187,0.1609364151954651,-0.0305192936211824,-0.0971646308898925
2026-09-17T07:25:18.730035,1789629918730035000,62.520034912109374,0.120571419596672,-0.0644793882966041,-0.0891746133565902
2026-09-17T07:25:18.739994,1789629918739994000,62.529994140625,0.080412819981575,-0.0643718019127845,-0.0405610091984272
2026-09-17T07:25:18.749954,1789629918749954000,62.5399541015625,0.0574680864810943,-0.0241846982389688,0.0329853817820549
2026-09-17T07:25:18.759914,1789629918759914200,62.54991430664062,0.0528736002743244,0.0080720409750938,0.1104921549558639
2026-09-17T07:25:18.769873,1789629918769873200,62.559873046875,0.0622436664998531,0.0226488541811704,0.1778150051832199
2026-09-17T07:25:18.779833,1789629918779833000,62.5698330078125,0.088966354727745,0.0175446383655071,0.2354724407196045
2026-09-17T07:25:18.789793,1789629918789793000,62.57979296875,0.1274146735668182,-0.0011744539951905,0.2831741869449615
2026-09-17T07:25:18.799752,1789629918799752000,62.589751953125,0.1691397577524185,-0.0447560213506221,0.3031292557716369
2026-09-17T07:25:18.809712,1789629918809712000,62.599712158203126,0.2175091505050659,-0.1095054522156715,0.2971930503845215
2026-09-17T07:25:18.819672,1789629918819672000,62.609672119140626,0.2642297744750976,-0.1608022004365921,0.2799831926822662
2026-09-17T07:25:18.829631,1789629918829631000,62.619630859375,0.2863055169582367,-0.1782730668783188,0.2541047036647796
2026-09-17T07:25:18.839591,1789629918839591000,62.6295908203125,0.2781823575496673,-0.1632981151342392,0.2258243411779403
2026-09-17T07:25:18.849550,1789629918849550800,62.63955078125,0.2368391752243042,-0.1287563741207122,0.2083145827054977
2026-09-17T07:25:18.859510,1789629918859510300,62.64951025390625,0.1722308844327926,-0.1288884729146957,0.2035762965679168
2026-09-17T07:25:18.869470,1789629918869470200,62.65947021484375,0.0918132737278938,-0.1352986991405487,0.2067814022302627
2026-09-17T07:25:18.879430,1789629918879430100,62.66943017578125,0.0024727450218051,-0.1262197196483612,0.2053704708814621
2026-09-17T07:25:18.889389,1789629918889389000,62.67938916015625,-0.0893455892801284,-0.1083344593644142,0.185648962855339
2026-09-17T07:25:18.899349,1789629918899349000,62.689348876953126,-0.1826017647981643,-0.0595408231019973,0.1448099166154861
2026-09-17T07:25:18.909309,1789629918909309200,62.69930908203125,-0.2717675864696502,-0.0210003573447465,0.0950791090726852
2026-09-17T07:25:18.919268,1789629918919268000,62.70926806640625,-0.3510277867317199,-0.0403261184692382,0.0432417467236518
2026-09-17T07:25:18.929228,1789629918929228000,62.71922802734375,-0.4302640259265899,-0.1001953110098838,0.0006926882197149
2026-09-17T07:25:18.939188,1789629918939188000,62.72918798828125,-0.5067657232284546,-0.1585073471069336,-0.0117211043834686
2026-09-17T07:25:18.949147,1789629918949147000,62.73914697265625,-0.5531864762306213,-0.2115455418825149,0.0145802740007638
2026-09-17T07:25:18.959107,1789629918959107000,62.74910717773437,-0.5407639145851135,-0.1739667356014251,0.089435338973999
2026-09-17T07:25:18.969067,1789629918969067000,62.75906689453125,-0.4278402924537658,-0.0211867783218622,0.20595183968544
2026-09-17T07:25:18.979026,1789629918979026200,62.76902612304688,-0.2280741780996322,0.1942959725856781,0.317658394575119
2026-09-17T07:25:18.988986,1789629918988986000,62.77898608398438,0.0134702688083052,0.4048905074596405,0.41222083568573
2026-09-17T07:25:18.998946,1789629918998946300,62.7889462890625,0.2430499345064163,0.5375339984893799,0.4719630181789398
2026-09-17T07:25:19.008905,1789629919008905200,62.7989052734375,0.4160430133342743,0.5448262691497803,0.4953649938106537
2026-09-17T07:25:19.018865,1789629919018865200,62.808865234375,0.5053518414497375,0.4486699402332306,0.4849275350570678
2026-09-17T07:25:19.028825,1789629919028825000,62.8188251953125,0.5089522004127502,0.2807709574699402,0.433880865573883
2026-09-17T07:25:19.038784,1789629919038784000,62.82878393554687,0.4377866685390472,0.0828240439295768,0.3590233922004699
2026-09-17T07:25:19.048744,1789629919048744000,62.838743896484374,0.3130226135253906,-0.1029772460460662,0.282876968383789
2026-09-17T07:25:19.058704,1789629919058704100,62.8487041015625,0.1641258299350738,-0.2531097531318664,0.2111252844333648
2026-09-17T07:25:19.068663,1789629919068663000,62.8586630859375,0.0164601989090442,-0.3393069505691528,0.1585944443941116
2026-09-17T07:25:19.078623,1789629919078623000,62.868623046875,-0.1013505905866622,-0.3118495047092438,0.1265310496091842
2026-09-17T07:25:19.088583,1789629919088583000,62.8785830078125,-0.1875331401824951,-0.2238469421863556,0.1003758758306503
2026-09-17T07:25:19.098542,1789629919098542000,62.8885419921875,-0.2536767423152923,-0.1437103003263473,0.067006729543209
2026-09-17T07:25:19.108502,1789629919108502300,62.89850219726563,-0.2966763973236084,-0.0804905816912651,0.0391958728432655
2026-09-17T07:25:19.118462,1789629919118462200,62.90846215820312,-0.3175017833709717,-0.0257594250142574,0.0070200925692915
2026-09-17T07:25:19.128421,1789629919128421000,62.918421142578126,-0.3108292520046234,0.0288652032613754,-0.0273951385170221
2026-09-17T07:25:19.138381,1789629919138381000,62.928381103515626,-0.2783669233322143,0.075119249522686,-0.0578411966562271
2026-09-17T07:25:19.148341,1789629919148341200,62.93834130859375,-0.2187174260616302,0.111215740442276,-0.0651230737566948
2026-09-17T07:25:19.158300,1789629919158300200,62.94830004882812,-0.1452067196369171,0.1316246092319488,-0.0336937829852104
2026-09-17T07:25:19.168260,1789629919168260000,62.958260009765624,-0.0893503874540329,0.1314949095249176,0.0168128013610839
2026-09-17T07:25:19.178220,1789629919178220000,62.96821997070312,-0.0568337216973304,0.0997558906674385,0.0771770775318145
2026-09-17T07:25:19.188179,1789629919188179000,62.97817895507813,-0.0424121730029583,0.0563391707837581,0.1356260031461715
2026-09-17T07:25:19.198139,1789629919198139100,62.98813916015625,-0.0506157726049423,0.0132375080138444,0.1798784136772155
2026-09-17T07:25:19.208099,1789629919208099000,62.99809912109375,-0.0720550194382667,-0.0248941648751497,0.2076344192028045
2026-09-17T07:25:19.218058,1789629919218058000,63.00805810546875,-0.0981611907482147,-0.0483555495738983,0.2178785353899002
2026-09-17T07:25:19.228018,1789629919228018000,63.01801782226563,-0.1303478926420211,-0.0734393298625946,0.2193946689367294
2026-09-17T07:25:19.237977,1789629919237977900,63.02797778320313,-0.1532585322856903,-0.0822472050786018,0.2204415649175644
2026-09-17T07:25:19.247937,1789629919247937000,63.03793701171875,-0.156547263264656,-0.0307738911360502,0.2215302586555481
2026-09-17T07:25:19.257897,1789629919257897200,63.04789721679688,-0.1439664959907531,0.0192306861281394,0.2036282271146774
2026-09-17T07:25:19.267857,1789629919267857200,63.05785717773438,-0.125744879245758,0.0435938164591789,0.1708763986825943
2026-09-17T07:25:19.277815,1789629919277815800,63.06781591796875,-0.0933613702654838,0.0650687515735626,0.1362582445144653
2026-09-17T07:25:19.287775,1789629919287775700,63.07777563476562,-0.0578949898481369,0.0734004452824592,0.1060412153601646
2026-09-17T07:25:19.297736,1789629919297736000,63.08773583984375,-0.0367569476366043,0.0480434261262416,0.0818914026021957
2026-09-17T07:25:19.307694,1789629919307694800,63.09769482421875,-0.0559069402515888,-0.0291419066488742,0.0614180862903595
2026-09-17T07:25:19.317654,1789629919317654800,63.10765478515625,-0.102217711508274,-0.1144139245152473,0.0595378950238227
2026-09-17T07:25:19.327614,1789629919327614700,63.11761474609375,-0.1610725075006485,-0.1540769189596176,0.0677785128355026
2026-09-17T07:25:19.337574,1789629919337574000,63.127573974609376,-0.2032676339149475,-0.1647775024175644,0.0741088464856147
2026-09-17T07:25:19.347533,1789629919347533800,63.13753393554688,-0.2135080248117447,-0.1226910278201103,0.0593341626226902
2026-09-17T07:25:19.357493,1789629919357493800,63.14749365234375,-0.1944120824337005,-0.0743317529559135,0.0246869698166847
2026-09-17T07:25:19.367453,1789629919367453000,63.157452880859374,-0.1671865880489349,-0.0694067701697349,-0.0189941972494125
2026-09-17T07:25:19.377412,1789629919377412900,63.167412841796875,-0.1531157791614532,-0.1090841442346572,-0.0579162947833538
2026-09-17T07:25:19.387371,1789629919387371800,63.17737182617188,-0.1527208387851715,-0.1761646419763565,-0.0820091143250465
2026-09-17T07:25:19.397331,1789629919397331700,63.18733178710937,-0.1649362295866012,-0.2339570969343185,-0.0929871946573257
2026-09-17T07:25:19.407292,1789629919407292000,63.1972919921875,-0.1713874638080597,-0.2579838633537292,-0.0875607430934906
2026-09-17T07:25:19.417250,1789629919417250800,63.20725073242187,-0.1522776931524276,-0.2462036460638046,-0.0715953558683395
2026-09-17T07:25:19.427210,1789629919427210800,63.21721069335938,-0.097394198179245,-0.1890215873718261,-0.0551412813365459
2026-09-17T07:25:19.437170,1789629919437170700,63.22717065429688,-0.0103226788341999,-0.0820115134119987,-0.0544475279748439
2026-09-17T07:25:19.447129,1789629919447129600,63.237129638671874,0.0928266122937202,0.0415623560547828,-0.051950816065073
2026-09-17T07:25:19.457089,1789629919457089800,63.24708984375,0.1864556223154068,0.1198433116078376,-0.0437954179942607
2026-09-17T07:25:19.467049,1789629919467049700,63.2570498046875,0.2586632370948791,0.1440746188163757,-0.0290439017117023
2026-09-17T07:25:19.477009,1789629919477009000,63.2670087890625,0.3107232451438904,0.1303161978721618,9.64064311119e-05
2026-09-17T07:25:19.486968,1789629919486968800,63.27696875,0.3445214331150055,0.0757879689335823,0.0202197842299938
2026-09-17T07:25:19.496929,1789629919496929000,63.286928955078125,0.3540933728218078,0.0111338775604963,0.0206821095198392
2026-09-17T07:25:19.506888,1789629919506888000,63.29688793945313,0.3371292948722839,-0.038519162684679,-0.0020437098573893
2026-09-17T07:25:19.516847,1789629919516847900,63.30684790039062,0.2917964458465576,-0.0890182927250862,-0.0323741845786571
2026-09-17T07:25:19.526807,1789629919526807800,63.31680786132812,0.1999741047620773,-0.1460818350315094,-0.1239344626665115
2026-09-17T07:25:19.536766,1789629919536766700,63.3267666015625,0.0588119179010391,-0.1627439111471176,-0.2392440140247345
2026-09-17T07:25:19.546727,1789629919546727000,63.33672680664063,-0.1158459112048149,-0.1408545821905136,-0.3728843629360199
2026-09-17T07:25:19.556686,1789629919556686800,63.34668676757813,-0.3081615567207336,-0.0555351637303829,-0.4908687770366668
2026-09-17T07:25:19.566645,1789629919566645800,63.35664575195312,-0.4775849282741546,0.0634972155094146,-0.5589240193367004
2026-09-17T07:25:19.576605,1789629919576605700,63.366605712890625,-0.5715351104736328,0.2251058220863342,-0.5601086020469666
2026-09-17T07:25:19.586565,1789629919586565600,63.376565673828125,-0.5583242774009705,0.4029533267021179,-0.515770435333252
2026-09-17T07:25:19.596524,1789629919596524800,63.38652490234375,-0.4248338341712951,0.603797197341919,-0.4420716762542724
2026-09-17T07:25:19.606485,1789629919606485000,63.396485107421874,-0.2058666050434112,0.776686429977417,-0.3660307228565216
2026-09-17T07:25:19.616445,1789629919616445000,63.40644482421875,0.0270728971809148,0.8361880779266357,-0.3137600421905517
2026-09-17T07:25:19.626403,1789629919626403800,63.41640380859375,0.2077409476041793,0.7577425837516785,-0.2786808907985687
2026-09-17T07:25:19.636363,1789629919636363800,63.42636376953125,0.3047298192977905,0.578616738319397,-0.2275173068046569
2026-09-17T07:25:19.646324,1789629919646324000,63.43632397460937,0.321920245885849,0.303761750459671,-0.1641567200422287
2026-09-17T07:25:19.656283,1789629919656283000,63.446282958984376,0.3022264242172241,0.0287594757974147,-0.1152999624609947
2026-09-17T07:25:19.666242,1789629919666242800,63.45624291992188,0.2935125827789306,-0.1784736067056656,-0.098379299044609
2026-09-17T07:25:19.676202,1789629919676202800,63.46620263671875,0.3084710240364074,-0.2550999522209167,-0.1250870823860168
2026-09-17T07:25:19.686161,1789629919686161700,63.47616162109375,0.3277525603771209,-0.2193589806556701,-0.1689173877239227
2026-09-17T07:25:19.696121,1789629919696121900,63.486121826171875,0.3267035484313965,-0.1205567717552185,-0.2004915475845337
2026-09-17T07:25:19.706081,1789629919706081800,63.496081787109375,0.2804985046386719,-0.0150905363261699,-0.2138427793979644
2026-09-17T07:25:19.716041,1789629919716041000,63.506041015625,0.1772410869598388,0.0261370614171028,-0.2113415449857711
2026-09-17T07:25:19.726001,1789629919726001000,63.5160009765625,0.031082285568118,0.002616822021082,-0.2083907574415207
2026-09-17T07:25:19.735960,1789629919735960800,63.5259609375,-0.1171657741069793,-0.0300010424107313,-0.2006244510412216
2026-09-17T07:25:19.745920,1789629919745920000,63.535919921875,-0.2293833941221237,-0.0344277471303939,-0.1933771818876266
2026-09-17T07:25:19.755880,1789629919755880000,63.5458798828125,-0.2811169028282165,-0.013832458294928,-0.1927582621574401
2026-09-17T07:25:19.765840,1789629919765840000,63.55583984375,-0.2632707953453064,0.0458969175815582,-0.1976286619901657
2026-09-17T07:25:19.775798,1789629919775798800,63.565798828125,-0.1881643086671829,0.1385482847690582,-0.1930922269821167
2026-09-17T07:25:19.785758,1789629919785758700,63.5757587890625,-0.0894795507192611,0.2187898606061935,-0.1798427402973175
2026-09-17T07:25:19.795719,1789629919795719000,63.58571899414063,-0.0025632926262915,0.2575750648975372,-0.1487663090229034
2026-09-17T07:25:19.805677,1789629919805677800,63.595677734375,0.0515683852136135,0.2341371327638626,-0.1039170771837234
2026-09-17T07:25:19.815637,1789629919815637800,63.6056376953125,0.0603272579610347,0.1531804949045181,-0.0410883128643035
2026-09-17T07:25:19.825597,1789629919825597700,63.61559765625,0.0456644222140312,0.034354243427515,0.0416502393782138
2026-09-17T07:25:19.835556,1789629919835556900,63.62555688476562,0.0419490486383438,-0.0526339150965213,0.126397892832756
2026-09-17T07:25:19.845516,1789629919845516800,63.63551684570312,0.0737906023859977,-0.0561463609337806,0.1933092772960662
2026-09-17T07:25:19.855476,1789629919855476700,63.64547680664062,0.1311172693967819,-0.0286854412406682,0.2252432405948639
2026-09-17T07:25:19.865436,1789629919865436000,63.65543579101563,0.1958320885896682,-0.0244619324803352,0.2240538746118545
2026-09-17T07:25:19.875395,1789629919875395800,63.66539575195313,0.2243436276912689,-0.0549588575959205,0.1926413476467132
2026-09-17T07:25:19.885355,1789629919885355800,63.67535571289063,0.2049358338117599,-0.1027905568480491,0.1407398134469986
2026-09-17T07:25:19.895315,1789629919895315000,63.68531494140625,0.1393927782773971,-0.1672228127717971,0.0846248716115951
2026-09-17T07:25:19.905275,1789629919905275000,63.69527490234375,0.0397996120154857,-0.2453594207763672,0.0217668134719133
2026-09-17T07:25:19.915234,1789629919915234800,63.70523486328125,-0.0729277357459068,-0.2972300946712494,-0.017912421375513
2026-09-17T07:25:19.925193,1789629919925193700,63.71519384765625,-0.1767441481351852,-0.3140623271465301,-0.0273370817303657
2026-09-17T07:25:19.935153,1789629919935153700,63.72515356445312,-0.2488875836133957,-0.3015100359916687,-0.0040687774308025
2026-09-17T07:25:19.945113,1789629919945113900,63.73511376953125,-0.265509694814682,-0.2289066761732101,0.0279112588614225
2026-09-17T07:25:19.955072,1789629919955072800,63.74507275390625,-0.2205765843391418,-0.118229441344738,0.0433264337480068
2026-09-17T07:25:19.965032,1789629919965032700,63.75503271484375,-0.1321010440587997,0.0002271676348755,0.0511577278375625
2026-09-17T07:25:19.974992,1789629919974992600,63.76499267578125,-0.0281397588551044,0.089518167078495,0.0535953193902969
2026-09-17T07:25:19.984951,1789629919984951800,63.77495190429688,0.0726960450410842,0.1201418563723564,0.0717823132872581
2026-09-17T07:25:19.994912,1789629919994912000,63.784912109375,0.1564378142356872,0.0917693376541137,0.1123832687735557
2026-09-17T07:25:20.004872,1789629920004872000,63.79487182617188,0.2376519739627838,0.0567871145904064,0.1641687005758285
2026-09-17T07:25:20.014830,1789629920014830800,63.804830810546875,0.3228076100349426,0.0267615728080272,0.2143194824457168
2026-09-17T07:25:20.024790,1789629920024790800,63.814790771484375,0.395698606967926,-0.0267421323806047,0.2353331595659256
2026-09-17T07:25:20.034749,1789629920034749700,63.82474975585937,0.4389094412326813,-0.0858696326613426,0.2327576130628585
2026-09-17T07:25:20.044710,1789629920044710000,63.8347099609375,0.4375616312026977,-0.137871578335762,0.2181451171636581
2026-09-17T07:25:20.054669,1789629920054669800,63.844669921875,0.380418449640274,-0.1997011303901672,0.188508927822113
2026-09-17T07:25:20.064628,1789629920064628700,63.85462866210938,0.2821781635284424,-0.2544091045856476,0.1384846419095993
2026-09-17T07:25:20.074588,1789629920074588700,63.86458862304688,0.1590892523527145,-0.2636415064334869,0.0745802298188209
2026-09-17T07:25:20.084548,1789629920084548600,63.87454858398438,0.0516935549676418,-0.227469116449356,0.0197635851800441
2026-09-17T07:25:20.094508,1789629920094508000,63.88450805664063,-0.0176080223172903,-0.1411954760551452,-0.0280702505260705
2026-09-17T07:25:20.104468,1789629920104468000,63.89446801757813,-0.032789371907711,-0.0728182792663574,-0.051656536757946
2026-09-17T07:25:20.114428,1789629920114428000,63.90442797851563,-0.0051654670387506,0.005208077840507,-0.0568726025521755
2026-09-17T07:25:20.124386,1789629920124386800,63.91438671875,0.0349007248878479,0.0472524650394916,-0.0470474027097225
2026-09-17T07:25:20.134346,1789629920134346800,63.9243466796875,0.0575634278357028,0.0550965406000614,-0.0318071991205215
2026-09-17T07:25:20.144307,1789629920144307000,63.934306884765626,0.0301232803612947,0.0158458091318607,-0.0166295766830444
2026-09-17T07:25:20.154265,1789629920154265900,63.94426586914062,-0.0512341596186161,-0.0613871924579143,-0.0054799863137304
2026-09-17T07:25:20.164225,1789629920164225800,63.95422583007812,-0.1746759414672851,-0.1360726207494735,-0.0217694770544767
2026-09-17T07:25:20.174185,1789629920174185700,63.96418579101562,-0.3212200999259949,-0.1836057752370834,-0.0508610494434833
2026-09-17T07:25:20.184144,1789629920184144600,63.97414453125,-0.4630691111087799,-0.1792954504489898,-0.0943882837891578
2026-09-17T07:25:20.194104,1789629920194104800,63.98410473632813,-0.5804436802864075,-0.1513248085975647,-0.1461372375488281
2026-09-17T07:25:20.204064,1789629920204064800,63.99406469726563,-0.6471303105354309,-0.0937390103936195,-0.1767878234386444
2026-09-17T07:25:20.214024,1789629920214024000,64.00402392578125,-0.643462061882019,0.0147326067090034,-0.1550234109163284
2026-09-17T07:25:20.223983,1789629920223983900,64.01398388671875,-0.5578470230102539,0.1653135865926742,-0.0810242816805839
2026-09-17T07:25:20.233944,1789629920233944000,64.02394409179688,-0.3952005803585052,0.339703768491745,0.0501294806599617
2026-09-17T07:25:20.243903,1789629920243903000,64.03390307617188,-0.1747459769248962,0.4989770352840423,0.1957796216011047
2026-09-17T07:25:20.253863,1789629920253863000,64.04386279296875,0.0674589350819587,0.6044818758964539,0.3137291669845581
2026-09-17T07:25:20.263822,1789629920263822800,64.05382275390625,0.2956769168376922,0.6200334429740906,0.3726691901683807
2026-09-17T07:25:20.273782,1789629920273782000,64.06378198242187,0.4770437777042389,0.54327791929245,0.3879826068878174
2026-09-17T07:25:20.283742,1789629920283742000,64.07374194335938,0.5937981009483337,0.3631331920623779,0.379679411649704
2026-09-17T07:25:20.293702,1789629920293702100,64.0837021484375,0.641080379486084,0.1294325590133667,0.3593184947967529
2026-09-17T07:25:20.303661,1789629920303661000,64.0936611328125,0.6141025424003601,-0.1346989572048187,0.3244403898715973
2026-09-17T07:25:20.313621,1789629920313621000,64.10362109375,0.533562183380127,-0.3398582339286804,0.2769932448863983
2026-09-17T07:25:20.323581,1789629920323581000,64.11358081054688,0.4171380996704101,-0.4354808926582336,0.2273327559232711
2026-09-17T07:25:20.333539,1789629920333539800,64.12353979492187,0.277352511882782,-0.4542596340179443,0.1646962761878967
2026-09-17T07:25:20.343500,1789629920343500000,64.1335,0.1166930571198463,-0.4158339500427246,0.0837082117795944
2026-09-17T07:25:20.353460,1789629920353460000,64.1434599609375,-0.0493686161935329,-0.345376044511795,0.0024940504226833
2026-09-17T07:25:20.363419,1789629920363419100,64.15341918945313,-0.2220328003168106,-0.2826239764690399,-0.0765349864959716
2026-09-17T07:25:20.373379,1789629920373379000,64.16337915039063,-0.4016092121601105,-0.2729359269142151,-0.1647471338510513
2026-09-17T07:25:20.383339,1789629920383339000,64.17333911132812,-0.5646799206733704,-0.2854495942592621,-0.2647296488285064
2026-09-17T07:25:20.393298,1789629920393298200,64.18329809570312,-0.6802616119384766,-0.2756712734699249,-0.3516645729541778
2026-09-17T07:25:20.403258,1789629920403258000,64.19325805664063,-0.728647768497467,-0.2453322559595108,-0.4097062945365906
2026-09-17T07:25:20.413218,1789629920413218000,64.20321801757812,-0.6823692321777344,-0.1895723342895507,-0.4292344450950622
2026-09-17T07:25:20.423177,1789629920423177000,64.21317700195313,-0.544460654258728,-0.0672296360135078,-0.4086727201938629
2026-09-17T07:25:20.433137,1789629920433137000,64.22313696289062,-0.3353612124919891,0.1163950487971305,-0.3502711951732635
2026-09-17T07:25:20.443097,1789629920443097000,64.23309716796875,-0.097146525979042,0.2930981814861297,-0.2624079287052154
2026-09-17T07:25:20.453056,1789629920453056000,64.24305590820312,0.1114061549305915,0.4119172394275665,-0.1494938880205154
2026-09-17T07:25:20.463016,1789629920463016000,64.25301586914063,0.2554445564746856,0.4262554347515106,-0.031568843871355
2026-09-17T07:25:20.472976,1789629920472976000,64.26297583007812,0.3158618211746216,0.3444585800170898,0.0632093325257301
2026-09-17T07:25:20.482935,1789629920482935000,64.27293505859375,0.3107677400112152,0.2307506501674652,0.1224393621087074
2026-09-17T07:25:20.492895,1789629920492895200,64.28289526367188,0.2649653553962707,0.1559746861457824,0.1431052237749099
2026-09-17T07:25:20.502855,1789629920502855200,64.29285522460937,0.2038226425647735,0.1156389787793159,0.1244718879461288
2026-09-17T07:25:20.512814,1789629920512814000,64.30281396484375,0.1430184096097946,0.1085150241851806,0.0724904462695121
2026-09-17T07:25:20.522774,1789629920522774000,64.31277392578124,0.0973622426390647,0.1381978243589401,0.0057012951001524
2026-09-17T07:25:20.532734,1789629920532734000,64.32273388671875,0.0732539743185043,0.1547200679779052,-0.0562230572104454
2026-09-17T07:25:20.542693,1789629920542693000,64.33269311523438,0.0592505410313606,0.1351005584001541,-0.1137763634324073
2026-09-17T07:25:20.552653,1789629920552653000,64.34265307617187,0.0487694032490253,0.0881415754556655,-0.1414319574832916
2026-09-17T07:25:20.562612,1789629920562612000,64.35261206054687,0.0330495610833168,0.0384784154593944,-0.1511205434799194
2026-09-17T07:25:20.572572,1789629920572572000,64.36257202148437,0.010121077299118,-0.0138103542849421,-0.1502760499715805
2026-09-17T07:25:20.582531,1789629920582531800,64.37253173828125,-0.0057492321357131,-0.0543734915554523,-0.1463662683963775
2026-09-17T07:25:20.592492,1789629920592492000,64.38249194335937,-0.0041263019666075,-0.0593730472028255,-0.149452343583107
2026-09-17T07:25:20.602451,1789629920602451200,64.392451171875,0.0222070347517728,-0.0546427406370639,-0.1620291173458099
2026-09-17T07:25:20.612411,1789629920612411100,64.4024111328125,0.0532429814338684,-0.0549199730157852,-0.1755406707525253
2026-09-17T07:25:20.622370,1789629920622370000,64.4123701171875,0.0715210512280464,-0.0739985927939415,-0.1774988919496536
2026-09-17T07:25:20.632330,1789629920632330000,64.422330078125,0.0657539814710617,-0.083980917930603,-0.1543600112199783
2026-09-17T07:25:20.642290,1789629920642290200,64.43229028320313,0.0434979423880577,-0.0885202810168266,-0.125299870967865
2026-09-17T07:25:20.652249,1789629920652249000,64.4422490234375,0.0241226460784673,-0.0866526067256927,-0.0932644307613372
2026-09-17T07:25:20.662209,1789629920662209000,64.452208984375,0.0165528785437345,-0.0861258283257484,-0.0649441108107566
2026-09-17T07:25:20.672169,1789629920672169000,64.4621689453125,0.0185601022094488,-0.0892417281866073,-0.0627057254314422
2026-09-17T07:25:20.682128,1789629920682128000,64.4721279296875,0.0197417475283145,-0.0987308397889137,-0.065866895020008
2026-09-17T07:25:20.692088,1789629920692088000,64.48208813476562,0.0178170800209045,-0.1074574813246727,-0.0599679946899414
2026-09-17T07:25:20.702048,1789629920702048000,64.49204809570313,0.0282151270657777,-0.1011396646499633,-0.0342724844813346
2026-09-17T07:25:20.712007,1789629920712007200,64.50200708007813,0.0682557523250579,-0.0739868730306625,0.0104771424084901
2026-09-17T07:25:20.721967,1789629920721967000,64.51196704101562,0.1407800167798996,-0.013063870370388,0.0722110792994499
2026-09-17T07:25:20.731927,1789629920731927000,64.52192700195313,0.2269607186317443,0.066422700881958,0.1349855214357376
2026-09-17T07:25:20.741886,1789629920741886200,64.53188623046876,0.3070763051509857,0.128830149769783,0.1960368901491165
2026-09-17T07:25:20.751846,1789629920751846100,64.54184619140625,0.3739829063415527,0.1798821538686752,0.2441626042127609
2026-09-17T07:25:20.761806,1789629920761806000,64.55180615234374,0.4239856302738189,0.2373523712158203,0.2774441242218017
2026-09-17T07:25:20.771765,1789629920771765000,64.56176489257813,0.4494973719120025,0.2418874651193618,0.2878911793231964
2026-09-17T07:25:20.781725,1789629920781725000,64.57172485351562,0.4334947168827057,0.169101133942604,0.2664141058921814
2026-09-17T07:25:20.791685,1789629920791685000,64.58168505859375,0.3703828454017639,0.029500899836421,0.2169746607542038
2026-09-17T07:25:20.801644,1789629920801644000,64.59164404296875,0.2767732739448547,-0.1239397898316383,0.1463500261306762
2026-09-17T07:25:20.811604,1789629920811604000,64.60160400390625,0.1693549454212188,-0.2339174151420593,0.052396360784769
2026-09-17T07:25:20.821564,1789629920821564000,64.61156396484375,0.0509960725903511,-0.2945674657821655,-0.0743216350674629
2026-09-17T07:25:20.831522,1789629920831522800,64.62152270507812,-0.0652229487895965,-0.3117464482784271,-0.2248086184263229
2026-09-17T07:25:20.841483,1789629920841483000,64.63148291015625,-0.1688095182180404,-0.2670234441757202,-0.3755355477333069
2026-09-17T07:25:20.851443,1789629920851443000,64.64144287109374,-0.2502135634422302,-0.1509594172239303,-0.5023720264434814
2026-09-17T07:25:20.861402,1789629920861402000,64.65140209960937,-0.303276002407074,0.0106973852962255,-0.5849068760871887
2026-09-17T07:25:20.871362,1789629920871362000,64.66136206054688,-0.3160375952720642,0.1852119266986847,-0.6060691475868225
2026-09-17T07:25:20.881322,1789629920881322200,64.671322265625,-0.2859630584716797,0.3313726186752319,-0.567024290561676
2026-09-17T07:25:20.891281,1789629920891281200,64.68128125,-0.2220165580511093,0.4197775721549988,-0.4878250658512115
2026-09-17T07:25:20.901241,1789629920901241000,64.69124096679687,-0.1333841532468795,0.4300038516521454,-0.3919310271739959
2026-09-17T07:25:20.911201,1789629920911201000,64.70120092773438,-0.0333877839148044,0.3539349138736725,-0.2914582192897796
2026-09-17T07:25:20.921160,1789629920921160000,64.71115991210938,0.0691822692751884,0.2243129909038543,-0.1995234936475753
2026-09-17T07:25:20.931119,1789629920931119900,64.72111987304687,0.1786112934350967,0.0770298019051551,-0.1181202456355094
2026-09-17T07:25:20.941080,1789629920941080000,64.731080078125,0.2907335758209228,-0.0316106565296649,-0.0812983214855194
2026-09-17T07:25:20.951039,1789629920951039000,64.7410390625,0.3920098543167114,-0.0994155332446098,-0.0916486904025077
2026-09-17T07:25:20.960999,1789629920960999000,64.7509990234375,0.447709858417511,-0.1425371766090393,-0.1342944204807281
2026-09-17T07:25:20.970958,1789629920970958800,64.76095874023437,0.4265683591365814,-0.1729009449481964,-0.1821764558553695
2026-09-17T07:25:20.980918,1789629920980918000,64.77091796875,0.3158551752567291,-0.2067308127880096,-0.2152033895254135
2026-09-17T07:25:20.990878,1789629920990878200,64.78087817382813,0.1277116239070892,-0.2495158165693283,-0.2356956154108047
2026-09-17T07:25:21.000838,1789629921000838100,64.79083813476562,-0.0867684483528137,-0.253249317407608,-0.2455671578645706
2026-09-17T07:25:21.010797,1789629921010797000,64.80079711914063,-0.2540192306041717,-0.1523780822753906,-0.240494892001152
2026-09-17T07:25:21.020757,1789629921020757000,64.81075708007812,-0.3449872136116028,-0.0348269566893577,-0.2357768416404724
2026-09-17T07:25:21.030717,1789629921030717200,64.82071728515625,-0.3535657823085785,0.0598020814359188,-0.225586786866188
2026-09-17T07:25:21.040676,1789629921040676000,64.83067602539063,-0.2832876443862915,0.1464213877916336,-0.1978954970836639
2026-09-17T07:25:21.050636,1789629921050636000,64.84063598632812,-0.1511389166116714,0.2264459282159805,-0.1335870921611786
2026-09-17T07:25:21.060596,1789629921060596000,64.85059594726563,0.0195361506193876,0.2775924503803253,-0.015501195564866
2026-09-17T07:25:21.070555,1789629921070555000,64.86055493164062,0.1897699385881424,0.2708935439586639,0.1264474242925644
2026-09-17T07:25:21.080515,1789629921080515000,64.87051513671875,0.3309044241905212,0.1995514631271362,0.2550871670246124
2026-09-17T07:25:21.090474,1789629921090474200,64.88047412109376,0.4173687398433685,0.0785478055477142,0.342576801776886
2026-09-17T07:25:21.100434,1789629921100434200,64.89043408203125,0.4501943290233612,-0.0376909188926219,0.3687724471092224
2026-09-17T07:25:21.110394,1789629921110394000,64.90039404296876,0.4318819046020508,-0.1175892129540443,0.3322759568691253
2026-09-17T07:25:21.120353,1789629921120353000,64.91035302734375,0.3722175061702728,-0.1475151479244232,0.2600049376487732
2026-09-17T07:25:21.130313,1789629921130313000,64.92031298828125,0.2877612113952636,-0.1481316834688186,0.1769904941320419
2026-09-17T07:25:21.140273,1789629921140273200,64.93027319335937,0.1977101415395736,-0.1263424903154373,0.111979529261589
2026-09-17T07:25:21.150232,1789629921150232000,64.94023217773437,0.1210891380906105,-0.1021202430129051,0.0775789469480514
2026-09-17T07:25:21.160192,1789629921160192000,64.95019189453124,0.0575181543827056,-0.0815190970897674,0.0554510094225406
2026-09-17T07:25:21.170152,1789629921170152000,64.96015185546875,0.0033997914288192,-0.0760681331157684,0.0358874276280403
2026-09-17T07:25:21.180110,1789629921180110800,64.97011083984376,-0.0307810828089714,-0.0642413049936294,0.0203665234148502
2026-09-17T07:25:21.190071,1789629921190071000,64.98007104492187,-0.0542190298438072,0.0053942329250276,-0.0063551012426614
2026-09-17T07:25:21.200031,1789629921200031000,64.99003100585938,-0.0750569328665733,0.0310471318662166,-0.0340612977743148
2026-09-17T07:25:21.209990,1789629921209990100,64.999990234375,-0.0804317221045494,0.0386440642178058,-0.0492242723703384
2026-09-17T07:25:21.219950,1789629921219950000,65.0099501953125,-0.0659012496471405,0.0532770715653896,-0.0486295856535434
2026-09-17T07:25:21.229910,1789629921229910000,65.01990991210937,-0.0290106125175952,0.0853183567523956,-0.0236075911670923
2026-09-17T07:25:21.239869,1789629921239869200,65.029869140625,0.0228640362620353,0.1158160790801048,0.0231591146439313
2026-09-17T07:25:21.249829,1789629921249829000,65.0398291015625,0.0736672952771186,0.1311830580234527,0.0829215124249458
2026-09-17T07:25:21.259789,1789629921259789000,65.0497890625,0.1177585944533348,0.1495586037635803,0.1589267998933792
2026-09-17T07:25:21.269748,1789629921269748000,65.059748046875,0.1540140658617019,0.1504257172346115,0.23670494556427
2026-09-17T07:25:21.279708,1789629921279708200,65.06970825195313,0.1780251264572143,0.1197873875498771,0.292222797870636
2026-09-17T07:25:21.289668,1789629921289668000,65.07966821289062,0.1798416674137115,0.0405567474663257,0.3109187185764313
2026-09-17T07:25:21.299627,1789629921299627300,65.08962719726563,0.1652406156063079,-0.0624876134097576,0.301329493522644
2026-09-17T07:25:21.309587,1789629921309587200,65.09958715820312,0.1384601444005966,-0.155969887971878,0.2786678373813629
2026-09-17T07:25:21.319547,1789629921319547100,65.10954711914063,0.1114527583122253,-0.1633689552545547,0.2488076835870742
2026-09-17T07:25:21.329506,1789629921329506000,65.11950610351562,0.0887144207954406,-0.1401376724243164,0.2165964841842651
2026-09-17T07:25:21.339466,1789629921339466000,65.12946606445313,0.0795957595109939,-0.1021213084459304,0.1838824898004531
2026-09-17T07:25:21.349426,1789629921349426200,65.13942626953126,0.090762659907341,0.0448787920176982,0.1537117958068847
2026-09-17T07:25:21.359385,1789629921359385300,65.14938525390625,0.1115805879235267,0.2003221809864044,0.1373224407434463
2026-09-17T07:25:21.369345,1789629921369345300,65.15934521484375,0.1166459247469902,0.2474619895219802,0.1418189257383346
2026-09-17T07:25:21.379305,1789629921379305200,65.16930517578125,0.1006688177585601,0.1980185359716415,0.1864399164915084
2026-09-17T07:25:21.389264,1789629921389264100,65.17926416015625,0.0760329812765121,0.1071019545197486,0.2498215585947036
2026-09-17T07:25:21.399224,1789629921399224300,65.18922436523438,0.0445136725902557,0.0201398897916078,0.295428454875946
2026-09-17T07:25:21.409184,1789629921409184300,65.19918432617187,0.0066589680500328,-0.0764247328042984,0.3066499531269073
2026-09-17T07:25:21.419143,1789629921419143200,65.20914306640626,-0.0404030829668045,-0.1737885773181915,0.2755639255046844
2026-09-17T07:25:21.429103,1789629921429103000,65.21910302734375,-0.109194666147232,-0.297752320766449,0.2058554291725158
2026-09-17T07:25:21.439063,1789629921439063300,65.22906323242188,-0.2087731808423996,-0.4244793653488159,0.1042566299438476
2026-09-17T07:25:21.449022,1789629921449022200,65.23902221679687,-0.3279445767402649,-0.5175363421440125,0.0073327478021383
2026-09-17T07:25:21.458982,1789629921458982100,65.24898217773438,-0.4478755295276642,-0.5805057287216187,-0.0456188842654228
2026-09-17T07:25:21.468942,1789629921468942000,65.25894213867187,-0.517932653427124,-0.519734799861908,-0.056229718029499
2026-09-17T07:25:21.478901,1789629921478901200,65.2689013671875,-0.5095191597938538,-0.270058125257492,0.0051620053127408
2026-09-17T07:25:21.488861,1789629921488861200,65.27886108398438,-0.4256027042865753,0.0422214902937412,0.1158315241336822
2026-09-17T07:25:21.498821,1789629921498821400,65.2888212890625,-0.2698860764503479,0.357150673866272,0.2571993172168731
2026-09-17T07:25:21.508780,1789629921508780300,65.2987802734375,-0.0668061971664428,0.6273515224456787,0.4257180094718933
2026-09-17T07:25:21.518740,1789629921518740200,65.308740234375,0.1534478813409805,0.7407159209251404,0.5945030450820923
2026-09-17T07:25:21.528700,1789629921528700200,65.3187001953125,0.3489918112754822,0.6441728472709656,0.7176297903060913
2026-09-17T07:25:21.538659,1789629921538659000,65.3286591796875,0.4963594377040863,0.434212177991867,0.789692223072052
2026-09-17T07:25:21.548619,1789629921548619300,65.33861938476562,0.5836623907089233,0.1689592003822326,0.8091412782669067
2026-09-17T07:25:21.558578,1789629921558578200,65.348578125,0.6225349307060242,-0.0861276909708976,0.7926150560379028
2026-09-17T07:25:21.568538,1789629921568538000,65.3585380859375,0.617845892906189,-0.2674857676029205,0.7554530501365662
2026-09-17T07:25:21.578498,1789629921578498000,65.368498046875,0.577193021774292,-0.3653883635997772,0.7035666704177856
2026-09-17T07:25:21.588458,1789629921588458200,65.37845825195312,0.5016849637031555,-0.3793781995773315,0.6457646489143372
2026-09-17T07:25:21.598417,1789629921598417400,65.38841748046875,0.3981580138206482,-0.3108321726322174,0.576076090335846
2026-09-17T07:25:21.608377,1789629921608377300,65.39837744140625,0.2605887055397033,-0.2335333973169326,0.4953423738479614
2026-09-17T07:25:21.618336,1789629921618336300,65.40833618164062,0.0947446152567863,-0.1863632202148437,0.4048492312431335
2026-09-17T07:25:21.628296,1789629921628296200,65.41829614257813,-0.0894864723086357,-0.189030110836029,0.3074957728385925
2026-09-17T07:25:21.638256,1789629921638256400,65.42825634765624,-0.269584596157074,-0.2304337471723556,0.2112834751605987
2026-09-17T07:25:21.648215,1789629921648215300,65.43821533203125,-0.4160185158252716,-0.2711473405361175,0.129002183675766
2026-09-17T07:25:21.658175,1789629921658175200,65.44817529296876,-0.4931407272815704,-0.2450702041387558,0.079167254269123
2026-09-17T07:25:21.668135,1789629921668135200,65.45813525390625,-0.4879427850246429,-0.1725872159004211,0.058000985532999
2026-09-17T07:25:21.678094,1789629921678094000,65.46809399414063,-0.3915366232395172,-0.0646935105323791,0.0582766234874725
2026-09-17T07:25:21.688054,1789629921688054000,65.47805395507812,-0.2275380790233612,0.0759328454732894,0.0796431601047515
2026-09-17T07:25:21.698014,1789629921698014200,65.48801416015625,-0.0331893786787986,0.2107436656951904,0.112025074660778
2026-09-17T07:25:21.707973,1789629921707973000,65.49797314453124,0.1417539417743683,0.2990055978298187,0.1487364768981933
2026-09-17T07:25:21.717933,1789629921717933000,65.50793310546875,0.2590145170688629,0.3101378977298736,0.1800643056631088
2026-09-17T07:25:21.727893,1789629921727893000,65.51789306640624,0.3123669624328613,0.2607591450214386,0.1990750133991241
2026-09-17T07:25:21.737852,1789629921737852200,65.52785205078125,0.3071762025356293,0.1860036849975586,0.2096054255962371
2026-09-17T07:25:21.747812,1789629921747812400,65.53781225585938,0.2538778185844421,0.1048145592212677,0.2182125002145767
2026-09-17T07:25:21.757772,1789629921757772300,65.54777221679687,0.1696814447641372,0.0482093393802642,0.2273934781551361
2026-09-17T07:25:21.767731,1789629921767731200,65.55773120117188,0.0763059556484222,0.0279338955879211,0.2378740757703781
2026-09-17T07:25:21.777691,1789629921777691100,65.56769116210937,0.0015089471125975,0.0552030690014362,0.2453905791044235
2026-09-17T07:25:21.787651,1789629921787651300,65.5776513671875,-0.0406893715262413,0.0985832959413528,0.2340188920497894
2026-09-17T07:25:21.797610,1789629921797610200,65.5876103515625,-0.0565476976335048,0.1547656059265136,0.1978702098131179
2026-09-17T07:25:21.807570,1789629921807570200,65.59757006835937,-0.0628668442368507,0.1932895630598068,0.1446312218904495
2026-09-17T07:25:21.817530,1789629921817530000,65.60753002929688,-0.079872727394104,0.1824707388877868,0.0935821458697319
2026-09-17T07:25:21.827489,1789629921827489000,65.61748901367187,-0.1157423108816146,0.1395334005355835,0.056480586528778
2026-09-17T07:25:21.837449,1789629921837449200,65.62744921875,-0.1608035266399383,0.0682469680905342,0.0123192500323057
2026-09-17T07:25:21.847409,1789629921847409200,65.6374091796875,-0.203754723072052,0.0093602119013667,-0.0318681858479976
2026-09-17T07:25:21.857368,1789629921857368300,65.64736840820312,-0.2369214594364166,-0.0704075843095779,-0.0829263105988502
2026-09-17T07:25:21.867328,1789629921867328300,65.65732836914063,-0.2601801753044128,-0.1218963414430618,-0.1282320022583007
2026-09-17T07:25:21.877288,1789629921877288200,65.6672880859375,-0.266214907169342,-0.1172643080353736,-0.1562079787254333
2026-09-17T07:25:21.887247,1789629921887247000,65.6772470703125,-0.2777554392814636,-0.1025269106030464,-0.1687474697828292
2026-09-17T07:25:21.897207,1789629921897207300,65.68720727539062,-0.2995608747005462,-0.1040755361318588,-0.1729358285665512
2026-09-17T07:25:21.907167,1789629921907167200,65.69716723632813,-0.3211082518100738,-0.0896049812436103,-0.1613516062498092
2026-09-17T07:25:21.917126,1789629921917126100,65.70712622070313,-0.3376664519309997,-0.0577620975673198,-0.1371418833732605
2026-09-17T07:25:21.927086,1789629921927086000,65.71708618164062,-0.3454665839672088,-0.0443767867982387,-0.1135156452655792
2026-09-17T07:25:21.937046,1789629921937046300,65.72704638671875,-0.3392936587333679,-0.0623291544616222,-0.0992679968476295
2026-09-17T07:25:21.947005,1789629921947005200,65.73700512695312,-0.3106944859027862,-0.0802695378661155,-0.0856150388717651
2026-09-17T07:25:21.956965,1789629921956965000,65.74696508789063,-0.2604539692401886,-0.1052971258759498,-0.0601549483835697
2026-09-17T07:25:21.966924,1789629921966924300,65.75692431640626,-0.2016561478376388,-0.1431837826967239,-0.031913723796606
2026-09-17T07:25:21.976884,1789629921976884200,65.76688427734375,-0.1521645039319992,-0.2148497253656387,-0.0169765874743461
2026-09-17T07:25:21.986844,1789629921986844400,65.77684448242188,-0.1127486526966095,-0.2753317058086395,-0.0080169141292572
2026-09-17T07:25:21.996803,1789629921996803300,65.78680322265625,-0.0777547135949134,-0.2742579281330108,-0.0053271208889782
2026-09-17T07:25:22.006763,1789629922006763300,65.79676318359375,-0.0511678457260131,-0.2459317445755005,-0.0109855392947793
2026-09-17T07:25:22.016723,1789629922016723200,65.80672314453125,-0.0357414856553077,-0.2231398671865463,-0.0315472744405269
2026-09-17T07:25:22.026682,1789629922026682000,65.81668212890625,-0.0349081829190254,-0.1986236125230789,-0.0656075030565261
2026-09-17T07:25:22.036642,1789629922036642300,65.82664233398438,-0.036954291164875,-0.1631138175725937,-0.0993699952960014
2026-09-17T07:25:22.046602,1789629922046602200,65.83660229492187,-0.0402856357395648,-0.1131910011172294,-0.1322586983442306
2026-09-17T07:25:22.056561,1789629922056561200,65.84656103515626,-0.0307544507086277,-0.0697391331195831,-0.1598940640687942
2026-09-17T07:25:22.066521,1789629922066521000,65.85652099609375,-0.0156988017261028,-0.0479904301464557,-0.1837698370218277
2026-09-17T07:25:22.076481,1789629922076481000,65.86648095703126,0.0048837047070264,-0.0530352555215358,-0.205977663397789
2026-09-17T07:25:22.086440,1789629922086440200,65.87644018554687,0.0099461078643798,-0.1047391965985298,-0.2261463105678558
2026-09-17T07:25:22.096400,1789629922096400400,65.886400390625,0.0001483380765421,-0.1703871786594391,-0.2574544250965118
2026-09-17T07:25:22.106360,1789629922106360300,65.8963603515625,-0.0297395195811986,-0.2309887409210205,-0.2915596663951874
2026-09-17T07:25:22.116319,1789629922116319200,65.9063193359375,-0.0988421589136123,-0.3041268587112427,-0.3392097651958465
2026-09-17T07:25:22.126279,1789629922126279200,65.91627905273438,-0.219333678483963,-0.3747251331806183,-0.3920788168907165
2026-09-17T07:25:22.136239,1789629922136239400,65.9262392578125,-0.3752476572990417,-0.4412431716918945,-0.4444477558135986
2026-09-17T07:25:22.146198,1789629922146198300,65.9361982421875,-0.5305304527282715,-0.4300592243671417,-0.47105273604393
2026-09-17T07:25:22.156158,1789629922156158200,65.946158203125,-0.6360414028167725,-0.3139850795269012,-0.4872186481952667
2026-09-17T07:25:22.166118,1789629922166118100,65.9561181640625,-0.6670275926589966,-0.1438421159982681,-0.5204423666000366
2026-09-17T07:25:22.176077,1789629922176077000,65.9660771484375,-0.6102412343025208,0.1164879947900772,-0.5571964383125305
2026-09-17T07:25:22.186037,1789629922186037200,65.97603735351562,-0.4880588948726654,0.3962363004684448,-0.5557814836502075
2026-09-17T07:25:22.195997,1789629922195997200,65.9859970703125,-0.3363420665264129,0.6402612328529358,-0.4891097843647003
2026-09-17T07:25:22.205956,1789629922205956000,65.9959560546875,-0.1768096536397934,0.7791959047317505,-0.3602633774280548
2026-09-17T07:25:22.215916,1789629922215916000,66.005916015625,-0.0242494139820337,0.7765079736709595,-0.2060602307319641
2026-09-17T07:25:22.225876,1789629922225876000,66.0158759765625,0.1173932030797004,0.6649718880653381,-0.0548315569758415
2026-09-17T07:25:22.235835,1789629922235835400,66.02583544921875,0.2645078301429748,0.4839381873607635,0.0785243660211563
2026-09-17T07:25:22.245795,1789629922245795300,66.03579541015625,0.4102687537670135,0.255537748336792,0.1785255372524261
2026-09-17T07:25:22.255754,1789629922255754200,66.04575415039062,0.5408208966255188,0.0256321262568235,0.2071739584207534
2026-09-17T07:25:22.265714,1789629922265714200,66.05571411132813,0.6243711709976196,-0.1542889028787613,0.1687733083963394
2026-09-17T07:25:22.275673,1789629922275673300,66.06567333984376,0.6352145075798035,-0.2833459675312042,0.0838363096117973
2026-09-17T07:25:22.285632,1789629922285632300,66.07563232421874,0.5463850498199463,-0.3508120775222778,-0.013424995355308
2026-09-17T07:25:22.295592,1789629922295592200,66.08559228515625,0.3738468289375305,-0.3616183996200561,-0.0859364792704582
2026-09-17T07:25:22.305552,1789629922305552400,66.09555249023437,0.1569344848394394,-0.3274122178554535,-0.115229919552803
2026-09-17T07:25:22.315511,1789629922315511600,66.10551147460937,-0.0475155860185623,-0.2414102256298065,-0.1310813277959823
2026-09-17T07:25:22.325471,1789629922325471500,66.11547143554688,-0.1959279626607895,-0.1080939769744873,-0.1526137739419937
2026-09-17T07:25:22.335431,1789629922335431400,66.12543139648437,-0.2621509134769439,0.0671526715159416,-0.1756061762571334
2026-09-17T07:25:22.345390,1789629922345390300,66.13539038085938,-0.2421889305114746,0.2682317197322845,-0.1916064471006393
2026-09-17T07:25:22.355350,1789629922355350500,66.1453505859375,-0.1608093827962875,0.443104475736618,-0.1876151710748672
2026-09-17T07:25:22.365310,1789629922365310500,66.155310546875,-0.0567402429878711,0.5388051271438599,-0.1630592197179794
2026-09-17T07:25:22.375269,1789629922375269400,66.16526928710938,0.0337627567350864,0.542373538017273,-0.1157958433032035
2026-09-17T07:25:22.385229,1789629922385229300,66.17522924804688,0.0985446795821189,0.4798273146152496,-0.0320540741086006
2026-09-17T07:25:22.395189,1789629922395189500,66.185189453125,0.1375751793384552,0.395330011844635,0.0770934522151947
2026-09-17T07:25:22.405148,1789629922405148400,66.1951484375,0.1546747982501983,0.3073160052299499,0.1893355697393417
2026-09-17T07:25:22.415108,1789629922415108400,66.2051083984375,0.1617201864719391,0.2241534739732742,0.2827099859714508
2026-09-17T07:25:22.425068,1789629922425068300,66.215068359375,0.1622147411108017,0.1673365235328674,0.3438007831573486
2026-09-17T07:25:22.435027,1789629922435027500,66.22502734375,0.156048983335495,0.1197735369205474,0.3777789771556854
2026-09-17T07:25:22.444987,1789629922444987400,66.2349873046875,0.143003225326538,0.0610356554388999,0.3954852819442749
2026-09-17T07:25:22.454947,1789629922454947600,66.24494750976562,0.1209669038653373,0.014937138184905,0.4086032211780548
2026-09-17T07:25:22.464906,1789629922464906500,66.25490649414063,0.0974282845854759,-0.0156711041927337,0.4278104603290558
2026-09-17T07:25:22.474866,1789629922474866400,66.26486645507812,0.0513670518994331,-0.0488860495388507,0.451964795589447
2026-09-17T07:25:22.484826,1789629922484826400,66.27482641601563,-0.0116798253729939,-0.0898316204547882,0.4790888130664825
2026-09-17T07:25:22.494785,1789629922494785300,66.28478540039063,-0.0789717808365821,-0.1225522831082344,0.4994415044784546
2026-09-17T07:25:22.504745,1789629922504745500,66.29474536132813,-0.1412279605865478,-0.136900320649147,0.4967490434646606
2026-09-17T07:25:22.514705,1789629922514705400,66.30470532226562,-0.1905209422111511,-0.1207698285579681,0.4658497273921966
2026-09-17T07:25:22.524664,1789629922524664300,66.31466430664062,-0.2249582856893539,-0.0874837785959243,0.4120453596115112
2026-09-17T07:25:22.534624,1789629922534624300,66.32462426757813,-0.2384141683578491,-0.0402669943869113,0.3532667160034179
2026-09-17T07:25:22.544584,1789629922544584400,66.33458447265625,-0.2343081086874008,0.0209950301796197,0.2928800880908966
2026-09-17T07:25:22.554543,1789629922554543600,66.34454370117187,-0.217313677072525,0.0537721514701843,0.2432712465524673
2026-09-17T07:25:22.564503,1789629922564503600,66.35450366210938,-0.1913435906171798,0.0670115277171135,0.2295754104852676
2026-09-17T07:25:22.574462,1789629922574462500,66.36446240234375,-0.1663767248392105,0.0697524473071098,0.2705364227294922
2026-09-17T07:25:22.584422,1789629922584422400,66.37442236328125,-0.1379884928464889,0.0636641979217529,0.3560324013233185
2026-09-17T07:25:22.594382,1789629922594382600,66.38438256835937,-0.1038409098982811,0.0722377076745033,0.4610389769077301
2026-09-17T07:25:22.604341,1789629922604341500,66.39434155273437,-0.0524011552333831,0.0718265175819397,0.5460870265960693
2026-09-17T07:25:22.614301,1789629922614301400,66.40430151367187,0.0013020194601267,0.0982179120182991,0.6140674352645874
2026-09-17T07:25:22.624261,1789629922624261400,66.41426147460938,0.050066627562046,0.0945041328668594,0.6751118898391724
2026-09-17T07:25:22.634220,1789629922634220300,66.42422021484376,0.0796274542808532,0.0585844852030277,0.7141908407211304
2026-09-17T07:25:22.644180,1789629922644180200,66.43418017578125,0.09999530762434,-0.0051870387978851,0.7378013730049133
2026-09-17T07:25:22.654140,1789629922654140400,66.44414038085938,0.1103459447622299,-0.0774284750223159,0.7404884696006775
2026-09-17T07:25:22.664099,1789629922664099300,66.45409936523437,0.1131396070122718,-0.1391962319612503,0.7301985621452332
2026-09-17T07:25:22.674059,1789629922674059300,66.46405932617188,0.1050324067473411,-0.1830875277519226,0.7237861752510071
2026-09-17T07:25:22.684019,1789629922684019200,66.47401928710937,0.0940122455358505,-0.2014303207397461,0.7239938974380493
2026-09-17T07:25:22.693978,1789629922693978400,66.48397827148438,0.0802825912833213,-0.1403850764036178,0.7439005374908447
2026-09-17T07:25:22.703938,1789629922703938600,66.4939384765625,0.075159728527069,-0.0592662543058395,0.775340735912323
2026-09-17T07:25:22.713898,1789629922713898500,66.5038984375,0.084517017006874,0.049696184694767,0.8029273748397827
2026-09-17T07:25:22.723857,1789629922723857400,66.513857421875,0.108774684369564,0.1650928109884262,0.8315672278404236
2026-09-17T07:25:22.733817,1789629922733817300,66.5238173828125,0.1373011320829391,0.2023035734891891,0.8445504307746887
2026-09-17T07:25:22.743777,1789629922743777500,66.53377758789063,0.1429931074380874,0.1449683755636215,0.8109642267227173
2026-09-17T07:25:22.753736,1789629922753736400,66.543736328125,0.1221080645918846,0.0209436304867267,0.7473043203353882
2026-09-17T07:25:22.763696,1789629922763696400,66.5536962890625,0.0750699862837791,-0.0907677188515663,0.6857684850692749
2026-09-17T07:25:22.773656,1789629922773656300,66.56365625,0.0168825760483741,-0.1686737090349197,0.6583182215690613
2026-09-17T07:25:22.783615,1789629922783615200,66.573615234375,-0.0453653521835804,-0.1995232254266739,0.6599521040916443
2026-09-17T07:25:22.793575,1789629922793575400,66.58357543945313,-0.093281477689743,-0.1714412569999694,0.6887232661247253
2026-09-17T07:25:22.803535,1789629922803535400,66.59353540039062,-0.1285001784563064,-0.110090285539627,0.7358982563018799
2026-09-17T07:25:22.813494,1789629922813494500,66.60349462890625,-0.1650528758764267,-0.0477046705782413,0.7853507399559021
2026-09-17T07:25:22.823454,1789629922823454500,66.61345434570312,-0.2067225575447082,0.0281762443482875,0.8441237807273865
2026-09-17T07:25:22.833414,1789629922833414400,66.62341430664063,-0.25362429022789,0.1073211282491684,0.9291510581970216
2026-09-17T07:25:22.843373,1789629922843373300,66.63337329101563,-0.2759032249450683,0.2074932754039764,1.0437273979187012
2026-09-17T07:25:22.853333,1789629922853333500,66.64333349609375,-0.240982249379158,0.3462884426116943,1.1796280145645142
2026-09-17T07:25:22.863292,1789629922863292400,66.65329248046875,-0.1420522183179855,0.4779921472072601,1.2872614860534668
2026-09-17T07:25:22.873252,1789629922873252400,66.66325244140624,0.002951847622171,0.552159309387207,1.3311195373535156
2026-09-17T07:25:22.883212,1789629922883212300,66.67321240234375,0.175306037068367,0.5508924722671509,1.3240344524383545
2026-09-17T07:25:22.893171,1789629922893171200,66.68317114257812,0.3449030518531799,0.5029022693634033,1.3049126863479614
2026-09-17T07:25:22.903131,1789629922903131400,66.69313134765625,0.4862106442451477,0.3920141160488128,1.2840654850006104
2026-09-17T07:25:22.913091,1789629922913091300,66.70309130859376,0.577266275882721,0.2382378727197647,1.268870830535889
2026-09-17T07:25:22.923050,1789629922923050500,66.71305053710938,0.6160863637924194,0.0890955179929733,1.2595020532608032
2026-09-17T07:25:22.933010,1789629922933010400,66.72301049804688,0.6022565364837646,-0.0162295699119567,1.2470272779464722
2026-09-17T07:25:22.942970,1789629922942970600,66.732970703125,0.5439075231552124,-0.0947677865624427,1.223559021949768
2026-09-17T07:25:22.952929,1789629922952929500,66.74292944335937,0.4429406821727752,-0.1527783572673797,1.1833330392837524
2026-09-17T07:25:22.962889,1789629922962889500,66.75288940429688,0.3071447610855102,-0.1982291936874389,1.1327086687088013
2026-09-17T07:25:22.972849,1789629922972849400,66.76284936523437,0.1361879259347915,-0.2484311163425445,1.056052565574646
2026-09-17T07:25:22.982808,1789629922982808300,66.77280834960938,-0.0618833415210247,-0.30424565076828,0.962591588497162
2026-09-17T07:25:22.992768,1789629922992768500,66.7827685546875,-0.2574304640293121,-0.3510368466377258,0.8799025416374207
2026-09-17T07:25:23.002728,1789629923002728400,66.792728515625,-0.4238468706607818,-0.3549197316169739,0.7978010177612305
2026-09-17T07:25:23.012687,1789629923012687400,66.80268725585937,-0.5431429147720337,-0.3123120963573456,0.7230921983718872
2026-09-17T07:25:23.022647,1789629923022647300,66.81264721679688,-0.6040395498275757,-0.2575330138206482,0.6591733694076538
2026-09-17T07:25:23.032607,1789629923032607200,66.82260717773437,-0.5939855575561523,-0.1496448814868927,0.6342515349388123
2026-09-17T07:25:23.042566,1789629923042566400,66.83256640625,-0.5125277638435364,-0.0209457613527774,0.6433715224266052
2026-09-17T07:25:23.052526,1789629923052526600,66.84252661132813,-0.3636043071746826,0.1283832788467407,0.6853474378585815
2026-09-17T07:25:23.062486,1789629923062486500,66.85248657226562,-0.1672499775886535,0.2812061011791229,0.7498838305473328
2026-09-17T07:25:23.072445,1789629923072445400,66.86244555664062,0.0396973453462123,0.4081014692783355,0.8257194757461548
2026-09-17T07:25:23.082405,1789629923082405400,66.8724052734375,0.2138619571924209,0.4555536806583404,0.8991641402244568
2026-09-17T07:25:23.092365,1789629923092365600,66.88236547851562,0.3367156982421875,0.4288778603076935,0.9494020342826844
2026-09-17T07:25:23.102324,1789629923102324500,66.89232446289063,0.394281804561615,0.3652940988540649,0.9737427830696106
2026-09-17T07:25:23.112284,1789629923112284400,66.90228442382812,0.3946072459220886,0.2922606170177459,0.9768930077552797
2026-09-17T07:25:23.122243,1789629923122243300,66.91224340820312,0.3499574661254883,0.1988875269889831,0.9455361366271972
2026-09-17T07:25:23.132203,1789629923132203300,66.92220336914062,0.2711963355541229,0.1350251883268356,0.8965886235237122
2026-09-17T07:25:23.142163,1789629923142163500,66.93216357421875,0.17307910323143,0.1297912895679474,0.8395423293113708
2026-09-17T07:25:23.152122,1789629923152122600,66.94212255859375,0.069428876042366,0.1591595560312271,0.7845035791397095
2026-09-17T07:25:23.162082,1789629923162082600,66.95208251953125,-0.0334889851510524,0.1860502958297729,0.7403199076652527
2026-09-17T07:25:23.172042,1789629923172042500,66.96204248046875,-0.1319795995950698,0.1825069636106491,0.7114459276199341
2026-09-17T07:25:23.182001,1789629923182001400,66.97200146484376,-0.21849025785923,0.1399182230234146,0.6869490742683411
2026-09-17T07:25:23.191961,1789629923191961600,66.98196166992187,-0.2780547738075256,0.0773477852344513,0.6741030812263489
2026-09-17T07:25:23.201921,1789629923201921500,66.99192163085938,-0.294239342212677,0.0045630601234734,0.6753550171852112
2026-09-17T07:25:23.211880,1789629923211880400,67.00188037109375,-0.2654833495616913,-0.061050571501255,0.679929256439209
2026-09-17T07:25:23.221840,1789629923221840400,67.01184033203126,-0.2064714133739471,-0.1102916225790977,0.6840835213661194
2026-09-17T07:25:23.231800,1789629923231800300,67.02180029296875,-0.1347471624612808,-0.1366137713193893,0.6744157075881958
2026-09-17T07:25:23.241759,1789629923241759200,67.03175927734375,-0.0666951388120651,-0.1432708799839019,0.662225067615509
2026-09-17T07:25:23.251719,1789629923251719400,67.04171948242187,-0.0145336687564849,-0.1168635040521621,0.6491289734840393
2026-09-17T07:25:23.261679,1789629923261679400,67.05167944335938,0.0256193429231643,-0.0680488273501396,0.6360850930213928
2026-09-17T07:25:23.271638,1789629923271638300,67.06163818359374,0.0483451634645462,-0.0294726714491844,0.6249930262565613
2026-09-17T07:25:23.281598,1789629923281598700,67.0715986328125,0.0588020645081996,0.0274611860513687,0.6370701789855957
2026-09-17T07:25:23.291558,1789629923291558700,67.08155859375,0.0614497773349285,0.0864483416080474,0.6938397288322449
2026-09-17T07:25:23.301517,1789629923301517800,67.09151782226563,0.045101698487997,0.1208196282386779,0.7650862336158752
2026-09-17T07:25:23.311478,1789629923311478000,67.10147802734375,0.0394358225166797,0.168854534626007,0.8310505747795105
2026-09-17T07:25:23.321438,1789629923321438000,67.11143798828125,0.0494533032178878,0.2044924199581146,0.8760470747947693
2026-09-17T07:25:23.331396,1789629923331396900,67.12139697265626,0.0675124675035476,0.1867376565933227,0.8815377354621887
2026-09-17T07:25:23.341356,1789629923341356800,67.13135668945313,0.0721900388598442,0.1126823425292968,0.8414092063903809
2026-09-17T07:25:23.351315,1789629923351315700,67.14131567382813,0.0465437993407249,-0.021682659164071,0.7588919997215271
2026-09-17T07:25:23.361275,1789629923361275600,67.15127563476562,-0.0172729957848787,-0.1360105723142624,0.6458773016929626
2026-09-17T07:25:23.371235,1789629923371235800,67.16123583984376,-0.1079344525933265,-0.1640408635139465,0.5224307179450989
2026-09-17T07:25:23.381194,1789629923381194800,67.17119482421874,-0.2001884877681732,-0.0680821165442466,0.3965143263339996
2026-09-17T07:25:23.391154,1789629923391154700,67.18115478515625,-0.2683236002922058,0.1377999484539032,0.2952625453472137
2026-09-17T07:25:23.401114,1789629923401114600,67.19111450195312,-0.286434143781662,0.3446841537952423,0.2544969916343689
2026-09-17T07:25:23.411073,1789629923411073800,67.20107373046875,-0.2623655796051025,0.5450449585914612,0.2687241435050964
2026-09-17T07:25:23.421034,1789629923421034000,67.21103393554688,-0.2280158549547195,0.6432449817657471,0.329240471124649
2026-09-17T07:25:23.430994,1789629923430994000,67.22099389648437,-0.203769102692604,0.5897865891456604,0.4250860512256622
2026-09-17T07:25:23.440952,1789629923440952800,67.23095288085938,-0.1850388348102569,0.4380868077278137,0.5314252972602844
2026-09-17T07:25:23.450912,1789629923450912800,67.24091284179687,-0.1468224674463272,0.2576248943805694,0.6267501711845398
2026-09-17T07:25:23.460873,1789629923460873000,67.250873046875,-0.0811688899993896,0.0893149673938751,0.6826637983322144
2026-09-17T07:25:23.470831,1789629923470831900,67.26083178710938,0.0081881554797291,-0.0224496480077505,0.6973404884338379
2026-09-17T07:25:23.480791,1789629923480791800,67.27079174804688,0.1032632738351821,-0.031193871051073,0.6685194969177246
2026-09-17T07:25:23.490751,1789629923490751700,67.28075170898437,0.1835439950227737,0.0156149119138717,0.6169947385787964
2026-09-17T07:25:23.500710,1789629923500710700,67.29071069335937,0.2224591672420501,0.0933009162545204,0.5509598255157471
2026-09-17T07:25:23.510670,1789629923510670800,67.3006708984375,0.2120898813009262,0.1744002997875213,0.4846255481243133
2026-09-17T07:25:23.520630,1789629923520630800,67.310630859375,0.1502108126878738,0.2291048169136047,0.4255249500274658
2026-09-17T07:25:23.530589,1789629923530589700,67.32058959960938,0.0257003027945756,0.2394701093435287,0.3805547952651977
2026-09-17T07:25:23.540549,1789629923540549600,67.33054956054687,-0.1504656672477722,0.2059720754623413,0.3346070051193237
2026-09-17T07:25:23.550509,1789629923550509600,67.34050952148438,-0.3453949391841888,0.153803676366806,0.287361741065979
2026-09-17T07:25:23.560468,1789629923560468700,67.35046875,-0.5182234644889832,0.06854709982872,0.2199816256761551
2026-09-17T07:25:23.570429,1789629923570429000,67.36042895507812,-0.6411211490631104,0.0188144333660602,0.1591534316539764
2026-09-17T07:25:23.580388,1789629923580388900,67.37038891601563,-0.7008736729621887,0.0461650975048542,0.1274958997964859
2026-09-17T07:25:23.590347,1789629923590347800,67.38034765625,-0.7114956974983215,0.0975257605314254,0.1442463845014572
2026-09-17T07:25:23.600307,1789629923600307700,67.3903076171875,-0.6655023694038391,0.2075800895690918,0.2093761265277862
2026-09-17T07:25:23.610266,1789629923610266600,67.4002666015625,-0.5701193809509277,0.3704172074794769,0.3140932023525238
2026-09-17T07:25:23.620226,1789629923620226800,67.41022680664062,-0.4435595870018005,0.5042282938957214,0.4359275102615356
2026-09-17T07:25:23.630186,1789629923630186800,67.42018676757813,-0.3133097290992737,0.5627400279045105,0.5532770156860352
2026-09-17T07:25:23.640145,1789629923640145700,67.43014575195312,-0.1956888139247894,0.5571466088294983,0.6537826061248779
2026-09-17T07:25:23.650105,1789629923650105600,67.44010571289063,-0.1043623611330986,0.4881952404975891,0.7293620705604553
2026-09-17T07:25:23.660065,1789629923660065800,67.45006567382812,-0.054776694625616,0.3554310798645019,0.7735417485237122
2026-09-17T07:25:23.670025,1789629923670025000,67.46002490234375,-0.0613642893731594,0.1996393352746963,0.7901058197021484
2026-09-17T07:25:23.679985,1789629923679985000,67.46998486328125,-0.1127577051520347,0.0773046389222145,0.7707350850105286
2026-09-17T07:25:23.689944,1789629923689944800,67.47994482421875,-0.1826987117528915,0.0317691154778003,0.7346790432929993
2026-09-17T07:25:23.699903,1789629923699903700,67.48990380859375,-0.2566951811313629,0.0502402670681476,0.6843082904815674
2026-09-17T07:25:23.709864,1789629923709864000,67.49986401367188,-0.3267935514450073,0.1308972984552383,0.6287195682525635
2026-09-17T07:25:23.719824,1789629923719824000,67.50982397460938,-0.3908716142177582,0.2322577387094497,0.5801882743835449
2026-09-17T07:25:23.729782,1789629923729782800,67.51978271484376,-0.4422964453697204,0.2956686615943908,0.5568547248840332
2026-09-17T07:25:23.739742,1789629923739742700,67.52974267578125,-0.4645279943943023,0.3167276084423065,0.5645776391029358
2026-09-17T07:25:23.749702,1789629923749702700,67.53970263671874,-0.4595404267311096,0.3186498880386352,0.5975619554519653
2026-09-17T07:25:23.759661,1789629923759661600,67.54966162109375,-0.4271081984043121,0.269918292760849,0.6438277363777161
2026-09-17T07:25:23.769621,1789629923769621800,67.55962182617188,-0.3701322376728058,0.1910368055105209,0.6748852133750916
2026-09-17T07:25:23.779581,1789629923779581700,67.56958178710937,-0.2782747745513916,0.1086681559681892,0.686729907989502
2026-09-17T07:25:23.789540,1789629923789540900,67.57954077148437,-0.144071951508522,0.0472111888229846,0.6699983477592468
2026-09-17T07:25:23.799500,1789629923799500800,67.58950073242187,0.0279253739863634,0.0353207066655159,0.6378001570701599
2026-09-17T07:25:23.809461,1789629923809461000,67.5994609375,0.2016060799360275,0.0436976812779903,0.5895019173622131
2026-09-17T07:25:23.819420,1789629923819420000,67.609419921875,0.3402830064296722,0.0443512201309204,0.5297496318817139
2026-09-17T07:25:23.829379,1789629923829379800,67.6193798828125,0.4146736264228821,0.0106236161664128,0.4644393026828766
2026-09-17T07:25:23.839338,1789629923839338800,67.6293388671875,0.3996992111206054,-0.0642109438776969,0.3860273361206054
2026-09-17T07:25:23.849298,1789629923849298700,67.63929858398437,0.2946209907531738,-0.1726596504449844,0.2924036383628845
2026-09-17T07:25:23.859259,1789629923859259000,67.6492587890625,0.1290541291236877,-0.2708767652511596,0.1774168610572815
2026-09-17T07:25:23.869217,1789629923869217800,67.6592177734375,-0.0593847632408142,-0.3211362063884735,0.0299472454935312
2026-09-17T07:25:23.879177,1789629923879177700,67.669177734375,-0.2386938035488128,-0.3257583975791931,-0.142279639840126
2026-09-17T07:25:23.889137,1789629923889137700,67.6791376953125,-0.3646631836891174,-0.2697318792343139,-0.2866754531860351
2026-09-17T07:25:23.899096,1789629923899096800,67.68909692382813,-0.4167655408382416,-0.1689826250076294,-0.3682163655757904
2026-09-17T07:25:23.909057,1789629923909057000,67.69905712890625,-0.4069275557994842,-0.087943434715271,-0.3993969261646271
2026-09-17T07:25:23.919017,1789629923919017000,67.70901684570312,-0.3379303812980652,-0.0370269939303398,-0.3808120489120483
2026-09-17T07:25:23.928976,1789629923928976000,67.71897583007812,-0.2307599782943725,-0.0065372614189982,-0.3313907086849212
2026-09-17T07:25:23.938935,1789629923938935800,67.72893579101563,-0.1089989244937896,-0.0334490351378917,-0.2612667679786682
2026-09-17T07:25:23.948895,1789629923948895700,67.73889575195312,0.0098278634250164,-0.0967696830630302,-0.1913145631551742
2026-09-17T07:25:23.958854,1789629923958854700,67.74885473632813,0.1173607110977172,-0.133444607257843,-0.1376247107982635
2026-09-17T07:25:23.968814,1789629923968814800,67.75881494140626,0.2131628692150116,-0.1231150031089782,-0.1082849279046058
2026-09-17T07:25:23.978774,1789629923978774800,67.76877490234375,0.2793419063091278,-0.0924300625920295,-0.1034387722611427
2026-09-17T07:25:23.988733,1789629923988733700,67.77873364257813,0.3059202432632446,-0.0486916378140449,-0.1209844797849655
2026-09-17T07:25:23.998693,1789629923998693600,67.78869360351563,0.2966575026512146,0.0214349851012229,-0.1425691246986389
2026-09-17T07:25:24.008653,1789629924008653800,67.79865380859376,0.2621437311172485,0.0748926177620887,-0.1620166003704071
2026-09-17T07:25:24.018612,1789629924018612700,67.80861279296874,0.1959016025066375,0.062879629433155,-0.1870806664228439
2026-09-17T07:25:24.028572,1789629924028572700,67.81857275390625,0.1124844700098037,0.0083950823172926,-0.2081654518842697
2026-09-17T07:25:24.038531,1789629924038531800,67.82853173828126,0.0273895468562841,-0.0446265898644924,-0.2116976082324981
2026-09-17T07:25:24.048491,1789629924048491800,67.83849169921875,-0.0415572971105575,-0.0838618800044059,-0.1955939978361129
2026-09-17T07:25:24.058452,1789629924058452000,67.84845190429688,-0.0984072610735893,-0.1167745515704155,-0.1767068654298782
2026-09-17T07:25:24.068411,1789629924068411000,67.85841088867187,-0.1420269161462783,-0.131570279598236,-0.1672049760818481
2026-09-17T07:25:24.078370,1789629924078370800,67.86837084960938,-0.1562495231628418,-0.0975654348731041,-0.1643447279930114
2026-09-17T07:25:24.088330,1789629924088330800,67.87833081054687,-0.1392606943845749,-0.02548298984766,-0.158095896244049
2026-09-17T07:25:24.098289,1789629924098289700,67.88828955078125,-0.1034925729036331,0.0405551493167877,-0.1517474502325058
2026-09-17T07:25:24.108249,1789629924108249900,67.89824975585938,-0.0471709743142128,0.0814474523067474,-0.1350046843290329
2026-09-17T07:25:24.118209,1789629924118209800,67.90820971679688,0.0227319430559873,0.1198435798287391,-0.0977566540241241
2026-09-17T07:25:24.128168,1789629924128168700,67.91816870117188,0.0882515683770179,0.1019162461161613,-0.0523984916508197
2026-09-17T07:25:24.138128,1789629924138128600,67.92812866210937,0.1247461959719657,0.0168626029044389,-0.0040141828358173
2026-09-17T07:25:24.148088,1789629924148088600,67.93808862304688,0.1387754529714584,-0.0705252960324287,0.0222741458564996
2026-09-17T07:25:24.158047,1789629924158047700,67.9480478515625,0.1228369697928428,-0.1369296163320541,0.0361068733036518
2026-09-17T07:25:24.168008,1789629924168008000,67.95800805664062,0.0845662802457809,-0.168955996632576,0.0353875532746315
2026-09-17T07:25:24.177967,1789629924177967900,67.9679677734375,0.0406590141355991,-0.1838630437850952,0.0406843125820159
2026-09-17T07:25:24.187926,1789629924187926800,67.9779267578125,0.011544270440936,-0.1413302272558212,0.0375689454376697
2026-09-17T07:25:24.197886,1789629924197886700,67.98788671875,-0.0131919682025909,-0.0771136954426765,0.0230246260762214
2026-09-17T07:25:24.207847,1789629924207847000,67.99784692382812,-0.0291427057236433,-0.0267296154052019,-0.0112862102687358
2026-09-17T07:25:24.217805,1789629924217805800,68.00780590820312,-0.0181523729115724,0.0111977932974696,-0.0585418716073036
2026-09-17T07:25:24.227765,1789629924227765800,68.01776586914062,0.0086427563801407,0.0732587650418281,-0.0629296973347663
2026-09-17T07:25:24.237725,1789629924237725700,68.0277255859375,0.0306886695325374,0.0771296694874763,-0.037024863064289
2026-09-17T07:25:24.247684,1789629924247684600,68.0376845703125,0.0471089221537113,0.0690570995211601,-1.81094947038e-05
2026-09-17T07:25:24.257644,1789629924257644800,68.04764477539062,0.07403614372015,0.0686855837702751,0.0259937830269336
2026-09-17T07:25:24.267604,1789629924267604000,68.05760400390625,0.1079514995217323,0.0863314270973205,0.0255775321274995
2026-09-17T07:25:24.277563,1789629924277563400,68.0675634765625,0.1357005685567855,0.1015932038426399,0.0018335863715037
2026-09-17T07:25:24.287523,1789629924287523300,68.0775234375,0.148889884352684,0.11884755641222,-0.0294819921255111
2026-09-17T07:25:24.297482,1789629924297482200,68.08748217773437,0.1403640359640121,0.1474243402481079,-0.0510906130075454
2026-09-17T07:25:24.307442,1789629924307442200,68.09744213867188,0.101636879146099,0.1801617741584777,-0.0488543584942817
2026-09-17T07:25:24.317402,1789629924317402400,68.10740234375,0.0539716221392154,0.2007165849208831,-0.0256750024855136
2026-09-17T07:25:24.327361,1789629924327361300,68.117361328125,0.0168479550629854,0.1908703446388244,0.0109985889866948
2026-09-17T07:25:24.337321,1789629924337321200,68.1273212890625,0.0092829801142215,0.1889885663986206,0.0392043925821781
2026-09-17T07:25:24.347281,1789629924347281200,68.13728125,0.027334151789546,0.1742865741252899,0.042327482253313
2026-09-17T07:25:24.357240,1789629924357240300,68.147240234375,0.0644002929329872,0.1488986611366272,0.0226957257837057
2026-09-17T07:25:24.367200,1789629924367200300,68.1572001953125,0.1005404591560363,0.1178542003035545,-0.0138242030516266
2026-09-17T07:25:24.377160,1789629924377160200,68.16716015625,0.122783713042736,0.0687489733099937,-0.0428334847092628
2026-09-17T07:25:24.387119,1789629924387119400,68.17711938476563,0.1210851445794105,0.0168900340795516,-0.0520954243838787
2026-09-17T07:25:24.397079,1789629924397079300,68.18707934570313,0.0980562567710876,-0.0209942311048507,-0.0483922995626926
2026-09-17T07:25:24.407039,1789629924407039500,68.19703955078126,0.0683787912130355,-0.0233181063085794,-0.0401460863649845
2026-09-17T07:25:24.416998,1789629924416998400,68.20699829101562,0.0504788868129253,0.0294122174382209,-0.0349896736443042
2026-09-17T07:25:24.426958,1789629924426958300,68.21695825195313,0.0522831790149211,0.1043724790215492,-0.0325102731585502
2026-09-17T07:25:24.436917,1789629924436917200,68.22691723632812,0.067527912557125,0.1664686053991317,-0.0353161804378032
2026-09-17T07:25:24.446877,1789629924446877200,68.23687719726563,0.0948862954974174,0.1749965846538543,-0.0344972573220729
2026-09-17T07:25:24.456837,1789629924456837000,68.24683715820312,0.1337058693170547,0.1392774581909179,-0.0318815000355243
2026-09-17T07:25:24.466796,1789629924466796300,68.25679638671875,0.1642888039350509,0.1054052487015724,-0.0288707967847585
2026-09-17T07:25:24.476756,1789629924476756200,68.26675610351562,0.1827604919672012,0.0345667637884616,-0.0245181266218423
2026-09-17T07:25:24.486716,1789629924486716200,68.27671606445313,0.1874207556247711,-0.0359137915074825,-0.0260997768491506
2026-09-17T07:25:24.496675,1789629924496675300,68.28667529296875,0.1830566376447677,-0.0880757942795753,-0.0352565236389637
2026-09-17T07:25:24.506635,1789629924506635300,68.29663525390625,0.1764956712722778,-0.1962787061929702,-0.0493944473564624
2026-09-17T07:25:24.516595,1789629924516595500,68.30659545898438,0.1786725372076034,-0.3003944456577301,-0.0655877962708473
2026-09-17T07:25:24.526554,1789629924526554400,68.31655444335938,0.1742130815982818,-0.3768191933631897,-0.0894457250833511
2026-09-17T07:25:24.536514,1789629924536514300,68.32651440429687,0.1483639031648636,-0.4319343566894531,-0.1150514855980873
2026-09-17T07:25:24.546474,1789629924546474200,68.33647412109374,0.0920753329992294,-0.4367413818836212,-0.1337508708238601
2026-09-17T07:25:24.556433,1789629924556433200,68.34643310546875,-0.0043129893019795,-0.3803609311580658,-0.1436490416526794
2026-09-17T07:25:24.566393,1789629924566393300,68.35639331054688,-0.1322786808013916,-0.2831579446792602,-0.1493743062019348
2026-09-17T07:25:24.576353,1789629924576353300,68.36635327148437,-0.2678666114807129,-0.1285246908664703,-0.1447231024503708
2026-09-17T07:25:24.586312,1789629924586312200,68.37631225585938,-0.3889272511005401,0.0322293080389499,-0.1336217075586319
2026-09-17T07:25:24.596272,1789629924596272000,68.38627221679687,-0.4688473641872406,0.1670704782009124,-0.1124884635210037
2026-09-17T07:25:24.606232,1789629924606232000,68.39623217773438,-0.4898514747619629,0.2541649043560028,-0.0645494312047958
2026-09-17T07:25:24.616191,1789629924616191500,68.40619140625,-0.4458150267601013,0.2797008752822876,0.0191553179174661
2026-09-17T07:25:24.626151,1789629924626151400,68.4161513671875,-0.3326447904109955,0.2716578841209411,0.1381666660308838
2026-09-17T07:25:24.636110,1789629924636110300,68.4261103515625,-0.1586138755083084,0.2478686571121215,0.2915836572647095
2026-09-17T07:25:24.646070,1789629924646070300,68.4360703125,0.0507297553122043,0.1915904730558395,0.436229258775711
2026-09-17T07:25:24.656030,1789629924656030200,68.4460302734375,0.2526373267173767,0.1094167679548263,0.5211105942726135
2026-09-17T07:25:24.665989,1789629924665989400,68.4559892578125,0.4111446738243103,0.0176045596599578,0.5340719223022461
2026-09-17T07:25:24.675949,1789629924675949300,68.46594921875,0.5039406418800354,-0.039373505860567,0.5019688606262207
2026-09-17T07:25:24.685909,1789629924685909200,68.4759091796875,0.5226320624351501,-0.0742169693112373,0.4443308413028717
2026-09-17T07:25:24.695868,1789629924695868200,68.4858681640625,0.4644888341426849,-0.0882989689707756,0.3737560212612152
2026-09-17T07:25:24.705828,1789629924705828000,68.495828125,0.3406236171722412,-0.0856331437826156,0.3056246340274811
2026-09-17T07:25:24.715788,1789629924715788300,68.50578833007812,0.1897057443857193,-0.0604630783200264,0.2655872106552124
2026-09-17T07:25:24.725747,1789629924725747500,68.51574755859374,0.0409149415791034,-0.0335457101464271,0.2570147514343261
2026-09-17T07:25:24.735707,1789629924735707400,68.52570727539063,-0.0776702910661697,-0.0269557181745767,0.2734099626541137
2026-09-17T07:25:24.745667,1789629924745667300,68.53566723632812,-0.1510196030139923,-0.038550853729248,0.2806199491024017
2026-09-17T07:25:24.755626,1789629924755626200,68.54562622070313,-0.1769641190767288,-0.0592185817658901,0.2572658956050873
2026-09-17T07:25:24.765586,1789629924765586400,68.55558642578124,-0.1620938330888748,-0.0766558945178985,0.2068442553281784
2026-09-17T07:25:24.775546,1789629924775546400,68.56554638671875,-0.1230593472719192,-0.1098972037434578,0.131195843219757
2026-09-17T07:25:24.785505,1789629924785505300,68.57550537109375,-0.0872504860162735,-0.149024099111557,0.0507755614817142
2026-09-17T07:25:24.795465,1789629924795465200,68.58546533203125,-0.0767469778656959,-0.1704630851745605,-0.0269562508910894
2026-09-17T07:25:24.805424,1789629924805424000,68.59542407226563,-0.1000605523586273,-0.1625785231590271,-0.0781845524907112
2026-09-17T07:25:24.815384,1789629924815384300,68.60538427734375,-0.1492840200662613,-0.118832379579544,-0.0942380875349044
2026-09-17T07:25:24.825344,1789629924825344300,68.61534423828125,-0.2066956609487533,-0.0334812626242637,-0.0840720012784004
2026-09-17T07:25:24.835303,1789629924835303400,68.62530346679688,-0.2473709136247635,0.0745296254754066,-0.0650152191519737
2026-09-17T07:25:24.845263,1789629924845263400,68.63526342773437,-0.2582765519618988,0.1923369616270065,-0.0448537580668926
2026-09-17T07:25:24.855223,1789629924855223300,68.64522338867188,-0.2304385304450988,0.292148232460022,-0.0149906668812036
2026-09-17T07:25:24.865182,1789629924865182500,68.65518237304687,-0.165548488497734,0.3625188171863556,0.0251953676342964
2026-09-17T07:25:24.875142,1789629924875142400,68.66514233398438,-0.0817622393369674,0.384378045797348,0.0631243735551834
2026-09-17T07:25:24.885102,1789629924885102300,68.67510229492187,0.012410863302648,0.3830142319202423,0.0997707992792129
2026-09-17T07:25:24.895061,1789629924895061200,68.68506127929687,0.094229832291603,0.3368880152702331,0.1268085390329361
2026-09-17T07:25:24.905021,1789629924905021200,68.69502124023437,0.1562900096178054,0.2615309357643127,0.1384897083044052
2026-09-17T07:25:24.914981,1789629924914981400,68.7049814453125,0.1875725537538528,0.1872157007455825,0.1447824835777282
2026-09-17T07:25:24.924940,1789629924924940300,68.71494018554688,0.1918589174747467,0.1153018251061439,0.1475825309753418
2026-09-17T07:25:24.934900,1789629924934900200,68.72490014648437,0.1678337454795837,0.040999099612236,0.146073579788208
2026-09-17T07:25:24.944860,1789629924944860200,68.73486010742188,0.1295406818389892,-0.0107016460970044,0.1503351777791977
2026-09-17T07:25:24.954819,1789629924954819300,68.7448193359375,0.0920074209570884,-0.0210530869662761,0.1591747403144836
2026-09-17T07:25:24.964779,1789629924964779300,68.754779296875,0.0643709972500801,-0.0091732582077384,0.162399560213089
2026-09-17T07:25:24.974738,1789629924974738400,68.76473852539063,0.0449219346046447,0.0092297177761793,0.1579366326332092
2026-09-17T07:25:24.984698,1789629924984698400,68.77469848632812,0.0365721248090267,0.0287733245640993,0.1399360597133636
2026-09-17T07:25:24.994658,1789629924994658300,68.784658203125,0.0334514342248439,0.0287653356790542,0.1133934035897255
2026-09-17T07:25:25.004617,1789629925004617200,68.7946171875,0.0287706609815359,-0.0221508424729108,0.0762918442487716
2026-09-17T07:25:25.014577,1789629925014577400,68.80457739257812,0.0191228277981281,-0.0831356346607208,0.0375676155090332
2026-09-17T07:25:25.024537,1789629925024537300,68.81453735351562,0.0088129322975873,-0.156844213604927,0.0168711245059967
2026-09-17T07:25:25.034496,1789629925034496300,68.82449633789062,0.0135685391724109,-0.2111460566520691,0.0121844941750168
2026-09-17T07:25:25.044456,1789629925044456200,68.83445629882813,0.036560408771038,-0.2346931993961334,0.0166878998279571
2026-09-17T07:25:25.054416,1789629925054416100,68.844416015625,0.0675955563783645,-0.2358679175376892,0.0168018825352191
2026-09-17T07:25:25.064375,1789629925064375300,68.85437524414063,0.1054843515157699,-0.2154531925916671,0.0138268657028675
2026-09-17T07:25:25.074335,1789629925074335200,68.86433520507812,0.1336456835269928,-0.188696414232254,0.0054131411015987
2026-09-17T07:25:25.084295,1789629925084295200,68.87429516601563,0.148331418633461,-0.1834340095520019,-0.0125117972493171
2026-09-17T07:25:25.094254,1789629925094254300,68.88425439453125,0.1450296193361282,-0.2011802494525909,-0.0375601574778556
2026-09-17T07:25:25.104214,1789629925104214300,68.89421435546875,0.1251235604286193,-0.2106451243162155,-0.0664405450224876
2026-09-17T07:25:25.114174,1789629925114174500,68.90417456054688,0.094427965581417,-0.2117338180541992,-0.0928031727671623
2026-09-17T07:25:25.124133,1789629925124133400,68.91413330078124,0.0687052980065345,-0.2035286277532577,-0.1234143450856208
2026-09-17T07:25:25.134093,1789629925134093300,68.92409326171875,0.0664661079645156,-0.1828875243663787,-0.1564971953630447
2026-09-17T07:25:25.144052,1789629925144052200,68.93405224609376,0.0882832556962966,-0.1286722272634506,-0.183692067861557
2026-09-17T07:25:25.154012,1789629925154012200,68.94401220703125,0.1175402104854583,-0.0738771557807922,-0.2129788547754287
2026-09-17T07:25:25.163972,1789629925163972400,68.95397241210938,0.1381474882364273,-0.0473565980792045,-0.2284408956766128
2026-09-17T07:25:25.173931,1789629925173931300,68.96393115234375,0.1474621593952179,-0.0436710491776466,-0.2150686383247375
2026-09-17T07:25:25.183891,1789629925183891200,68.97389111328125,0.1487857550382614,-0.033177126199007,-0.1850617378950119
2026-09-17T07:25:25.193851,1789629925193851100,68.98385107421875,0.145825907588005,-0.012154933065176,-0.1617739796638488
2026-09-17T07:25:25.203810,1789629925203810300,68.99381030273437,0.1456040740013122,-0.0090387687087059,-0.1461731940507888
2026-09-17T07:25:25.213770,1789629925213770500,69.0037705078125,0.1471327245235443,0.0027917916886508,-0.1507442444562912
2026-09-17T07:25:25.223730,1789629925223730400,69.01373046875,0.1515543758869171,-0.0242709852755069,-0.1530092507600784
2026-09-17T07:25:25.233689,1789629925233689300,69.023689453125,0.1644528657197952,-0.0639217272400856,-0.1512792706489563
2026-09-17T07:25:25.243649,1789629925243649300,69.03364916992187,0.1766304224729538,-0.1327069103717804,-0.150294691324234
2026-09-17T07:25:25.253609,1789629925253609200,69.04360913085938,0.1928490847349167,-0.199530690908432,-0.1500006765127182
2026-09-17T07:25:25.263568,1789629925263568400,69.053568359375,0.1912762224674224,-0.2355318218469619,-0.1629676073789596
2026-09-17T07:25:25.273528,1789629925273528300,69.0635283203125,0.1426474303007125,-0.2633794248104095,-0.2079441398382187
2026-09-17T07:25:25.283488,1789629925283488500,69.07348852539063,0.0465011894702911,-0.2666095793247223,-0.2748757600784302
2026-09-17T07:25:25.293447,1789629925293447400,69.08344750976562,-0.085843801498413,-0.213523730635643,-0.3522928059101105
2026-09-17T07:25:25.303407,1789629925303407400,69.09340747070313,-0.2364183962345123,-0.1548657417297363,-0.4351527988910675
2026-09-17T07:25:25.313366,1789629925313366500,69.10336645507813,-0.3942322731018066,-0.1115425080060958,-0.5315600037574768
2026-09-17T07:25:25.323326,1789629925323326500,69.11332641601562,-0.5444878339767456,-0.0613288693130016,-0.6072840690612793
2026-09-17T07:25:25.333286,1789629925333286400,69.12328637695313,-0.6665207743644714,0.0324974879622459,-0.6561195254325867
2026-09-17T07:25:25.343245,1789629925343245600,69.13324560546874,-0.7365368604660034,0.1728676557540893,-0.6757350564002991
2026-09-17T07:25:25.353205,1789629925353205500,69.14320556640625,-0.7083491683006287,0.3478170931339264,-0.6416953206062317
2026-09-17T07:25:25.363165,1789629925363165400,69.15316552734375,-0.582413911819458,0.5178900361061096,-0.546265184879303
2026-09-17T07:25:25.373124,1789629925373124400,69.16312426757813,-0.3879495859146118,0.6125571131706238,-0.4162648618221283
2026-09-17T07:25:25.383084,1789629925383084300,69.17308422851562,-0.1570482105016708,0.6058180332183838,-0.2662607133388519
2026-09-17T07:25:25.393044,1789629925393044500,69.18304443359375,0.0966780707240104,0.5318774580955505,-0.1005742773413658
2026-09-17T07:25:25.403003,1789629925403003400,69.19300341796875,0.3419546782970428,0.4058407247066498,0.0638399645686149
2026-09-17T07:25:25.412963,1789629925412963300,69.20296337890625,0.5469499230384827,0.2361989468336105,0.174499899148941
2026-09-17T07:25:25.422923,1789629925422923300,69.21292333984375,0.6875275373458862,0.0766122192144393,0.2308161705732345
2026-09-17T07:25:25.432882,1789629925432882400,69.22288232421874,0.7544810175895691,-0.0549090541899204,0.2317536026239395
2026-09-17T07:25:25.442842,1789629925442842400,69.23284228515625,0.7280387282371521,-0.1452671736478805,0.187372550368309
2026-09-17T07:25:25.452802,1789629925452802300,69.24280224609375,0.6124697923660278,-0.1933569461107254,0.1187934949994087
2026-09-17T07:25:25.462761,1789629925462761500,69.25276147460937,0.425099641084671,-0.1975833773612976,0.0418707504868507
2026-09-17T07:25:25.472721,1789629925472721400,69.26272143554688,0.2111527174711227,-0.1726532578468322,-0.0264297425746917
2026-09-17T07:25:25.482680,1789629925482680300,69.27268041992187,0.0140393860638141,-0.1395989060401916,-0.0865127891302108
2026-09-17T07:25:25.492640,1789629925492640500,69.282640625,-0.1394114196300506,-0.0990131348371505,-0.1591244041919708
2026-09-17T07:25:25.502600,1789629925502600400,69.29260034179687,-0.2369313240051269,-0.0564201325178146,-0.2406504303216934
2026-09-17T07:25:25.512559,1789629925512559400,69.30255932617187,-0.2806692123413086,-0.0160761717706918,-0.3091791570186615
2026-09-17T07:25:25.522519,1789629925522519300,69.31251928710938,-0.2758366465568542,0.0258457120507955,-0.3452974855899811
2026-09-17T07:25:25.532479,1789629925532479500,69.3224794921875,-0.2335275411605835,0.0672631934285163,-0.3428002297878265
2026-09-17T07:25:25.542438,1789629925542438400,69.3324384765625,-0.1614658534526825,0.0931656286120414,-0.2922329306602478
2026-09-17T07:25:25.552398,1789629925552398300,69.3423984375,-0.0659156367182731,0.1234865188598632,-0.2087878286838531
2026-09-17T07:25:25.562358,1789629925562358300,69.35235815429688,0.0395809635519981,0.1415459513664245,-0.1087097004055976
2026-09-17T07:25:25.572317,1789629925572317400,69.3623173828125,0.1331870853900909,0.1393826603889465,-0.0202307030558586
2026-09-17T07:25:25.582277,1789629925582277400,69.37227734375,0.2117625772953033,0.1331633776426315,0.0456375256180763
2026-09-17T07:25:25.592237,1789629925592237600,69.38223754882813,0.2689220011234283,0.1316317915916443,0.0878680720925331
2026-09-17T07:25:25.602196,1789629925602196500,69.39219653320312,0.2919098734855652,0.1008813381195068,0.1026150584220886
2026-09-17T07:25:25.612156,1789629925612156400,69.40215649414063,0.2769626379013061,0.0442063435912132,0.0955536887049675
2026-09-17T07:25:25.622115,1789629925622115300,69.412115234375,0.2166681289672851,-0.0208102073520421,0.0755821093916893
2026-09-17T07:25:25.632075,1789629925632075300,69.4220751953125,0.1202427893877029,-0.0791747123003006,0.0546968020498752
2026-09-17T07:25:25.642035,1789629925642035500,69.43203540039063,0.012048939242959,-0.1205306723713874,0.0489076226949691
2026-09-17T07:25:25.651994,1789629925651994400,69.44199438476562,-0.0855007842183113,-0.1548388451337814,0.0593930184841156
2026-09-17T07:25:25.661954,1789629925661954300,69.45195434570313,-0.1520907282829284,-0.1551997065544128,0.0668376162648201
2026-09-17T07:25:25.671914,1789629925671914200,69.46191430664062,-0.1762240380048751,-0.1001524329185485,0.0588305592536926
2026-09-17T07:25:25.681873,1789629925681873400,69.47187329101563,-0.1641242206096649,-0.0191513244062662,0.0381793417036533
2026-09-17T07:25:25.691833,1789629925691833600,69.48183349609376,-0.1282221525907516,0.0472705774009227,0.0136569561436772
2026-09-17T07:25:25.701793,1789629925701793500,69.49179345703125,-0.0845239385962486,0.0873008146882057,0.0042986082844436
2026-09-17T07:25:25.711752,1789629925711752400,69.50175244140625,-0.0483510196208953,0.0840975642204284,0.01348118763417
2026-09-17T07:25:25.721712,1789629925721712400,69.51171240234375,-0.0328628756105899,0.0546174384653568,0.034856516867876
2026-09-17T07:25:25.731672,1789629925731672600,69.52167260742188,-0.0361340343952178,0.0148039795458316,0.0561982914805412
2026-09-17T07:25:25.741631,1789629925741631500,69.53163159179688,-0.0518453530967235,-0.0396336950361728,0.0700113102793693
2026-09-17T07:25:25.751591,1789629925751591400,69.54159130859375,-0.078898012638092,-0.1175380796194076,0.0769302025437355
2026-09-17T07:25:25.761551,1789629925761551400,69.55155126953125,-0.0939832180738449,-0.151726946234703,0.0872707217931747
2026-09-17T07:25:25.771510,1789629925771510300,69.56151025390625,-0.0946878939867019,-0.1444226950407028,0.112354502081871
2026-09-17T07:25:25.781470,1789629925781470200,69.57147021484376,-0.0754324421286583,-0.1161425858736038,0.1483971923589706
2026-09-17T07:25:25.791429,1789629925791429600,69.5814296875,-0.0198698453605175,-0.0396621897816658,0.1910743564367294
2026-09-17T07:25:25.801389,1789629925801389600,69.5913896484375,0.060343500226736,0.0709178522229194,0.2350133061408996
2026-09-17T07:25:25.811349,1789629925811349500,69.601349609375,0.13189597427845,0.1144546717405319,0.2583055794239044
2026-09-17T07:25:25.821308,1789629925821308400,69.61130834960937,0.1800565868616104,0.0632783025503158,0.2582661807537079
2026-09-17T07:25:25.831268,1789629925831268400,69.62126831054688,0.198724016547203,-0.0329504944384098,0.2512040138244629
2026-09-17T07:25:25.841228,1789629925841228500,69.631228515625,0.2019504308700561,-0.1157814636826515,0.2451359927654266
2026-09-17T07:25:25.851187,1789629925851187500,69.6411875,0.1957109123468399,-0.1410908102989196,0.2362391650676727
2026-09-17T07:25:25.861147,1789629925861147400,69.6511474609375,0.1849256455898285,-0.094072438776493,0.219293475151062
2026-09-17T07:25:25.871107,1789629925871107300,69.661107421875,0.1692468225955963,-0.0309709645807743,0.1840273588895797
2026-09-17T07:25:25.881066,1789629925881066200,69.67106616210937,0.1610525399446487,0.0855737552046775,0.1315037012100219
2026-09-17T07:25:25.891026,1789629925891026400,69.6810263671875,0.1676433235406875,0.1518214792013168,0.0988605320453643
2026-09-17T07:25:25.900986,1789629925900986400,69.690986328125,0.1970470249652862,0.1703054159879684,0.0732611641287803
2026-09-17T07:25:25.910945,1789629925910945500,69.70094555664062,0.2298845946788787,0.1691514700651168,0.0491483695805072
2026-09-17T07:25:25.920905,1789629925920905500,69.71090551757813,0.2341195493936538,0.0834943577647209,0.0180596932768821
2026-09-17T07:25:25.930865,1789629925930865400,69.72086547851562,0.1978390514850616,-0.0315312929451465,-0.0149983903393149
2026-09-17T07:25:25.940824,1789629925940824600,69.73082446289062,0.124417558312416,-0.1248777508735656,-0.0492908507585525
2026-09-17T07:25:25.950784,1789629925950784500,69.74078442382813,-0.0029662288725376,-0.2492734789848327,-0.097618967294693
2026-09-17T07:25:25.960743,1789629925960743400,69.75074340820312,-0.1867097020149231,-0.4037011265754699,-0.1669413149356842
2026-09-17T07:25:25.970703,1789629925970703400,69.76070336914063,-0.3879621028900146,-0.5138294696807861,-0.2109351456165313
2026-09-17T07:25:25.980663,1789629925980663300,69.77066333007812,-0.5505744814872742,-0.5120131969451904,-0.1940504312515258
2026-09-17T07:25:25.990622,1789629925990622500,69.78062255859375,-0.6253507137298584,-0.3845303654670715,-0.1294770389795303
2026-09-17T07:25:26.000582,1789629926000582400,69.79058251953126,-0.5726296901702881,-0.1490304917097091,-0.0335941798985004
2026-09-17T07:25:26.010542,1789629926010542300,69.80054223632813,-0.3928434252738952,0.1711230129003524,0.0844696089625358
2026-09-17T07:25:26.020501,1789629926020501200,69.81050122070313,-0.118438497185707,0.4746208488941192,0.2289426326751709
2026-09-17T07:25:26.030461,1789629926030461200,69.82046118164062,0.1763766258955001,0.6482144594192505,0.36219123005867
2026-09-17T07:25:26.040421,1789629926040421400,69.83042138671875,0.4235416650772095,0.6374667286872864,0.4513501524925232
2026-09-17T07:25:26.050380,1789629926050380500,69.84038061523438,0.5878669619560242,0.4817791581153869,0.4878239929676056
2026-09-17T07:25:26.060340,1789629926060340500,69.85034057617187,0.6674512624740601,0.2472529411315918,0.4976830184459686
2026-09-17T07:25:26.070300,1789629926070300400,69.86030053710938,0.6766809821128845,0.0068389978259801,0.4842660129070282
2026-09-17T07:25:26.080259,1789629926080259300,69.87025927734375,0.6277989149093628,-0.181109607219696,0.4434323012828827
2026-09-17T07:25:26.090219,1789629926090219500,69.88021948242188,0.5306886434555054,-0.3179816901683807,0.3875269591808319
2026-09-17T07:25:26.100179,1789629926100179500,69.89017944335937,0.4060676097869873,-0.3748825192451477,0.3393088281154632
2026-09-17T07:25:26.110138,1789629926110138400,69.90013842773438,0.2723968923091888,-0.3541045486927032,0.3077114820480346
2026-09-17T07:25:26.120098,1789629926120098300,69.91009838867187,0.1363948583602905,-0.3176003396511078,0.2696788907051086
2026-09-17T07:25:26.130057,1789629926130057200,69.92005712890625,0.0060983723960816,-0.304547369480133,0.211394265294075
2026-09-17T07:25:26.140017,1789629926140017400,69.93001733398438,-0.1231709346175193,-0.3147220015525818,0.1324579119682312
2026-09-17T07:25:26.149977,1789629926149977300,69.93997729492187,-0.25429567694664,-0.3170288205146789,0.0339686200022697
2026-09-17T07:25:26.159936,1789629926159936500,69.9499365234375,-0.390577882528305,-0.3274071514606476,-0.066231220960617
2026-09-17T07:25:26.169896,1789629926169896400,69.959896484375,-0.5176284909248352,-0.3394012451171875,-0.1430407762527465
2026-09-17T07:25:26.179856,1789629926179856400,69.9698564453125,-0.6026869416236877,-0.3428995609283447,-0.1856327056884765
2026-09-17T07:25:26.189815,1789629926189815600,69.97981567382813,-0.6032222509384155,-0.2749894857406616,-0.1817492842674255
2026-09-17T07:25:26.199775,1789629926199775500,69.989775390625,-0.5016037225723267,-0.1394497752189636,-0.1332214325666427
2026-09-17T07:25:26.209735,1789629926209735400,69.9997353515625,-0.3031500279903412,0.0751333683729171,-0.049228798598051
2026-09-17T07:25:26.219694,1789629926219694300,70.0096943359375,-0.0430894121527671,0.3082009851932525,0.051451738923788
2026-09-17T07:25:26.229654,1789629926229654300,70.019654296875,0.2064343988895416,0.4637639224529266,0.1720090508460998
2026-09-17T07:25:26.239614,1789629926239614500,70.02961450195312,0.3835670948028564,0.483904093503952,0.268685519695282
2026-09-17T07:25:26.249573,1789629926249573400,70.03957348632812,0.477597713470459,0.3921834826469421,0.3305944204330444
2026-09-17T07:25:26.259533,1789629926259533300,70.049533203125,0.4853688180446625,0.261321872472763,0.3642940819263458
2026-09-17T07:25:26.269492,1789629926269492500,70.05949243164062,0.4097774028778076,0.117678165435791,0.3607243597507477
2026-09-17T07:25:26.279453,1789629926279453000,70.06945288085937,0.2785749137401581,0.0192349478602409,0.3372621834278106
2026-09-17T07:25:26.289412,1789629926289412900,70.07941284179688,0.1223919615149498,-0.0059545617550611,0.2985387444496155
2026-09-17T07:25:26.299372,1789629926299372000,70.0893720703125,-0.01988928578794,0.034155573695898,0.2510242462158203
2026-09-17T07:25:26.309332,1789629926309332200,70.09933227539062,-0.1321606934070587,0.1028645932674408,0.196861132979393
2026-09-17T07:25:26.319292,1789629926319292200,70.10929223632813,-0.2088392376899719,0.1566029191017151,0.1398210227489471
2026-09-17T07:25:26.329251,1789629926329251000,70.1192509765625,-0.2529358565807342,0.1741358488798141,0.0882275998592376
2026-09-17T07:25:26.339211,1789629926339211000,70.1292109375,-0.2778441309928894,0.1391187459230423,0.0519252493977546
2026-09-17T07:25:26.349171,1789629926349171000,70.1391708984375,-0.2710844874382019,0.0457555055618286,0.0294337887316942
2026-09-17T07:25:26.359130,1789629926359130000,70.14913012695312,-0.2389470636844635,-0.0478101335465908,0.0205287113785743
2026-09-17T07:25:26.369090,1789629926369090000,70.15909008789062,-0.1911241561174392,-0.139735534787178,0.0256166793406009
2026-09-17T07:25:26.379050,1789629926379050000,70.16905004882813,-0.1348726004362106,-0.1919033974409103,0.0435629226267337
2026-09-17T07:25:26.389009,1789629926389009000,70.1790087890625,-0.0791030749678611,-0.2068948596715927,0.0705130472779274
2026-09-17T07:25:26.398968,1789629926398968800,70.18896875,-0.0377045013010501,-0.2044809758663177,0.0934194326400756
2026-09-17T07:25:26.408928,1789629926408928000,70.19892797851563,-0.0161406211555004,-0.2129764556884765,0.1035684719681739
2026-09-17T07:25:26.418888,1789629926418888200,70.20888818359376,-0.0241804365068674,-0.2462918013334274,0.0913658663630485
2026-09-17T07:25:26.428848,1789629926428848000,70.21884814453125,-0.0455480441451072,-0.2661131620407104,0.0688991695642471
2026-09-17T07:25:26.438807,1789629926438807000,70.22880712890625,-0.0718603432178497,-0.2602169215679168,0.0411783307790756
2026-09-17T07:25:26.448767,1789629926448767000,70.23876708984375,-0.0899008587002754,-0.2296230792999267,0.0027225494850426
2026-09-17T07:25:26.458727,1789629926458727200,70.24872705078126,-0.087617203593254,-0.1832462549209594,-0.0448332503437995
2026-09-17T07:25:26.468686,1789629926468686000,70.25868603515624,-0.0578787475824356,-0.1349093466997146,-0.0956873744726181
2026-09-17T07:25:26.478646,1789629926478646000,70.26864599609375,-0.0121413515880703,-0.0947712510824203,-0.1490326225757599
2026-09-17T07:25:26.488606,1789629926488606000,70.27860595703125,0.0271408073604106,-0.0849055722355842,-0.197514146566391
2026-09-17T07:25:26.498564,1789629926498564900,70.28856494140625,0.0604545548558235,-0.0936540514230728,-0.2464324086904525
2026-09-17T07:25:26.508525,1789629926508525000,70.29852514648438,0.0807467773556709,-0.0994243249297142,-0.2815999984741211
2026-09-17T07:25:26.518485,1789629926518485000,70.30848510742187,0.0863591209053993,-0.0948245152831077,-0.2995736598968506
2026-09-17T07:25:26.528444,1789629926528444200,70.31844409179688,0.0859809517860412,-0.0686786621809005,-0.3001401126384735
2026-09-17T07:25:26.538404,1789629926538404000,70.32840405273437,0.0859308838844299,-0.0296212751418352,-0.282281756401062
2026-09-17T07:25:26.548363,1789629926548363000,70.33836303710937,0.0919773280620575,0.0038626487366855,-0.2650255262851715
2026-09-17T07:25:26.558323,1789629926558323200,70.3483232421875,0.0984221771359443,0.0066307382658123,-0.2591466009616852
2026-09-17T07:25:26.568283,1789629926568283100,70.358283203125,0.1055493280291557,-0.0215428434312343,-0.2617061734199524
2026-09-17T07:25:26.578242,1789629926578242000,70.36824194335938,0.098667986690998,-0.0704850852489471,-0.2587530016899109
2026-09-17T07:25:26.588202,1789629926588202000,70.37820190429687,0.0653337314724922,-0.1526955366134643,-0.2583063840866089
2026-09-17T07:25:26.598162,1789629926598162000,70.38816186523438,-0.0012032161466777,-0.2099484354257583,-0.2748810946941376
2026-09-17T07:25:26.608120,1789629926608120800,70.39812084960937,-0.0951377004384994,-0.2387835532426834,-0.3146961629390716
2026-09-17T07:25:26.618081,1789629926618081000,70.4080810546875,-0.2003051340579986,-0.1815125346183776,-0.3854531645774841
2026-09-17T07:25:26.628041,1789629926628041000,70.418041015625,-0.319672018289566,-0.0850003808736801,-0.4843246042728424
2026-09-17T07:25:26.638000,1789629926638000000,70.42800024414062,-0.431000143289566,0.0456202141940593,-0.5766556262969971
2026-09-17T07:25:26.647960,1789629926647960000,70.4379599609375,-0.5030583143234253,0.2142321318387985,-0.6212619543075562
2026-09-17T07:25:26.657920,1789629926657920000,70.447919921875,-0.5122326612472534,0.3989601731300354,-0.6026182174682617
2026-09-17T07:25:26.667879,1789629926667879200,70.45787915039062,-0.4420229494571686,0.562163233757019,-0.509943962097168
2026-09-17T07:25:26.677839,1789629926677839000,70.46783911132812,-0.2942864894866943,0.6786684989929199,-0.3622452914714813
2026-09-17T07:25:26.687798,1789629926687798000,70.47779809570312,-0.1020760312676429,0.7046346068382263,-0.2074344158172607
2026-09-17T07:25:26.697758,1789629926697758000,70.48775805664063,0.0830125957727432,0.5981568694114685,-0.0939214378595352
2026-09-17T07:25:26.707718,1789629926707718100,70.49771826171875,0.2350987941026687,0.4421728849411011,-0.0202805045992136
2026-09-17T07:25:26.717677,1789629926717677000,70.50767700195313,0.3485185801982879,0.1755707561969757,0.0139270005747675
2026-09-17T07:25:26.727637,1789629926727637000,70.51763696289062,0.4171423614025116,-0.1189058795571327,-0.0171741936355829
2026-09-17T07:25:26.737597,1789629926737597000,70.52759692382813,0.4573166966438293,-0.3104676008224487,-0.0824187099933624
2026-09-17T07:25:26.747556,1789629926747556000,70.53755615234375,0.4542481899261474,-0.3378070592880249,-0.1513013690710067
2026-09-17T07:25:26.757516,1789629926757516000,70.54751611328125,0.4042587876319885,-0.2424651086330413,-0.2013240605592727
2026-09-17T07:25:26.767476,1789629926767476000,70.55747607421876,0.3042373955249786,-0.0914936959743499,-0.2303530424833297
2026-09-17T07:25:26.777435,1789629926777435100,70.56743505859374,0.1699919700622558,0.0488863177597522,-0.2605684697628021
2026-09-17T07:25:26.787395,1789629926787395000,70.57739501953125,0.0280191171914339,0.1911680996417999,-0.3033580183982849
2026-09-17T07:25:26.797355,1789629926797355000,70.58735498046875,-0.0908947512507438,0.3041313886642456,-0.3455214500427246
2026-09-17T07:25:26.807314,1789629926807314000,70.59731396484375,-0.1778616160154342,0.360511839389801,-0.3609134554862976
2026-09-17T07:25:26.817274,1789629926817274000,70.60727416992188,-0.2151599824428558,0.3652767837047577,-0.3291565775871277
2026-09-17T07:25:26.827233,1789629926827233000,70.61723291015625,-0.2065944522619247,0.3187521398067474,-0.2647789418697357
2026-09-17T07:25:26.837193,1789629926837193000,70.62719287109375,-0.1578242480754852,0.2593221068382263,-0.1800350099802017
2026-09-17T07:25:26.847153,1789629926847153000,70.63715283203125,-0.0762726664543151,0.2140963077545166,-0.097394198179245
2026-09-17T07:25:26.857111,1789629926857111800,70.64711181640625,0.021981731057167,0.1965325027704239,-0.0257418490946292
2026-09-17T07:25:26.867072,1789629926867072000,70.65707202148438,0.1145132631063461,0.2032910734415054,0.0339241437613964
2026-09-17T07:25:26.877032,1789629926877032000,70.66703198242188,0.183953583240509,0.2132334411144256,0.0896859467029571
2026-09-17T07:25:26.886991,1789629926886991000,70.6769912109375,0.2139889895915985,0.2114786952733993,0.149769514799118
2026-09-17T07:25:26.896951,1789629926896951000,70.68695092773437,0.2133200019598007,0.1829879283905029,0.216140016913414
2026-09-17T07:25:26.906911,1789629926906911200,70.6969111328125,0.1829487830400467,0.1180211752653122,0.2741828262805938
2026-09-17T07:25:26.916870,1789629926916870100,70.7068701171875,0.133688822388649,0.0328764580190181,0.3078007102012634
2026-09-17T07:25:26.926830,1789629926926830000,70.716830078125,0.0645417049527168,-0.0554970800876617,0.3077434301376343
2026-09-17T07:25:26.936790,1789629926936790000,70.7267900390625,-0.0227338075637817,-0.1401525735855102,0.2760150730609894
2026-09-17T07:25:26.946749,1789629926946749000,70.7367490234375,-0.1152046173810958,-0.2146699577569961,0.2218583673238754
2026-09-17T07:25:26.956709,1789629926956709000,70.74670922851563,-0.1979261338710785,-0.2269934713840484,0.1382319033145904
2026-09-17T07:25:26.966668,1789629926966668000,70.75666796875,-0.2679574191570282,-0.2004601210355758,0.0340059027075767
2026-09-17T07:25:26.976628,1789629926976628000,70.7666279296875,-0.3241836726665497,-0.1643146425485611,-0.0686299279332161
2026-09-17T07:25:26.986588,1789629926986588000,70.776587890625,-0.3619158565998077,-0.1280748844146728,-0.1464935690164566
2026-09-17T07:25:26.996547,1789629926996547000,70.78654711914062,-0.3756969273090362,-0.0663723647594451,-0.1761694401502609
2026-09-17T07:25:27.006507,1789629927006507000,70.79650708007813,-0.3682712316513061,-0.0191409382969141,-0.1609726399183273
2026-09-17T07:25:27.016467,1789629927016467200,70.80646728515624,-0.3362690806388855,0.0051452270708978,-0.1174749657511711
2026-09-17T07:25:27.026426,1789629927026426000,70.81642602539063,-0.2819563150405884,0.0238150507211685,-0.0712478160858154
2026-09-17T07:25:27.036386,1789629927036386000,70.82638598632812,-0.2163482755422592,0.0328311845660209,-0.0400736480951309
2026-09-17T07:25:27.046346,1789629927046346000,70.83634594726563,-0.1553389877080917,0.0093855122104287,-0.0209822468459606
2026-09-17T07:25:27.056305,1789629927056305000,70.84630493164063,-0.0922300592064857,-0.0125850336626172,0.004455734975636
2026-09-17T07:25:27.066265,1789629927066265000,70.85626513671875,-0.0315978750586509,-0.0147437918931245,0.0485827140510082
2026-09-17T07:25:27.076224,1789629927076224000,70.86622412109375,0.0128803784027695,-0.0073593794368207,0.0969467833638191
2026-09-17T07:25:27.086184,1789629927086184000,70.87618383789062,0.0390339531004428,0.0028802086599171,0.1326496601104736
2026-09-17T07:25:27.096144,1789629927096144000,70.88614379882813,0.0525255240499973,0.0278236418962478,0.1707222014665603
2026-09-17T07:25:27.106103,1789629927106103000,70.89610302734376,0.0685795918107032,0.0606353841722011,0.206086054444313
2026-09-17T07:25:27.116063,1789629927116063200,70.90606323242187,0.0830211192369461,0.0611760057508945,0.2251063585281372
2026-09-17T07:25:27.126023,1789629927126023200,70.91602319335938,0.0908843651413917,0.033404029905796,0.2247132658958435
2026-09-17T07:25:27.135982,1789629927135982000,70.92598217773437,0.0852342024445533,-0.032457809895277,0.2137517035007476
2026-09-17T07:25:27.145942,1789629927145942000,70.93594189453125,0.0658703595399856,-0.1257787048816681,0.1922173798084259
2026-09-17T07:25:27.155902,1789629927155902200,70.94590209960937,0.0542067810893058,-0.1938680112361908,0.1711216866970062
2026-09-17T07:25:27.165861,1789629927165861000,70.95586108398437,0.0501031130552291,-0.2023395150899887,0.1472011655569076
2026-09-17T07:25:27.175821,1789629927175821000,70.96582104492188,0.0574310682713985,-0.1585100144147873,0.1256945431232452
2026-09-17T07:25:27.185781,1789629927185781000,70.97578100585937,0.0714065358042717,-0.0976048558950424,0.0990144610404968
2026-09-17T07:25:27.195740,1789629927195740000,70.98573999023438,0.0825191140174865,0.0116156432777643,0.0828040689229965
2026-09-17T07:25:27.205699,1789629927205699800,70.99569995117187,0.0949803069233894,0.1111161336302757,0.0918510928750038
2026-09-17T07:25:27.215659,1789629927215659300,71.0056591796875,0.1080625504255294,0.1676457226276397,0.1082937195897102
2026-09-17T07:25:27.225619,1789629927225619200,71.015619140625,0.1310365796089172,0.1602131128311157,0.1329069137573242
2026-09-17T07:25:27.235579,1789629927235579100,71.0255791015625,0.1620456278324127,0.1179109215736389,0.146981194615364
2026-09-17T07:25:27.245538,1789629927245538000,71.0355380859375,0.183872103691101,0.0340120308101177,0.1489689797163009
2026-09-17T07:25:27.255498,1789629927255498000,71.045498046875,0.1780775934457779,-0.0640522167086601,0.12067262083292
2026-09-17T07:25:27.265458,1789629927265458200,71.05545825195313,0.1460562795400619,-0.1334587186574936,0.0697612389922142
2026-09-17T07:25:27.275417,1789629927275417000,71.0654169921875,0.0926753431558609,-0.1740519553422927,0.0196967385709285
2026-09-17T07:25:27.285376,1789629927285376500,71.07537646484376,0.0292974356561899,-0.1998470723628997,-0.0182778071612119
2026-09-17T07:25:27.295336,1789629927295336400,71.08533642578125,-0.044279046356678,-0.2325248569250106,-0.0280896909534931
2026-09-17T07:25:27.305295,1789629927305295400,71.09529541015625,-0.1191809847950935,-0.3043782711029053,0.0216355212032794
2026-09-17T07:25:27.315255,1789629927315255600,71.10525561523437,-0.1824584901332855,-0.313849538564682,0.1083967834711074
2026-09-17T07:25:27.325215,1789629927325215500,71.11521557617188,-0.2162990123033523,-0.2872669398784637,0.1543645411729812
2026-09-17T07:25:27.335174,1789629927335174700,71.12517456054688,-0.2243119329214096,-0.1482459306716919,0.1493452787399292
2026-09-17T07:25:27.345134,1789629927345134600,71.13513452148437,-0.1975008249282837,0.0070906663313508,0.0901946052908897
2026-09-17T07:25:27.355093,1789629927355093500,71.14509350585938,-0.1587310582399368,0.0948053374886512,-0.0072459285147488
2026-09-17T07:25:27.365053,1789629927365053700,71.1550537109375,-0.1212254911661148,0.115972138941288,-0.0817385390400886
2026-09-17T07:25:27.375013,1789629927375013600,71.165013671875,-0.0695348680019378,0.1312711983919143,-0.0811198875308036
2026-09-17T07:25:27.384972,1789629927384972500,71.17497265625,0.0199247058480978,0.1259155869483947,-0.0066200857982039
2026-09-17T07:25:27.394932,1789629927394932500,71.18493237304688,0.1425970941781997,0.1541251242160797,0.1162075623869896
2026-09-17T07:25:27.404892,1789629927404892400,71.19489233398437,0.2853334844112396,0.2034117132425308,0.2428741604089737
2026-09-17T07:25:27.414851,1789629927414851300,71.20485131835937,0.4108120501041412,0.2106360644102096,0.3275350034236908
2026-09-17T07:25:27.424811,1789629927424811500,71.2148115234375,0.4811716973781585,0.1470323204994201,0.3404193520545959
2026-09-17T07:25:27.434771,1789629927434771500,71.224771484375,0.4785061180591583,0.0565466322004795,0.3077245354652405
2026-09-17T07:25:27.444730,1789629927444730600,71.23473071289062,0.417892575263977,-0.0203641280531883,0.252696692943573
2026-09-17T07:25:27.454690,1789629927454690600,71.24469067382813,0.306412398815155,-0.0981694459915161,0.185299813747406
2026-09-17T07:25:27.464649,1789629927464649500,71.2546494140625,0.158793106675148,-0.1616706550121307,0.1156783923506736
2026-09-17T07:25:27.474609,1789629927474609700,71.26460961914063,0.0045105959288775,-0.1963639259338379,0.0608002319931983
2026-09-17T07:25:27.484569,1789629927484569600,71.27456958007812,-0.1365594416856765,-0.213403895497322,0.0274300258606672
2026-09-17T07:25:27.494528,1789629927494528500,71.28452856445313,-0.2415119558572769,-0.2036686986684799,0.0081226415932178
2026-09-17T07:25:27.504488,1789629927504488400,71.29448852539062,-0.3023177981376648,-0.1783268600702285,-0.0149022508412599
2026-09-17T07:25:27.514448,1789629927514448600,71.30444873046875,-0.3376968204975128,-0.1562607139348983,-0.0528078190982341
2026-09-17T07:25:27.524407,1789629927524407600,71.31440747070313,-0.3675505816936493,-0.1379751861095428,-0.107841245830059
2026-09-17T07:25:27.534367,1789629927534367500,71.32436743164062,-0.385051280260086,-0.1269073486328125,-0.1618493497371673
2026-09-17T07:25:27.544327,1789629927544327400,71.33432739257813,-0.3834826648235321,-0.0930646955966949,-0.2014588117599487
2026-09-17T07:25:27.554286,1789629927554286600,71.34428662109374,-0.3430042266845703,-0.0111376056447625,-0.2120081335306167
2026-09-17T07:25:27.564246,1789629927564246500,71.35424658203125,-0.2672919034957886,0.0828562676906585,-0.1733733862638473
2026-09-17T07:25:27.574205,1789629927574205700,71.36420581054688,-0.1587667465209961,0.1878940016031265,-0.0772598981857299
2026-09-17T07:25:27.584165,1789629927584165600,71.37416552734375,-0.032640766352415,0.2932859361171722,0.0555181205272674
2026-09-17T07:25:27.594125,1789629927594125600,71.38412548828126,0.0723575502634048,0.3600910604000091,0.1942184716463089
2026-09-17T07:25:27.604084,1789629927604084500,71.39408447265625,0.1264636665582656,0.3691535294055938,0.3197793364524841
2026-09-17T07:25:27.614044,1789629927614044400,71.40404443359375,0.1437555700540542,0.3471960425376892,0.4097843170166015
2026-09-17T07:25:27.624004,1789629927624004600,71.41400463867187,0.1395717412233352,0.3074145317077636,0.4510984718799591
2026-09-17T07:25:27.633963,1789629927633963500,71.42396362304687,0.1306269913911819,0.2793501615524292,0.4396157264709472
2026-09-17T07:25:27.643923,1789629927643923500,71.43392333984374,0.1158381849527359,0.251459389925003,0.3789963126182556
2026-09-17T07:25:27.653883,1789629927653883400,71.44388330078125,0.0920998305082321,0.2161472141742706,0.2979917526245117
2026-09-17T07:25:27.663842,1789629927663842600,71.45384252929688,0.049549177289009,0.1424940377473831,0.2105532437562942
2026-09-17T07:25:27.673802,1789629927673802500,71.46380249023437,-0.0118412133306264,0.0598739869892597,0.1284674257040023
2026-09-17T07:25:27.683761,1789629927683761700,71.47376171875,-0.0844128876924514,-0.0307464599609375,0.0594758428633213
2026-09-17T07:25:27.693721,1789629927693721600,71.4837216796875,-0.157091349363327,-0.0990884974598884,0.0107538439333438
2026-09-17T07:25:27.703681,1789629927703681500,71.493681640625,-0.2159661203622818,-0.1006930544972419,-0.0062650865875184
2026-09-17T07:25:27.713640,1789629927713640400,71.50364038085938,-0.2422962635755539,-0.0540400668978691,-0.0037143107037991
2026-09-17T07:25:27.723600,1789629927723600600,71.5136005859375,-0.2296190857887268,0.0221351291984319,0.0012958941515535
2026-09-17T07:25:27.733560,1789629927733560600,71.523560546875,-0.1817642003297805,0.0887961834669113,-0.0006793724023737
2026-09-17T07:25:27.743519,1789629927743519500,71.53351953125,-0.1316618919372558,0.0881213396787643,-0.0204959530383348
2026-09-17T07:25:27.753479,1789629927753479400,71.5434794921875,-0.1159670799970626,0.0134391095489263,-0.0746209770441055
2026-09-17T07:25:27.763439,1789629927763439400,71.553439453125,-0.1370129734277725,-0.0892704874277114,-0.1329564452171325
2026-09-17T07:25:27.773398,1789629927773398500,71.5633984375,-0.1672214865684509,-0.1678065806627273,-0.1621945053339004
2026-09-17T07:25:27.783358,1789629927783358500,71.5733583984375,-0.1973833739757537,-0.1916011273860931,-0.1659620702266693
2026-09-17T07:25:27.793318,1789629927793318400,71.583318359375,-0.2056386470794677,-0.1760605126619339,-0.1605816930532455
2026-09-17T07:25:27.803277,1789629927803277600,71.59327758789063,-0.1892500817775726,-0.1569976061582565,-0.1557648330926895
2026-09-17T07:25:27.813237,1789629927813237500,71.60323754882812,-0.1446996629238128,-0.1247371360659599,-0.1437707543373108
2026-09-17T07:25:27.823196,1789629927823196700,71.61319677734375,-0.0703266263008117,-0.0695409923791885,-0.1275233328342437
2026-09-17T07:25:27.833156,1789629927833156600,71.62315649414063,0.0190514549612998,-0.0347222946584224,-0.1088564395904541
2026-09-17T07:25:27.843116,1789629927843116500,71.63311645507812,0.0987204536795616,-0.0543958656489849,-0.091999165713787
2026-09-17T07:25:27.853075,1789629927853075500,71.64307543945313,0.156548336148262,-0.1032643392682075,-0.0785571262240409
2026-09-17T07:25:27.863035,1789629927863035400,71.65303540039062,0.1966832280158996,-0.1649588644504547,-0.0689596235752105
2026-09-17T07:25:27.872995,1789629927872995600,71.66299560546875,0.2274432778358459,-0.2224301397800445,-0.0650703459978103
2026-09-17T07:25:27.882954,1789629927882954500,71.67295458984376,0.2532753944396972,-0.2406948953866958,-0.0596129968762397
2026-09-17T07:25:27.892914,1789629927892914400,71.68291455078125,0.2784433364868164,-0.2250256538391113,-0.0550749711692333
2026-09-17T07:25:27.902874,1789629927902874400,71.69287426757812,0.3077133595943451,-0.1907276064157486,-0.0506088472902774
2026-09-17T07:25:27.912833,1789629927912833500,71.70283349609375,0.3326804935932159,-0.1110700592398643,-0.0462178289890289
2026-09-17T07:25:27.922793,1789629927922793700,71.71279370117188,0.3563985824584961,-0.0157624520361423,-0.0440351031720638
2026-09-17T07:25:27.932752,1789629927932752600,71.72275268554688,0.3693087995052337,0.0156271625310182,-0.0567442402243614
2026-09-17T07:25:27.942712,1789629927942712600,71.73271264648437,0.3734510838985443,-0.0209881067276,-0.0894806161522865
2026-09-17T07:25:27.952672,1789629927952672500,71.74267260742188,0.3710768818855285,-0.0895333439111709,-0.134375125169754
2026-09-17T07:25:27.962631,1789629927962631400,71.75263134765625,0.3732353746891022,-0.1490541994571685,-0.1769343018531799
2026-09-17T07:25:27.972591,1789629927972591600,71.76259155273438,0.3524150252342224,-0.224577710032463,-0.2420887947082519
2026-09-17T07:25:27.982551,1789629927982551600,71.77255151367187,0.280370682477951,-0.3009390532970428,-0.3181630671024322
2026-09-17T07:25:27.992510,1789629927992510500,71.78251049804688,0.1696590781211853,-0.347624272108078,-0.3710371851921081
2026-09-17T07:25:28.002470,1789629928002470400,71.79247045898437,0.0285179279744625,-0.3546499609947204,-0.3836022615432739
2026-09-17T07:25:28.012430,1789629928012430300,71.80243041992188,-0.116658441722393,-0.3359090387821197,-0.3715786039829254
2026-09-17T07:25:28.022389,1789629928022389800,71.8123896484375,-0.2416179478168487,-0.2977920174598694,-0.3644410669803619
2026-09-17T07:25:28.032349,1789629928032349700,71.822349609375,-0.3499358892440796,-0.264276921749115,-0.389347493648529
2026-09-17T07:25:28.042308,1789629928042308600,71.83230859375,-0.4507575929164886,-0.224125251173973,-0.4553193151950836
2026-09-17T07:25:28.052268,1789629928052268500,71.8422685546875,-0.5429610013961792,-0.2023898512125015,-0.5309251546859741
2026-09-17T07:25:28.062228,1789629928062228500,71.852228515625,-0.6038973331451416,-0.1486187726259231,-0.586828887462616
2026-09-17T07:25:28.072187,1789629928072187400,71.8621875,-0.6007941961288452,-0.0162138566374778,-0.5991821885108948
2026-09-17T07:25:28.082147,1789629928082147600,71.87214770507812,-0.5130065679550171,0.179227814078331,-0.5521409511566162
2026-09-17T07:25:28.092107,1789629928092107500,71.882107421875,-0.3579392433166504,0.3664475083351135,-0.4650252163410187
2026-09-17T07:25:28.102066,1789629928102066400,71.89206640625,-0.1445084512233734,0.5036759376525879,-0.3130191564559936
2026-09-17T07:25:28.112026,1789629928112026400,71.9020263671875,0.0960831195116043,0.5553348660469055,-0.1105313077569007
2026-09-17T07:25:28.121986,1789629928121986600,71.91198657226562,0.2994809746742248,0.4894711673259735,0.0902974084019661
2026-09-17T07:25:28.131945,1789629928131945700,71.92194580078124,0.4343850016593933,0.3484581112861633,0.2261034399271011
2026-09-17T07:25:28.141905,1789629928141905700,71.93190576171875,0.4983112514019012,0.2011666595935821,0.2750592529773712
2026-09-17T07:25:28.151864,1789629928151864600,71.94186450195312,0.4970853924751282,0.0362008810043334,0.2337706834077835
2026-09-17T07:25:28.161824,1789629928161824500,71.95182446289063,0.4317415654659271,-0.1231783926486969,0.1286791563034057
2026-09-17T07:25:28.171784,1789629928171784700,71.96178466796874,0.30910724401474,-0.2468936741352081,-0.0118763670325279
2026-09-17T07:25:28.181743,1789629928181743600,71.97174365234375,0.1202204152941703,-0.3510251343250274,-0.1674249470233917
2026-09-17T07:25:28.191703,1789629928191703600,71.98170361328125,-0.1123827323317527,-0.4053778648376465,-0.3114833235740661
2026-09-17T07:25:28.201663,1789629928201663500,71.99166357421875,-0.3475164175033569,-0.3842544555664062,-0.421964019536972
2026-09-17T07:25:28.211622,1789629928211622400,72.00162231445313,-0.5433439612388611,-0.3108012974262237,-0.4986090064048767
2026-09-17T07:25:28.221582,1789629928221582600,72.01158251953125,-0.6670376658439636,-0.1937558799982071,-0.5577074885368347
2026-09-17T07:25:28.231541,1789629928231541800,72.02154174804687,-0.7224040031433105,-0.0651835277676582,-0.6038637757301331
2026-09-17T07:25:28.241501,1789629928241501700,72.03150170898438,-0.727148711681366,0.034612838178873,-0.6263810992240906
2026-09-17T07:25:28.251461,1789629928251461600,72.04146166992187,-0.6895677447319031,0.096036247909069,-0.6065461039543152
2026-09-17T07:25:28.261420,1789629928261420500,72.05142065429688,-0.6152725219726562,0.115919142961502,-0.5422595143318176
2026-09-17T07:25:28.271380,1789629928271380500,72.06138037109375,-0.508155882358551,0.1029330417513847,-0.4388255476951599
2026-09-17T07:25:28.281340,1789629928281340400,72.07134033203126,-0.3705295920372009,0.0748100578784942,-0.3273482918739319
2026-09-17T07:25:28.291299,1789629928291299300,72.08129931640624,-0.2285796403884887,0.0620686970651149,-0.2282448858022689
2026-09-17T07:25:28.301259,1789629928301259500,72.09125952148437,-0.0988317728042602,0.0503590442240238,-0.1334523260593414
2026-09-17T07:25:28.311219,1789629928311219500,72.10121948242187,-0.0068640313111245,0.0539913289248943,-0.0419916585087776
2026-09-17T07:25:28.321178,1789629928321178400,72.11117846679687,0.0483076125383377,0.0608292631804943,0.0391780287027359
2026-09-17T07:25:28.331138,1789629928331138300,72.12113818359374,0.0635491460561752,0.057067546993494,0.0916673392057418
2026-09-17T07:25:28.341097,1789629928341097500,72.13109741210937,0.0660061836242675,0.0632641911506652,0.10953900963068
2026-09-17T07:25:28.351057,1789629928351057400,72.14105737304688,0.0678530856966972,0.0874230563640594,0.1140400171279907
2026-09-17T07:25:28.361017,1789629928361017300,72.15101733398437,0.0767230093479156,0.1141191124916076,0.0990629345178604
2026-09-17T07:25:28.370976,1789629928370976500,72.1609765625,0.0735551789402961,0.1368004530668258,0.063730239868164
2026-09-17T07:25:28.380936,1789629928380936400,72.1709365234375,0.0423418655991554,0.1258245110511779,0.016945693641901
2026-09-17T07:25:28.390896,1789629928390896400,72.180896484375,-0.0022445120848715,0.1065850332379341,-0.0327693969011306
2026-09-17T07:25:28.400855,1789629928400855300,72.19085522460938,-0.0511047281324863,0.0853199586272239,-0.0730494409799575
2026-09-17T07:25:28.410815,1789629928410815500,72.2008154296875,-0.0943134501576423,0.0433613210916519,-0.0993753224611282
2026-09-17T07:25:28.420775,1789629928420775400,72.210775390625,-0.1155849173665046,0.0184248127043247,-0.1063706502318382
2026-09-17T07:25:28.430734,1789629928430734300,72.220734375,-0.1050771474838256,0.0291387103497982,-0.0844509676098823
2026-09-17T07:25:28.440694,1789629928440694300,72.2306943359375,-0.0851993188261985,0.043066244572401,-0.0609512329101562
2026-09-17T07:25:28.450653,1789629928450653400,72.2406533203125,-0.0689617544412612,0.071456603705883,-0.0420489162206649
2026-09-17T07:25:28.460613,1789629928460613400,72.25061328125,-0.0684381797909736,0.0939978659152984,-0.0314330235123634
2026-09-17T07:25:28.470573,1789629928470573300,72.2605732421875,-0.0853556469082832,0.0990855693817138,-0.0233276933431625
2026-09-17T07:25:28.480532,1789629928480532500,72.27053247070313,-0.1043847277760505,0.0816152319312095,0.0070674968883395
2026-09-17T07:25:28.490492,1789629928490492400,72.28049243164062,-0.114685833454132,0.037016075104475,0.0645374506711959
2026-09-17T07:25:28.500452,1789629928500452600,72.29045263671875,-0.092393048107624,0.0115461349487304,0.1258189082145691
2026-09-17T07:25:28.510411,1789629928510411500,72.30041162109374,-0.0413722060620784,0.0433259010314941,0.1726804226636886
2026-09-17T07:25:28.520371,1789629928520371500,72.31037133789063,0.0299725458025932,0.0734875351190567,0.2014124691486358
2026-09-17T07:25:28.530330,1789629928530330400,72.32033032226562,0.0982432141900062,0.0639241188764572,0.2016343176364898
2026-09-17T07:25:28.540290,1789629928540290300,72.33029028320313,0.1694958209991455,0.0363910309970378,0.1995645016431808
2026-09-17T07:25:28.550250,1789629928550250200,72.34025024414062,0.2442707270383834,0.0116353509947657,0.2077033966779709
2026-09-17T07:25:28.560209,1789629928560209400,72.35020947265625,0.2955206036567688,0.0045809033326804,0.2220530360937118
2026-09-17T07:25:28.570169,1789629928570169300,72.36016943359375,0.2952153980731964,-0.0147906634956598,0.2333408445119857
2026-09-17T07:25:28.580129,1789629928580129300,72.37012939453125,0.2698881924152374,-0.0380485840141773,0.2530828714370727
2026-09-17T07:25:28.590088,1789629928590088400,72.38008837890625,0.2336971759796142,-0.0236786976456642,0.2797432243824005
2026-09-17T07:25:28.600048,1789629928600048400,72.39004833984374,0.2030138373374939,-0.0056123454123735,0.2892509698867798
2026-09-17T07:25:28.610008,1789629928610008600,72.40000854492187,0.1844233721494674,0.019833093509078,0.2745399475097656
2026-09-17T07:25:28.619967,1789629928619967500,72.40996752929688,0.1938789188861847,0.0469075888395309,0.2637773156166076
2026-09-17T07:25:28.629927,1789629928629927400,72.41992749023437,0.2397654503583908,0.0545609779655933,0.2636952996253967
2026-09-17T07:25:28.639886,1789629928639886300,72.42988623046875,0.3019462823867798,0.0623411387205123,0.2623184323310852
2026-09-17T07:25:28.649846,1789629928649846300,72.43984619140625,0.3509553670883178,0.0306615065783262,0.2462771534919738
2026-09-17T07:25:28.659806,1789629928659806500,72.44980639648438,0.3599291443824768,-0.0103224124759435,0.2105266153812408
2026-09-17T07:25:28.669765,1789629928669765400,72.45976538085938,0.3066888153553009,-0.0514738447964191,0.1578309088945388
2026-09-17T07:25:28.679725,1789629928679725300,72.46972534179687,0.1842651814222335,-0.1073237955570221,0.0856192931532859
2026-09-17T07:25:28.689685,1789629928689685200,72.47968530273438,-0.0073007899336516,-0.2004199177026748,-0.0141685493290424
2026-09-17T07:25:28.699644,1789629928699644400,72.48964453125,-0.2664295434951782,-0.3368797600269317,-0.1369898170232772
2026-09-17T07:25:28.709604,1789629928709604600,72.4996044921875,-0.534224271774292,-0.4510553181171417,-0.2520274519920349
2026-09-17T07:25:28.719564,1789629928719564500,72.509564453125,-0.7382420897483826,-0.4486550092697143,-0.3209026455879211
2026-09-17T07:25:28.729523,1789629928729523500,72.5195234375,-0.8235830664634705,-0.3077024221420288,-0.3353146016597748
2026-09-17T07:25:28.739483,1789629928739483400,72.5294833984375,-0.7828644514083862,-0.0894087105989456,-0.3013859391212463
2026-09-17T07:25:28.749442,1789629928749442300,72.5394423828125,-0.6465015411376953,0.1451356261968612,-0.2121170461177826
2026-09-17T07:25:28.759402,1789629928759402500,72.54940258789063,-0.4594331085681915,0.385460615158081,-0.0614625625312328
2026-09-17T07:25:28.769362,1789629928769362400,72.55936254882812,-0.2614752650260925,0.5346101522445679,0.1045000404119491
2026-09-17T07:25:28.779321,1789629928779321300,72.5693212890625,-0.0690970420837402,0.565383791923523,0.271522045135498
2026-09-17T07:25:28.789281,1789629928789281300,72.57928125,0.1071975603699684,0.5044476985931396,0.4092482328414917
2026-09-17T07:25:28.799241,1789629928799241200,72.5892412109375,0.2497038394212722,0.3658802509307861,0.501427173614502
2026-09-17T07:25:28.809200,1789629928809200600,72.59920068359375,0.344745934009552,0.1663990914821624,0.5361688733100891
2026-09-17T07:25:28.819160,1789629928819160600,72.60916064453124,0.3838041126728058,0.0040975394658744,0.5198269486427307
2026-09-17T07:25:28.829119,1789629928829119500,72.61911938476563,0.3822552263736725,-0.0959907099604606,0.4741159081459045
2026-09-17T07:25:28.839079,1789629928839079400,72.62907934570312,0.3440271615982055,-0.1408314257860183,0.4089480936527252
2026-09-17T07:25:28.849039,1789629928849039400,72.63903930664063,0.2589530050754547,-0.1578215807676315,0.3369231522083282
2026-09-17T07:25:28.858998,1789629928858998300,72.64899829101563,0.1288559883832931,-0.1533650606870651,0.2727993130683899
2026-09-17T07:25:28.868958,1789629928868958500,72.65895849609375,-0.036564402282238,-0.1518688946962356,0.2243827730417251
2026-09-17T07:25:28.878918,1789629928878918400,72.66891845703125,-0.2537555694580078,-0.1845107227563858,0.1677535772323608
2026-09-17T07:25:28.888877,1789629928888877300,72.67887719726562,-0.5056636929512024,-0.2308782190084457,0.0940157100558281
2026-09-17T07:25:28.898837,1789629928898837200,72.68883715820313,-0.7322853803634644,-0.2456209510564804,0.0063958475366234
2026-09-17T07:25:28.908797,1789629928908797400,72.69879736328124,-0.9009883999824524,-0.2161605209112167,-0.0915067493915557
2026-09-17T07:25:28.918756,1789629928918756600,72.70875659179687,-0.99165278673172,-0.1631098240613937,-0.1752815395593643
2026-09-17T07:25:28.928716,1789629928928716500,72.71871655273438,-1.018911838531494,-0.1187511533498764,-0.2215105593204498
2026-09-17T07:25:28.938675,1789629928938675500,72.72867553710938,-0.9852516055107116,-0.0888441205024719,-0.211990550160408
2026-09-17T07:25:28.948635,1789629928948635400,72.73863549804688,-0.8825731873512268,-0.0230198316276073,-0.139029785990715
2026-09-17T07:25:28.958595,1789629928958595600,72.748595703125,-0.7160523533821106,0.0584481284022331,-0.0350687727332115
2026-09-17T07:25:28.968554,1789629928968554500,72.75855444335937,-0.5094102621078491,0.1219040676951408,0.0667081922292709
2026-09-17T07:25:28.978514,1789629928978514400,72.76851440429688,-0.2987933456897735,0.163367360830307,0.1520664989948272
2026-09-17T07:25:28.988474,1789629928988474400,72.77847436523437,-0.0924425795674324,0.1957782953977584,0.2239870280027389
2026-09-17T07:25:28.998433,1789629928998433300,72.78843334960938,0.0810357332229614,0.2087524086236953,0.255862146615982
2026-09-17T07:25:29.008393,1789629929008393500,72.7983935546875,0.2041467428207397,0.1980281323194503,0.2620768845081329
2026-09-17T07:25:29.018352,1789629929018352400,72.80835229492187,0.2449761927127838,0.1634560376405716,0.2531920373439789
2026-09-17T07:25:29.028312,1789629929028312300,72.81831225585937,0.2141740769147873,0.1250295490026474,0.2500343322753906
2026-09-17T07:25:29.038272,1789629929038272300,72.82827221679688,0.1388337761163711,0.094049796462059,0.2618534564971924
2026-09-17T07:25:29.048231,1789629929048231400,72.8382314453125,0.0541180968284606,0.0848584324121475,0.2834932208061218
2026-09-17T07:25:29.058191,1789629929058191400,72.84819140625,-0.0122524052858352,0.1019074544310569,0.2924840748310089
2026-09-17T07:25:29.068151,1789629929068151600,72.85815161132813,-0.0602217949926853,0.1182041391730308,0.2764134705066681
2026-09-17T07:25:29.078110,1789629929078110500,72.8681103515625,-0.0842818543314933,0.1248106434941291,0.2228115051984787
2026-09-17T07:25:29.088070,1789629929088070400,72.8780703125,-0.082309253513813,0.1431363821029663,0.1340448856353759
2026-09-17T07:25:29.098030,1789629929098030300,72.8880302734375,-0.06080849096179,0.172891616821289,0.038526352494955
2026-09-17T07:25:29.107989,1789629929107989200,72.8979892578125,-0.0308601781725883,0.1625870466232299,-0.0510663799941539
2026-09-17T07:25:29.117949,1789629929117949400,72.90794946289063,-0.0121243074536323,0.102907471358776,-0.1153329834342002
2026-09-17T07:25:29.127908,1789629929127908400,72.91790844726563,0.0059729376807808,0.0241767093539237,-0.1280738115310669
2026-09-17T07:25:29.137868,1789629929137868300,72.92786840820312,0.0338160209357738,-0.0276084579527378,-0.0956785902380943
2026-09-17T07:25:29.147828,1789629929147828200,72.937828125,0.0889447852969169,-0.0385370068252086,-0.0510243028402328
2026-09-17T07:25:29.157787,1789629929157787400,72.94778735351562,0.171419158577919,-0.0162018723785877,-0.0280577335506677
2026-09-17T07:25:29.167747,1789629929167747600,72.95774755859375,0.2672383487224579,0.0247530173510313,-0.042677953839302
2026-09-17T07:25:29.177707,1789629929177707500,72.96770751953125,0.3291962742805481,0.0509912781417369,-0.0806365236639976
2026-09-17T07:25:29.187666,1789629929187666400,72.97766650390625,0.3257016837596893,0.0452508367598056,-0.1287380009889602
2026-09-17T07:25:29.197626,1789629929197626400,72.98762646484376,0.2692935168743133,0.0110398679971694,-0.1822012364864349
2026-09-17T07:25:29.207585,1789629929207585300,72.99758520507812,0.1809412837028503,-0.0417415872216224,-0.219108909368515
2026-09-17T07:25:29.217545,1789629929217545500,73.00754541015625,0.0927320644259452,-0.0864400863647461,-0.2280856370925903
2026-09-17T07:25:29.227505,1789629929227505400,73.01750537109375,0.0278574638068676,-0.1190779209136962,-0.2081521302461624
2026-09-17T07:25:29.237464,1789629929237464300,73.02746435546875,0.0096449041739106,-0.1325218230485916,-0.1746647506952285
2026-09-17T07:25:29.247424,1789629929247424300,73.03742431640624,0.0515353642404079,-0.1123057678341865,-0.1420258432626724
2026-09-17T07:25:29.257384,1789629929257384200,73.04738427734375,0.1390713304281234,-0.0775286108255386,-0.11967633664608
2026-09-17T07:25:29.267343,1789629929267343600,73.05734350585938,0.2479288429021835,-0.0662501230835914,-0.1125395968556404
2026-09-17T07:25:29.277303,1789629929277303600,73.06730346679687,0.3232981562614441,-0.0888286754488945,-0.1178691089153289
2026-09-17T07:25:29.287263,1789629929287263000,73.07726293945312,0.3533154428005218,-0.1342925578355789,-0.1180656552314758
2026-09-17T07:25:29.297223,1789629929297223000,73.08722290039063,0.3502512276172638,-0.175415500998497,-0.1024914905428886
2026-09-17T07:25:29.307183,1789629929307183000,73.09718310546874,0.3393767476081848,-0.2032631039619445,-0.0824386849999427
2026-09-17T07:25:29.317142,1789629929317142000,73.10714208984375,0.3291749656200409,-0.2063888609409332,-0.0616260804235935
2026-09-17T07:25:29.327102,1789629929327102000,73.11710205078126,0.3319486379623413,-0.2127940207719802,-0.0490895137190818
2026-09-17T07:25:29.337062,1789629929337062000,73.12706176757813,0.3341553509235382,-0.2366002947092056,-0.0463786832988262
2026-09-17T07:25:29.347020,1789629929347020800,73.13702075195313,0.3427805304527282,-0.2458947151899337,-0.0560840405523777
2026-09-17T07:25:29.356981,1789629929356981000,73.14698095703125,0.3332322835922241,-0.2619003057479858,-0.1001316606998443
2026-09-17T07:25:29.366941,1789629929366941000,73.15694091796875,0.2961163520812988,-0.2748342156410217,-0.1865523010492324
2026-09-17T07:25:29.376899,1789629929376899800,73.16689990234374,0.2321445494890213,-0.3012184202671051,-0.3097626566886902
2026-09-17T07:25:29.386859,1789629929386859800,73.17685986328125,0.1428402364253997,-0.2788542807102203,-0.4368793368339538
2026-09-17T07:25:29.396819,1789629929396819000,73.18681884765626,0.0435035340487957,-0.228964477777481,-0.5457887649536133
2026-09-17T07:25:29.406779,1789629929406779100,73.19677905273437,-0.0488897785544395,-0.1725517958402633,-0.6376736760139465
2026-09-17T07:25:29.416739,1789629929416739000,73.20673901367188,-0.1092718988656997,-0.1081786677241325,-0.6736623048782349
2026-09-17T07:25:29.426698,1789629929426698000,73.21669799804687,-0.1502765864133834,-0.0273804906755685,-0.6601377129554749
2026-09-17T07:25:29.436658,1789629929436658000,73.22665795898438,-0.204818919301033,0.0276257693767547,-0.6190065145492554
2026-09-17T07:25:29.446617,1789629929446617900,73.23661791992187,-0.2863979339599609,0.0488474331796169,-0.5697742700576782
2026-09-17T07:25:29.456577,1789629929456577000,73.24657690429687,-0.3857042789459228,0.1201008409261703,-0.5017802715301514
2026-09-17T07:25:29.466537,1789629929466537000,73.25653686523438,-0.4845717549324035,0.2201779037714004,-0.4185546338558197
2026-09-17T07:25:29.476496,1789629929476496000,73.26649584960937,-0.5616207122802734,0.2869987487792969,-0.330660730600357
2026-09-17T07:25:29.486455,1789629929486455800,73.27645581054688,-0.5624108910560608,0.310892641544342,-0.2333211451768875
2026-09-17T07:25:29.496415,1789629929496415700,73.28641577148437,-0.4347818195819855,0.3090593218803406,-0.1062763705849647
2026-09-17T07:25:29.506375,1789629929506375000,73.296375,-0.2003048658370971,0.2815454006195068,0.0490793958306312
2026-09-17T07:25:29.516335,1789629929516335000,73.30633520507813,0.0846243426203727,0.2156478762626648,0.2130614072084427
2026-09-17T07:25:29.526295,1789629929526295000,73.316294921875,0.3470887243747711,0.1216390803456306,0.342013269662857
2026-09-17T07:25:29.536254,1789629929536254000,73.32625390625,0.5329539179801941,0.0589314922690391,0.4039514660835266
2026-09-17T07:25:29.546214,1789629929546214000,73.3362138671875,0.6179028749465942,0.0091887041926383,0.3856528997421264
2026-09-17T07:25:29.556172,1789629929556172800,73.3461728515625,0.6077109575271606,-0.0256859213113784,0.288665622472763
2026-09-17T07:25:29.566133,1789629929566133000,73.35613305664063,0.510769784450531,-0.0527769289910793,0.1338789761066436
2026-09-17T07:25:29.576093,1789629929576093000,73.36609301757812,0.3084092438220978,-0.0901570543646812,-0.0732603669166565
2026-09-17T07:25:29.586051,1789629929586051800,73.3760517578125,0.035737756639719,-0.1115627437829971,-0.2692152261734009
2026-09-17T07:25:29.596011,1789629929596011800,73.38601171875,-0.2399454861879348,-0.0659188255667686,-0.4067339301109314
2026-09-17T07:25:29.605972,1789629929605972000,73.39597192382813,-0.4915809035301208,0.0044128578156232,-0.4825349450111389
2026-09-17T07:25:29.615931,1789629929615931100,73.40593115234375,-0.6856992840766907,0.0881434381008148,-0.5124608874320984
2026-09-17T07:25:29.625891,1789629929625891000,73.41589111328125,-0.796862006187439,0.1640435308218002,-0.5187837481498718
2026-09-17T07:25:29.635850,1789629929635850000,73.42585009765625,-0.8234949707984924,0.199511781334877,-0.507854163646698
2026-09-17T07:25:29.645810,1789629929645810000,73.43580981445312,-0.7927426099777222,0.1912304162979126,-0.4791849553585052
2026-09-17T07:25:29.655770,1789629929655770000,73.44577001953125,-0.7090889811515808,0.1523000597953796,-0.4281923472881317
2026-09-17T07:25:29.665729,1789629929665729000,73.45572900390626,-0.5792447328567505,0.1374103277921676,-0.337905615568161
2026-09-17T07:25:29.675689,1789629929675689000,73.46568896484375,-0.3979572355747223,0.164918377995491,-0.1957497894763946
2026-09-17T07:25:29.685649,1789629929685649000,73.47564892578124,-0.193288505077362,0.1964307725429535,-0.0444044806063175
2026-09-17T07:25:29.695607,1789629929695607800,73.48560791015625,0.0228991899639368,0.222490057349205,0.0975499898195266
2026-09-17T07:25:29.705567,1789629929705567700,73.49556762695312,0.218097448348999,0.2425442039966583,0.2125178575515747
2026-09-17T07:25:29.715527,1789629929715527200,73.50552709960938,0.3594034314155578,0.2119703143835067,0.2871851623058319
2026-09-17T07:25:29.725487,1789629929725487000,73.51548706054687,0.42723548412323,0.1254505962133407,0.3216190338134765
2026-09-17T07:25:29.735447,1789629929735447000,73.52544702148438,0.4255944490432739,-0.0118417460471391,0.3303414285182953
2026-09-17T07:25:29.745406,1789629929745406000,73.53540600585937,0.3620247840881347,-0.151243045926094,0.3196453750133514
2026-09-17T07:25:29.755366,1789629929755366000,73.54536596679688,0.2479192614555359,-0.2633551955223083,0.305662989616394
2026-09-17T07:25:29.765326,1789629929765326000,73.555326171875,0.1130402684211731,-0.338469922542572,0.2725806534290313
2026-09-17T07:25:29.775285,1789629929775285000,73.56528491210938,-0.0252012275159358,-0.3629278540611267,0.2278917580842971
2026-09-17T07:25:29.785245,1789629929785245000,73.57524487304687,-0.1512076258659362,-0.3234425187110901,0.1636318117380142
2026-09-17T07:25:29.795204,1789629929795204900,73.58520483398438,-0.2465173751115799,-0.2358420938253402,0.0952303782105445
2026-09-17T07:25:29.805163,1789629929805163800,73.59516381835938,-0.2808295488357544,-0.1060854196548461,0.045453768223524
2026-09-17T07:25:29.815124,1789629929815124000,73.6051240234375,-0.2426611185073852,0.0532331280410289,0.0107676927000284
2026-09-17T07:25:29.825083,1789629929825083100,73.61508325195312,-0.1386308521032333,0.2015075534582138,-0.0020138823892921
2026-09-17T07:25:29.835043,1789629929835043000,73.62504296875,-0.0069961240515112,0.2595926821231842,0.0034048515371978
2026-09-17T07:25:29.845003,1789629929845003000,73.6350029296875,0.1189745888113975,0.2135418355464935,0.0362381637096405
2026-09-17T07:25:29.854962,1789629929854962000,73.6449619140625,0.2135378420352935,0.103256344795227,0.0930740162730217
2026-09-17T07:25:29.864922,1789629929864922000,73.65492211914062,0.2755809724330902,0.0076584522612392,0.1504560858011245
2026-09-17T07:25:29.874882,1789629929874882000,73.66488208007813,0.320380687713623,-0.0351499989628791,0.1971775144338607
2026-09-17T07:25:29.884841,1789629929884841000,73.67484106445312,0.3387016355991363,-0.0438848994672298,0.2057736665010452
2026-09-17T07:25:29.894801,1789629929894801000,73.68480078125,0.3215852081775665,-0.0528941079974174,0.1899880468845367
2026-09-17T07:25:29.904759,1789629929904759800,73.694759765625,0.2606382369995117,-0.0714249163866043,0.1564793586730957
2026-09-17T07:25:29.914720,1789629929914720000,73.70471997070312,0.1483460664749145,-0.0962357223033905,0.1220257729291915
2026-09-17T07:25:29.924680,1789629929924680000,73.71467993164063,0.0259261392056942,-0.1020624488592147,0.1088825389742851
2026-09-17T07:25:29.934639,1789629929934639000,73.72463916015624,-0.063562199473381,-0.0777714923024177,0.1108231842517852
2026-09-17T07:25:29.944599,1789629929944599000,73.73459912109375,-0.0980836898088455,-0.0398874953389167,0.109194129705429
2026-09-17T07:25:29.954559,1789629929954559000,73.74455908203124,-0.0740891396999359,0.0264036431908607,0.1071711927652359
2026-09-17T07:25:29.964518,1789629929964518100,73.75451806640625,-0.014005297794938,0.0769855976104736,0.1167937293648719
2026-09-17T07:25:29.974478,1789629929974478000,73.76447802734376,0.0544267557561397,0.0823617205023765,0.1390396505594253
2026-09-17T07:25:29.984437,1789629929984437000,73.77443701171875,0.1116271987557411,0.0580033808946609,0.1604772955179214
2026-09-17T07:25:29.994397,1789629929994397000,73.78439697265625,0.1608557254076004,-0.007684551179409,0.1773398965597152
2026-09-17T07:25:30.004356,1789629930004356900,73.79435693359375,0.2204716503620147,-0.0319624617695808,0.2020686715841293
2026-09-17T07:25:30.014315,1789629930014315800,73.80431567382813,0.2988665997982025,0.003460245206952,0.2179118245840072
2026-09-17T07:25:30.024276,1789629930024276000,73.81427587890624,0.3634498417377472,0.0905219092965126,0.2203544676303863
2026-09-17T07:25:30.034236,1789629930034236000,73.82423583984375,0.3971081972122192,0.1269552856683731,0.2299519777297973
2026-09-17T07:25:30.044194,1789629930044194800,73.83419482421876,0.389276921749115,0.1153865158557891,0.2503344714641571
2026-09-17T07:25:30.054154,1789629930054154800,73.84415478515625,0.3411048650741577,0.051513522863388,0.2875572144985199
2026-09-17T07:25:30.064114,1789629930064114000,73.85411401367188,0.2344093024730682,-0.0575562380254268,0.2889425754547119
2026-09-17T07:25:30.074074,1789629930074074000,73.86407421875,0.0775014460086822,-0.1888372898101806,0.2314516007900238
2026-09-17T07:25:30.084034,1789629930084034000,73.87403393554688,-0.1018342226743698,-0.3029358983039856,0.1298855543136596
2026-09-17T07:25:30.093993,1789629930093993000,73.88399291992188,-0.2814964056015014,-0.3460356891155243,0.0068123661912977
2026-09-17T07:25:30.103953,1789629930103953000,73.89395288085937,-0.4397283792495727,-0.33182293176651,-0.1241278052330017
2026-09-17T07:25:30.113913,1789629930113913000,73.9039130859375,-0.5668376088142395,-0.2861436009407043,-0.2410988956689834
2026-09-17T07:25:30.123872,1789629930123872000,73.9138720703125,-0.6427872180938721,-0.2053699344396591,-0.2945807576179504
2026-09-17T07:25:30.133832,1789629930133832000,73.92383203125,-0.6542617082595825,-0.076869212090969,-0.2680540978908539
2026-09-17T07:25:30.143790,1789629930143790800,73.93379077148437,-0.6052773594856262,0.0676381662487983,-0.1762519925832748
2026-09-17T07:25:30.153750,1789629930153750800,73.94375073242188,-0.5101956129074097,0.2259644269943237,-0.0376930497586727
2026-09-17T07:25:30.163711,1789629930163711000,73.9537109375,-0.4120791554450989,0.3502536118030548,0.1122778058052063
2026-09-17T07:25:30.173670,1789629930173670100,73.96367016601563,-0.3350368440151214,0.3643678426742553,0.2440811097621917
2026-09-17T07:25:30.183630,1789629930183630000,73.97363012695313,-0.2782308161258697,0.288969486951828,0.3587757349014282
2026-09-17T07:25:30.193590,1789629930193590000,73.98359008789062,-0.2171538919210434,0.1780781298875808,0.4466011822223663
2026-09-17T07:25:30.203549,1789629930203549000,73.993548828125,-0.1344813853502273,0.05186453089118,0.4975418746471405
2026-09-17T07:25:30.213508,1789629930213508900,74.0035087890625,-0.0287794508039951,-0.0700115785002708,0.4855331480503082
2026-09-17T07:25:30.223468,1789629930223468000,74.01346801757812,0.0884837955236435,-0.1646906733512878,0.4189661145210266
2026-09-17T07:25:30.233428,1789629930233428000,74.02342797851563,0.2031895965337753,-0.1794536411762237,0.3472636938095093
2026-09-17T07:25:30.243388,1789629930243388000,74.03338793945312,0.2840852439403534,-0.1377296298742294,0.3009382784366607
2026-09-17T07:25:30.253346,1789629930253346800,74.04334692382812,0.3034261763095855,-0.0960120186209678,0.289081335067749
2026-09-17T07:25:30.263306,1789629930263306800,74.053306640625,0.2575074434280395,-0.0919666737318039,0.2894818782806396
2026-09-17T07:25:30.273267,1789629930273267000,74.06326684570313,0.1661583483219146,-0.1326054483652115,0.2920449078083038
2026-09-17T07:25:30.283225,1789629930283225300,74.07322534179687,0.0616106316447258,-0.1772184520959854,0.2818130552768707
2026-09-17T07:25:30.293185,1789629930293185300,74.08318530273438,-0.0274942088872194,-0.20827117562294,0.2484034150838852
2026-09-17T07:25:30.303144,1789629930303144200,74.09314428710937,-0.0899858176708221,-0.2194178402423858,0.1909023076295852
2026-09-17T07:25:30.313104,1789629930313104400,74.1031044921875,-0.1236923784017562,-0.1915920674800872,0.1145843714475631
2026-09-17T07:25:30.323064,1789629930323064300,74.11306420898437,-0.14612577855587,-0.1379341632127761,0.043819386512041
2026-09-17T07:25:30.333023,1789629930333023200,74.12302319335937,-0.1632834672927856,-0.058330949395895,-0.0268899369984865
2026-09-17T07:25:30.342983,1789629930342983200,74.13298315429688,-0.1924831569194793,0.0246568769216537,-0.0884398519992828
2026-09-17T07:25:30.352943,1789629930352943000,74.14294311523437,-0.2283950895071029,0.1000797301530838,-0.1123092323541641
2026-09-17T07:25:30.362902,1789629930362902500,74.15290258789062,-0.2562650740146637,0.1693200469017028,-0.0695316717028617
2026-09-17T07:25:30.372862,1789629930372862500,74.16286254882813,-0.2665065228939056,0.2069731503725052,0.0494671501219272
2026-09-17T07:25:30.382821,1789629930382821400,74.1728212890625,-0.2377981841564178,0.2278608530759811,0.2053789943456649
2026-09-17T07:25:30.392781,1789629930392781300,74.18278125,-0.154623657464981,0.250154435634613,0.3309435546398163
2026-09-17T07:25:30.402741,1789629930402741200,74.1927412109375,-0.0440004803240299,0.24354287981987,0.3645665049552917
2026-09-17T07:25:30.412700,1789629930412700200,74.2027001953125,0.0418063029646873,0.1534263044595718,0.3051021099090576
2026-09-17T07:25:30.422660,1789629930422660400,74.21266040039062,0.077064424753189,-0.0007693872321397,0.2101676166057586
2026-09-17T07:25:30.432620,1789629930432620300,74.22262036132813,0.0546853505074977,-0.1465055495500564,0.1134482622146606
2026-09-17T07:25:30.442579,1789629930442579200,74.2325791015625,0.002135056303814,-0.2057973742485046,0.0561956278979778
2026-09-17T07:25:30.452539,1789629930452539100,74.2425390625,-0.0649489089846611,-0.1872521787881851,0.0411120168864727
2026-09-17T07:25:30.462498,1789629930462498300,74.25249829101563,-0.126663401722908,-0.149244874715805,0.0561788491904735
2026-09-17T07:25:30.472458,1789629930472458200,74.26245825195312,-0.1808691173791885,-0.1500046849250793,0.0987678542733192
2026-09-17T07:25:30.482418,1789629930482418200,74.27241821289063,-0.1987772732973098,-0.1485386043787002,0.1596653014421463
2026-09-17T07:25:30.492377,1789629930492377300,74.28237744140625,-0.1512121558189392,-0.0460883975028991,0.2389231026172638
2026-09-17T07:25:30.502337,1789629930502337300,74.29233715820313,-0.0652626231312751,0.0697623044252395,0.2867116630077362
2026-09-17T07:25:30.512297,1789629930512297500,74.30229736328126,0.0284034125506877,0.1191729977726936,0.2760384976863861
2026-09-17T07:25:30.522256,1789629930522256400,74.31225634765624,0.1243286058306694,0.0896723642945289,0.2293359786272049
2026-09-17T07:25:30.532216,1789629930532216300,74.32221630859375,0.1896943002939224,0.0133994286879897,0.1647601872682571
2026-09-17T07:25:30.542175,1789629930542175200,74.33217529296876,0.21169413626194,-0.084351897239685,0.1062156483530998
2026-09-17T07:25:30.552135,1789629930552135200,74.34213525390625,0.2075633108615875,-0.1292943358421325,0.0687487050890922
2026-09-17T07:25:30.562095,1789629930562095400,74.35209545898438,0.1887512803077697,-0.1107270494103431,0.0484735257923603
2026-09-17T07:25:30.572054,1789629930572054300,74.36205419921875,0.1525796949863433,-0.0478090681135654,0.0310532562434673
2026-09-17T07:25:30.582014,1789629930582014200,74.37201416015625,0.1039985716342926,-0.0024024376180022,-0.0048397625796496
2026-09-17T07:25:30.591973,1789629930591973400,74.38197338867188,0.0402033440768718,0.0172767248004674,-0.0481701903045177
2026-09-17T07:25:30.601933,1789629930601933300,74.39193334960937,-0.0352490656077861,0.0290164705365896,-0.0707950741052627
2026-09-17T07:25:30.611893,1789629930611893200,74.40189331054688,-0.1049248203635215,0.0120433466508984,-0.0598569400608539
2026-09-17T07:25:30.621852,1789629930621852400,74.41185229492187,-0.1800387501716613,-0.0675686597824096,-0.0369500294327735
2026-09-17T07:25:30.631812,1789629930631812400,74.42181225585938,-0.2548429369926452,-0.1765611916780471,-0.0085327681154012
2026-09-17T07:25:30.641772,1789629930641772300,74.43177221679687,-0.3000479638576507,-0.2441128045320511,0.0112667689099907
2026-09-17T07:25:30.651731,1789629930651731200,74.44173120117188,-0.3042464554309845,-0.2458033710718155,0.0261660907417535
2026-09-17T07:25:30.661691,1789629930661691100,74.45169116210937,-0.2654553651809692,-0.2043427526950836,0.0075585837475955
2026-09-17T07:25:30.671650,1789629930671650000,74.46165014648437,-0.1820917725563049,-0.1300192475318908,-0.026044650003314
2026-09-17T07:25:30.681610,1789629930681610200,74.4716103515625,-0.0591567978262901,-0.1003298014402389,-0.0449240654706954
2026-09-17T07:25:30.691570,1789629930691570200,74.48157006835937,0.0755951553583145,-0.0779477953910827,-0.0385039821267128
2026-09-17T07:25:30.701529,1789629930701529300,74.491529296875,0.1812531501054763,-0.0568915121257305,-0.0046208505518734
2026-09-17T07:25:30.711489,1789629930711489300,74.5014892578125,0.2318105995655059,-0.092310756444931,0.0481169298291206
2026-09-17T07:25:30.721449,1789629930721449500,74.51144946289062,0.2348191738128662,-0.15987329185009,0.1068476215004921
2026-09-17T07:25:30.731408,1789629930731408400,74.52140844726563,0.2121695131063461,-0.1984302699565887,0.164749801158905
2026-09-17T07:25:30.741368,1789629930741368300,74.53136840820312,0.1963601857423782,-0.1838414669036865,0.2046431601047516
2026-09-17T07:25:30.751327,1789629930751327200,74.5413271484375,0.2185049057006836,-0.110371246933937,0.2198239713907241
2026-09-17T07:25:30.761287,1789629930761287200,74.551287109375,0.2818290293216705,-0.0146995838731527,0.2100999653339386
2026-09-17T07:25:30.771247,1789629930771247400,74.56124731445313,0.3633917868137359,0.0261583663523197,0.1866084933280944
2026-09-17T07:25:30.781206,1789629930781206300,74.57120629882813,0.4277468025684356,-0.0106513127684593,0.1597001850605011
2026-09-17T07:25:30.791166,1789629930791166200,74.58116625976562,0.4624062478542328,-0.0997622832655906,0.1315889209508896
2026-09-17T07:25:30.801126,1789629930801126100,74.59112622070313,0.4606560170650482,-0.2146864682435989,0.0986293703317642
2026-09-17T07:25:30.811085,1789629930811085300,74.60108520507812,0.3963462710380554,-0.3094904720783233,0.0401301085948944
2026-09-17T07:25:30.821045,1789629930821045500,74.61104541015625,0.2916872501373291,-0.3356136977672577,-0.0337233431637287
2026-09-17T07:25:30.831004,1789629930831004400,74.62100439453125,0.162118062376976,-0.3058619201183319,-0.1241051703691482
2026-09-17T07:25:30.840964,1789629930840964400,74.63096435546875,0.0073292856104671,-0.2788231074810028,-0.2445178627967834
2026-09-17T07:25:30.850924,1789629930850924300,74.64092431640626,-0.1535591930150985,-0.278353601694107,-0.3592875897884369
2026-09-17T07:25:30.860883,1789629930860883200,74.65088330078125,-0.3113464415073395,-0.2921724617481231,-0.4394183754920959
2026-09-17T07:25:30.870843,1789629930870843100,74.66084301757813,-0.4577094912528991,-0.2364902943372726,-0.472317487001419
2026-09-17T07:25:30.880803,1789629930880803300,74.67080322265625,-0.5604366660118103,-0.1556479185819625,-0.4553888142108917
2026-09-17T07:25:30.890762,1789629930890762200,74.68076220703125,-0.6008368134498596,-0.0306311454623937,-0.4158478081226349
2026-09-17T07:25:30.900722,1789629930900722200,74.69072216796874,-0.5701138377189636,0.1077064871788024,-0.3491702377796173
2026-09-17T07:25:30.910681,1789629930910681300,74.70068139648437,-0.4708215892314911,0.2220077663660049,-0.2559587955474853
2026-09-17T07:25:30.920641,1789629930920641300,74.71064135742188,-0.309594064950943,0.28758704662323,-0.1411938816308975
2026-09-17T07:25:30.930601,1789629930930601500,74.7206015625,-0.1138067245483398,0.3280164897441864,-0.0338916555047035
2026-09-17T07:25:30.940560,1789629930940560400,74.73056030273438,0.1007042378187179,0.3767786920070648,0.0588832907378673
2026-09-17T07:25:30.950520,1789629930950520300,74.74052026367187,0.2958329916000366,0.40615975856781,0.1256474107503891
2026-09-17T07:25:30.960479,1789629930960479200,74.75047924804687,0.4392798840999603,0.3784027099609375,0.1563762873411178
2026-09-17T07:25:30.970439,1789629930970439200,74.76043920898438,0.5282220244407654,0.3109059333801269,0.1764850169420242
2026-09-17T07:25:30.980399,1789629930980399400,74.7703994140625,0.5718235373497009,0.2309804856777191,0.1984414458274841
2026-09-17T07:25:30.990358,1789629930990358300,74.78035815429688,0.5782713294029236,0.1263435631990432,0.2030737549066543
2026-09-17T07:25:31.000318,1789629931000318200,74.79031811523437,0.5610313415527344,0.0536493808031082,0.1858468353748321
2026-09-17T07:25:31.010278,1789629931010278100,74.80027807617188,0.5122931003570557,0.0014871091116219,0.1431528925895691
2026-09-17T07:25:31.020237,1789629931020237300,74.8102373046875,0.4332014918327331,-0.0605027601122856,0.076922208070755
2026-09-17T07:25:31.030197,1789629931030197500,74.82019750976562,0.3250132501125335,-0.1257027983665466,-0.002844522241503
2026-09-17T07:25:31.040156,1789629931040156400,74.83015649414062,0.2013376355171203,-0.1847485452890396,-0.0896947309374809
2026-09-17T07:25:31.050116,1789629931050116400,74.84011645507813,0.0802748650312423,-0.1782741397619247,-0.1699642688035965
2026-09-17T07:25:31.060076,1789629931060076300,74.850076171875,-0.0358703844249248,-0.1210923343896865,-0.2431394159793853
2026-09-17T07:25:31.070035,1789629931070035200,74.86003515625,-0.144536405801773,-0.007808388210833,-0.3224613964557647
2026-09-17T07:25:31.079995,1789629931079995400,74.86999536132812,-0.2413218021392822,0.1182635277509689,-0.4067033231258392
2026-09-17T07:25:31.089955,1789629931089955300,74.87995532226563,-0.3121033012866974,0.2151578515768051,-0.474151074886322
2026-09-17T07:25:31.099914,1789629931099914200,74.88991430664062,-0.3608050644397735,0.2406048774719238,-0.52107834815979
2026-09-17T07:25:31.109874,1789629931109874200,74.89987426757813,-0.4197876751422882,0.1875139772891998,-0.5413995981216431
2026-09-17T07:25:31.119833,1789629931119833300,74.90983325195313,-0.4829245805740356,0.11602433770895,-0.5278403759002686
2026-09-17T07:25:31.129793,1789629931129793300,74.91979321289062,-0.5236799716949463,0.0679409652948379,-0.4748565256595611
2026-09-17T07:25:31.139753,1789629931139753200,74.92975317382812,-0.497248113155365,0.0769557654857635,-0.3916670978069305
2026-09-17T07:25:31.149712,1789629931149712400,74.93971240234374,-0.3871645033359527,0.1475902497768402,-0.2893702983856201
2026-09-17T07:25:31.159672,1789629931159672300,74.94967236328125,-0.2101345956325531,0.2294275909662246,-0.1792856007814407
2026-09-17T07:25:31.169631,1789629931169631200,74.95963134765626,-0.0190202966332435,0.239284485578537,-0.0711711123585701
2026-09-17T07:25:31.179591,1789629931179591200,74.96959106445313,0.1489878892898559,0.1752218902111053,0.0306164994835853
2026-09-17T07:25:31.189551,1789629931189551400,74.97955126953126,0.2647086083889007,0.0915999561548233,0.111008808016777
2026-09-17T07:25:31.199510,1789629931199510300,74.98951025390625,0.3198522925376892,0.0034860777668654,0.1562647074460983
2026-09-17T07:25:31.209470,1789629931209470200,74.99947021484375,0.3258111178874969,-0.0801904425024986,0.1606495976448059
2026-09-17T07:25:31.219430,1789629931219430100,75.00943017578125,0.2963898479938507,-0.1294365525245666,0.14870585501194
2026-09-17T07:25:31.229389,1789629931229389300,75.01938940429687,0.2433812320232391,-0.1355021744966507,0.141290545463562
2026-09-17T07:25:31.239349,1789629931239349200,75.02934936523438,0.1839634478092193,-0.129388079047203,0.1488723009824752
2026-09-17T07:25:31.249308,1789629931249308400,75.03930834960937,0.1267864406108856,-0.1261603385210037,0.1652984172105789
2026-09-17T07:25:31.259268,1789629931259268400,75.04926831054688,0.0792420879006385,-0.0877341106534004,0.1855213940143585
2026-09-17T07:25:31.269228,1789629931269228300,75.05922827148437,0.0585253611207008,-0.0403452925384044,0.2077872902154922
2026-09-17T07:25:31.279187,1789629931279187200,75.06918725585938,0.0493558309972286,0.0123512083664536,0.2038700431585312
2026-09-17T07:25:31.289147,1789629931289147400,75.0791474609375,0.0473600588738918,0.0344767495989799,0.1708955764770507
2026-09-17T07:25:31.299107,1789629931299107600,75.08910766601562,0.035154789686203,0.0209502894431352,0.1299998164176941
2026-09-17T07:25:31.309066,1789629931309066500,75.09906640625,-0.0002348908019484,-0.0139653505757451,0.0871213227510452
2026-09-17T07:25:31.319026,1789629931319026400,75.1090263671875,-0.0600769184529781,-0.071433700621128,0.0498818047344684
2026-09-17T07:25:31.328985,1789629931328985300,75.1189853515625,-0.1153649389743805,-0.1080902516841888,0.0346293486654758
2026-09-17T07:25:31.338945,1789629931338945300,75.1289453125,-0.139364555478096,-0.1103321015834808,0.0359982140362262
2026-09-17T07:25:31.348905,1789629931348905500,75.13890551757812,-0.1257139891386032,-0.0717807114124298,0.0541306138038635
2026-09-17T07:25:31.358864,1789629931358864600,75.14886474609375,-0.0682722628116607,-0.0088438251987099,0.0796871036291122
2026-09-17T07:25:31.368824,1789629931368824600,75.15882446289062,0.0173667389899492,0.0565040223300457,0.0985052660107612
2026-09-17T07:25:31.378783,1789629931378783500,75.16878344726562,0.0937906727194786,0.1247150376439094,0.1164168938994407
2026-09-17T07:25:31.388743,1789629931388743400,75.17874340820312,0.1470525562763214,0.1595534384250641,0.1585084199905395
2026-09-17T07:25:31.398703,1789629931398703400,75.18870336914063,0.1847360283136367,0.1770834326744079,0.2230008542537689
2026-09-17T07:25:31.408662,1789629931408662500,75.19866259765625,0.219142735004425,0.1832393258810043,0.2932603657245636
2026-09-17T07:25:31.418622,1789629931418622500,75.20862255859375,0.253741979598999,0.1811415553092956,0.3510871827602386
2026-09-17T07:25:31.428582,1789629931428582400,75.21858251953125,0.282053530216217,0.157450869679451,0.3773262500762939
2026-09-17T07:25:31.438541,1789629931438541300,75.22854125976562,0.2659374177455902,0.0752026066184043,0.3631691634654999
2026-09-17T07:25:31.448501,1789629931448501200,75.23850122070313,0.1987818032503128,-0.0234962720423936,0.3197649419307709
2026-09-17T07:25:31.458460,1789629931458460700,75.24846069335938,0.1044427827000618,-0.0983031317591667,0.2838673889636993
2026-09-17T07:25:31.468420,1789629931468420600,75.25842065429687,0.0157656464725732,-0.1368984580039978,0.2666777670383453
2026-09-17T07:25:31.478380,1789629931478380500,75.26838061523438,-0.0214602854102849,-0.0945145189762115,0.266062319278717
2026-09-17T07:25:31.488339,1789629931488339500,75.27833935546874,0.0034815503749996,0.0355385541915893,0.2736781537532806
2026-09-17T07:25:31.498299,1789629931498299400,75.28829931640625,0.0821276232600212,0.1702811866998672,0.3051218390464782
2026-09-17T07:25:31.508259,1789629931508259600,75.29825952148437,0.1979106813669204,0.2741039991378784,0.3567509353160858
2026-09-17T07:25:31.518218,1789629931518218500,75.30821850585937,0.3160839378833771,0.3051433861255646,0.4235403537750244
2026-09-17T07:25:31.528178,1789629931528178400,75.31817846679688,0.4010334312915802,0.2583087682723999,0.4693307280540466
2026-09-17T07:25:31.538137,1789629931538137300,75.32813745117187,0.4450922310352325,0.1784666776657104,0.4604261815547943
2026-09-17T07:25:31.548097,1789629931548097300,75.33809716796875,0.4475106596946716,0.1046670228242874,0.4020598232746124
2026-09-17T07:25:31.558057,1789629931558057500,75.34805737304687,0.3995396792888641,0.0243609994649887,0.3065530061721802
2026-09-17T07:25:31.568016,1789629931568016600,75.3580166015625,0.2918923199176788,-0.0456228777766227,0.1814459562301635
2026-09-17T07:25:31.577976,1789629931577976600,75.3679765625,0.1392873227596283,-0.0577391944825649,0.0689620226621627
2026-09-17T07:25:31.587935,1789629931587935500,75.377935546875,-0.0468750968575477,-0.0412353202700614,0.0109573099762201
2026-09-17T07:25:31.597895,1789629931597895400,75.3878955078125,-0.2350673675537109,-0.010162622667849,0.0054333810694515
2026-09-17T07:25:31.607855,1789629931607855600,75.39785571289063,-0.4001929461956024,0.0369039550423622,0.0362797118723392
2026-09-17T07:25:31.617814,1789629931617814500,75.407814453125,-0.4954257309436798,0.12760029733181,0.0920825228095054
2026-09-17T07:25:31.627774,1789629931627774500,75.4177744140625,-0.4992793202400207,0.2652314007282257,0.1701560169458389
2026-09-17T07:25:31.637734,1789629931637734400,75.427734375,-0.4034364223480224,0.4082934856414795,0.2584547102451324
2026-09-17T07:25:31.647693,1789629931647693300,75.437693359375,-0.2463008463382721,0.4799634218215942,0.3322131037712097
2026-09-17T07:25:31.657653,1789629931657653500,75.44765356445312,-0.0837960988283157,0.4762874543666839,0.3747653663158417
2026-09-17T07:25:31.667612,1789629931667612700,75.45761279296875,0.0488200038671493,0.4230157136917114,0.4119329750537872
2026-09-17T07:25:31.677572,1789629931677572600,75.46757250976563,0.1491500735282898,0.3253298997879028,0.4433827698230743
2026-09-17T07:25:31.687532,1789629931687532500,75.47753247070312,0.21387580037117,0.1982302665710449,0.4637985527515411
2026-09-17T07:25:31.697491,1789629931697491500,75.48749145507813,0.2433444857597351,0.0827524065971374,0.4813282787799835
2026-09-17T07:25:31.707451,1789629931707451400,75.49745141601562,0.2437061369419098,0.0174572877585887,0.5009693503379822
2026-09-17T07:25:31.717410,1789629931717410600,75.50741064453125,0.2083039432764053,-0.0361681245267391,0.5261860489845276
2026-09-17T07:25:31.727370,1789629931727370500,75.51737060546876,0.1368931382894516,-0.0751645267009735,0.5491613745689392
2026-09-17T07:25:31.737330,1789629931737330400,75.52733032226563,0.0468655079603195,-0.0726800635457038,0.5618193745613098
2026-09-17T07:25:31.747289,1789629931747289300,75.53728930664063,-0.0505257584154605,-0.0513159185647964,0.5660053491592407
2026-09-17T07:25:31.757249,1789629931757249300,75.54724926757812,-0.1370297521352768,-0.0583650395274162,0.5754685997962952
2026-09-17T07:25:31.767209,1789629931767209500,75.55720947265625,-0.1995392143726349,-0.115964151918888,0.5660809874534607
2026-09-17T07:25:31.777168,1789629931777168600,75.56716870117188,-0.2386099100112915,-0.1959697753190994,0.5305882096290588
2026-09-17T07:25:31.787128,1789629931787128600,75.57712866210937,-0.2610630095005035,-0.2696879208087921,0.4588783681392669
2026-09-17T07:25:31.797087,1789629931797087500,75.58708740234376,-0.2678415775299072,-0.2974665760993957,0.3653505444526672
2026-09-17T07:25:31.807047,1789629931807047400,75.59704736328125,-0.2630532085895538,-0.2686242759227752,0.2713939547538757
2026-09-17T07:25:31.817007,1789629931817007600,75.60700756835938,-0.2355747073888778,-0.2221379876136779,0.1895992308855056
2026-09-17T07:25:31.826966,1789629931826966500,75.61696655273437,-0.1767489463090896,-0.0727074965834617,0.1242966502904892
2026-09-17T07:25:31.836926,1789629931836926500,75.62692651367188,-0.1268905699253082,0.1165979877114296,0.0722472965717315
2026-09-17T07:25:31.846885,1789629931846885400,75.63688549804688,-0.1058039292693138,0.2333981096744537,0.0643979012966156
2026-09-17T07:25:31.856845,1789629931856845300,75.64684521484375,-0.1077565550804138,0.2953669428825378,0.1282573044300079
2026-09-17T07:25:31.866805,1789629931866805500,75.65680541992188,-0.1148280501365661,0.3003025650978088,0.2300654202699661
2026-09-17T07:25:31.876764,1789629931876764400,75.66676440429687,-0.1111861765384674,0.2535105645656585,0.3063186407089233
2026-09-17T07:25:31.886724,1789629931886724400,75.67672436523438,-0.0744057893753051,0.2016644030809402,0.3405258953571319
2026-09-17T07:25:31.896684,1789629931896684300,75.68668432617187,-0.0100145507603883,0.1698585450649261,0.3259695768356323
2026-09-17T07:25:31.906643,1789629931906643500,75.6966435546875,0.0520176626741886,0.1463564187288284,0.2773738205432892
2026-09-17T07:25:31.916603,1789629931916603600,75.70660375976563,0.0850858688354492,0.109794408082962,0.2141706198453903
2026-09-17T07:25:31.926562,1789629931926562600,75.7165625,0.0728864595293998,0.0566068217158317,0.1566239595413208
2026-09-17T07:25:31.936522,1789629931936522500,75.7265224609375,0.0017704694764688,-0.0286018177866935,0.1119126826524734
2026-09-17T07:25:31.946482,1789629931946482400,75.736482421875,-0.1098077222704887,-0.0980448052287101,0.0944905504584312
2026-09-17T07:25:31.956441,1789629931956441300,75.74644140625,-0.2232101857662201,-0.1487679034471511,0.1020259633660316
2026-09-17T07:25:31.966401,1789629931966401300,75.7564013671875,-0.3007321357727051,-0.1882431507110595,0.1162477806210517
2026-09-17T07:25:31.976360,1789629931976360400,75.7663603515625,-0.3166831433773041,-0.1889238506555557,0.1407400667667389
2026-09-17T07:25:31.986320,1789629931986320400,75.7763203125,-0.2710490822792053,-0.1549376547336578,0.1781244575977325
2026-09-17T07:25:31.996280,1789629931996280300,75.7862802734375,-0.1963351517915725,-0.1168379336595535,0.196257397532463
2026-09-17T07:25:32.006239,1789629932006239500,75.79623950195312,-0.1232915744185447,-0.0753299072384834,0.2035379409790039
2026-09-17T07:25:32.016199,1789629932016199400,75.80619946289063,-0.0688602924346923,-0.0520325750112533,0.1999999284744262
2026-09-17T07:25:32.026159,1789629932026159600,75.81615966796875,-0.0368666723370552,-0.0311880130320787,0.2025922536849975
2026-09-17T07:25:32.036118,1789629932036118500,75.82611840820313,-0.0157094541937112,-0.0462087728083133,0.2322793155908584
2026-09-17T07:25:32.046078,1789629932046078500,75.83607836914062,-0.0117549262940883,-0.0785797610878944,0.2734946608543396
2026-09-17T07:25:32.056037,1789629932056037400,75.84603735351563,-0.0082033351063728,-0.095849297940731,0.3473182916641235
2026-09-17T07:25:32.065997,1789629932065997300,75.85599731445312,-0.0020021644886583,-0.1039471700787544,0.4216886460781097
2026-09-17T07:25:32.075957,1789629932075957500,75.86595751953125,0.0245905648916959,-0.0749725103378295,0.4761084914207458
2026-09-17T07:25:32.085916,1789629932085916400,75.87591650390625,0.0791858956217765,0.0106545081362128,0.5106068253517151
2026-09-17T07:25:32.095876,1789629932095876400,75.88587646484375,0.1406676322221756,0.0864874869585037,0.5027419328689575
2026-09-17T07:25:32.105835,1789629932105835500,75.89583544921875,0.1979144066572189,0.1088516488671302,0.4642267823219299
2026-09-17T07:25:32.115795,1789629932115795500,75.90579541015624,0.2456787377595901,0.1109070777893066,0.4294176697731018
2026-09-17T07:25:32.125755,1789629932125755600,75.91575561523437,0.2758384943008423,0.1080002337694168,0.4124355018138885
2026-09-17T07:25:32.135714,1789629932135714600,75.92571459960938,0.2728011608123779,0.0921967700123786,0.4055360555648803
2026-09-17T07:25:32.145674,1789629932145674500,75.93567456054687,0.2359062731266021,0.0375154167413711,0.4012257158756256
2026-09-17T07:25:32.155633,1789629932155633400,75.94563330078125,0.1795007884502411,-0.055164985358715,0.4028846025466919
2026-09-17T07:25:32.165593,1789629932165593300,75.95559326171875,0.1179399490356445,-0.1233472377061843,0.4110996723175049
2026-09-17T07:25:32.175553,1789629932175553500,75.96555346679688,0.0665744990110397,-0.1467596143484115,0.4188657104969024
2026-09-17T07:25:32.185512,1789629932185512400,75.97551245117188,0.0252731330692768,-0.1866322010755539,0.4089933633804321
2026-09-17T07:25:32.195472,1789629932195472400,75.98547241210937,0.0024471788201481,-0.2454148232936859,0.4003729820251465
2026-09-17T07:25:32.205432,1789629932205432300,75.99543237304688,-0.0097738010808825,-0.2206106632947921,0.4033107161521911
2026-09-17T07:25:32.215391,1789629932215391500,76.0053916015625,-0.0205052755773067,-0.1747201383113861,0.4098482429981231
2026-09-17T07:25:32.225351,1789629932225351400,76.01535131835938,-0.0139538990333676,-0.1313766688108444,0.4201669096946716
2026-09-17T07:25:32.235310,1789629932235310600,76.025310546875,0.020741231739521,-0.0426510572433471,0.4263366758823395
2026-09-17T07:25:32.245270,1789629932245270500,76.0352705078125,0.0783398151397705,0.0504634417593479,0.4245629906654358
2026-09-17T07:25:32.255230,1789629932255230500,76.04523046875,0.1418820321559906,0.0626175776124,0.4049400389194488
2026-09-17T07:25:32.265189,1789629932265189400,76.055189453125,0.1806198507547378,-0.0147720221430063,0.3901080787181854
2026-09-17T07:25:32.275149,1789629932275149300,76.0651494140625,0.1917731612920761,-0.12071043998003,0.3911142349243164
2026-09-17T07:25:32.285108,1789629932285108500,76.0751083984375,0.1747158765792846,-0.1969620734453201,0.4152166247367859
2026-09-17T07:25:32.295068,1789629932295068400,76.085068359375,0.1510696709156036,-0.2148819416761398,0.4457111656665802
2026-09-17T07:25:32.305028,1789629932305028400,76.0950283203125,0.14591646194458,-0.188549667596817,0.4693621695041656
2026-09-17T07:25:32.314987,1789629932314987500,76.10498754882812,0.1635436564683914,-0.1246231570839881,0.4823219180107116
2026-09-17T07:25:32.324947,1789629932324947500,76.11494750976563,0.186439111828804,-0.0521707944571971,0.4949719309806824
2026-09-17T07:25:32.334907,1789629932334907400,76.12490747070312,0.2035773545503616,-0.0198551975190639,0.5182761549949646
2026-09-17T07:25:32.344866,1789629932344866600,76.13486645507813,0.2026196867227554,-0.0291632115840911,0.5707969069480896
2026-09-17T07:25:32.354826,1789629932354826500,76.14482641601562,0.185180515050888,-0.0453171469271183,0.6495364904403687
2026-09-17T07:25:32.364785,1789629932364785400,76.15478540039062,0.1456378996372223,-0.0539170280098915,0.7308446168899536
2026-09-17T07:25:32.374745,1789629932374745300,76.16474536132813,0.0890784785151481,-0.0497108325362205,0.7807794213294983
2026-09-17T07:25:32.384705,1789629932384705300,76.17470532226562,0.0098004331812262,-0.0437434874475002,0.7805749177932739
2026-09-17T07:25:32.394664,1789629932394664400,76.18466455078125,-0.0784868225455284,-0.0219891890883445,0.746576726436615
2026-09-17T07:25:32.404624,1789629932404624400,76.19462426757812,-0.1426077485084533,0.0635709837079048,0.6841223835945129
2026-09-17T07:25:32.414583,1789629932414583600,76.20458349609375,-0.177004873752594,0.1410018652677536,0.6075376272201538
2026-09-17T07:25:32.424543,1789629932424543500,76.21454345703125,-0.1764003336429596,0.1790722757577896,0.5064807534217834
2026-09-17T07:25:32.434503,1789629932434503400,76.22450341796875,-0.1626866459846496,0.1782586872577667,0.4017809927463531
2026-09-17T07:25:32.444462,1789629932444462300,76.23446240234375,-0.1493263691663742,0.1024227812886238,0.3037409782409668
2026-09-17T07:25:32.454422,1789629932454422500,76.24442260742188,-0.139622077345848,-0.0244669932872056,0.2735204994678497
2026-09-17T07:25:32.464381,1789629932464381400,76.25438134765625,-0.1252551227807998,-0.1349189281463623,0.3485792875289917
2026-09-17T07:25:32.474341,1789629932474341400,76.26434130859376,-0.1073139384388923,-0.2045518159866333,0.5069324374198914
2026-09-17T07:25:32.484301,1789629932484301300,76.27430126953125,-0.0816186964511871,-0.2212016284465789,0.7058442234992981
2026-09-17T07:25:32.494260,1789629932494260200,76.28426025390625,-0.0201428178697824,-0.1800371408462524,0.8956700563430786
2026-09-17T07:25:32.504220,1789629932504220400,76.29422045898437,0.0968599691987037,-0.0736252218484878,1.029767990112305
2026-09-17T07:25:32.514180,1789629932514180400,76.30418041992188,0.2501341998577118,-0.0071050473488867,1.0694432258605957
2026-09-17T07:25:32.524139,1789629932524139500,76.31413940429688,0.4192944765090942,0.0254965722560882,1.0436030626296997
2026-09-17T07:25:32.534099,1789629932534099500,76.32409936523437,0.5884086489677429,0.0630897507071495,0.9908855557441713
2026-09-17T07:25:32.544058,1789629932544058400,76.33405834960938,0.7294270396232605,0.0985649228096008,0.936142921447754
2026-09-17T07:25:32.554018,1789629932554018600,76.3440185546875,0.8036759495735168,0.1052039191126823,0.8879498243331909
2026-09-17T07:25:32.563978,1789629932563978500,76.353978515625,0.8175299763679504,0.1048816740512847,0.8533031940460205
2026-09-17T07:25:32.573937,1789629932573937400,76.3639375,0.7648486495018005,0.0979731678962707,0.8445253968238831
2026-09-17T07:25:32.583897,1789629932583897300,76.3738974609375,0.6506384611129761,0.0537508465349674,0.8666011095046997
2026-09-17T07:25:32.593856,1789629932593856300,76.38385620117188,0.4866396784782409,0.0033926009200513,0.9070414900779724
2026-09-17T07:25:32.603816,1789629932603816400,76.39381640625,0.2838168144226074,-0.037505030632019,0.9472017288208008
2026-09-17T07:25:32.613776,1789629932613776400,76.4037763671875,0.0728270709514617,-0.0357774384319782,0.9644936323165894
2026-09-17T07:25:32.623735,1789629932623735600,76.41373559570313,-0.0997953042387962,-0.0026796725578606,0.9588274955749512
2026-09-17T07:25:32.633695,1789629932633695500,76.42369555664062,-0.2047843039035797,0.0652117580175399,0.9117918014526368
2026-09-17T07:25:32.643654,1789629932643654400,76.433654296875,-0.2345818728208542,0.1690769046545028,0.8108800649642944
2026-09-17T07:25:32.653614,1789629932653614600,76.44361450195312,-0.1995333433151245,0.2760970890522003,0.6727019548416138
2026-09-17T07:25:32.663574,1789629932663574500,76.45357446289063,-0.1387954354286193,0.3449576497077942,0.5233559012413025
2026-09-17T07:25:32.673533,1789629932673533400,76.46353344726562,-0.0898105800151825,0.3612048029899597,0.413369208574295
2026-09-17T07:25:32.683493,1789629932683493400,76.47349340820313,-0.069698117673397,0.3448351621627807,0.3556385338306427
2026-09-17T07:25:32.693452,1789629932693452300,76.48345239257813,-0.0773853361606597,0.3213346302509308,0.3520978689193725
2026-09-17T07:25:32.703412,1789629932703412200,76.493412109375,-0.0865194424986839,0.3061442077159881,0.3982935845851898
2026-09-17T07:25:32.713372,1789629932713372400,76.50337231445313,-0.0875136032700538,0.2634369730949402,0.469224750995636
2026-09-17T07:25:32.723331,1789629932723331300,76.51333129882812,-0.0874925628304481,0.1902642101049423,0.5450830459594727
2026-09-17T07:25:32.733291,1789629932733291300,76.52329125976563,-0.1038446426391601,0.1288554519414901,0.6229099035263062
2026-09-17T07:25:32.743251,1789629932743251200,76.53325122070312,-0.1490419507026672,0.0813470557332038,0.6993160247802734
2026-09-17T07:25:32.753210,1789629932753210400,76.54321044921875,-0.211897611618042,0.0197577252984046,0.7577774524688721
2026-09-17T07:25:32.763170,1789629932763170600,76.55317065429688,-0.2701816856861114,0.008182561956346,0.7978622913360596
2026-09-17T07:25:32.773129,1789629932773129500,76.56312939453124,-0.3103213906288147,0.0711599290370941,0.806422233581543
2026-09-17T07:25:32.783089,1789629932783089400,76.57308935546875,-0.3076885938644409,0.1615444272756576,0.781924307346344
2026-09-17T07:25:32.793049,1789629932793049300,76.58304931640625,-0.2453224062919616,0.2334609478712082,0.7320963144302368
2026-09-17T07:25:32.803008,1789629932803008300,76.59300830078125,-0.1415882855653762,0.26076340675354,0.671786904335022
2026-09-17T07:25:32.812968,1789629932812968400,76.60296850585938,-0.0368935689330101,0.2144103050231933,0.6355170607566833
2026-09-17T07:25:32.822927,1789629932822927400,76.61292724609375,0.0393479391932487,0.1294796913862228,0.6345553994178772
2026-09-17T07:25:32.832887,1789629932832887300,76.62288720703125,0.0689748078584671,0.0429080538451671,0.6620528101921082
2026-09-17T07:25:32.842847,1789629932842847200,76.63284716796875,0.0476809702813625,-0.0043441485613584,0.7044468522071838
2026-09-17T07:25:32.852806,1789629932852806400,76.64280639648437,0.0041260356083512,0.0312743000686168,0.7363624572753906
2026-09-17T07:25:32.862766,1789629932862766600,76.6527666015625,-0.0437277741730213,0.1209027171134948,0.7481304407119751
2026-09-17T07:25:32.872725,1789629932872725500,76.6627255859375,-0.0708664506673812,0.2419585734605789,0.7501778602600098
2026-09-17T07:25:32.882685,1789629932882685400,76.672685546875,-0.070894680917263,0.328641802072525,0.7563153505325317
2026-09-17T07:25:32.892645,1789629932892645400,76.68264526367187,-0.0504168346524238,0.3474815189838409,0.7570639848709106
2026-09-17T07:25:32.902604,1789629932902604300,76.69260424804688,-0.0304468553513288,0.3401660919189453,0.7736104726791382
2026-09-17T07:25:32.912564,1789629932912564500,76.702564453125,-0.0162487439811229,0.327933669090271,0.8124234080314636
2026-09-17T07:25:32.922524,1789629932922524400,76.7125244140625,-0.0328125394880771,0.2830111980438232,0.8628157377243042
2026-09-17T07:25:32.932483,1789629932932483300,76.7224833984375,-0.0741061866283416,0.2514631152153015,0.9039533138275146
2026-09-17T07:25:32.942443,1789629932942443300,76.732443359375,-0.1090585738420486,0.2700352072715759,0.9303132891654968
2026-09-17T07:25:32.952402,1789629932952402400,76.74240234375,-0.1274090856313705,0.316796064376831,0.946376383304596
2026-09-17T07:25:32.962362,1789629932962362600,76.75236254882813,-0.1337162554264068,0.3541330397129059,0.9573121070861816
2026-09-17T07:25:32.972322,1789629932972322600,76.76232250976562,-0.1236915811896324,0.3847665786743164,0.9624706506729126
2026-09-17T07:25:32.982281,1789629932982281500,76.77228149414063,-0.0956005603075027,0.3907634913921356,0.9511932730674744
2026-09-17T07:25:32.992241,1789629932992241400,76.78224145507812,-0.0591314956545829,0.3661292493343353,0.9245768189430236
2026-09-17T07:25:33.002200,1789629933002200300,76.79220043945313,-0.0303669609129428,0.3216512799263,0.9001167416572571
2026-09-17T07:25:33.012160,1789629933012160300,76.80216015625,-0.0158034637570381,0.2783887386322021,0.877860426902771
2026-09-17T07:25:33.022120,1789629933022120400,76.81212036132813,-0.01912122964859,0.2567066252231598,0.8726052045822144
2026-09-17T07:25:33.032079,1789629933032079400,76.82207934570313,-0.0509505309164524,0.2650926411151886,0.8861854672431946
2026-09-17T07:25:33.042039,1789629933042039300,76.83203930664062,-0.0882574245333671,0.3093069791793823,0.917449116706848
2026-09-17T07:25:33.051998,1789629933051998500,76.84199853515625,-0.1188835129141807,0.352782279253006,0.9620898365974426
2026-09-17T07:25:33.061958,1789629933061958400,76.85195849609374,-0.1176288947463035,0.3865141570568084,1.0165784358978271
2026-09-17T07:25:33.071918,1789629933071918600,76.86191870117187,-0.094608798623085,0.4139175415039062,1.0637531280517578
2026-09-17T07:25:33.081877,1789629933081877500,76.87187744140626,-0.0642085447907447,0.4182265400886535,1.089062213897705
2026-09-17T07:25:33.091837,1789629933091837400,76.88183740234375,-0.0310764256864786,0.4143985211849212,1.1032235622406006
2026-09-17T07:25:33.101796,1789629933101796400,76.89179638671875,-0.0094446344301104,0.4201991558074951,1.1167685985565186
2026-09-17T07:25:33.111756,1789629933111756300,76.90175634765625,0.0200299005955457,0.4252913892269134,1.1094321012496948
2026-09-17T07:25:33.121716,1789629933121716500,76.91171655273438,0.0495806038379669,0.4265270829200744,1.0843584537506104
2026-09-17T07:25:33.131675,1789629933131675400,76.92167529296874,0.0596942231059074,0.4040249586105346,1.0628702640533447
2026-09-17T07:25:33.141635,1789629933141635300,76.93163525390625,0.0541601739823818,0.3793292045593261,1.0573484897613523
2026-09-17T07:25:33.151594,1789629933151594500,76.94159448242188,0.0346530526876449,0.3646906018257141,1.078469157218933
2026-09-17T07:25:33.161554,1789629933161554400,76.95155444335937,0.0098233362659811,0.3615368902683258,1.1034815311431885
2026-09-17T07:25:33.171514,1789629933171514600,76.9615146484375,-0.0068579060025513,0.3646874129772186,1.1188501119613647
2026-09-17T07:25:33.181473,1789629933181473500,76.9714736328125,-0.0240800362080335,0.3556590378284454,1.115377426147461
2026-09-17T07:25:33.191433,1789629933191433500,76.98143359375,-0.046329416334629,0.3405730128288269,1.104042410850525
2026-09-17T07:25:33.201393,1789629933201393400,76.99139331054687,-0.0762111470103263,0.335475206375122,1.0950777530670166
2026-09-17T07:25:33.211352,1789629933211352300,77.00135229492187,-0.1108498200774192,0.3520840108394623,1.088624119758606
2026-09-17T07:25:33.221312,1789629933221312500,77.0113125,-0.1345956325531005,0.3786919116973877,1.0766949653625488
2026-09-17T07:25:33.231271,1789629933231271400,77.021271484375,-0.1346345096826553,0.3909512460231781,1.052559494972229
2026-09-17T07:25:33.241231,1789629933241231400,77.0312314453125,-0.118547685444355,0.35487100481987,1.0306017398834229
2026-09-17T07:25:33.251191,1789629933251191300,77.04119140625,-0.1054183021187782,0.2849177420139313,1.0242754220962524
2026-09-17T07:25:33.261150,1789629933261150500,77.051150390625,-0.1015045195817947,0.2124709784984588,1.027203917503357
2026-09-17T07:25:33.271110,1789629933271110400,77.0611103515625,-0.1054398715496063,0.1845440119504928,1.0433354377746582
2026-09-17T07:25:33.281069,1789629933281069600,77.07106958007813,-0.1162128895521164,0.204613596200943,1.0640500783920288
2026-09-17T07:25:33.291029,1789629933291029500,77.08102954101562,-0.1340600699186325,0.2509528696537018,1.0912706851959229
2026-09-17T07:25:33.300989,1789629933300989400,77.09098950195313,-0.1782144755125045,0.2807914614677429,1.113357663154602
2026-09-17T07:25:33.310948,1789629933310948400,77.1009482421875,-0.2396115213632583,0.2735063731670379,1.1309493780136108
2026-09-17T07:25:33.320908,1789629933320908300,77.110908203125,-0.3066611289978027,0.2352045327425003,1.1444554328918457
2026-09-17T07:25:33.330867,1789629933330867500,77.12086743164062,-0.3619768619537353,0.1831716895103454,1.1459404230117798
2026-09-17T07:25:33.340827,1789629933340827400,77.13082739257813,-0.3868936598300934,0.1492387503385543,1.1472476720809937
2026-09-17T07:25:33.350787,1789629933350787300,77.14078735351562,-0.3746769428253174,0.1729941517114639,1.1595206260681152
2026-09-17T07:25:33.360746,1789629933360746500,77.15074658203125,-0.3426681458950043,0.2139716744422912,1.1759318113327026
2026-09-17T07:25:33.370706,1789629933370706400,77.16070654296875,-0.2919873893260956,0.2564243376255035,1.2101691961288452
2026-09-17T07:25:33.380665,1789629933380665300,77.17066528320312,-0.2369603514671325,0.2901540696620941,1.2455101013183594
2026-09-17T07:25:33.390625,1789629933390625500,77.18062548828125,-0.1932855695486068,0.2890427112579345,1.2509362697601318
2026-09-17T07:25:33.400585,1789629933400585500,77.19058544921874,-0.1583544909954071,0.2644851803779602,1.2230175733566284
2026-09-17T07:25:33.410544,1789629933410544400,77.20054443359375,-0.1320778727531433,0.249311551451683,1.177246332168579
2026-09-17T07:25:33.420504,1789629933420504300,77.21050439453126,-0.1268993616104126,0.2396394908428192,1.1443523168563845
2026-09-17T07:25:33.430463,1789629933430463200,77.22046313476562,-0.1438871324062347,0.230459839105606,1.1305068731307983
2026-09-17T07:25:33.440423,1789629933440423400,77.23042333984375,-0.1796195656061172,0.2072168290615081,1.1316511631011963
2026-09-17T07:25:33.450383,1789629933450383400,77.24038330078125,-0.226824089884758,0.1731763035058975,1.148090124130249
2026-09-17T07:25:33.460342,1789629933460342500,77.25034252929687,-0.2704602479934692,0.1801745593547821,1.1623188257217407
2026-09-17T07:25:33.470302,1789629933470302500,77.26030249023438,-0.2859694361686706,0.2210066765546798,1.1716803312301636
2026-09-17T07:25:33.480261,1789629933480261400,77.27026147460937,-0.274029940366745,0.2185182273387909,1.168355107307434
2026-09-17T07:25:33.490221,1789629933490221600,77.2802216796875,-0.246954396367073,0.1544095426797866,1.1550486087799072
2026-09-17T07:25:33.500181,1789629933500181500,77.29018139648437,-0.2219278663396835,0.0576113648712635,1.1318764686584473
2026-09-17T07:25:33.510140,1789629933510140400,77.30014038085938,-0.2036623060703277,-0.0548318214714527,1.1157305240631104
2026-09-17T07:25:33.520100,1789629933520100400,77.31010034179687,-0.065829612314701,-0.1283760815858841,1.0741643905639648
2026-09-17T07:25:33.530060,1789629933530060300,77.32006030273438,-0.0043281693942844,-0.3760689795017242,1.0128324031829834
2026-09-17T07:25:33.540019,1789629933540019500,77.33001953125,0.0146886650472879,-0.5057026147842407,1.0042537450790403
2026-09-17T07:25:33.549979,1789629933549979400,77.3399794921875,0.0234496649354696,-0.4132301807403564,1.0199116468429563
2026-09-17T07:25:33.559938,1789629933559938300,77.34993823242188,0.0407956317067146,-0.2889244854450226,1.0023307800292969
2026-09-17T07:25:33.569898,1789629933569898200,77.35989819335937,0.0723463669419288,-0.117062970995903,0.9528374671936036
2026-09-17T07:25:33.579858,1789629933579858200,77.36985815429688,0.0933818817138671,0.0521215237677097,0.8910984992980957
2026-09-17T07:25:33.589817,1789629933589817600,77.37981762695313,0.0881945714354515,0.1914309412240982,0.8290377855300903
2026-09-17T07:25:33.599777,1789629933599777500,77.38977758789062,0.0545489937067031,0.2813025116920471,0.75217205286026
2026-09-17T07:25:33.609736,1789629933609736400,77.399736328125,0.0302375312894582,0.3075849711894989,0.6752780675888062
2026-09-17T07:25:33.619696,1789629933619696400,77.4096962890625,-0.0075391428545117,0.2670591175556183,0.6174349784851074
2026-09-17T07:25:33.629656,1789629933629656300,77.41965625,-0.0644889771938324,0.1943814605474472,0.5961533784866333
2026-09-17T07:25:33.639615,1789629933639615200,77.429615234375,-0.1325673609972,0.1478565782308578,0.6121789813041687
