timestamp_utc,time_ns,seconds_elapsed,x,y,z
2026-09-17T08:27:06.389282,1789633626389282000,0.061281982421875,-0.0430687418758869,-0.0797445678442716,-0.0843324070911854
2026-09-17T08:27:06.399241,1789633626399241000,0.071240966796875,0.0149644910283386,0.0369762702196836,-0.1057703319173306
2026-09-17T08:27:06.409201,1789633626409201000,0.081200927734375,0.0320687705643475,0.1388566820263862,-0.1381136085741222
2026-09-17T08:27:06.419159,1789633626419159800,0.091159912109375,0.1143609039995819,0.2148006885439157,-0.1619710156321525
2026-09-17T08:27:06.429119,1789633626429119200,0.101119140625,0.1109768145192414,0.1479839913338422,-0.0760112265348434
2026-09-17T08:27:06.439078,1789633626439078100,0.111078125,0.0464062888007611,0.0080061963230371,0.0128261638253927
2026-09-17T08:27:06.449037,1789633626449037000,0.121037109375,0.0290113557551056,-0.1088140104621648,-0.0024267887555062
2026-09-17T08:27:06.458996,1789633626458996000,0.130995849609375,-0.0820262490406632,-0.0803892954885959,-0.1017757823884487
2026-09-17T08:27:06.468955,1789633626468955100,0.140955078125,-0.0764640848688781,-0.0148474405199289,-0.126461822290346
2026-09-17T08:27:06.478914,1789633626478914000,0.1509140625,-0.0529347407214343,-0.0064759180158376,-0.0184613932333886
2026-09-17T08:27:06.488873,1789633626488873000,0.160873046875,-0.030865313058719,0.0365250193208456,-0.0071112933099269
2026-09-17T08:27:06.498833,1789633626498833000,0.1708330078125,0.0024823914002627,0.0278571442186832,0.0118068307150155
2026-09-17T08:27:06.508791,1789633626508791800,0.180791748046875,0.0537652732614427,-0.0869184049963951,0.0572737928390502
2026-09-17T08:27:06.518751,1789633626518751000,0.1907509765625,-0.0463337350212037,-0.1706698703944683,0.1390583420783281
2026-09-17T08:27:06.528710,1789633626528710000,0.2007099609375,-0.051157428850606,-0.0985913071334362,-0.0308196472860872
2026-09-17T08:27:06.538669,1789633626538669000,0.2106689453125,0.0075704352542757,0.0367255103290081,-0.2656669524282217
2026-09-17T08:27:06.548628,1789633626548628000,0.2206279296875,-0.0048976358484476,0.0772919139951467,-0.4221328678380697
2026-09-17T08:27:06.558587,1789633626558587100,0.230587158203125,-0.0221668966878205,0.0478384404957294,-0.3233404851745814
2026-09-17T08:27:06.568546,1789633626568546000,0.240546142578125,-0.0171277334768325,0.0289256502330303,-0.140054367378354
2026-09-17T08:27:06.578505,1789633626578505000,0.2505048828125,-0.0329836934521794,0.092608725592494,-0.1049777933001518
2026-09-17T08:27:06.588464,1789633626588464000,0.260464111328125,0.0684146339260041,0.105904260495305,-0.1096978075593709
2026-09-17T08:27:06.598424,1789633626598424000,0.270424072265625,0.0703329617027193,0.1164496199071407,-0.0725431850980967
2026-09-17T08:27:06.608383,1789633626608383000,0.280383056640625,0.111953988988325,-0.0379430694252252,0.1728361085176467
2026-09-17T08:27:06.618342,1789633626618342000,0.290341796875,0.2197314960096031,-0.0503746809750795,0.1705390836216509
2026-09-17T08:27:06.628300,1789633626628300800,0.30030078125,0.0461883352011442,0.0041004210561513,0.087936276802048
2026-09-17T08:27:06.638260,1789633626638260000,0.310260009765625,-0.0818324069689959,0.0080056118011474,-0.0008025485545396
2026-09-17T08:27:06.648219,1789633626648219100,0.32021923828125,-0.0872602041713893,0.008239420557022,-0.0216792593013495
2026-09-17T08:27:06.658178,1789633626658178000,0.330177978515625,-0.0518571015525609,0.0542594134539365,-0.212183126456663
2026-09-17T08:27:06.668137,1789633626668137000,0.340136962890625,0.0621872107785195,0.0289350025832653,-0.2618997088491916
2026-09-17T08:27:06.678096,1789633626678096100,0.35009619140625,-0.0662706806998699,-0.0626028789073228,0.1125927983485162
2026-09-17T08:27:06.688056,1789633626688056000,0.36005615234375,-0.0973861691273748,-0.0497194319367408,-0.0241128431238234
2026-09-17T08:27:06.698015,1789633626698015000,0.370014892578125,0.0979410265311598,0.00992167455554,-0.1093733248453587
2026-09-17T08:27:06.707974,1789633626707974000,0.379973876953125,-0.1204356938686221,0.0965647697418928,-0.1803302636653184
2026-09-17T08:27:06.717933,1789633626717933000,0.38993310546875,-0.0892548120547086,0.0548240615993738,-0.1601858857810497
2026-09-17T08:27:06.727892,1789633626727892000,0.39989208984375,0.0997009488757699,0.0122702835083007,-0.2683190743722021
2026-09-17T08:27:06.737851,1789633626737851000,0.409850830078125,0.0167595577515661,-0.0134498486816883,-0.1572685370296239
2026-09-17T08:27:06.747810,1789633626747810000,0.41981005859375,-0.1349890468128025,-0.157699329662323,0.1535071386694908
2026-09-17T08:27:06.757769,1789633626757769200,0.429769287109375,-0.0474252565849572,-0.2041547913670539,0.2163761211670935
2026-09-17T08:27:06.767728,1789633626767728000,0.43972802734375,-0.126290630441904,-0.0705897860080003,0.0234469265609979
2026-09-17T08:27:06.777688,1789633626777688000,0.44968798828125,-0.0340124519780278,0.0559106877923011,-0.181212818653509
2026-09-17T08:27:06.787647,1789633626787647000,0.45964697265625,0.090103391708061,0.1767676027476787,-0.3045972793251276
2026-09-17T08:27:06.797606,1789633626797606000,0.46960595703125,0.0975491776693612,0.1587988153368234,-0.2332826861739158
2026-09-17T08:27:06.807565,1789633626807565000,0.47956494140625,0.0765068280320614,0.1303705932319164,-0.2299820371933281
2026-09-17T08:27:06.817524,1789633626817524000,0.48952392578125,-0.0564382187977433,0.0139618898570537,-0.0488952560722827
2026-09-17T08:27:06.827483,1789633626827483000,0.49948291015625,-0.0599938654527068,-0.0820598590493202,0.0807575442790985
2026-09-17T08:27:06.837442,1789633626837442000,0.509442138671875,-0.0188107181277126,0.0111123456448316,-0.0067330345820635
2026-09-17T08:27:06.847401,1789633626847401000,0.51940087890625,0.0519096354573965,0.0469751016646623,-0.0190454767316579
2026-09-17T08:27:06.857360,1789633626857360100,0.529360107421875,0.0218524239111691,-0.0238660287559032,-0.0492027145862579
2026-09-17T08:27:06.867320,1789633626867320000,0.539320068359375,-0.056121700194478,-0.1216886896044015,-0.1043833345383405
2026-09-17T08:27:06.877279,1789633626877279000,0.549279052734375,-0.1592137528132647,-0.1564367623805999,-0.1203507189989089
2026-09-17T08:27:06.887238,1789633626887238100,0.559238037109375,-0.1184804681476205,-0.076312255308032,-0.154975969113037
2026-09-17T08:27:06.897197,1789633626897197000,0.569197021484375,0.0885936447322368,0.1386895087659359,-0.2662076351761818
2026-09-17T08:27:06.907156,1789633626907156000,0.579156005859375,0.1512603095907717,0.2084071881145238,-0.2317261043816804
2026-09-17T08:27:06.917115,1789633626917115000,0.589114990234375,0.0487105471551418,0.055220951962471,0.0105984047733247
2026-09-17T08:27:06.927074,1789633626927074000,0.599073974609375,-0.0167950674563646,-0.0155593881815671,0.0288386295367032
2026-09-17T08:27:06.937033,1789633626937033000,0.609032958984375,-0.0157321874652057,-0.0305400996923446,0.0539531239837408
2026-09-17T08:27:06.946993,1789633626946993200,0.6189931640625,0.022364611217007,-0.0537812745481729,0.0296317526757717
2026-09-17T08:27:06.956952,1789633626956952000,0.6289521484375,0.1130944642603397,0.1192015489637851,-0.1555015273571014
2026-09-17T08:27:06.966911,1789633626966911000,0.638910888671875,0.0393311627827584,-0.024360534274578,-0.2817921577990055
2026-09-17T08:27:06.976870,1789633626976870100,0.6488701171875,-0.1061556049078702,-0.0570008211165666,-0.145667092693597
2026-09-17T08:27:06.986829,1789633626986829000,0.6588291015625,-0.0536861436106264,0.0126613286525011,-0.0396340912520885
2026-09-17T08:27:06.996788,1789633626996788000,0.6687880859375,0.0015123042590916,0.0003816927939653,0.1233943975437432
2026-09-17T08:27:07.006747,1789633627006747000,0.678746826171875,0.0112647597275674,-0.0563122543305158,0.1465326234817504
2026-09-17T08:27:07.016706,1789633627016706000,0.6887060546875,0.0853784090127795,0.0519984827846288,-0.1973403621118515
2026-09-17T08:27:07.026665,1789633627026665000,0.6986650390625,-0.023358590690419,0.0631599282681942,-0.3527962236963212
2026-09-17T08:27:07.036625,1789633627036625000,0.708625,-0.0724852443657815,-0.018353402814269,-0.2458433309309184
2026-09-17T08:27:07.046583,1789633627046583800,0.718583740234375,-0.1044184058517217,-0.0621130495637655,-0.1756266160190105
2026-09-17T08:27:07.056543,1789633627056543200,0.728543212890625,-0.1823673955161124,-0.047443888220191,-0.0514043893489986
2026-09-17T08:27:07.066502,1789633627066502100,0.738502197265625,0.0046750060737133,0.0555494532644748,-0.11050846635513
2026-09-17T08:27:07.076461,1789633627076461000,0.7484609375,0.1000274774163961,0.0762438662469387,0.0034999709449708
2026-09-17T08:27:07.086420,1789633627086420000,0.758419921875,0.16033917664662,-0.0828010328054428,0.2568833419919014
2026-09-17T08:27:07.096379,1789633627096379100,0.768379150390625,0.1987321817964315,-0.171884506881237,0.27372692476511
2026-09-17T08:27:07.106338,1789633627106338000,0.778338134765625,0.0779041276093572,-0.1187999824255704,0.1250660570830106
2026-09-17T08:27:07.116297,1789633627116297000,0.788296875,-0.0969864292200654,0.075441317692399,-0.2066496769227087
2026-09-17T08:27:07.126257,1789633627126257000,0.7982568359375,-0.1183481470048427,0.1657978804439306,-0.3361532780617475
2026-09-17T08:27:07.136215,1789633627136215800,0.8082158203125,0.126444140503183,0.3146089702516794,-0.2451718614101409
2026-09-17T08:27:07.146175,1789633627146175000,0.818175048828125,-0.0697910368457436,0.1275058514505624,-0.3264630741745233
2026-09-17T08:27:07.156134,1789633627156134000,0.8281337890625,-0.0761016812972724,0.0940408042222261,-0.2602636320799589
2026-09-17T08:27:07.166093,1789633627166093000,0.838093017578125,0.1499167129620909,-0.2472527593374252,0.3495253853321075
2026-09-17T08:27:07.176052,1789633627176052000,0.848052001953125,0.0577487899396568,-0.225501530778408,0.4141314938206225
2026-09-17T08:27:07.186011,1789633627186011100,0.85801123046875,-0.1389268246531486,-0.1469224995821714,0.0484903285332024
2026-09-17T08:27:07.195970,1789633627195970000,0.867969970703125,-0.0132750035714358,-0.003289689195156,-0.0278781139414757
2026-09-17T08:27:07.205930,1789633627205930000,0.877929931640625,0.060476022946462,0.0804646988123655,-0.3349935135673731
2026-09-17T08:27:07.215889,1789633627215889000,0.887888916015625,0.09245068548657,0.2286450895011424,-0.5387795446872711
2026-09-17T08:27:07.225848,1789633627225848000,0.89784814453125,-0.0022341887928545,-0.1720329754412174,0.0679408058691769
2026-09-17T08:27:07.235807,1789633627235807000,0.907806884765625,-0.2275280681699514,-0.3232207312524318,0.2766057681370526
2026-09-17T08:27:07.245766,1789633627245766000,0.917765869140625,-0.1277388564888388,-0.1753331860303878,0.0574522181458771
2026-09-17T08:27:07.255724,1789633627255724800,0.927724853515625,0.0321436624314636,-0.0361626157492399,-0.049311581788212
2026-09-17T08:27:07.265683,1789633627265683700,0.93768359375,0.0794691119037568,0.0745616122484207,-0.2165910790920257
2026-09-17T08:27:07.275643,1789633627275643000,0.947642822265625,0.0255283359449356,0.1496598155915737,-0.2605990745794028
2026-09-17T08:27:07.285601,1789633627285601800,0.957601806640625,0.1013197091840207,0.2111678849995136,-0.2655885534297674
2026-09-17T08:27:07.295561,1789633627295561700,0.967561767578125,-0.1645305639218539,0.1585287662237882,-0.1339396838903427
2026-09-17T08:27:07.305521,1789633627305521000,0.97752099609375,-0.0139735802948474,0.0615396335899829,0.0388385569602251
2026-09-17T08:27:07.315479,1789633627315479800,0.987479736328125,0.0395814842820167,-0.0442220035642385,0.0989513726174831
2026-09-17T08:27:07.325438,1789633627325438700,0.997438720703125,-0.1225109657727181,-0.2593523624539375,0.2557112294726074
2026-09-17T08:27:07.335397,1789633627335397600,1.007397705078125,-0.068112728369981,-0.2747492535501718,0.0654185939151793
2026-09-17T08:27:07.345356,1789633627345356800,1.017356689453125,-0.1180821164797991,-0.1157189675450325,-0.1867769555866718
2026-09-17T08:27:07.355315,1789633627355315700,1.027315673828125,-0.0517732957266271,0.018735680130124,-0.216286543187499
2026-09-17T08:27:07.365274,1789633627365274600,1.037274658203125,0.0179246560081839,0.0542523991912603,-0.1465061738662421
2026-09-17T08:27:07.375234,1789633627375234800,1.04723486328125,0.0778715405140072,0.1172644434213638,-0.161689787537977
2026-09-17T08:27:07.385193,1789633627385193700,1.05719384765625,0.1454950971275568,0.1006149219155311,-0.0846399386703968
2026-09-17T08:27:07.395153,1789633627395153000,1.06715283203125,0.1347227240268141,-0.0102379008978605,-0.0022258593559265
2026-09-17T08:27:07.405111,1789633627405111800,1.07711181640625,0.0417717608679086,-0.1117430496513843,0.0416764837998896
2026-09-17T08:27:07.415070,1789633627415070700,1.08707080078125,-0.0444698408454656,-0.0839022720456123,-0.0104430680811405
2026-09-17T08:27:07.425029,1789633627425029600,1.097029541015625,-0.0136695558469742,0.0248106161296367,-0.1414876150518655
2026-09-17T08:27:07.434988,1789633627434988800,1.10698876953125,-0.0413335886463522,0.1250496904700994,-0.1611246279358863
2026-09-17T08:27:07.444947,1789633627444947700,1.11694775390625,-0.0187496355902403,0.1755272472977638,-0.2265723748803138
2026-09-17T08:27:07.454906,1789633627454906600,1.12690673828125,-0.0135533090561628,0.0812789378046989,-0.1571471026070416
2026-09-17T08:27:07.464866,1789633627464866600,1.136866455078125,0.0018244389481842,-0.0521218169033527,0.0540245087195187
2026-09-17T08:27:07.474826,1789633627474826000,1.146825927734375,0.0339337607186287,-0.0702238753050565,0.0409101025372743
2026-09-17T08:27:07.484785,1789633627484785000,1.156784912109375,0.0054615533415228,-0.0226245042622089,-0.0755277538668364
2026-09-17T08:27:07.494743,1789633627494743800,1.166743896484375,-0.0086693364068865,0.0345639483809471,-0.1041459455858916
2026-09-17T08:27:07.504702,1789633627504702700,1.17670263671875,0.0413164183158427,0.0744604899615049,-0.0864114783875644
2026-09-17T08:27:07.514662,1789633627514662000,1.186661865234375,0.0994262966528534,-0.0428302569448947,0.0872201644219458
2026-09-17T08:27:07.524620,1789633627524620800,1.196620849609375,0.0560142212320119,-0.082886373001337,0.1105628999561071
2026-09-17T08:27:07.534579,1789633627534579700,1.206579833984375,0.0815938489727675,-0.0034866730719804,-0.0648071109533309
2026-09-17T08:27:07.544538,1789633627544538600,1.21653857421875,0.026364056116715,0.0862099644660949,-0.2272159334808587
2026-09-17T08:27:07.554498,1789633627554498600,1.22649853515625,-0.0566684473570436,0.0099047234207391,-0.299915258988738
2026-09-17T08:27:07.564457,1789633627564457700,1.236457763671875,-0.0584882101301103,0.0713975952595472,-0.3583388063848018
2026-09-17T08:27:07.574417,1789633627574417000,1.2464169921875,-0.0664829352110624,-0.0436591089844703,-0.0951182241953909
2026-09-17T08:27:07.584375,1789633627584375800,1.256375732421875,-0.1436846136394888,-0.1254500879645347,0.0767266813278198
2026-09-17T08:27:07.594334,1789633627594334700,1.266334716796875,-0.1172892856016755,-0.0905126300960779,-0.019877982033044
2026-09-17T08:27:07.604294,1789633627604294000,1.2762939453125,-0.0538349044315516,-0.0606453150987625,-0.1327829150706529
2026-09-17T08:27:07.614252,1789633627614252800,1.286252685546875,-0.0481326742019504,0.0301385331541299,-0.1612648401241749
2026-09-17T08:27:07.624211,1789633627624211700,1.296211669921875,0.0282674785852432,0.0698386753797531,-0.2262694464109838
2026-09-17T08:27:07.634171,1789633627634171000,1.3061708984375,-0.024904285762459,0.0717161596894264,-0.1469463188491761
2026-09-17T08:27:07.644130,1789633627644130800,1.316130859375,0.0049549920588731,0.166865801936388,-0.1079125315777957
2026-09-17T08:27:07.654089,1789633627654089700,1.32608984375,0.168645451894775,-0.1976402949064969,0.2289496254056692
2026-09-17T08:27:07.664048,1789633627664048600,1.336048583984375,-0.1385389213141054,0.0296416895478963,0.0346253231793642
2026-09-17T08:27:07.674007,1789633627674007600,1.346007568359375,0.1999468913484364,-0.0438280358105897,0.0002484218031167
2026-09-17T08:27:07.683967,1789633627683967000,1.355967041015625,0.0161742321442812,0.0404670349448919,0.0366805021435022
2026-09-17T08:27:07.693926,1789633627693926000,1.36592578125,0.247700137778744,-0.1293067633926868,0.2069148306649178
2026-09-17T08:27:07.703884,1789633627703884800,1.375884765625,0.1298375092685222,-0.0591799187213182,0.0272328748404979
2026-09-17T08:27:07.713843,1789633627713843700,1.38584375,-0.1168539629243314,0.0608440525412559,-0.1562549030076712
2026-09-17T08:27:07.723803,1789633627723803600,1.3958037109375,-0.0011033581320196,0.091924250459671,-0.2694276932012289
2026-09-17T08:27:07.733762,1789633627733762800,1.4057626953125,-0.0500933067504316,0.132402391320467,-0.1973216574113815
2026-09-17T08:27:07.743721,1789633627743721700,1.4157216796875,-0.0280517169427126,0.0437549705743789,-0.0810392838299274
2026-09-17T08:27:07.753680,1789633627753680600,1.4256806640625,0.0580730534579604,-0.0234779062211513,-0.0674327102165669
2026-09-17T08:27:07.763639,1789633627763639800,1.435639892578125,0.0139026339504867,-0.1189963817805051,0.0084872578382492
2026-09-17T08:27:07.773598,1789633627773598700,1.4455986328125,-0.0728023474909365,-0.0341670580178499,-0.0900268924057483
2026-09-17T08:27:07.783557,1789633627783557600,1.4555576171875,-0.0656265375774353,0.0443295555919408,-0.0823948631573468
2026-09-17T08:27:07.793516,1789633627793516800,1.465516845703125,-0.0259222306333482,0.0750362440228462,-0.0016330810945481
2026-09-17T08:27:07.803476,1789633627803476000,1.47547607421875,0.0446758117463439,0.0658323623478412,0.0082698156952857
2026-09-17T08:27:07.813436,1789633627813436000,1.485435791015625,0.0546129030667245,-0.0021346739411354,-0.0467027144640684
2026-09-17T08:27:07.823394,1789633627823394800,1.495394775390625,-0.0661621788240969,-0.1328548112630844,-0.0515495699733495
2026-09-17T08:27:07.833353,1789633627833353700,1.505353759765625,-0.1859404316972941,-0.0761141023874282,-0.0826741915553808
2026-09-17T08:27:07.843312,1789633627843312600,1.515312744140625,-0.0499367279492318,-0.116156189918518,0.0269886177558451
2026-09-17T08:27:07.853271,1789633627853271800,1.525271728515625,-0.0640817923534661,0.0046457799792289,-0.0521451247137039
2026-09-17T08:27:07.863230,1789633627863230700,1.535230712890625,0.0360731839001178,0.0974134955257177,-0.2008575033873319
2026-09-17T08:27:07.873189,1789633627873189600,1.545189697265625,0.0396796108942478,0.1287426997691393,-0.2421924802731722
2026-09-17T08:27:07.883148,1789633627883148500,1.5551484375,-0.034682460194081,0.0909597893416881,-0.227354976625368
2026-09-17T08:27:07.893107,1789633627893107700,1.565107666015625,-0.0735214555457234,0.0317494754821062,-0.2054454156994819
2026-09-17T08:27:07.903068,1789633627903068000,1.57506787109375,-0.0302762611243873,0.0546212325036525,-0.1780378418792039
2026-09-17T08:27:07.913026,1789633627913026800,1.58502685546875,0.1021742801867425,0.0930634836226701,-0.1599537575256079
2026-09-17T08:27:07.922985,1789633627922985700,1.59498583984375,0.1079599509160965,-0.0700239688187837,0.1660778664290905
2026-09-17T08:27:07.932945,1789633627932945000,1.60494482421875,0.1672601350162178,-0.1780354307264089,0.3094832978010177
2026-09-17T08:27:07.942903,1789633627942903800,1.61490380859375,0.0786261582735925,-0.0781470695197582,0.0907587868768721
2026-09-17T08:27:07.952862,1789633627952862700,1.62486279296875,-0.0263184634093195,0.0845972685724496,-0.0988379753708839
2026-09-17T08:27:07.962821,1789633627962821600,1.634821533203125,-0.0094294340591877,0.1199485679388046,-0.1633661963175982
2026-09-17T08:27:07.972780,1789633627972780800,1.64478076171875,0.0543530830867588,0.0533937365353107,-0.1559300549674779
2026-09-17T08:27:07.982739,1789633627982739700,1.65473974609375,-0.0112299076098948,0.0203343474984169,-0.0707142891705036
2026-09-17T08:27:07.992700,1789633627992700000,1.664699951171875,0.0070500646419823,-0.0088104984432458,-0.0131026426792144
2026-09-17T08:27:08.002658,1789633628002658800,1.674658935546875,0.0639131577882915,-0.0781739575266838,0.0255997206807136
2026-09-17T08:27:08.012617,1789633628012617700,1.68461767578125,-0.0466117482449859,-0.0686222853273153,-0.0327034152060747
2026-09-17T08:27:08.022577,1789633628022577000,1.694576904296875,-0.1112632302451878,0.0002981061637401,-0.1799134995579719
2026-09-17T08:27:08.032535,1789633628032535800,1.704535888671875,-0.0287814194567501,0.0687818598031997,-0.2482277418494224
2026-09-17T08:27:08.042494,1789633628042494700,1.71449462890625,-0.0452018814470618,0.0725596247762441,-0.1506990955114364
2026-09-17T08:27:08.052453,1789633628052453600,1.72445361328125,-0.0381273399509489,0.05664017111063,-0.0342733679365366
2026-09-17T08:27:08.062412,1789633628062412800,1.734412841796875,0.0142830846354365,-0.0958721113026142,0.1560142261195927
2026-09-17T08:27:08.072371,1789633628072371700,1.744371826171875,0.0045420273438096,-0.1448392635673284,0.1796984685678035
2026-09-17T08:27:08.082331,1789633628082331600,1.75433154296875,-0.0194181094363331,-0.0463227752357721,-0.0775594788901507
2026-09-17T08:27:08.092290,1789633628092290600,1.76429052734375,0.0037757191464304,0.0236252057373523,-0.2100104585926979
2026-09-17T08:27:08.102250,1789633628102250000,1.77425,0.0320893749609589,0.0863268688440322,-0.2015689395923167
2026-09-17T08:27:08.112209,1789633628112209000,1.784208984375,0.0738967916641384,0.0755570530265569,-0.1113122570186853
2026-09-17T08:27:08.122167,1789633628122167800,1.794167724609375,-0.0227537566650658,0.1275409227639436,-0.1709609622955322
2026-09-17T08:27:08.132126,1789633628132126700,1.804126708984375,-0.0459557685542851,0.0903273366570472,-0.2027881791889667
2026-09-17T08:27:08.142086,1789633628142086000,1.8140859375,-0.0378079718034714,-0.0034112697482109,-0.1265874944966286
2026-09-17T08:27:08.152044,1789633628152044800,1.824044921875,-0.0320824337635189,-0.0561298835009336,-0.0444955598086118
2026-09-17T08:27:08.162004,1789633628162004700,1.834004638671875,0.0247576438333839,-0.1177729774653911,0.1348573832571506
2026-09-17T08:27:08.171963,1789633628171963600,1.843963623046875,0.087581033623591,-0.15018880790174,0.2571546332139521
2026-09-17T08:27:08.181922,1789633628181922600,1.853922607421875,0.1045143405068665,-0.085861004897952,0.1021826826889067
2026-09-17T08:27:08.191881,1789633628191881700,1.8638818359375,0.0285072786904871,-0.0331581732362508,-0.0112572340082377
2026-09-17T08:27:08.201840,1789633628201840600,1.873840576171875,-0.016545695805177,-0.0031266075879335,-0.1408352155577391
2026-09-17T08:27:08.211799,1789633628211799800,1.8837998046875,-0.0526662990435957,0.0179003983497619,-0.2233375576775521
2026-09-17T08:27:08.221758,1789633628221758700,1.8937587890625,0.1170850682664662,0.0927548560649156,-0.2484322514455765
2026-09-17T08:27:08.231718,1789633628231718000,1.9037177734375,0.1111591853488236,0.0820469995677471,-0.1634638114731758
2026-09-17T08:27:08.241676,1789633628241676800,1.9136767578125,0.0602908025726676,0.0343529359787702,-0.0269219091951847
2026-09-17T08:27:08.251636,1789633628251636700,1.92363671875,0.0688473262548446,0.0071907882869243,0.0952098480015993
2026-09-17T08:27:08.261595,1789633628261595400,1.933595458984375,-0.0100306148227304,0.0381628496557474,0.0070423927921801
2026-09-17T08:27:08.271554,1789633628271554600,1.943554443359375,0.2076552007034421,0.1625263114273548,0.0527811575949192
2026-09-17T08:27:08.281513,1789633628281513500,1.953513427734375,-0.2559361242696643,-0.3598439502507448,-0.0291337400257587
2026-09-17T08:27:08.291472,1789633628291472400,1.963472412109375,-0.1773706101421266,0.1248942076474428,-0.4193482055556028
2026-09-17T08:27:08.301431,1789633628301431300,1.973431396484375,0.1245282238792628,0.017227029132843,-0.1830062048763036
2026-09-17T08:27:08.311390,1789633628311390500,1.983390380859375,-0.1089976234007626,0.0502314731121063,-0.0712082101672887
2026-09-17T08:27:08.321349,1789633628321349600,1.993349609375,0.0036471973959356,0.0264566297709941,-0.02110482041426
2026-09-17T08:27:08.331308,1789633628331308500,2.00330859375,0.1089040998984128,0.081909052401781,-0.0547592527348548
2026-09-17T08:27:08.341268,1789633628341268500,2.0132685546875,0.1141432426609098,0.102588267815113,0.0069346946340054
2026-09-17T08:27:08.351227,1789633628351227600,2.0232275390625,0.2709772607307881,-0.005783259576559,0.1977069304019212
2026-09-17T08:27:08.361186,1789633628361186600,2.0331865234375,-0.0867990164004266,-0.0427232894390821,0.0372094944536685
2026-09-17T08:27:08.371145,1789633628371145500,2.0431455078125,0.011880845799297,-0.150110481968522,0.0216061940651386
2026-09-17T08:27:08.381104,1789633628381104400,2.0531044921875,-0.0435049413360655,0.0734954443216323,-0.113421723453328
2026-09-17T08:27:08.391063,1789633628391063600,2.0630634765625,-0.2195749902736395,-0.1713952620595693,-0.0730722504734993
2026-09-17T08:27:08.401022,1789633628401022500,2.0730224609375,-0.2571324213821441,-0.0206663559317588,-0.1317838940959423
2026-09-17T08:27:08.410981,1789633628410981400,2.0829814453125,-0.0400239673525094,-0.0904968480050563,-0.0662116439890116
2026-09-17T08:27:08.420941,1789633628420941600,2.092941650390625,-0.0175783998537808,-0.0679267042785883,-0.0799187553673982
2026-09-17T08:27:08.430900,1789633628430900500,2.102900390625,0.0223671685002744,-0.040774493458867,-0.0737602327376604
2026-09-17T08:27:08.440859,1789633628440859600,2.112859619140625,0.0386514368902891,-0.0467564904779195,0.0167044665634632
2026-09-17T08:27:08.450818,1789633628450818600,2.122818603515625,0.0249346078354865,0.0520657028019428,-0.0047444911133497
2026-09-17T08:27:08.460777,1789633628460777500,2.132777587890625,0.0227532452084124,0.1323059452086687,-0.1440161836814135
2026-09-17T08:27:08.470736,1789633628470736400,2.142736328125,-0.067865621741116,0.1479120951414108,-0.2241184789221733
2026-09-17T08:27:08.480695,1789633628480695600,2.152695556640625,-0.0018367139078676,0.0936994434386491,-0.2102601225048303
2026-09-17T08:27:08.490654,1789633628490654500,2.162654541015625,-0.0135647802982479,-0.0370171867519617,-0.0811041657596826
2026-09-17T08:27:08.500613,1789633628500613400,2.17261328125,-0.0298118584830313,-0.0692728581905365,0.0072474869102239
2026-09-17T08:27:08.510573,1789633628510573600,2.182573486328125,-0.0250629103902727,-0.0275911867588758,-0.0089689769405871
2026-09-17T08:27:08.520532,1789633628520532700,2.19253271484375,-0.0145958038464188,-0.0038449849903583,-0.0418768286775797
2026-09-17T08:27:08.530491,1789633628530491600,2.20249169921875,-0.0334914968438446,-0.004735211828351,-0.0049842181533575
2026-09-17T08:27:08.540450,1789633628540450600,2.212450439453125,0.0578590453810989,-0.0584533580124378,0.1010585740298032
2026-09-17T08:27:08.550409,1789633628550409500,2.222409423828125,0.0859925953883677,-0.0471101262211799,0.0080891253661364
2026-09-17T08:27:08.560368,1789633628560368600,2.23236865234375,0.0732975836619734,0.0852601163953542,-0.2059475930679589
2026-09-17T08:27:08.570327,1789633628570327600,2.24232763671875,-0.0079559274405241,0.0983978303879499,-0.1850620414275676
2026-09-17T08:27:08.580286,1789633628580286500,2.252286376953125,-0.0102614279039204,0.0677659607589244,-0.1435451321035623
2026-09-17T08:27:08.590245,1789633628590245400,2.262245361328125,0.0371284651067107,0.0562923805862665,-0.1296346071075648
2026-09-17T08:27:08.600205,1789633628600205300,2.272205322265625,0.0218804078966379,0.0192436296522617,-0.0864963071268051
2026-09-17T08:27:08.610164,1789633628610164500,2.28216455078125,0.01595963954553,0.0049111529171466,-0.1410812992732971
2026-09-17T08:27:08.620123,1789633628620123600,2.29212353515625,-0.0347889162432402,-0.0034118542701005,-0.1489974792253225
2026-09-17T08:27:08.630082,1789633628630082600,2.30208251953125,-0.0569690377388149,-0.0169084647029638,-0.0684241324067115
2026-09-17T08:27:08.640041,1789633628640041500,2.31204150390625,-0.0715213677696883,-0.0479196890383958,0.0638818128019571
2026-09-17T08:27:08.650000,1789633628650000600,2.322000732421875,-0.0720863812413066,-0.0963917512625455,0.0900520999122411
2026-09-17T08:27:08.659959,1789633628659959600,2.33195947265625,-0.0353269686426967,-0.0671983900040388,0.055086511927843
2026-09-17T08:27:08.669918,1789633628669918500,2.34191845703125,0.0934085707332938,-0.0457166260361671,-0.0201256001185625
2026-09-17T08:27:08.679877,1789633628679877600,2.351877685546875,0.0058313365019857,0.0182207163453102,-0.1252086073588579
2026-09-17T08:27:08.689837,1789633628689837600,2.361837646484375,-0.0311347776498645,-0.0013607669591903,-0.0762380210280418
2026-09-17T08:27:08.699796,1789633628699796500,2.37179638671875,-0.0382793156422674,-0.0808025524646043,0.0577432369817048
2026-09-17T08:27:08.709755,1789633628709755400,2.38175537109375,-0.0845555483225733,-0.0367009604096412,0.0213555803049355
2026-09-17T08:27:08.719714,1789633628719714300,2.39171435546875,-0.0194974582828581,-0.0013134206861257,-0.0713566056620329
2026-09-17T08:27:08.729673,1789633628729673700,2.401673828125,0.020833821453154,0.0522188475370407,-0.117168508766219
2026-09-17T08:27:08.739632,1789633628739632600,2.411632568359375,0.003698269996047,0.0440846409201622,-0.1277730510193854
2026-09-17T08:27:08.749591,1789633628749591600,2.421591552734375,0.0296379632208496,0.012200725403428,-0.1024766971994191
2026-09-17T08:27:08.759550,1789633628759550500,2.431550537109375,0.0486547983799129,-0.0014507833302021,-0.0393068320591002
2026-09-17T08:27:08.769510,1789633628769510400,2.441510498046875,-0.0239275496847927,-0.0537923804640769,0.0283873786378651
2026-09-17T08:27:08.779469,1789633628779469600,2.451469482421875,-0.0574855358935892,-0.0628173984408378,-0.0374192647468298
2026-09-17T08:27:08.789428,1789633628789428500,2.461428466796875,0.0013359978441148,-0.0532189644902944,-0.1233797114312648
2026-09-17T08:27:08.799387,1789633628799387400,2.471387451171875,-0.0375387264080345,0.0286988557398319,-0.1742010401953011
2026-09-17T08:27:08.809346,1789633628809346600,2.4813466796875,0.0364046078115701,-0.0454611899703741,-0.0819908124011009
2026-09-17T08:27:08.819305,1789633628819305500,2.491305419921875,-0.052626186228916,-0.1198030219882726,0.149493226853013
2026-09-17T08:27:08.829264,1789633628829264400,2.501264404296875,-0.0266107243541628,-0.1200719020575284,0.1873047788530588
2026-09-17T08:27:08.839223,1789633628839223600,2.5112236328125,0.035175285212323,-0.0158534026920795,0.0984610318172723
2026-09-17T08:27:08.849182,1789633628849182700,2.5211826171875,0.0605596095766872,0.108563835093379,-0.0512706799667328
2026-09-17T08:27:08.859142,1789633628859142700,2.531142578125,0.1792225946843624,0.1810544862866401,-0.2330528229407966
2026-09-17T08:27:08.869101,1789633628869101600,2.5411015625,0.1871109367813914,0.1424865629613399,-0.2151741249661892
2026-09-17T08:27:08.879060,1789633628879060500,2.551060546875,0.0187004626862704,0.0657411769330501,-0.1546293476324528
2026-09-17T08:27:08.889019,1789633628889019400,2.561019287109375,-0.1115377363376319,-0.0112929629087448,-0.0573877746075391
2026-09-17T08:27:08.898978,1789633628898978600,2.570978515625,-0.111353392746672,-0.0461053330928087,-0.0134008219081908
2026-09-17T08:27:08.908937,1789633628908937500,2.5809375,-0.0564407760810106,-0.0450175378561019,0.0214998841464519
2026-09-17T08:27:08.918896,1789633628918896400,2.590896484375,0.0343276554070413,0.0192681795716285,-0.0310901347905397
2026-09-17T08:27:08.928855,1789633628928855300,2.600855224609375,0.0924126915637403,0.0171171390175819,-0.0131522539746016
2026-09-17T08:27:08.938814,1789633628938814500,2.610814453125,-0.094281992566958,-0.0343792394638061,0.0815209298670291
2026-09-17T08:27:08.948774,1789633628948774700,2.620774658203125,0.1164660595852881,-0.0721451987564563,0.1587170553375035
2026-09-17T08:27:08.958733,1789633628958733600,2.630733642578125,0.039964199989289,-0.0579956773728132,0.0775743111331015
2026-09-17T08:27:08.968692,1789633628968692500,2.6406923828125,-0.1172637127690017,0.0616208821326494,-0.0299883110284805
2026-09-17T08:27:08.978651,1789633628978651600,2.650651611328125,0.155627199563384,-0.0287999780267477,-0.0811549460988491
2026-09-17T08:27:08.988610,1789633628988610600,2.660610595703125,0.0347176776379346,0.023635142609477,-0.1207755202822387
2026-09-17T08:27:08.998569,1789633628998569500,2.670569580078125,-0.039321664302051,0.0500333201915025,-0.1793020896613597
2026-09-17T08:27:09.008528,1789633629008528400,2.6805283203125,-0.0299280322086065,0.0435790294855833,-0.0974317618347704
2026-09-17T08:27:09.018487,1789633629018487600,2.690487548828125,-0.0882006268266588,0.0626011253416538,-0.0478051227480173
2026-09-17T08:27:09.028446,1789633629028446500,2.700446533203125,-0.0853649650093168,0.0363350497066974,-0.1740795327074825
2026-09-17T08:27:09.038406,1789633629038406700,2.71040673828125,-0.0815427763726562,0.0316144509255886,-0.2338042258299887
2026-09-17T08:27:09.048365,1789633629048365600,2.720365478515625,-0.0242816238194704,0.0657417614549398,-0.2060327871333807
2026-09-17T08:27:09.058324,1789633629058324500,2.730324462890625,-0.0206687670845538,0.0261538474321365,-0.0969884750466793
2026-09-17T08:27:09.068283,1789633629068283600,2.74028369140625,-0.0442795789703726,0.0122965869933366,-0.018087591484934
2026-09-17T08:27:09.078242,1789633629078242600,2.75024267578125,0.0387994670588523,0.0197889885753393,-0.0290011996872723
2026-09-17T08:27:09.088201,1789633629088201500,2.760201416015625,0.078800638057664,0.0397241076231002,0.0945662894010543
2026-09-17T08:27:09.098160,1789633629098160400,2.770160400390625,0.134725135179609,0.0501245056062936,-0.0214051916003227
2026-09-17T08:27:09.108119,1789633629108119600,2.78011962890625,0.0112551151163876,0.0996539679288864,-0.1751683508574962
2026-09-17T08:27:09.118078,1789633629118078500,2.790078369140625,-0.0248198954146355,0.031628479450941,-0.1366794841177761
2026-09-17T08:27:09.128038,1789633629128038400,2.800038330078125,-0.067069210666418,0.0483060580074787,-0.1386304720550775
2026-09-17T08:27:09.137997,1789633629137997300,2.809997314453125,-0.0121222533397376,0.0052098436027765,-0.061737201988697
2026-09-17T08:27:09.147956,1789633629147956700,2.819956787109375,0.0140349550932645,0.0069680854469537,-0.1490390533447265
2026-09-17T08:27:09.157915,1789633629157915600,2.82991552734375,0.020506635325402,0.0465694434732198,-0.2781752824760973
2026-09-17T08:27:09.167874,1789633629167874600,2.83987451171875,-0.0153959412481635,-0.0366758259683847,-0.1281558397918939
2026-09-17T08:27:09.177833,1789633629177833500,2.84983349609375,-0.0374991981152445,-0.0636766456186771,0.0315198314446955
2026-09-17T08:27:09.187792,1789633629187792600,2.859792724609375,-0.0087026541545987,0.0085679218590259,-0.011366174275428
2026-09-17T08:27:09.197751,1789633629197751600,2.86975146484375,0.0175843181379139,-0.0240998375117778,0.0425191451691091
2026-09-17T08:27:09.207710,1789633629207710500,2.87971044921875,0.0297745221473276,-0.1681155097365379,0.1170646100003272
2026-09-17T08:27:09.217670,1789633629217670400,2.88967041015625,0.0225784731633961,-0.0981295348405838,-0.0134282213717699
2026-09-17T08:27:09.227629,1789633629227629300,2.89962939453125,-0.0572463933754712,-0.0179155959188938,-0.031384149301052
2026-09-17T08:27:09.237588,1789633629237588500,2.90958837890625,-0.0247059867113828,0.0152273797482252,-0.1046404511045664
2026-09-17T08:27:09.247547,1789633629247547400,2.91954736328125,-0.0748925977684557,0.0634486820816993,-0.1550600671999156
2026-09-17T08:27:09.257506,1789633629257506600,2.929506591796875,-0.0420974126257002,0.0691799192100763,-0.1978740305971354
2026-09-17T08:27:09.267466,1789633629267466800,2.939466796875,-0.0085469521362334,0.018528759381175,-0.194644547156617
2026-09-17T08:27:09.277425,1789633629277425700,2.94942578125,-0.0173290282025933,-0.0624736995697021,0.0048398412466049
2026-09-17T08:27:09.287384,1789633629287384800,2.959384765625,-0.0252989111032336,-0.1002858360916376,0.1630284157305955
2026-09-17T08:27:09.297343,1789633629297343700,2.96934375,-0.003336816272512,-0.0726619161069393,0.1598112803149968
2026-09-17T08:27:09.307304,1789633629307304000,2.979303955078125,-0.0213738466139882,-0.0066343234479427,0.0484019926626235
2026-09-17T08:27:09.317262,1789633629317262800,2.989262939453125,0.0659219403274357,0.0858721108138561,-0.1464278479330241
2026-09-17T08:27:09.327221,1789633629327221800,2.9992216796875,0.1600936043877154,0.1630272466868162,-0.292225873529911
2026-09-17T08:27:09.337181,1789633629337181000,3.009180908203125,0.0835522895641624,0.1378583186388015,-0.2109380948316305
2026-09-17T08:27:09.347139,1789633629347139800,3.019139892578125,0.0587268411915749,0.0135661685377359,-0.0571971474062651
2026-09-17T08:27:09.357098,1789633629357098800,3.0290986328125,-0.0598929623614996,-0.0005319149196147,-0.0469726174466311
2026-09-17T08:27:09.367058,1789633629367058000,3.039057861328125,-0.0674331486079841,0.0339022696018219,-0.1337397774040699
2026-09-17T08:27:09.377016,1789633629377016800,3.049016845703125,-0.0330506212085485,0.0147702836304903,-0.091209964710474
2026-09-17T08:27:09.386976,1789633629386976800,3.058976806640625,-0.0113523649457842,-0.0943827495276928,-0.0732283178180456
2026-09-17T08:27:09.396935,1789633629396935700,3.068935791015625,-0.0057464346975088,-0.1661076770454645,-0.0180523740410804
2026-09-17T08:27:09.406894,1789633629406894600,3.07889453125,0.0083129972498863,-0.0762690006881952,0.0201899705916643
2026-09-17T08:27:09.416854,1789633629416854000,3.08885400390625,-0.0103133772868663,-0.1177016657948493,0.079208561271429
2026-09-17T08:27:09.426813,1789633629426813000,3.09881298828125,0.0017319383591413,0.1313069972991943,-0.1033100062184035
2026-09-17T08:27:09.436771,1789633629436771800,3.108771728515625,0.1122046758137643,0.1246808571577072,-0.0251887287270277
2026-09-17T08:27:09.446730,1789633629446730800,3.118730712890625,0.1078934615511447,0.1035427920609712,0.0254776286710053
2026-09-17T08:27:09.456690,1789633629456690000,3.12868994140625,0.0864087019085884,-0.0049468087524175,0.0094141634248197
2026-09-17T08:27:09.466648,1789633629466648800,3.13864892578125,0.0279711990524083,-0.0700005879431962,-0.0429549062378704
2026-09-17T08:27:09.476608,1789633629476608800,3.14860888671875,-0.0617606559295207,-0.0897118351072072,-0.029902532441169
2026-09-17T08:27:09.486567,1789633629486567700,3.158567626953125,-0.1349747990917414,-0.0522737925946712,-0.0322638547450304
2026-09-17T08:27:09.496526,1789633629496526600,3.168526611328125,-0.0774710699543356,-0.0071644848018884,-0.0476139840900897
2026-09-17T08:27:09.506485,1789633629506485800,3.17848583984375,-0.0122878191649913,0.0312573080509901,-0.0124075000219047
2026-09-17T08:27:09.516444,1789633629516444700,3.188444580078125,0.0761529730930924,0.0298673149973154,0.0257593682218343
2026-09-17T08:27:09.526403,1789633629526403800,3.19840380859375,0.1091492337659001,0.0848994663894176,-0.0598860211640596
2026-09-17T08:27:09.536363,1789633629536363000,3.208363037109375,0.1893003365844488,0.0274234289765357,-0.1362123049974441
2026-09-17T08:27:09.546322,1789633629546322000,3.218322021484375,0.0290420431543141,0.0101151513010263,-0.1689098749846219
2026-09-17T08:27:09.556280,1789633629556280800,3.22828076171875,-0.1384376528967172,0.0422334600955247,-0.187316980747506
2026-09-17T08:27:09.566240,1789633629566240800,3.23824072265625,-0.0708957832172512,0.0700911888360977,-0.189122641929984
2026-09-17T08:27:09.576199,1789633629576199700,3.24819970703125,-0.0268545430473983,0.036705052062869,-0.0485626631170511
2026-09-17T08:27:09.586158,1789633629586158800,3.258158935546875,-0.0663345397163182,-0.0690448946535587,0.0700538525003939
2026-09-17T08:27:09.596117,1789633629596117800,3.26811767578125,-0.0394543507710099,-0.1526192499190568,0.1260889703899622
2026-09-17T08:27:09.606076,1789633629606076700,3.27807666015625,-0.0695286595825105,-0.2176309435337781,0.1745604480922222
2026-09-17T08:27:09.616035,1789633629616035600,3.28803564453125,-0.018075097329542,-0.0821358468949794,0.0342962373554706
2026-09-17T08:27:09.625994,1789633629625994800,3.297994873046875,0.0733919108819216,0.0577688828796148,-0.0929763167958706
2026-09-17T08:27:09.635954,1789633629635954000,3.307953857421875,0.1077412666641175,0.0898264013975858,-0.1936081898462027
2026-09-17T08:27:09.645912,1789633629645912800,3.317912841796875,0.0973651263393461,0.1460135680437088,-0.2720483240284025
2026-09-17T08:27:09.655872,1789633629655872800,3.327872802734375,-0.0128679571405053,0.0447182626485824,-0.149064187785983
2026-09-17T08:27:09.665831,1789633629665831700,3.337831787109375,-0.0974738474108278,0.0371907897531986,-0.134162313665077
2026-09-17T08:27:09.675790,1789633629675790800,3.347790771484375,-0.0296272226311266,-0.0208136554479599,-0.0797543585859239
2026-09-17T08:27:09.685749,1789633629685749800,3.357749755859375,-0.0078910455107688,-0.0846060364007949,0.0581985795337706
2026-09-17T08:27:09.695708,1789633629695708700,3.367708740234375,0.0678359572552144,-0.113591892388463,0.1482184576768428
2026-09-17T08:27:09.705667,1789633629705667800,3.377667724609375,0.1086493944849818,-0.113582540038228,0.1498386792898178
2026-09-17T08:27:09.715626,1789633629715626800,3.387626708984375,0.1816908114288002,-0.0372702847301959,0.1392171859018504
2026-09-17T08:27:09.725585,1789633629725585700,3.397585693359375,-0.1100698557421565,-0.1239180560916662,-0.0424285442762076
2026-09-17T08:27:09.735545,1789633629735545900,3.4075458984375,-0.1105171611182391,0.0973059434980154,-0.2344984917044639
2026-09-17T08:27:09.745504,1789633629745504800,3.4175048828125,-0.0309695040855556,0.1810831278592348,-0.250420721849054
2026-09-17T08:27:09.755464,1789633629755464000,3.4274638671875,-0.0060251055084168,0.0911211173832416,-0.0717808954887092
2026-09-17T08:27:09.765422,1789633629765422800,3.4374228515625,0.0671760320417583,0.0095540102869272,0.0370746160276234
2026-09-17T08:27:09.775381,1789633629775381800,3.4473818359375,0.2617603003785014,0.0477858335256576,0.0688456457544118
2026-09-17T08:27:09.785340,1789633629785340700,3.457340576171875,-0.0093811379380524,-0.2117038915723562,-0.0009860884279012
2026-09-17T08:27:09.795299,1789633629795299800,3.4672998046875,0.0057438043490052,0.1194248363256454,-0.1568961965858936
2026-09-17T08:27:09.805258,1789633629805258800,3.4772587890625,-0.2012994750011712,0.0218207866638898,-0.3410637733917683
2026-09-17T08:27:09.815217,1789633629815217700,3.4872177734375,-0.1214198826003819,0.2369388705939054,-0.4273012834519147
2026-09-17T08:27:09.825177,1789633629825177900,3.497177734375,-0.0462642499815672,0.0540939937591552,-0.0748265467949211
2026-09-17T08:27:09.835136,1789633629835136800,3.50713671875,-0.0149075001440942,-0.0053887073010206,0.0431312857180833
2026-09-17T08:27:09.845096,1789633629845096000,3.517095947265625,0.0357308732684701,-0.0532522822380065,-0.0052980333428829
2026-09-17T08:27:09.855054,1789633629855054800,3.527054931640625,-0.0167916333902627,-0.1217921499788761,-0.0392477222830057
2026-09-17T08:27:09.865013,1789633629865013800,3.537013671875,-0.1318611971158534,-0.198873051571846,0.0072075932912528
2026-09-17T08:27:09.874973,1789633629874973000,3.546972900390625,-0.0770542327817529,-0.1650906089574098,0.026386560209468
2026-09-17T08:27:09.884931,1789633629884931800,3.556931884765625,0.0037771073859184,0.0727560241311788,-0.0924906521707773
2026-09-17T08:27:09.894890,1789633629894890800,3.566890869140625,0.1398836869865656,0.2324818911850452,-0.182067462721467
2026-09-17T08:27:09.904849,1789633629904849700,3.576849609375,0.0678176909461617,0.2100456029713153,-0.1363496676415204
2026-09-17T08:27:09.914809,1789633629914809600,3.5868095703125,0.0772086196258664,0.1456950036138296,-0.1306149233818054
2026-09-17T08:27:09.924768,1789633629924768800,3.596768798828125,0.0456581007819622,-0.0393482600480318,-0.010758636836335
2026-09-17T08:27:09.934728,1789633629934728000,3.60672802734375,-0.0557481907069683,-0.1086544359862804,0.1441852566380053
2026-09-17T08:27:09.944686,1789633629944686800,3.616686767578125,0.0346250309184193,-0.1226338615000247,0.0991191303998231
2026-09-17T08:27:09.954645,1789633629954645800,3.626645751953125,0.0300428176946938,-0.0855102917641401,0.0760936441212892
2026-09-17T08:27:09.964605,1789633629964605000,3.63660498046875,0.0118908557366579,-0.031167876201868,-0.0068785074673593
2026-09-17T08:27:09.974563,1789633629974563800,3.646563720703125,-0.103993969894573,-0.0084171152114868,-0.2804429351471364
2026-09-17T08:27:09.984522,1789633629984522800,3.656522705078125,-0.5078020034257322,0.1968424225270748,-0.9415355118822306
2026-09-17T08:27:09.994482,1789633629994482700,3.666482666015625,0.3872602918993681,0.0964157166600227,-0.0595534282088279
2026-09-17T08:27:10.004441,1789633630004441900,3.67644189453125,0.1133241813629865,-0.1723006864666938,0.3562139231853187
2026-09-17T08:27:10.014400,1789633630014400800,3.68640087890625,-0.0019257804308086,-0.0484241314291954,0.2958491785936057
2026-09-17T08:27:10.024359,1789633630024359700,3.696359619140625,0.0856309955343604,-0.0201671742379665,0.2832453522820025
2026-09-17T08:27:10.034318,1789633630034318600,3.706318603515625,0.1331952221985906,-0.0228705879777669,0.241417477312684
2026-09-17T08:27:10.044278,1789633630044278000,3.716278076171875,0.0558677984986454,0.0271855285674333,0.1204231997132301
2026-09-17T08:27:10.054237,1789633630054237000,3.72623681640625,-0.0566623098772019,-0.1122170969039201,0.0332253932535648
2026-09-17T08:27:10.064195,1789633630064195800,3.73619580078125,-0.2162588514629751,0.0288081613332033,-0.4987619340103119
2026-09-17T08:27:10.074154,1789633630074154800,3.74615478515625,0.0123323889590799,0.0257347452372312,-0.3456107691716402
2026-09-17T08:27:10.084114,1789633630084114700,3.75611474609375,-0.0706826519232243,-0.0893260506600141,-0.0143126029908657
2026-09-17T08:27:10.094073,1789633630094073900,3.766073974609375,-0.1874264324713498,-0.2523310855150222,0.2737554202072322
2026-09-17T08:27:10.104032,1789633630104032800,3.77603271484375,-0.148725238155201,-0.1880038670331239,0.1336918466091156
2026-09-17T08:27:10.113991,1789633630113991700,3.78599169921875,0.1451551245834678,0.1787596533477306,-0.254758020401001
2026-09-17T08:27:10.123950,1789633630123950600,3.79595068359375,0.1860081631712615,0.3354512672722339,-0.2682085997350514
2026-09-17T08:27:10.133909,1789633630133909800,3.80590966796875,0.0928488910239189,0.3045943567156791,-0.1627649424888193
2026-09-17T08:27:10.143868,1789633630143868700,3.81586865234375,0.1201771890629082,0.2053571528941392,-0.1563924848474562
2026-09-17T08:27:10.153827,1789633630153827800,3.825827880859375,0.006347469330579,0.0091699794054031,-0.1392114137481898
2026-09-17T08:27:10.163787,1789633630163787000,3.835787109375,0.0912871946651488,0.0179758016735315,-0.0101600133560597
2026-09-17T08:27:10.173747,1789633630173747000,3.845746826171875,-0.1692084195397794,-0.1907388449549674,0.1681447358310222
2026-09-17T08:27:10.183705,1789633630183705900,3.855705810546875,0.0057153819721192,0.0902969415187835,0.1976245128154754
2026-09-17T08:27:10.193664,1789633630193664800,3.865664794921875,-0.0278042449876666,-0.011945289337635,-0.0827682265143841
2026-09-17T08:27:10.203623,1789633630203623700,3.875623779296875,-0.1438714414484798,-0.1203594868272543,-0.2328565697163343
2026-09-17T08:27:10.213582,1789633630213582800,3.885582763671875,-0.0803954329684376,-0.2099941650450229,-0.3782680802136659
2026-09-17T08:27:10.223541,1789633630223541800,3.895541748046875,0.0963174439173191,-0.3291805164396763,-0.1184960310429334
2026-09-17T08:27:10.233500,1789633630233500700,3.905500732421875,-0.1942888655867427,-0.2087859582990407,0.1709597932517528
2026-09-17T08:27:10.243459,1789633630243459600,3.91545947265625,-0.1401478178154677,-0.0730038614124059,-0.0129144266307353
2026-09-17T08:27:10.253418,1789633630253418800,3.925418701171875,-0.0317455299593508,0.1720458349227905,-0.3359299906998872
2026-09-17T08:27:10.263377,1789633630263377700,3.935377685546875,0.0887963276974856,0.3747603643536567,-0.4850542381100356
2026-09-17T08:27:10.273336,1789633630273336600,3.945336669921875,0.0650851972423493,0.4257096303462982,-0.4652642266213894
2026-09-17T08:27:10.283295,1789633630283295700,3.955295654296875,-0.0284585441779345,0.3167453977584838,-0.2293893319971859
2026-09-17T08:27:10.293254,1789633630293254700,3.965254638671875,0.0528093607760965,0.0029728783309459,0.129968442171812
2026-09-17T08:27:10.303213,1789633630303213600,3.975213623046875,0.0843926859110593,-0.2621288414299488,0.2327683799762278
2026-09-17T08:27:10.313172,1789633630313172500,3.98517236328125,0.2250667926229536,-0.2784276498019695,0.2410467443041503
2026-09-17T08:27:10.323131,1789633630323131600,3.995131591796875,0.2112413155619054,-0.0626443799614906,0.1451677648693323
2026-09-17T08:27:10.333090,1789633630333090600,4.005090576171875,0.163286774405837,0.0602028320282697,0.0365624287217855
2026-09-17T08:27:10.343050,1789633630343050800,4.01505078125,-0.0856585411284118,0.1706523347377777,-0.0702671299248933
2026-09-17T08:27:10.353009,1789633630353009700,4.025009765625,-0.1417320913322269,0.1460042156934738,-0.2426571021102368
2026-09-17T08:27:10.362968,1789633630362968600,4.034968505859375,-0.0028502748645842,0.027566636839509,-0.1936030022144317
2026-09-17T08:27:10.372927,1789633630372927700,4.044927734375,0.1499636208437383,-0.0945797334045171,-0.0532405918002128
2026-09-17T08:27:10.382886,1789633630382886700,4.05488671875,-0.1367469963960349,0.0089320789963006,-0.1265012044526636
2026-09-17T08:27:10.392845,1789633630392845600,4.064845458984375,0.0592904664237052,-0.1593821681827306,-0.0230564659386873
2026-09-17T08:27:10.402804,1789633630402804700,4.0748046875,0.0630480653915554,-0.1619675085008144,0.1641482135407626
2026-09-17T08:27:10.412763,1789633630412763600,4.084763671875,0.0243687906462699,-0.0173421799451112,0.0415226814776659
2026-09-17T08:27:10.422722,1789633630422722600,4.09472265625,0.2502244686245918,-0.0312526318758726,0.0438479095548391
2026-09-17T08:27:10.432682,1789633630432682500,4.1046826171875,-0.1936172499354928,0.3159305742442607,-0.5011427647322416
2026-09-17T08:27:10.442641,1789633630442641700,4.1146416015625,-0.0739963795810937,0.2061550252735614,-0.2864128033369779
2026-09-17T08:27:10.452600,1789633630452600800,4.124600830078125,0.1193858194895088,-0.0916413418650627,0.0804728821188211
2026-09-17T08:27:10.462559,1789633630462559700,4.134559814453125,-0.197386612406373,-0.0395329689651727,0.2179775650143623
2026-09-17T08:27:10.472518,1789633630472518700,4.1445185546875,0.064583604395762,-0.219046655550599,0.312204320262745
2026-09-17T08:27:10.482477,1789633630482477600,4.1544775390625,-0.1680869412291795,-0.1178098023444414,0.0501940637111663
2026-09-17T08:27:10.492436,1789633630492436700,4.164436767578125,-0.1299682960413396,-0.0558183333337306,-0.1112999820590019
2026-09-17T08:27:10.502395,1789633630502395600,4.174395751953125,0.0135045745436102,-0.1301619189172983,-0.1017347927909344
2026-09-17T08:27:10.512354,1789633630512354600,4.1843544921875,-0.0394894951496273,-0.1297492464631796,-0.1271761811047792
2026-09-17T08:27:10.522314,1789633630522314500,4.194314453125,-0.1361987148635089,-0.0291249721974134,-0.1905132195055484
2026-09-17T08:27:10.532273,1789633630532273400,4.2042734375,-0.1145609566163271,0.01376373693645,-0.0628336919885128
2026-09-17T08:27:10.542232,1789633630542232600,4.214232666015625,-0.0030853987947106,0.0250315654039382,0.0543190346866846
2026-09-17T08:27:10.552191,1789633630552191700,4.224191650390625,0.06250555601269,0.1125923599570989,-0.0334228885870426
2026-09-17T08:27:10.562150,1789633630562150700,4.234150634765625,0.0793641171593219,0.1031955860584974,-0.0088262805342674
2026-09-17T08:27:10.572109,1789633630572109800,4.24410986328125,0.1077832061097025,0.0240823018550872,0.0059452452052384
2026-09-17T08:27:10.582068,1789633630582068700,4.25406884765625,0.0949863414440304,-0.0473445194989442,0.1108399633318185
2026-09-17T08:27:10.592027,1789633630592027600,4.264027587890625,-0.0431521823756396,0.0672340458393096,-0.1208030658762902
2026-09-17T08:27:10.601987,1789633630601987600,4.273987548828125,0.0075599869254976,-0.0293769011318683,-0.0760479783486574
2026-09-17T08:27:10.611946,1789633630611946500,4.283946533203125,-0.0270681127328425,0.0457885222285985,-0.189549269844219
2026-09-17T08:27:10.621905,1789633630621905700,4.29390576171875,0.0308819719325751,0.0846995599031448,-0.1985800599746406
2026-09-17T08:27:10.631864,1789633630631864600,4.303864501953125,0.1461046073280275,-0.0176017076641321,0.0047270285218954
2026-09-17T08:27:10.641823,1789633630641823500,4.313823486328125,-0.0519881805863231,-0.1267564943879842,0.1493418356835842
2026-09-17T08:27:10.651782,1789633630651782400,4.323782470703125,-0.0227858323037624,-0.1332552087575197,0.072770637178421
2026-09-17T08:27:10.661741,1789633630661741800,4.333741943359375,-0.064830345698446,-0.0233820446312427,-0.0296652165539562
2026-09-17T08:27:10.671700,1789633630671700700,4.34370068359375,0.0968828957803547,0.1364426066219806,-0.1495090089440345
2026-09-17T08:27:10.681659,1789633630681659600,4.35365966796875,0.1515478212952613,0.2090285348832607,-0.2555639299564063
2026-09-17T08:27:10.691619,1789633630691619600,4.36361962890625,0.0373997563287615,0.141316934660077,-0.2693481251589953
2026-09-17T08:27:10.701578,1789633630701578500,4.37357861328125,0.0216874426078051,-0.0083732760697603,-0.1374262108318507
2026-09-17T08:27:10.711537,1789633630711537700,4.38353759765625,-0.1028039563924074,-0.0780050307005643,0.0677058280695229
2026-09-17T08:27:10.721496,1789633630721496600,4.39349658203125,-0.1271468819450587,-0.1373959618240594,0.1271376757252961
2026-09-17T08:27:10.731455,1789633630731455500,4.40345556640625,-0.0813982533354312,-0.1969645876020193,0.1887463559634983
2026-09-17T08:27:10.741414,1789633630741414700,4.41341455078125,-0.1621479796342551,-0.1852262190133333,0.037559696130827
2026-09-17T08:27:10.751373,1789633630751373600,4.42337353515625,-0.0824311765797436,0.0039104514420032,-0.1738486465610563
2026-09-17T08:27:10.761332,1789633630761332700,4.433332763671875,0.0634062311794608,0.1203033727258443,-0.1656762998908758
2026-09-17T08:27:10.771291,1789633630771291600,4.443291748046875,0.0673045537922531,0.1078460422128438,-0.1406090786516666
2026-09-17T08:27:10.781251,1789633630781251600,4.45325146484375,0.1537776261739432,0.1049608421653509,-0.0705740039169788
2026-09-17T08:27:10.791210,1789633630791210800,4.463210693359375,0.1972607210043817,0.0738502491086721,-0.0363403104037046
2026-09-17T08:27:10.801169,1789633630801169700,4.473169677734375,0.0906317264311015,0.1079138467520475,-0.1577016677498817
2026-09-17T08:27:10.811128,1789633630811128600,4.483128662109375,-0.0049884559370577,-0.0468289711922407,-0.2209920905299484
2026-09-17T08:27:10.821087,1789633630821087500,4.49308740234375,-0.1340938515387475,0.0155628953129053,-0.0919979002177715
2026-09-17T08:27:10.831046,1789633630831046700,4.503046630859375,-0.176006628312543,-0.2283732868224382,-0.0244881061770021
2026-09-17T08:27:10.841005,1789633630841005600,4.513005615234375,-0.1323567255478352,0.0153232413381338,-0.0882587136894464
2026-09-17T08:27:10.850964,1789633630850964500,4.522964599609375,-0.0477042927220463,-0.0724415513545274,0.0388050930820405
2026-09-17T08:27:10.860924,1789633630860924700,4.532924560546875,-0.1252230012103915,0.0508674329280853,-0.1101806226402521
2026-09-17T08:27:10.870883,1789633630870883600,4.542883544921875,0.0883043794620782,0.0222188460707664,0.0601765285432338
2026-09-17T08:27:10.880842,1789633630880842800,4.5528427734375,0.207451056433469,0.0187175599515438,0.0027753099322319
2026-09-17T08:27:10.890801,1789633630890801700,4.5628017578125,0.1772138121452182,0.15078560475111,-0.0552331538569182
2026-09-17T08:27:10.900760,1789633630900760600,4.572760498046875,0.1658547251977026,-0.0075613751649856,-0.1068786584854125
2026-09-17T08:27:10.910719,1789633630910719700,4.5827197265625,0.0114848322190344,0.1280979721248149,-0.1330525257922709
2026-09-17T08:27:10.920678,1789633630920678700,4.5926787109375,0.0286255713079124,0.0608171645343303,-0.1126192479640245
2026-09-17T08:27:10.930637,1789633630930637600,4.602637451171875,-0.0051209232103079,-0.1076432131171226,-0.0669043754935264
2026-09-17T08:27:10.940596,1789633630940596500,4.612596435546875,-0.0540729509711265,-0.0077297174692153,-0.0543121665544807
2026-09-17T08:27:10.950556,1789633630950556400,4.622556396484375,-0.0950884866442531,0.0846194804042577,-0.1565349620580673
2026-09-17T08:27:10.960515,1789633630960515800,4.632515869140625,-0.0690744860742241,-0.0639262364655733,-0.1064963811695575
2026-09-17T08:27:10.970474,1789633630970474800,4.642474853515625,-0.0285167041059583,-0.0830517926961183,0.0759984401185065
2026-09-17T08:27:10.980433,1789633630980433700,4.65243359375,0.0216363700076937,-0.1370160225957632,0.1422422328114509
2026-09-17T08:27:10.990392,1789633630990392600,4.662392578125,0.0178095051959156,0.0264390941143035,0.0653629912704229
2026-09-17T08:27:11.000351,1789633631000351700,4.672351806640625,0.0841242442332208,0.1143365732759237,0.0017032967865467
2026-09-17T08:27:11.010310,1789633631010310700,4.682310546875,0.0977655238337814,0.1593850907921791,-0.0830751735717058
2026-09-17T08:27:11.020269,1789633631020269600,4.69226953125,-0.0265692963652312,0.2350526184558868,-0.2152764893621206
2026-09-17T08:27:11.030229,1789633631030229500,4.7022294921875,0.0455517908632755,0.1165729540258646,-0.1083247656404972
2026-09-17T08:27:11.040188,1789633631040188700,4.712188720703125,-0.0189573600567877,-0.0316033450096845,-0.0845003840692341
2026-09-17T08:27:11.050147,1789633631050147600,4.722147705078125,-0.1023906263511627,-0.1605664095312357,-0.1555829220302403
2026-09-17T08:27:11.060106,1789633631060106500,4.7321064453125,-0.1441512813031673,-0.344248321712017,0.0944236660599708
2026-09-17T08:27:11.070065,1789633631070065700,4.742065673828125,-0.0981545231513679,-0.217469030970335,0.1353536423414945
2026-09-17T08:27:11.080024,1789633631080024800,4.75202490234375,0.0134868196912109,-0.026216391274333,0.1242173312991857
2026-09-17T08:27:11.089983,1789633631089983700,4.761983642578125,0.018597367637977,0.1245844110459089,0.0361339741766452
2026-09-17T08:27:11.099942,1789633631099942700,4.771942626953125,0.060993470949307,0.0611263766139745,-0.0248421803116798
2026-09-17T08:27:11.109901,1789633631109901600,4.781901611328125,0.0363077233083546,0.012952420553565,-0.1819599106937647
2026-09-17T08:27:11.119861,1789633631119861500,4.791861572265625,-0.0576608924604952,-0.0352776496082544,-0.3203308550298214
2026-09-17T08:27:11.129820,1789633631129820700,4.801820556640625,-0.0515785768721252,0.0306914908617734,-0.1926461398810148
2026-09-17T08:27:11.139779,1789633631139779600,4.811779541015625,0.106048418206349,0.1018804118067026,-0.0195762226074934
2026-09-17T08:27:11.149738,1789633631149738500,4.821738525390625,0.1575144746147096,0.1251309390127658,0.0238631061464548
2026-09-17T08:27:11.159697,1789633631159697400,4.831697509765625,-0.0638928456526249,-0.0605780950814485,0.0563121082000434
2026-09-17T08:27:11.169656,1789633631169656600,4.841656494140625,-0.0974176602441817,-0.1718915211439132,-0.0315723653495311
2026-09-17T08:27:11.179615,1789633631179615700,4.85161572265625,-0.0161084003664553,-0.113720487204194,0.1142297519005835
2026-09-17T08:27:11.189574,1789633631189574700,4.86157470703125,0.2068330706655979,-0.0564811811566352,0.1682926198691129
2026-09-17T08:27:11.199533,1789633631199533800,4.871533935546875,0.0810942288875579,0.0030336686074733,-0.0178833741497248
2026-09-17T08:27:11.209493,1789633631209493800,4.88149365234375,-0.1587811335496604,0.0479091676443815,-0.1973777715127915
2026-09-17T08:27:11.219452,1789633631219452700,4.89145263671875,-0.0830479202385991,0.0767231741964817,-0.3812297064982354
2026-09-17T08:27:11.229411,1789633631229411600,4.90141162109375,-0.0727388538006693,0.0170142631649971,-0.1254565177053213
2026-09-17T08:27:11.239370,1789633631239370500,4.91137060546875,-0.1055411262713372,0.0654594373822212,-0.0755114603191614
2026-09-17T08:27:11.249329,1789633631249329700,4.92132958984375,0.164950323703885,0.1161743100970983,-0.1656253734212368
2026-09-17T08:27:11.259288,1789633631259288600,4.93128857421875,0.3625361119441688,0.1388344701945781,-0.2047445739537477
2026-09-17T08:27:11.269247,1789633631269247700,4.941247802734375,0.1731158022418618,-0.0426408718526363,-0.001704465830326
2026-09-17T08:27:11.279207,1789633631279207000,4.95120703125,-0.1431388163249939,-0.3149772190421819,0.269593039830774
2026-09-17T08:27:11.289166,1789633631289166800,4.961166748046875,-0.1478709594134241,-0.2355073764860629,0.1071306604851037
2026-09-17T08:27:11.299126,1789633631299126000,4.9711259765625,-0.1290799688994884,0.1395703832536936,-0.0638847354114055
2026-09-17T08:27:11.309085,1789633631309085000,4.9810849609375,0.0712479576557874,0.1386439160585403,-0.007044073292613
2026-09-17T08:27:11.319043,1789633631319043800,4.9910439453125,-0.0631795828167349,-0.1549684433937072,0.030287586236
2026-09-17T08:27:11.329002,1789633631329002800,5.001002685546875,-0.2065982389964163,-0.382876450791955,0.1740441691331565
2026-09-17T08:27:11.338962,1789633631338962000,5.0109619140625,-0.2182052362903952,-0.5623521434545516,0.315430223506689
2026-09-17T08:27:11.348920,1789633631348920800,5.0209208984375,-0.1621142965603619,-0.2069499750435352,0.2322344922952353
2026-09-17T08:27:11.358879,1789633631358879700,5.030879638671875,0.16214344958961,0.3404688031733036,-0.2103957315832376
2026-09-17T08:27:11.368839,1789633631368839000,5.0408388671875,0.3218506850082427,0.5970826805740594,-0.4662048684723675
2026-09-17T08:27:11.378798,1789633631378798800,5.050798828125,0.1812445289660245,0.4957008659392595,-0.5023088859021664
2026-09-17T08:27:11.388758,1789633631388758000,5.060758056640625,-0.0015440145716071,0.2305640748649835,-0.4690133500218391
2026-09-17T08:27:11.398717,1789633631398717000,5.070717041015625,-0.1050639372136443,-0.0656090749859809,-0.2120966172169893
2026-09-17T08:27:11.408675,1789633631408675800,5.08067578125,-0.0962544616837054,-0.1811994477152824,0.0727010790735483
2026-09-17T08:27:11.418635,1789633631418635000,5.090635009765625,0.0360661696374416,0.0456640190660953,0.1171557223498821
2026-09-17T08:27:11.428594,1789633631428594000,5.100593994140625,0.1850383682910353,0.2692699453562498,-0.0378495459228754
2026-09-17T08:27:11.438552,1789633631438552800,5.110552734375,0.1723559968505054,0.1961404117375612,-0.0494891303122043
2026-09-17T08:27:11.448511,1789633631448511700,5.12051171875,0.0805634099464863,-0.1452612883716821,0.1848860272735357
2026-09-17T08:27:11.458471,1789633631458471700,5.1304716796875,-0.0343276554070413,-0.1528337694525718,0.1729663107685744
2026-09-17T08:27:11.468431,1789633631468431000,5.14043115234375,-0.1075089922782033,-0.185297530683875,0.0701906306225806
2026-09-17T08:27:11.478390,1789633631478390000,5.15039013671875,-0.1069667751602828,-0.1948731682807207,-0.0149222593218088
2026-09-17T08:27:11.488349,1789633631488349000,5.160348876953125,-0.1130228603288531,-0.0511006571620702,-0.1757575489223003
2026-09-17T08:27:11.498307,1789633631498307800,5.170307861328125,0.0353365401886403,-0.0309603709310293,-0.1527665494352579
2026-09-17T08:27:11.508267,1789633631508267000,5.18026708984375,0.0802408999938517,0.036138065829873,-0.1977069304019212
2026-09-17T08:27:11.518226,1789633631518226000,5.190225830078125,0.0416778720393776,0.0970113444656133,-0.204555115796253
2026-09-17T08:27:11.528184,1789633631528184800,5.200184814453125,0.048742841989547,0.175398067960143,-0.3116973205886781
2026-09-17T08:27:11.538144,1789633631538144000,5.21014404296875,0.0143755121592432,0.0007113631397485,-0.0021123890440911
2026-09-17T08:27:11.548104,1789633631548104000,5.22010400390625,-0.1255916153270751,-0.1149637652635574,0.1157721590369939
2026-09-17T08:27:11.558062,1789633631558062800,5.230062744140625,-0.0155327193703502,0.0426309349805116,-0.0604654284872114
2026-09-17T08:27:11.568021,1789633631568021800,5.240021728515625,0.0926248730096966,0.0579424858808517,0.0688126933328807
2026-09-17T08:27:11.577981,1789633631577981000,5.24998095703125,0.0985016560886055,0.0161357267647981,0.1018809963285923
2026-09-17T08:27:11.587940,1789633631587940000,5.259940185546875,-0.0127423579994589,0.0265039760440587,-0.1452513514995574
2026-09-17T08:27:11.597899,1789633631597899000,5.26989892578125,-0.1242361821301281,-0.0905155527055263,-0.0172581549234688
2026-09-17T08:27:11.607858,1789633631607858000,5.27985791015625,-0.114838166122511,-0.1040226845324039,0.0036352877624332
2026-09-17T08:27:11.617816,1789633631617816800,5.28981689453125,-0.0327300840172916,0.00936228710711,-0.0856967542469501
2026-09-17T08:27:11.627776,1789633631627776800,5.29977685546875,0.0852946031868457,0.0844920546323061,-0.0927215383172035
2026-09-17T08:27:11.637736,1789633631637736000,5.30973583984375,0.0446017235968261,0.0646212329924106,-0.2113636998325586
2026-09-17T08:27:11.647694,1789633631647694800,5.31969482421875,0.0281927328485995,-0.0222018949359655,-0.2267069610454141
2026-09-17T08:27:11.657653,1789633631657653800,5.32965380859375,-0.0019881781425327,-0.0312783508390188,-0.0920382322281599
2026-09-17T08:27:11.667612,1789633631667612700,5.33961279296875,0.0904401493817567,0.1683119090914726,-0.1019580801527947
2026-09-17T08:27:11.677571,1789633631677571800,5.34957177734375,0.182468444737792,0.2084668093472719,-0.0321183087944984
2026-09-17T08:27:11.687531,1789633631687531000,5.359531005859375,0.125469596382603,0.1987766054600477,-0.1388373197387903
2026-09-17T08:27:11.697490,1789633631697490000,5.369489990234375,0.0453332527417689,0.2025941179215908,-0.2783580916970968
2026-09-17T08:27:11.707448,1789633631707448800,5.37944873046875,-0.0658884033840149,-0.0654413172036409,0.0275173908703029
2026-09-17T08:27:11.717408,1789633631717408800,5.38940869140625,-0.0839389507941901,-0.2330512155055999,0.1677840858250856
2026-09-17T08:27:11.727368,1789633631727368000,5.399367919921875,0.0019958499923348,-0.2213508408397436,0.2894243331778794
2026-09-17T08:27:11.737326,1789633631737326800,5.409326904296875,0.105731680407375,-0.1285270111918449,0.2755471989948302
2026-09-17T08:27:11.747285,1789633631747285800,5.41928564453125,0.1562152285844087,0.0915028101772069,0.0249238672457635
2026-09-17T08:27:11.757245,1789633631757245000,5.429244873046875,0.0929698139898479,0.1195563537508249,-0.1570348744042217
2026-09-17T08:27:11.767203,1789633631767203800,5.439203857421875,-0.071915993110463,0.0507937831699848,-0.2334656415253877
2026-09-17T08:27:11.777162,1789633631777162800,5.449162841796875,-0.1233264468740671,0.1567991659522056,-0.4112584226023406
2026-09-17T08:27:11.787121,1789633631787121700,5.45912158203125,0.0072394497342407,0.1345458330899477,-0.4000099564224481
2026-09-17T08:27:11.797081,1789633631797081900,5.469081787109375,-0.0277802065249532,-0.0141799165219068,-0.1853314329534769
2026-09-17T08:27:11.807041,1789633631807041000,5.479041015625,-0.0051454731296747,-0.0084691376596689,-0.0205817463882267
2026-09-17T08:27:11.817000,1789633631817000000,5.489,-0.0607611965633928,-0.2182359236896038,0.3087795334458351
2026-09-17T08:27:11.826958,1789633631826958800,5.498958740234375,-0.1823464988585561,-0.4105547313123941,0.4882195702731609
2026-09-17T08:27:11.836917,1789633631836917800,5.508917724609375,-0.1617388873767107,-0.324145444881916,0.2387882978528737
2026-09-17T08:27:11.846877,1789633631846877000,5.518876953125,-0.0456978482704609,-0.0960877998799085,0.010986673438549
2026-09-17T08:27:11.856835,1789633631856835800,5.5288359375,0.1630941013779491,0.1528916371196508,-0.1485726048767566
2026-09-17T08:27:11.866794,1789633631866794800,5.538794677734375,0.2066732769940048,0.2776075655907392,-0.2444879707992076
2026-09-17T08:27:11.876754,1789633631876754000,5.54875390625,0.075842665034905,0.16454934168756,-0.1802965075261891
2026-09-17T08:27:11.886713,1789633631886713900,5.5587138671875,-0.0566927780807018,-0.0808656808286905,0.0816810888648033
2026-09-17T08:27:11.896673,1789633631896673000,5.568673095703125,-0.0492385165520012,-0.1456242764651775,0.1006191596992313
2026-09-17T08:27:11.906632,1789633631906632000,5.5786318359375,0.1134591328542679,0.0472691161751747,-0.1350741678129881
2026-09-17T08:27:11.916590,1789633631916590800,5.5885908203125,0.2405796382490545,0.3174748810768127,-0.3425694287143647
2026-09-17T08:27:11.926550,1789633631926550000,5.598550048828125,0.0860948136538267,0.2359697333008051,-0.2132248175293207
2026-09-17T08:27:11.936509,1789633631936509000,5.608509033203125,0.0056069531615823,0.196750652590394,-0.0643402240939438
2026-09-17T08:27:11.946467,1789633631946467800,5.6184677734375,-0.1527124080952256,-0.0343932679891586,-0.0936871684789657
2026-09-17T08:27:11.956426,1789633631956426800,5.6284267578125,-0.2349015195474028,-0.2542044781714677,-0.0624631781756877
2026-09-17T08:27:11.966386,1789633631966386700,5.63838671875,-0.2034200473517179,-0.2873702501922845,-0.2303760049469768
2026-09-17T08:27:11.976345,1789633631976345900,5.648345947265625,-0.1067543014533817,-0.2486380762159824,-0.1190082183487713
2026-09-17T08:27:11.986305,1789633631986305000,5.658304931640625,-0.1539346433665603,-0.2754851666092872,0.2154507499504834
2026-09-17T08:27:11.996264,1789633631996264000,5.668263916015625,-0.1925727823838591,-0.2439057869970798,0.1687368565052747
2026-09-17T08:27:12.006222,1789633632006222800,5.678222900390625,-0.121817430550605,-0.1498521232932806,0.1248439387649297
2026-09-17T08:27:12.016182,1789633632016182000,5.68818212890625,0.1179737607344985,0.0542629205852746,0.1084171200990676
2026-09-17T08:27:12.026141,1789633632026141000,5.698140869140625,0.3689458328559994,0.3161123605519533,-0.1758290067233145
2026-09-17T08:27:12.036099,1789633632036099800,5.708099853515625,0.2938883268494159,0.5161304905056953,-0.489614897089079
2026-09-17T08:27:12.046059,1789633632046059800,5.718059814453125,0.21156864782013,0.3954232131540775,-0.4308036655496806
2026-09-17T08:27:12.056019,1789633632056019000,5.72801904296875,0.073205594529584,0.118494861999154,-0.0351215822637081
2026-09-17T08:27:12.065977,1789633632065977900,5.737977783203125,-0.0704869101554155,0.0668611208736896,-0.0437356082867831
2026-09-17T08:27:12.075936,1789633632075936800,5.747936767578125,-0.0863351252157241,-0.1052332293659448,-0.0503395365964621
2026-09-17T08:27:12.085895,1789633632085895700,5.757895751953125,-0.0170976305995136,-0.1513742182940244,0.0495745435733348
2026-09-17T08:27:12.095855,1789633632095855000,5.767855224609375,-0.009398673594743,-0.184680275568366,0.0366431658077985
2026-09-17T08:27:12.105814,1789633632105814000,5.77781396484375,-0.2027201554540544,-0.2730260830193758,0.2594645906567573
2026-09-17T08:27:12.115773,1789633632115773000,5.78777294921875,-0.2303044010154902,-0.3691255733370781,0.3364163129121065
2026-09-17T08:27:12.125731,1789633632125731800,5.79773193359375,-0.1255582245141267,-0.1608504871696233,0.0011691168446093
2026-09-17T08:27:12.135691,1789633632135691800,5.80769189453125,0.0825131557747721,-0.0427893404126167,-0.158447590746358
2026-09-17T08:27:12.145651,1789633632145651000,5.81765087890625,0.3309405118495225,0.1803331862747669,-0.3586777560155838
2026-09-17T08:27:12.155609,1789633632155609900,5.82760986328125,0.204371064466238,0.3748147248893976,-0.4701999294579029
2026-09-17T08:27:12.165568,1789633632165568800,5.83756884765625,-0.0284437850002199,0.1782119563370943,-0.1665600969880819
2026-09-17T08:27:12.175528,1789633632175528000,5.84752783203125,0.0172630502942949,-0.0418774862647056,0.1831670214612036
2026-09-17T08:27:12.185486,1789633632185486800,5.85748681640625,-0.0438446216192096,0.0549240148425102,0.0839438461650163
2026-09-17T08:27:12.195445,1789633632195445800,5.86744580078125,-0.0707843587320297,-0.1284568685650825,0.0185498021692037
2026-09-17T08:27:12.205405,1789633632205405000,5.877405029296875,0.1168668224059045,-0.1346557232052087,-0.0540057309538125
2026-09-17T08:27:12.215364,1789633632215364000,5.887364013671875,-0.0529539568785578,-0.0648556262701749,-0.3194148361634463
2026-09-17T08:27:12.225324,1789633632225324000,5.897323974609375,-0.1899548549704253,-0.1070925934970378,-0.1799467442404478
2026-09-17T08:27:12.235283,1789633632235283000,5.907282958984375,-0.27053295102939,-0.2033633487284183,0.0146650696903467
2026-09-17T08:27:12.245241,1789633632245241900,5.917241943359375,-0.1307678489211946,-0.1438069979101419,0.0939993031680583
2026-09-17T08:27:12.255200,1789633632255200800,5.92720068359375,0.1851770461093634,0.0965448959976434,0.0982394249558448
2026-09-17T08:27:12.265159,1789633632265159700,5.93715966796875,0.4094927281040698,0.3875228152930736,-0.2118943726431578
2026-09-17T08:27:12.275118,1789633632275118600,5.94711865234375,0.2956448881931602,0.4174006516844034,-0.3886766615033149
2026-09-17T08:27:12.285077,1789633632285077500,5.957077392578125,-0.0213680744603276,0.1964016930222511,-0.2220083549004048
2026-09-17T08:27:12.295036,1789633632295036700,5.96703662109375,-0.0279577550489455,-0.0840507406055927,0.1620803212255239
2026-09-17T08:27:12.304996,1789633632304996600,5.97699658203125,-0.1458343390192836,-0.0854261206120252,0.2252064202893525
2026-09-17T08:27:12.314955,1789633632314955800,5.986955810546875,-0.1674125490989536,-0.1950666450262069,0.0203115511447191
2026-09-17T08:27:12.324914,1789633632324914700,5.996914794921875,0.1105946833338588,-0.2915934208452701,-0.042051600722596
2026-09-17T08:27:12.334873,1789633632334873600,6.00687353515625,-0.0671242287892848,-0.0410796138852834,-0.358936699212715
2026-09-17T08:27:12.344832,1789633632344832800,6.016832763671875,-0.2920362692419439,-0.2135983270168304,-0.176703232274577
2026-09-17T08:27:12.354791,1789633632354791700,6.026791748046875,-0.2542854344531893,-0.2871457937866449,0.1469371856946498
2026-09-17T08:27:12.364750,1789633632364750600,6.03675048828125,-0.2231751336574554,-0.2752513578534126,0.2578279293656349
2026-09-17T08:27:12.374709,1789633632374709500,6.04670947265625,-0.0237368494182825,0.101950554433465,-0.0621131226290017
2026-09-17T08:27:12.384669,1789633632384669700,6.056669677734375,0.4996686735916882,0.6938309901893138,-0.4809527941405773
2026-09-17T08:27:12.394628,1789633632394628900,6.06662890625,0.3909408801082521,0.4824298809558153,-0.4202273995429277
2026-09-17T08:27:12.404587,1789633632404587800,6.076587890625,-0.0844741536494344,0.0163204356819391,-0.1310322720110416
2026-09-17T08:27:12.414546,1789633632414546700,6.086546630859375,-0.2295547516919672,-0.1970867526769638,0.0075322221357375
2026-09-17T08:27:12.424505,1789633632424505600,6.096505615234375,-0.2786755601484328,-0.230803728839755,-0.0018587796092033
2026-09-17T08:27:12.434464,1789633632434464800,6.10646484375,-0.2133137379217893,-0.3967740432411432,0.1866980451315641
2026-09-17T08:27:12.444423,1789633632444423700,6.116423583984375,0.0712870475571602,-0.3974883289903402,0.2793371658623218
2026-09-17T08:27:12.454382,1789633632454382600,6.126382568359375,0.044931247812137,-0.0854454098343849,-0.0396603947371244
2026-09-17T08:27:12.464341,1789633632464341800,6.136341796875,-0.2367195287548005,-0.1194318505883216,-0.0496159715622663
2026-09-17T08:27:12.474301,1789633632474301700,6.1463017578125,-0.2795383144576102,0.0476227519184351,-0.0597328764289617
2026-09-17T08:27:12.484260,1789633632484260600,6.156260498046875,-0.1601669618848711,0.1746440347224473,-0.2495563235720619
2026-09-17T08:27:12.494219,1789633632494219800,6.1662197265625,0.4461951498184353,0.421409302803874,-0.4611275286754593
2026-09-17T08:27:12.504178,1789633632504178700,6.1761787109375,0.7988729347668587,0.5019990893006324,-0.5268892369398847
2026-09-17T08:27:12.514137,1789633632514137900,6.186137939453125,0.1331623428422957,0.3469792079806327,-0.1991155916234478
2026-09-17T08:27:12.524096,1789633632524096800,6.1960966796875,0.0917070275124162,0.1074772089004516,0.166784041937068
2026-09-17T08:27:12.534055,1789633632534055700,6.2060556640625,0.2867948614571243,-0.1966454386502504,0.5820143638450652
2026-09-17T08:27:12.544014,1789633632544014600,6.2160146484375,0.017328224484995,-0.2668313200324773,0.7227730070352554
2026-09-17T08:27:12.553974,1789633632553974500,6.225974609375,-0.216520132747665,-0.1747755521476268,0.2538409055560827
2026-09-17T08:27:12.563933,1789633632563933700,6.23593359375,-0.2475191551886499,-0.3361725672841072,-0.2700146262437105
2026-09-17T08:27:12.573892,1789633632573892600,6.245892578125,-0.1323543143950402,0.0460533106446266,-0.616535569062829
2026-09-17T08:27:12.583851,1789633632583851500,6.2558515625,-0.0285321208707988,0.1642792925745248,-0.442023051765561
2026-09-17T08:27:12.593810,1789633632593810400,6.265810546875,-0.1848390463266521,-0.0865180075019598,0.0384615403413772
2026-09-17T08:27:12.603769,1789633632603769900,6.275769775390625,-0.2670101106654852,-0.1947825673878192,0.2612532641718164
2026-09-17T08:27:12.613728,1789633632613728800,6.285728759765625,0.6373588691219687,0.0833347012907266,0.1218049729278311
2026-09-17T08:27:12.623687,1789633632623687700,6.295687744140625,0.4154065552577376,0.1801858867585659,-0.1069072635253891
2026-09-17T08:27:12.633646,1789633632633646800,6.305646728515625,-0.0163809336975216,0.1795101794540882,-0.1757967118889093
2026-09-17T08:27:12.643606,1789633632643606800,6.315606689453125,0.118818906321749,-0.2223439435303211,0.1245382338166236
2026-09-17T08:27:12.653565,1789633632653565700,6.325565673828125,0.0224365074094384,-0.3285346197515726,0.4833732992857694
2026-09-17T08:27:12.663524,1789633632663524600,6.335524658203125,-0.2638188403435051,0.2128197438597679,0.1325280635267496
2026-09-17T08:27:12.673483,1789633632673483500,6.3454833984375,-0.3019786943245679,0.0545937599748373,-0.4485901551961898
2026-09-17T08:27:12.683442,1789633632683442700,6.355442626953125,0.0759792239613831,0.1813672054976224,-0.8981237287223338
2026-09-17T08:27:12.693401,1789633632693401600,6.365401611328125,0.0028245559014379,0.2535001292943954,-0.6783166101932525
2026-09-17T08:27:12.703360,1789633632703360500,6.375360595703125,-0.1335688778165727,0.0157166245698928,-0.1116255607515573
2026-09-17T08:27:12.713319,1789633632713319700,6.385319580078125,-0.1161817627511918,-0.1270177756726741,0.1651203830411657
2026-09-17T08:27:12.723278,1789633632723278800,6.39527880859375,0.3052471215359866,0.1144587383508682,0.1078448366364464
2026-09-17T08:27:12.733238,1789633632733238800,6.40523876953125,0.361099649400264,0.4373638277828693,-0.2936941742504946
2026-09-17T08:27:12.743197,1789633632743197700,6.41519775390625,-0.0235600315466523,0.2436024201363325,-0.4362637575864792
2026-09-17T08:27:12.753156,1789633632753156600,6.425156494140625,0.0908897928453981,-0.0559907672911882,-0.1244768590182065
2026-09-17T08:27:12.763115,1789633632763115500,6.435115478515625,-0.0478731464829295,-0.1429617792576551,0.3320873437970876
2026-09-17T08:27:12.773074,1789633632773074700,6.44507470703125,-0.094346801431477,-0.178175131458044,0.4616968895286321
2026-09-17T08:27:12.783033,1789633632783033600,6.45503369140625,-0.1768528698783368,0.0472930815726518,0.0935650399366393
2026-09-17T08:27:12.792992,1789633632792992500,6.464992431640625,-0.0319528160344809,-0.0133779524892568,-0.2293611105496995
2026-09-17T08:27:12.802951,1789633632802951700,6.47495166015625,0.0813733380898833,0.0398053561657667,-0.3003612309242598
2026-09-17T08:27:12.812911,1789633632812911900,6.484911865234375,-0.0066633303467184,0.0254617735147476,-0.15998013407588
2026-09-17T08:27:12.822870,1789633632822870800,6.494870849609375,-0.0882296337254345,-0.1289028587669134,0.030403321570158
2026-09-17T08:27:12.832829,1789633632832829700,6.50482958984375,-0.1308220633264631,-0.1827986996054649,0.1208878946155309
2026-09-17T08:27:12.842788,1789633632842788600,6.51478857421875,0.1081828729517757,0.0886702170997858,-0.094341248473525
2026-09-17T08:27:12.852747,1789633632852747800,6.524747802734375,0.2284765280012041,0.1750508619576692,-0.3048123833805322
2026-09-17T08:27:12.862706,1789633632862706700,6.534706787109375,-0.0221942230861634,0.0650549482345581,-0.1784778955305926
2026-09-17T08:27:12.872665,1789633632872665600,6.54466552734375,0.0371667512904852,-0.0698567955583333,0.0585895698790438
2026-09-17T08:27:12.882624,1789633632882624500,6.55462451171875,-0.0183522337704896,-0.1819920593976974,0.3078010438024997
2026-09-17T08:27:12.892584,1789633632892584400,6.56458447265625,-0.1508160729546099,-0.0974205097883939,0.2397159523581154
2026-09-17T08:27:12.902544,1789633632902544000,6.5745439453125,-0.1408006557010114,0.0650824207633733,-0.1862584664042107
2026-09-17T08:27:12.912502,1789633632912502800,6.584502685546875,0.0533352112811058,-0.0731283645749092,-0.3294096490204334
2026-09-17T08:27:12.922461,1789633632922461700,6.594461669921875,0.0203393159344792,-0.0349316126495599,-0.0872679490864276
2026-09-17T08:27:12.932420,1789633632932420600,6.604420654296875,-0.0640253859911113,-0.2261713928639888,0.2676601720720529
2026-09-17T08:27:12.942379,1789633632942379800,6.6143798828125,-0.1949894150715321,-0.2951636805474757,0.305176540517807
2026-09-17T08:27:12.952338,1789633632952338700,6.624338623046875,-0.0856110487248748,-0.1987351044058799,0.2430740123480558
2026-09-17T08:27:12.962297,1789633632962297600,6.634297607421875,0.4106557805340737,0.191802674794197,0.0239133932952769
2026-09-17T08:27:12.972257,1789633632972257500,6.644257568359375,0.2532704852569848,0.331707989090681,-0.1957429368525743
2026-09-17T08:27:12.982216,1789633632982216700,6.654216796875,0.0124369453120976,0.3011895167082548,-0.4075923743754625
2026-09-17T08:27:12.992175,1789633632992175600,6.664175537109375,0.0448190196093171,0.06758768158257,-0.2489046181976795
2026-09-17T08:27:13.002134,1789633633002134500,6.674134521484375,-0.0641102877955883,0.0244487970799207,-0.0058335284590721
2026-09-17T08:27:13.012093,1789633633012093700,6.68409375,-0.1298359748985618,0.1737824494570493,-0.1277028535936959
2026-09-17T08:27:13.022052,1789633633022052900,6.694052978515625,-0.0507592963784933,0.0106681090086698,-0.223740950846672
2026-09-17T08:27:13.032011,1789633633032011800,6.70401171875,0.0081760729972273,-0.1496463715881109,0.0450134644691832
2026-09-17T08:27:13.041970,1789633633041970700,6.713970703125,0.0520206215512007,-0.1098918688267469,0.2532177869553678
2026-09-17T08:27:13.051929,1789633633051929600,6.7239296875,0.0174435214277356,-0.1016343280911445,0.1808604250192642
2026-09-17T08:27:13.061889,1789633633061889500,6.7338896484375,-0.0214750419661402,-0.2078337721407413,0.2418015081942081
2026-09-17T08:27:13.071848,1789633633071848700,6.7438486328125,0.1999653037879616,0.0150566993564367,0.1391611813982948
2026-09-17T08:27:13.081807,1789633633081807600,6.7538076171875,0.2631730897858739,0.1486105987995863,-0.1741734946012496
2026-09-17T08:27:13.091766,1789633633091766500,6.7637666015625,0.0550901651896536,0.2117185046195983,-0.3021235826879739
2026-09-17T08:27:13.101725,1789633633101725700,6.7737255859375,0.0804267779547721,0.227713361608982,-0.1866313731035217
2026-09-17T08:27:13.111684,1789633633111684600,6.7836845703125,0.1721650773882865,0.183212541103363,-0.08260633221725
2026-09-17T08:27:13.121643,1789633633121643800,6.793643798828125,0.0375378496252,0.4498053762048483,-0.2989069952616467
2026-09-17T08:27:13.131602,1789633633131602700,6.803602783203125,0.2353847730197012,0.5511147101253271,-0.345147316378355
2026-09-17T08:27:13.141562,1789633633141562600,6.813562744140625,0.5663245542168617,0.6414186659067869,-0.1283399641871452
2026-09-17T08:27:13.151521,1789633633151521800,6.823521728515625,0.5070468742094933,0.3796773624897003,0.1106148858716711
2026-09-17T08:27:13.161480,1789633633161480700,6.833480712890625,0.3585527413964271,0.54269817943573,-0.1233288580268621
2026-09-17T08:27:13.171439,1789633633171439600,6.843439697265625,0.3791219205640256,0.8856868564754724,-0.4204249314090236
2026-09-17T08:27:13.181398,1789633633181398500,6.8533984375,0.4711262505225837,1.419516085278988,-0.4878618428766727
2026-09-17T08:27:13.191357,1789633633191357700,6.863357666015625,0.8334710776783525,2.067198487755656,-0.0661573199858888
2026-09-17T08:27:13.201316,1789633633201316600,6.873316650390625,1.0468459712028504,1.932215432292223,-0.2377175268162041
2026-09-17T08:27:13.211275,1789633633211275500,6.883275634765625,0.7407876794144511,1.4750971027255058,-0.4104740672916174
2026-09-17T08:27:13.221235,1789633633221235700,6.893235595703125,1.4152844390586017,1.9522458284080024,-0.2733633521497249
2026-09-17T08:27:13.231194,1789633633231194600,6.903194580078125,1.3380218972884117,1.9010282668679952,-0.4497843334168195
2026-09-17T08:27:13.241153,1789633633241153800,6.91315380859375,0.8960609509736299,2.1427964573144913,-0.4736492661941796
2026-09-17T08:27:13.251112,1789633633251112700,6.92311279296875,1.0121436372645198,1.8407149602025743,-0.6582126373846083
2026-09-17T08:27:13.261071,1789633633261071600,6.933071533203125,1.1835538046322762,1.9074211827754972,-0.5823685110449791
2026-09-17T08:27:13.271030,1789633633271030800,6.94303076171875,1.4017320067852734,1.6847931616067886,-0.4486105403970927
2026-09-17T08:27:13.280990,1789633633280990000,6.952989990234375,1.1686214623078703,1.695359563806653,-0.2532517074912786
2026-09-17T08:27:13.290948,1789633633290948900,6.962948974609375,1.3476391820698976,1.5198136118084191,-0.0713607703804969
2026-09-17T08:27:13.300909,1789633633300909000,6.972908935546875,1.2498425324454905,1.285621409574151,-0.1216208850651979
2026-09-17T08:27:13.310868,1789633633310868000,6.982867919921875,1.372816001163423,1.919137924054265,0.1269055474698543
2026-09-17T08:27:13.320827,1789633633320827000,6.992826904296875,1.3576891591802238,1.6892209149211643,0.2189092929065227
2026-09-17T08:27:13.330786,1789633633330786000,7.0027861328125,1.2141025260224938,2.3938012626618144,0.5138333194792271
2026-09-17T08:27:13.340745,1789633633340745000,7.012744873046875,0.969668623498082,2.3631255538910625,0.3466196539532393
2026-09-17T08:27:13.350703,1789633633350703900,7.022703857421875,0.8230696567818522,1.8622633596658704,0.3088607819885015
2026-09-17T08:27:13.360663,1789633633360663000,7.0326630859375,1.4063459303215144,3.144156104105711,0.2887217378664761
2026-09-17T08:27:13.370622,1789633633370622000,7.0426220703125,1.9012986082419752,3.3717344411581753,0.4334950235255062
2026-09-17T08:27:13.380580,1789633633380580900,7.052580810546875,1.7074100670844314,2.708535320597887,0.8020441852141171
2026-09-17T08:27:13.390540,1789633633390540800,7.062540771484375,1.257801090234518,3.070544339928031,0.9452923071324824
2026-09-17T08:27:13.400499,1789633633400499700,7.072499755859375,1.4909458292424678,4.131636278626322,0.939463454848528
2026-09-17T08:27:13.410459,1789633633410459100,7.082459228515625,1.4699983182817695,4.8714504368335,0.9936223305374384
2026-09-17T08:27:13.420418,1789633633420418000,7.09241796875,1.8478490498661997,4.95069640750587,1.5042144761383534
2026-09-17T08:27:13.430377,1789633633430377000,7.102376953125,1.2293383813381191,4.507763255158067,1.7846645716786385
2026-09-17T08:27:13.440336,1789633633440336000,7.1123359375,1.488513633659482,4.1246933276206255,1.9922510910600424
2026-09-17T08:27:13.450295,1789633633450295000,7.122294921875,3.7264357678234576,3.248862679249048,2.201351960527152
2026-09-17T08:27:13.460254,1789633633460254000,7.13225390625,6.006542846766114,3.3724370364695786,2.3985418813176453
2026-09-17T08:27:13.470214,1789633633470214000,7.1422138671875,7.279735567399859,3.9671646783500902,2.31218227924779
2026-09-17T08:27:13.480172,1789633633480172800,7.1521728515625,8.623086696887016,4.35628090031445,1.8770963332690296
2026-09-17T08:27:13.490132,1789633633490132000,7.162132080078125,8.837985585108399,4.177608925250173,2.4342310343362388
2026-09-17T08:27:13.500091,1789633633500091000,7.1720908203125,8.482091249266267,2.8613948090136048,2.052979554397613
2026-09-17T08:27:13.510049,1789633633510049800,7.1820498046875,9.82986954754591,1.6251918026030063,2.122753055586666
2026-09-17T08:27:13.520009,1789633633520009000,7.192009033203125,9.96940895113945,1.0974246503174303,2.098763400451094
2026-09-17T08:27:13.529968,1789633633529968000,7.201968017578125,9.824300222980977,0.8274813357442617,2.020291629021614
2026-09-17T08:27:13.539927,1789633633539927000,7.211927001953125,9.913131183600424,0.9208750742346048,2.059081378404051
2026-09-17T08:27:13.549887,1789633633549887000,7.221886962890625,9.584575521060824,0.9888047011226416,2.0288189266093073
2026-09-17T08:27:13.559846,1789633633559846000,7.231845947265625,9.477798569384216,0.6859381911128759,2.049616069313884
2026-09-17T08:27:13.569804,1789633633569804800,7.2418046875,9.263730286768078,0.3478080600202083,2.122833865737915
2026-09-17T08:27:13.579764,1789633633579764000,7.251763916015625,8.904884115383028,-0.0798012664675712,2.1483840481884777
2026-09-17T08:27:13.589723,1789633633589723000,7.261722900390625,8.561939862006902,-0.2055383546799421,2.0307272444486615
2026-09-17T08:27:13.599681,1789633633599681800,7.271681884765625,8.055175750261546,-0.0221656545788049,1.944724346861988
2026-09-17T08:27:13.609641,1789633633609641000,7.281640869140625,7.37156629435718,0.5096627557963133,1.8808683991536497
2026-09-17T08:27:13.619600,1789633633619600000,7.291599853515625,6.592867401960492,1.3355360718220473,1.9145394903481008
2026-09-17T08:27:13.629560,1789633633629560000,7.30156005859375,5.898643613061308,1.756494123727083,1.977709940010309
2026-09-17T08:27:13.639519,1789633633639519000,7.31151904296875,5.456499565264583,1.829285219171643,2.0084499461889265
2026-09-17T08:27:13.649478,1789633633649478000,7.321477783203125,5.113298122256994,1.662246398755908,2.014555277326703
2026-09-17T08:27:13.659437,1789633633659437000,7.33143701171875,4.537920493012667,1.707252830696106,1.9803326897293327
2026-09-17T08:27:13.669396,1789633633669396000,7.34139599609375,3.8730800349861383,1.971971688619256,1.8963721116252243
2026-09-17T08:27:13.679355,1789633633679355000,7.35135498046875,3.246270616929233,2.364506779116392,1.796918488574028
2026-09-17T08:27:13.689313,1789633633689313800,7.361313720703125,2.599310975769162,2.9020617504447697,1.6377239519178866
2026-09-17T08:27:13.699273,1789633633699273000,7.37127294921875,1.9073475330173968,3.3840392114579676,1.4196109239555894
2026-09-17T08:27:13.709233,1789633633709233000,7.38123291015625,1.2324813555389642,3.712490244579315,1.1676426804035902
2026-09-17T08:27:13.719192,1789633633719192000,7.391192138671875,0.5480094375863671,3.805003108581901,0.8615478559970855
2026-09-17T08:27:13.729151,1789633633729151000,7.40115087890625,-0.0849643483191728,3.755046945279836,0.6007767127864062
2026-09-17T08:27:13.739110,1789633633739110000,7.41110986328125,-0.8831088226810098,3.6751147459089752,0.2087871273428201
2026-09-17T08:27:13.749069,1789633633749069000,7.421069091796875,-1.7601273656629024,3.562687221124768,-0.3170768216699361
2026-09-17T08:27:13.759028,1789633633759028000,7.431028076171875,-2.7495342704623935,3.8215696279793976,-0.861699831688404
2026-09-17T08:27:13.768987,1789633633768987000,7.44098681640625,-3.933354763206839,3.951653220963478,-1.4118857365310191
2026-09-17T08:27:13.778946,1789633633778946000,7.450946044921875,-4.969852358874678,3.907003347375989,-1.7268325604349373
2026-09-17T08:27:13.788906,1789633633788906000,7.460906005859375,-5.705238763767481,4.079154980760813,-1.7686527635544538
2026-09-17T08:27:13.798865,1789633633798865000,7.470864990234375,-6.685464437115192,4.330871149247884,-1.7077017435073851
2026-09-17T08:27:13.808823,1789633633808823800,7.48082373046875,-8.338968141967058,4.416872439399361,-1.7700637993961572
2026-09-17T08:27:13.818782,1789633633818782700,7.49078271484375,-10.186612609171869,4.024138026937842,-1.7252064205378292
2026-09-17T08:27:13.828742,1789633633828742100,7.5007421875,-11.659653363889456,3.079319182536006,-1.531982773029804
2026-09-17T08:27:13.838701,1789633633838701000,7.510701171875,-12.353759079366922,2.095579363587498,-1.6697177575498818
2026-09-17T08:27:13.848660,1789633633848660000,7.520659912109375,-12.635317428410051,1.527361542969942,-2.0359569617956876
2026-09-17T08:27:13.858619,1789633633858619000,7.530618896484375,-12.903164062964915,1.0815940439790486,-2.567766082948446
2026-09-17T08:27:13.868578,1789633633868578800,7.540578857421875,-13.470792100995778,0.4972679691255092,-3.081521076494455
2026-09-17T08:27:13.878538,1789633633878538000,7.5505380859375,-13.971536806321144,-0.4660971703141927,-3.4477065047264097
2026-09-17T08:27:13.888497,1789633633888497000,7.560496826171875,-14.275181899487972,-1.6474299378961323,-3.555921380251646
2026-09-17T08:27:13.898455,1789633633898455800,7.570455810546875,-14.262965391993522,-2.598918177059293,-3.655785776060819
2026-09-17T08:27:13.908414,1789633633908414700,7.580414794921875,-14.623552269566058,-2.7396295470416545,-3.871085061776638
2026-09-17T08:27:13.918374,1789633633918374000,7.590373779296875,-15.319143839687108,-2.7239842341423035,-4.202591975337267
2026-09-17T08:27:13.928332,1789633633928332800,7.600332763671875,-15.590008945280312,-2.856142879834771,-4.416740921974182
2026-09-17T08:27:13.938292,1789633633938292000,7.6102919921875,-15.376852516812086,-2.755550169751048,-4.4745618273019785
2026-09-17T08:27:13.948252,1789633633948252000,7.620251953125,-14.227882388174534,-2.6695424498587843,-3.872955531823635
2026-09-17T08:27:13.958211,1789633633958211000,7.630211181640625,-7.409566646927595,4.024591031402349,0.7551788275342434
2026-09-17T08:27:13.968170,1789633633968170000,7.640169921875,7.168968669304252,1.0077724364429712,0.5541232077589259
2026-09-17T08:27:13.978129,1789633633978129000,7.65012890625,7.590193847712874,-2.414296938201785,2.999746464127302
2026-09-17T08:27:13.988087,1789633633988087800,7.660087890625,3.894109379011392,1.9778116468191145,-0.1912964788377285
2026-09-17T08:27:13.998047,1789633633998047000,7.670046875,2.1018425156354903,-0.0076332713574171,-1.870026979404688
2026-09-17T08:27:14.008006,1789633634008006000,7.680005859375,-0.003860821880307,3.6647675394177432,-2.7513398585796356
2026-09-17T08:27:14.017964,1789633634017964800,7.68996484375,-5.532136697790026,4.171448064532876,-1.6650433359980583
2026-09-17T08:27:14.027925,1789633634027925000,7.699925048828125,-10.590820017284154,4.779597498044371,-0.4378945736587047
2026-09-17T08:27:14.037884,1789633634037884000,7.7098837890625,-10.100694905650617,7.106909395754337,-2.2010791349351404
2026-09-17T08:27:14.047843,1789633634047843000,7.719843017578125,-3.138085844281316,4.329361913728714,-2.0290677868038416
2026-09-17T08:27:14.057802,1789633634057802000,7.729802001953125,1.671390074676275,0.7821598465055227,-3.5462668321996924
2026-09-17T08:27:14.067761,1789633634067761000,7.739760986328125,0.6468332383014261,0.7075818676441907,-4.009600383019447
2026-09-17T08:27:14.077719,1789633634077719800,7.7497197265625,-1.161401886317879,0.9322393488138914,-1.7059084303498266
2026-09-17T08:27:14.087679,1789633634087679000,7.759678955078125,-0.1098893115434795,-0.0929950945615768,0.8946738805294037
2026-09-17T08:27:14.097638,1789633634097638000,7.769637939453125,0.3904848069038242,-0.3433253616482019,1.3713935671448707
2026-09-17T08:27:14.107597,1789633634107597800,7.779597900390625,0.2970117195669561,-0.6232908885419368,0.8621861539006233
2026-09-17T08:27:14.117556,1789633634117556700,7.789556640625,0.3469767237626016,-0.8566577458679675,0.7453297067582607
2026-09-17T08:27:14.127516,1789633634127516000,7.799515869140625,-0.0270988731972873,-0.8300760284125804,1.1887971121132372
2026-09-17T08:27:14.137475,1789633634137475000,7.80947509765625,-0.1423637402992695,-0.2627683083772659,0.8484218324422835
2026-09-17T08:27:14.147434,1789633634147434000,7.81943408203125,0.0034659956101328,0.2212994029134511,-0.1682066768850199
2026-09-17T08:27:14.157393,1789633634157393000,7.829392822265625,0.0035576194163411,0.5162152461796998,-0.9465607196331024
2026-09-17T08:27:14.167352,1789633634167352000,7.83935205078125,-0.0097212566126137,0.508842671585083,-0.9906196415901184
2026-09-17T08:27:14.177311,1789633634177311000,7.84931103515625,0.083558719304949,0.2832183912098407,-0.5148188233852387
2026-09-17T08:27:14.187271,1789633634187271000,7.85927099609375,0.1240565147142857,-0.0414858565986156,-0.0045090018570423
2026-09-17T08:27:14.197229,1789633634197229800,7.869229736328125,0.0299082315295934,-0.156557758411765,0.2016355020225048
2026-09-17T08:27:14.207188,1789633634207188700,7.879188720703125,-0.0661917702447622,-0.0724175859570503,0.1837912177741527
2026-09-17T08:27:14.217148,1789633634217148000,7.88914794921875,0.0100105218827724,-0.1325637193620205,0.1633844078277237
2026-09-17T08:27:14.227106,1789633634227106800,7.89910693359375,0.1021282490879297,-0.2131657808184623,0.2482183712328784
2026-09-17T08:27:14.237066,1789633634237066000,7.90906591796875,0.1654606843788176,-0.3026245179474353,0.3672854984283447
2026-09-17T08:27:14.247025,1789633634247025000,7.91902490234375,0.2050731483209878,-0.3199035695284605,0.3637234220325946
2026-09-17T08:27:14.256984,1789633634256984800,7.92898486328125,0.0341670580178499,-0.0278062908142805,0.0810533306215889
2026-09-17T08:27:14.266943,1789633634266943500,7.938943603515625,-0.2682567497257143,0.2871229974329471,-0.2927355766177177
2026-09-17T08:27:14.276902,1789633634276902400,7.94890234375,-0.2236448700610548,0.3352168739944696,-0.455432568436861
2026-09-17T08:27:14.286861,1789633634286861300,7.958861328125,0.0448804674729704,0.1625841790944337,-0.3186708128631115
2026-09-17T08:27:14.296820,1789633634296820500,7.968820556640625,0.2324001311857253,-0.0707896924942731,-0.0149906483829021
2026-09-17T08:27:14.306779,1789633634306779600,7.978779541015625,0.1026881479930132,-0.1168558626204729,0.1370329737305641
2026-09-17T08:27:14.316738,1789633634316738600,7.988738525390625,-0.0716421446051448,-0.0254933376967906,0.0785235016167163
2026-09-17T08:27:14.326697,1789633634326697500,7.998697509765625,-0.0794582251835614,0.0312263283908367,-0.0134182799330679
2026-09-17T08:27:14.336656,1789633634336656600,8.00865673828125,-0.0309008227635174,0.087651395446062,-0.0799438898086547
2026-09-17T08:27:14.346616,1789633634346616600,8.018616455078124,0.0052174423873424,0.085146719148755,-0.107929628843069
2026-09-17T08:27:14.356575,1789633634356575500,8.028575439453125,-0.0528777498371899,-0.0021387655943632,-0.0722492436528205
2026-09-17T08:27:14.366534,1789633634366534400,8.038534423828125,-0.0417073173295706,0.0320265388578176,-0.0966822586417198
2026-09-17T08:27:14.376493,1789633634376493600,8.04849365234375,-0.0502433096803724,0.0400824195414781,-0.1190887362390756
2026-09-17T08:27:14.386452,1789633634386452500,8.058452392578126,-0.2060546336390078,0.1864373483687639,-0.2329097612082958
2026-09-17T08:27:14.396411,1789633634396411400,8.068411376953126,-0.0842902484498918,0.0321609788924455,-0.1999620158523321
2026-09-17T08:27:14.406370,1789633634406370300,8.078370361328124,0.1160363629311323,-0.0067956514894962,-0.0797726248949766
2026-09-17T08:27:14.416330,1789633634416330500,8.08833056640625,0.0581901039663702,-0.0492541525125503,0.0824047269642353
2026-09-17T08:27:14.426289,1789633634426289700,8.09828955078125,-0.0396634634770452,-0.109365799126029,0.101609193649888
2026-09-17T08:27:14.436248,1789633634436248600,8.10824853515625,-0.1056940518107265,0.0774970811784267,-0.1013227779239416
2026-09-17T08:27:14.446207,1789633634446207500,8.11820751953125,-0.1404682819414884,0.2257353395342826,-0.3552157059282064
2026-09-17T08:27:14.456166,1789633634456166400,8.12816650390625,-0.0915177885506302,0.1286865856677293,-0.3387672599524259
2026-09-17T08:27:14.466125,1789633634466125600,8.13812548828125,-0.0460107136119157,0.0039858547657728,-0.1045306340545415
2026-09-17T08:27:14.476084,1789633634476084500,8.14808447265625,0.0908721841234713,-0.0128980600178241,0.0553822800040245
2026-09-17T08:27:14.486043,1789633634486043400,8.15804345703125,0.0869951965596526,-0.0081184245258569,-0.0052454948714701
2026-09-17T08:27:14.496003,1789633634496003300,8.16800341796875,-0.0596554272785782,0.1274094053387642,-0.1794903057098388
2026-09-17T08:27:14.505962,1789633634505962500,8.17796240234375,-0.0465660824723541,0.206043966114521,-0.2997404869437217
2026-09-17T08:27:14.515921,1789633634515921700,8.187921630859375,0.1045977810066193,0.1372200207352638,-0.1812684212982654
2026-09-17T08:27:14.525880,1789633634525880600,8.197880615234375,0.1005632647935301,0.0494213257730007,0.0117097178829368
2026-09-17T08:27:14.535839,1789633634535839500,8.207839599609375,0.0775988610524684,-0.0394768548637628,0.060994859188795
2026-09-17T08:27:14.545798,1789633634545798700,8.217798583984376,-0.0714665688425302,-0.0208662624180316,-0.0182125330388546
2026-09-17T08:27:14.555757,1789633634555757600,8.227757568359374,-0.100155341579765,0.0535930584996938,-0.162827924722433
2026-09-17T08:27:14.565716,1789633634565716500,8.237716552734375,-0.0379581939291209,0.0681242726773023,-0.1761222905814647
2026-09-17T08:27:14.575676,1789633634575676400,8.247676513671875,0.0467065138563513,-0.0202338097333908,0.0070171898522647
2026-09-17T08:27:14.585635,1789633634585635300,8.25763525390625,0.1501488412175327,0.0360083019703626,0.1213280395984649
2026-09-17T08:27:14.595594,1789633634595594500,8.267594482421876,0.1687994003474712,0.0577723900109529,0.0708668585168663
2026-09-17T08:27:14.605553,1789633634605553400,8.277553466796874,0.1020802452277392,0.1012935518294572,-0.0784422439408954
2026-09-17T08:27:14.615512,1789633634615512600,8.2875126953125,0.1141202271115034,0.1574053151518106,-0.2000602155297994
2026-09-17T08:27:14.625471,1789633634625471500,8.297471435546875,0.0601174187671393,0.2595475927650928,-0.2739291693389415
2026-09-17T08:27:14.635430,1789633634635430700,8.3074306640625,0.0152661773886531,0.2437666707873344,-0.2734551038200967
2026-09-17T08:27:14.645389,1789633634645389600,8.3173896484375,0.09968918537274,0.0847726251393556,-0.0718371557205915
2026-09-17T08:27:14.655349,1789633634655349500,8.327349609375,0.2155376245163381,0.0309755685001611,0.2192114907234907
2026-09-17T08:27:14.665308,1789633634665308400,8.337308349609375,0.1943980981148779,0.0475894341707229,0.1866863364274613
2026-09-17T08:27:14.675267,1789633634675267600,8.347267578125,-0.0497099334560334,-0.0812362677067518,0.0650929421573877
2026-09-17T08:27:14.685226,1789633634685226500,8.3572265625,-0.0912754311621189,-0.0252957692980766,0.0764163002043962
2026-09-17T08:27:14.695185,1789633634695185400,8.367185302734375,0.0497827064312994,0.0050976153999567,0.2060568255960941
2026-09-17T08:27:14.705144,1789633634705144300,8.377144287109376,0.1725675207093358,0.2060837136030197,0.1200906432906165
2026-09-17T08:27:14.715103,1789633634715103500,8.387103515625,0.3125415163278579,0.3662193305015563,0.0872311607399955
2026-09-17T08:27:14.725062,1789633634725062700,8.397062744140625,0.4533744668632745,0.9245259979575872,-0.1143657628377899
2026-09-17T08:27:14.735022,1789633634735022600,8.407022705078125,0.6880069602109491,1.2669763303369284,-0.1620118956318125
2026-09-17T08:27:14.744981,1789633634744981500,8.4169814453125,0.7423520061217248,1.1235054325133562,0.3350613181065768
2026-09-17T08:27:14.754940,1789633634754940400,8.4269404296875,0.904002996019274,1.6391227127999066,0.3987099797397851
2026-09-17T08:27:14.764899,1789633634764899600,8.436899658203124,0.96588194456622,1.7610627468168734,0.1156330428272485
2026-09-17T08:27:14.774858,1789633634774858500,8.4468583984375,1.404159526193142,2.470899115389585,0.0914765066921711
2026-09-17T08:27:14.784817,1789633634784817400,8.4568173828125,1.3479141996189952,2.0748720911234617,-0.1138636950671672
2026-09-17T08:27:14.794776,1789633634794776300,8.4667763671875,1.3170293781422078,2.8972072961509228,-0.1156774664908647
2026-09-17T08:27:14.804735,1789633634804735500,8.476735595703126,1.6569225733846424,2.784523166257143,-0.4938473470270633
2026-09-17T08:27:14.814695,1789633634814695700,8.48669580078125,1.513111191560328,2.573232531660795,-0.5433866731565445
2026-09-17T08:27:14.824654,1789633634824654600,8.496654541015625,1.661740787321329,3.216739694279432,-0.3804471047531813
2026-09-17T08:27:14.834613,1789633634834613500,8.506613525390625,1.8178309282213447,2.256625081068277,-0.7080231086056679
2026-09-17T08:27:14.844572,1789633634844572700,8.51657275390625,1.7790639751926065,2.9759669446110726,-0.2006102506279945
2026-09-17T08:27:14.854531,1789633634854531600,8.526531494140626,2.209875897113979,3.967790701293945,1.272462068271637
2026-09-17T08:27:14.864490,1789633634864490500,8.536490478515624,2.3743401908665893,2.59196645822525,1.9025404249966145
2026-09-17T08:27:14.874449,1789633634874449400,8.546449462890624,1.7067688465714457,1.0947317579716442,2.1881693844795227
2026-09-17T08:27:14.884408,1789633634884408600,8.55640869140625,0.6348772814393043,0.9553320551097392,2.581803960651159
2026-09-17T08:27:14.894368,1789633634894368500,8.566368408203125,-0.2174982570648193,1.2291238618046043,2.664033915570378
2026-09-17T08:27:14.904327,1789633634904327400,8.576327392578126,0.9566498597100376,0.6682178255051374,2.501687052363157
2026-09-17T08:27:14.914286,1789633634914286600,8.58628662109375,2.006086139667034,0.5740817442148923,2.5600614999204874
2026-09-17T08:27:14.924245,1789633634924245500,8.59624560546875,2.4981577091932294,0.4692904133975505,2.4701737237244843
2026-09-17T08:27:14.934204,1789633634934204700,8.60620458984375,1.8692945734769104,-0.1559720674782991,2.3850556461483237
2026-09-17T08:27:14.944163,1789633634944163600,8.61616357421875,1.1321101792514323,-0.300698518320918,2.0825521242320537
2026-09-17T08:27:14.954122,1789633634954122500,8.62612255859375,0.5825532199621201,-0.5807827031582593,1.90482415201962
2026-09-17T08:27:14.964081,1789633634964081400,8.636081298828126,-0.0111930096656084,-0.0715454792976379,1.5043553459137675
2026-09-17T08:27:14.974041,1789633634974041300,8.646041259765624,0.9050485595494508,0.4950041158467531,0.983962594853714
2026-09-17T08:27:14.984000,1789633634984000500,8.65600048828125,0.992714568042755,0.4914578215420246,0.9022803369451312
2026-09-17T08:27:14.993959,1789633634993959400,8.66595947265625,0.933079306769371,0.3250076146692037,0.7689427106011658
2026-09-17T08:27:15.003918,1789633635003918300,8.67591845703125,1.083137766289711,-0.3400988008171319,0.38484395147264
2026-09-17T08:27:15.013877,1789633635013877500,8.68587744140625,1.098136013457179,-0.4295844259530305,-0.3585731996625662
2026-09-17T08:27:15.023836,1789633635023836700,8.695836669921874,1.0593144076317549,0.0542851324170827,-0.502592963540554
2026-09-17T08:27:15.033795,1789633635033795600,8.705795654296875,1.270559449520707,0.3586772445589303,-0.2690408127754926
2026-09-17T08:27:15.043755,1789633635043755500,8.715755615234375,1.4195476494610308,0.1607043566972017,-0.0763730455845594
2026-09-17T08:27:15.053714,1789633635053714400,8.72571435546875,1.2998153546214104,-0.0254611889928579,-0.1022416463345289
2026-09-17T08:27:15.063673,1789633635063673600,8.735673583984376,1.3063216677755116,-0.1080605617463588,-0.1127379059076309
2026-09-17T08:27:15.073632,1789633635073632500,8.745632568359374,1.501174962311983,0.1603302626878023,0.0413403106480836
2026-09-17T08:27:15.083591,1789633635083591400,8.75559130859375,1.604262996342778,0.4337047207534313,0.3774884741432964
2026-09-17T08:27:15.093550,1789633635093550300,8.76555029296875,1.7889602230459452,0.3547264611065387,0.8012346954621374
2026-09-17T08:27:15.103509,1789633635103509500,8.775509521484375,2.057414760366082,0.3749275376141071,1.045753499791026
2026-09-17T08:27:15.113468,1789633635113468400,8.785468505859376,2.3209622364223,0.7017237892657519,1.1268998972572386
2026-09-17T08:27:15.123428,1789633635123428600,8.7954287109375,2.531655489647388,1.0848790569990874,1.1678732742890714
2026-09-17T08:27:15.133387,1789633635133387500,8.805387451171875,2.604654090362787,1.4218360526591538,1.0251312752619386
2026-09-17T08:27:15.143346,1789633635143346400,8.815346435546875,2.7088410255461928,1.9953870509982108,0.8687143866255879
2026-09-17T08:27:15.153305,1789633635153305600,8.8253056640625,2.5705530833184715,2.083116772377491,0.5780260979264974
2026-09-17T08:27:15.163264,1789633635163264500,8.835264404296876,2.1145126121163367,1.947016111060977,0.6530126575887203
2026-09-17T08:27:15.173223,1789633635173223400,8.845223388671876,2.0175246485263107,1.5547159983634948,0.8539800510913134
2026-09-17T08:27:15.183182,1789633635183182600,8.8551826171875,2.3242665386646983,1.2275199337393046,0.9446090010434388
2026-09-17T08:27:15.193142,1789633635193142500,8.865142578125,2.86864112688005,1.2446475941509008,0.9355757997602224
2026-09-17T08:27:15.203101,1789633635203101400,8.875101318359375,3.4119308424681423,1.493313727417588,0.6397796665281057
2026-09-17T08:27:15.213060,1789633635213060600,8.885060546875,3.811702898481488,2.1245061828643084,0.3183420193001627
2026-09-17T08:27:15.223019,1789633635223019500,8.89501953125,4.123871489843726,2.2102736642599106,0.3851750831231474
2026-09-17T08:27:15.232978,1789633635232978700,8.904978759765624,4.523996012556553,2.099291662108898,0.3960521587073802
2026-09-17T08:27:15.242937,1789633635242937600,8.9149375,4.778762800785899,2.13487092501223,0.416317824883759
2026-09-17T08:27:15.252896,1789633635252896500,8.924896484375,4.951862528675794,1.8832921191692351,0.5288111083805561
2026-09-17T08:27:15.262855,1789633635262855400,8.93485546875,5.079693958818912,1.8287644101679323,0.370283803461492
2026-09-17T08:27:15.272815,1789633635272815000,8.944815185546876,5.088641235384345,1.9830770200014112,0.0740250211536884
2026-09-17T08:27:15.282774,1789633635282774000,8.95477392578125,5.019503986272215,1.9461925197184085,-0.1273617668047547
2026-09-17T08:27:15.292733,1789633635292733000,8.96473291015625,4.956480836126208,1.8902625427037476,-0.3827908183351159
2026-09-17T08:27:15.302691,1789633635302691800,8.97469189453125,4.954093064206838,1.9290788878321647,-0.6028448973625898
2026-09-17T08:27:15.312651,1789633635312651000,8.984651123046875,5.03849977864325,1.8741589646428825,-0.7622358333736657
2026-09-17T08:27:15.322610,1789633635322610000,8.99460986328125,5.150230553334951,1.9213222823560236,-0.9273185512855648
2026-09-17T08:27:15.332568,1789633635332568800,9.00456884765625,5.1663791395813226,2.049323223847151,-1.1401191520534455
2026-09-17T08:27:15.342527,1789633635342527700,9.01452783203125,5.046290870910883,2.041950064730644,-1.3296271400392057
2026-09-17T08:27:15.352488,1789633635352488000,9.024488037109377,4.903593880069256,1.8590169250905513,-1.4842805261343717
2026-09-17T08:27:15.362447,1789633635362447000,9.034447021484375,4.770467850649356,1.6148147854954005,-1.5744728382349014
2026-09-17T08:27:15.372406,1789633635372406000,9.044406005859376,4.601942591068148,1.4771370841205118,-1.704221061784774
2026-09-17T08:27:15.382365,1789633635382365000,9.054364990234374,4.3655590162694455,1.4209978482693433,-1.9578174910604953
2026-09-17T08:27:15.392324,1789633635392324000,9.064323974609374,4.084092437162995,1.5013795449733731,-2.2861948744237424
2026-09-17T08:27:15.402283,1789633635402283000,9.074282958984377,3.793104288734495,1.6729612695157527,-2.5994571062415837
2026-09-17T08:27:15.412242,1789633635412242000,9.084241943359377,3.5413656161546707,1.7285773582756518,-2.882122539743781
2026-09-17T08:27:15.422201,1789633635422201900,9.094201904296876,3.324365664000809,1.6559394075661895,-3.1723066783130167
2026-09-17T08:27:15.432160,1789633635432160800,9.104160888671874,3.147132489567995,1.7028052036374806,-3.53571562756896
2026-09-17T08:27:15.442120,1789633635442120000,9.114119873046874,2.908672693017125,1.7862030332922934,-3.8935377166032783
2026-09-17T08:27:15.452078,1789633635452078800,9.124078857421877,2.6632129545763132,1.788846825799346,-4.1632998293906445
2026-09-17T08:27:15.462038,1789633635462038000,9.1340380859375,2.4074831665337086,1.7869073821693655,-4.4513153917491435
2026-09-17T08:27:15.471997,1789633635471997000,9.143996826171875,2.0803075601756573,1.7161106754124165,-4.690129993087053
2026-09-17T08:27:15.481956,1789633635481956000,9.1539560546875,1.750145923744142,1.6739514495968817,-4.821055297592282
2026-09-17T08:27:15.491915,1789633635491915000,9.1639150390625,1.3748700110837817,1.70176183206439,-4.897388011166453
2026-09-17T08:27:15.501875,1789633635501875000,9.173875,1.0243500617563723,1.7571031955361365,-5.022453483727574
2026-09-17T08:27:15.511833,1789633635511833900,9.183833740234377,0.7014891037270427,1.918646925666928,-5.130085590928792
2026-09-17T08:27:15.521792,1789633635521792800,9.193792724609375,0.1019005778118967,1.9941180539757013,-5.087790756034851
2026-09-17T08:27:15.531752,1789633635531752000,9.203751953125,-0.5205756333462893,2.004590348151326,-5.047049580323696
2026-09-17T08:27:15.541710,1789633635541710800,9.2137109375,-0.986088135640323,2.009399794259667,-4.916661451435089
2026-09-17T08:27:15.551669,1789633635551669800,9.223669677734376,-1.4566330791436135,2.0224089134365317,-4.688219775551557
2026-09-17T08:27:15.561629,1789633635561629000,9.23362890625,-1.9378148597344755,1.9992314514666791,-4.424492851275206
2026-09-17T08:27:15.571588,1789633635571588000,9.243588134765623,-2.5130948738232255,1.981871151342988,-4.082449346131086
2026-09-17T08:27:15.581548,1789633635581548000,9.253548095703126,-3.1428727862969037,1.7812404424488544,-3.5618133608996865
2026-09-17T08:27:15.591507,1789633635591507000,9.2635068359375,-3.73392933844924,1.232278526443243,-2.881328174495697
2026-09-17T08:27:15.601465,1789633635601465900,9.2734658203125,-4.289273356707394,0.8274030098110436,-2.2163328181684014
2026-09-17T08:27:15.611425,1789633635611425000,9.283425048828123,-4.840348611605167,0.4419131616503,-1.5355857659578322
2026-09-17T08:27:15.621384,1789633635621384000,9.293384033203123,-5.382734071829915,0.337918534168601,-1.0447441035527736
2026-09-17T08:27:15.631342,1789633635631342800,9.3033427734375,-6.099936585256457,0.4094540765941142,-0.7777145575344562
2026-09-17T08:27:15.641301,1789633635641301800,9.3133017578125,-7.051395598325133,0.2432879473596811,-0.6504536207556724
2026-09-17T08:27:15.651261,1789633635651261700,9.32326171875,-8.05651079825759,-0.0976361983656883,-0.7856172934830188
2026-09-17T08:27:15.661221,1789633635661221000,9.33322119140625,-8.90672828194499,-0.8207564114034175,-1.0702923132419586
2026-09-17T08:27:15.671180,1789633635671180000,9.343179931640623,-9.540296818873284,-1.8918986194729803,-1.2731494660139082
2026-09-17T08:27:15.681139,1789633635681139000,9.353138916015626,-10.217192456352713,-2.7546517596066,-1.4924153172731398
2026-09-17T08:27:15.691097,1789633635691097900,9.363097900390626,-11.056636032569408,-3.260480636328458,-1.4728385101437569
2026-09-17T08:27:15.701057,1789633635701057000,9.37305712890625,-12.124523622757197,-3.705004857259989,-1.4583143102288243
2026-09-17T08:27:15.711016,1789633635711016000,9.383015869140625,-13.102062833499907,-4.079627274447679,-1.7760113096237182
2026-09-17T08:27:15.720974,1789633635720974800,9.392974853515623,-13.683356993311644,-4.374743024200201,-2.168929261958599
2026-09-17T08:27:15.730934,1789633635730934800,9.402934814453126,-13.878641080480811,-4.206701164221763,-2.3511703276813027
2026-09-17T08:27:15.740894,1789633635740894000,9.41289404296875,-8.67613731907308,-0.0952531026214361,1.8970564406275747
2026-09-17T08:27:15.750852,1789633635750852900,9.422852783203124,6.326289179906249,7.924546213832497,5.015377846252918
2026-09-17T08:27:15.760811,1789633635760811800,9.432811767578125,14.111762438613177,-2.1340677919358013,4.165364945226908
2026-09-17T08:27:15.770771,1789633635770771000,9.44277099609375,7.261205054453015,2.5848230162113905,1.5982441744446754
2026-09-17T08:27:15.780730,1789633635780730000,9.452730224609375,1.5786587456174197,-0.0955167219936847,-1.5849252586662768
2026-09-17T08:27:15.790689,1789633635790689000,9.46268896484375,-4.615472226987779,5.428962739041447,-3.7779379915237423
2026-09-17T08:27:15.800649,1789633635800649000,9.47264892578125,-10.54942183896899,6.5514312297225,-1.5151333450376987
2026-09-17T08:27:15.810607,1789633635810607900,9.48260791015625,-10.27931778087616,6.596623539623618,-0.5414098931908607
2026-09-17T08:27:15.820566,1789633635820566800,9.49256689453125,-2.8710473112389443,5.249441453671455,-1.3342600605368613
2026-09-17T08:27:15.830526,1789633635830526000,9.50252587890625,-1.59679923633337,2.630505155456066,-4.426550952848792
2026-09-17T08:27:15.840484,1789633635840484900,9.51248486328125,-1.194158127689734,1.3020733626812695,-4.933338445469737
2026-09-17T08:27:15.850443,1789633635850443800,9.52244384765625,-0.1801741232555359,1.035947560569644,-2.370918984246254
2026-09-17T08:27:15.860403,1789633635860403000,9.53240283203125,-0.442830532223545,0.3315098361700773,0.5365314734995364
2026-09-17T08:27:15.870361,1789633635870361900,9.54236181640625,0.1060273388857021,-0.4047796550422907,1.34793319658041
2026-09-17T08:27:15.880322,1789633635880322000,9.552322021484375,0.4240973728440702,-0.7578799762517213,1.020991398978233
2026-09-17T08:27:15.890281,1789633635890281000,9.562281005859376,0.2615420545179396,-0.9758353294342756,1.013553942453861
2026-09-17T08:27:15.900240,1789633635900240000,9.572239990234374,-0.0024867753144353,-0.8806424325674772,1.1764333051025866
2026-09-17T08:27:15.910199,1789633635910199000,9.582198974609376,0.0284296834096312,-0.5179086060941219,0.8229565517961979
2026-09-17T08:27:15.920158,1789633635920158000,9.592157958984377,0.1552732715591788,-0.2041623901516199,0.0423860203087329
2026-09-17T08:27:15.930116,1789633635930116900,9.602116943359375,0.023263971209526,0.036733109113574,-0.5023328512996434
2026-09-17T08:27:15.940075,1789633635940075800,9.61207568359375,-0.168787198453024,0.3372971873998642,-0.6119295365720987
2026-09-17T08:27:15.950035,1789633635950035000,9.622034912109376,-0.2638574918534606,0.5016951379179955,-0.5780658454149961
2026-09-17T08:27:15.959995,1789633635959995100,9.6319951171875,-0.0978096917690709,0.6084200671464205,-0.677625705319643
2026-09-17T08:27:15.969954,1789633635969954000,9.6419541015625,0.090993362817727,0.3147726363807916,-0.5907417871147393
2026-09-17T08:27:15.979913,1789633635979913000,9.651912841796875,-0.0306984685918316,0.0258031342983245,-0.1247989305794239
2026-09-17T08:27:15.989871,1789633635989871900,9.661871826171875,-0.089866331549175,-0.064702481535077,0.3336392494142055
2026-09-17T08:27:15.999831,1789633635999831000,9.6718310546875,-0.0177574096824973,-0.2431336335808038,0.5055214182078838
2026-09-17T08:27:16.009790,1789633636009790000,9.6817900390625,-0.0666433134045451,-0.1372287885636091,0.3262386177688837
2026-09-17T08:27:16.019748,1789633636019748900,9.691748779296876,-0.1880031363807618,0.1243663843810558,-0.0300093446833547
2026-09-17T08:27:16.029708,1789633636029708800,9.701708740234375,-0.2073934079620987,0.300970905521512,-0.3317372151851654
2026-09-17T08:27:16.039668,1789633636039668000,9.71166796875,-0.090447163644433,0.2852092727661132,-0.3581272094607353
2026-09-17T08:27:16.049627,1789633636049627000,9.721626953125,0.0001685614999383,0.1535287659794092,-0.1649649367511272
2026-09-17T08:27:16.059585,1789633636059585800,9.731585693359374,0.0214773069884628,0.0780570531487464,0.0251391265647951
2026-09-17T08:27:16.069545,1789633636069545000,9.741544921875,0.0279530058085918,0.0429664505451917,0.1028156559633556
2026-09-17T08:27:16.079504,1789633636079504100,9.751504150390623,0.1602575627777725,0.0651648383498191,0.1011859998017549
2026-09-17T08:27:16.089463,1789633636089463000,9.761463134765624,0.2203548155397176,-0.044267596271634,0.163217800822854
2026-09-17T08:27:16.099422,1789633636099422000,9.771421875,0.0659844841696322,-0.0837526344418525,0.2409545359760522
2026-09-17T08:27:16.109382,1789633636109382000,9.7813818359375,0.0647151948861777,-0.1587327643632888,0.3589022854864597
2026-09-17T08:27:16.119340,1789633636119340800,9.7913408203125,0.1339554659813642,-0.1622422337889671,0.3509042724698781
2026-09-17T08:27:16.129300,1789633636129300000,9.801300048828123,-0.0880466053087264,0.0491407552659511,0.0777636231601238
2026-09-17T08:27:16.139259,1789633636139259000,9.8112587890625,-0.3228916454285383,0.3120464262872934,-0.3543851368555799
2026-09-17T08:27:16.149217,1789633636149217800,9.8212177734375,-0.2447171033799648,0.2832090388596058,-0.5218535443276167
2026-09-17T08:27:16.159176,1789633636159176700,9.8311767578125,0.1364674488022923,0.0528717584878206,-0.1951742335865273
2026-09-17T08:27:16.169135,1789633636169135900,9.841135986328124,0.0690775548141449,-0.0286439106822013,0.2120914295852184
2026-09-17T08:27:16.179096,1789633636179096000,9.851095947265623,0.0890614814396947,-0.1138327154070138,0.3747942666232585
2026-09-17T08:27:16.189055,1789633636189055000,9.861054931640624,0.1159904779627919,-0.094594930973649,0.2849076594710349
2026-09-17T08:27:16.199014,1789633636199014000,9.871013916015626,-0.0500144693605601,0.0867407103419303,0.0361422305483371
2026-09-17T08:27:16.208973,1789633636208973000,9.88097314453125,-0.1032146560851484,0.1602799938052892,-0.1637420804252848
2026-09-17T08:27:16.218932,1789633636218932000,9.890931884765624,-0.0466112367883324,0.1104413194030523,-0.1528752339741215
2026-09-17T08:27:16.228891,1789633636228891000,9.900890869140625,0.0096621468365192,0.1296978085368871,-0.0621252879908308
2026-09-17T08:27:16.238849,1789633636238849800,9.910849853515623,0.0453727079693228,0.0777858349919319,0.0827292096782475
2026-09-17T08:27:16.248809,1789633636248809000,9.92080908203125,-0.0849733353432267,0.0565472321301698,0.012081482937932
2026-09-17T08:27:16.258769,1789633636258769200,9.93076904296875,-0.2525686936631798,0.1455856980204582,-0.2205728422045707
2026-09-17T08:27:16.268728,1789633636268728000,9.94072802734375,-0.0477898521136492,0.1720996109366417,-0.3040666065145284
2026-09-17T08:27:16.278687,1789633636278687000,9.95068701171875,0.0097807317148894,0.2002215435713529,-0.2014326363941654
2026-09-17T08:27:16.288646,1789633636288646000,9.96064599609375,-0.0164862207029014,0.1937818659126758,-0.0887140197088941
2026-09-17T08:27:16.298605,1789633636298605000,9.97060498046875,0.0499460072342306,0.1140069029301404,0.0464712437957525
2026-09-17T08:27:16.308564,1789633636308564000,9.98056396484375,0.1428545925561338,0.1494768602401018,0.1450748258888721
2026-09-17T08:27:16.318523,1789633636318523000,9.99052294921875,0.0721963444218039,0.1500654737830161,0.0917214578965678
2026-09-17T08:27:16.328481,1789633636328481800,10.000481689453125,-0.0276956700466573,0.155498604747653,-0.0504430700361728
2026-09-17T08:27:16.338442,1789633636338442000,10.01044189453125,-0.0018071955524384,0.2745639601111412,-0.1704471675544977
2026-09-17T08:27:16.348401,1789633636348401200,10.020401123046875,-0.0766049546442926,0.2129179435372352,-0.1561046078167855
2026-09-17T08:27:16.358360,1789633636358360000,10.030360107421876,0.0943969241835177,0.2887316016733646,0.059902460842207
2026-09-17T08:27:16.368319,1789633636368319000,10.040319091796874,0.1905943219177424,-0.0231909059733152,0.2347270397633314
2026-09-17T08:27:16.378278,1789633636378278100,10.050278076171876,0.0691173753678798,0.2909685669451952,0.1641723981339484
2026-09-17T08:27:16.388237,1789633636388237000,10.060237060546877,0.0726068249188363,0.3051724488645791,-0.1228290918111801
2026-09-17T08:27:16.398196,1789633636398196000,10.070196044921875,0.0384862363912165,0.4329138626366853,-0.3611012568354606
2026-09-17T08:27:16.408156,1789633636408156000,10.080156005859376,0.0370601491108536,0.4229524405926466,-0.3418237249135971
2026-09-17T08:27:16.418114,1789633636418114800,10.09011474609375,0.089464290086925,0.3986018431901931,-0.144642279690504
2026-09-17T08:27:16.428074,1789633636428074200,10.10007421875,0.1916179658770561,0.393178649097681,0.0178344204414635
2026-09-17T08:27:16.438033,1789633636438033200,10.110033203125,0.2344889932237565,0.5003460613965988,0.0389070190865546
2026-09-17T08:27:16.447992,1789633636447992000,10.119991943359375,0.2771298650763928,0.6275368555486202,-0.0732539637159556
2026-09-17T08:27:16.457951,1789633636457951000,10.129950927734376,0.1651785795018076,0.624872020253539,-0.4077063561439514
2026-09-17T08:27:16.467910,1789633636467910100,10.13991015625,0.1318852355785668,0.7575625808656216,-0.5336567217808217
2026-09-17T08:27:16.477869,1789633636477869000,10.149869140625,0.417311804357171,0.8175240053534507,-0.2098402896575629
2026-09-17T08:27:16.487829,1789633636487829000,10.1598291015625,0.6208135386429726,0.9241828836083412,0.2406693623591214
2026-09-17T08:27:16.497788,1789633636497788000,10.169787841796875,0.7313485276788473,1.0153419949144125,0.258672563496232
2026-09-17T08:27:16.507746,1789633636507746800,10.179746826171876,0.6229859142459928,1.3561843075752258,-0.3558487431347369
2026-09-17T08:27:16.517706,1789633636517706000,10.1897060546875,0.6836088713824748,2.0359534546643494,-0.9817647194832564
2026-09-17T08:27:16.527665,1789633636527665000,10.199664794921874,1.1206786846548318,3.027628742787242,-0.9937905997764318
2026-09-17T08:27:16.537624,1789633636537624000,10.2096240234375,1.7124229268103837,2.9773873328030107,-0.4908288029234856
2026-09-17T08:27:16.547583,1789633636547583000,10.2195830078125,1.9090096210107208,3.180323980551958,0.0706062256861478
2026-09-17T08:27:16.557543,1789633636557543000,10.22954296875,2.318422488811612,4.051419417095184,-0.4919141870073973
2026-09-17T08:27:16.567502,1789633636567502000,10.239502197265624,2.9454204151779413,4.69291465536952,-0.7365471923004835
2026-09-17T08:27:16.577461,1789633636577461000,10.2494609375,3.589222469089925,4.782682604578137,-0.4286135350942611
2026-09-17T08:27:16.587420,1789633636587420000,10.259419921875,3.5838486670970915,5.225962378406525,-0.37229945413284
2026-09-17T08:27:16.597379,1789633636597379000,10.269379150390623,4.148161881491542,5.887240760037303,-0.660679758150503
2026-09-17T08:27:16.607338,1789633636607338000,10.279337890625,4.443540081572532,6.043120473057031,-0.5247703085571527
2026-09-17T08:27:16.617297,1789633636617297000,10.289296875,4.6640620703727,6.615024873232841,0.190277072662115
2026-09-17T08:27:16.627255,1789633636627255800,10.299255859375,2.9258319176107643,7.202866262730955,1.4671961203426125
2026-09-17T08:27:16.637216,1789633636637216000,10.309216064453125,1.7188906615197657,8.947026974585652,1.4123638754367829
2026-09-17T08:27:16.647175,1789633636647175200,10.319175048828123,0.7028373034656047,10.816915422302484,0.3373287515819072
2026-09-17T08:27:16.657134,1789633636657134000,10.329134033203124,1.365031630897522,9.00581351007521,0.424869124401547
2026-09-17T08:27:16.667093,1789633636667093000,10.339093017578126,3.631921500870585,9.314925051954388,1.2819728239387274
2026-09-17T08:27:16.677052,1789633636677052000,10.349052001953124,3.941750251108408,8.7081977602005,2.136311771470308
2026-09-17T08:27:16.687011,1789633636687011000,10.359010986328125,5.036850842392444,8.671220320937037,1.7855664889544247
2026-09-17T08:27:16.696970,1789633636696970000,10.368969970703125,6.741766754573583,8.37594791931808,1.825564737343788
2026-09-17T08:27:16.706930,1789633636706930000,10.378929931640624,8.335985911285876,8.1927874006629,1.8486767328619955
2026-09-17T08:27:16.716888,1789633636716888800,10.388888916015626,11.705202816665173,7.163332709243893,1.5674924778282642
2026-09-17T08:27:16.726848,1789633636726848000,10.398847900390624,12.983657403349875,4.799549275965989,1.0747365062344818
2026-09-17T08:27:16.736807,1789633636736807200,10.40880712890625,8.803962903997302,6.459587643283605,1.4392958676345646
2026-09-17T08:27:16.746766,1789633636746766000,10.41876611328125,7.353655374613404,8.820823437905311,1.8070295482218264
2026-09-17T08:27:16.756725,1789633636756725000,10.42872509765625,8.466663378509878,4.171938478398323,1.4909974132992327
2026-09-17T08:27:16.766684,1789633636766684200,10.43868408203125,8.823764167532325,2.0315838612779973,1.6588228540480137
2026-09-17T08:27:16.776643,1789633636776643000,10.44864306640625,8.34653594687283,2.1248948899209497,1.648985935166478
2026-09-17T08:27:16.786603,1789633636786603000,10.45860302734375,8.759612890139222,1.897033059751987,1.615572325864434
2026-09-17T08:27:16.796562,1789633636796562000,10.46856201171875,9.190234842446444,1.5161498286038635,1.4378000761188563
2026-09-17T08:27:16.806520,1789633636806520800,10.478520751953123,9.403970532107351,1.4444094112560153,1.2568925970874727
2026-09-17T08:27:16.816480,1789633636816480000,10.48847998046875,9.447078436949848,1.3924272950842975,1.2253012347765266
2026-09-17T08:27:16.826439,1789633636826439000,10.49843896484375,9.172199419540169,1.040643317170441,1.1645499750852584
2026-09-17T08:27:16.836398,1789633636836398000,10.508398193359374,8.834511771517992,0.6083154377281665,1.027032432708144
2026-09-17T08:27:16.846357,1789633636846357000,10.51835693359375,8.408368425929545,0.1162976442158222,0.9432711765684186
2026-09-17T08:27:16.856317,1789633636856317000,10.52831689453125,7.674267384672165,-0.2312637475669383,0.8522048581123352
2026-09-17T08:27:16.866276,1789633636866276000,10.538276123046876,6.4573775660187005,-0.2451858899354934,0.7240532561041414
2026-09-17T08:27:16.876235,1789633636876235000,10.548235107421876,5.235272058543562,-0.1430821907669305,0.6595639789283275
2026-09-17T08:27:16.886194,1789633636886194000,10.55819384765625,4.157463962844014,-0.1850567076653242,0.4473609056621789
2026-09-17T08:27:16.896153,1789633636896153000,10.568153076171876,3.370858242845535,-0.0571083731442689,0.1027858362138271
2026-09-17T08:27:16.906112,1789633636906112000,10.578112060546877,2.982672579729557,0.3207821059286594,-0.1191771451748907
2026-09-17T08:27:16.916071,1789633636916071000,10.58807080078125,2.3563784177184104,0.6898316914200783,-0.3007772826455533
2026-09-17T08:27:16.926031,1789633636926031000,10.598031005859376,1.479829976466298,0.9660556936979292,-0.3803665137976408
2026-09-17T08:27:16.935990,1789633636935990000,10.607989990234374,0.9771125097632408,1.164703704342246,-0.2270313706941902
2026-09-17T08:27:16.945949,1789633636945949200,10.61794921875,0.7074854215323925,1.2453121955394744,0.0565367107361555
2026-09-17T08:27:16.955908,1789633636955908000,10.627908203125,0.3534586331278085,1.2108306647449731,0.2518872872702777
2026-09-17T08:27:16.965867,1789633636965867000,10.637866943359375,0.0635918899446725,1.099469307887554,0.3305191446322947
2026-09-17T08:27:16.975826,1789633636975826000,10.647825927734376,-0.1383320736303925,1.1686427973568438,0.3711463385749608
2026-09-17T08:27:16.985785,1789633636985785000,10.65778515625,-0.4058212730497121,1.5334166052252054,0.3809728091277182
2026-09-17T08:27:16.995745,1789633636995745000,10.6677451171875,-0.7170473228648304,2.24839559738338,0.4549580097276717
2026-09-17T08:27:17.005704,1789633637005704000,10.677703857421877,-1.1782707496628164,3.045997343170643,0.572379616472125
2026-09-17T08:27:17.015662,1789633637015662800,10.687662841796875,-1.5889099443882704,3.651919163760543,0.6723317636299878
2026-09-17T08:27:17.025622,1789633637025622000,10.6976220703125,-1.9761647563949227,4.035076769581437,0.5880191572178155
2026-09-17T08:27:17.035581,1789633637035581200,10.707581298828124,-2.527993460008502,4.2251703023701905,0.5175292513877153
2026-09-17T08:27:17.045540,1789633637045540000,10.7175400390625,-3.1993478299736973,4.151989330825209,0.5499919166404753
2026-09-17T08:27:17.055499,1789633637055499000,10.7274990234375,-3.642905251699686,3.924509193450212,0.6196732825666665
2026-09-17T08:27:17.065458,1789633637065458200,10.737458251953123,-3.926077757941186,3.7254169461697337,0.6332546486735343
2026-09-17T08:27:17.075418,1789633637075418000,10.747418212890626,-4.061568762926757,3.740409348118305,0.5414677608579397
2026-09-17T08:27:17.085377,1789633637085377000,10.757376953125,-4.201761077471077,4.076006161341071,0.3649170157313346
2026-09-17T08:27:17.095336,1789633637095336000,10.7673359375,-4.481760798895359,4.401764302116632,0.2451104866117238
2026-09-17T08:27:17.105294,1789633637105294800,10.777294921875,-4.8512835548564786,4.526044177258014,0.1922978013673797
2026-09-17T08:27:17.115254,1789633637115254000,10.78725390625,-5.2224429721087215,4.437423059996962,0.1387269181668758
2026-09-17T08:27:17.125213,1789633637125213000,10.797212890625,-5.744754197075963,4.536742096883058,0.0763689539313316
2026-09-17T08:27:17.135171,1789633637135171800,10.807171875,-6.3503691436737775,4.294034579759836,-0.0489653986990451
2026-09-17T08:27:17.145131,1789633637145131000,10.817131103515624,-7.0273027750760315,3.723227327170968,-0.2529746441155672
2026-09-17T08:27:17.155091,1789633637155091000,10.827091064453125,-7.703713843908906,2.9934523324191566,-0.4806184476196765
2026-09-17T08:27:17.165050,1789633637165050000,10.837050048828123,-8.21802062611878,2.220025827467442,-0.7065607079029083
2026-09-17T08:27:17.175009,1789633637175009000,10.847009033203124,-8.731949807187915,1.4658400295585392,-0.8966378740787505
2026-09-17T08:27:17.184968,1789633637184968000,10.856968017578126,-9.331661667221784,1.030614967370033,-1.1322680001616476
2026-09-17T08:27:17.194927,1789633637194927000,10.866927001953124,-10.155483311414718,0.5550006116479634,-1.2792659030675888
2026-09-17T08:27:17.204886,1789633637204886000,10.876885986328125,-10.7156516810894,-0.4307558078199625,-1.5835796892762184
2026-09-17T08:27:17.214845,1789633637214845000,10.886844970703123,-11.036014100301266,-1.0897498779058457,-1.93893509593606
2026-09-17T08:27:17.224805,1789633637224805000,10.89680517578125,-11.674536460244656,-1.3784253654778005,-2.115392902082205
2026-09-17T08:27:17.234764,1789633637234764000,10.906763916015626,-12.736800949853658,-2.044412070930004,-2.3193594774007797
2026-09-17T08:27:17.244723,1789633637244723200,10.91672314453125,-13.65781455577612,-2.9176889431655404,-2.551574826604128
2026-09-17T08:27:17.254682,1789633637254682000,10.92668212890625,-14.199630107158422,-3.533613686853647,-2.7760592892944813
2026-09-17T08:27:17.264641,1789633637264641000,10.93664111328125,-14.321324057459831,-3.4817911451578136,-2.773828753763437
2026-09-17T08:27:17.274601,1789633637274601000,10.94660107421875,-14.142556220805645,-2.9948049160718915,-2.722805838012695
2026-09-17T08:27:17.284560,1789633637284560000,10.956559814453126,-14.247241753160951,-1.985492848971486,-2.587188576298952
2026-09-17T08:27:17.294519,1789633637294519800,10.966519775390625,-14.502599493020773,-1.162741464358568,-2.3406501027107236
2026-09-17T08:27:17.304479,1789633637304479200,10.976479248046877,-14.783065955173967,-0.6088444300383329,-2.410971593171358
2026-09-17T08:27:17.314438,1789633637314438100,10.986438232421875,-14.532712891733643,-0.4193927022844553,-2.469366498994827
2026-09-17T08:27:17.324397,1789633637324397000,10.99639697265625,-12.811609230339526,0.3562994095116853,-1.8152759830415248
2026-09-17T08:27:17.334356,1789633637334356000,11.00635595703125,1.4234700836017726,12.611857057845592,3.8657203198730943
2026-09-17T08:27:17.344315,1789633637344315100,11.016315185546874,24.85827570643425,4.335623312211037,-1.0188461305778471
2026-09-17T08:27:17.354274,1789633637354274000,11.026274169921876,14.00483351124525,-6.558956364530324,-1.9699661940157411
2026-09-17T08:27:17.364234,1789633637364234000,11.03623388671875,4.381243492135405,0.3096557317584752,-4.778646480929852
2026-09-17T08:27:17.374193,1789633637374193000,11.04619287109375,-1.7365879385128615,4.549078431364894,-9.496846384203431
2026-09-17T08:27:17.384151,1789633637384151800,11.05615185546875,-1.741779369676113,5.349019433754682,-6.905379107671975
2026-09-17T08:27:17.394111,1789633637394111000,11.066111083984374,-8.51002438133061,4.620718018686771,-0.1550572907209396
2026-09-17T08:27:17.404070,1789633637404070000,11.07606982421875,-18.599695788663624,8.221113915959,5.324240381807089
2026-09-17T08:27:17.414029,1789633637414029000,11.086029052734377,-15.70445248606205,8.184607016816734,3.0509681173205374
2026-09-17T08:27:17.423988,1789633637423988200,11.09598828125,-0.928909035347402,6.4309069077223535,-1.775396392595768
2026-09-17T08:27:17.433947,1789633637433947100,11.105947021484376,3.3765064778655764,-0.4639987367302179,-8.917645981800556
2026-09-17T08:27:17.443907,1789633637443907000,11.115906982421874,1.166077842239663,0.4952437698215245,-8.130880687326192
2026-09-17T08:27:17.453866,1789633637453866000,11.125865966796876,-1.9319160109542308,1.4560580557346343,-1.4439911858439445
2026-09-17T08:27:17.463825,1789633637463825000,11.135824951171877,0.1281664342511445,0.2229477546423673,3.2357179509937763
2026-09-17T08:27:17.473784,1789633637473784000,11.1457841796875,0.3059183353284374,-1.0545932243287564,2.520085463362932
2026-09-17T08:27:17.483743,1789633637483743000,11.155742919921876,0.3600818871924653,-1.288517715537548,0.4691910446763038
2026-09-17T08:27:17.493702,1789633637493702000,11.165701904296874,0.4417918368255719,-0.8333452593415975,0.8071101633667945
2026-09-17T08:27:17.503660,1789633637503660800,11.175660888671874,0.1928938675643876,-0.281789235189557,1.29754039542675
2026-09-17T08:27:17.513621,1789633637513621000,11.18562109375,0.1652420366594567,-0.0122106622755527,0.1782102027714252
2026-09-17T08:27:17.523580,1789633637523580200,11.195580078125,-0.1831343613006174,0.3984679876774549,-0.9523509934723376
2026-09-17T08:27:17.533539,1789633637533539000,11.2055390625,0.0143998063502833,0.3999743005871772,-0.8145815221607685
2026-09-17T08:27:17.543498,1789633637543498000,11.215498046875,0.0852577417751774,0.0834609580188989,-0.1090986726224422
2026-09-17T08:27:17.553457,1789633637553457000,11.225456787109374,0.0722295891042798,0.0352431628167629,0.0893324621344916
2026-09-17T08:27:17.563416,1789633637563416000,11.235416015625,0.1505935162451118,-0.122142863112688,0.066276598984003
2026-09-17T08:27:17.573375,1789633637573375000,11.245375,0.162619615733996,-0.1623322501599788,0.2485749478518962
2026-09-17T08:27:17.583335,1789633637583335000,11.2553349609375,0.0787421858686953,-0.0980178911596536,0.322209508383274
2026-09-17T08:27:17.593293,1789633637593293800,11.2652939453125,0.040276115482673,-0.0737479577779769,0.3056464778508059
2026-09-17T08:27:17.603253,1789633637603253000,11.2752529296875,0.067561670358479,-0.0319487974464893,0.2711725458408706
2026-09-17T08:27:17.613212,1789633637613212200,11.285212158203125,-0.0440324723415076,0.1502624576598406,0.0809375678879674
2026-09-17T08:27:17.623171,1789633637623171000,11.295171142578123,-0.1560455711059272,0.1273708268940448,-0.1100829892183654
2026-09-17T08:27:17.633130,1789633637633130000,11.3051298828125,-0.1093806313689798,0.1711947710514068,-0.1924620154857635
2026-09-17T08:27:17.643089,1789633637643089200,11.315089111328126,-0.1515121654599905,0.4161754938036203,-0.2882300818920135
2026-09-17T08:27:17.653048,1789633637653048000,11.325048095703124,-0.0075596946645528,0.4695405887663364,-0.2520727268397807
2026-09-17T08:27:17.663008,1789633637663008000,11.335008056640625,0.0627268706131726,0.2607616447299719,-0.0981716295497957
2026-09-17T08:27:17.672967,1789633637672967000,11.344966796875,-0.2062621389098465,-0.0415454778313636,0.1593207933843135
2026-09-17T08:27:17.682925,1789633637682925800,11.35492578125,-0.0821295632846653,-0.2459060209035873,0.4139022881746292
2026-09-17T08:27:17.692885,1789633637692885000,11.364885009765626,0.2000671567272395,0.086691025981307,0.3647404901206493
2026-09-17T08:27:17.702844,1789633637702844000,11.374843994140624,0.1420210643414408,0.3071691756397485,0.0805313343077898
2026-09-17T08:27:17.712803,1789633637712803000,11.384802978515625,-0.095084979512915,0.393521763446927,-0.2094821238696575
2026-09-17T08:27:17.722762,1789633637722762000,11.394761962890623,-0.0881917128678411,0.3679185356348752,-0.2841138787448406
2026-09-17T08:27:17.732722,1789633637732722000,11.404721923828124,0.1154986027926206,0.2439525487482547,-0.0238537446630652
2026-09-17T08:27:17.742681,1789633637742681000,11.41468115234375,0.0697914752371609,0.1743307309895753,0.2169458838790655
2026-09-17T08:27:17.752640,1789633637752640000,11.424639892578124,0.1140555643774569,0.292147547596693,0.0924345654688309
2026-09-17T08:27:17.762599,1789633637762599000,11.434598876953125,-0.0385556483656168,0.2821218281447887,-0.1662006160259246
2026-09-17T08:27:17.772558,1789633637772558000,11.44455810546875,-0.0935002676047384,0.3113993605554103,-0.2066355022668838
2026-09-17T08:27:17.782517,1789633637782517000,11.45451708984375,0.0097496789894998,0.2824398080527782,-0.1343985153074376
2026-09-17T08:27:17.792476,1789633637792476000,11.464475830078126,-0.0288968625299632,0.1520662922114133,-0.0197831250901333
2026-09-17T08:27:17.802436,1789633637802436000,11.47443603515625,0.0409422512412071,0.0117547352015972,0.224558148981072
2026-09-17T08:27:17.812395,1789633637812395000,11.48439501953125,0.0973790087342262,-0.0012462006688117,0.3395692239850759
2026-09-17T08:27:17.822354,1789633637822354200,11.494354248046877,-0.0026969839990139,-0.1281429803103208,0.2626911697541363
2026-09-17T08:27:17.832313,1789633637832313000,11.50431298828125,-0.1094632681511342,-0.1347054075658321,0.2210772845953702
2026-09-17T08:27:17.842272,1789633637842272000,11.51427197265625,-0.0243541045337915,-0.1618681397795677,0.3441132971554994
2026-09-17T08:27:17.852231,1789633637852231000,11.52423095703125,0.1511024156153202,-0.1810521481990814,0.6599766513824462
2026-09-17T08:27:17.862190,1789633637862190000,11.534190185546874,0.2874374702095985,0.0184141930907964,0.6306739845305681
2026-09-17T08:27:17.872150,1789633637872150000,11.54414990234375,0.0079284549117088,0.4899596919387579,-0.1382540034255013
2026-09-17T08:27:17.882109,1789633637882109000,11.55410888671875,-0.1139003738157451,0.6124649586230516,-0.6619236937969922
2026-09-17T08:27:17.892067,1789633637892067800,11.56406787109375,-0.0021449030742049,0.5669727889925241,-0.5537936104783788
2026-09-17T08:27:17.902027,1789633637902027000,11.574027099609374,0.289679257787019,0.6733347301274538,0.008224844042398
2026-09-17T08:27:17.911986,1789633637911986200,11.583986083984374,0.531166731595993,0.7265256375670432,0.3320580446373671
2026-09-17T08:27:17.921945,1789633637921945000,11.593945068359377,0.3437301430568099,0.864010446718335,-0.0491881015390157
2026-09-17T08:27:17.931904,1789633637931904000,11.603904052734377,0.2966707241095602,0.9495832823246716,-0.4397574083885178
2026-09-17T08:27:17.941863,1789633637941863200,11.61386328125,0.4517842750623821,1.096504028341174,-0.4959176139624789
2026-09-17T08:27:17.951823,1789633637951823000,11.623822998046874,0.5168959219202399,1.1973492518812416,-0.5374532645195722
2026-09-17T08:27:17.961782,1789633637961782000,11.633781982421874,0.5333177721500396,1.3020622567653657,-0.746047572704032
2026-09-17T08:27:17.971741,1789633637971741000,11.643740966796877,0.5578446029022336,1.3340046244710684,-0.9593862989366054
2026-09-17T08:27:17.981699,1789633637981699800,11.653699951171877,0.6801002787396311,1.4244868594288824,-0.9847405204236508
2026-09-17T08:27:17.991659,1789633637991659000,11.663658935546875,0.8861357692867516,1.801196604284644,-0.9649071081846952
2026-09-17T08:27:18.001618,1789633638001618000,11.673617919921876,1.1153244641453026,2.469429627358913,-1.12847796022892
2026-09-17T08:27:18.011576,1789633638011576800,11.683576904296874,1.636477751249075,3.704146779125929,-1.5165601629704235
2026-09-17T08:27:18.021537,1789633638021537000,11.693537109375,2.3547347421646116,4.456473212903738,-1.340105863955617
2026-09-17T08:27:18.031496,1789633638031496000,11.703495849609377,3.182105311010778,4.317231915473938,-0.1581283687293529
2026-09-17T08:27:18.041455,1789633638041455000,11.713455078125,3.3990447651490565,5.013336111292243,0.4412310611376538
2026-09-17T08:27:18.051414,1789633638051414000,11.7234140625,4.278195497854053,6.115706985840201,0.3979073946526273
2026-09-17T08:27:18.061373,1789633638061373000,11.733373046875,5.090091434192657,6.443920118552446,0.4087175790131092
2026-09-17T08:27:18.071332,1789633638071332000,11.74333203125,5.616048322185874,7.314294255083799,0.8201537693351507
2026-09-17T08:27:18.081291,1789633638081291000,11.753291015625,4.714526767718792,7.650413046354055,1.1620488059192895
2026-09-17T08:27:18.091250,1789633638091250000,11.76325,2.459536594375968,10.002829574704167,0.9985972694057972
2026-09-17T08:27:18.101210,1789633638101210000,11.773210205078126,1.369917649373412,13.09500882333517,0.2021329666832461
2026-09-17T08:27:18.111169,1789633638111169000,11.7831689453125,0.2891659014374017,13.767332915115356,0.6084492567082866
2026-09-17T08:27:18.121128,1789633638121128200,11.793128173828125,1.9199632689625024,12.63360361022949,0.5128863940179348
2026-09-17T08:27:18.131087,1789633638131087000,11.803087158203123,5.031893512246012,12.216966928654909,-0.3732546359658241
2026-09-17T08:27:18.141046,1789633638141046000,11.8130458984375,6.620692981997132,11.45380462808609,-0.1585860493689775
2026-09-17T08:27:18.151005,1789633638151005000,11.8230048828125,8.165280969578028,11.805745257866382,0.4745797519773244
2026-09-17T08:27:18.160964,1789633638160964000,11.832964111328126,8.948009555882216,11.377219401055571,1.1105506738722324
2026-09-17T08:27:18.170924,1789633638170924000,11.842924072265625,14.066779972070456,9.658221187508106,1.1888142093785106
2026-09-17T08:27:18.180883,1789633638180883000,11.852883056640623,14.650192439210414,4.881930914315581,0.3703168289482593
2026-09-17T08:27:18.190841,1789633638190841900,11.862841796875,7.487873875445127,10.211548312985895,1.986222332289815
2026-09-17T08:27:18.200800,1789633638200800800,11.87280078125,8.52697493160963,7.1961004218578335,2.5165187107920644
2026-09-17T08:27:18.210760,1789633638210760200,11.88276025390625,11.219677892303466,0.7348731946736574,1.9451140768319368
2026-09-17T08:27:18.220719,1789633638220719000,11.892718994140624,11.838133615773916,2.4072204239442945,2.1519757890701294
2026-09-17T08:27:18.230678,1789633638230678000,11.902677978515625,11.951484100621938,2.7317332408338784,1.966624336241931
2026-09-17T08:27:18.240638,1789633638240638000,11.912637939453123,12.8098708622396,2.3688199661403893,1.6185802755087613
2026-09-17T08:27:18.250597,1789633638250597000,11.92259716796875,12.707821523606777,2.0543489430546757,1.69517836202085
2026-09-17T08:27:18.260556,1789633638260556000,11.93255615234375,11.822135251653194,1.9336554019674657,1.817768968901038
2026-09-17T08:27:18.270515,1789633638270515000,11.942514892578124,11.125513753962515,1.4543921683490275,2.049499164935946
2026-09-17T08:27:18.280473,1789633638280473900,11.952473876953125,10.41010806082487,0.8829173917621373,2.4424060113549233
2026-09-17T08:27:18.290433,1789633638290433000,11.96243310546875,9.301955095744132,0.6930240577206015,2.8310335730195044
2026-09-17T08:27:18.300392,1789633638300392000,11.972391845703124,8.395042495888472,0.4627765014588832,2.8651798805102704
2026-09-17T08:27:18.310352,1789633638310352100,11.98235205078125,7.8134046372056,0.612613427183032,2.795827235081792
2026-09-17T08:27:18.320311,1789633638320311000,11.99231103515625,7.192452420744299,1.1540215668082237,2.6174364150464533
2026-09-17T08:27:18.330270,1789633638330270000,12.00227001953125,6.696319008606672,1.165607959705591,2.503388011062145
2026-09-17T08:27:18.340229,1789633638340229000,12.01222900390625,6.383025797128677,1.0123650249302387,2.436048166760802
2026-09-17T08:27:18.350188,1789633638350188000,12.02218798828125,5.998560031318664,0.943178091457486,2.300673627761751
2026-09-17T08:27:18.360147,1789633638360147000,12.03214697265625,5.4107583893090485,1.0893301911890505,1.8703630794912576
2026-09-17T08:27:18.370105,1789633638370105900,12.04210595703125,4.72700572554171,1.748804738268256,1.493100523058325
2026-09-17T08:27:18.380065,1789633638380065800,12.052065673828125,3.7948499633580446,2.4272160410076378,1.2267017492242156
2026-09-17T08:27:18.390025,1789633638390025000,12.06202490234375,2.659783856910467,2.9596406637102364,1.059723719085008
2026-09-17T08:27:18.399984,1789633638399984000,12.071984130859375,1.5449141507953406,3.29807649975121,0.9890341259643436
2026-09-17T08:27:18.409943,1789633638409943000,12.081943115234376,0.5991206161424517,3.314574630087614,0.8510971891313791
2026-09-17T08:27:18.419902,1789633638419902200,12.091902099609374,-0.1129971413657069,3.4942578280210492,0.5602946994680911
2026-09-17T08:27:18.429861,1789633638429861000,12.101861083984376,-0.6966910557955504,3.969700334307551,0.1820877748571336
2026-09-17T08:27:18.439820,1789633638439820000,12.111820068359377,-1.3900605659529566,4.696802894979715,-0.0201570912353694
2026-09-17T08:27:18.449780,1789633638449780000,12.121780029296875,-2.44419318703264,5.382964373454452,-0.0538197068624198
2026-09-17T08:27:18.459739,1789633638459739000,12.13173876953125,-3.133602853648364,5.901827503794431,-0.136489879829809
2026-09-17T08:27:18.469698,1789633638469698000,12.141697998046874,-3.781601190206408,7.035700016543268,-0.2156861661415547
2026-09-17T08:27:18.479657,1789633638479657000,12.151656982421876,-4.991505972278118,7.578594595333933,0.1636013202477246
2026-09-17T08:27:18.489616,1789633638489616000,12.161615966796877,-6.025277942374348,7.7479340939074755,0.6775690066963433
2026-09-17T08:27:18.499574,1789633638499574800,12.17157470703125,-6.874872910249233,8.12199069390595,0.9360749814540148
2026-09-17T08:27:18.509534,1789633638509534200,12.1815341796875,-7.747927079644799,8.542586926761269,0.9111743489533662
2026-09-17T08:27:18.519493,1789633638519493000,12.1914931640625,-8.539516433274745,9.10469883171916,0.4667185170829296
2026-09-17T08:27:18.529453,1789633638529453000,12.201453125,-9.03969999758601,9.554677226403356,0.001605681630969
2026-09-17T08:27:18.539412,1789633638539412000,12.211411865234377,-9.413810373598336,9.134955438295004,-0.5116764337062836
2026-09-17T08:27:18.549371,1789633638549371000,12.221370849609375,-10.35906293324232,7.931274645304679,-1.2723171068429946
2026-09-17T08:27:18.559330,1789633638559330000,12.231330078125,-11.850988421171904,6.458823673173785,-2.0183143375992776
2026-09-17T08:27:18.569289,1789633638569289000,12.2412890625,-13.487694135957955,4.660227606776356,-2.222563821512461
2026-09-17T08:27:18.579247,1789633638579247900,12.251247802734374,-15.232952579921482,2.9539713859021663,-2.2679764961659905
2026-09-17T08:27:18.589207,1789633638589207000,12.26120703125,-17.047756269276142,1.6182237171560525,-3.1551193966686726
2026-09-17T08:27:18.599167,1789633638599167200,12.271167236328123,-19.92059484784603,0.3261310657411813,-4.695049329310655
2026-09-17T08:27:18.609126,1789633638609126100,12.281126220703126,-24.12250527065992,-2.598018597871065,-5.997386311364173
2026-09-17T08:27:18.619085,1789633638619085000,12.2910849609375,-27.691542153072355,-5.502015700292587,-7.426495569896698
2026-09-17T08:27:18.629044,1789633638629044000,12.3010439453125,-28.31159362130165,-7.6927587346524,-7.518300577890873
2026-09-17T08:27:18.639003,1789633638639003100,12.311003173828125,-25.860305215311048,-9.752449038735032,-6.218300514352321
2026-09-17T08:27:18.648962,1789633638648962000,12.320962158203123,-22.742661855077746,-10.547757120627164,-5.140487742477655
2026-09-17T08:27:18.658921,1789633638658921000,12.3309208984375,-21.136589763486384,-7.017319725722074,-4.1270930822387335
2026-09-17T08:27:18.668881,1789633638668881000,12.340880859375,-19.856316144680974,-2.02864108582437,-3.3061902481019496
2026-09-17T08:27:18.678839,1789633638678839800,12.35083984375,-18.261844474512337,2.0115403134196996,-2.635446703511476
2026-09-17T08:27:18.688799,1789633638688799000,12.360799072265625,-4.751609713183343,14.078776699334382,4.589830712991953
2026-09-17T08:27:18.698758,1789633638698758100,12.370758056640623,24.11389409418106,20.5960823720932,1.932739163905382
2026-09-17T08:27:18.708717,1789633638708717000,12.380717041015624,21.184270383071897,-9.497091883397102,-2.3404326605677603
2026-09-17T08:27:18.718676,1789633638718676000,12.390676025390626,5.956645135653019,-2.541039988586306,0.1615454836964607
2026-09-17T08:27:18.728635,1789633638728635100,12.40063525390625,-4.9359109263062475,5.484094259154796,-5.875603513735532
2026-09-17T08:27:18.738595,1789633638738595000,12.410594970703125,-12.236402281486988,11.60139874331951,-5.379277793896198
2026-09-17T08:27:18.748554,1789633638748554000,12.420553955078123,-14.115395826679467,7.3039774437308305,0.4005132663020864
2026-09-17T08:27:18.758513,1789633638758513000,12.430512939453124,-13.764066606795788,8.530235979232192,1.7560148157775402
2026-09-17T08:27:18.768472,1789633638768472000,12.44047216796875,-6.061643971741199,7.302286421903967,0.6992366486251353
2026-09-17T08:27:18.778431,1789633638778431000,12.450430908203124,1.1139028338443486,1.2145189978688955,-3.475906763294339
2026-09-17T08:27:18.788390,1789633638788390000,12.460389892578124,2.6317279752492904,-2.264973222696781,-4.8757174466282125
2026-09-17T08:27:18.798348,1789633638798348800,12.470348876953125,-0.637644188869372,-0.0905745894163846,-2.7193197494626045
2026-09-17T08:27:18.808309,1789633638808309000,12.48030908203125,-2.132145883962512,1.5111410605311393,1.37081664403975
2026-09-17T08:27:18.818268,1789633638818268200,12.49026806640625,-0.3591651376737281,0.5772387469410896,2.0652806714355942
2026-09-17T08:27:18.828227,1789633638828227000,12.50022705078125,0.1005901162678375,-0.0634486820816993,-0.3416945455759763
2026-09-17T08:27:18.838186,1789633638838186000,12.51018603515625,-0.5782663364231586,0.0947007294356823,-1.2794418441563844
2026-09-17T08:27:18.848145,1789633638848145000,12.520144775390625,-0.3421970882706344,0.565971502995491,-0.5171534038126469
2026-09-17T08:27:18.858104,1789633638858104000,12.53010400390625,0.2043791016422212,0.2693044321477413,0.0462549889628775
2026-09-17T08:27:18.868063,1789633638868063000,12.54006298828125,-0.1474624882103875,0.3884674026668071,-0.2653764815816655
2026-09-17T08:27:18.878022,1789633638878022000,12.55002197265625,-0.1745301260191947,0.6220014332532883,-0.6825391963243485
2026-09-17T08:27:18.887981,1789633638887981800,12.55998193359375,-0.0382337229348719,0.4799485855340957,-0.7999708130061626
2026-09-17T08:27:18.897941,1789633638897941000,12.56994091796875,0.0148060125309973,0.212187291175127,-0.5213128615796566
2026-09-17T08:27:18.907900,1789633638907900200,12.579900146484375,0.1137715963369235,0.0135328507900238,-0.0364607401792891
2026-09-17T08:27:18.917859,1789633638917859000,12.589859130859375,-0.0439985700719058,-0.1096861171215772,0.3130751848131418
2026-09-17T08:27:18.927818,1789633638927818000,12.59981787109375,-0.0836645177669823,-0.1968424225270748,0.4526975905150174
2026-09-17T08:27:18.937777,1789633638937777200,12.609777099609374,0.1215161095164716,-0.2157815162748098,0.4583183530062437
2026-09-17T08:27:18.947736,1789633638947736000,12.619736083984376,0.2145958866868168,-0.1531990956336259,0.4181207826524972
2026-09-17T08:27:18.957696,1789633638957696000,12.629696044921875,0.2084028042003512,-0.1923638158082962,0.4482552241533994
2026-09-17T08:27:18.967655,1789633638967655000,12.639655029296875,0.2288507681410759,-0.287432794034481,0.5478185911893845
2026-09-17T08:27:18.977613,1789633638977613800,12.64961376953125,-0.1285563834168016,-0.0601098930478095,0.3512789510011673
2026-09-17T08:27:18.987573,1789633638987573000,12.659572998046874,-0.2966939588546752,0.2945855883985758,-0.2108259031614288
2026-09-17T08:27:18.997532,1789633638997532000,12.669531982421876,-0.1676241460230201,0.4577285704195499,-0.6324100145429372
2026-09-17T08:27:19.007491,1789633639007491000,12.679490966796877,-0.0281701556906104,0.5381850859254599,-0.721548433676362
2026-09-17T08:27:19.017450,1789633639017450000,12.689449951171875,-0.0103275519426912,0.4773959784418344,-0.5172586542854085
2026-09-17T08:27:19.027410,1789633639027410000,12.699409912109376,0.016515519862622,0.2479857497870922,-0.2155909986713901
2026-09-17T08:27:19.037369,1789633639037369000,12.709369140625,0.1154468726053833,0.067783496415615,0.129105139873363
2026-09-17T08:27:19.047328,1789633639047328000,12.719327880859376,0.1852605596743524,-0.0221633164912462,0.3771224173098802
2026-09-17T08:27:19.057287,1789633639057287000,12.729286865234377,-0.0220484579399228,0.0690057316869497,0.2858446845928207
2026-09-17T08:27:19.067246,1789633639067246000,12.73924609375,-0.0136431792967021,0.0603489625006914,0.0803559412082657
2026-09-17T08:27:19.077205,1789633639077205000,12.749205078125,-0.1029153078123927,-0.0679442399352788,0.1103565637290477
2026-09-17T08:27:19.087164,1789633639087164000,12.759163818359376,-0.1487816445175558,-0.0802367352753877,0.1983423056960105
2026-09-17T08:27:19.097122,1789633639097122800,12.769122802734374,-0.0972699223365634,-0.0946744259506464,0.223866038531065
2026-09-17T08:27:19.107083,1789633639107083000,12.7790830078125,-0.0439086998313665,0.0070475804239511,0.1203069163898006
2026-09-17T08:27:19.117042,1789633639117042200,12.789042236328124,0.069018664233759,0.2666998026072978,-0.0203168118417263
2026-09-17T08:27:19.127001,1789633639127001000,12.7990009765625,0.1124461564194411,0.2951677722007036,-0.0477203670740127
2026-09-17T08:27:19.136960,1789633639136960000,12.8089599609375,0.1484944981392472,0.2591395964860916,0.0437614368477836
2026-09-17T08:27:19.146919,1789633639146919000,12.8189189453125,0.1796467383805662,0.3004436667770147,0.0982593717653304
2026-09-17T08:27:19.156878,1789633639156878000,12.828878173828125,0.1834831747382879,0.4442448194682598,0.1545446650236845
2026-09-17T08:27:19.166837,1789633639166837000,12.8388369140625,0.2790707700110972,0.672616352725029,-0.060567537154816
2026-09-17T08:27:19.176797,1789633639176797000,12.848796875,-0.0091471830517053,0.6195715757578611,-0.3252560364723205
2026-09-17T08:27:19.186755,1789633639186755800,12.858755859375,-0.0729725894913077,0.6454846001714467,-0.400260131791234
2026-09-17T08:27:19.196715,1789633639196715000,12.868715087890624,0.118999450520426,0.5045400059551001,-0.3232101733257994
2026-09-17T08:27:19.206674,1789633639206674200,12.878674072265625,0.1678020598731935,0.4620294824838638,-0.0565939938813447
2026-09-17T08:27:19.216633,1789633639216633000,12.888633056640623,0.3793155434399843,0.345635976678133,0.3239888295480981
2026-09-17T08:27:19.226592,1789633639226592000,12.898592041015624,0.3578586216524243,0.4144663517981767,0.2859714893102645
2026-09-17T08:27:19.236551,1789633639236551200,12.90855126953125,0.1172996608652174,0.6087748719334602,-0.270836537085846
2026-09-17T08:27:19.246511,1789633639246511000,12.918510986328124,0.1167645310752093,0.8944751430869102,-0.6712182494301349
2026-09-17T08:27:19.256470,1789633639256470000,12.928469970703125,0.4359207893677055,1.0906149703025818,-0.4610527464061975
2026-09-17T08:27:19.266429,1789633639266429000,12.938428955078123,0.616220219503343,1.1602601689368486,-0.1573935516487807
2026-09-17T08:27:19.276387,1789633639276387300,12.94838720703125,0.6620506811775266,1.1018132406651973,-0.0551964020431041
2026-09-17T08:27:19.286346,1789633639286346200,12.95834619140625,0.6019115620352328,1.0502163244187832,-0.2823340095907449
2026-09-17T08:27:19.296305,1789633639296305200,12.96830517578125,0.5362213846370577,1.3258482060223815,-0.5851813034433871
2026-09-17T08:27:19.306264,1789633639306264000,12.97826416015625,0.7587073669865727,1.454564017784595,-0.6871803731936961
2026-09-17T08:27:19.316224,1789633639316224000,12.98822412109375,0.7901511375203728,1.4186626833200453,-0.6496154163658618
2026-09-17T08:27:19.326183,1789633639326183200,12.99818310546875,0.8590648070096969,1.6155606354266403,-0.6171030667524784
2026-09-17T08:27:19.336142,1789633639336142000,13.00814208984375,1.1950038577988744,2.096467836859822,-0.7672691513657569
2026-09-17T08:27:19.346101,1789633639346101200,13.018101318359374,1.6711398993074893,2.9958249067693945,-0.9424088606506584
2026-09-17T08:27:19.356060,1789633639356060200,13.02806005859375,2.3960914194256064,3.926126565518975,-0.7135048279523849
2026-09-17T08:27:19.366019,1789633639366019300,13.038019287109377,3.1444071562573312,4.024957526627182,0.111809137157537
2026-09-17T08:27:19.375978,1789633639375978200,13.047978271484377,3.5086662926018235,4.800142273423075,-0.1174521480131894
2026-09-17T08:27:19.385938,1789633639385938200,13.057938232421876,3.990247740034759,5.799279567989706,-0.7720791819959878
2026-09-17T08:27:19.395897,1789633639395897000,13.06789697265625,5.1595525084316725,6.155372056752443,-0.5848801285397262
2026-09-17T08:27:19.405856,1789633639405856300,13.077856201171874,5.262165910688043,5.477948011484742,0.4241373029956594
2026-09-17T08:27:19.415815,1789633639415815200,13.087815185546877,5.127981312125921,5.595768335223197,1.1021557704925538
2026-09-17T08:27:19.425774,1789633639425774000,13.097774169921877,4.38263406971097,6.435066950011253,2.011192522895336
2026-09-17T08:27:19.435733,1789633639435733000,13.10773291015625,2.043027923095226,7.231675593107938,2.6955887452632186
2026-09-17T08:27:19.445692,1789633639445692200,13.117692138671876,-0.0321416896700859,10.290670365017652,2.3325860387206077
2026-09-17T08:27:19.455652,1789633639455652400,13.12765234375,-1.7255162171393632,11.868045938956737,1.8196031985908745
2026-09-17T08:27:19.465611,1789633639465611300,13.137611328125,0.068604165148735,10.471567030394077,1.066449666339159
2026-09-17T08:27:19.475570,1789633639475570200,13.147570068359377,3.944627267849445,11.195317358028888,0.5133521848987788
2026-09-17T08:27:19.485529,1789633639485529000,13.157529052734375,5.805314171978831,9.891237331700324,1.1679694281399249
2026-09-17T08:27:19.495488,1789633639495488300,13.16748828125,8.037273013824224,9.85504490533471,2.2368682411968708
2026-09-17T08:27:19.505447,1789633639505447200,13.177447265625,8.509753747695683,10.068963550347087,2.6576287247031924
2026-09-17T08:27:19.515406,1789633639515406000,13.187406005859376,10.788822131240368,9.056969112294912,2.456390697565675
2026-09-17T08:27:19.525366,1789633639525366000,13.197365966796877,13.213823418807984,5.933576394754648,2.0643303849734367
2026-09-17T08:27:19.535325,1789633639535325200,13.2073251953125,11.817649630671738,6.350077467250824,2.352131866189837
2026-09-17T08:27:19.545284,1789633639545284400,13.217284423828126,7.347510880509018,7.904046446639299,2.9681752678215503
2026-09-17T08:27:19.555243,1789633639555243300,13.2272431640625,7.463769946280121,7.067240817710757,3.124787971290946
2026-09-17T08:27:19.565202,1789633639565202200,13.2372021484375,8.088544351378083,3.1131095161959528,3.094198187237978
2026-09-17T08:27:19.575161,1789633639575161300,13.247161376953123,7.947968005952238,2.2202733724877235,3.43910818772912
2026-09-17T08:27:19.585120,1789633639585120300,13.257120361328123,7.796120324927568,2.3675717196449635,3.56609615278542
2026-09-17T08:27:19.595080,1789633639595080200,13.267080078125,8.128893312901258,2.7047870739802717,3.493490350779891
2026-09-17T08:27:19.605039,1789633639605039000,13.2770390625,8.256493856897949,2.9190821510896083,3.499158459544182
2026-09-17T08:27:19.614998,1789633639614998000,13.286998046875,8.2338716907233,3.0952605557724833,3.635150984311104
2026-09-17T08:27:19.624957,1789633639624957200,13.296957275390625,8.052875656625629,3.4393630392730232,3.603674480551481
2026-09-17T08:27:19.634916,1789633639634916000,13.306916015625,7.987343738529086,3.4969586114123463,3.66022346624732
2026-09-17T08:27:19.644875,1789633639644875300,13.316875244140626,8.460912852159142,3.175642544737458,3.597584931504726
2026-09-17T08:27:19.654834,1789633639654834200,13.326834228515626,8.906837003016472,2.677936184194684,3.363403250664472
2026-09-17T08:27:19.664794,1789633639664794000,13.336794189453125,8.620585527721047,2.1640438280045986,3.1100375614047047
2026-09-17T08:27:19.674753,1789633639674753300,13.346753173828125,7.892652945965528,1.6405238117694854,2.9099796839624643
2026-09-17T08:27:19.684712,1789633639684712200,13.356712158203123,7.106687861958146,1.321876964303851,2.6810943559646603
2026-09-17T08:27:19.694671,1789633639694671000,13.366671142578124,6.387223833340406,1.3913397921085358,2.4258751477926968
2026-09-17T08:27:19.704630,1789633639704630000,13.376630126953126,5.541850867074728,1.5091092624425888,2.128862770638615
2026-09-17T08:27:19.714589,1789633639714589200,13.386589111328124,4.526147637632489,1.7089631417453288,1.8434440929055216
2026-09-17T08:27:19.724548,1789633639724548000,13.396548095703125,3.563533608821034,1.801513999670744,1.6373172708131372
2026-09-17T08:27:19.734508,1789633639734508300,13.40650830078125,2.7597154727369544,1.8034522742569443,1.4670226634718475
2026-09-17T08:27:19.744467,1789633639744467200,13.41646728515625,2.199817152175307,1.9795891778856511,1.335576549962908
2026-09-17T08:27:19.754426,1789633639754426400,13.42642626953125,2.070537276789546,2.2230700174689293,1.326263216564059
2026-09-17T08:27:19.764385,1789633639764385300,13.43638525390625,2.0002613790363073,2.5493361077666283,1.0823686816133558
2026-09-17T08:27:19.774344,1789633639774344200,13.44634423828125,1.6072858512952923,3.144540134987235,0.7842585723504424
2026-09-17T08:27:19.784303,1789633639784303000,13.45630322265625,1.2761772894024848,3.864417420580983,0.6186435011275112
2026-09-17T08:27:19.794262,1789633639794262300,13.46626220703125,0.4977580907300114,4.7391591046720745,0.3947818465106189
2026-09-17T08:27:19.804222,1789633639804222200,13.47622216796875,-0.3514642444401979,5.392464023205638,0.433227750891447
2026-09-17T08:27:19.814181,1789633639814181000,13.48618115234375,-1.088139520099759,6.010004969918728,0.5456891779452562
2026-09-17T08:27:19.824140,1789633639824140000,13.49614013671875,-1.8330337580502032,6.53831806564927,0.6395517760563642
2026-09-17T08:27:19.834099,1789633639834099000,13.506098876953123,-2.5786902125447986,7.077970886039734,0.49095579030402
2026-09-17T08:27:19.844058,1789633639844058400,13.516058349609375,-3.577774023358524,7.808968116062879,0.1770587311813607
2026-09-17T08:27:19.854017,1789633639854017300,13.526017333984376,-4.968236740371585,8.267957500198483,-0.1828085999449714
2026-09-17T08:27:19.863976,1789633639863976200,13.53597607421875,-6.3575780521392815,8.01126412782073,-0.5063104862263426
2026-09-17T08:27:19.873936,1789633639873936100,13.54593603515625,-7.269765962049364,7.751265284156799,-0.529816486030817
2026-09-17T08:27:19.883895,1789633639883895000,13.55589501953125,-7.86948600538969,7.807313919115066,-0.2526590022951364
2026-09-17T08:27:19.893854,1789633639893854200,13.565854248046875,-8.77847365795374,8.241886654874682,0.0521113000759156
2026-09-17T08:27:19.903813,1789633639903813000,13.575813232421876,-10.227480041611194,8.643185482063888,0.1238484979867935
2026-09-17T08:27:19.913772,1789633639913772000,13.58577197265625,-11.849454635733366,7.971356480324268,-0.442274980700016
2026-09-17T08:27:19.923731,1789633639923731200,13.595731201171876,-13.186065643310544,6.7882070187091825,-1.4637690685033795
2026-09-17T08:27:19.933690,1789633639933690000,13.605690185546877,-14.39170984532833,5.411829817932844,-2.382466798698902
2026-09-17T08:27:19.943650,1789633639943650300,13.615650390625,-16.504931833112238,3.2447049750477075,-3.8236066867649554
2026-09-17T08:27:19.953609,1789633639953609200,13.625609130859376,-20.215965449142455,1.1783119584560393,-4.624962816649675
2026-09-17T08:27:19.963568,1789633639963568000,13.635568115234374,-24.976173771584033,-1.0529232452899218,-5.3175616346955294
2026-09-17T08:27:19.973527,1789633639973527300,13.64552734375,-28.631172781181338,-3.9865561920404433,-6.289082608062029
2026-09-17T08:27:19.983486,1789633639983486200,13.655486328125,-29.61537904859781,-7.199657822078466,-6.675169837594032
2026-09-17T08:27:19.993445,1789633639993445000,13.665445068359375,-28.35450921844244,-8.834818060988187,-5.730909796118736
2026-09-17T08:27:20.003404,1789633640003404000,13.675404052734375,-26.57760242128372,-7.377035081157088,-4.43420059081912
2026-09-17T08:27:20.013364,1789633640013364000,13.685364013671874,-24.547520489001272,-2.5441455533862114,-0.8633880039710551
2026-09-17T08:27:20.023323,1789633640023323100,13.6953232421875,-9.622966918775438,4.078854536509514,-0.6651847414195537
2026-09-17T08:27:20.033282,1789633640033282300,13.7052822265625,9.882587576776745,-2.0859826832026243,-2.492353406828642
2026-09-17T08:27:20.043241,1789633640043241200,13.7152412109375,10.47072298078537,10.122073209244013,-2.755797422510385
2026-09-17T08:27:20.053200,1789633640053200100,13.7252001953125,-0.6609456425450742,6.817213332962989,-7.157731235975026
2026-09-17T08:27:20.063159,1789633640063159300,13.7351591796875,-9.767067346674205,13.14549280990362,-12.89122111171484
2026-09-17T08:27:20.073118,1789633640073118200,13.7451181640625,-11.435130322754382,12.000457682627438,-10.133767154169082
2026-09-17T08:27:20.083078,1789633640083078100,13.755078125,-10.515580359643698,8.257688619640469,-3.875903860235214
2026-09-17T08:27:20.093037,1789633640093037000,13.765037109375,-7.511836934834719,3.0519132892161607,3.9874154392182826
2026-09-17T08:27:20.102996,1789633640102996200,13.774996337890624,-2.2654636365622283,2.076285465052724,4.175193096280098
2026-09-17T08:27:20.112955,1789633640112955100,13.784955078125,-0.8487452191777527,2.0429829149097203,2.0416203943848608
2026-09-17T08:27:20.122914,1789633640122914000,13.7949140625,-0.5438357320982963,-1.736853603711724,-1.005098248797655
2026-09-17T08:27:20.132873,1789633640132873000,13.804873046875,0.935181247484684,-0.7790665566653012,-2.372766073417663
2026-09-17T08:27:20.142832,1789633640142832400,13.814832275390623,-1.1994028234101832,0.9792033445626496,-0.4051403050482273
2026-09-17T08:27:20.152792,1789633640152792300,13.824792236328124,-1.0502738998249173,0.426536144298315,1.8958967491984369
2026-09-17T08:27:20.162751,1789633640162751200,13.834751220703126,0.4501468100536614,-0.4411643891096115,1.515138021212816
2026-09-17T08:27:20.172710,1789633640172710100,13.844710205078124,-0.023423034228757,0.244526549243927,-0.4148626576393842
2026-09-17T08:27:20.182669,1789633640182669000,13.8546689453125,-0.4964375461833551,1.0877046358138325,-1.7909966973096132
2026-09-17T08:27:20.192628,1789633640192628200,13.864628173828123,-0.3545464283645153,1.1696849998861552,-1.993589061665535
2026-09-17T08:27:20.202587,1789633640202587100,13.874587158203123,-0.2664587969256565,0.8229448613584041,-1.3157231178492308
2026-09-17T08:27:20.212546,1789633640212546000,13.884546142578126,-0.2423206001648679,0.7626280475616455,-0.7492524331599474
2026-09-17T08:27:20.222506,1789633640222506200,13.89450634765625,-0.1698489094004034,0.5489899730563164,-0.4996352827787399
2026-09-17T08:27:20.232465,1789633640232465200,13.904465087890625,0.0503147674813866,0.0211380650967359,-0.1103209078937768
2026-09-17T08:27:20.242424,1789633640242424300,13.91442431640625,-0.1921497346661984,-0.1771539717167616,0.4226128333747386
2026-09-17T08:27:20.252383,1789633640252383200,13.92438330078125,-0.2257693879343569,-0.2956909192919731,0.7261690792143345
2026-09-17T08:27:20.262342,1789633640262342100,13.934342041015626,-0.0472729155674576,-0.3452577910155057,0.7579606402724981
2026-09-17T08:27:20.272301,1789633640272301600,13.944301513671874,-0.0622466858807951,-0.1595890889316797,0.4614321376452222
2026-09-17T08:27:20.282260,1789633640282260700,13.9542607421875,-0.1760412612345069,0.1008089831829071,0.0203109300902113
2026-09-17T08:27:20.292220,1789633640292220700,13.964220703125,-0.1580034271754324,0.1075999584972858,-0.1380049971004948
2026-09-17T08:27:20.302179,1789633640302179600,13.9741796875,-0.1397127873990684,0.2386661327779292,-0.1656879537960514
2026-09-17T08:27:20.312138,1789633640312138500,13.984138427734376,-0.0757478263583034,0.4370166217803954,-0.3261719822734594
2026-09-17T08:27:20.322097,1789633640322097700,13.99409765625,0.0869214006710797,0.4124474131911992,-0.3857330457994714
2026-09-17T08:27:20.332056,1789633640332056600,14.004056640625,0.2062326205544173,0.1276788699299097,-0.0354787251383066
2026-09-17T08:27:20.342015,1789633640342015700,14.014015625,0.1540435105685144,-0.0173135383725166,0.3654378612676635
2026-09-17T08:27:20.351975,1789633640351975700,14.0239755859375,0.0481487485539168,0.0035188217759132,0.3872188639104366
2026-09-17T08:27:20.361934,1789633640361934600,14.0339345703125,-0.1191545680169016,0.1103454578131437,0.0210323396999388
2026-09-17T08:27:20.371893,1789633640371893800,14.043893798828124,-0.1606629287082701,0.1891349168896675,-0.1958703260919079
2026-09-17T08:27:20.381852,1789633640381852700,14.053852783203125,-0.0911623261764645,0.0532142883151769,0.013027275888063
2026-09-17T08:27:20.391811,1789633640391811600,14.0638115234375,-0.0415137675188481,0.1006441480100154,0.1956388919562101
2026-09-17T08:27:20.401770,1789633640401770500,14.0737705078125,0.0432234940461814,0.1412725109964609,0.1734907730340957
2026-09-17T08:27:20.411729,1789633640411729700,14.083729736328126,0.0205307468533515,0.1660539010316133,0.0235082282941788
2026-09-17T08:27:20.421688,1789633640421688600,14.0936884765625,-0.0511753298334777,0.2465162617564201,-0.098610669421032
2026-09-17T08:27:20.431648,1789633640431648800,14.103648681640625,0.0221361362233757,0.2227203756272792,0.0043177901338785
2026-09-17T08:27:20.441607,1789633640441607700,14.113607666015625,0.0968945131529122,0.1854173576712608,0.1441636293280869
2026-09-17T08:27:20.451566,1789633640451566600,14.123566650390623,0.0352510538622736,0.2253554003059864,0.0662362669736146
2026-09-17T08:27:20.461525,1789633640461525800,14.13352587890625,0.0935702641010284,0.2408352935105562,0.0608142419248819
2026-09-17T08:27:20.471484,1789633640471484700,14.143484619140626,0.1922793523952364,0.3483879057347774,0.2731611075758934
2026-09-17T08:27:20.481443,1789633640481443600,14.153443603515624,0.1820921587713062,0.2546259184539318,0.1468289760798215
2026-09-17T08:27:20.491403,1789633640491403500,14.163403564453125,-0.1079309440173208,0.4510077377319336,-0.1790904927372932
2026-09-17T08:27:20.501362,1789633640501362700,14.17336279296875,-0.0710642716519534,0.7501964360117912,-0.5701963541489095
2026-09-17T08:27:20.511321,1789633640511321600,14.183321533203124,0.1897685386180877,0.8761077117472886,-0.5894260283410548
2026-09-17T08:27:20.521280,1789633640521280500,14.193280517578126,0.212006381650269,0.8318938914895058,-0.4027956416182219
2026-09-17T08:27:20.531239,1789633640531239700,14.20323974609375,0.1778542289406061,0.7129565464198588,-0.344603199564293
2026-09-17T08:27:20.541198,1789633640541198800,14.21319873046875,0.2554829736746847,0.7533844183981419,-0.2660994986265897
2026-09-17T08:27:20.551157,1789633640551157800,14.22315771484375,0.4641948438242078,0.8249263905644416,-0.0459948584556579
2026-09-17T08:27:20.561117,1789633640561117700,14.23311767578125,0.5288692683085799,0.9929425315797328,-0.0077513447791337
2026-09-17T08:27:20.571076,1789633640571076600,14.24307666015625,0.565334520266205,1.0491711992800234,-0.1167688419241458
2026-09-17T08:27:20.581035,1789633640581035500,14.253035400390624,0.5821529685981571,1.089027408850193,-0.1458813930314034
2026-09-17T08:27:20.590994,1789633640590994700,14.26299462890625,0.5793922717131674,1.0865683252602816,-0.2636263865113258
2026-09-17T08:27:20.600953,1789633640600953600,14.27295361328125,0.5420167730428278,1.068829254952073,-0.4547329688001423
2026-09-17T08:27:20.610912,1789633640610912500,14.28291259765625,0.5117750717751681,1.1558867761582134,-0.5913643029272556
2026-09-17T08:27:20.620871,1789633640620871400,14.292871337890626,0.5990683014333248,1.390757608306408,-0.6902717633377761
2026-09-17T08:27:20.630831,1789633640630831600,14.30283154296875,0.9283654299899936,1.6544067911714315,-0.5754027636855841
2026-09-17T08:27:20.640790,1789633640640790800,14.312790771484377,1.2458712907269596,2.064738235121965,-0.378398428595066
2026-09-17T08:27:20.650749,1789633640650749700,14.322749755859377,1.587394571389258,3.0269074427753684,-0.5499755500275642
2026-09-17T08:27:20.660708,1789633640660708600,14.33270849609375,2.2207430358260867,3.4729566813170907,-0.2745038274217397
2026-09-17T08:27:20.670667,1789633640670667800,14.342667724609376,2.735726694384217,3.6509289836794134,0.5008142634302377
2026-09-17T08:27:20.680626,1789633640680626700,14.352626708984374,3.095819943220913,4.526439314055443,0.2239858655184507
2026-09-17T08:27:20.690586,1789633640690586600,14.362586669921876,3.6383445196554063,5.091296718329191,-0.4780541500896215
2026-09-17T08:27:20.700545,1789633640700545500,14.372545654296877,4.656950484801828,5.622052531036735,-0.614228461164236
2026-09-17T08:27:20.710504,1789633640710504400,14.38250439453125,5.37004117899537,6.058848203542828,0.0002086743146181
2026-09-17T08:27:20.720463,1789633640720463600,14.392463623046876,5.725397170177102,6.088614396253228,0.8829864384103566
2026-09-17T08:27:20.730422,1789633640730422800,14.4024228515625,5.468475249740481,6.483086007770895,1.223347105034068
2026-09-17T08:27:20.740381,1789633640740381700,14.412381591796876,3.239412713858485,6.95712507700026,1.7335422872066495
2026-09-17T08:27:20.750340,1789633640750340600,14.422340576171877,0.9871411518245936,8.332895544055104,1.7739421021342276
2026-09-17T08:27:20.760300,1789633640760300500,14.432300537109375,-3.2315935645401477,11.692483620345593,1.2614391544759274
2026-09-17T08:27:20.770259,1789633640770259700,14.442259765625,-2.1136083567529917,11.208104358887672,0.9225719412803648
2026-09-17T08:27:20.780218,1789633640780218600,14.452218505859374,1.286259122955799,9.78499287946522,0.7649760719925165
2026-09-17T08:27:20.790177,1789633640790177500,14.462177490234374,3.905595818665623,9.83130279521942,1.193393280797079
2026-09-17T08:27:20.800136,1789633640800136400,14.472136474609377,7.550018489190935,9.301603798088433,2.242662022167444
2026-09-17T08:27:20.810095,1789633640810095600,14.482095703125,9.009704672294854,9.927229851579666,2.937452797299623
2026-09-17T08:27:20.820055,1789633640820055800,14.492055908203126,9.06450710658431,8.771443028664589,2.7141554985672234
2026-09-17T08:27:20.830014,1789633640830014700,14.5020146484375,10.638671317261457,6.712795511633157,2.0642254632942376
2026-09-17T08:27:20.839973,1789633640839973600,14.5119736328125,12.372009021806717,5.319110617703199,2.2754928631454705
2026-09-17T08:27:20.849932,1789633640849932500,14.5219326171875,7.895283878991007,7.620023753309249,1.9698346765905617
2026-09-17T08:27:20.859891,1789633640859891700,14.5318916015625,6.450676607075334,8.071220876133442,3.1785172233909367
2026-09-17T08:27:20.869850,1789633640869850600,14.5418505859375,8.644446295779943,3.1674431639298795,2.6414181791365143
2026-09-17T08:27:20.879809,1789633640879809500,14.5518095703125,9.793068633893132,0.7524149888440966,3.214130973085761
2026-09-17T08:27:20.889769,1789633640889769500,14.56176953125,9.048501143679022,0.946990343222022,3.3448294830977914
2026-09-17T08:27:20.899728,1789633640899728600,14.571728759765625,9.424181545487048,1.4647601253673432,3.0811548735305667
2026-09-17T08:27:20.909687,1789633640909687600,14.5816875,10.140276389932632,1.6784356092736124,2.8991122529894113
2026-09-17T08:27:20.919646,1789633640919646700,14.591646728515624,10.02470589094758,2.06568954449743,3.0159058640286323
2026-09-17T08:27:20.929605,1789633640929605600,14.601605712890626,9.25194106477499,2.364866260078549,3.0893051544994115
2026-09-17T08:27:20.939564,1789633640939564800,14.611564697265624,8.757279478755592,2.0316469896420837,3.1170056468516587
2026-09-17T08:27:20.949523,1789633640949523700,14.621523681640625,8.429065761521459,1.602241135126352,3.0292437767684457
2026-09-17T08:27:20.959483,1789633640959483600,14.631483642578123,7.981680890461802,1.132008472442627,2.8510668917447326
2026-09-17T08:27:20.969442,1789633640969442600,14.641442626953124,7.706589691606164,0.7203092472702264,2.616239898738265
2026-09-17T08:27:20.979401,1789633640979401500,14.6514013671875,7.393503400877118,0.5158388140827417,2.1489054417140783
2026-09-17T08:27:20.989360,1789633640989360600,14.661360595703124,6.7324056365102525,0.5994879881501197,1.6690625085115431
2026-09-17T08:27:20.999319,1789633640999319600,14.671319580078125,5.909284834063053,0.7245300798356533,1.3592711676746605
2026-09-17T08:27:21.009278,1789633641009278500,14.681278564453123,5.240104885527491,1.1363315963387488,1.0602028809040784
2026-09-17T08:27:21.019238,1789633641019238700,14.69123876953125,4.6136961572259665,1.6730401799708603,0.8609235866189002
2026-09-17T08:27:21.029197,1789633641029197600,14.701197509765626,4.150610443687439,1.9142203413963317,0.7162908054091036
2026-09-17T08:27:21.039156,1789633641039156700,14.71115673828125,3.7162341072827574,2.3513240569382905,0.4932409055665135
2026-09-17T08:27:21.049115,1789633641049115600,14.72111572265625,3.055776394385099,2.8759090720564124,0.3395033191420137
2026-09-17T08:27:21.059074,1789633641059074600,14.731074462890623,2.2818670743525025,3.082625238344073,0.2209258934259414
2026-09-17T08:27:21.069033,1789633641069033700,14.74103369140625,1.6225266750469802,3.1913106539905067,0.0914322291590273
2026-09-17T08:27:21.078993,1789633641078993700,14.75099365234375,0.9555094575032592,3.330723800855875,-0.0164461078882217
2026-09-17T08:27:21.088952,1789633641088952600,14.76095263671875,0.3591246960654854,3.472111462664604,-0.1029524249523878
2026-09-17T08:27:21.098911,1789633641098911500,14.770911376953125,-0.0711208241447806,3.809569393584132,-0.4612922542504966
2026-09-17T08:27:21.108870,1789633641108870700,14.78087060546875,-0.6603545447841286,4.571808734089136,-0.6706703332237899
2026-09-17T08:27:21.118829,1789633641118829800,14.790829833984375,-1.4868132594823835,5.4506712975025176,-0.6423392878830433
2026-09-17T08:27:21.128788,1789633641128788700,14.800788818359376,-2.527114631347358,6.156175189828872,-0.5452369041331112
2026-09-17T08:27:21.138747,1789633641138747600,14.81074755859375,-3.5298461510136723,6.646833385425806,-0.4438030670501292
2026-09-17T08:27:21.148707,1789633641148707600,14.82070751953125,-4.358197547590732,7.074108365392685,-0.2968902851443737
2026-09-17T08:27:21.158666,1789633641158666500,14.83066650390625,-5.07962381619215,7.3807409499377,-0.1661322269648313
2026-09-17T08:27:21.168625,1789633641168625700,14.840625732421875,-5.984077916979789,7.66802819802165,-0.0118172790437936
2026-09-17T08:27:21.178584,1789633641178584600,14.85058447265625,-6.969860055410861,7.967482853761315,0.2527431734472513
2026-09-17T08:27:21.188543,1789633641188543500,14.86054345703125,-7.799123598396777,8.019530436384677,0.4775958849281072
2026-09-17T08:27:21.198502,1789633641198502700,14.870502685546874,-8.5816744900465,7.923876936268806,0.4719517780939117
2026-09-17T08:27:21.208462,1789633641208462600,14.880462646484377,-9.360076445323228,7.803549013623595,0.1292869079147465
2026-09-17T08:27:21.218421,1789633641218421800,14.890421875,-10.178559066575763,7.309881699338555,-0.6571113250792027
2026-09-17T08:27:21.228380,1789633641228380700,14.900380615234376,-11.061523804610967,6.313692733183503,-1.937745009368658
2026-09-17T08:27:21.238339,1789633641238339600,14.910339599609374,-11.81048923752308,4.846144730663299,-3.20357626132369
2026-09-17T08:27:21.248298,1789633641248298800,14.920298828125,-12.693928607332706,3.150467186948657,-4.175068008595705
2026-09-17T08:27:21.258257,1789633641258257700,14.930257568359377,-13.93657538305521,1.1715917102903126,-4.741387886637449
2026-09-17T08:27:21.268216,1789633641268216600,14.940216552734377,-15.61965005030632,-0.1357300744384527,-5.032323135834932
2026-09-17T08:27:21.278176,1789633641278176800,14.9501767578125,-18.06320055552125,-1.289858608752489,-5.391827478867769
2026-09-17T08:27:21.288135,1789633641288135700,14.9601357421875,-20.8896292650938,-2.848576243972778,-5.740531026422977
2026-09-17T08:27:21.298095,1789633641298095000,14.97009521484375,-23.487034114980695,-4.8913130751669405,-6.41582682749033
2026-09-17T08:27:21.308054,1789633641308054000,14.980053955078125,-24.504193388450144,-6.735359225618839,-6.580004997777938
2026-09-17T08:27:21.318013,1789633641318013000,14.990012939453123,-23.88682838282585,-7.182837035658955,-6.272203953975438
2026-09-17T08:27:21.327971,1789633641327971800,14.999971923828124,-22.45830598427057,-5.91689823167622,-5.802274073630571
2026-09-17T08:27:21.337931,1789633641337931800,15.009931884765624,-21.145086373674868,-3.5233962442219253,-5.018592716646194
2026-09-17T08:27:21.347891,1789633641347891000,15.019890869140625,-19.925525874507425,-1.0516723684459923,-4.13324546738863
2026-09-17T08:27:21.357849,1789633641357849900,15.029849853515625,-6.00586012519896,7.56049195241034,2.336898641222715
2026-09-17T08:27:21.367808,1789633641367808800,15.039808837890623,25.620356641507147,15.139750564610956,4.716324757051468
2026-09-17T08:27:21.377767,1789633641377767700,15.049767578125,23.171591031992435,-6.789196029746532,-1.4588801274180412
2026-09-17T08:27:21.387726,1789633641387726800,15.059726806640626,5.590674811476469,-4.036757270014286,-1.2032032386064528
2026-09-17T08:27:21.397685,1789633641397685800,15.069685791015624,-3.307268983249366,8.470190383592248,-9.832240368330478
2026-09-17T08:27:21.407646,1789633641407646000,15.07964599609375,-9.308867651611566,13.78373693742752,-10.26452703897953
2026-09-17T08:27:21.417604,1789633641417604900,15.08960498046875,-11.638524066621065,9.0163728980124,-5.639948837733268
2026-09-17T08:27:21.427564,1789633641427564000,15.09956396484375,-10.446185920900106,6.580135930681228,0.6992389867126941
2026-09-17T08:27:21.437523,1789633641437523000,15.10952294921875,-7.363563605165481,3.4938884101867673,3.3959903460144996
2026-09-17T08:27:21.447481,1789633641447481900,15.11948193359375,-3.99476755554676,5.6972395817071195,1.2203694774627685
2026-09-17T08:27:21.457440,1789633641457440800,15.129440673828125,-0.6626652328792959,-0.2746791109234094,-0.1777566320513375
2026-09-17T08:27:21.467400,1789633641467400700,15.139400634765623,2.1391363273717463,-1.9354010765910148,-2.051658973318338
2026-09-17T08:27:21.477359,1789633641477359900,15.14935986328125,-0.0104826511728577,-0.2510708563208579,-1.209447101432085
2026-09-17T08:27:21.487319,1789633641487319000,15.159319091796876,-2.050098299872875,1.1893863101780413,1.007056397128105
2026-09-17T08:27:21.497278,1789633641497278000,15.16927783203125,-0.1040459923427551,0.155256028163433,1.5074328536629675
2026-09-17T08:27:21.507236,1789633641507236900,15.17923681640625,0.2379967821490019,-0.214096924188733,0.2806459103733301
2026-09-17T08:27:21.517196,1789633641517196000,15.189196044921877,-0.5990662556067109,0.3292120806217193,-0.886105374148488
2026-09-17T08:27:21.527155,1789633641527155000,15.199155029296875,-0.4240357788499444,0.971013608366251,-1.4699129780858755
2026-09-17T08:27:21.537115,1789633641537115000,15.209114990234376,-0.1936625503819435,0.6817050835877656,-1.157993393048644
2026-09-17T08:27:21.547073,1789633641547073800,15.21907373046875,-0.4375395131433382,0.6983651264876127,-0.8513497025877237
2026-09-17T08:27:21.557032,1789633641557032700,15.22903271484375,-0.5740540159577503,0.7844178545653819,-0.7520633989274501
2026-09-17T08:27:21.566992,1789633641566992000,15.238991943359377,-0.263810474373959,0.4790151040762662,-0.7162637712717056
2026-09-17T08:27:21.576950,1789633641576950800,15.24895068359375,-0.170239004696533,0.246113526174426,-0.4481003623852506
2026-09-17T08:27:21.586909,1789633641586909700,15.25890966796875,-0.2185205858498811,0.0562760139733552,-0.0060123921573162
2026-09-17T08:27:21.596870,1789633641596870000,15.268869873046874,-0.0935531668357551,-0.1218155308544635,0.3750684073895216
2026-09-17T08:27:21.606828,1789633641606828800,15.278828857421876,0.1357829736694693,-0.2483843937158584,0.4563742697337642
2026-09-17T08:27:21.616788,1789633641616788000,15.2887880859375,0.101107016281411,-0.3180728469699621,0.48999300968647
2026-09-17T08:27:21.626747,1789633641626747000,15.298746826171875,-0.0455799940444529,-0.2214233215540647,0.4951444011002778
2026-09-17T08:27:21.636705,1789633641636705800,15.308705810546876,-0.2301232722949236,0.0590910713940858,0.2039835264533758
2026-09-17T08:27:21.646665,1789633641646665000,15.3186650390625,-0.2023521989244967,0.28113106354177,-0.2604623695224523
2026-09-17T08:27:21.656623,1789633641656623900,15.328623779296874,-0.1207842150453478,0.3692009766608476,-0.4904974886098876
2026-09-17T08:27:21.666583,1789633641666583800,15.338583740234377,-0.0649505380120128,0.0999520740926265,-0.0866845962405204
2026-09-17T08:27:21.676543,1789633641676543000,15.34854296875,-0.0375786200270056,-0.00337561391294,0.1854453781893476
2026-09-17T08:27:21.686502,1789633641686502000,15.358501953125,-0.1440738321527838,-0.0225146141469478,0.0277501767128705
2026-09-17T08:27:21.696461,1789633641696461000,15.3684609375,-0.2605013863585889,0.1046586443483829,-0.24918690573778
2026-09-17T08:27:21.706420,1789633641706420000,15.378419921875,-0.224877334465459,0.0848082809746265,-0.2704068769643083
2026-09-17T08:27:21.716379,1789633641716379000,15.38837890625,-0.0276744811281561,-0.0490676900297403,0.0347539179950952
2026-09-17T08:27:21.726338,1789633641726338800,15.3983388671875,0.1872765026066452,-0.1736181988060474,0.4713245495736599
2026-09-17T08:27:21.736297,1789633641736297700,15.408297607421876,0.2972152793150395,-0.2647165198355913,0.7850263418525457
2026-09-17T08:27:21.746257,1789633641746257000,15.4182568359375,0.1145314382608979,-0.1725660594046116,0.609920571369864
2026-09-17T08:27:21.756215,1789633641756215800,15.4282158203125,-0.0784354580070823,0.0987754315286874,-0.0022743381401523
2026-09-17T08:27:21.766174,1789633641766174700,15.4381748046875,-0.1191792640667408,0.1932902830034494,-0.3436047631114721
2026-09-17T08:27:21.776134,1789633641776134000,15.4481337890625,-0.0232125332832336,0.203082193699479,-0.1885836396824568
2026-09-17T08:27:21.786093,1789633641786093800,15.45809375,0.0400708021689206,0.1976934863984584,0.0138584294825792
2026-09-17T08:27:21.796053,1789633641796053000,15.468052978515624,0.2095997588999569,0.1200157879561185,0.1782751942990347
2026-09-17T08:27:21.806012,1789633641806012000,15.478011962890625,0.0388533161379396,0.0194254159599542,0.1657944098452106
2026-09-17T08:27:21.815970,1789633641815970800,15.487970703125,-0.0533336038459092,0.1286345632195472,0.0648872269848361
2026-09-17T08:27:21.825930,1789633641825930000,15.497929931640623,0.0391243150990456,0.4453589181900024,-0.1325597007740289
2026-09-17T08:27:21.835889,1789633641835889000,15.507888916015624,0.0428898781776428,0.5188567005991935,-0.1823632307976484
2026-09-17T08:27:21.845847,1789633641845847800,15.517847900390626,0.2634993260655552,0.3222463332623243,0.0339263080645352
2026-09-17T08:27:21.855807,1789633641855807700,15.527807861328125,0.3148138451740145,0.2739987274438142,0.352811055939272
2026-09-17T08:27:21.865766,1789633641865766700,15.5377666015625,0.2419510727327317,0.4357938019871711,0.268629893887043
2026-09-17T08:27:21.875726,1789633641875726000,15.54772607421875,0.1221392098508775,0.4734849424779415,-0.0037490503352135
2026-09-17T08:27:21.885685,1789633641885685000,15.55768505859375,0.1296883100561797,0.6141846220225096,-0.2486614570915699
2026-09-17T08:27:21.895644,1789633641895644000,15.567643798828126,0.0851210001856088,0.7855804686039686,-0.4469732945840805
2026-09-17T08:27:21.905602,1789633641905602800,15.577602783203124,0.195176535141468,1.0383148742228745,-0.3879262084621936
2026-09-17T08:27:21.915562,1789633641915562800,15.587562744140625,0.4997789290331303,0.9142600400090216,-0.2808282812029123
2026-09-17T08:27:21.925522,1789633641925522000,15.59752197265625,0.4009729562357068,1.0124719924360512,-0.1246972237706184
2026-09-17T08:27:21.935480,1789633641935480800,15.607480712890624,0.4894451665453612,1.2152841370224952,-0.215816587588191
2026-09-17T08:27:21.945439,1789633641945439700,15.617439697265626,0.3735549340866506,1.108318969297409,-0.5454904405027627
2026-09-17T08:27:21.955399,1789633641955399000,15.62739892578125,0.2414890812441706,0.949739349669218,-0.5142710533093661
2026-09-17T08:27:21.965357,1789633641965357800,15.63735791015625,0.4023965592980384,0.939584450879693,-0.2449777270775288
2026-09-17T08:27:21.975316,1789633641975316700,15.647316650390623,0.5292338638372719,1.0119418310821056,-0.1652588781964033
2026-09-17T08:27:21.985277,1789633641985277000,15.65727685546875,0.6783144182361662,1.1298065784841775,-0.0266956261586397
2026-09-17T08:27:21.995235,1789633641995235800,15.66723583984375,0.9053048723980784,1.4959329700052737,0.2061533447731286
2026-09-17T08:27:22.005195,1789633642005195000,15.677195068359374,1.1189862015232444,1.634315604779124,0.1186520253222435
2026-09-17T08:27:22.015154,1789633642015154000,15.68715380859375,1.1209651003807783,2.464160747045278,-0.48145833250992
2026-09-17T08:27:22.025112,1789633642025112800,15.69711279296875,1.6015446772947906,3.345905003374815,-1.123542403522879
2026-09-17T08:27:22.035071,1789633642035071700,15.70707177734375,2.2461600934162735,3.858153099489212,-0.9224871856063604
2026-09-17T08:27:22.045031,1789633642045031700,15.71703173828125,2.81474177891016,3.941112537726759,-0.3202869428228587
2026-09-17T08:27:22.054990,1789633642054990800,15.726990966796874,3.1350720494180915,4.593206326904893,-0.4175321691095828
2026-09-17T08:27:22.064950,1789633642064950000,15.736949951171876,3.8890155630037184,5.806823992019892,-0.7412791161932051
2026-09-17T08:27:22.074909,1789633642074909000,15.746908935546877,4.756488717396557,5.629989753776789,-0.3200695737451314
2026-09-17T08:27:22.084867,1789633642084867800,15.756867919921875,5.621006236854195,5.943424419552088,0.6121526778034866
2026-09-17T08:27:22.094827,1789633642094827000,15.766826904296876,6.187512577378749,6.355953665807843,1.1399651305355132
2026-09-17T08:27:22.104786,1789633642104786000,15.776785888671874,5.6341883745104075,7.620356346264481,1.594898955669999
2026-09-17T08:27:22.114745,1789633642114745900,15.786745849609376,4.097042519629001,7.908410487067699,2.5058845040529967
2026-09-17T08:27:22.124704,1789633642124704800,15.796704833984377,2.354575752210617,8.505333008643984,2.4753081640034913
2026-09-17T08:27:22.134664,1789633642134664000,15.806663818359375,-2.1832149769425393,12.15519699344039,1.3664331682585178
2026-09-17T08:27:22.144622,1789633642144622800,15.816622802734376,-1.322321200940013,11.583334678840636,0.2767804671168327
2026-09-17T08:27:22.154581,1789633642154581800,15.826581787109374,2.749065483906865,10.460712458902597,0.0295049844909459
2026-09-17T08:27:22.164540,1789633642164540700,15.836540771484374,4.7850037410020825,9.934611194002628,1.4334142622500656
2026-09-17T08:27:22.174500,1789633642174500900,15.8465009765625,8.683397665464877,9.626310968506337,2.3648621684253213
2026-09-17T08:27:22.184460,1789633642184460000,15.8564599609375,9.975068292075395,9.564732756471631,3.2045138344347475
2026-09-17T08:27:22.194419,1789633642194419000,15.8664189453125,9.981965650373697,8.306001107388735,2.8359271902799605
2026-09-17T08:27:22.204377,1789633642204377900,15.8763779296875,12.44742169792652,6.543110560622811,2.271547924911976
2026-09-17T08:27:22.214336,1789633642214336800,15.886336669921874,12.803746241879464,5.946863746351004,2.323136657851934
2026-09-17T08:27:22.224296,1789633642224296000,15.8962958984375,7.243002458286285,8.772211090427637,2.7193524826884268
2026-09-17T08:27:22.234256,1789633642234256000,15.906255859375,7.283318686583637,7.180884732547402,3.5674475673943755
2026-09-17T08:27:22.244214,1789633642244214800,15.91621484375,9.21557269732058,2.408152151836455,3.306615195515751
2026-09-17T08:27:22.254174,1789633642254174000,15.926174072265624,9.595425416377186,1.131465451607108,3.7907705850899216
2026-09-17T08:27:22.264132,1789633642264132900,15.9361328125,9.03373612074554,0.8651508489251136,3.803805423229933
2026-09-17T08:27:22.274091,1789633642274091300,15.94609130859375,9.791780347648263,1.3576245695114135,3.53282516682446
2026-09-17T08:27:22.284050,1789633642284050200,15.95605029296875,10.418727420610187,1.8591914048746228,3.53237742305696
2026-09-17T08:27:22.294009,1789633642294009000,15.966009033203123,10.259371555912496,2.0084987537667156,3.730817928430438
2026-09-17T08:27:22.303969,1789633642303969000,15.975968994140626,9.955352368736266,2.293562188321352,3.624773382681608
2026-09-17T08:27:22.313928,1789633642313928200,15.98592822265625,9.42952466008067,2.498455523096025,3.4349686037063596
2026-09-17T08:27:22.323887,1789633642323887000,15.99588720703125,8.511683254453539,2.334284367071092,3.4568978191807864
2026-09-17T08:27:22.333846,1789633642333846000,16.005845947265627,7.440929168918728,2.090736599731445,3.4161610273838043
2026-09-17T08:27:22.343805,1789633642343805200,16.01580517578125,6.498826013216376,1.8129004860818383,3.412805871737003
2026-09-17T08:27:22.353764,1789633642353764000,16.02576416015625,5.716415991342068,1.369190504142642,3.345001917055249
2026-09-17T08:27:22.363724,1789633642363724300,16.035724365234376,5.108032749074697,0.8105179259836673,3.09679609477669
2026-09-17T08:27:22.373683,1789633642373683200,16.04568310546875,4.5735780818492175,0.6701075847744942,2.7383602577582
2026-09-17T08:27:22.383642,1789633642383642000,16.05564208984375,3.952497855094075,1.231547289559245,2.5635776913478967
2026-09-17T08:27:22.393601,1789633642393601300,16.065601318359374,3.383721816071868,1.8232441854417325,2.344901330414414
2026-09-17T08:27:22.403560,1789633642403560200,16.075560302734374,2.7157611801981925,2.2461416809767485,1.9955238291203976
2026-09-17T08:27:22.413519,1789633642413519000,16.08551904296875,2.1994921580046416,2.3253829754739996,1.731820285719633
2026-09-17T08:27:22.423479,1789633642423479000,16.09547900390625,1.6808920625150203,2.3273434618920086,1.5546091769881545
2026-09-17T08:27:22.433438,1789633642433438000,16.10543798828125,0.9982958753064274,2.499850484585762,1.2383224827826025
2026-09-17T08:27:22.443397,1789633642443397000,16.115397216796875,0.2216568380489945,2.906393642169237,0.853620570129156
2026-09-17T08:27:22.453356,1789633642453356000,16.12535595703125,-0.6792384012132883,3.537302604499459,0.5492660135187208
2026-09-17T08:27:22.463315,1789633642463315200,16.135315185546876,-1.5737874863192438,4.291296094706654,0.3321079481936991
2026-09-17T08:27:22.473274,1789633642473274000,16.145274169921876,-2.2347464267373085,4.92055787435174,0.2294973954815417
2026-09-17T08:27:22.483234,1789633642483234000,16.155234130859377,-2.750120838178694,5.24124470321238,0.2834090184111148
2026-09-17T08:27:22.493193,1789633642493193200,16.165193115234374,-3.4205355892062186,5.367143119466305,0.2940362839527428
2026-09-17T08:27:22.503152,1789633642503152000,16.175152099609374,-4.1872681494772435,5.344772882226109,0.1762036121893674
2026-09-17T08:27:22.513111,1789633642513111000,16.185111083984374,-4.856722823300958,5.43209051567316,0.1591104385692626
2026-09-17T08:27:22.523070,1789633642523070200,16.1950703125,-5.489330406242608,5.747378700360655,0.2843928418166935
2026-09-17T08:27:22.533029,1789633642533029000,16.205029052734375,-6.020920331686735,6.163599202349782,0.4775012289145961
2026-09-17T08:27:22.542988,1789633642542988000,16.214988037109375,-6.455704079848528,6.7499979918241495,0.7350708361376076
2026-09-17T08:27:22.552948,1789633642552948200,16.2249482421875,-7.174095510798693,7.609424617883563,0.7540987041473388
2026-09-17T08:27:22.562907,1789633642562907100,16.2349072265625,-8.295758530315757,8.207524366545677,0.6031196591833606
2026-09-17T08:27:22.572866,1789633642572866300,16.2448662109375,-9.963983418959378,7.875238285306096,0.2597691448275931
2026-09-17T08:27:22.582825,1789633642582825200,16.2548251953125,-11.61741931927204,6.81581340303719,-0.3941419411718845
2026-09-17T08:27:22.592784,1789633642592784100,16.2647841796875,-13.114452359473704,5.576418907108903,-1.630486401879787
2026-09-17T08:27:22.602743,1789633642602743000,16.274742919921874,-14.501998604518176,4.050114764237404,-3.3253345090329645
2026-09-17T08:27:22.612703,1789633642612703000,16.284702880859374,-16.208621320617198,2.564498605585098,-4.823213936930895
2026-09-17T08:27:22.622662,1789633642622662100,16.294662109375,-18.26624124816656,0.5086842661529779,-6.117087042021751
2026-09-17T08:27:22.632621,1789633642632621000,16.30462109375,-20.44986539043188,-1.8724539142906664,-6.555455078411102
2026-09-17T08:27:22.642580,1789633642642580000,16.314580078125,-22.26233683744669,-4.057515980404615,-6.499400598233938
2026-09-17T08:27:22.652539,1789633642652539100,16.3245390625,-23.38997308615446,-4.801072247749567,-6.546802985399961
2026-09-17T08:27:22.662498,1789633642662498300,16.334498291015624,-23.976246203422544,-5.0779333788871766,-6.828451350814103
2026-09-17T08:27:22.672458,1789633642672458200,16.344458251953125,-23.857160389792917,-5.2741351654231545,-7.033164945107698
2026-09-17T08:27:22.682417,1789633642682417200,16.354417236328125,-23.230398610270026,-4.729833642444015,-7.053389402490854
2026-09-17T08:27:22.692376,1789633642692376000,16.3643759765625,-22.148245178842544,-3.423899512681365,-6.698258452236652
2026-09-17T08:27:22.702335,1789633642702335200,16.374335205078125,-12.896957609540223,1.7126941449671982,-2.2708418224692344
2026-09-17T08:27:22.712294,1789633642712294100,16.384294189453126,13.37334178059101,11.354410187876224,2.113091054880619
2026-09-17T08:27:22.722253,1789633642722253000,16.394253173828126,22.10150914663076,-4.006210740581155,-1.9793688131332396
2026-09-17T08:27:22.732213,1789633642732213000,16.404212890625,10.025466938447952,-3.557196807014942,-3.673013974237442
2026-09-17T08:27:22.742172,1789633642742172200,16.414172119140623,2.095845321047306,5.590047619488835,-7.164799274665117
2026-09-17T08:27:22.752131,1789633642752131300,16.42413134765625,-7.6310069196164605,8.89501680136323,-7.210577860021591
2026-09-17T08:27:22.762090,1789633642762090200,16.43409033203125,-15.531244621622562,8.34247118165195,0.4018353452187031
2026-09-17T08:27:22.772049,1789633642772049200,16.444049072265624,-18.188960440087317,6.65961921724081,2.3389503130555154
2026-09-17T08:27:22.782008,1789633642782008000,16.454008056640625,-10.252752430033684,12.400318585968018,-1.824186434727907
2026-09-17T08:27:22.791967,1789633642791967200,16.46396728515625,-1.087969351164624,3.6096307586073872,-1.833929245585203
2026-09-17T08:27:22.801927,1789633642801927200,16.47392724609375,2.346450167291611,-1.4599661690890788,-5.704106544867158
2026-09-17T08:27:22.811886,1789633642811886000,16.483885986328126,1.035534888115525,0.4581365666985511,-5.862467553308606
2026-09-17T08:27:22.821845,1789633642821845000,16.493844970703126,-1.803117343214154,0.7159171497911214,-0.7713374237179755
2026-09-17T08:27:22.831804,1789633642831804200,16.50380419921875,-0.0630966903062537,0.0734784931868314,2.738901232767105
2026-09-17T08:27:22.841763,1789633642841763000,16.51376318359375,0.5318550426537171,-0.3096434567987918,2.191733798962831
2026-09-17T08:27:22.851722,1789633642851722200,16.52372216796875,0.3739466002853587,-1.17118663662076,0.7804068653583526
2026-09-17T08:27:22.861682,1789633642861682200,16.53368212890625,-0.029820407115668,-0.7308779875576495,0.414074137610197
2026-09-17T08:27:22.871641,1789633642871641000,16.54364111328125,-0.5999269275566562,-0.166886260202527,0.7161188098430633
2026-09-17T08:27:22.881600,1789633642881600300,16.553600341796876,0.2398930807569995,-0.2505126379162073,0.5722036753833294
2026-09-17T08:27:22.891559,1789633642891559200,16.56355908203125,0.5896127465521916,-0.0151496383368968,-0.0541652871633879
2026-09-17T08:27:22.901518,1789633642901518000,16.57351806640625,-0.4380507140684873,0.5921311956465244,-0.685003540611267
2026-09-17T08:27:22.911477,1789633642911477000,16.58347705078125,-0.3654054933680221,0.4047855002611875,-0.7105792958945035
2026-09-17T08:27:22.921437,1789633642921437000,16.59343701171875,0.2344660507395863,0.1066641389518976,-0.3305401143550872
2026-09-17T08:27:22.931396,1789633642931396400,16.603396240234375,0.0267160844247788,0.1762491318315267,0.0374801280885934
2026-09-17T08:27:22.941355,1789633642941355300,16.613355224609375,-0.1174046556096524,0.3813590319663286,-0.0706727881163358
2026-09-17T08:27:22.951314,1789633642951314200,16.623314208984375,-0.0390774072173982,-0.0372048182785511,-0.0244897136121988
2026-09-17T08:27:22.961273,1789633642961273000,16.633273193359376,-0.1745829521849751,-0.0717214203864336,0.1692272338381037
2026-09-17T08:27:22.971232,1789633642971232300,16.643232177734376,-0.3722282885927707,0.1610398722618818,0.1296318306285888
2026-09-17T08:27:22.981192,1789633642981192200,16.653192138671876,0.107328301949054,-0.0586865822464227,0.1843179085293784
2026-09-17T08:27:22.991151,1789633642991151000,16.663151123046877,0.1325439917482435,-0.1112602345705032,0.3064203665664419
2026-09-17T08:27:23.001110,1789633643001110000,16.673110107421873,-0.2344846823748201,0.067783496415615,0.2474262892734259
2026-09-17T08:27:23.011069,1789633643011069200,16.683069091796874,-0.2062857389811426,0.1480640708327293,-0.0502588725756853
2026-09-17T08:27:23.021028,1789633643021028000,16.693028076171874,-0.0397872359871864,0.2278168219834566,-0.2365950986575335
2026-09-17T08:27:23.030987,1789633643030987000,16.702987060546874,0.0244983353100717,0.4210141660064458,-0.4706663413932547
2026-09-17T08:27:23.040947,1789633643040947200,16.712947265625,-0.1052956270776689,0.4285013068914413,-0.5013959357757121
2026-09-17T08:27:23.050906,1789633643050906000,16.722906005859375,-0.0277270150329917,0.3309779212504625,-0.3075579557616263
2026-09-17T08:27:23.060865,1789633643060865300,16.732865234375,0.1121028228744864,0.1434054313719272,0.1137619882583618
2026-09-17T08:27:23.070824,1789633643070824200,16.74282421875,0.0471338724229484,0.0763631087124347,0.3666927932322025
2026-09-17T08:27:23.080783,1789633643080783000,16.752783203125,-0.0825978383835405,0.0238169289171695,0.247844295489788
2026-09-17T08:27:23.090742,1789633643090742000,16.762741943359377,-0.1661092114154249,0.0122743751615285,0.058872460207343
2026-09-17T08:27:23.100702,1789633643100702000,16.772701904296873,-0.070924132528901,0.1682733306467533,-0.0599894815385341
2026-09-17T08:27:23.110661,1789633643110661000,16.7826611328125,0.0348988063585013,0.2430377719908952,-0.0709685561925172
2026-09-17T08:27:23.120620,1789633643120620300,16.792620361328126,0.0647735740099102,0.1248304947614669,0.0516430934756994
2026-09-17T08:27:23.130579,1789633643130579200,16.8025791015625,0.0664130117800086,0.1815057371854782,0.1341664783835411
2026-09-17T08:27:23.140538,1789633643140538000,16.8125380859375,0.0072591042827814,0.1122159278601408,0.1809925269663334
2026-09-17T08:27:23.150497,1789633643150497300,16.822497314453123,0.0022756898470222,0.1386480077117681,0.1157592995554208
2026-09-17T08:27:23.160457,1789633643160457200,16.832457275390624,-0.0569349162735044,0.1542886444360017,-0.0059955871529877
2026-09-17T08:27:23.170416,1789633643170416000,16.842416015625,-0.0874837837941944,0.1119867952793836,-0.0574035566985607
2026-09-17T08:27:23.180375,1789633643180375000,16.852375,-0.0148512399122118,0.0821358468949794,0.0264748230148106
2026-09-17T08:27:23.190334,1789633643190334200,16.862334228515625,-0.0631247108243405,0.0234966109216213,0.0710759620897471
2026-09-17T08:27:23.200293,1789633643200293000,16.872293212890625,-0.1499246040076017,0.0777133542776107,-0.0213349759083241
2026-09-17T08:27:23.210252,1789633643210252000,16.882251953125,-0.0771193339072167,0.1257528703033924,-0.0566056112539023
2026-09-17T08:27:23.220212,1789633643220212200,16.892212158203126,-0.0128198802150785,0.3401853100568056,-0.1760176611632108
2026-09-17T08:27:23.230171,1789633643230171100,16.902171142578126,0.0803456024773418,0.5540384886175393,-0.3218370948743075
2026-09-17T08:27:23.240130,1789633643240130300,16.91213037109375,0.2441726212397217,0.6770972975313663,-0.1170809035480022
2026-09-17T08:27:23.250089,1789633643250089200,16.922089111328123,0.3123299194037914,0.6147206285953521,0.033921047367528
2026-09-17T08:27:23.260048,1789633643260048100,16.932048095703124,0.24379355879426,0.5916174009054899,-0.0847328045856207
2026-09-17T08:27:23.270007,1789633643270007000,16.942007080078124,0.1005703521214425,0.6272247208595275,-0.3049514265250414
2026-09-17T08:27:23.279967,1789633643279967000,16.951967041015624,0.2118251798644661,0.7777928834676742,-0.3968141560558229
2026-09-17T08:27:23.289926,1789633643289926100,16.961926025390625,0.3336106078416109,0.9266080649286508,-0.3867839796245098
2026-09-17T08:27:23.299885,1789633643299885000,16.971885009765625,0.3861379368059336,1.002687096002698,-0.3553108368657529
2026-09-17T08:27:23.309844,1789633643309844000,16.981843994140625,0.458123707216978,0.9755302090078593,-0.2523080699656158
2026-09-17T08:27:23.319803,1789633643319803000,16.991802978515626,0.5027439163185656,1.1718617594033478,-0.3287304345846176
2026-09-17T08:27:23.329762,1789633643329762000,17.001761962890626,0.6271421571426093,1.5883166546702383,-0.539418938569352
2026-09-17T08:27:23.339722,1789633643339722200,17.01172216796875,0.7314442431382835,1.8056120826393365,-0.6580639496289193
2026-09-17T08:27:23.349681,1789633643349681200,17.02168115234375,0.8587631937146186,1.8873054464638233,-0.767610512149334
2026-09-17T08:27:23.359640,1789633643359640000,17.03164013671875,1.040540733578801,2.255129289552569,-0.7800449732434004
2026-09-17T08:27:23.369599,1789633643369599000,17.041598876953124,1.5084090052187442,2.982348170080781,-0.8621467717383057
2026-09-17T08:27:23.379558,1789633643379558100,17.05155810546875,2.079953339910507,3.656574880611896,-0.6076238022021949
2026-09-17T08:27:23.389517,1789633643389517000,17.06151708984375,2.740540816667676,3.731455057290196,0.2217553299874067
2026-09-17T08:27:23.399477,1789633643399477000,17.07147705078125,2.999569353994727,4.034022292092442,0.0856780495464801
2026-09-17T08:27:23.409436,1789633643409436000,17.081435791015625,3.4113176790058612,5.163709628111124,-0.9157786278784276
2026-09-17T08:27:23.419395,1789633643419395000,17.09139501953125,4.113610500331223,5.214764108043909,-1.0948322957366703
2026-09-17T08:27:23.429354,1789633643429354000,17.10135400390625,5.188007034021616,5.4854041727095835,-0.2831628616303205
2026-09-17T08:27:23.439313,1789633643439313000,17.11131298828125,5.972106908679008,5.967372281372547,0.3726736212074756
2026-09-17T08:27:23.449272,1789633643449272000,17.12127197265625,6.805525233256817,6.754744309568404,1.2027800447583197
2026-09-17T08:27:23.459232,1789633643459232000,17.13123193359375,6.352479852217435,7.569860669258237,2.6244366491973397
2026-09-17T08:27:23.469191,1789633643469191200,17.141191162109376,3.804847041237354,7.219507600930332,4.559303472781181
2026-09-17T08:27:23.479150,1789633643479150000,17.151150146484376,0.7306056003570556,7.834300125718117,4.403887870141864
2026-09-17T08:27:23.489109,1789633643489109000,17.16110888671875,-3.829839443674683,12.318709977817536,2.17881177354753
2026-09-17T08:27:23.499068,1789633643499068000,17.17106787109375,-1.8112334296524524,12.80705346673131,0.847632143369317
2026-09-17T08:27:23.509027,1789633643509027000,17.181027099609373,0.7080933242976665,10.648377887761592,0.9728180274397136
2026-09-17T08:27:23.518987,1789633643518987000,17.190987060546874,4.399014711147546,10.994026723921298,1.4467816933453082
2026-09-17T08:27:23.528946,1789633643528946200,17.2009462890625,8.002526110091805,10.183886399078368,2.8713293430507183
2026-09-17T08:27:23.538905,1789633643538905000,17.210905029296875,8.996589754655957,9.482776357796787,3.777232473602891
2026-09-17T08:27:23.548864,1789633643548864000,17.220864013671875,11.488743839520216,6.336372182503342,3.527092176130414
2026-09-17T08:27:23.558823,1789633643558823200,17.2308232421875,14.173795408678052,5.39458525314331,2.790595179647207
2026-09-17T08:27:23.568782,1789633643568782000,17.240781982421876,7.158404605191945,8.902074318659306,3.3210768515884874
2026-09-17T08:27:23.578742,1789633643578742000,17.250741943359376,5.907310319119691,8.559988727939128,4.809003625270724
2026-09-17T08:27:23.588701,1789633643588701000,17.260700927734376,9.319652664998172,2.914060815796256,3.984332670772075
2026-09-17T08:27:23.598660,1789633643598660000,17.27066015625,10.761730710697174,1.6132055967330932,4.697923423442244
2026-09-17T08:27:23.608619,1789633643608619000,17.280618896484373,10.249168141806123,1.0286118108540774,4.644851758468151
2026-09-17T08:27:23.618578,1789633643618578000,17.290577880859374,10.837795713245868,1.014746074847877,3.955243354409933
2026-09-17T08:27:23.628536,1789633643628536800,17.300536865234374,11.509448773896692,1.062667225190997,3.7807171008482574
2026-09-17T08:27:23.638497,1789633643638497000,17.3104970703125,11.286675791299343,0.9710746909037232,3.8321307694822546
2026-09-17T08:27:23.648456,1789633643648456200,17.320456298828127,10.56715974023342,1.1636045109286903,3.751358904416859
2026-09-17T08:27:23.658415,1789633643658415000,17.3304150390625,9.975352369713782,1.2394544094219804,3.737804426316917
2026-09-17T08:27:23.668374,1789633643668374000,17.3403740234375,9.36999344370365,1.3814672173917293,3.8786823850378394
2026-09-17T08:27:23.678333,1789633643678333000,17.3503330078125,8.461260058161615,1.151359654122591,3.946367389515042
2026-09-17T08:27:23.688292,1789633643688292000,17.3602919921875,7.504456176933646,0.6492004058241844,3.7745869275301698
2026-09-17T08:27:23.698252,1789633643698252000,17.370251953125,6.758049196332693,0.6054220543742179,3.5252106001675125
2026-09-17T08:27:23.708211,1789633643708211000,17.3802109375,6.0196045729130505,0.954375777298212,3.2537916600838304
2026-09-17T08:27:23.718170,1789633643718170000,17.390170166015626,5.098409180682897,1.1970102291852236,2.8825042325377463
2026-09-17T08:27:23.728129,1789633643728129000,17.40012890625,4.365160372340679,1.5391361519157885,2.5168121407806874
2026-09-17T08:27:23.738088,1789633643738088200,17.410088134765626,3.86643694370985,1.884746409630775,2.1186890210181475
2026-09-17T08:27:23.748047,1789633643748047000,17.420047119140627,3.443504376861453,2.294378765401244,1.559146674287319
2026-09-17T08:27:23.758007,1789633643758007000,17.430007080078123,2.8402228416472672,2.870497568401694,1.0802223172344267
2026-09-17T08:27:23.767966,1789633643767966000,17.439966064453124,2.031944803544879,3.280440889817476,0.7868938892900943
2026-09-17T08:27:23.777925,1789633643777925000,17.449925048828124,0.9768108964681624,3.449742978990078,0.6664157445192337
2026-09-17T08:27:23.787884,1789633643787884000,17.459884033203124,-0.0250350725352764,3.4723826808214184,0.5696944690413773
2026-09-17T08:27:23.797843,1789633643797843000,17.469843017578125,-0.8270090420573949,3.646256900215149,0.2476024495579302
2026-09-17T08:27:23.807803,1789633643807803100,17.47980322265625,-1.539002588663995,4.319557143551111,-0.2512162561409175
2026-09-17T08:27:23.817762,1789633643817762000,17.489761962890626,-2.0583669465243815,5.117099852627516,-0.5148077174693346
2026-09-17T08:27:23.827721,1789633643827721200,17.49972119140625,-2.5234341892689467,5.7163703986346714,-0.5676519303631037
2026-09-17T08:27:23.837680,1789633643837680000,17.50968017578125,-3.237499573713541,6.110967097836732,-0.5515577046524733
2026-09-17T08:27:23.847639,1789633643847639000,17.51963916015625,-4.055060988467932,6.33132132885456,-0.7248076546680182
2026-09-17T08:27:23.857598,1789633643857598000,17.529597900390623,-4.656914536705613,6.813496358266472,-0.9682446551095694
2026-09-17T08:27:23.867558,1789633643867558000,17.539557861328124,-5.365784106072783,7.595532870653272,-1.0682658489156514
2026-09-17T08:27:23.877517,1789633643877517000,17.54951708984375,-6.10209522459507,8.258663602152467,-0.94581896135509
2026-09-17T08:27:23.887476,1789633643887476000,17.55947607421875,-7.250467387339472,8.879003239673375,-0.787493024227023
2026-09-17T08:27:23.897435,1789633643897435000,17.569434814453125,-8.678104235231876,9.237591052383184,-0.6705646808922291
2026-09-17T08:27:23.907394,1789633643907394000,17.57939404296875,-9.93287165685892,8.943266745269298,-0.6840396640151739
2026-09-17T08:27:23.917353,1789633643917353200,17.589353271484374,-11.05584809706211,7.955128983622789,-0.9894728096425532
2026-09-17T08:27:23.927313,1789633643927313200,17.599313232421874,-12.186459562188386,7.175986439111829,-1.9150269816040992
2026-09-17T08:27:23.937272,1789633643937272000,17.60927197265625,-13.492842604762314,6.227500888895988,-3.384284710651636
2026-09-17T08:27:23.947231,1789633643947231000,17.61923095703125,-15.47917774977684,4.566621102318168,-5.072316123527288
2026-09-17T08:27:23.957190,1789633643957190100,17.629190185546875,-17.479653648346662,2.0462258423537016,-6.463266624057293
2026-09-17T08:27:23.967149,1789633643967149000,17.639149169921875,-18.981887764322757,-0.2830056252419948,-7.101328380751609
2026-09-17T08:27:23.977108,1789633643977108000,17.64910791015625,-20.23436386014223,-3.0306922220110892,-7.486981895041465
2026-09-17T08:27:23.987068,1789633643987068000,17.65906787109375,-20.943159779751294,-4.674303478401899,-7.896969055598974
2026-09-17T08:27:23.997027,1789633643997027000,17.669027099609377,-21.832493468296526,-5.123791459220648,-8.050286809176207
2026-09-17T08:27:24.006986,1789633644006986200,17.678986328125,-22.07719069793224,-5.262981318724155,-7.316577397584915
2026-09-17T08:27:24.016945,1789633644016945200,17.688945068359374,-21.313316449701784,-5.404181933528185,-6.095107849925756
2026-09-17T08:27:24.026904,1789633644026904000,17.698904052734374,-19.877054981327056,-4.825090252196788,-5.576583157759904
2026-09-17T08:27:24.036864,1789633644036864000,17.708864013671874,-18.590371495479346,-3.244925339800119,-5.292568647736311
2026-09-17T08:27:24.046823,1789633644046823000,17.718822998046875,-10.390701934087277,0.0705535456508398,-1.7284955252110956
2026-09-17T08:27:24.056782,1789633644056782000,17.728781982421875,10.246542469477651,8.093930720591544,2.2378256880521774
2026-09-17T08:27:24.066741,1789633644066741000,17.738740966796875,18.389333374828094,1.2091174310863018,1.1963444587528704
2026-09-17T08:27:24.076700,1789633644076700000,17.748699951171876,8.207656468492745,-0.3531155187785625,-2.8661680147647854
2026-09-17T08:27:24.086659,1789633644086659000,17.7586591796875,1.0514905821382998,2.4327280824273823,-5.9861389411628245
2026-09-17T08:27:24.096619,1789633644096619000,17.768618896484377,-2.4830519099980592,7.371910577750206,-8.563707456201314
2026-09-17T08:27:24.106578,1789633644106578200,17.778578125,-6.214530932685732,8.834660824599862,-7.829710459840297
2026-09-17T08:27:24.116537,1789633644116537000,17.788537109375,-13.10257838180661,5.6140200312286614,-0.4048422719497233
2026-09-17T08:27:24.126496,1789633644126496000,17.79849609375,-12.119490889286997,5.032930454078317,3.1684967646360396
2026-09-17T08:27:24.136455,1789633644136455200,17.808455078125,-7.376252406346797,6.956748060381412,1.490865165221691
2026-09-17T08:27:24.146414,1789633644146414000,17.8184140625,-2.6913950929656623,3.8253450548648833,-0.5754326108345762
2026-09-17T08:27:24.156374,1789633644156374000,17.8283740234375,1.2191304371871057,-0.3792664436012506,-4.553644131845235
2026-09-17T08:27:24.166333,1789633644166333000,17.8383330078125,1.628080363651365,0.2732996392637491,-5.385414104694128
2026-09-17T08:27:24.176291,1789633644176291800,17.848291748046876,-1.621864265615493,1.002003205391765,-1.9486393283486363
2026-09-17T08:27:24.186251,1789633644186251300,17.858251220703124,-0.7985165225446224,0.5724287163108587,1.4770879842817783
2026-09-17T08:27:24.196210,1789633644196210200,17.868210205078125,0.5837394706046208,-0.4008218573272228,2.07334473542571
2026-09-17T08:27:24.206170,1789633644206170000,17.878170166015625,0.2638298366615548,-0.9299462694406508,1.1162976930916308
2026-09-17T08:27:24.216129,1789633644216129000,17.88812890625,0.1101249469302594,-0.3285135769635439,0.0542681812822818
2026-09-17T08:27:24.226088,1789633644226088000,17.898087890625,-0.571370731690526,0.0924310309380292,-0.049360530929896
2026-09-17T08:27:24.236047,1789633644236047000,17.908047119140626,-0.4635651310859248,0.2528717682629823,-0.0914145473718643
2026-09-17T08:27:24.246006,1789633644246006000,17.918006103515626,0.1986936033517122,0.0038011458486318,-0.1399327868252992
2026-09-17T08:27:24.255965,1789633644255965000,17.92796484375,-0.092601820927672,0.1834925270885229,-0.2875654805034399
2026-09-17T08:27:24.265924,1789633644265924900,17.9379248046875,-0.2612129686940461,0.3349211059182882,-0.4009931222409009
2026-09-17T08:27:24.275884,1789633644275884000,17.947884033203124,-0.0494022922789677,0.1715741257578134,-0.3271551480919122
2026-09-17T08:27:24.285843,1789633644285843000,17.957843017578124,-0.0794487632354721,0.0687286683112382,-0.1314087132411543
2026-09-17T08:27:24.295801,1789633644295801900,17.9678017578125,-0.3076464742952957,0.2230593983232975,-0.153279175132513
2026-09-17T08:27:24.305760,1789633644305760800,17.9777607421875,-0.2317736698504537,0.350607919871807,-0.3946533978253603
2026-09-17T08:27:24.315720,1789633644315720000,17.987719970703125,0.0425778896190226,0.2723065365731716,-0.4453741157591342
2026-09-17T08:27:24.325679,1789633644325679900,17.997679931640626,0.0268510359160602,0.1444254220694303,-0.1819435440808534
2026-09-17T08:27:24.335638,1789633644335638800,18.007638671875,-0.0436058444272726,-0.009559855505824,0.1350701492249965
2026-09-17T08:27:24.345597,1789633644345597700,18.01759765625,0.0107049338877201,-0.1115460657745599,0.303309577602148
2026-09-17T08:27:24.355556,1789633644355556600,18.027556640625,0.1159245731197297,-0.0397790526807308,0.2942015575170517
2026-09-17T08:27:24.365515,1789633644365515800,18.037515869140623,0.0427999348718673,0.1029185226827859,0.0827431651383638
2026-09-17T08:27:24.375476,1789633644375476000,18.04747607421875,-0.0519957063056528,0.1624474009722471,-0.1095142676860094
2026-09-17T08:27:24.385435,1789633644385435000,18.057434814453124,-0.0473588402852416,0.1612099681317806,-0.1500040989845991
2026-09-17T08:27:24.395393,1789633644395393800,18.067393798828125,-0.07967055275999,0.2051373726636171,-0.132706342703104
2026-09-17T08:27:24.405352,1789633644405352700,18.077352783203125,-0.077097925793007,0.160313896074891,-0.0605740034282207
2026-09-17T08:27:24.415312,1789633644415312000,18.087311767578125,-0.0026586247500032,0.0993470939368009,-0.004267009794712
2026-09-17T08:27:24.425270,1789633644425270800,18.09727075195313,0.1292384473968297,0.2500648941487073,-0.0985398692071437
2026-09-17T08:27:24.435230,1789633644435230700,18.107230712890622,0.0678581690870225,0.2235726085424423,-0.1555249082326888
2026-09-17T08:27:24.445189,1789633644445189600,18.117189697265623,0.0196896198540925,0.1145844105571508,-0.0309878525929991
2026-09-17T08:27:24.455148,1789633644455148800,18.127148681640627,0.0588171498235315,0.0856043997883796,0.1129027410805225
2026-09-17T08:27:24.465107,1789633644465107700,18.137107666015623,0.0577543428976088,0.1396206521362066,0.1109866783261299
2026-09-17T08:27:24.475067,1789633644475067000,18.14706689453125,0.0165228994514793,0.2467430562496185,-0.0415022186449496
2026-09-17T08:27:24.485026,1789633644485026800,18.15702685546875,0.0225159293211996,0.2154424935787916,-0.0854442407906055
2026-09-17T08:27:24.494985,1789633644494985700,18.16698583984375,-0.070294383258,0.0170353059530258,0.0798702400505542
2026-09-17T08:27:24.504945,1789633644504945000,18.17694482421875,-0.0960742828112095,-0.0189157128721475,0.2660439690470695
2026-09-17T08:27:24.514903,1789633644514903800,18.18690380859375,0.0299327814489603,-0.1193102700352668,0.4234031069695949
2026-09-17T08:27:24.524862,1789633644524862700,18.19686279296875,0.0033696956288069,-0.1754740558058023,0.5108522578418254
2026-09-17T08:27:24.534821,1789633644534821600,18.20682153320313,-0.0265517607085406,-0.1551467225700616,0.4311304863512515
2026-09-17T08:27:24.544781,1789633644544781600,18.216781494140623,0.0013213847968727,-0.0499275217294692,0.3194593328922986
2026-09-17T08:27:24.554741,1789633644554741000,18.226740966796875,-0.0167500592708587,0.0493383236646652,0.1995604493141174
2026-09-17T08:27:24.564700,1789633644564700000,18.236699951171875,-0.0850827870670705,0.0287935482859611,0.1780792698681354
2026-09-17T08:27:24.574658,1789633644574658800,18.246658935546876,-0.0960132733389735,-0.19867899030447,0.1605810225784778
2026-09-17T08:27:24.584617,1789633644584617700,18.25661767578125,-0.1446123960088938,-0.3151876469224691,0.1661059052134864
2026-09-17T08:27:24.594577,1789633644594577700,18.26657763671875,-0.1159527763009071,-0.273814603048563,0.2253051314234733
2026-09-17T08:27:24.604536,1789633644604536800,18.276536865234377,-0.0473335597135126,-0.107351536694169,0.2563146021932363
2026-09-17T08:27:24.614495,1789633644614495700,18.286495849609373,-0.2029565945584326,0.2219371162950992,-0.0317073716397397
2026-09-17T08:27:24.624454,1789633644624454700,18.29645458984375,-0.2687660874873399,0.1947825673878192,-0.2197731979931704
2026-09-17T08:27:24.634413,1789633644634413800,18.306413818359378,0.0479795294668525,0.1388362237602472,-0.147219381903205
2026-09-17T08:27:24.644372,1789633644644372700,18.316372802734374,0.0917750512473285,0.1120242046803235,-0.0176577852329239
2026-09-17T08:27:24.654333,1789633644654333000,18.3263330078125,0.0887310073763132,0.201202371302247,-0.033802864347957
2026-09-17T08:27:24.664291,1789633644664291800,18.336291748046875,-0.042701077607274,0.2800941217094659,-0.208179188044928
2026-09-17T08:27:24.674250,1789633644674250800,18.346250732421876,-0.0624319062545895,0.3317687793672084,-0.316164930989407
2026-09-17T08:27:24.684210,1789633644684210000,18.3562099609375,0.026537001530826,0.3838239607751369,-0.2504524321615696
2026-09-17T08:27:24.694168,1789633644694168800,18.3661689453125,0.0710515583008527,0.2823217346310615,-0.1357130867710337
2026-09-17T08:27:24.704128,1789633644704128800,18.376128662109377,0.0513704140141606,0.1848106239497661,0.0052303018689155
2026-09-17T08:27:24.714087,1789633644714087700,18.386087646484373,0.0855254893332719,0.1108878941267728,0.1805167261481285
2026-09-17T08:27:24.724046,1789633644724046600,18.396046630859377,0.1458724060073495,0.2324737078785896,0.25936986157801
2026-09-17T08:27:24.734005,1789633644734005800,18.406005859375,0.1962469408519566,0.274196880364418,0.350699762873724
2026-09-17T08:27:24.743965,1789633644743965000,18.41596484375,0.1891267335832119,0.316700389572978,0.3171195283005014
2026-09-17T08:27:24.753923,1789633644753923800,18.425923828125,0.221487180570513,0.3843471078664064,0.2286123928079381
2026-09-17T08:27:24.763883,1789633644763883800,18.4358837890625,0.2990701864667237,0.467288425925374,0.1978396168708801
2026-09-17T08:27:24.773842,1789633644773842700,18.4458427734375,0.3135582921549678,0.7684002012223005,0.0566682281613349
2026-09-17T08:27:24.783801,1789633644783801900,18.4558017578125,0.4003177071973681,0.9627069677919148,-0.045920039653778
2026-09-17T08:27:24.793760,1789633644793760800,18.4657607421875,0.4884925419956445,1.2951000165373086,-0.1460439266493544
2026-09-17T08:27:24.803719,1789633644803719700,18.4757197265625,0.6467256862737238,1.7391788317888974,-0.2939426143199205
2026-09-17T08:27:24.813679,1789633644813679600,18.4856796875,0.9988475178398192,2.0343419278144834,-0.2338185831489041
2026-09-17T08:27:24.823639,1789633644823639000,18.49563916015625,1.2406952032633125,2.158144248571992,0.0136679118791595
2026-09-17T08:27:24.833598,1789633644833598000,18.505597900390622,1.33589409147948,2.346666001999378,-0.0627740707557648
2026-09-17T08:27:24.843556,1789633644843556900,18.515556884765623,1.33290104714334,2.389824175724387,-0.8028226222407072
2026-09-17T08:27:24.853515,1789633644853515800,18.525515869140627,1.1667448547810315,2.7315736663579937,-1.319295715638995
2026-09-17T08:27:24.863475,1789633644863475700,18.535475830078123,1.7028665784358978,2.8091099105030297,-0.9612081806015222
2026-09-17T08:27:24.873435,1789633644873435000,18.545434814453124,2.001817376306653,2.562565007174015,-0.6640133595526218
2026-09-17T08:27:24.883393,1789633644883393800,18.555393798828124,2.025959591655433,2.5974878519952296,-0.7913608055710792
2026-09-17T08:27:24.893352,1789633644893352700,18.565352783203124,2.029260971288383,2.7850346229106187,-0.5751075801312923
2026-09-17T08:27:24.903311,1789633644903311600,18.5753115234375,2.596590318633616,3.425794532647729,0.0326110607475042
2026-09-17T08:27:24.913270,1789633644913270800,18.585270751953125,3.026968233051896,3.0182278772354123,0.8582050483752042
2026-09-17T08:27:24.923231,1789633644923231000,18.59523095703125,2.8061490148708224,3.0658319244533776,1.2825725433975457
2026-09-17T08:27:24.933190,1789633644933190000,18.60518994140625,2.852416845048964,3.2174177396714687,1.5671394266068934
2026-09-17T08:27:24.943148,1789633644943148800,18.615148681640623,1.854160717231035,3.188598472422361,2.3274615353137253
2026-09-17T08:27:24.953107,1789633644953107700,18.625107666015627,1.9981758049339056,4.296122491949796,2.6341554946571586
2026-09-17T08:27:24.963067,1789633644963067000,18.63506689453125,1.554569867891073,5.442712447452545,2.6754753470391033
2026-09-17T08:27:24.973026,1789633644973026800,18.64502685546875,-0.0310357742547988,6.805545691522956,2.994526099130511
2026-09-17T08:27:24.982985,1789633644982985700,18.65498583984375,1.5236913300246,6.938091875228285,3.4416023426324127
2026-09-17T08:27:24.992944,1789633644992944600,18.664944580078124,2.8794810853242874,6.427252476868033,3.606651450535655
2026-09-17T08:27:25.002903,1789633645002903800,18.67490380859375,3.0233196474164723,6.000855448779463,3.3982746575593947
2026-09-17T08:27:25.012862,1789633645012862700,18.68486279296875,2.5936849525809285,5.49775687380433,2.7619746498405933
2026-09-17T08:27:25.022823,1789633645022823000,18.69482299804687,4.004040995326638,5.182656905165314,2.5381694015860554
2026-09-17T08:27:25.032781,1789633645032781800,18.70478173828125,5.4241509548455475,5.474574735659361,3.2595354644328354
2026-09-17T08:27:25.042740,1789633645042740700,18.71474072265625,6.5269625588983295,6.185368551087379,3.72113473880589
2026-09-17T08:27:25.052700,1789633645052700000,18.724699951171875,6.10703735717237,5.543319186061621,3.9704011760532856
2026-09-17T08:27:25.062658,1789633645062658800,18.734658935546875,10.44276412975788,3.5113527552068233,3.17381065313518
2026-09-17T08:27:25.072618,1789633645072618800,18.74461865234375,11.471737759661671,2.6566350374907253,2.692050634264946
2026-09-17T08:27:25.082577,1789633645082577700,18.75457763671875,8.378687573415041,5.997124445557594,2.9835177983820436
2026-09-17T08:27:25.092536,1789633645092536600,18.76453662109375,7.117429620724916,5.309213493067026,3.4232542005151507
2026-09-17T08:27:25.102496,1789633645102496000,18.77449609375,9.231221517351267,1.8047037356227635,3.0542239042460917
2026-09-17T08:27:25.112455,1789633645112455000,18.784454833984373,9.23476430452466,-0.1988864955753088,2.6968928135991095
2026-09-17T08:27:25.122413,1789633645122413800,18.794413818359377,8.83753550325334,-0.2125754137098789,2.699109028343856
2026-09-17T08:27:25.132373,1789633645132373800,18.80437377929687,8.834562624922395,-0.7410872468829155,2.3764736957639454
2026-09-17T08:27:25.142332,1789633645142332700,18.81433276367187,8.869321219092607,-0.9512491697102784,2.3939874328836797
2026-09-17T08:27:25.152291,1789633645152291800,18.824291748046875,8.36580237287879,-0.6154547880887985,2.713042276628315
2026-09-17T08:27:25.162250,1789633645162250800,18.834250732421875,7.787922405424713,0.0019359364986419,2.3070149596124887
2026-09-17T08:27:25.172209,1789633645172209700,18.844209716796875,7.632646503517031,0.3253501444965601,1.3066580601230262
2026-09-17T08:27:25.182169,1789633645182169900,18.854169921875,7.804524580657482,0.708271603474021,0.7848097764924168
2026-09-17T08:27:25.192129,1789633645192129000,18.86412890625,7.519767143312096,1.3712427604973316,0.499262065552175
2026-09-17T08:27:25.202088,1789633645202088000,18.874087890625,6.495231203594804,1.999651722705364,0.3470361988648772
2026-09-17T08:27:25.212046,1789633645212046800,18.884046875,5.522853905659914,2.306506425568461,0.2257502448424696
2026-09-17T08:27:25.222005,1789633645222005800,18.894005859375,5.057063024815917,2.359905422800779,-0.1921399439245462
2026-09-17T08:27:25.231965,1789633645231965700,18.90396557617187,5.024446703371405,2.391252747222781,-0.6422440108150244
2026-09-17T08:27:25.241924,1789633645241924900,18.9139248046875,4.676078086858988,2.7400293600142,-1.5424109358027576
2026-09-17T08:27:25.251883,1789633645251883800,18.9238837890625,4.229408378331363,3.544807281041145,-2.5535242071062325
2026-09-17T08:27:25.261842,1789633645261842700,18.9338427734375,3.379161960810422,4.090830805507302,-3.497660329940915
2026-09-17T08:27:25.271801,1789633645271801600,18.943801513671875,2.2950267079159614,4.022459864592552,-3.9634500417411327
2026-09-17T08:27:25.281762,1789633645281762600,18.953762451171876,1.457103180873394,3.5596149740725753,-4.172277501094341
2026-09-17T08:27:25.291721,1789633645291721500,18.963721435546876,1.072128881019354,3.1340555658519267,-4.2938411030143495
2026-09-17T08:27:25.301680,1789633645301680600,18.9736806640625,0.9328492974057792,3.168269970142841,-4.536529915437102
2026-09-17T08:27:25.311639,1789633645311639600,18.9836396484375,0.9653574823006988,4.072739853021503,-5.076746799451112
2026-09-17T08:27:25.321598,1789633645321598500,18.99359838867187,0.5785568438023329,4.854335051381588,-5.676999342232942
2026-09-17T08:27:25.331558,1789633645331558400,19.003558349609374,0.1513853242099285,4.809060323894023,-6.081362817689776
2026-09-17T08:27:25.341517,1789633645341517600,19.013517578125,-0.0535062569990754,4.707478018251061,-6.550278552556038
2026-09-17T08:27:25.351476,1789633645351476500,19.0234765625,-0.4476861920937895,4.295076197767258,-7.170771334812045
2026-09-17T08:27:25.361435,1789633645361435400,19.033435302734375,-1.0286759621314705,3.5221406912028788,-7.811928134912252
2026-09-17T08:27:25.371394,1789633645371394300,19.043394287109376,-1.7373472324475645,3.0930542778998613,-8.814255749952792
2026-09-17T08:27:25.381354,1789633645381354500,19.0533544921875,-2.3280695842094716,2.7847680809289215,-9.796482826250791
2026-09-17T08:27:25.391313,1789633645391313700,19.063313720703125,-2.787030472902954,2.9348043286174534,-10.371658210921288
2026-09-17T08:27:25.401272,1789633645401272600,19.0732724609375,-3.222881850296259,3.2063042249828575,-10.83542372341752
2026-09-17T08:27:25.411231,1789633645411231500,19.0832314453125,-3.736417648133635,3.180918439313769,-10.994780757158994
2026-09-17T08:27:25.421190,1789633645421190400,19.0931904296875,-4.611114031778276,2.8823166010111567,-10.768747311460972
2026-09-17T08:27:25.431150,1789633645431150300,19.103150390625,-5.84599163480401,2.4483459227979183,-10.210859746199846
2026-09-17T08:27:25.441109,1789633645441109500,19.113109619140623,-6.94050828872025,2.071646699336171,-9.634897595065832
2026-09-17T08:27:25.451068,1789633645451068400,19.123068359375,-7.887876233083009,1.3598200337290762,-9.280620046770572
2026-09-17T08:27:25.461027,1789633645461027600,19.133027587890624,-8.714491307386755,0.4465016584843397,-9.143325207233428
2026-09-17T08:27:25.470986,1789633645470986500,19.142986572265624,-9.792797415736317,-0.1082353337913751,-8.812145625931024
2026-09-17T08:27:25.480946,1789633645480946400,19.152946533203124,-11.114750367885827,-0.7246943304866552,-8.747973305749893
2026-09-17T08:27:25.490905,1789633645490905600,19.162905517578125,-12.67558631043434,-1.5155834268927573,-9.248943636524675
2026-09-17T08:27:25.500864,1789633645500864500,19.172864501953125,-14.454324999195336,-2.534160750466585,-10.078692332679031
2026-09-17T08:27:25.510823,1789633645510823400,19.182823486328125,-17.952759820640086,-6.109002519765496,-9.48056978766322
2026-09-17T08:27:25.520782,1789633645520782600,19.19278247070313,-18.38912177790403,-7.244037062031031,-9.337309317719937
2026-09-17T08:27:25.530742,1789633645530742500,19.202742431640623,-6.641992959657311,-2.8307740453004837,-2.9500971748173237
2026-09-17T08:27:25.540701,1789633645540701400,19.212701416015623,0.5968384234894066,2.4932208373129368,2.7009587478637695
2026-09-17T08:27:25.550660,1789633645550660600,19.22266064453125,4.649717318677902,7.846548781916499,3.666788816112279
2026-09-17T08:27:25.560619,1789633645560619500,19.23261962890625,2.193973979105055,2.9135037664353844,2.477356913226843
2026-09-17T08:27:25.570578,1789633645570578700,19.24257861328125,-0.0111872375119477,1.30891752948761,-0.0571953207753598
2026-09-17T08:27:25.580537,1789633645580537600,19.25253759765625,-2.4006005674131212,4.179069645452499,-2.4457588289141654
2026-09-17T08:27:25.590497,1789633645590497500,19.26249755859375,-6.457667488875985,6.084298286619782,-6.613526159107685
2026-09-17T08:27:25.600456,1789633645600456400,19.27245654296875,-4.18386155590415,4.209382366129756,-6.690500677716732
2026-09-17T08:27:25.610415,1789633645610415400,19.282415283203125,-0.9708880822904408,2.9583927094757554,-4.609897349464893
2026-09-17T08:27:25.620374,1789633645620374500,19.29237451171875,-0.6506688709415495,1.603353480282426,-1.6599322765946387
2026-09-17T08:27:25.630334,1789633645630334700,19.30233471679687,-0.5366257641868666,0.670975015258789,-0.2797627343306317
2026-09-17T08:27:25.640293,1789633645640293600,19.312293701171875,-0.6105565677184611,0.334524215555191,-0.1355109152624383
2026-09-17T08:27:25.650252,1789633645650252500,19.32225244140625,-0.2182875442789867,0.0406681104749441,-0.0239478983530774
2026-09-17T08:27:25.660211,1789633645660211500,19.33221142578125,-0.0528677216335199,-0.1127870057463645,0.1681611024439334
2026-09-17T08:27:25.670170,1789633645670170600,19.342170654296876,-0.1585850995209068,-0.2258569200873375,0.4457224177401512
2026-09-17T08:27:25.680129,1789633645680129500,19.352129638671876,-0.1142886607472784,-0.3893260653227567,0.5806219231059775
2026-09-17T08:27:25.690089,1789633645690089500,19.36208935546875,-0.1518907712477259,-0.5133768078833818,0.5319663940737024
2026-09-17T08:27:25.700048,1789633645700048400,19.37204833984375,-0.2503598585072905,-0.4010188412040472,0.3663479618499055
2026-09-17T08:27:25.710007,1789633645710007600,19.382007568359377,-0.1095492842004634,-0.3198696672588587,0.1982148616577498
2026-09-17T08:27:25.719966,1789633645719966500,19.391966552734377,-0.0150090425561182,-0.0857657278299331,-0.1091816747307777
2026-09-17T08:27:25.729925,1789633645729925400,19.40192529296875,-0.2683955371418968,0.2104799027353525,-0.4009001832604408
2026-09-17T08:27:25.739885,1789633645739885600,19.411885498046875,-0.3116476362280547,0.3645890989512205,-0.5237304441154003
2026-09-17T08:27:25.749844,1789633645749844500,19.421844482421875,-0.1607641240604221,0.3629267186969518,-0.5851672018527985
2026-09-17T08:27:25.759803,1789633645759803600,19.4318037109375,-0.2519596583867445,0.2908516625672578,-0.4427718243062496
2026-09-17T08:27:25.769762,1789633645769762600,19.441762451171876,-0.2678636952875182,0.1011404070943594,-0.1466612365637905
2026-09-17T08:27:25.779721,1789633645779721500,19.451721435546876,-0.1994075968399643,0.067753685799241,-0.0507213207219727
2026-09-17T08:27:25.789681,1789633645789681400,19.461681396484376,-0.2127859877206385,0.2938309706389904,-0.3136076842546463
2026-09-17T08:27:25.799640,1789633645799640300,19.471640380859377,-0.1795081701600924,0.500000608959794,-0.6632476358771324
2026-09-17T08:27:25.809599,1789633645809599500,19.481599609375,0.0296359539268538,0.1614285793185234,-0.5357984830498695
2026-09-17T08:27:25.819558,1789633645819558700,19.49155859375,-0.1824200755514204,-0.0011643676042556,-0.0204430868362076
2026-09-17T08:27:25.829517,1789633645829517600,19.501517578125,-0.2540414330968633,0.0858224264532327,0.1847159131373278
2026-09-17T08:27:25.839477,1789633645839477500,19.5114775390625,-0.2137796384004875,0.1681061573863029,-0.0884054286837577
2026-09-17T08:27:25.849436,1789633645849436400,19.5214365234375,-0.1431077270669862,0.1764402704894542,-0.3070107702076435
2026-09-17T08:27:25.859395,1789633645859395600,19.5313955078125,-0.0840398173527792,0.178322430974245,-0.2732277430713176
2026-09-17T08:27:25.869354,1789633645869354500,19.5413544921875,-0.1583779595762491,0.1405827751666307,-0.1145885022103786
2026-09-17T08:27:25.879313,1789633645879313400,19.5513134765625,-0.0508526006851345,-0.019379238730669,0.0278360648980364
2026-09-17T08:27:25.889273,1789633645889273300,19.5612734375,-0.0474378968708217,-0.1248854398190975,0.1405553026378154
2026-09-17T08:27:25.899232,1789633645899232500,19.571232421875,-0.1215539207762107,-0.059428340524435,0.1645990260481834
2026-09-17T08:27:25.909191,1789633645909191700,19.581191650390625,0.0774687318667769,0.1247375557810068,-0.0223088989743962
2026-09-17T08:27:25.919150,1789633645919150600,19.591150634765626,0.0987848569441586,0.0054915831536054,-0.1417874747812748
2026-09-17T08:27:25.929110,1789633645929110500,19.60111059570313,-0.0710635409995913,-0.0637929654747247,-0.075633661926724
2026-09-17T08:27:25.939069,1789633645939069400,19.6110693359375,-0.0878278845241293,-0.105415600195527,0.1218845044374465
2026-09-17T08:27:25.949028,1789633645949028600,19.621028564453123,-0.0622074498489499,-0.1488046600669622,0.2826105249771848
2026-09-17T08:27:25.958987,1789633645958987500,19.630987548828124,-0.0975809610471129,-0.1183990004092454,0.2297287930846214
2026-09-17T08:27:25.968946,1789633645968946400,19.640946533203124,-0.1998020760502666,-0.0060842883497476,0.0584019018198363
2026-09-17T08:27:25.978906,1789633645978906400,19.65090625,-0.2845712671235204,0.0494978981405496,-0.0856476726745255
2026-09-17T08:27:25.988865,1789633645988865500,19.660865478515625,-0.187289252490364,-0.1100637182623147,0.0035223289072513
2026-09-17T08:27:25.998824,1789633645998824700,19.67082470703125,-0.23198449958954,-0.2015028155535459,0.1995604493141174
2026-09-17T08:27:26.008783,1789633646008783600,19.68078369140625,-0.2251715681716799,-0.2254951010376215,0.3293406389048323
2026-09-17T08:27:26.018742,1789633646018742500,19.690742431640626,-0.0540865411050617,-0.0916553703904151,0.1906020850990898
2026-09-17T08:27:26.028702,1789633646028702500,19.70070239257813,-0.0173129538506269,0.1403273391008377,-0.0756523118282668
2026-09-17T08:27:26.038661,1789633646038661400,19.710661376953126,-0.1326724404335021,0.2769967402160168,-0.3359375894844532
2026-09-17T08:27:26.048620,1789633646048620500,19.72062060546875,-0.180573753564991,0.2231798098325729,-0.397953023892641
2026-09-17T08:27:26.058579,1789633646058579500,19.730579345703124,-0.1491860605999827,0.1544903044879436,-0.2632125450134277
2026-09-17T08:27:26.068538,1789633646068538400,19.740538330078124,-0.2144740869380533,0.0221574712723493,-0.0221498724877834
2026-09-17T08:27:26.078498,1789633646078498600,19.75049853515625,-0.2162831821866333,-0.0761333916097879,0.0793430013060569
2026-09-17T08:27:26.088457,1789633646088457500,19.76045751953125,-0.2341560349423438,0.0351747737556695,-0.0178197434621397
2026-09-17T08:27:26.098416,1789633646098416600,19.770416748046873,-0.2169306132446974,0.1184989536523818,-0.1708066485166549
2026-09-17T08:27:26.108375,1789633646108375600,19.78037548828125,-0.1849074353877454,0.0785422063171863,-0.1657166501675732
2026-09-17T08:27:26.118334,1789633646118334500,19.79033447265625,-0.1249783057343214,0.0011924246549606,-0.0254804964815266
2026-09-17T08:27:26.128294,1789633646128294400,19.80029443359375,-0.0432069813027977,0.0977799907505512,-0.0155857190660666
2026-09-17T08:27:26.138253,1789633646138253600,19.810253662109375,0.0117925099287182,0.0200122759371995,0.0177799777073319
2026-09-17T08:27:26.148212,1789633646148212500,19.82021240234375,0.00954874958992,0.1140367135465145,0.01214283947004
2026-09-17T08:27:26.158171,1789633646158171400,19.83017138671875,-0.0353048298761248,0.1694330220758914,-0.0357365084248129
2026-09-17T08:27:26.168130,1789633646168130300,19.84013037109375,-0.002133504897356,0.2324707852691412,-0.0956979329126421
2026-09-17T08:27:26.178090,1789633646178090500,19.850090576171876,-0.0554452622376382,0.1542453898161649,-0.0991536171913146
2026-09-17T08:27:26.188049,1789633646188049700,19.860049560546877,-0.11791260513179,0.0928507176548242,-0.0338625129801686
2026-09-17T08:27:26.198008,1789633646198008600,19.870008544921873,-0.0731694272376596,0.0501373650878667,0.0067068041622638
2026-09-17T08:27:26.207967,1789633646207967500,19.879967529296874,-0.1204530833948403,0.0163841485679149,-0.024506669313577
2026-09-17T08:27:26.217927,1789633646217927400,19.889927490234378,-0.3014381577070802,0.1291203009098768,-0.2184767467081546
2026-09-17T08:27:26.227886,1789633646227886300,19.89988623046875,-0.2535360773906112,0.1620756450504064,-0.2776630951702594
2026-09-17T08:27:26.237845,1789633646237845500,19.909845458984375,-0.10634959311001,0.0224701904833316,-0.1207505319714546
2026-09-17T08:27:26.247804,1789633646247804400,19.919804443359375,-0.0443546169679611,0.0085895491689443,0.1176397064745426
2026-09-17T08:27:26.257763,1789633646257763600,19.929763671875,0.0973452525950968,-0.016650690549612,0.3554150278925895
2026-09-17T08:27:26.267723,1789633646267723500,19.9397236328125,0.1703808973852545,0.006165536892414,0.3633586803734302
2026-09-17T08:27:26.277682,1789633646277682700,19.9496826171875,-0.0021161153711378,0.258398422729969,0.1413222044902388
2026-09-17T08:27:26.287641,1789633646287641900,19.959641845703125,-0.1123556285917758,0.2380143908709287,-0.2060100638449191
2026-09-17T08:27:26.297601,1789633646297601000,19.96960107421875,-0.1296614951144903,0.2328887184202671,-0.2646919699162244
2026-09-17T08:27:26.307560,1789633646307560000,19.979559814453125,-0.0837841255586594,0.264396201840043,-0.227409410226345
2026-09-17T08:27:26.317520,1789633646317520000,19.989519775390622,0.0059719870816916,0.1012859530448913,-0.0125870943725109
2026-09-17T08:27:26.327478,1789633646327478800,19.999478759765623,0.0894570566285401,-0.024494974309206,0.2872124475483782
2026-09-17T08:27:26.337438,1789633646337438000,20.00943798828125,-0.0037315877437591,0.0736725544542074,0.1992050417388789
2026-09-17T08:27:26.347396,1789633646347396900,20.01939697265625,-0.1090508879579603,0.2468897712439298,-0.1054331358522176
2026-09-17T08:27:26.357355,1789633646357355800,20.029355712890624,-0.0162140526980161,0.2411830840349197,-0.1710614817942492
2026-09-17T08:27:26.367315,1789633646367315700,20.039315673828124,0.1574893401734531,0.3245236305445432,-0.062992133953236
2026-09-17T08:27:26.377275,1789633646377275000,20.04927490234375,0.1469210382774472,0.403967754137516,-0.0435930397446267
2026-09-17T08:27:26.387234,1789633646387234000,20.059234130859377,0.0078102353595197,0.4086258090764283,-0.2637087858314625
2026-09-17T08:27:26.397193,1789633646397193000,20.06919287109375,-0.1201858838260173,0.4987666832506656,-0.5165957699298859
2026-09-17T08:27:26.407151,1789633646407151900,20.07915185546875,-0.0932718656763434,0.3958592664837837,-0.4809036943018436
2026-09-17T08:27:26.417111,1789633646417111800,20.08911181640625,0.0880456554606556,0.1324409697651863,-0.0362117155879735
2026-09-17T08:27:26.427071,1789633646427071000,20.099071044921875,0.3326937852576375,0.2385071428239345,0.2747516099040396
2026-09-17T08:27:26.437030,1789633646437030000,20.10902978515625,0.1620112015120685,0.4845031800985336,0.0698363555585034
2026-09-17T08:27:26.446988,1789633646446988800,20.11898876953125,0.1262581894770264,0.7256798343926668,-0.2424000403429381
2026-09-17T08:27:26.456947,1789633646456947700,20.12894775390625,0.2385182487398386,0.8682394625902176,-0.4152484420865774
2026-09-17T08:27:26.466908,1789633646466908000,20.138907958984376,0.2573153036683798,0.9150456374287604,-0.5601496649742126
2026-09-17T08:27:26.476867,1789633646476867000,20.1488671875,0.3201036221452057,1.1351187134176492,-0.631921938765049
2026-09-17T08:27:26.486826,1789633646486826000,20.158825927734377,0.5716907574251294,1.3978449362188576,-0.6459720914274454
2026-09-17T08:27:26.496785,1789633646496785000,20.168784912109373,0.8982160831809043,2.106578311985731,-0.5746323638349771
2026-09-17T08:27:26.506743,1789633646506743800,20.178743896484377,1.3282915075212716,2.4621593440949914,-0.1692991665631532
2026-09-17T08:27:26.516703,1789633646516703700,20.18870385742187,1.6581944930166006,2.053438842472434,0.1223936230033636
2026-09-17T08:27:26.526663,1789633646526663000,20.198662841796875,1.5014821285650133,2.579105223086476,-0.5387783756434917
2026-09-17T08:27:26.536621,1789633646536621800,20.208621826171875,1.5913038537874815,3.0877865666300055,-1.2853589592456818
2026-09-17T08:27:26.546580,1789633646546580700,20.218580810546875,1.9282199329152705,2.908661587101221,-1.552148778223991
2026-09-17T08:27:26.556541,1789633646556541000,20.228541015625,2.090244432300329,2.8759149172753093,-1.5853823547840118
2026-09-17T08:27:26.566499,1789633646566499800,20.238499755859376,2.1535475684314966,3.149021079793572,-1.7891022618651389
2026-09-17T08:27:26.576459,1789633646576459000,20.248458984375,2.539581021949649,3.043812400346994,-1.1941244446158408
2026-09-17T08:27:26.586418,1789633646586418000,20.25841796875,3.046775926327705,3.349794996550679,-0.3357832757055759
2026-09-17T08:27:26.596376,1789633646596376800,20.268376953125,3.4533486022666096,3.0620068132072684,0.0330161161507479
2026-09-17T08:27:26.606336,1789633646606336800,20.27833666992187,2.8769764090269803,2.8731477906495333,0.3237339049389585
2026-09-17T08:27:26.616296,1789633646616296000,20.2882958984375,2.6610622062832117,3.1409903335511684,0.4185118277966976
2026-09-17T08:27:26.626254,1789633646626254800,20.2982548828125,1.496495280063152,3.175464850082993,0.4778804740231483
2026-09-17T08:27:26.636213,1789633646636213800,20.3082138671875,-0.5365776507288217,5.106233590698242,0.9505097495198248
2026-09-17T08:27:26.646173,1789633646646173000,20.3181728515625,0.097412911003828,6.5880947807312005,1.058116722279787
2026-09-17T08:27:26.656132,1789633646656132900,20.3281328125,0.50970601041615,6.323612069651484,1.117522850972414
2026-09-17T08:27:26.666092,1789633646666092000,20.338092041015624,1.1251239736258982,6.24320114685297,1.1412030017673969
2026-09-17T08:27:26.676051,1789633646676051000,20.348051025390625,1.7880156356722114,6.404157432484626,1.1913350330930204
2026-09-17T08:27:26.686009,1789633646686009900,20.358009765625,3.4746284139215944,6.589061579936742,1.0942834296822548
2026-09-17T08:27:26.695968,1789633646695968800,20.36796875,3.3243758931338787,5.416071693286299,0.6828641174297779
2026-09-17T08:27:26.705928,1789633646705928700,20.3779287109375,4.422098065093159,5.582285168793797,0.8183434319775551
2026-09-17T08:27:26.715887,1789633646715887900,20.38788793945313,5.306508325761556,6.974191947135329,1.090662901097536
2026-09-17T08:27:26.725846,1789633646725846800,20.3978466796875,5.583729522383213,7.360102651056647,0.9345616542816162
2026-09-17T08:27:26.735806,1789633646735806000,20.407805908203127,6.3727165845602745,6.5310056968092915,0.9004653234124184
2026-09-17T08:27:26.745764,1789633646745764900,20.417764892578123,10.596868649798632,3.6816119989737865,0.702618692278862
2026-09-17T08:27:26.755724,1789633646755724800,20.427724853515624,9.89350293854475,2.2359394359141587,0.5746621744513511
2026-09-17T08:27:26.765684,1789633646765684000,20.43768408203125,5.837183474448323,5.309499324271083,1.4957991144925356
2026-09-17T08:27:26.775643,1789633646775643000,20.447642822265625,6.789115365725755,4.327227532048523,0.8762906670987606
2026-09-17T08:27:26.785601,1789633646785601800,20.457601806640625,8.512217507460713,2.459571373428404,0.1986240452468395
2026-09-17T08:27:26.795561,1789633646795561700,20.467561767578125,8.838386567124724,3.2634611134439706,0.2731979689875617
2026-09-17T08:27:26.805521,1789633646805521000,20.47752099609375,8.943714489036799,3.332935631686449,0.0267336200814694
2026-09-17T08:27:26.815480,1789633646815480000,20.48747998046875,9.518024781310558,3.0979189613267777,-0.2303233249116688
2026-09-17T08:27:26.825439,1789633646825439000,20.49743896484375,9.505180497306585,3.097051530842483,-0.3502817566573619
2026-09-17T08:27:26.835398,1789633646835398000,20.50739794921875,8.510274556699395,3.358650503179431,-0.2409510288447141
2026-09-17T08:27:26.845357,1789633646845357800,20.51735791015625,7.728683449992537,3.1415695947438476,-0.1124890457130968
2026-09-17T08:27:26.855317,1789633646855317000,20.52731689453125,7.361460495406389,2.8428888459861277,-0.0288484933435916
2026-09-17T08:27:26.865276,1789633646865276000,20.53727587890625,7.08125940619111,2.497436993703246,-0.0098211367905139
2026-09-17T08:27:26.875234,1789633646875234800,20.54723486328125,7.161738718050718,1.7561463332027196,-0.0383790496896952
2026-09-17T08:27:26.885193,1789633646885193700,20.55719384765625,7.423072609710693,1.1847761860340833,-0.1457527982156723
2026-09-17T08:27:26.895154,1789633646895154000,20.56715380859375,7.632122187381983,1.4309709607511758,-0.314665668874979
2026-09-17T08:27:26.905113,1789633646905113000,20.577113037109378,7.45107179274857,1.6731816342681645,-0.3949310457229614
2026-09-17T08:27:26.915072,1789633646915072000,20.587072021484374,6.939771791139244,2.0900421877264974,-0.3995698114395141
2026-09-17T08:27:26.925031,1789633646925031000,20.597031005859375,6.275507671695947,2.844106405082345,-0.2698362740021199
2026-09-17T08:27:26.934990,1789633646934990800,20.606990966796875,5.681000979089736,2.893907670083642,-0.0632044980622828
2026-09-17T08:27:26.944949,1789633646944949800,20.61694970703125,5.70699174491465,2.3149212026923895,0.1915805564761161
2026-09-17T08:27:26.954909,1789633646954909000,20.626908935546876,5.564756526365876,1.736074436032772,0.2414426848191767
2026-09-17T08:27:26.964867,1789633646964867800,20.636867919921876,5.545585961949825,1.6993828279733656,0.1289327424485236
2026-09-17T08:27:26.974826,1789633646974826800,20.64682666015625,5.0726551462233065,2.2761954584568738,-0.3590840717941522
2026-09-17T08:27:26.984787,1789633646984787000,20.656786865234373,4.365967304809391,3.0857296341001987,-0.7078327736653387
2026-09-17T08:27:26.994745,1789633646994745900,20.666745849609377,3.532850301265716,3.600946516892314,-0.885036210547015
2026-09-17T08:27:27.004705,1789633647004705000,20.676705078125,2.624589209410548,3.8828853896856304,-1.0514466699313372
2026-09-17T08:27:27.014664,1789633647014664000,20.686663818359374,1.7410098466083406,3.862652748996019,-1.0783819500647485
2026-09-17T08:27:27.024622,1789633647024622800,20.696622802734375,1.1209984181284904,3.611217151015997,-1.22251598797217
2026-09-17T08:27:27.034582,1789633647034582800,20.706582763671875,0.706646924881637,3.6789649915963407,-1.4195178388446568
2026-09-17T08:27:27.044542,1789633647044542000,20.7165419921875,0.3485490876458585,4.1127269954949615,-1.5793740542799233
2026-09-17T08:27:27.054500,1789633647054500900,20.7265009765625,-0.1404977272316813,4.806728081554174,-1.7808821305304765
2026-09-17T08:27:27.064459,1789633647064459800,20.736459716796876,-1.0196424685873091,5.552476305985451,-2.0137603275567293
2026-09-17T08:27:27.074420,1789633647074420000,20.746419921875,-2.0912783053927124,6.084343294805288,-2.3302812689095735
2026-09-17T08:27:27.084379,1789633647084379000,20.75637890625,-2.942939119756222,6.565227699884772,-2.7462609478801485
2026-09-17T08:27:27.094338,1789633647094338000,20.766338134765626,-4.247192456825077,6.978038101169466,-3.128313807329535
2026-09-17T08:27:27.104297,1789633647104297000,20.776296875,-5.864665940135717,7.162929973661899,-3.7252608788251873
2026-09-17T08:27:27.114256,1789633647114256000,20.786255859375,-7.470618789261579,6.841629396817088,-4.159986174798012
2026-09-17T08:27:27.124215,1789633647124215800,20.7962158203125,-9.047444328102468,6.223231541013718,-4.208485125029087
2026-09-17T08:27:27.134174,1789633647134174700,20.8061748046875,-10.520504372042415,5.618235603097081,-4.211365648901462
2026-09-17T08:27:27.144134,1789633647144134000,20.8161337890625,-12.183022573477029,5.1768683848917485,-4.493029211884736
2026-09-17T08:27:27.154092,1789633647154092800,20.8260927734375,-14.35799111559987,4.467798324516416,-5.073305134564638
2026-09-17T08:27:27.164053,1789633647164053000,20.836052978515625,-16.076949581658837,3.790463711097836,-5.541093326705694
2026-09-17T08:27:27.174012,1789633647174012000,20.846011962890625,-17.33584606591463,2.4224779065698385,-6.31371669858098
2026-09-17T08:27:27.183970,1789633647183970800,20.855970703125,-18.26616642936468,1.025371221497655,-7.032631861144304
2026-09-17T08:27:27.193930,1789633647193930000,20.865929931640625,-19.769386049246787,-0.4382271666139364,-7.132521975916624
2026-09-17T08:27:27.203889,1789633647203889000,20.875888916015622,-21.568170331692695,-2.469760466748476,-6.609227585130929
2026-09-17T08:27:27.213848,1789633647213848800,20.885848876953126,-23.058399537098406,-3.937463952091336,-6.3259168394625185
2026-09-17T08:27:27.223807,1789633647223807700,20.895807861328127,-24.242042335188387,-4.64024631049931,-6.728676971375942
2026-09-17T08:27:27.233767,1789633647233767000,20.905766845703123,-24.711679954588412,-4.723860997775197,-7.195513561880588
2026-09-17T08:27:27.243725,1789633647243725800,20.915725830078124,-24.10604279615879,-4.0883255446881055,-6.427386332380771
2026-09-17T08:27:27.253686,1789633647253686000,20.92568603515625,-20.13842043716907,4.922745739784837,-0.1083494616903364
2026-09-17T08:27:27.263645,1789633647263645000,20.93564501953125,7.017389868348836,-3.841653800109029,-0.4147276330828666
2026-09-17T08:27:27.273603,1789633647273603800,20.945603759765625,8.851399777954816,-1.356463709038496,4.371767807781696
2026-09-17T08:27:27.283563,1789633647283563000,20.95556298828125,6.352259487465024,8.105095673206447,1.931159785759449
2026-09-17T08:27:27.293522,1789633647293522000,20.96552197265625,-4.776601823359727,1.482524622377753,0.2989665068965405
2026-09-17T08:27:27.303481,1789633647303481900,20.97548193359375,-7.297808984228968,8.094564926841855,-2.020754278097302
2026-09-17T08:27:27.313440,1789633647313440800,20.985440673828126,-11.59194702436328,6.118371236613393,-0.588044291659072
2026-09-17T08:27:27.323399,1789633647323399700,20.995399658203127,-10.597573583197594,7.325689509323239,-1.8732500331044195
2026-09-17T08:27:27.333358,1789633647333358800,21.00535888671875,-3.705359369786083,6.346578519219159,-3.2976445380747315
2026-09-17T08:27:27.343319,1789633647343319000,21.015319091796876,-2.887767852154374,3.828228501346707,-5.640903946501016
2026-09-17T08:27:27.353278,1789633647353278000,21.02527783203125,-1.070368154957145,1.4452783030450342,-5.563911892235279
2026-09-17T08:27:27.363236,1789633647363236900,21.03523681640625,0.2310997526442632,1.104844571185112,-3.4857799225330353
2026-09-17T08:27:27.373195,1789633647373195800,21.04519580078125,-1.0882350163634866,0.8615110311180353,-0.2136381110379472
2026-09-17T08:27:27.383155,1789633647383155700,21.05515576171875,-0.3878805426895618,0.2548649879068136,1.130307513743639
2026-09-17T08:27:27.393115,1789633647393115000,21.065114990234378,0.2214628498468548,-0.2152636298805475,0.5568915764937177
2026-09-17T08:27:27.403073,1789633647403073800,21.07507373046875,0.0193603148344904,-0.6163444304049015,0.2796936511497944
2026-09-17T08:27:27.413032,1789633647413032700,21.08503271484375,-0.1912870716885663,-0.4953747027248144,0.4900011929929256
2026-09-17T08:27:27.422992,1789633647422992000,21.094991943359375,-0.3145890234421938,-0.1802811638265848,0.5128256037414074
2026-09-17T08:27:27.432951,1789633647432951800,21.104951904296875,-0.0635298210265114,0.0221469498783349,-0.0069511343121528
2026-09-17T08:27:27.442911,1789633647442911000,21.114910888671876,0.1041436440309509,-0.179818222489953,-0.2960451395571232
2026-09-17T08:27:27.452870,1789633647452870000,21.124869873046876,0.1008879301706329,-0.1493938581317663,-0.1826046018054708
2026-09-17T08:27:27.462828,1789633647462828800,21.134828857421876,-0.1457569264015182,0.0402080917477607,-0.0014449381113052
2026-09-17T08:27:27.472788,1789633647472788700,21.144788818359373,-0.2759122511812485,0.0295686243116855,0.0641863487064838
2026-09-17T08:27:27.482748,1789633647482748000,21.154747802734377,-0.1693099071528762,0.0212362647742033,-0.0499708128819242
2026-09-17T08:27:27.492706,1789633647492706800,21.164706787109377,-0.226978617593646,0.2878565724045038,-0.3309516908306628
2026-09-17T08:27:27.502666,1789633647502666000,21.174666015625,-0.169821035012789,0.3720014210343361,-0.5537281074941158
2026-09-17T08:27:27.512625,1789633647512625000,21.184625,0.0139526836372911,0.1411824946254491,-0.3995452615201473
2026-09-17T08:27:27.522584,1789633647522584800,21.194584716796875,0.0311355813674628,-0.0498708231061697,-0.0067758142778649
2026-09-17T08:27:27.532544,1789633647532544000,21.2045439453125,-0.0251600871544331,-0.1234498540580272,0.2872807818105444
2026-09-17T08:27:27.542503,1789633647542503000,21.2145029296875,0.0707482279727235,-0.1552753173857927,0.332657252639532
2026-09-17T08:27:27.552461,1789633647552461800,21.2244619140625,0.0526472290169447,-0.0159334821909666,0.1471779356479644
2026-09-17T08:27:27.562421,1789633647562421800,21.234421875,-0.1264244128894061,0.1057885251611471,-0.0361656114239245
2026-09-17T08:27:27.572380,1789633647572380700,21.244380615234373,-0.2055893542148172,0.1679851613551378,-0.1325123179683461
2026-09-17T08:27:27.582339,1789633647582339800,21.25433984375,-0.1405768203498795,0.09256021027565,-0.0795920258973725
2026-09-17T08:27:27.592299,1789633647592299000,21.264299072265626,-0.0602658507945016,0.0330202260702848,0.0570458658346906
2026-09-17T08:27:27.602259,1789633647602259000,21.274259033203126,0.0059986924255266,0.1243465106368064,0.0574701921939849
2026-09-17T08:27:27.612217,1789633647612217900,21.2842177734375,-0.0531089282445609,0.1713210277795791,-0.0788613552689552
2026-09-17T08:27:27.622176,1789633647622176800,21.2941767578125,-0.1182822421617805,0.2319230882585048,-0.2315442998076789
2026-09-17T08:27:27.632136,1789633647632136000,21.304135986328124,-0.0189491036850959,0.1871305913299322,-0.2181575977563858
2026-09-17T08:27:27.642094,1789633647642094800,21.3140947265625,0.0283129251621663,0.1801058072596788,-0.0531564206480979
2026-09-17T08:27:27.652054,1789633647652054800,21.3240546875,0.0821317552417516,0.0702607001841068,0.1386450851023197
2026-09-17T08:27:27.662013,1789633647662013700,21.334013671875,0.0689283556018024,0.0377273808479309,0.2334802545726299
2026-09-17T08:27:27.671972,1789633647671972900,21.343972900390625,-0.0351814226921647,0.1127297226011753,0.1258054681403096
2026-09-17T08:27:27.681932,1789633647681932000,21.35393212890625,-0.1675581681147217,0.1701402935624122,-0.0771101276874542
2026-09-17T08:27:27.691892,1789633647691892000,21.36389208984375,-0.1666537666209042,0.2028261731117963,-0.2598094585716724
2026-09-17T08:27:27.701851,1789633647701851000,21.373850830078126,-0.1389570736609399,0.2715752996891736,-0.3801677763551473
2026-09-17T08:27:27.711809,1789633647711809800,21.383809814453127,-0.1383571350064128,0.3012619974225759,-0.3584446048468351
2026-09-17T08:27:27.721769,1789633647721769000,21.39376904296875,-0.2366517972808331,0.3461906879514456,-0.3334866892009973
2026-09-17T08:27:27.731728,1789633647731728000,21.403727783203124,-0.2199918274462222,0.4073953904986381,-0.3271516409605741
2026-09-17T08:27:27.741687,1789633647741687800,21.413687744140624,0.0178900961514562,0.3213251267641782,-0.2314776825785637
2026-09-17T08:27:27.751647,1789633647751647000,21.42364697265625,-0.0676986676763743,0.1936170307397842,-0.0847515823513269
2026-09-17T08:27:27.761606,1789633647761606000,21.43360595703125,-0.1055631919726729,0.2571183197915554,-0.0397153306616004
2026-09-17T08:27:27.771565,1789633647771565000,21.44356494140625,-0.039538594988361,0.0882499458611011,0.0261760592639446
2026-09-17T08:27:27.781525,1789633647781525000,21.45352490234375,-0.0807780025452375,0.0789472799867391,0.0825537800461053
2026-09-17T08:27:27.791484,1789633647791484000,21.46348388671875,-0.1477795548029243,0.0460188238531351,-0.0056750864943489
2026-09-17T08:27:27.801442,1789633647801442800,21.47344287109375,-0.1582780063331127,0.0731593442350626,-0.0609708755250088
2026-09-17T08:27:27.811401,1789633647811401700,21.483401611328127,-0.0593579056367278,0.0434223776191473,-0.0264215584576129
2026-09-17T08:27:27.821361,1789633647821361700,21.493361572265623,0.0596443213626742,0.1510369491636753,0.0812836139798164
2026-09-17T08:27:27.831320,1789633647831320800,21.50332080078125,0.1492468508765101,0.1430892050296068,0.2012327481742017
2026-09-17T08:27:27.841280,1789633647841280000,21.513280029296876,0.0419080275334417,0.1247170975148677,0.1222632563556544
2026-09-17T08:27:27.851239,1789633647851239000,21.523239013671876,-0.0599292757838964,0.3121130617827177,-0.1847025239327922
2026-09-17T08:27:27.861198,1789633647861198800,21.53319873046875,-0.1337220956169068,0.495841735714674,-0.497928478860855
2026-09-17T08:27:27.871157,1789633647871157800,21.54315771484375,0.0139915543429553,0.5421621728628874,-0.4788134440243244
2026-09-17T08:27:27.881117,1789633647881117000,21.553116943359377,0.2308598429411649,0.4803694412946701,-0.2484182777191512
2026-09-17T08:27:27.891075,1789633647891075800,21.563075927734378,0.1717876223780214,0.4064718459129333,-0.1955231931546703
2026-09-17T08:27:27.901034,1789633647901034800,21.57303466796875,-0.0490383178047835,0.2930664160072803,-0.3792021461933851
2026-09-17T08:27:27.910994,1789633647910994700,21.58299462890625,0.0227162741988897,0.4055617453306913,-0.488887094271183
2026-09-17T08:27:27.920954,1789633647920954000,21.5929541015625,0.1946003426887095,0.4420557849913835,-0.2582721477354877
2026-09-17T08:27:27.930913,1789633647930913000,21.6029130859375,0.4121216883681714,0.609004589036107,0.1772323159162886
2026-09-17T08:27:27.940872,1789633647940872000,21.612871826171876,0.7401392985083163,0.7676087585836648,0.6730202573508024
2026-09-17T08:27:27.950831,1789633647950831900,21.622831787109376,0.7940551592215895,1.0035767383188008,0.5289069699704647
2026-09-17T08:27:27.960790,1789633647960790800,21.632790771484373,0.6645853142216801,1.3613918130904434,-0.1532692017277702
2026-09-17T08:27:27.970750,1789633647970750000,21.64275,0.6922732393532991,1.5337947908878329,-0.7742384058564901
2026-09-17T08:27:27.980708,1789633647980708900,21.652708984375,0.8067872150227428,1.886709234136343,-1.0587369000047444
2026-09-17T08:27:27.990668,1789633647990668800,21.66266870117187,1.0986474701106548,2.337549214085936,-1.194905365860462
2026-09-17T08:27:28.000628,1789633648000628000,21.6726279296875,1.385415662756562,3.2461078275829554,-1.70069917126894
2026-09-17T08:27:28.010587,1789633648010587000,21.6825869140625,2.032840875601768,4.020854767483472,-1.9246254155546425
2026-09-17T08:27:28.020546,1789633648020546000,21.692546142578124,2.8679975682795047,4.37578931838274,-1.517585414364934
2026-09-17T08:27:28.030505,1789633648030505000,21.7025048828125,3.3369252858445044,4.5440269931942225,-1.0464666164964438
2026-09-17T08:27:28.040465,1789633648040465000,21.71246484375,3.6223610608428713,5.312545852360129,-1.1906342644125223
2026-09-17T08:27:28.050423,1789633648050423800,21.722423828125,4.510131445594132,5.882720067742467,-1.1173954252004623
2026-09-17T08:27:28.060382,1789633648060382700,21.7323828125,5.284651883262396,5.558345490279794,-0.4866781860500573
2026-09-17T08:27:28.070342,1789633648070342000,21.742341796875,5.572080585643649,5.9244987698078155,0.1927829180032014
2026-09-17T08:27:28.080302,1789633648080302000,21.75230200195313,5.5150926240086555,6.49076253374815,0.7127291674047708
2026-09-17T08:27:28.090261,1789633648090261000,21.76226098632813,3.314363033163547,7.703683448770642,1.5969664095938203
2026-09-17T08:27:28.100220,1789633648100220000,21.772219970703127,0.0926391207307577,9.712692197886108,1.922435212033987
2026-09-17T08:27:28.110179,1789633648110179000,21.782178955078123,-1.4823831680804491,12.272602891159057,0.9713035312235356
2026-09-17T08:27:28.120139,1789633648120139000,21.792138916015624,-1.9596248327434065,11.485009913688897,0.3709153793632984
2026-09-17T08:27:28.130098,1789633648130098000,21.802097900390624,1.5638029756605625,11.885761628389355,-0.1365326321261469
2026-09-17T08:27:28.140056,1789633648140056800,21.812056884765624,4.678044418495893,10.87641624354124,-0.0257213058003457
2026-09-17T08:27:28.150015,1789633648150015700,21.822015625,6.4957064198911185,9.613941316276788,0.9512912552863358
2026-09-17T08:27:28.159975,1789633648159975700,21.8319755859375,8.301018642801045,10.559168156957623,1.2654431294202804
2026-09-17T08:27:28.169935,1789633648169935000,21.84193505859375,10.338798728370666,10.15640919408798,1.5034031597554682
2026-09-17T08:27:28.179894,1789633648179894000,21.85189404296875,14.0317063206017,6.026619420111179,1.087636246752739
2026-09-17T08:27:28.189853,1789633648189853000,21.86185302734375,13.18883861515522,4.4570872531488535,0.9978829105913638
2026-09-17T08:27:28.199812,1789633648199812900,21.871812744140627,7.271018007937073,7.504351547515392,2.315932425561547
2026-09-17T08:27:28.209771,1789633648209771800,21.881771728515623,8.386999474686384,5.173751714175939,2.4809306800603865
2026-09-17T08:27:28.219731,1789633648219731000,21.89173095703125,10.054985293877124,1.0668480180069804,2.046682938471436
2026-09-17T08:27:28.229689,1789633648229689900,21.90168994140625,10.212181934714316,1.4687623467460271,2.4948417165130374
2026-09-17T08:27:28.239648,1789633648239648800,21.911648681640624,9.76610230103433,1.637638903982937,2.4607138214617965
2026-09-17T08:27:28.249609,1789633648249609000,21.92160888671875,10.378877056258917,1.8936659214064475,2.287332354021072
2026-09-17T08:27:28.259567,1789633648259567900,21.93156787109375,10.580837552452088,2.0597858734115957,2.4445552983433005
2026-09-17T08:27:28.269527,1789633648269527000,21.941527099609377,9.786294609713554,2.3765911846637726,2.9356898792803285
2026-09-17T08:27:28.279485,1789633648279485200,21.95148510742187,8.8193334916085,2.4058292618468404,3.3234231224536894
2026-09-17T08:27:28.289445,1789633648289445000,21.961445068359374,8.264359767967463,2.020256411577761,3.5696769338816403
2026-09-17T08:27:28.299404,1789633648299404000,21.971404052734375,7.99571058485806,1.4180021735846997,3.711616968876123
2026-09-17T08:27:28.309363,1789633648309363200,21.98136328125,7.630767850163578,0.9482786294668912,3.67906874423176
2026-09-17T08:27:28.319322,1789633648319322000,21.991322021484375,7.0299261093169445,0.5849211181372403,3.4902135210663077
2026-09-17T08:27:28.329282,1789633648329282300,22.0012822265625,6.195741476541757,0.1777308948218822,3.280686973533034
2026-09-17T08:27:28.339241,1789633648339241200,22.0112412109375,5.323052633327245,-0.158570267277956,3.039817777752876
2026-09-17T08:27:28.349200,1789633648349200100,22.0212001953125,4.698257185441255,0.0341606282770633,2.7928829983234404
2026-09-17T08:27:28.359159,1789633648359159300,22.0311591796875,4.207917554274201,0.6112485685706138,2.539498604363203
2026-09-17T08:27:28.369119,1789633648369119200,22.041119140625,3.6165532513469456,1.1531634886741635,2.333153024953603
2026-09-17T08:27:28.379078,1789633648379078100,22.051078125,3.1129771219879387,1.706307074278593,2.0996879679501057
2026-09-17T08:27:28.389037,1789633648389037000,22.061037109375,2.4806769975602627,2.314641801229119,1.9287131232596932
2026-09-17T08:27:28.398996,1789633648398996200,22.070996337890627,1.733652177321911,2.4681910254746673,1.90585422571972
2026-09-17T08:27:28.408956,1789633648408956400,22.080956298828124,0.8989028964012861,2.474635379308462,1.8760284117765724
2026-09-17T08:27:28.418915,1789633648418915300,22.090915283203124,0.4211190876856446,2.3781401676714418,1.9585050349332391
2026-09-17T08:27:28.428874,1789633648428874200,22.100874267578124,-0.0540519081830978,2.4690730690062046,1.793532499397546
2026-09-17T08:27:28.438833,1789633648438833200,22.110833251953125,-0.4539171954378485,2.9854397063553333,1.6385710702665148
2026-09-17T08:27:28.448793,1789633648448793000,22.12079296875,-0.7853276628866791,3.6725691530793902,1.58167414791584
2026-09-17T08:27:28.458752,1789633648458752300,22.130752197265625,-1.2958373909011482,4.504323928359151,1.6843699677586554
2026-09-17T08:27:28.468711,1789633648468711200,22.140711181640626,-1.803779314254224,5.226204370468855,1.885463471858948
2026-09-17T08:27:28.478670,1789633648478670000,22.150670166015622,-2.238517615839094,5.68382831147015,2.071287949026376
2026-09-17T08:27:28.488629,1789633648488629000,22.16062890625,-2.8111078063219783,6.170251061454415,2.0166461121261117
2026-09-17T08:27:28.498589,1789633648498589200,22.170589111328123,-3.463785532867908,6.74781597160995,1.7665777108460663
2026-09-17T08:27:28.508548,1789633648508548400,22.18054833984375,-4.510204218569398,7.493117036795616,1.5638018066167831
2026-09-17T08:27:28.518507,1789633648518507300,22.19050732421875,-5.736065279185771,7.966141376024484,1.4995938306003809
2026-09-17T08:27:28.528466,1789633648528466200,22.200466064453124,-6.773817258828878,8.059962400016188,1.4532026663035154
2026-09-17T08:27:28.538426,1789633648538426000,22.210426025390625,-7.570847342208028,8.233165003758668,1.3531839567154644
2026-09-17T08:27:28.548385,1789633648548385000,22.220385009765625,-8.820272233763337,8.40384773363471,1.174530686351657
2026-09-17T08:27:28.558344,1789633648558344200,22.23034423828125,-10.74469072856903,8.467989658677578,0.5428104076385498
2026-09-17T08:27:28.568303,1789633648568303000,22.24030322265625,-12.616940060198306,7.868892131149768,-0.6964543244302273
2026-09-17T08:27:28.578263,1789633648578263300,22.25026318359375,-14.371257424408196,6.389963487437367,-2.497739191520214
2026-09-17T08:27:28.588222,1789633648588222200,22.26022216796875,-16.02349154771566,4.803478724369406,-3.7822938486456863
2026-09-17T08:27:28.598181,1789633648598181000,22.27018115234375,-18.36238223953843,2.385143324431777,-4.462348826938867
2026-09-17T08:27:28.608140,1789633648608140300,22.280140380859375,-20.761034449362754,-0.6517068356871605,-5.12999674360156
2026-09-17T08:27:28.618100,1789633648618100200,22.290100341796876,-22.995402105915545,-3.326460298192501,-5.79155277312994
2026-09-17T08:27:28.628059,1789633648628059100,22.30005908203125,-24.652986942601203,-4.3030327097296714,-6.385160471069812
2026-09-17T08:27:28.638018,1789633648638018000,22.31001806640625,-25.274289287674424,-4.972350605431199,-6.773581111985445
2026-09-17T08:27:28.647977,1789633648647977200,22.319977294921873,-25.26321844308376,-5.433757572102547,-6.885982333284616
2026-09-17T08:27:28.657937,1789633648657937400,22.3299375,-25.468684901571272,-4.854820204550028,-7.199517536824941
2026-09-17T08:27:28.667896,1789633648667896300,22.339896240234378,-28.169173693835734,-2.920036383074522,-4.465020091974735
2026-09-17T08:27:28.677855,1789633648677855200,22.349855224609374,-5.208110495373607,0.2550368373423815,-4.4199967088997365
2026-09-17T08:27:28.687814,1789633648687814100,22.359814208984375,12.322828519052266,-1.9408371301651,-0.392869875409454
2026-09-17T08:27:28.697774,1789633648697774000,22.369774169921875,15.059291126495598,10.715486845916509,-5.940194351589679
2026-09-17T08:27:28.707733,1789633648707733200,22.379733154296876,3.948956236964464,2.3734686687290667,-8.051653421354294
2026-09-17T08:27:28.717692,1789633648717692200,22.389692138671876,-5.257979564914107,6.716850339981913,-8.052621389603614
2026-09-17T08:27:28.727651,1789633648727651000,22.399651123046876,-10.753767184472084,8.213705685529112,-2.752297305434942
2026-09-17T08:27:28.737611,1789633648737611000,22.409611083984377,-17.202787841033935,5.709278394547105,3.256587720543146
2026-09-17T08:27:28.747570,1789633648747570200,22.419570068359373,-11.348421176594496,8.702659999817609,-0.6700421183228492
2026-09-17T08:27:28.757529,1789633648757529300,22.429529296875,-3.2645445247665044,7.948218181321025,-0.2652303145766258
2026-09-17T08:27:28.767488,1789633648767488300,22.43948828125,-1.1328835017114878,0.5373071340471506,-3.2763761245965957
2026-09-17T08:27:28.777447,1789633648777447200,22.449447265625,1.542355260092765,-0.635924160143733,-5.313722494924068
2026-09-17T08:27:28.787407,1789633648787407000,22.459406982421875,0.3386235041001811,0.137012515464425,-3.524046232563257
2026-09-17T08:27:28.797366,1789633648797366000,22.469365966796875,-1.17466001181975,0.0783235951304435,0.5844412256658077
2026-09-17T08:27:28.807325,1789633648807325200,22.4793251953125,0.0669639236610382,0.2650719091445207,2.157379109418392
2026-09-17T08:27:28.817284,1789633648817284000,22.4892841796875,-0.0291912058340385,-0.299562792289257,1.3153542845368384
2026-09-17T08:27:28.827244,1789633648827244300,22.499244384765625,-0.143234842311684,-0.7125210776120424,-0.0441442986855283
2026-09-17T08:27:28.837203,1789633648837203200,22.509203125,-0.1714156837930902,-0.4120534454375505,-0.3418623033583164
2026-09-17T08:27:28.847162,1789633648847162400,22.519162353515625,-0.1860273062631487,-0.2302437568694353,0.2466284716929309
2026-09-17T08:27:28.857121,1789633648857121300,22.529121337890626,0.1477237329624593,-0.1099076509177684,0.3917617680370807
2026-09-17T08:27:28.867081,1789633648867081200,22.53908129882813,-0.0379125646891072,0.0988017350137233,-0.0267372185443528
2026-09-17T08:27:28.877040,1789633648877040000,22.5490400390625,-0.2944642270412296,0.2596919696718454,-0.4265385189184918
2026-09-17T08:27:28.886999,1789633648886999000,22.5589990234375,-0.1250233139198273,0.1080745902717113,-0.3701461485564708
2026-09-17T08:27:28.896958,1789633648896958200,22.568958251953124,0.1402849247312173,-0.1959264767259359,0.1314601420342922
2026-09-17T08:27:28.906918,1789633648906918400,22.57891845703125,0.139369892245531,-0.2709399243950843,0.491089572751522
2026-09-17T08:27:28.916877,1789633648916877300,22.588877197265624,-0.1043944039216265,-0.0345540115088224,0.3684381755948066
2026-09-17T08:27:28.926836,1789633648926836200,22.598836181640625,-0.0656223728589713,0.0616226356983184,0.1099351234465837
2026-09-17T08:27:28.936795,1789633648936795100,22.608795166015625,-0.0657956105340272,0.180267719823122,-0.1698760896682739
2026-09-17T08:27:28.946755,1789633648946755000,22.61875512695313,-0.3030116541014984,0.3258773832410573,-0.2630669990628957
2026-09-17T08:27:28.956714,1789633648956714200,22.62871435546875,0.1123062364920973,0.0902192001074552,-0.0689402652353048
2026-09-17T08:27:28.966673,1789633648966673200,22.63867309570313,0.1986176885712891,-0.2708335414111614,0.4042874876111745
2026-09-17T08:27:28.976632,1789633648976632000,22.648632080078126,0.0542743187621235,-0.1940600983321666,0.7665127800405025
2026-09-17T08:27:28.986592,1789633648986592000,22.658592041015623,0.0283710120249539,0.3174509156793356,0.4764467514256015
2026-09-17T08:27:28.996551,1789633648996551200,22.66855126953125,-0.101764457276836,0.284146611970663,-0.1829278789430856
2026-09-17T08:27:29.006510,1789633649006510300,22.67851025390625,-0.6193398128286004,0.3927063554108143,-0.8746312094539404
2026-09-17T08:27:29.016469,1789633649016469200,22.68846923828125,-0.6377593396816402,0.4174976823180913,-0.9294324746996164
2026-09-17T08:27:29.026429,1789633649026429200,22.69842919921875,-0.2140942938402295,-0.0230535433292388,-0.1717587981423363
2026-09-17T08:27:29.036388,1789633649036388000,22.70838818359375,-0.2223682742539793,-0.0409007501870393,0.3307020634511485
2026-09-17T08:27:29.046347,1789633649046347300,22.71834716796875,-0.4146551523685455,0.0190419696003198,0.0466788221318274
2026-09-17T08:27:29.056306,1789633649056306200,22.72830615234375,-0.3907380510125309,0.1406482416182756,-0.4732406123280525
2026-09-17T08:27:29.066266,1789633649066266000,22.73826611328125,-0.2857566044505685,0.311651874011755,-0.5900987399708479
2026-09-17T08:27:29.076225,1789633649076225300,22.748225341796875,-0.1217163813289254,0.4157131369888782,-0.4446831378202885
2026-09-17T08:27:29.086184,1789633649086184200,22.75818408203125,-0.143091031660512,0.4762690202385187,-0.4956717129100114
2026-09-17T08:27:29.096143,1789633649096143400,22.768143310546876,-0.2164716904960572,0.4389525582790374,-0.609585092337802
2026-09-17T08:27:29.106103,1789633649106103300,22.778103271484376,-0.0885868496652692,0.3885580035597086,-0.4494557590495794
2026-09-17T08:27:29.116062,1789633649116062200,22.788062255859376,-0.0830612181115895,0.3713794897437095,-0.2497333971720188
2026-09-17T08:27:29.126021,1789633649126021000,22.798021240234377,-0.121956765956059,0.5460018971562385,-0.5221715242356062
2026-09-17T08:27:29.135980,1789633649135980000,22.80797998046875,-0.1213016630481928,0.5216735115855932,-0.7747778464954346
2026-09-17T08:27:29.145939,1789633649145939200,22.817939208984377,-0.0937312268164008,0.4930535663008689,-0.6393892059057951
2026-09-17T08:27:29.155899,1789633649155899400,22.8278994140625,0.2381084988951683,0.2061480110108852,0.1976677674353122
2026-09-17T08:27:29.165858,1789633649165858300,22.8378583984375,0.6710667121302336,0.102187285798788,1.1250311077106745
2026-09-17T08:27:29.175817,1789633649175817200,22.847817138671875,0.2217019192997366,0.137598206397891,0.9491817888516932
2026-09-17T08:27:29.185776,1789633649185776000,22.857776123046875,-0.0513191222183406,0.2490735450237989,0.1898135468035936
2026-09-17T08:27:29.195736,1789633649195736000,22.867736083984376,0.0995198201552033,0.5066968917280436,-0.3569365383714437
2026-09-17T08:27:29.205695,1789633649205695200,22.8776953125,-0.1128150627970695,0.329585590109229,-0.3863584476888179
2026-09-17T08:27:29.215654,1789633649215654100,22.887654052734376,-0.1272749653041362,0.349813554623723,-0.2967570872187614
2026-09-17T08:27:29.225613,1789633649225613000,22.897613037109377,0.1432612005956471,0.5124795667827129,-0.1534083544701337
2026-09-17T08:27:29.235573,1789633649235573200,22.9075732421875,0.1876174980640411,0.7010106725603341,-0.2643745014648884
2026-09-17T08:27:29.245532,1789633649245532200,22.9175322265625,0.0251832488343119,0.7304822662383318,-0.6097276426136493
2026-09-17T08:27:29.255491,1789633649255491300,22.9274912109375,0.0175584530442953,0.8775333606362342,-0.955737128779292
2026-09-17T08:27:29.265450,1789633649265450200,22.9374501953125,0.1791390080541372,1.0338315913289784,-0.923460926009342
2026-09-17T08:27:29.275410,1789633649275410200,22.94741015625,0.3486664304152131,0.9462205278933048,-0.6877115574609488
2026-09-17T08:27:29.285370,1789633649285370000,22.9573701171875,0.2963276097603142,0.8183990346223116,-0.4701501720320433
2026-09-17T08:27:29.295329,1789633649295329000,22.9673291015625,0.366288157954067,0.9216156634688376,-0.29841946747303
2026-09-17T08:27:29.305288,1789633649305288200,22.9772880859375,0.5049336814478039,1.2158131293326615,-0.3785188401043415
2026-09-17T08:27:29.315248,1789633649315248000,22.987248046875,0.6896005130127072,1.1917436869591471,-0.3816039466381072
2026-09-17T08:27:29.325207,1789633649325207000,22.99720703125,0.7182534837841987,1.203840951988101,-0.2838140920806676
2026-09-17T08:27:29.335166,1789633649335166000,23.007166015625,0.8274468489527702,1.4603607213646173,-0.3086539343047887
2026-09-17T08:27:29.345124,1789633649345124900,23.017124755859378,1.188417465145886,1.765858748921752,-0.3799515032559633
2026-09-17T08:27:29.355084,1789633649355084800,23.027084716796875,1.3407970610901712,1.850578182569146,-0.5617313812077045
2026-09-17T08:27:29.365044,1789633649365044200,23.037044189453123,1.4860279543235897,2.2539590767294166,-0.9891418971877544
2026-09-17T08:27:29.375003,1789633649375003100,23.047003173828124,1.8030603523299096,2.951526915359497,-1.3632646212249993
2026-09-17T08:27:29.384962,1789633649384962000,23.056962158203124,2.4223931508958336,4.024798536673188,-1.2621347355246544
2026-09-17T08:27:29.394922,1789633649394922000,23.066921875,3.3148829653844234,4.613790265250206,-0.732995710363984
2026-09-17T08:27:29.404881,1789633649404881000,23.076880859375,4.174886514548957,4.435659557455778,-0.2125917803227901
2026-09-17T08:27:29.414840,1789633649414840000,23.086840087890625,4.9358396146357055,5.175156320276856,-0.3828449596751481
2026-09-17T08:27:29.424799,1789633649424799000,23.096799072265625,5.655540959140658,5.294487048578262,-0.018034911449626
2026-09-17T08:27:29.434759,1789633649434759000,23.10675903320313,5.857091120967269,5.358689763897657,1.1173206794638186
2026-09-17T08:27:29.444718,1789633649444718000,23.11671801757813,5.367681464126706,5.791823991286754,2.3417957656145094
2026-09-17T08:27:29.454677,1789633649454677000,23.126677001953126,3.3496079495459794,6.744256817823648,3.3497552490621803
2026-09-17T08:27:29.464636,1789633649464636200,23.13663623046875,1.5677847387731074,8.268013029778004,3.1448318114101883
2026-09-17T08:27:29.474596,1789633649474596000,23.14659619140625,-2.1895424263983965,11.481181295311451,2.0224001456081866
2026-09-17T08:27:29.484555,1789633649484555000,23.156554931640624,-2.9873692131131886,12.743626996481416,1.0691618479073046
2026-09-17T08:27:29.494514,1789633649494514000,23.166513916015624,-0.251542565485835,12.005579263424872,0.3777588885825127
2026-09-17T08:27:29.504473,1789633649504473000,23.17647314453125,2.564120419922471,11.564340055513382,-0.3731261872805654
2026-09-17T08:27:29.514433,1789633649514433000,23.18643310546875,6.620292584502697,10.55806224154234,0.1633973951734602
2026-09-17T08:27:29.524392,1789633649524392000,23.19639184570313,8.677502177685499,11.193992831426858,1.5626041212648152
2026-09-17T08:27:29.534351,1789633649534351000,23.20635107421875,9.833304198169708,10.787917291355132,1.7270207764834165
2026-09-17T08:27:29.544310,1789633649544310000,23.21631005859375,11.537586488622429,8.568057468104362,1.054445486421138
2026-09-17T08:27:29.554270,1789633649554270000,23.22627001953125,14.47371826645136,5.671029620173573,1.3965404294915496
2026-09-17T08:27:29.564229,1789633649564229000,23.23622900390625,7.258672321105003,7.133505726256966,1.5827305251009762
2026-09-17T08:27:29.574188,1789633649574188000,23.24618798828125,4.494437325116992,9.993838458997011,3.262274534007907
2026-09-17T08:27:29.584147,1789633649584147000,23.25614697265625,7.00686555172503,4.377387108968198,2.4297248089581727
2026-09-17T08:27:29.594107,1789633649594107000,23.26610693359375,9.406364149245618,1.5083026222348213,3.081747286465764
2026-09-17T08:27:29.604065,1789633649604065800,23.276065673828125,9.060704207170009,2.1558196050167084,3.2872458936572073
2026-09-17T08:27:29.614025,1789633649614025200,23.286025146484373,9.45238706475198,1.9563325131997464,2.9689205332309005
2026-09-17T08:27:29.623984,1789633649623984000,23.295984130859377,10.553051719903944,1.8397355937764048,2.9052994171917437
2026-09-17T08:27:29.633944,1789633649633944000,23.30594409179687,10.77938093367815,2.3161907842367886,3.0121523567140103
2026-09-17T08:27:29.643903,1789633649643903000,23.315903076171875,10.214031361973284,2.5412790580391884,3.463292488653958
2026-09-17T08:27:29.653862,1789633649653862000,23.32586181640625,9.915456411677598,2.193264077270031,3.79542717872411
2026-09-17T08:27:29.663821,1789633649663821000,23.335821044921875,9.574811082893609,1.813567133297026,3.847912275981902
2026-09-17T08:27:29.673781,1789633649673781000,23.345781005859376,8.873983950206636,1.3665771067738532,3.823437467677891
2026-09-17T08:27:29.683740,1789633649683740000,23.355739990234376,7.949055801188945,1.0711211652815342,3.84818787805289
2026-09-17T08:27:29.693699,1789633649693699000,23.365698974609376,6.734376059800386,1.0536024597257374,3.868502936328947
2026-09-17T08:27:29.703658,1789633649703658000,23.375657958984377,5.275555553615093,1.2751707427084444,3.9668592656627295
2026-09-17T08:27:29.713618,1789633649713618000,23.385617919921874,3.994745928236842,1.2058721655547615,4.1462510794341565
2026-09-17T08:27:29.723577,1789633649723577000,23.3955771484375,3.193433637493849,0.8441431322097778,4.365580935840309
2026-09-17T08:27:29.733536,1789633649733536000,23.40553588867187,2.7015175507903098,0.4456307208687067,4.49538220475167
2026-09-17T08:27:29.743495,1789633649743495000,23.415494873046875,2.635136322388053,0.3926052331238985,4.44993270521909
2026-09-17T08:27:29.753454,1789633649753454800,23.425454833984375,2.321779982545972,1.1385919424861668,4.3501989500522615
2026-09-17T08:27:29.763414,1789633649763414000,23.4354140625,1.6465893954187631,2.0745862599194047,4.536000630865991
2026-09-17T08:27:29.773373,1789633649773373000,23.445373046875,0.9473960014134644,2.5819524292111393,4.723692655470967
2026-09-17T08:27:29.783332,1789633649783332000,23.45533203125,0.4641407755494117,2.798538247606158,4.812636428815126
2026-09-17T08:27:29.793292,1789633649793292000,23.4652919921875,0.1989943398639559,3.1271494397252795,4.806827450275421
2026-09-17T08:27:29.803251,1789633649803251000,23.4752509765625,-0.1718614182665944,3.796675425219536,4.94343956824541
2026-09-17T08:27:29.813210,1789633649813210000,23.48521020507813,-0.8332093580022454,4.542510158890486,5.114041634100675
2026-09-17T08:27:29.823169,1789633649823169000,23.4951689453125,-1.4186293655723332,5.2900224703848355,5.177576240900159
2026-09-17T08:27:29.833129,1789633649833129000,23.50512890625,-1.8638092739336192,5.974904430443048,5.24338872950375
2026-09-17T08:27:29.843088,1789633649843088000,23.515087890625,-2.31260766505301,6.705000912234187,5.277853309163451
2026-09-17T08:27:29.853046,1789633649853046800,23.525046875,-2.8860750767618417,7.261689623099565,5.210242831227183
2026-09-17T08:27:29.863006,1789633649863006200,23.535006103515624,-3.520924008889496,7.573380660077929,4.963562318819761
2026-09-17T08:27:29.872966,1789633649872966100,23.544966064453124,-4.068191395936906,8.114141733971238,4.587303824862838
2026-09-17T08:27:29.882925,1789633649882925000,23.554925048828125,-4.75223105995208,9.034060530394315,4.1067315544724465
2026-09-17T08:27:29.892884,1789633649892884000,23.564884033203125,-5.624185451412201,10.203381373143197,3.536884671348333
2026-09-17T08:27:29.902843,1789633649902843000,23.5748427734375,-6.737067783102392,11.39820958211422,2.846327588263154
2026-09-17T08:27:29.912802,1789633649912802800,23.584802734375,-8.514404203850031,11.675474033355712,1.1507019939314571
2026-09-17T08:27:29.922762,1789633649922762000,23.594761962890622,-10.296218646794555,11.49640107627511,-1.3877046504765749
2026-09-17T08:27:29.932721,1789633649932721000,23.604720947265623,-12.811977479130029,9.934919821560383,-3.3009844961524006
2026-09-17T08:27:29.942680,1789633649942680000,23.61468017578125,-15.775024151891468,7.525845586442947,-4.765389524471759
2026-09-17T08:27:29.952640,1789633649952640000,23.624639892578124,-18.02371843996048,4.746612927809357,-5.766790087795258
2026-09-17T08:27:29.962599,1789633649962599000,23.634598876953124,-19.585069930815695,1.81136845420897,-6.033790334653854
2026-09-17T08:27:29.972558,1789633649972558000,23.64455810546875,-21.4563372656703,-1.5029109923243522,-5.8095162998437875
2026-09-17T08:27:29.982517,1789633649982517000,23.65451708984375,-23.74824993321895,-3.374364789661765,-5.83737578215003
2026-09-17T08:27:29.992477,1789633649992477000,23.664476806640625,-25.92501178849935,-1.9892969174295665,-6.893231573760509
2026-09-17T08:27:30.002435,1789633650002435800,23.674435791015625,-27.875484177494048,-1.5328887819588184,-8.359388998705148
2026-09-17T08:27:30.012395,1789633650012395000,23.68439501953125,-29.36291469209194,-3.486951304399967,-9.342360755890608
2026-09-17T08:27:30.022354,1789633650022354200,23.69435424804687,-30.845704102885723,-6.384354999905824,-8.884303684169053
2026-09-17T08:27:30.032314,1789633650032314000,23.704314208984375,-31.196821725845336,-12.099681442445515,-11.286685143649578
2026-09-17T08:27:30.042273,1789633650042273000,23.71427294921875,2.145305809786916,-2.402655015724897,-1.0333109284557402
2026-09-17T08:27:30.052232,1789633650052232000,23.72423193359375,15.223295109260082,13.314251293718812,-2.184837609708309
2026-09-17T08:27:30.062191,1789633650062191000,23.734191162109376,12.030658759623766,8.799933210089803,-10.519246480935813
2026-09-17T08:27:30.072151,1789633650072151000,23.744151123046876,3.230378928053379,-2.5519495051354166,-9.27347835832238
2026-09-17T08:27:30.082110,1789633650082110000,23.75410986328125,-3.3622155021846294,7.0242568315088745,-12.024976037812232
2026-09-17T08:27:30.092068,1789633650092068900,23.76406884765625,-11.322802751213311,8.66832518401742,-5.616802939945459
2026-09-17T08:27:30.102027,1789633650102027800,23.77402783203125,-18.85418259090781,6.696649263474344,1.4076105434298514
2026-09-17T08:27:30.111988,1789633650111988000,23.783988037109378,-12.647877634775638,8.81424230594933,-0.4555612363178282
2026-09-17T08:27:30.121947,1789633650121947100,23.793947021484374,-2.0746371133238077,6.6689189605057235,2.4183763164699075
2026-09-17T08:27:30.131906,1789633650131906000,23.803906005859375,0.3179273740846663,0.1594236692368984,-1.1288672518074512
2026-09-17T08:27:30.141865,1789633650141865000,23.813864990234375,1.039813442217559,-0.9939134224385022,-4.471525820606947
2026-09-17T08:27:30.151825,1789633650151825000,23.823824951171876,0.698695527485758,-0.8334013734430075,-3.154334968292713
2026-09-17T08:27:30.161783,1789633650161783800,23.83378369140625,-0.9130992526013404,0.2459329089105129,0.4120680950174108
2026-09-17T08:27:30.171743,1789633650171743000,23.843742919921876,-0.4147285829309374,0.6256506034106015,2.187795290470123
2026-09-17T08:27:30.181702,1789633650181702000,23.853701904296877,-0.1666371990785934,-0.0813812291353941,1.2623533467113972
2026-09-17T08:27:30.191662,1789633650191662000,23.863662109375,-0.0922228315474465,-0.206308754530549,-0.7685024925529956
2026-09-17T08:27:30.201621,1789633650201621000,23.87362109375,-0.4388580118633806,0.0959504372358322,-1.1815244907617568
2026-09-17T08:27:30.211580,1789633650211580200,23.883580078125,-0.6203138454925269,0.3901981719821691,-0.4643429835906252
2026-09-17T08:27:30.221539,1789633650221539000,23.8935390625,-0.0729406417167745,0.1344832892477512,0.1233867256939411
2026-09-17T08:27:30.231499,1789633650231499000,23.9034990234375,0.0808583195061422,0.1504027429133653,-0.0716775995110161
2026-09-17T08:27:30.241458,1789633650241458000,23.9134580078125,-0.0501421325945295,0.2049719529688358,-0.4290718002557754
2026-09-17T08:27:30.251416,1789633650251416800,23.923416748046876,-0.1968221834566444,0.1318833358824253,-0.296783975225687
2026-09-17T08:27:30.261376,1789633650261376000,23.9333759765625,-0.1772657980607822,-0.1038560957938432,0.0501648010840639
2026-09-17T08:27:30.271336,1789633650271336200,23.943336181640625,-0.2230288022556342,-0.1941343326121568,0.3044201691925525
2026-09-17T08:27:30.281294,1789633650281294800,23.953294921875,-0.2756725424075499,-0.033057050949335,0.2243663892686367
2026-09-17T08:27:30.291253,1789633650291253800,23.963253662109373,-0.2115372663011774,0.1554138490736484,-0.1264660052751191
2026-09-17T08:27:30.301212,1789633650301212700,23.973212646484377,-0.050482306068018,0.0181774617254734,-0.2246890636180527
2026-09-17T08:27:30.311172,1789633650311172900,23.9831728515625,-0.0618676234353333,-0.0965220996439456,0.0087818568706512
2026-09-17T08:27:30.321132,1789633650321132000,23.993132080078126,-0.1631350179102271,0.0042886371046304,0.2836497866307385
2026-09-17T08:27:30.331091,1789633650331091000,24.003091064453123,-0.1625085565749555,-0.0084638769626617,0.2840530884683132
2026-09-17T08:27:30.341049,1789633650341049900,24.0130498046875,-0.1220563904056325,-0.0740384651571512,0.1145019747043959
2026-09-17T08:27:30.351009,1789633650351009800,24.023009765625,-0.1904812169320881,-0.0388677830547094,-0.0181049810111522
2026-09-17T08:27:30.360968,1789633650360968700,24.03296875,-0.1440587807141244,0.0195727154761552,-0.0235597392857074
2026-09-17T08:27:30.370927,1789633650370927900,24.042927978515625,-0.0359771031145006,0.0252975228637456,0.0561982634288724
2026-09-17T08:27:30.380886,1789633650380886800,24.05288671875,-0.012370200218819,-0.065678048568964,0.1413315477073192
2026-09-17T08:27:30.390847,1789633650390847000,24.06284692382813,-0.0543175733819603,-0.1293079324364662,0.2326326978325843
2026-09-17T08:27:30.400806,1789633650400806000,24.07280590820313,-0.0661254270102828,-0.1058656820505857,0.2819967404603958
2026-09-17T08:27:30.410765,1789633650410765000,24.08276513671875,0.0478612733820453,-0.0452022467732429,0.2987766103476286
2026-09-17T08:27:30.420724,1789633650420724000,24.092723876953126,0.1532371626216918,0.0038783027380704,0.1904571054041385
2026-09-17T08:27:30.430684,1789633650430684000,24.102683837890623,-0.0907468772433698,0.096648356372118,0.0307230550438165
2026-09-17T08:27:30.440642,1789633650440642800,24.112642822265624,-0.0904131883095949,0.0096907884091138,0.0281377329920418
2026-09-17T08:27:30.450601,1789633650450601700,24.122601806640624,-0.0824311035145074,-0.0522334605842828,0.1036275294686667
2026-09-17T08:27:30.460561,1789633650460561000,24.132560791015624,-0.2869721542527899,0.1527320626437664,0.0233838347295299
2026-09-17T08:27:30.470521,1789633650470521000,24.14252099609375,-0.1508020444292575,0.1628203259378671,-0.1303641269585117
2026-09-17T08:27:30.480480,1789633650480480000,24.15247998046875,0.0049327071618288,0.1121802720248699,-0.1359024718632921
2026-09-17T08:27:30.490439,1789633650490439000,24.16243896484375,-0.0371334335427731,0.068583706882596,-0.0154670337229967
2026-09-17T08:27:30.500397,1789633650500397800,24.17239770507813,0.0307527195297181,-0.0835720171779394,0.293691854429245
2026-09-17T08:27:30.510357,1789633650510357800,24.182357666015623,0.1002118940725922,-0.0370908365100622,0.388277433052659
2026-09-17T08:27:30.520317,1789633650520317000,24.19231689453125,-0.0037996845439076,0.1974544169455766,0.0940817572871223
2026-09-17T08:27:30.530275,1789633650530275800,24.20227587890625,-0.1266373249877244,0.3249725433558225,-0.2930353632818907
2026-09-17T08:27:30.540234,1789633650540234800,24.21223486328125,-0.0941211029168218,0.361434434312582,-0.4019220005888491
2026-09-17T08:27:30.550195,1789633650550195000,24.22219482421875,-0.0989808179076761,0.3465449082165956,-0.2586520321648567
2026-09-17T08:27:30.560153,1789633650560153900,24.23215380859375,-0.0522621752221137,0.180161336839199,0.0015671031862497
2026-09-17T08:27:30.570113,1789633650570113000,24.242113037109377,-0.0895768836159259,0.1301274321258068,0.0380582202374935
2026-09-17T08:27:30.580072,1789633650580072000,24.252072021484373,-0.0893042041543871,0.3438777348339557,-0.1334947166018188
2026-09-17T08:27:30.590032,1789633650590032000,24.26203198242187,0.1231800972059369,0.6187701962471008,-0.3138127053074538
2026-09-17T08:27:30.599990,1789633650599990800,24.27199072265625,0.0452127681672573,0.6470698235362767,-0.3526883063424378
2026-09-17T08:27:30.609950,1789633650609950000,24.281949951171875,0.151514430482313,0.7678530887335538,-0.2145293242566287
2026-09-17T08:27:30.619908,1789633650619908900,24.291908935546875,0.2526280957002192,0.667179714629054,-0.0333795609019696
2026-09-17T08:27:30.629869,1789633650629869000,24.301869140625,0.012652633889392,0.5927309151053428,-0.028594226321578
2026-09-17T08:27:30.639828,1789633650639828000,24.311827880859376,-0.0437532170087099,0.7956278153657913,-0.3050036681689322
2026-09-17T08:27:30.649787,1789633650649787000,24.321786865234376,0.1563357862241566,1.1319202096372842,-0.6695679980050772
2026-09-17T08:27:30.659746,1789633650659746000,24.33174609375,0.1613447004273533,1.208628186264634,-0.7875151629935949
2026-09-17T08:27:30.669706,1789633650669706000,24.3417060546875,0.0887492736853659,1.1887269694864748,-0.8623414905928075
2026-09-17T08:27:30.679665,1789633650679665000,24.351664794921874,0.2355265195779502,1.2243921571075915,-0.7331311733119189
2026-09-17T08:27:30.689623,1789633650689623800,24.36162377929687,0.5264234825916588,1.3159113338977098,-0.400674996202439
2026-09-17T08:27:30.699582,1789633650699582700,24.37158276367187,0.7872014939345419,1.758920474091172,-0.3344312035094946
2026-09-17T08:27:30.709543,1789633650709543000,24.38154296875,0.9437634901300072,2.621120071995258,-0.6226349088512361
2026-09-17T08:27:30.719502,1789633650719502000,24.391502197265623,1.4029546804480253,3.4892537361234424,-0.7047624993745237
2026-09-17T08:27:30.729461,1789633650729461000,24.4014609375,2.220720531733334,3.5168443383604284,0.3335821123994886
2026-09-17T08:27:30.739420,1789633650739420000,24.411419921875,2.639375567393005,4.09335184841752,0.2572264563411474
2026-09-17T08:27:30.749379,1789633650749379800,24.4213798828125,2.959272707180679,4.995089675983786,-0.6015788229495287
2026-09-17T08:27:30.759338,1789633650759338800,24.4313388671875,3.720914958575368,5.758863970971107,-0.2790935663647949
2026-09-17T08:27:30.769298,1789633650769298000,24.4412978515625,4.66906996166259,6.106901163572073,0.386440280753374
2026-09-17T08:27:30.779256,1789633650779256800,24.4512568359375,5.3221267506539816,5.512907681185006,0.5533440766125917
2026-09-17T08:27:30.789217,1789633650789217000,24.461217041015622,5.551667327690124,5.024693956130743,0.7392367967106401
2026-09-17T08:27:30.799176,1789633650799176000,24.471176025390623,5.815309496292471,5.298672225308418,1.1921740412004291
2026-09-17T08:27:30.809134,1789633650809134800,24.481134765625,5.396265753576159,5.999650749164819,1.8828958133280276
2026-09-17T08:27:30.819094,1789633650819094000,24.491093994140623,3.497733395177126,6.805041249132156,2.982105593496561
2026-09-17T08:27:30.829054,1789633650829054000,24.501053955078124,1.346545541614294,8.276780858123303,3.9934991430461406
2026-09-17T08:27:30.839012,1789633650839012900,24.511012939453124,-1.8091577924221751,11.696961058020593,2.2359387052617965
2026-09-17T08:27:30.848971,1789633650848971800,24.5209716796875,-0.2704138546943664,10.800601416361332,0.2587666715204715
2026-09-17T08:27:30.858931,1789633650858931000,24.530930908203125,1.8316992945760489,9.368266181519626,1.1666029620923102
2026-09-17T08:27:30.868891,1789633650868891000,24.540890869140625,4.922164725026488,9.461607897561787,2.2140093436568975
2026-09-17T08:27:30.878850,1789633650878850000,24.55085009765625,7.896002840915322,8.34036164215207,2.7430799797564744
2026-09-17T08:27:30.888809,1789633650888809000,24.56080908203125,9.491736493843794,8.070829830989242,3.180965785586834
2026-09-17T08:27:30.898768,1789633650898768000,24.570767822265623,9.473994500926135,6.4684747140944,2.358550208799541
2026-09-17T08:27:30.908727,1789633650908727800,24.580727783203123,12.54007776979208,6.6654007232517,1.7525616065837442
2026-09-17T08:27:30.918687,1789633650918687000,24.59068701171875,11.700949835395813,6.916182241237163,2.149063116493821
2026-09-17T08:27:30.928646,1789633650928646000,24.60064599609375,7.183273088988662,7.844129445815086,2.4325673389077185
2026-09-17T08:27:30.938604,1789633650938604800,24.610604736328124,5.892180554527044,7.981581521740555,3.2905899433881043
2026-09-17T08:27:30.948564,1789633650948564700,24.620564697265625,6.087602588862181,4.977240131038427,3.2388398824065923
2026-09-17T08:27:30.958524,1789633650958524000,24.63052392578125,6.498481145301461,3.0130940214782953,3.542459256610274
2026-09-17T08:27:30.968483,1789633650968483000,24.640483154296874,6.234805074429512,1.6707780802577732,4.1378547147497535
2026-09-17T08:27:30.978442,1789633650978442000,24.65044189453125,6.33581747123003,1.7474159142583607,3.8049715443998577
2026-09-17T08:27:30.988402,1789633650988402000,24.66040185546875,7.336860307157039,1.7634014188975096,3.534469134639203
2026-09-17T08:27:30.998360,1789633650998360800,24.67036083984375,7.898217594355344,1.298928342653811,3.674111414085328
2026-09-17T08:27:31.008319,1789633651008319700,24.68031982421875,8.273229303121566,1.1339058304965497,3.5119580276235935
2026-09-17T08:27:31.018279,1789633651018279000,24.69027880859375,8.682645385792851,1.7231038953006266,3.1848002491831777
2026-09-17T08:27:31.028238,1789633651028238800,24.70023876953125,8.957854073548317,1.9216192194759845,2.919777439877391
2026-09-17T08:27:31.038198,1789633651038198000,24.710197998046876,8.861129144808649,1.7210066307604313,2.630876326856017
2026-09-17T08:27:31.048157,1789633651048157000,24.720156982421877,8.232019340854883,1.6905790515318513,2.5087194352179765
2026-09-17T08:27:31.058115,1789633651058115800,24.73011572265625,7.424806301635504,1.4494780928224325,2.6142209601312874
2026-09-17T08:27:31.068075,1789633651068075800,24.74007568359375,6.630648558822274,1.3758663286447523,2.539367671459913
2026-09-17T08:27:31.078035,1789633651078035000,24.750034912109378,5.979270224437117,1.356128193473816,2.4901550200015303
2026-09-17T08:27:31.087993,1789633651087993900,24.759993896484374,5.394403466835618,0.8473889822632074,2.333512944307178
2026-09-17T08:27:31.097953,1789633651097953800,24.769953857421875,4.948833536243439,0.2190431484192609,2.1679776603221894
2026-09-17T08:27:31.107912,1789633651107912700,24.77991259765625,4.480037043842673,0.3470446744322776,1.9128565056972204
2026-09-17T08:27:31.117871,1789633651117871900,24.789871826171876,3.817700677591562,1.084558739003539,1.565306219830364
2026-09-17T08:27:31.127831,1789633651127831000,24.7998310546875,2.8639895016819237,1.883772011640668,1.411059807100892
2026-09-17T08:27:31.137791,1789633651137791000,24.809791015625,1.838454029533267,2.3803677805930374,1.400001383600384
2026-09-17T08:27:31.147750,1789633651147750000,24.81975,0.8329349249750375,2.7466888179033995,1.3991378986388443
2026-09-17T08:27:31.157708,1789633651157708800,24.829708740234373,0.0383078110843896,2.971193154338002,1.503032572877407
2026-09-17T08:27:31.167668,1789633651167668000,24.83966796875,-0.4369342041939497,3.133341864624619,1.5277498116351662
2026-09-17T08:27:31.177628,1789633651177628000,24.8496279296875,-0.6869979292988777,3.453797222816944,1.456633225274086
2026-09-17T08:27:31.187586,1789633651187586800,24.8595869140625,-0.7789727409020066,4.095667724144459,1.3118746257275342
2026-09-17T08:27:31.197545,1789633651197545700,24.869545654296875,-0.774365539367497,4.810349779182673,1.1977760989911854
2026-09-17T08:27:31.207505,1789633651207505000,24.8795048828125,-0.9504086272329092,5.467475717309117,1.153629352620244
2026-09-17T08:27:31.217464,1789633651217464800,24.88946484375,-1.3924997757986186,5.983240881633758,1.0677887329231948
2026-09-17T08:27:31.227424,1789633651227424000,24.899424072265624,-2.1566560558408496,6.289201850527524,0.9859048880279064
2026-09-17T08:27:31.237383,1789633651237383000,24.9093828125,-2.9733520859375595,6.651203271073102,0.810880329555273
2026-09-17T08:27:31.247341,1789633651247341800,24.919341796875,-4.1647304467156525,7.208297640129923,0.4944032273441552
2026-09-17T08:27:31.257301,1789633651257301800,24.9293017578125,-5.717246012425423,7.866126758089661,0.0318179010758176
2026-09-17T08:27:31.267260,1789633651267260700,24.9392607421875,-7.521582668301463,8.338222876557706,-0.3344622562348842
2026-09-17T08:27:31.277219,1789633651277219800,24.9492197265625,-9.31848420574069,8.795732251268625,-0.4729863453060388
2026-09-17T08:27:31.287178,1789633651287178500,24.959178466796875,-11.116353126907349,8.756644103461504,-0.6963900270223617
2026-09-17T08:27:31.297138,1789633651297138700,24.969138671875,-13.439656958019732,8.212714336404204,-1.6484873379945757
2026-09-17T08:27:31.307097,1789633651307097600,24.97909765625,-15.897418359416722,6.857949832499027,-3.4674668517291543
2026-09-17T08:27:31.317056,1789633651317056800,24.989056884765624,-18.278429698610303,5.451337067934871,-5.673173061943054
2026-09-17T08:27:31.327015,1789633651327015700,24.999015625,-20.968254473519323,3.3641000007569786,-7.374268539053201
2026-09-17T08:27:31.336975,1789633651336975600,25.0089755859375,-23.571273071634767,0.1303945586293935,-7.785395517295599
2026-09-17T08:27:31.346934,1789633651346934500,25.0189345703125,-26.49147662796974,-3.700313484573364,-8.017160784643888
2026-09-17T08:27:31.356893,1789633651356893400,25.0288935546875,-29.071930343055723,-6.25851269775331,-8.715255277496576
2026-09-17T08:27:31.366852,1789633651366852600,25.0388525390625,-31.248049224257468,-6.863941766390204,-9.44451998463869
2026-09-17T08:27:31.376812,1789633651376812800,25.048812744140623,-32.38976777433157,-6.901998233062028,-9.579635726571082
2026-09-17T08:27:31.386771,1789633651386771700,25.058771728515627,-31.28002724779844,-6.264003696385026,-8.986005816799402
2026-09-17T08:27:31.396730,1789633651396730600,25.068730712890623,-13.906459646254778,4.257050126233697,-0.0356898836709558
2026-09-17T08:27:31.406689,1789633651406689500,25.078689453125,20.681172392618656,9.553258591777086,4.169389962959289
2026-09-17T08:27:31.416649,1789633651416649500,25.0886494140625,23.280707240271568,-2.316284307739138,-1.128481467360258
2026-09-17T08:27:31.426608,1789633651426608600,25.098608642578125,6.149430976265669,-2.471875266945362,-4.188663987749814
2026-09-17T08:27:31.436567,1789633651436567600,25.108567626953125,0.6856593741714954,5.30528842857778,-8.545789522194863
2026-09-17T08:27:31.446526,1789633651446526500,25.1185263671875,-8.201195163524151,12.071125210046768,-11.639592572635411
2026-09-17T08:27:31.456486,1789633651456486700,25.128486572265626,-10.32956094442606,9.596132687863706,-6.631411359888315
2026-09-17T08:27:31.466445,1789633651466445600,25.138445556640622,-14.744980846929549,4.401138279172778,2.6035785700857637
2026-09-17T08:27:31.476404,1789633651476404700,25.14840478515625,-12.174378663772345,5.890089719727635,2.248294475096464
2026-09-17T08:27:31.486363,1789633651486363600,25.15836376953125,-5.416621728384494,8.764808705216646,1.508452259838581
2026-09-17T08:27:31.496323,1789633651496323600,25.168323486328124,-1.8577077421881256,2.43474702103436,-0.009702990303561
2026-09-17T08:27:31.506282,1789633651506282500,25.178282470703124,1.0351245537489653,-0.398462142458558,-4.394845901030302
2026-09-17T08:27:31.516241,1789633651516241700,25.18824169921875,2.0083711818642915,-1.0721084227532147,-4.599525593054294
2026-09-17T08:27:31.526201,1789633651526201600,25.19820166015625,-0.7890060591384768,0.2340887418597936,-1.787106704133749
2026-09-17T08:27:31.536160,1789633651536160800,25.208160888671873,-1.1732451035205274,0.9416057275742292,1.0985445942580698
2026-09-17T08:27:31.546119,1789633651546119700,25.21811962890625,0.002420989202382,0.0781014768123626,2.2953590086102484
2026-09-17T08:27:31.556078,1789633651556078600,25.22807861328125,0.0567475770078599,-1.1165946302115917,1.6219816083848475
2026-09-17T08:27:31.566038,1789633651566038500,25.23803857421875,0.1235378428687341,-0.8787485816448927,0.2492752050757408
2026-09-17T08:27:31.575997,1789633651575997700,25.247997802734375,-0.0104309027193114,-0.0481827238887548,-0.2733200244646519
2026-09-17T08:27:31.585956,1789633651585956600,25.25795654296875,-0.2782364928777329,0.4597638756394386,-0.396609719524905
2026-09-17T08:27:31.595915,1789633651595915500,25.26791552734375,-0.2980110693352297,0.4097404923200607,-0.540542499239184
2026-09-17T08:27:31.605875,1789633651605875700,25.277875732421876,-0.1998139674174599,0.0671194795489311,-0.500621992261149
2026-09-17T08:27:31.615834,1789633651615834600,25.287834716796876,-0.1922744570244103,0.0391775796562433,-0.2745429538557306
2026-09-17T08:27:31.625793,1789633651625793800,25.297793701171877,-0.2531598827556707,0.2543640526473522,-0.1636088824996724
2026-09-17T08:27:31.635752,1789633651635752700,25.307752685546873,-0.2377685811500064,0.3349018166959285,-0.237245781118609
2026-09-17T08:27:31.645712,1789633651645712600,25.317712646484377,-0.1079515118813142,0.1848375119566917,-0.3276958673724904
2026-09-17T08:27:31.655671,1789633651655671600,25.327671630859378,-0.0589889261938631,-0.0345686245560646,-0.0960814066717401
2026-09-17T08:27:31.665630,1789633651665630500,25.33763037109375,-0.1226758009456098,-0.219074712601304,0.2775040686836466
2026-09-17T08:27:31.675589,1789633651675589600,25.347589599609375,-0.108342045568861,-0.2647439923644065,0.4765337721219286
2026-09-17T08:27:31.685549,1789633651685549800,25.3575498046875,-0.0758043057858944,-0.2467863108694553,0.4619254010548815
2026-09-17T08:27:31.695508,1789633651695508700,25.3675087890625,0.108131325427629,-0.1721528024286031,0.2944985311696306
2026-09-17T08:27:31.705467,1789633651705467600,25.377467529296876,0.0935914895521476,-0.0750713153362274,0.1683539581349119
2026-09-17T08:27:31.715426,1789633651715426600,25.387426513671876,-0.0275581247394904,0.1052788220733404,0.0615606398453935
2026-09-17T08:27:31.725386,1789633651725386500,25.397386474609377,-0.0718235290540382,0.2069645880907774,0.0153308035900816
2026-09-17T08:27:31.735345,1789633651735345700,25.407345703125,-0.1308059524418786,0.1679056663781404,-0.0130687586759217
2026-09-17T08:27:31.745304,1789633651745304600,25.4173046875,-0.1101238509517163,0.1132546232581138,-0.0207598977004177
2026-09-17T08:27:31.755263,1789633651755263500,25.427263427734378,-0.198235374722816,0.2239139693260192,-0.1300023444414138
2026-09-17T08:27:31.765223,1789633651765223700,25.4372236328125,-0.3417604138864204,0.4107797722399234,-0.3334463571906089
2026-09-17T08:27:31.775182,1789633651775182800,25.447182861328123,-0.2086557560481131,0.2509182961076497,-0.3186275582432746
2026-09-17T08:27:31.785141,1789633651785141800,25.457141845703124,0.006390431689471,0.164303257972002,-0.153219572166074
2026-09-17T08:27:31.795101,1789633651795101700,25.467101806640624,0.0375480056930333,0.1688742191493511,0.0106464725655969
2026-09-17T08:27:31.805060,1789633651805060600,25.477060546875,0.0150317110456526,0.1820277152329683,0.0278489517790731
2026-09-17T08:27:31.815019,1789633651815019500,25.48701953125,0.0806849904995411,0.1983142486453056,-0.0047545056172879
2026-09-17T08:27:31.824978,1789633651824978700,25.496978759765625,0.1317791448555886,0.2692038943827152,-0.0508031309536425
2026-09-17T08:27:31.834937,1789633651834937600,25.5069375,0.0435411086279898,0.2177443407803773,-0.0701987408638
2026-09-17T08:27:31.844897,1789633651844897800,25.51689770507813,-0.1556761532716453,0.126367202809453,0.0136497528846724
2026-09-17T08:27:31.854856,1789633651854856700,25.52685668945313,-0.1688638438858091,0.092629183858633,0.0768190449195448
2026-09-17T08:27:31.864815,1789633651864815600,25.536815673828126,-0.1412283065285533,0.0428214891165494,0.1082733277142047
2026-09-17T08:27:31.874774,1789633651874774800,25.54677490234375,-0.2090857449632137,0.093363927873969,-0.0152583594083786
2026-09-17T08:27:31.884734,1789633651884734700,25.556734619140624,-0.29285489214845,0.042855975908041,-0.0337759946073405
2026-09-17T08:27:31.894693,1789633651894693600,25.566693603515624,-0.1502080971240997,0.0288116684645414,0.0393640604053623
2026-09-17T08:27:31.904652,1789633651904652500,25.576652587890624,-0.1350743139434606,-0.0914016878902912,0.2166407634526491
2026-09-17T08:27:31.914612,1789633651914612500,25.586612548828125,-0.0282590760830789,-0.143183897575736,0.4440852449923753
2026-09-17T08:27:31.924571,1789633651924571400,25.5965712890625,0.1333360189087689,-0.3064256637960672,0.6270072787165641
2026-09-17T08:27:31.934530,1789633651934530800,25.60653076171875,0.0256849878113716,0.1007517000377178,0.4074748854756355
2026-09-17T08:27:31.944489,1789633651944489700,25.61648974609375,-0.2323042695958167,0.5068073663651943,-0.3677238533129915
2026-09-17T08:27:31.954449,1789633651954449700,25.62644970703125,-0.1926509621866047,0.7379559631198644,-0.6789379569619893
2026-09-17T08:27:31.964408,1789633651964408600,25.63640869140625,0.0307582724876701,0.7982558257818222,-0.5597480984359979
2026-09-17T08:27:31.974367,1789633651974367700,25.64636767578125,0.0522875288590788,0.711404640802741,-0.5094792159229516
2026-09-17T08:27:31.984326,1789633651984326700,25.65632666015625,0.0432128265216946,0.4484235664576291,-0.3741291172454133
2026-09-17T08:27:31.994286,1789633651994286600,25.66628662109375,0.0849861217595636,0.477059293833375,-0.141227502810955
2026-09-17T08:27:32.004245,1789633652004245500,25.67624560546875,-0.0038349019877612,0.4485369637042283,-0.237909140398167
2026-09-17T08:27:32.014204,1789633652014204700,25.68620458984375,0.0496105647347867,0.4923766899526119,-0.1709679765582084
2026-09-17T08:27:32.024163,1789633652024163800,25.696163818359373,0.3107525870844722,0.60774962053895,0.1100355881463736
2026-09-17T08:27:32.034123,1789633652034123800,25.70612377929687,0.4366213388524949,0.7213444355368613,0.1958020100960507
2026-09-17T08:27:32.044082,1789633652044082700,25.71608276367187,0.4698743507653474,0.8926905977576971,0.2539970459658652
2026-09-17T08:27:32.054041,1789633652054041600,25.72604150390625,0.4828891690306365,0.9827952315747738,-0.0867640181522816
2026-09-17T08:27:32.064000,1789633652064000500,25.73600048828125,0.4118886102646589,1.044270567756891,-0.4253881433069705
2026-09-17T08:27:32.073960,1789633652073960400,25.74596044921875,0.4974652452632784,1.3640706769108772,-0.4805284312486648
2026-09-17T08:27:32.083919,1789633652083919600,25.755919677734376,0.9063871146768332,1.711747219505906,-0.2132849502187222
2026-09-17T08:27:32.093878,1789633652093878800,25.765878662109376,1.1788336442425846,2.412078093108535,-0.6232849702578037
2026-09-17T08:27:32.103837,1789633652103837700,25.775837646484376,1.484104585045576,3.6723990572094913,-1.2241612709611651
2026-09-17T08:27:32.113797,1789633652113797600,25.785797607421873,2.350013851122558,3.888445361900329,-0.4710942479491233
2026-09-17T08:27:32.123756,1789633652123756500,25.795756591796874,2.8485446797907352,3.958512000817061,-0.1234521190803498
2026-09-17T08:27:32.133715,1789633652133715700,25.8057158203125,3.0754359113618728,4.808372926151752,-1.3203355800807477
2026-09-17T08:27:32.143674,1789633652143674600,25.81567456054687,3.563319089287519,5.19903988468945,-1.618635220566392
2026-09-17T08:27:32.153634,1789633652153634600,25.825634521484375,4.618365318080783,6.007865619802475,-0.8316093023944645
2026-09-17T08:27:32.163593,1789633652163593500,25.835593505859375,5.662793122226,5.559122904393076,0.0536012418061494
2026-09-17T08:27:32.173552,1789633652173552600,25.845552734375,5.845958901578188,5.434531479084491,0.3808282860904932
2026-09-17T08:27:32.183511,1789633652183511800,25.85551171875,5.792535938948393,6.64488517396748,0.9110107558894902
2026-09-17T08:27:32.193471,1789633652193471700,25.8654716796875,4.488720701035857,7.315471482169627,2.814184729549289
2026-09-17T08:27:32.203430,1789633652203430700,25.8754306640625,2.779285850125551,8.008923117652534,4.220162703341245
2026-09-17T08:27:32.213389,1789633652213389600,25.8853896484375,0.2134562881976366,10.133203675067424,3.255571236976981
2026-09-17T08:27:32.223349,1789633652223349500,25.895349609375,-2.26518072796762,13.116619766640662,1.092093737618253
2026-09-17T08:27:32.233308,1789633652233308700,25.90530859375,0.5534884535193443,11.161609149694442,-0.1852109483789652
2026-09-17T08:27:32.243267,1789633652243267600,25.915267578125,3.725586457517743,11.11847611041069,2.059576906836033
2026-09-17T08:27:32.253226,1789633652253226500,25.9252265625,5.89213320825398,10.3972240293324,2.8426830942809582
2026-09-17T08:27:32.263186,1789633652263186700,25.935186767578124,8.44922066079974,9.747036366036534,3.300841872811317
2026-09-17T08:27:32.273145,1789633652273145600,25.9451455078125,9.955310283160207,9.454777174758911,3.007763766366243
2026-09-17T08:27:32.283104,1789633652283104300,25.955104248046876,10.478094970858097,8.0732181874305,2.45399415781796
2026-09-17T08:27:32.293063,1789633652293063200,25.965063232421876,13.916743724381924,5.733341407179832,2.2806052377231416
2026-09-17T08:27:32.303023,1789633652303023000,25.975023193359377,8.643087282386421,8.302070197680592,2.2074645981885492
2026-09-17T08:27:32.312982,1789633652312982000,25.98498193359375,6.008338498011231,9.534879469999671,3.4302897982403633
2026-09-17T08:27:32.322941,1789633652322941200,25.994941162109377,8.068852393436432,5.751649801808595,2.829001190409064
2026-09-17T08:27:32.332900,1789633652332900400,26.004900390625,9.291547683498262,3.028631490088999,3.3396155478417873
2026-09-17T08:27:32.342860,1789633652342860300,26.0148603515625,8.17859404013753,2.658541455633938,3.8010143312066793
2026-09-17T08:27:32.352819,1789633652352819200,26.024819091796875,8.072036868691445,2.150373322309554,3.929169586476683
2026-09-17T08:27:32.362778,1789633652362778000,26.034778076171875,8.912880374833941,1.7487088766783474,3.998184670513868
2026-09-17T08:27:32.372737,1789633652372737300,26.0447373046875,9.68965794377923,1.7351693038865923,4.05827235172987
2026-09-17T08:27:32.382697,1789633652382697200,26.054697265625,10.115752189528942,1.8101564480707049,4.19152580692172
2026-09-17T08:27:32.392656,1789633652392656100,26.06465625,10.291964496481418,1.833907033753395,4.174687192584574
2026-09-17T08:27:32.402615,1789633652402615000,26.074614990234377,10.06646296570301,1.9615192681878804,3.898538885891438
2026-09-17T08:27:32.412574,1789633652412574200,26.08457421875,9.578003741455078,1.9937895526736973,3.503105735865235
2026-09-17T08:27:32.422534,1789633652422534100,26.0945341796875,8.79154473645091,1.9589906264930963,3.173555801591277
2026-09-17T08:27:32.432493,1789633652432493300,26.10449340820313,7.725349337133765,1.838655105063319,2.9801483219489455
2026-09-17T08:27:32.442452,1789633652442452200,26.1144521484375,6.787984900391101,1.542395445972681,2.780289181949198
2026-09-17T08:27:32.452411,1789633652452411100,26.1244111328125,6.139269063213467,1.264110419511795,2.578324301841855
2026-09-17T08:27:32.462371,1789633652462371000,26.13437109375,5.493177729320526,1.2299977220296858,2.428133155852556
2026-09-17T08:27:32.472330,1789633652472330000,26.144330078125,4.837005730918049,1.2677706955850123,2.213072062806785
2026-09-17T08:27:32.482289,1789633652482289200,26.1542890625,4.43664389231801,1.5689800860375165,1.8733612383939324
2026-09-17T08:27:32.492248,1789633652492248000,26.164248046875,4.189156155180931,2.2589187449634074,1.5452743624098595
2026-09-17T08:27:32.502208,1789633652502208300,26.174208251953125,3.807505446791649,2.746859498295188,1.1539866416253148
2026-09-17T08:27:32.512167,1789633652512167200,26.184167236328125,3.2654858972698446,2.876449754804373,0.9214670487783848
2026-09-17T08:27:32.522126,1789633652522126000,26.1941259765625,2.645105050955713,3.1395366276115175,0.6217794610656797
2026-09-17T08:27:32.532085,1789633652532085200,26.20408520507813,2.0098092518433925,3.461699374243617,0.3240975140869617
2026-09-17T08:27:32.542045,1789633652542045200,26.214045166015627,1.3353493170782922,3.810387724229693,0.0339350028276443
2026-09-17T08:27:32.552004,1789633652552004000,26.224004150390623,0.704065968477726,4.461118408361077,-0.2363817481677979
2026-09-17T08:27:32.561963,1789633652561963000,26.233962890625,-0.2008878985255956,5.456435267856717,-0.4953374394543469
2026-09-17T08:27:32.571923,1789633652571923200,26.243923095703124,-1.205974456885457,6.326250601461529,-0.5966594136606902
2026-09-17T08:27:32.581882,1789633652581882000,26.253882080078125,-2.315754146385193,6.884225845006108,-0.617495938527584
2026-09-17T08:27:32.591841,1789633652591841300,26.26384130859375,-3.354674000763893,7.467583951610326,-0.6088133773129433
2026-09-17T08:27:32.601800,1789633652601800200,26.27380029296875,-4.436456553052365,8.193971642011403,-0.6935276233285665
2026-09-17T08:27:32.611760,1789633652611760000,26.283760009765626,-5.741762029522657,9.02002557530105,-0.8963637333124875
2026-09-17T08:27:32.621719,1789633652621719000,26.293718994140622,-7.340992292395233,9.921861602544784,-1.1141109967023133
2026-09-17T08:27:32.631678,1789633652631678200,26.30367822265625,-9.081669253787398,10.639479126513004,-1.2267641469359398
2026-09-17T08:27:32.641637,1789633652641637000,26.31363720703125,-11.685816563671828,10.948548582816125,-1.4480360773205756
2026-09-17T08:27:32.651597,1789633652651597300,26.323597412109375,-14.591464355909824,10.326633658802509,-1.9946306796729565
2026-09-17T08:27:32.661556,1789633652661556200,26.33355615234375,-17.064000132590532,8.75172652080357,-2.997220160520077
2026-09-17T08:27:32.671515,1789633652671515100,26.34351513671875,-19.26239046683311,7.291400286230444,-4.62862776889801
2026-09-17T08:27:32.681474,1789633652681474300,26.353474365234376,-21.6832276204586,5.64328411963582,-6.678323917710781
2026-09-17T08:27:32.691434,1789633652691434200,26.363434326171873,-24.543501316487788,2.8739725510358807,-8.460572075897455
2026-09-17T08:27:32.701393,1789633652701393200,26.37339306640625,-27.448027995741366,-0.5788596261411905,-9.364843805855513
2026-09-17T08:27:32.711352,1789633652711352000,26.38335205078125,-30.083396373319623,-4.135142240920663,-9.680413145571949
2026-09-17T08:27:32.721311,1789633652721311000,26.39331103515625,-32.05969995366335,-7.006352926027774,-10.171852262413502
2026-09-17T08:27:32.731271,1789633652731271200,26.403271240234375,-32.604864815473555,-6.918393487545847,-10.031015220224855
2026-09-17T08:27:32.741230,1789633652741230300,26.413230224609375,-31.286115627801415,-5.866753852325678,-7.933413995420932
2026-09-17T08:27:32.751189,1789633652751189200,26.423189208984375,-22.35304762046337,-0.9600234277963636,-4.2188861075341695
2026-09-17T08:27:32.761148,1789633652761148200,26.433148193359376,9.526833526188137,-4.545847194358706,1.3075487253524365
2026-09-17T08:27:32.771108,1789633652771108000,26.443108154296876,17.410412354338167,9.7638653357625,0.0984102514781057
2026-09-17T08:27:32.781067,1789633652781067000,26.45306689453125,9.46268692497015,6.469917898640036,-6.922271790283918
2026-09-17T08:27:32.791026,1789633652791026200,26.463026123046873,-0.9841869781941176,3.0352982545018192,-9.228193109440802
2026-09-17T08:27:32.800986,1789633652800986400,26.472986328125,-8.388130524542927,11.3482282843709,-10.660604916650056
2026-09-17T08:27:32.810945,1789633652810945300,26.4829453125,-14.64603999570608,10.398384889805316,-4.887822310441732
2026-09-17T08:27:32.820904,1789633652820904200,26.492904296875,-13.5393798995316,6.4953627210199825,-1.7239048364199696
2026-09-17T08:27:32.830863,1789633652830863400,26.50286328125,-2.172912194114923,5.188290527138114,-2.733798356670141
2026-09-17T08:27:32.840823,1789633652840823300,26.5128232421875,0.1621254755415022,3.0697505592018364,1.2712965316236018
2026-09-17T08:27:32.850782,1789633652850782200,26.5227822265625,-2.517029875184595,-0.0233569101899862,1.2468249381899832
2026-09-17T08:27:32.860741,1789633652860741000,26.5327412109375,0.1219091639546677,-0.2070668794214725,-1.2039280457496642
2026-09-17T08:27:32.870700,1789633652870700000,26.542699951171876,1.0085236201364547,-0.7456710675418377,-0.874014538860321
2026-09-17T08:27:32.880660,1789633652880660000,26.552659912109377,-0.386139105849713,-0.3584370060622692,0.6502127977371216
2026-09-17T08:27:32.890619,1789633652890619400,26.562619384765625,-0.6191903944205492,0.384562211921811,1.0589046577870844
2026-09-17T08:27:32.900578,1789633652900578300,26.572578369140626,-0.2505959505517967,0.1265805532991886,0.6810346369802951
2026-09-17T08:27:32.910537,1789633652910537200,26.582537109375,-0.1390955870824866,-0.0898860226303338,-0.2251776691189035
2026-09-17T08:27:32.920497,1789633652920497200,26.5924970703125,-0.0853429084411356,0.141971599176526,-0.8678793971061706
2026-09-17T08:27:32.930456,1789633652930456000,26.6024560546875,-0.0290596153436228,-0.0665431409657001,-0.7461036137402057
2026-09-17T08:27:32.940415,1789633652940415200,26.612415283203124,-0.38800745700486,0.2766074486374855,-0.5598550659418106
2026-09-17T08:27:32.950374,1789633652950374100,26.6223740234375,-0.3994881245054304,0.6135293729841709,-0.4772188683092594
2026-09-17T08:27:32.960334,1789633652960334000,26.632333984375,0.0054493331807665,0.1490279474288225,-0.1291033132424578
2026-09-17T08:27:32.970293,1789633652970293200,26.642293212890625,0.0983428853303194,-0.0256476514756679,0.1714940462589264
2026-09-17T08:27:32.980252,1789633652980252200,26.652252197265625,-0.1600682142181322,0.1772270369529724,0.1511970898951403
2026-09-17T08:27:32.990211,1789633652990211300,26.66221142578125,-0.2028620116101577,0.2059597949624061,0.053178632479906
2026-09-17T08:27:33.000171,1789633653000171300,26.67217114257813,-0.302551635374315,0.3154161949813365,-0.2048258224964141
2026-09-17T08:27:33.010130,1789633653010130200,26.68213012695313,-0.4929590564178303,0.5778565865784883,-0.5768868647634983
2026-09-17T08:27:33.020089,1789633653020089000,26.692089111328126,-0.2563337087525054,0.4940221190720796,-0.722173287576437
2026-09-17T08:27:33.030048,1789633653030048300,26.70204833984375,-0.0309396204039454,0.1417868902593851,-0.3927987098693847
2026-09-17T08:27:33.040008,1789633653040008200,26.71200830078125,-0.1543808892967179,0.1196843640446662,0.0483411384540144
2026-09-17T08:27:33.049967,1789633653049967400,26.72196728515625,-0.0737314450345933,0.0854758049726486,0.2652548644959926
2026-09-17T08:27:33.059926,1789633653059926300,26.73192626953125,0.1395652321545407,0.125801970142126,0.1972153474926948
2026-09-17T08:27:33.069885,1789633653069885200,26.74188525390625,0.0455165003541856,0.3141594729185104,-0.0117523948307498
2026-09-17T08:27:33.079845,1789633653079845000,26.75184521484375,0.005739931891486,0.417436892041564,-0.168743870767951
2026-09-17T08:27:33.089804,1789633653089804300,26.76180419921875,0.0166889767333865,0.3487824580103159,-0.2178331881076097
2026-09-17T08:27:33.099763,1789633653099763200,26.77176318359375,-0.2080690422013401,0.3073497929036617,-0.1514963833689689
2026-09-17T08:27:33.109722,1789633653109722000,26.78172216796875,-0.2692748407270759,0.3203150729387998,-0.1851841334372758
2026-09-17T08:27:33.119682,1789633653119682000,26.79168212890625,-0.1226205636270344,0.2622849087744951,-0.1454559250277932
2026-09-17T08:27:33.129641,1789633653129641000,26.801640869140623,-0.0760441789563745,0.2713233707547187,-0.0758259148295037
2026-09-17T08:27:33.139600,1789633653139600400,26.811600341796876,-0.0137236971870064,0.2025268979042768,0.1144727668762207
2026-09-17T08:27:33.149560,1789633653149560300,26.821560302734376,0.1196136368960142,0.3574789746850729,0.2298532779808156
2026-09-17T08:27:33.159519,1789633653159519200,26.831519287109376,0.0145552526403218,0.3040677024930715,0.0218897419805638
2026-09-17T08:27:33.169478,1789633653169478100,26.84147802734375,-0.120583285645768,0.3365326327681541,-0.1994990562493912
2026-09-17T08:27:33.179437,1789633653179437000,26.85143701171875,-0.1378475049838423,0.0953115548104047,-0.1860743602752685
2026-09-17T08:27:33.189397,1789633653189397000,26.86139697265625,-0.1112641070280224,0.075706106108427,0.0651771133095026
2026-09-17T08:27:33.199356,1789633653199356200,26.87135620117187,0.0045451691489666,0.064702481535077,0.3483265309363603
2026-09-17T08:27:33.209315,1789633653209315000,26.881315185546875,0.0276361949443817,-0.1890945848792791,0.4235363779604434
2026-09-17T08:27:33.219274,1789633653219274200,26.891274169921875,-0.1376473062366247,-0.2703355287611484,0.3822831610739231
2026-09-17T08:27:33.229234,1789633653229234200,26.901234130859375,-0.1921028267845511,-0.3107756756991148,0.3936310690402984
2026-09-17T08:27:33.239193,1789633653239193000,26.911193115234376,-0.0764732910886406,-0.3602279811322689,0.4667693339547142
2026-09-17T08:27:33.249152,1789633653249152300,26.92115234375,-0.0439886331997811,-0.0843207897186279,0.2981908828815445
2026-09-17T08:27:33.259111,1789633653259111200,26.931111083984376,-0.2001116534560918,0.0702262133926153,-0.0229155961632728
2026-09-17T08:27:33.269071,1789633653269071000,26.941071044921873,-0.0835118114233016,0.0809136116236448,-0.1254916255513206
2026-09-17T08:27:33.279030,1789633653279030000,26.951030029296874,-0.0790983788952231,0.1012000283271074,-0.0905810191571712
2026-09-17T08:27:33.288989,1789633653288989200,26.9609892578125,-0.1445331202276051,0.2199497418701648,-0.1747147984037175
2026-09-17T08:27:33.298948,1789633653298948600,26.97094848632813,-0.0794214733697473,0.4508920023977756,-0.284647035773471
2026-09-17T08:27:33.308908,1789633653308908500,26.980908447265627,-0.0541980386555194,0.5586112033605575,-0.4474667041242122
2026-09-17T08:27:33.318867,1789633653318867500,26.990867431640623,0.0574229920513927,0.7157511455744504,-0.5708698694963008
2026-09-17T08:27:33.328826,1789633653328826400,27.000826416015624,0.0803707369185984,0.6712532476782799,-0.5387859744280576
2026-09-17T08:27:33.338785,1789633653338785500,27.01078564453125,0.169180216358602,0.5542962627708912,-0.2219253893246874
2026-09-17T08:27:33.348745,1789633653348745500,27.020745361328125,0.3404823933072388,0.7450310160726309,0.0193419023949652
2026-09-17T08:27:33.358704,1789633653358704400,27.030704345703125,0.3869042450033128,1.0825661038815977,-0.1756639888873323
2026-09-17T08:27:33.368663,1789633653368663300,27.040663330078125,0.5728872737333178,1.308643388721347,-0.3227852259119972
2026-09-17T08:27:33.378622,1789633653378622500,27.05062255859375,0.7201847441077232,1.4236772966116666,-0.3090495825588703
2026-09-17T08:27:33.388582,1789633653388582400,27.06058251953125,0.8931266510874032,1.591286610391736,-0.2612012782562524
2026-09-17T08:27:33.398541,1789633653398541600,27.07054150390625,0.9988333431839942,1.7545242849588394,-0.2884779191732406
2026-09-17T08:27:33.408500,1789633653408500500,27.08050048828125,1.0676453058645128,2.061970523974299,-0.574755697953701
2026-09-17T08:27:33.418459,1789633653418459400,27.09045947265625,1.2361962844088672,2.484661683282256,-1.0362533385831862
2026-09-17T08:27:33.428419,1789633653428419300,27.10041943359375,1.603575014078617,3.1373826644480225,-1.4140730174422262
2026-09-17T08:27:33.438378,1789633653438378200,27.110378173828124,2.1740368142306803,4.35741896443367,-1.851413464349508
2026-09-17T08:27:33.448337,1789633653448337400,27.12033740234375,3.219701466694474,4.817502573546767,-1.4290052136361595
2026-09-17T08:27:33.458297,1789633653458297600,27.130297607421873,4.0814822546646,4.474968070015311,-0.1015898678949102
2026-09-17T08:27:33.468256,1789633653468256500,27.140256591796874,4.599476493215561,5.79966593695879,-0.509719527484849
2026-09-17T08:27:33.478215,1789633653478215400,27.15021533203125,5.696935045802593,6.127022745102644,-0.8256389227479696
2026-09-17T08:27:33.488174,1789633653488174300,27.16017431640625,6.335117798528075,6.318288244280219,0.3543769535491243
2026-09-17T08:27:33.498134,1789633653498134300,27.17013427734375,6.642024523839354,6.771916978165507,1.6715408813238144
2026-09-17T08:27:33.508093,1789633653508093400,27.180093505859375,5.355287261977791,7.136700722905993,2.670056829121709
2026-09-17T08:27:33.518052,1789633653518052400,27.19005224609375,2.321318210253119,8.864193208554386,4.11479971011579
2026-09-17T08:27:33.528011,1789633653528011300,27.20001123046875,-0.5820259812176227,10.594642790442704,3.8638948580116033
2026-09-17T08:27:33.537971,1789633653537971500,27.209971435546876,-3.9731279706686737,13.660620260846612,2.594491592788696
2026-09-17T08:27:33.547930,1789633653547930400,27.219930419921877,-0.818698309829831,12.77613108972311,1.2493120788305998
2026-09-17T08:27:33.557889,1789633653557889500,27.2298896484375,2.599336694732308,13.165067278945443,0.6415093398649245
2026-09-17T08:27:33.567848,1789633653567848400,27.239848388671874,6.207276431512832,10.58111110869646,1.734773874828219
2026-09-17T08:27:33.577808,1789633653577808400,27.249808349609378,9.480467496332526,10.46288921841979,3.4353830297261476
2026-09-17T08:27:33.587767,1789633653587767300,27.259767333984374,11.077564254307749,10.404573807573318,3.4338165110617873
2026-09-17T08:27:33.597726,1789633653597726500,27.2697265625,11.618906342959404,8.542675189566612,2.4401642237775025
2026-09-17T08:27:33.607685,1789633653607685400,27.279685302734375,15.61354997986555,6.422975530201196,2.307304151817411
2026-09-17T08:27:33.617645,1789633653617645600,27.2896455078125,8.678215294390917,7.528064431536197,2.0072050606943668
2026-09-17T08:27:33.627604,1789633653627604500,27.2996044921875,5.564631438681483,10.505974326908587,3.1618513352721926
2026-09-17T08:27:33.637563,1789633653637563400,27.3095634765625,7.168779868733883,6.36049072471559,2.547125445979834
2026-09-17T08:27:33.647522,1789633653647522600,27.3195224609375,8.161029157352447,3.562131925329566,2.9749136361658572
2026-09-17T08:27:33.657482,1789633653657482500,27.329482421875,7.541894803968072,2.7393869704574345,3.475522732412815
2026-09-17T08:27:33.667441,1789633653667441400,27.33944140625,7.728936547970771,2.327143555405736,3.6235377034068104
2026-09-17T08:27:33.677400,1789633653677400300,27.349400390625,8.490005091130733,2.2131217471674085,3.507940608675778
2026-09-17T08:27:33.687359,1789633653687359200,27.359359130859374,9.16199191378057,2.1793933728277683,3.4648932018488643
2026-09-17T08:27:33.697319,1789633653697319400,27.3693193359375,9.374567912012338,2.667819863849878,3.486583640131354
2026-09-17T08:27:33.707278,1789633653707278600,27.379278564453124,8.978058072665334,3.016820640785992,3.7213404905110594
2026-09-17T08:27:33.717237,1789633653717237500,27.389237548828124,8.520363404515384,2.7919690983489156,3.7996599939882754
2026-09-17T08:27:33.727197,1789633653727197400,27.399197509765624,8.315102113211154,2.688607215812802,3.7928053057879207
2026-09-17T08:27:33.737156,1789633653737156400,27.40915625,8.226419621151685,2.512237672472,3.6895202878803017
2026-09-17T08:27:33.747115,1789633653747115300,27.419115234375,7.845191522088647,2.122063465887308,3.6040117496818302
2026-09-17T08:27:33.757074,1789633653757074400,27.429074462890625,7.0065931645244355,2.1275550490409136,3.2053885714426635
2026-09-17T08:27:33.767034,1789633653767034600,27.43903466796875,5.963644200760125,2.359678628307581,2.7944495169878003
2026-09-17T08:27:33.776993,1789633653776993500,27.44899365234375,4.874978026437759,2.048499632504582,2.408642273440957
2026-09-17T08:27:33.786952,1789633653786952400,27.458952392578126,3.8553380420684817,1.5004694443911313,2.0574048234939575
2026-09-17T08:27:33.796911,1789633653796911400,27.468911376953123,2.9783927104532717,0.921768223682046,1.7734851521469652
2026-09-17T08:27:33.806871,1789633653806871300,27.478871337890624,2.3158365639716387,0.6191816996574402,1.4510130473047491
2026-09-17T08:27:33.816830,1789633653816830500,27.48883056640625,1.7596727537631986,1.1910066048562526,1.1311043632097542
2026-09-17T08:27:33.826789,1789633653826789400,27.498789306640624,1.1800485729902983,2.328977200573682,0.9646944883473216
2026-09-17T08:27:33.836748,1789633653836748300,27.508748291015625,0.4777425999224186,3.1124907997757196,0.9258080005921424
2026-09-17T08:27:33.846708,1789633653846708500,27.51870849609375,-0.1119479245737194,3.2875866699188947,1.0352421887792649
2026-09-17T08:27:33.856667,1789633653856667400,27.52866748046875,-0.4478180017799139,3.0843688671410083,1.0653018114782868
2026-09-17T08:27:33.866626,1789633653866626600,27.53862646484375,-0.8065507759183644,2.9159388846278187,1.0234206719517709
2026-09-17T08:27:33.876585,1789633653876585500,27.54858544921875,-1.1278265105828642,3.116268564748764,0.9546206919699908
2026-09-17T08:27:33.886545,1789633653886545400,27.55854541015625,-1.4749740608677266,3.767562143459916,0.8320137184768914
2026-09-17T08:27:33.896504,1789633653896504300,27.56850439453125,-1.713449639509618,4.54628792386353,0.8153064754344522
2026-09-17T08:27:33.906463,1789633653906463500,27.57846337890625,-2.1325828140750525,5.256355178582668,0.8823376921780407
2026-09-17T08:27:33.916422,1789633653916422400,27.58842236328125,-2.619673088057339,5.831268112924695,0.8542209471751004
2026-09-17T08:27:33.926382,1789633653926382600,27.598382568359376,-3.1053608017653227,6.56841977392435,0.6148842947244644
2026-09-17T08:27:33.936341,1789633653936341500,27.608341552734377,-4.193590338236093,7.743105358576774,0.0665460635751485
2026-09-17T08:27:33.946300,1789633653946300400,27.618300537109373,-6.089954704946279,8.819310695254803,-0.8613292448103428
2026-09-17T08:27:33.956260,1789633653956260400,27.62826025390625,-8.141445920482278,9.56877121820748,-1.6578817738056182
2026-09-17T08:27:33.966219,1789633653966219500,27.63821948242187,-10.303888743031024,9.477391157627103,-2.3712813878178594
2026-09-17T08:27:33.976178,1789633653976178400,27.648178466796875,-12.480165445142983,8.810482661154866,-2.9411586660802365
2026-09-17T08:27:33.986137,1789633653986137300,27.658137451171875,-14.918552283984422,7.907165455442667,-3.5080560517489907
2026-09-17T08:27:33.996097,1789633653996097300,27.66809716796875,-17.466867816531657,6.8622899075299495,-4.1148879729211325
2026-09-17T08:27:34.006056,1789633654006056200,27.67805615234375,-19.952311005580423,5.658749984315038,-5.097369900763034
2026-09-17T08:27:34.016015,1789633654016015600,27.688015625,-22.62795060327053,3.656144672501087,-6.293479381716251
2026-09-17T08:27:34.025974,1789633654025974500,27.697974609375,-24.327298359930513,1.6560364381998776,-6.861129631578922
2026-09-17T08:27:34.035934,1789633654035934500,27.7079345703125,-27.163246592998505,-1.035592755782604,-7.860486706376076
2026-09-17T08:27:34.045893,1789633654045893400,27.717893310546874,-28.827422498512263,-3.58513812238574,-8.748255045300722
2026-09-17T08:27:34.055852,1789633654055852300,27.72785229492187,-30.211055954027177,-5.174854122459888,-9.60589712603092
2026-09-17T08:27:34.065811,1789633654065811500,27.7378115234375,-30.964214746975895,-6.069891575604677,-10.25076271752119
2026-09-17T08:27:34.075771,1789633654075771400,27.747771484375,-30.43244478878975,-5.71579522909522,-10.223919134259225
2026-09-17T08:27:34.085730,1789633654085730300,27.757730224609375,-17.553691528981922,2.2418390153467653,-2.7081729170262814
2026-09-17T08:27:34.095689,1789633654095689500,27.767689453125,13.482958339607714,6.6368082504957915,2.851888144999742
2026-09-17T08:27:34.105648,1789633654105648600,27.777648681640624,19.66365305366516,-3.668808339241147,2.5422961261272428
2026-09-17T08:27:34.115608,1789633654115608600,27.787608642578125,9.315946211695673,0.3578150747716426,-1.3532815718710425
2026-09-17T08:27:34.125567,1789633654125567500,27.7975673828125,0.8765740140847861,2.5263661510676143,-4.443549433922767
2026-09-17T08:27:34.135526,1789633654135526400,27.8075263671875,-6.823274824959039,11.585780318427084,-5.425514644414186
2026-09-17T08:27:34.145485,1789633654145485300,27.8174853515625,-12.696226947402954,8.322146186503767,-2.69021523553133
2026-09-17T08:27:34.155445,1789633654155445200,27.8274453125,-12.772961812037227,5.086234174242615,0.1923660808306187
2026-09-17T08:27:34.165404,1789633654165404400,27.837404296875,-8.313702767807245,6.328947000938654,-0.1047358743030577
2026-09-17T08:27:34.175363,1789633654175363600,27.847363525390627,-5.625870043498277,7.3396677657932035,-1.087511159068346
2026-09-17T08:27:34.185323,1789633654185323500,27.857323486328124,-3.359422072073817,3.677407825282216,-2.4654326666772364
2026-09-17T08:27:34.195282,1789633654195282400,27.867282470703124,0.4635990333555266,0.2462479662090539,-4.495089067023993
2026-09-17T08:27:34.205241,1789633654205241300,27.877241455078124,1.7682101343534886,-0.1035644193708896,-4.176406563723087
2026-09-17T08:27:34.215200,1789633654215200500,27.887200439453125,-0.8974196721062063,0.3521002042561769,-1.1106466085273772
2026-09-17T08:27:34.225160,1789633654225160400,27.897160400390625,-1.1100932124283165,0.829534176620841,0.9525519228719176
2026-09-17T08:27:34.235119,1789633654235119400,27.907119384765625,-0.1677015951734036,0.2953805381685495,1.274511402016878
2026-09-17T08:27:34.245078,1789633654245078300,27.917078369140626,-0.2418629560578614,-0.4049900829225778,0.3749801445841789
2026-09-17T08:27:34.255037,1789633654255037200,27.927037109375,-0.1947691964495927,-0.5612023888975382,-0.2531342916566878
2026-09-17T08:27:34.264997,1789633654264997400,27.936997314453127,0.0506179014466935,-0.2370429154902696,-0.0239771609801799
2026-09-17T08:27:34.274956,1789633654274956500,27.94695654296875,0.0569548265503719,-0.1719388674169778,0.3537362810254096
2026-09-17T08:27:34.284915,1789633654284915500,27.95691552734375,-0.0253750587790971,-0.1026858829706907,0.2673557092327624
2026-09-17T08:27:34.294874,1789633654294874400,27.966874267578124,-0.1301290304278489,0.0487637386471033,-0.076162179312855
2026-09-17T08:27:34.304834,1789633654304834300,27.976834228515624,-0.2241067884843796,0.0210731831669807,-0.2980571369666606
2026-09-17T08:27:34.314793,1789633654314793500,27.98679345703125,-0.2168781158724799,0.1307920335143804,-0.340430151663348
2026-09-17T08:27:34.324752,1789633654324752400,27.99675244140625,-0.2255928257910534,0.2449503276139497,-0.2647124281823635
2026-09-17T08:27:34.334711,1789633654334711300,28.006711181640625,-0.0110905630712863,0.1129828205794095,-0.1021055257994681
2026-09-17T08:27:34.344671,1789633654344671500,28.01667138671875,0.2985075841479003,-0.3635971653044224,0.2796984003901481
2026-09-17T08:27:34.354630,1789633654354630400,28.02663037109375,0.2918919654004275,-0.5938397531300783,0.7121371197957546
2026-09-17T08:27:34.364589,1789633654364589600,28.036589599609375,0.0802127516116015,-0.4342950878620147,0.8708055136859416
2026-09-17T08:27:34.374549,1789633654374549500,28.046549560546875,0.1551105004792101,-0.2641419348180294,0.6942377443592995
2026-09-17T08:27:34.384508,1789633654384508400,28.05650830078125,0.1034450673075392,0.0739075322538614,0.2583059952061623
2026-09-17T08:27:34.394467,1789633654394467300,28.06646728515625,-0.0118754755044355,0.3840145149111748,-0.2242762998323887
2026-09-17T08:27:34.404426,1789633654404426200,28.07642626953125,-0.1575469155795872,0.4528209246337413,-0.4761678979516029
2026-09-17T08:27:34.414386,1789633654414386200,28.08638623046875,-0.327483978187479,0.3976379665941,-0.403272173088789
2026-09-17T08:27:34.424345,1789633654424345600,28.096345703125,-0.2560516038754954,0.3200210584282875,-0.1999158751556649
2026-09-17T08:27:34.434304,1789633654434304500,28.106304443359377,-0.0528877963071688,0.3122223673760891,-0.0162975662630051
2026-09-17T08:27:34.444263,1789633654444263400,28.116263427734378,0.1433766071362421,0.3108358814537525,-0.005059621477127
2026-09-17T08:27:34.454223,1789633654454223400,28.126223388671875,0.0142908295504748,0.3059235594928264,-0.0291314019381999
2026-09-17T08:27:34.464182,1789633654464182300,28.136182373046875,0.109408432691358,0.5057201556503772,-0.0255261074552312
2026-09-17T08:27:34.474141,1789633654474141400,28.146141357421875,0.2126450083473697,0.3852969559371471,0.0337502573778852
2026-09-17T08:27:34.484100,1789633654484100400,28.156100341796876,0.0297722571250051,0.190295777362585,0.1336158587634563
2026-09-17T08:27:34.494060,1789633654494060300,28.166060302734376,-0.155441759993881,0.3075076138138771,-0.091319854825735
2026-09-17T08:27:34.504019,1789633654504019500,28.17601953125,-0.2478507252305745,0.4020072677195072,-0.3418821771025657
2026-09-17T08:27:34.513978,1789633654513978400,28.185978271484377,-0.2581322460744529,0.329731136059761,-0.4276198478817939
2026-09-17T08:27:34.523937,1789633654523937500,28.1959375,-0.1917283674489706,0.1436702197879552,-0.172667766213417
2026-09-17T08:27:34.533897,1789633654533897500,28.2058974609375,0.0153447225175797,0.357834948515892,0.0655459466218948
2026-09-17T08:27:34.543856,1789633654543856400,28.2158564453125,0.1422084036070853,0.3022562691569328,0.0911947671413421
2026-09-17T08:27:34.553815,1789633654553815300,28.225815185546875,-0.0016331541597843,0.182958858603239,0.1500058525502681
2026-09-17T08:27:34.563775,1789633654563775200,28.235775146484375,-0.0293977977894246,0.1427051741480827,0.0538601758701261
2026-09-17T08:27:34.573734,1789633654573734400,28.245734375,-0.0049223318982869,-0.0763520027965307,0.2226081474244594
2026-09-17T08:27:34.583693,1789633654583693300,28.255693359375,-0.0441116019923239,-0.042221769657731,0.3045674687087535
2026-09-17T08:27:34.593652,1789633654593652500,28.265652587890624,-0.144201769381389,0.1217255144834518,0.1693488509237766
2026-09-17T08:27:34.603612,1789633654603612400,28.2756123046875,-0.0997631273917853,-0.0318693024694919,0.063113161950442
2026-09-17T08:27:34.613571,1789633654613571300,28.2855712890625,-0.1942620506450533,-0.004412555745244,0.0723076958417892
2026-09-17T08:27:34.623530,1789633654623530500,28.29553051757813,-0.0797207485772669,-0.0557604656666517,0.1977764885067939
2026-09-17T08:27:34.633489,1789633654633489400,28.30548950195313,-0.04289031656906,-0.0880383489370346,0.2506388946443796
2026-09-17T08:27:34.643449,1789633654643449300,28.315449462890623,-0.2160587257809937,0.0375800813317298,-0.0905564692378044
2026-09-17T08:27:34.653408,1789633654653408300,28.325408203125,-0.3086573683708906,0.3919014687687158,-0.5804787517756224
2026-09-17T08:27:34.663367,1789633654663367200,28.3353671875,-0.0132991881646215,0.3866571383744478,-0.4835375499367713
2026-09-17T08:27:34.673326,1789633654673326600,28.34532666015625,0.2854087408609688,0.4430564864665269,-0.0218318834466394
2026-09-17T08:27:34.683286,1789633654683286500,28.35528662109375,0.3715374567843973,0.5382032061040402,0.2383604278296232
2026-09-17T08:27:34.693245,1789633654693245400,28.365245361328125,0.2012656457968056,0.7838397624164819,-0.0192208241654094
2026-09-17T08:27:34.703204,1789633654703204400,28.375204345703125,0.1297106680184602,0.7833283057630062,-0.3852519477516412
2026-09-17T08:27:34.713163,1789633654713163300,28.385163330078125,0.2069569893062114,0.984475147485733,-0.5366787730157375
2026-09-17T08:27:34.723123,1789633654723123200,28.395123291015626,0.3528621285393833,0.9914905792057512,-0.3546422899544239
2026-09-17T08:27:34.733082,1789633654733082400,28.405082275390622,0.6226251181095838,1.1620610808789729,-0.0953442515036091
2026-09-17T08:27:34.743041,1789633654743041300,28.415041259765623,0.7190308978974819,1.3542641531676054,-0.1923982843334786
2026-09-17T08:27:34.753000,1789633654753000400,28.42500048828125,0.8805214365363121,1.6689917813628912,-0.2446796757127158
2026-09-17T08:27:34.762960,1789633654762960400,28.43496044921875,1.0836951079115271,1.8936364030510189,-0.3957973071634769
2026-09-17T08:27:34.772919,1789633654772919300,28.444919189453124,1.3488164091557264,2.2230320235460996,-0.5608031604468822
2026-09-17T08:27:34.782878,1789633654782878500,28.45487841796875,1.7256483190864325,2.919485763454437,-0.6473544856965542
2026-09-17T08:27:34.792838,1789633654792838400,28.46483837890625,2.0579677180737255,4.322661539307236,-1.6244477062374352
2026-09-17T08:27:34.802797,1789633654802797300,28.47479736328125,2.884392530502379,5.152081149637699,-1.9380740951925517
2026-09-17T08:27:34.812756,1789633654812756200,28.484756103515625,4.016299588397145,4.390450296419859,-0.3700438937583938
2026-09-17T08:27:34.822715,1789633654822715400,28.49471533203125,4.310836369217932,4.712380987861752,-0.586910282660462
2026-09-17T08:27:34.832675,1789633654832675600,28.504675537109375,4.86877478788346,5.992190496286749,-1.636024162262678
2026-09-17T08:27:34.842634,1789633654842634500,28.514634521484375,6.238280641585588,6.400243473911285,-1.1094476810663938
2026-09-17T08:27:34.852593,1789633654852593400,28.524593505859375,6.498925381937623,5.884366081383824,0.7894511725574731
2026-09-17T08:27:34.862552,1789633654862552300,28.53455224609375,6.332994815024733,6.423520304602384,1.938071172583103
2026-09-17T08:27:34.872512,1789633654872512300,28.54451220703125,4.7456256703376765,7.955040720817446,2.668575650653243
2026-09-17T08:27:34.882471,1789633654882471400,28.554471435546876,0.7567799060553312,10.304542238503696,4.220181992563605
2026-09-17T08:27:34.892430,1789633654892430300,28.564430419921877,-1.23608902464211,14.020725492382049,4.025029422819614
2026-09-17T08:27:34.902389,1789633654902389200,28.57438916015625,-1.895282416692376,14.164510862982272,2.934571104383469
2026-09-17T08:27:34.912349,1789633654912349400,28.584349365234377,1.55942490670681,15.10391937277317,1.2801245657235385
2026-09-17T08:27:34.922308,1789633654922308400,28.594308349609378,4.509921894496679,14.41785667849779,1.173162832064554
2026-09-17T08:27:34.932267,1789633654932267500,28.604267578125,7.747005288624763,12.933192121481897,2.5744495062351227
2026-09-17T08:27:34.942226,1789633654942226400,28.614226318359375,9.876647665333747,13.762771306288242,3.33509660911262
2026-09-17T08:27:34.952186,1789633654952186400,28.624186279296875,11.266120494526623,12.583501900976897,3.0837399215877053
2026-09-17T08:27:34.962145,1789633654962145300,28.634145263671876,14.5779315051198,7.541492652907968,2.2996803789407014
2026-09-17T08:27:34.972104,1789633654972104200,28.644104248046876,11.112948871421814,8.193433881872892,1.3046189555108547
2026-09-17T08:27:34.982064,1789633654982064400,28.654064453125,5.486144177421927,11.90392155445814,3.5145600268155333
2026-09-17T08:27:34.992023,1789633654992023600,28.6640234375,7.592204603013395,6.71834905410707,3.1126749241709706
2026-09-17T08:27:35.001982,1789633655001982500,28.673982421875,10.574122564983368,2.9800404776602982,3.4281466487318277
2026-09-17T08:27:35.011941,1789633655011941400,28.68394140625,10.27646180692315,2.5841604606494304,3.758222068184614
2026-09-17T08:27:35.021901,1789633655021901300,28.6939013671875,10.080126749396324,1.857663464654982,3.8207881222128863
2026-09-17T08:27:35.031860,1789633655031860200,28.703860107421875,11.122799234306813,1.4663301511630416,3.806086812165379
2026-09-17T08:27:35.041819,1789633655041819400,28.7138193359375,11.714724678248166,1.7631123728230595,3.7838629976585505
2026-09-17T08:27:35.051778,1789633655051778300,28.7237783203125,11.5332750551641,2.375218142744899,3.9070729054808617
2026-09-17T08:27:35.061738,1789633655061738500,28.733738525390624,11.248063444310429,2.5917916861802337,3.9792186887592074
2026-09-17T08:27:35.071697,1789633655071697400,28.743697509765624,10.65753851481676,2.5669825313553214,4.1166567361593245
2026-09-17T08:27:35.081656,1789633655081656600,28.753656494140625,9.633750763118266,2.319777118290961,4.413655230918526
2026-09-17T08:27:35.091615,1789633655091615500,28.763615478515625,8.43314806239903,1.9924463213711976,4.4844525221973655
2026-09-17T08:27:35.101575,1789633655101575400,28.77357543945313,7.3032140581429,1.4659651172429322,4.375723851931095
2026-09-17T08:27:35.111534,1789633655111534300,28.78353442382813,6.641777855601906,0.7859387805223464,4.357092801219225
2026-09-17T08:27:35.121493,1789633655121493200,28.7934931640625,6.186905843657255,0.6478495757371187,4.1517485078066585
2026-09-17T08:27:35.131452,1789633655131452400,28.803452392578127,5.36146390478611,0.98619656445086,3.737138363623619
2026-09-17T08:27:35.141412,1789633655141412600,28.81341259765625,4.419585205489397,1.1576795047938824,3.266424931685626
2026-09-17T08:27:35.151371,1789633655151371500,28.82337158203125,3.697221948298812,1.3750532586961983,2.7966756686046716
2026-09-17T08:27:35.161330,1789633655161330400,28.833330322265624,3.1531103949338197,1.8631974256455897,2.499300157226622
2026-09-17T08:27:35.171290,1789633655171290400,28.843290283203125,2.5566215885996817,2.4359932217031717,2.0478762399092316
2026-09-17T08:27:35.181249,1789633655181249300,28.853249267578125,1.9359476045578716,3.0294401761233805,1.6966823368430135
2026-09-17T08:27:35.191208,1789633655191208400,28.86320849609375,1.1205375226184726,3.500851234936714,1.4480682260245084
2026-09-17T08:27:35.201167,1789633655201167400,28.87316748046875,0.0922863617703318,3.7413802389770745,1.2196774035453797
2026-09-17T08:27:35.211127,1789633655211127300,28.883127197265622,-0.6697621323376893,4.0898856336116785,0.8637662626989185
2026-09-17T08:27:35.221086,1789633655221086200,28.893086181640623,-1.209312661397457,4.912026777371764,0.3223211520642042
2026-09-17T08:27:35.231045,1789633655231045400,28.90304541015625,-1.4583569803267715,6.265764276316761,0.0597170943379402
2026-09-17T08:27:35.241004,1789633655241004500,28.913004638671875,-2.424550328929722,7.4564686833560465,0.0802619427818805
2026-09-17T08:27:35.250964,1789633655250964500,28.922964599609376,-4.068700806763768,7.7931942083477965,0.1721541176028549
2026-09-17T08:27:35.260923,1789633655260923400,28.93292333984375,-5.363731265196204,7.890389092686772,0.1882243413833901
2026-09-17T08:27:35.270882,1789633655270882300,28.94288232421875,-6.407006392174959,8.247162549450993,0.1557973319659009
2026-09-17T08:27:35.280841,1789633655280841500,28.952841552734377,-7.450403099706769,9.0132386916399,0.239067717582453
2026-09-17T08:27:35.290801,1789633655290801400,28.962801513671874,-9.281026874005796,10.104176318025589,0.217812145319581
2026-09-17T08:27:35.300760,1789633655300760300,28.97276025390625,-11.908576686787605,11.29559676437974,-0.0315168312034336
2026-09-17T08:27:35.310719,1789633655310719200,28.98271923828125,-14.666511121326684,12.00295709822774,-0.338437005084753
2026-09-17T08:27:35.320679,1789633655320679200,28.99267919921875,-17.106081032472847,11.52995146369934,-1.2874667451798916
2026-09-17T08:27:35.330638,1789633655330638000,29.00263818359375,-18.808150323051212,10.084338814133403,-3.3201614903092382
2026-09-17T08:27:35.340597,1789633655340597200,29.01259716796875,-20.44584621791839,8.770735757178068,-5.536840345436334
2026-09-17T08:27:35.350556,1789633655350556400,29.022556396484376,-22.874476217377183,5.769194810849428,-7.07230803797245
2026-09-17T08:27:35.360516,1789633655360516400,29.032516357421876,-26.502865452468395,1.3284528355628251,-7.964948951369523
2026-09-17T08:27:35.370475,1789633655370475300,29.042475341796877,-29.323403350436685,-3.3967660065621135,-8.560926301050186
2026-09-17T08:27:35.380434,1789633655380434200,29.05243408203125,-31.482320921468737,-6.792009333601594,-9.285992971980573
2026-09-17T08:27:35.390393,1789633655390393300,29.062393310546874,-32.45755127074718,-7.861460519844293,-9.85405589429736
2026-09-17T08:27:35.400353,1789633655400353300,29.072353271484378,-32.2751500460267,-7.070434060794114,-9.883693492192029
2026-09-17T08:27:35.410312,1789633655410312200,29.082312255859375,-31.2170344927907,-6.060941960951686,-9.090296212357282
2026-09-17T08:27:35.420271,1789633655420271000,29.09227099609375,-20.82355257259607,0.0181722010284662,-2.4487490967713295
2026-09-17T08:27:35.430230,1789633655430230000,29.10222998046875,9.02804872275889,9.04846782593131,4.244907853019237
2026-09-17T08:27:35.440190,1789633655440190200,29.112190185546876,25.20363461973667,-0.3503179970145225,2.7954046257555483
2026-09-17T08:27:35.450149,1789633655450149400,29.1221494140625,10.460213277208805,1.6876204939872026,-3.098134357643127
2026-09-17T08:27:35.460108,1789633655460108300,29.1321083984375,0.0799146637141704,1.6590823817670344,-6.054385378915071
2026-09-17T08:27:35.470067,1789633655470067200,29.142067138671877,-7.081566864705085,10.24143725529313,-7.029582994967699
2026-09-17T08:27:35.480027,1789633655480027100,29.152027099609377,-12.550080108368396,8.15041307079196,-2.477334701395035
2026-09-17T08:27:35.489986,1789633655489986300,29.161986328125,-15.733008718460797,6.497416146418452,0.7088754145860672
2026-09-17T08:27:35.499945,1789633655499945200,29.1719453125,-10.945952136582136,9.45783656232953,-2.628529471468925
2026-09-17T08:27:35.509905,1789633655509905400,29.181905517578127,-5.751401964527369,8.861137328115104,-2.137369756090641
2026-09-17T08:27:35.519864,1789633655519864300,29.1918642578125,-1.829994974876195,2.038652776750922,-3.603820611023903
2026-09-17T08:27:35.529823,1789633655529823200,29.2018232421875,2.1006734718561173,-0.6539385402619838,-5.162221435379982
2026-09-17T08:27:35.539782,1789633655539782400,29.211782470703124,0.7925456314414739,-0.1643091031908989,-3.376533950394392
2026-09-17T08:27:35.549742,1789633655549742300,29.221742431640624,-1.2622317661583422,0.2395142740398645,0.5262508294384927
2026-09-17T08:27:35.559701,1789633655559701200,29.231701171875,-0.1531251170819625,0.2153916401743888,2.3183516155324875
2026-09-17T08:27:35.569660,1789633655569660200,29.24166015625,0.0806070481588132,-0.3277835091233253,1.8767291073918344
2026-09-17T08:27:35.579619,1789633655579619000,29.251619140625,-0.107606607433781,-0.8568167358219623,0.4558194853952154
2026-09-17T08:27:35.589579,1789633655589579300,29.26157934570313,-0.0641081689037382,-0.6846855607032776,-0.0393863270360976
2026-09-17T08:27:35.599538,1789633655599538400,29.27153833007813,-0.0270528603647835,-0.338299057918787,0.2245569799372926
2026-09-17T08:27:35.609497,1789633655609497300,29.281497314453127,0.035052503649448,0.1463303789079189,0.1265782152116298
2026-09-17T08:27:35.619456,1789633655619456300,29.291456298828123,-0.1700547707034274,0.5220347461134195,-0.4646925642132758
2026-09-17T08:27:35.629416,1789633655629416200,29.301416259765624,-0.2693799633356742,0.444682626363635,-0.8103449075043201
2026-09-17T08:27:35.639375,1789633655639375000,29.311375,-0.2905288603536785,0.2706394801437854,-0.6686240682184695
2026-09-17T08:27:35.649334,1789633655649334300,29.321334228515624,-0.3817491272624582,0.2852946129620075,-0.2876502727100625
2026-09-17T08:27:35.659293,1789633655659293200,29.331293212890625,-0.3725814128793775,0.1743079346358776,-0.000429075599648
2026-09-17T08:27:35.669253,1789633655669253400,29.34125341796875,0.0241771587979979,0.0604956774950027,0.0035713556807488
2026-09-17T08:27:35.679212,1789633655679212300,29.35121240234375,0.1919864703958854,-0.2908089924693107,0.1337596876809373
2026-09-17T08:27:35.689171,1789633655689171200,29.36117114257813,0.1373264037191867,-0.3763070092737674,0.465137969893217
2026-09-17T08:27:35.699131,1789633655699131100,29.371131103515623,0.1695603199836798,-0.380774510076642,0.7343699213266373
2026-09-17T08:27:35.709090,1789633655709090300,29.38109033203125,0.088836988501437,-0.2289174767017364,0.6332138052064925
2026-09-17T08:27:35.719049,1789633655719049200,29.39104931640625,-0.0116480234241113,-0.0352267962038517,0.3276245191693305
2026-09-17T08:27:35.729008,1789633655729008000,29.401008056640624,0.010631448526401,0.1303816991478204,-0.0342950865780003
2026-09-17T08:27:35.738968,1789633655738968300,29.41096826171875,0.0129154312777332,0.1335211662173271,-0.1684346586883068
2026-09-17T08:27:35.748927,1789633655748927200,29.42092724609375,-0.1114439571069553,0.2836421695798635,-0.1570061232337728
2026-09-17T08:27:35.758886,1789633655758886400,29.430886474609373,-0.1387403256377205,0.2966436899721622,-0.0608966777776367
2026-09-17T08:27:35.768845,1789633655768845300,29.44084521484375,-0.0330231486797332,0.2657973008096218,-0.0269067116260528
2026-09-17T08:27:35.778805,1789633655778805200,29.45080517578125,-0.0089228727765381,0.3445183708250522,-0.1170072720562107
2026-09-17T08:27:35.788764,1789633655788764200,29.46076416015625,-0.2749261810196563,0.4089841209948062,-0.2198819373309612
2026-09-17T08:27:35.798723,1789633655798723300,29.470723388671875,-0.012987090008147,0.2124199308872222,-0.139421339304978
2026-09-17T08:27:35.808682,1789633655808682200,29.48068212890625,0.0682919939270243,0.2378939793616533,0.0181599260687828
2026-09-17T08:27:35.818642,1789633655818642200,29.49064208984375,0.1716547167133539,0.3798229084402322,0.1065571714460849
2026-09-17T08:27:35.828601,1789633655828601300,29.500601318359376,0.1264390990018844,0.2224725383460521,0.1367407127857208
2026-09-17T08:27:35.838560,1789633655838560300,29.510560302734376,-0.1070331914599984,0.2028653360784053,0.0476911318463739
2026-09-17T08:27:35.848519,1789633655848519400,29.52051953125,-0.1307172147125005,0.2389806055545806,-0.0500391654103994
2026-09-17T08:27:35.858479,1789633655858479400,29.530479248046873,-0.0842450210686773,0.2284498591899871,-0.0697726244062185
2026-09-17T08:27:35.868438,1789633655868438300,29.540438232421874,-0.1829178690057247,0.1493605403840541,-0.0277051502610556
2026-09-17T08:27:35.878397,1789633655878397200,29.55039721679687,-0.1658870200321078,0.1891191347986459,0.0367459685951471
2026-09-17T08:27:35.888356,1789633655888356000,29.56035620117187,-0.1214197364699095,0.1271750120609998,0.0990981241444125
2026-09-17T08:27:35.898316,1789633655898316000,29.57031591796875,0.1230254911661148,0.2939940522462129,0.3059300257662311
2026-09-17T08:27:35.908275,1789633655908275500,29.580275390625,0.3535037143785506,-0.0966004255771637,0.5962199627975001
2026-09-17T08:27:35.918234,1789633655918234400,29.590234375,0.0657615621339529,0.0924298618942499,0.5942465803653001
2026-09-17T08:27:35.928194,1789633655928194300,29.6001943359375,-0.1635545584965497,0.2273153022021055,0.1812146818170323
2026-09-17T08:27:35.938153,1789633655938153200,29.6101533203125,-0.2096099880330264,0.1158323647916317,-0.1734083554476499
2026-09-17T08:27:35.948112,1789633655948112100,29.620112060546877,-0.2153947089143097,0.2785726112306118,-0.2434685646235942
2026-09-17T08:27:35.958071,1789633655958071300,29.6300712890625,0.0408588107414543,0.5562421361416579,-0.1439279208760708
2026-09-17T08:27:35.968031,1789633655968031200,29.64003125,0.2769616689026355,0.6161813487976789,-0.0653138548990711
2026-09-17T08:27:35.977990,1789633655977990100,29.649990234375,0.1142234682902693,0.7021843925148248,-0.367364993405342
2026-09-17T08:27:35.987949,1789633655987949300,29.65994921875,-0.0904271437697112,0.79799863615036,-0.7191420301217586
2026-09-17T08:27:35.997908,1789633655997908500,29.669908447265627,0.0415970618881285,0.7964379627048969,-0.784691995331645
2026-09-17T08:27:36.007868,1789633656007868400,29.679868408203124,0.2860740729019045,1.0376403359621762,-0.5969178454011679
2026-09-17T08:27:36.017827,1789633656017827300,29.689827392578124,0.5207919064454734,1.2582967647969725,-0.3723199489315971
2026-09-17T08:27:36.027786,1789633656027786200,29.6997861328125,0.5593143831938505,1.2514298016369343,-0.3837596268346533
2026-09-17T08:27:36.037745,1789633656037745200,29.7097451171875,0.4759267826721072,1.3149252454698086,-0.4761970875134691
2026-09-17T08:27:36.047705,1789633656047705000,29.719705078125,0.6638989393927156,1.5477216094315052,-0.4825356428852304
2026-09-17T08:27:36.057664,1789633656057664300,29.729664306640625,0.8726848976917564,1.6860691728919743,-0.7064899807542562
2026-09-17T08:27:36.067623,1789633656067623200,29.739623046875,1.0341685681983828,2.1068384242266416,-0.528495393494889
2026-09-17T08:27:36.077582,1789633656077582300,29.749582275390622,1.4291975213378667,2.272890571692586,-0.4647586151868104
2026-09-17T08:27:36.087542,1789633656087542300,29.759542236328127,1.6775214170381425,2.490620299425721,-0.4868459072997793
2026-09-17T08:27:36.097501,1789633656097501200,29.769501220703123,1.9501105699449777,3.0371067652285095,-0.9889822496466338
2026-09-17T08:27:36.107460,1789633656107460400,29.77946044921875,2.293935405547917,4.166340512260795,-2.069127409991622
2026-09-17T08:27:36.117419,1789633656117419300,29.789419189453124,3.3218016587316987,4.582590824866295,-1.5837252352267503
2026-09-17T08:27:36.127379,1789633656127379200,29.799379150390624,4.376377931925654,4.391375594571232,0.0312671718578785
2026-09-17T08:27:36.137338,1789633656137338000,29.809338134765625,4.950687639677525,5.219451973599195,-0.4580103099703788
2026-09-17T08:27:36.147297,1789633656147297000,29.819297119140625,5.741902314776182,5.287641712728142,-1.1419155339509248
2026-09-17T08:27:36.157257,1789633656157257200,29.82925732421875,6.78602850562632,5.722339536172151,-0.2657177693000063
2026-09-17T08:27:36.167216,1789633656167216400,29.83921630859375,7.136503739029169,6.161414844048023,1.3181401158630848
2026-09-17T08:27:36.177175,1789633656177175300,29.84917529296875,6.5791171090275045,6.819774707883596,2.866616927576065
2026-09-17T08:27:36.187134,1789633656187134200,29.85913427734375,3.0830887642025946,7.598978042671084,4.711915708437561
2026-09-17T08:27:36.197094,1789633656197094100,29.86909423828125,0.1386082602232694,10.537950012362003,4.729750640335679
2026-09-17T08:27:36.207053,1789633656207053300,29.87905322265625,-2.944726587694883,14.552462717342376,3.007105594718456
2026-09-17T08:27:36.217012,1789633656217012200,29.88901220703125,-2.486093761911988,13.75845052047968,1.6075217058777809
2026-09-17T08:27:36.226971,1789633656226971100,29.89897119140625,1.8578174861729144,14.532754977309702,0.7876227880865335
2026-09-17T08:27:36.236931,1789633656236931300,29.908931396484373,5.181522348177433,12.716308781445026,1.0602631597239522
2026-09-17T08:27:36.246890,1789633656246890200,29.91889013671875,9.279666107046603,11.932436870324612,3.4726404549747705
2026-09-17T08:27:36.256849,1789633656256849400,29.928849365234377,11.208006159210203,12.743275114303827,3.6488662059307098
2026-09-17T08:27:36.266808,1789633656266808300,29.938808349609378,11.19561195706129,10.746862811911106,2.318182688706368
2026-09-17T08:27:36.276768,1789633656276768300,29.948768310546875,15.441176812684535,7.928904409042,2.386242079453915
2026-09-17T08:27:36.286728,1789633656286728000,29.95872802734375,11.29231525849104,7.371833420860767,1.9777141777940093
2026-09-17T08:27:36.296686,1789633656296686800,29.968686767578124,5.896932717490196,10.559675521957873,3.618542379337549
2026-09-17T08:27:36.306646,1789633656306646000,29.97864599609375,6.385316538414359,6.444512823748588,2.5814959176152943
2026-09-17T08:27:36.316606,1789633656316606000,29.98860595703125,8.046387463650106,2.641213596475124,2.9116145916879175
2026-09-17T08:27:36.326565,1789633656326565000,29.998565185546877,8.021886059600114,1.9928341516450043,3.479866022314131
2026-09-17T08:27:36.336524,1789633656336524000,30.00852392578125,7.812573447078466,2.189568291492015,3.6145761060550807
2026-09-17T08:27:36.346484,1789633656346484000,30.01848388671875,8.782246746751666,1.6782266426980494,3.732521517477929
2026-09-17T08:27:36.356443,1789633656356443000,30.02844287109375,9.741620770728588,1.2519757450819016,3.916348098826408
2026-09-17T08:27:36.366401,1789633656366401800,30.03840185546875,10.044938531637191,1.8338629023507236,3.945741366571187
2026-09-17T08:27:36.376361,1789633656376361000,30.04836083984375,10.070271710336208,2.534311264853179,3.8488548175290225
2026-09-17T08:27:36.386321,1789633656386321200,30.058321044921875,9.898298356127738,3.067004183103144,3.6853912252515553
2026-09-17T08:27:36.396280,1789633656396280000,30.068280029296876,9.37103564623296,3.0854245136737823,3.787866095820069
2026-09-17T08:27:36.406239,1789633656406239000,30.078239013671876,8.714543914356828,2.558206811964512,3.952646908175945
2026-09-17T08:27:36.416198,1789633656416198000,30.088197998046876,7.96769795781672,2.242197911787033,3.964346990580856
2026-09-17T08:27:36.426157,1789633656426157800,30.09815771484375,7.047844043323397,2.1069670190423726,3.824728384271264
2026-09-17T08:27:36.436117,1789633656436117000,30.108116943359377,5.98221153858602,1.9079069204658268,3.45482948847413
2026-09-17T08:27:36.446076,1789633656446076000,30.118075927734377,4.853891983789206,1.629334309235215,2.870055669853091
2026-09-17T08:27:36.456034,1789633656456034800,30.128034912109374,3.9257863737791774,1.4737515333354472,2.3802543833464385
2026-09-17T08:27:36.465995,1789633656465995000,30.1379951171875,3.212386759766936,1.3745190056890249,1.953833097599447
2026-09-17T08:27:36.475954,1789633656475954200,30.1479541015625,2.533772627931833,1.2636381258249283,1.625559028480202
2026-09-17T08:27:36.485913,1789633656485913000,30.1579130859375,1.903050128084421,1.3621066833615303,1.2799627992905676
2026-09-17T08:27:36.495872,1789633656495872000,30.1678720703125,1.380527890715003,1.725844718441367,0.9683226157166064
2026-09-17T08:27:36.505832,1789633656505832000,30.17783203125,0.6728416859135031,2.3761171374112364,0.7038023491054773
2026-09-17T08:27:36.515790,1789633656515790800,30.187790771484377,-0.2249482808098196,2.960927196389437,0.5769995313577354
2026-09-17T08:27:36.525750,1789633656525750000,30.19775,-0.7623290646150708,3.305961700043082,0.3972404917091131
2026-09-17T08:27:36.535710,1789633656535710200,30.20771020507813,-0.8875888907045125,3.795953540685773,0.0890542479813098
2026-09-17T08:27:36.545669,1789633656545669000,30.21766918945313,-0.8523352064937353,4.6022418662756674,-0.0329126740425825
2026-09-17T08:27:36.555628,1789633656555628000,30.2276279296875,-1.071098953449726,5.414124650871753,-0.0518043484520167
2026-09-17T08:27:36.565587,1789633656565587000,30.2375869140625,-1.8220824481859803,6.0796186043709515,0.0065911418933421
2026-09-17T08:27:36.575547,1789633656575547000,30.247546875,-2.712323022443056,6.90020375086069,-0.0603542231976985
2026-09-17T08:27:36.585506,1789633656585506000,30.257506103515624,-3.4903555598855016,8.232140921407938,-0.0971399027487263
2026-09-17T08:27:36.595465,1789633656595465000,30.26746484375,-4.61124701050818,9.38776816984713,-0.1676286395350471
2026-09-17T08:27:36.605423,1789633656605423900,30.277423828125,-6.101835112354159,10.453624546468255,0.0179869075894355
2026-09-17T08:27:36.615384,1789633656615384000,30.287384033203125,-8.63881968806982,11.26515486436486,0.021190087544918
2026-09-17T08:27:36.625343,1789633656625343000,30.297343017578125,-11.988586043047905,11.717582990288731,-0.216404032087326
2026-09-17T08:27:36.635302,1789633656635302100,30.30730224609375,-14.99774214055538,11.622683523410558,-0.3803262183198705
2026-09-17T08:27:36.645261,1789633656645261000,30.31726098632813,-18.367284040105343,10.846757602858542,-1.4111924935698508
2026-09-17T08:27:36.655221,1789633656655221000,30.327220947265623,-21.37190658583641,9.437119352993369,-3.4762919632196425
2026-09-17T08:27:36.665180,1789633656665180000,30.337179931640627,-24.47602410954237,5.925129468926787,-6.513712032181024
2026-09-17T08:27:36.675139,1789633656675139000,30.34713916015625,-26.17757902085781,3.4758570789337155,-8.166192823725938
2026-09-17T08:27:36.685098,1789633656685098000,30.357097900390624,-30.37053690640926,-0.8351227904081344,-9.262685746151208
2026-09-17T08:27:36.695058,1789633656695058200,30.36705810546875,-33.143139333248136,-6.904350349146127,-9.923870019757748
2026-09-17T08:27:36.705017,1789633656705017000,30.37701708984375,-34.04352048550844,-10.290795452702044,-10.574290907287596
2026-09-17T08:27:36.714976,1789633656714976000,30.38697607421875,-33.91215035984516,-9.642252049481868,-10.44252447578311
2026-09-17T08:27:36.724936,1789633656724936000,30.39693603515625,-31.417448344063757,-6.613948183912038,-9.052852909147738
2026-09-17T08:27:36.734895,1789633656734895000,30.40689501953125,-13.701258560705185,4.156757275879383,0.5358684795461595
2026-09-17T08:27:36.744854,1789633656744854000,30.41685400390625,17.768327966874836,2.8945260942429303,5.552827019119262
2026-09-17T08:27:36.754813,1789633656754813000,30.42681298828125,17.3128825389564,0.6592869155526161,2.314302047880739
2026-09-17T08:27:36.764772,1789633656764772900,30.43677294921875,5.906265193980932,4.896944943574071,-4.188951864780486
2026-09-17T08:27:36.774732,1789633656774732000,30.44673193359375,-1.898252518544346,5.40374412663281,-8.119871802055835
2026-09-17T08:27:36.784691,1789633656784691200,30.456691162109376,-10.4188571844697,12.13962065412402,-9.29024712229371
2026-09-17T08:27:36.794650,1789633656794650000,30.466650146484376,-15.501365031665562,10.868429336440563,-5.046385563457012
2026-09-17T08:27:36.804610,1789633656804610000,30.476610107421877,-13.103368655401468,7.499347455617785,-2.857112601649761
2026-09-17T08:27:36.814569,1789633656814569000,30.48656884765625,-3.1793829003095624,5.3609267291694875,-2.452527592396736
2026-09-17T08:27:36.824528,1789633656824528000,30.49652783203125,-0.8435788493905216,3.9401597670465702,-0.3045546092271805
2026-09-17T08:27:36.834487,1789633656834487000,30.50648706054687,-2.7289316274166104,1.125122220060229,-0.7491969035804271
2026-09-17T08:27:36.844447,1789633656844447000,30.516447021484375,-0.1950938800930045,-0.1496639072448015,-2.0989257514059543
2026-09-17T08:27:36.854406,1789633656854406100,30.52640625,1.1284444963507354,-0.5142255336672067,-1.1184767176311463
2026-09-17T08:27:36.864365,1789633656864365000,30.536364990234375,-0.3171516039391979,-0.1098719950824975,0.6104360100787133
2026-09-17T08:27:36.874324,1789633656874324000,30.546323974609376,-0.924081980517134,0.4666653255909681,1.1056336026709526
2026-09-17T08:27:36.884284,1789633656884284000,30.556283935546876,-0.2962576863292605,-0.1035866312026977,0.7440227158129215
2026-09-17T08:27:36.894243,1789633656894243000,30.5662431640625,0.0605307488083839,-0.7367717217713594,0.378827467662096
2026-09-17T08:27:36.904202,1789633656904202000,30.576201904296877,0.1018955728432163,-0.4604816685199737,0.2069955677509307
2026-09-17T08:27:36.914161,1789633656914161000,30.586160888671873,-0.147813228743663,0.1741536208570003,-0.0495733379969373
2026-09-17T08:27:36.924120,1789633656924120800,30.596120849609378,-0.3871781665738671,0.7238292380899191,-0.6527075371623039
2026-09-17T08:27:36.934080,1789633656934080000,30.606080078125,-0.5094933540461585,0.8269359768211841,-1.1342542055428029
2026-09-17T08:27:36.944039,1789633656944039200,30.6160390625,-0.2738983175429515,0.5598182410627603,-1.1372270838737488
2026-09-17T08:27:36.953999,1789633656953999000,30.6259990234375,-0.1336685205324553,0.2382780102431774,-0.6336614759087562
2026-09-17T08:27:36.963958,1789633656963958000,30.6359580078125,-0.1856448828168213,0.0539928714722394,0.0440109546294435
2026-09-17T08:27:36.973917,1789633656973917000,30.6459169921875,-0.0995601156329736,-0.1491214709311723,0.4864204118967056
2026-09-17T08:27:36.983876,1789633656983876000,30.6558759765625,0.028862485336326,-0.2303875492542982,0.5841045410573482
2026-09-17T08:27:36.993836,1789633656993836000,30.6658359375,0.2940017788949422,-0.3320189547359943,0.517529835909605
2026-09-17T08:27:37.003795,1789633657003795000,30.675794921875,0.2710716244833543,-0.3427344100177288,0.521589924955368
2026-09-17T08:27:37.013753,1789633657013753900,30.68575390625,0.1009645390707999,-0.1313449912220239,0.4784685761094093
2026-09-17T08:27:37.023713,1789633657023713000,30.695713134765622,-0.0711516211418435,0.1073491986066103,0.2913993413115851
2026-09-17T08:27:37.033673,1789633657033673000,30.7056728515625,-0.0890770808676257,0.1237865386664867,0.1149286939501762
2026-09-17T08:27:37.043632,1789633657043632000,30.715632080078127,0.0263071382977068,0.029151860204339,0.0548421817779541
2026-09-17T08:27:37.053591,1789633657053591000,30.725591064453123,-0.1460869620734825,0.152889299032092,0.0508323616147041
2026-09-17T08:27:37.063550,1789633657063550000,30.735550048828124,-0.3969272975740954,0.5233960975944996,-0.2315799739092588
2026-09-17T08:27:37.073510,1789633657073510000,30.745510009765624,-0.2993525836046785,0.4264291767925023,-0.3579436695873737
2026-09-17T08:27:37.083468,1789633657083468800,30.75546875,0.1085313210632652,0.0996697500199079,-0.1207476093620061
2026-09-17T08:27:37.093428,1789633657093428000,30.765427978515625,0.2279781865576282,0.0395358915746212,0.2985778546388261
2026-09-17T08:27:37.103387,1789633657103387100,30.77538720703125,0.2507044341612607,0.120850485214591,0.49775136872828
2026-09-17T08:27:37.113347,1789633657113347000,30.78534716796875,0.3330140301879495,0.2456803954541683,0.4059791304925456
2026-09-17T08:27:37.123306,1789633657123306000,30.79530590820313,0.0984962492611259,0.3096007867008447,0.1077642091482877
2026-09-17T08:27:37.133265,1789633657133265000,30.805264892578126,-0.1080957791902124,0.614374007114768,-0.2913245042433962
2026-09-17T08:27:37.143224,1789633657143224000,30.81522412109375,-0.214706872780621,0.5083703778982163,-0.4768091549972072
2026-09-17T08:27:37.153184,1789633657153184000,30.82518408203125,-0.1495562821518629,0.3471639168977737,-0.3298761705536395
2026-09-17T08:27:37.163143,1789633657163143000,30.835142822265624,-0.0256888602688908,0.2459621350049972,-0.0572176787376403
2026-09-17T08:27:37.173101,1789633657173101800,30.845101806640624,-0.1666648725368082,0.2664560569792986,-0.0746247406125068
2026-09-17T08:27:37.183062,1789633657183062000,30.85506201171875,-0.3200494077399373,0.1913128454506397,-0.1018481900375336
2026-09-17T08:27:37.193021,1789633657193021200,30.865021240234373,-0.1975780433252453,0.1751508152008056,-0.0193476745486259
2026-09-17T08:27:37.202980,1789633657202980000,30.87497998046875,0.1437557061143219,0.5155126508682966,0.2234809116709977
2026-09-17T08:27:37.212939,1789633657212939000,30.88493896484375,0.1666365232251584,0.2149538332790136,0.2729056715101003
2026-09-17T08:27:37.222899,1789633657222899000,30.89489892578125,0.0204670339673757,0.3859562966287135,0.2165805576980113
2026-09-17T08:27:37.232857,1789633657232857900,30.90485791015625,0.0986171722270548,0.3088146047592163,0.1565402227550744
2026-09-17T08:27:37.242817,1789633657242817000,30.914817138671875,-0.0373700918428599,0.6112561673551797,-0.3797270468503236
2026-09-17T08:27:37.252776,1789633657252776000,30.92477587890625,-0.1944713094815611,1.0172089578300714,-1.0497090324837717
2026-09-17T08:27:37.262736,1789633657262736100,30.934736083984376,0.161658588682115,1.067600005418062,-0.9627332712769509
2026-09-17T08:27:37.272695,1789633657272695000,30.944695068359376,0.5091952844150364,1.288113226389885,-0.7122189528603107
2026-09-17T08:27:37.282654,1789633657282654000,30.954654052734377,0.4816195874862372,1.417466167011857,-0.7289883013535291
2026-09-17T08:27:37.292612,1789633657292612000,30.964612060546877,0.4464028742849826,1.386546128091216,-0.7895709264796227
2026-09-17T08:27:37.302572,1789633657302572000,30.974572021484377,0.5214395566992461,1.4705056832820176,-0.7615075190991163
2026-09-17T08:27:37.312531,1789633657312531000,30.984531005859377,0.6889309431880712,1.680388789168,-0.5766834511458874
2026-09-17T08:27:37.322489,1789633657322489900,30.99448974609375,0.8230296170324086,1.616391241031885,-0.6744733787685633
2026-09-17T08:27:37.332449,1789633657332449000,31.004448974609375,0.9952347341701387,2.062223037430644,-0.6476583640139549
2026-09-17T08:27:37.342409,1789633657342409000,31.014408935546875,1.4347887654736635,2.4196540813207625,-0.4436100286960601
2026-09-17T08:27:37.352368,1789633657352368000,31.0243681640625,1.9312077165544033,2.675527954009175,-0.3058984250515699
2026-09-17T08:27:37.362327,1789633657362327000,31.0343271484375,2.243180785344541,3.139938778671622,-0.5174444957137108
2026-09-17T08:27:37.372286,1789633657372286200,31.0442861328125,2.618220551161468,4.171545095166564,-1.4026549668490886
2026-09-17T08:27:37.382246,1789633657382246100,31.05424609375,3.5070603187099096,5.208730673098564,-1.7368951047658918
2026-09-17T08:27:37.392205,1789633657392205000,31.064205078125,4.822383039064705,5.588714909580349,-0.6324222895026207
2026-09-17T08:27:37.402164,1789633657402164000,31.0741640625,6.093427934014797,5.9310021603524685,-0.0605752455372363
2026-09-17T08:27:37.412124,1789633657412124000,31.0841240234375,7.201559856307506,6.4256947260320185,-0.4983177704393863
2026-09-17T08:27:37.422082,1789633657422082800,31.09408276367187,8.540380941149591,7.035711122459173,-0.2406353870242834
2026-09-17T08:27:37.432042,1789633657432042200,31.104042236328127,9.110635236030816,8.201839306646585,1.237080958288908
2026-09-17T08:27:37.442001,1789633657442001200,31.114001220703123,7.680067595383524,8.30906867826581,4.399726074287295
2026-09-17T08:27:37.451961,1789633657451961000,31.123961181640624,2.7353496777653694,8.584132404592633,6.2705012417107815
2026-09-17T08:27:37.461920,1789633657461920000,31.133919921875,-1.7386282121688126,13.046547282505037,4.067817594188451
2026-09-17T08:27:37.471879,1789633657471879000,31.14387890625,-5.312880783402919,16.837038466131688,1.402501237592101
2026-09-17T08:27:37.481838,1789633657481838000,31.153838134765625,-2.541576579681039,15.9070489420712,0.3198668177146464
2026-09-17T08:27:37.491798,1789633657491798000,31.163798095703125,1.8250655556499955,15.156587133121487,0.4391637168116867
2026-09-17T08:27:37.501757,1789633657501757000,31.1737568359375,7.415477916797995,13.495101197344065,3.3461370585650205
2026-09-17T08:27:37.511715,1789633657511715800,31.1837158203125,11.16840363214016,14.21097450799346,4.381134186542034
2026-09-17T08:27:37.521675,1789633657521675000,31.193675048828126,11.788747361314297,11.066201148772238,2.9287913519382474
2026-09-17T08:27:37.531635,1789633657531635000,31.203635009765627,16.03406905583143,6.984110699081421,2.0307279751010237
2026-09-17T08:27:37.541594,1789633657541594000,31.213593994140624,7.558404624742269,9.206261263617872,2.605203540939093
2026-09-17T08:27:37.551553,1789633657551553000,31.223552978515624,4.635610467392206,10.56264723124504,4.749499881422519
2026-09-17T08:27:37.561512,1789633657561512000,31.233511962890624,7.247000588011741,3.5850571661040185,3.567188039675355
2026-09-17T08:27:37.571472,1789633657571472000,31.243471923828125,9.975700744760037,1.603869613111019,3.865984523767233
2026-09-17T08:27:37.581431,1789633657581431000,31.25343115234375,10.07530093667507,1.760164921194315,4.22010688150078
2026-09-17T08:27:37.591390,1789633657591390000,31.263389892578125,10.42407579590082,1.0749524140074849,3.998719508042931
2026-09-17T08:27:37.601349,1789633657601349000,31.27334912109375,11.656844151687622,0.6806000449553131,3.8514650000274178
2026-09-17T08:27:37.611309,1789633657611309000,31.28330908203125,11.988134792149069,0.9447457791656256,4.133239037647843
2026-09-17T08:27:37.621268,1789633657621268000,31.29326806640625,11.527066263651848,1.465383810223639,4.3171383919715876
2026-09-17T08:27:37.631227,1789633657631227100,31.30322705078125,10.984054780483245,1.1482330465346575,4.197275748750567
2026-09-17T08:27:37.641187,1789633657641187000,31.31318701171875,10.215518385660648,0.6467737631991505,4.087679063478112
2026-09-17T08:27:37.651146,1789633657651146000,31.32314599609375,9.296854557734727,0.5855956563979386,3.809099730245769
2026-09-17T08:27:37.661105,1789633657661105000,31.33310498046875,8.57160551597476,0.4955652568608522,3.360548445755243
2026-09-17T08:27:37.671063,1789633657671063800,31.343063720703125,7.974946613770723,0.2536398300260305,3.013295389269292
2026-09-17T08:27:37.681024,1789633657681024000,31.35302392578125,7.308140993151068,0.0061959320306777,2.839011127769947
2026-09-17T08:27:37.690983,1789633657690983200,31.36298315429687,6.504706303426623,0.2140536695688963,2.761669529414177
2026-09-17T08:27:37.700942,1789633657700942000,31.37294213867187,5.686376826909184,0.431965183609724,2.610036660183966
2026-09-17T08:27:37.710901,1789633657710901000,31.38290087890625,5.358994884324074,0.5887929911345243,2.299837469198555
2026-09-17T08:27:37.720861,1789633657720861000,31.39286083984375,5.156232424098253,0.9232792127668856,2.107874781537056
2026-09-17T08:27:37.730819,1789633657730819800,31.40281982421875,4.578923534530401,1.3419704887837172,1.8091520933337508
2026-09-17T08:27:37.740779,1789633657740779000,31.412779052734376,3.786952488106489,1.6837082889795305,1.3948960232853889
2026-09-17T08:27:37.750738,1789633657750738000,31.422738037109376,2.914669887605309,2.157580769470334,1.2050960666157304
2026-09-17T08:27:37.760698,1789633657760698000,31.432697998046876,1.9260615858376025,2.5474744055479763,1.0128899255871773
2026-09-17T08:27:37.770657,1789633657770657000,31.442656982421877,0.9709712305292486,2.983075315311551,0.7373024676471949
2026-09-17T08:27:37.780616,1789633657780616000,31.452615966796873,0.275774797205627,3.5973715810149907,0.4720008414000272
2026-09-17T08:27:37.790575,1789633657790575000,31.4625751953125,-0.6237389245703816,4.26886798979938,0.1428426098573952
2026-09-17T08:27:37.800535,1789633657800535000,31.47253515625,-1.1664701294928788,5.350187308490276,0.0316571210235357
2026-09-17T08:27:37.810494,1789633657810494000,31.482493896484375,-1.6431722804516553,6.886952639621496,-0.0034492636710405
2026-09-17T08:27:37.820452,1789633657820452900,31.492452880859375,-2.5045199377015233,8.443997373193502,-0.1346358494609594
2026-09-17T08:27:37.830412,1789633657830412000,31.502412109375,-3.611814532387256,9.845410815548895,-0.4475930339176207
2026-09-17T08:27:37.840372,1789633657840372000,31.5123720703125,-4.7996486446872355,11.55831948004961,-0.7790309008300303
2026-09-17T08:27:37.850331,1789633657850331100,31.5223310546875,-6.71254825887382,13.09083299895525,-0.8989934972941875
2026-09-17T08:27:37.860290,1789633657860290000,31.5322900390625,-9.62882032097876,14.40698457134962,-1.0455471635639666
2026-09-17T08:27:37.870249,1789633657870249000,31.5422490234375,-13.48332425031066,13.79427235996723,-1.604975528526306
2026-09-17T08:27:37.880209,1789633657880209000,31.552208984375,-15.970620373749732,13.079528345608711,-1.5601777709007263
2026-09-17T08:27:37.890168,1789633657890168000,31.56216796875,-18.749098414623734,14.05580382002592,-2.591063956427574
2026-09-17T08:27:37.900127,1789633657900127000,31.572126953125,-22.20121922866106,11.945004090952873,-5.359295328575373
2026-09-17T08:27:37.910087,1789633657910087200,31.582087158203127,-24.220005859947204,7.923498750606179,-7.793800942069292
2026-09-17T08:27:37.920046,1789633657920046000,31.592046142578123,-27.457536997842787,4.160402354383469,-9.282571180838346
2026-09-17T08:27:37.930005,1789633657930005000,31.6020048828125,-31.226281629085538,-0.7200877134740352,-10.28494789571762
2026-09-17T08:27:37.939964,1789633657939964200,31.611964111328124,-35.18498184595108,-5.759724971714616,-11.91720422987938
2026-09-17T08:27:37.949924,1789633657949924000,31.621924072265625,-38.07879306992293,-9.652141575333475,-13.408117325896024
2026-09-17T08:27:37.959883,1789633657959883000,31.631883056640625,-38.132498941147325,-10.932709208649396,-12.337736165326833
2026-09-17T08:27:37.969842,1789633657969842000,31.641842041015625,-34.711930618715286,-10.660379291200638,-10.478071589982507
2026-09-17T08:27:37.979800,1789633657979800800,31.65180078125,-24.039912327647208,-5.933432602369785,-6.160404790222644
2026-09-17T08:27:37.989761,1789633657989761000,31.66176098632813,7.88155112171471,12.208527601611614,9.42941593900919
2026-09-17T08:27:37.999720,1789633657999720200,31.67172021484375,39.81725703144073,9.362377708002924,11.133594184565544
2026-09-17T08:27:38.009679,1789633658009679000,31.68167919921875,12.640753481984138,-0.9206704915732143,-0.3916787659287452
2026-09-17T08:27:38.019638,1789633658019638000,31.691637939453123,-2.0259663136571646,-3.028115064999461,-3.627877193915843
2026-09-17T08:27:38.029598,1789633658029598000,31.701597900390624,-6.001002748295664,10.825270578193663,-8.600490249675511
2026-09-17T08:27:38.039556,1789633658039556900,31.711556884765624,-9.671277068436146,11.921344982945918,-6.866303819346427
2026-09-17T08:27:38.049516,1789633658049516000,31.72151611328125,-14.353650456047058,7.522735929989814,-2.6329566402614115
2026-09-17T08:27:38.059475,1789633658059475000,31.731474853515625,-10.369311940056084,8.201763903322815,-3.679014675956964
2026-09-17T08:27:38.069435,1789633658069435100,31.74143505859375,-2.017245100932568,5.593430247664451,-2.372964810860157
2026-09-17T08:27:38.079394,1789633658079394000,31.75139404296875,-2.7626716921940444,3.7382337576448914,-2.8565666582047937
2026-09-17T08:27:38.089353,1789633658089353000,31.76135302734375,-1.901022275518626,1.2684253601014612,-3.206879979044199
2026-09-17T08:27:38.099313,1789633658099313000,31.77131298828125,1.1820214074332267,0.2322188563346862,-2.583658064085245
2026-09-17T08:27:38.109272,1789633658109272000,31.78127197265625,0.19027080731811,-0.0070996028721332,-0.2726900559980422
2026-09-17T08:27:38.119231,1789633658119231000,31.79123095703125,-0.8596594119019806,0.413652697327733,1.0508370866656302
2026-09-17T08:27:38.129190,1789633658129190000,31.80118994140625,-0.5189666637796908,-0.0458463898956775,1.1645511441290377
2026-09-17T08:27:38.139149,1789633658139149800,31.81114990234375,0.0980876684602349,-0.6932850467443465,0.8483083621304481
2026-09-17T08:27:38.149109,1789633658149109200,31.821109130859377,0.325372648589313,-0.7633458404421806,0.5044505741059779
2026-09-17T08:27:38.159068,1789633658159068200,31.831068115234373,-0.0919927856512367,0.0060381111204624,0.1204898352086544
2026-09-17T08:27:38.169027,1789633658169027000,31.841027099609377,-0.3385247929660603,0.1464350083261728,-0.1098784613559022
2026-09-17T08:27:38.178987,1789633658178987000,31.85098706054687,-0.2548532974690198,0.3119114017307758,-0.3750456475684419
2026-09-17T08:27:38.188946,1789633658188946000,31.86094580078125,-0.0922007841124199,0.5003700267940759,-0.6507716006636619
2026-09-17T08:27:38.198905,1789633658198905000,31.870905029296875,-0.0224867123598698,0.3170429194003343,-0.5743664429077878
2026-09-17T08:27:38.208864,1789633658208864000,31.880864013671875,-0.2183990783620625,0.1822925036489963,-0.2083610108852386
2026-09-17T08:27:38.218824,1789633658218824000,31.890823974609376,-0.3076334321506321,0.1416243931740522,0.0147392674377188
2026-09-17T08:27:38.228782,1789633658228782800,31.900782958984376,-0.2231398614146746,0.1444388660728931,0.0065770037701353
2026-09-17T08:27:38.238742,1789633658238742000,31.910741943359376,-0.1036750401385128,0.0616179595232009,-0.0572469413647428
2026-09-17T08:27:38.248701,1789633658248701200,31.920701171875,0.0956642041729763,-0.0623404285788536,0.0694751392969861
2026-09-17T08:27:38.258661,1789633658258661000,31.9306611328125,0.1499717128186486,-0.1100795003533363,0.2357376415779814
2026-09-17T08:27:38.268620,1789633658268620000,31.9406201171875,-0.0564735823720693,-0.0390893168509006,0.4090226629069075
2026-09-17T08:27:38.278579,1789633658278579000,31.95057885742187,0.0483718532526865,-0.0763081636548042,0.4369382958471774
2026-09-17T08:27:38.288538,1789633658288538000,31.9605380859375,-0.015704568805918,-0.0577864185363054,0.336883345901966
2026-09-17T08:27:38.298498,1789633658298498000,31.970498046875,-0.1884813118191435,0.0381079045981168,0.1545113655422814
2026-09-17T08:27:38.308457,1789633658308457200,31.980457275390624,-0.2129804873794317,0.1156494094401597,-0.0484779074430465
2026-09-17T08:27:38.318416,1789633658318416100,31.990416015625,-0.1581963559316471,0.0961485901564359,-0.0696855352112324
2026-09-17T08:27:38.328375,1789633658328375000,32.000375,-0.0531176960729062,0.2285749468743801,-0.0303027838051319
2026-09-17T08:27:38.338335,1789633658338335000,32.0103349609375,-0.0123457964299246,0.2892641011148691,0.0345540115088224
2026-09-17T08:27:38.348294,1789633658348294100,32.020294189453125,0.2887052251230925,0.2862526443392038,0.1749012243539094
2026-09-17T08:27:38.358253,1789633658358253300,32.03025341796875,0.3547798352615907,0.152701082983613,0.2752975350826978
2026-09-17T08:27:38.368212,1789633658368212200,32.040212158203126,-0.1319665206538513,0.226441441977024,0.1568260539591312
2026-09-17T08:27:38.378172,1789633658378172200,32.050172119140626,-0.2446441112089902,0.2450134559780359,-0.1028933882415294
2026-09-17T08:27:38.388131,1789633658388131000,32.06013110351562,-0.1108967350203543,0.2752420055031776,-0.2547071669965982
2026-09-17T08:27:38.398090,1789633658398090200,32.07009033203125,-0.111503103415668,0.2364876196950674,-0.2120095782543532
2026-09-17T08:27:38.408050,1789633658408050200,32.08005029296875,-0.1527583661288022,0.2465314593255519,-0.0772387225031852
2026-09-17T08:27:38.418009,1789633658418009000,32.090009033203124,-0.1060355587247759,0.0817553231447935,0.0818833334386348
2026-09-17T08:27:38.427968,1789633658427968000,32.09996801757813,-0.2426524259351193,0.1436456698685884,-0.0212953014850616
2026-09-17T08:27:38.437927,1789633658437927200,32.10992724609375,-0.3434426313523203,0.370455360636115,-0.2609983760952949
2026-09-17T08:27:38.447887,1789633658447887000,32.11988720703125,-0.1067910532671958,0.1149497367382049,-0.1575472809057682
2026-09-17T08:27:38.457846,1789633658457846300,32.12984619140625,-0.0212660023253411,0.252881705135107,0.0519430262703448
2026-09-17T08:27:38.467805,1789633658467805200,32.13980517578125,0.1072919885266572,0.2681780584663152,0.354368185720779
2026-09-17T08:27:38.477764,1789633658477764000,32.14976416015625,0.3115542588561773,0.1518359905868768,0.5340582883190363
2026-09-17T08:27:38.487724,1789633658487724000,32.15972412109375,0.0140849317148327,0.0919096374124288,0.2721148864585906
2026-09-17T08:27:38.497683,1789633658497683000,32.16968286132813,-0.3252005799580365,0.2306821482867002,-0.1912934831630438
2026-09-17T08:27:38.507642,1789633658507642000,32.17964208984375,-0.1577713719852268,0.4069914858728647,-0.436284142787382
2026-09-17T08:27:38.517601,1789633658517601000,32.18960107421875,-0.0671893299147486,0.5033171861618757,-0.5546481449484825
2026-09-17T08:27:38.527561,1789633658527561200,32.19956127929687,-0.0652903644256293,0.6101537590712308,-0.5269686223190277
2026-09-17T08:27:38.537520,1789633658537520000,32.20952001953125,0.0919901553027331,0.6035451545864343,-0.3775836781460792
2026-09-17T08:27:38.547479,1789633658547479000,32.21947900390625,0.2382277413606643,0.7597206356823444,-0.2145083545338362
2026-09-17T08:27:38.557438,1789633658557438200,32.22943823242188,0.2698021525368094,0.8447527885407209,-0.2612251705884933
2026-09-17T08:27:38.567398,1789633658567398100,32.23939819335938,0.3091688250243664,1.106315812781453,-0.433760761789605
2026-09-17T08:27:38.577357,1789633658577357000,32.249357177734375,0.5298956887468695,1.2112386610239745,-0.3690034082621335
2026-09-17T08:27:38.587316,1789633658587316000,32.25931591796875,0.7610534917213022,1.364863873115182,-0.2152881797999143
2026-09-17T08:27:38.597275,1789633658597275100,32.269275146484375,0.6650736822605132,1.7227169418096542,-0.3660474810659885
2026-09-17T08:27:38.607235,1789633658607235000,32.279235107421876,0.7052282902553677,1.611778778800368,-0.7035228745769709
2026-09-17T08:27:38.617194,1789633658617194200,32.2891943359375,0.7436034674875438,1.6063713667988777,-0.8065292216736822
2026-09-17T08:27:38.627153,1789633658627153200,32.299153076171876,1.0500631796836852,1.8616215546309949,-0.5140133522212506
2026-09-17T08:27:38.637112,1789633658637112000,32.30911206054687,1.421028243407607,2.1525568038284777,-0.3008744594097137
2026-09-17T08:27:38.647072,1789633658647072000,32.319072021484374,1.713052456885576,2.3934008651673793,-0.3171417766649276
2026-09-17T08:27:38.657031,1789633658657031200,32.32903125,2.0972136867910622,3.086519323173165,-0.6967237890213728
2026-09-17T08:27:38.666990,1789633658666990000,32.338989990234374,2.623011877091229,4.383301593708992,-1.635179528132081
2026-09-17T08:27:38.676949,1789633658676949000,32.34894897460938,3.543507596619427,4.583610231041908,-1.0415758487801998
2026-09-17T08:27:38.686909,1789633658686909200,32.3589091796875,4.508228826843202,4.872798928833007,0.0415484735060483
2026-09-17T08:27:38.696868,1789633658696868000,32.3688681640625,5.091707637217641,5.389277794384956,-0.7609346145819872
2026-09-17T08:27:38.706827,1789633658706827300,32.3788271484375,6.00267155829072,6.162954474705457,-1.3113941487342118
2026-09-17T08:27:38.716787,1789633658716787200,32.388787109375,7.093988539382815,6.407329048258066,-0.0185047209184616
2026-09-17T08:27:38.726746,1789633658726746000,32.39874609375,7.310345225197076,6.6698880977988235,1.7430261548668144
2026-09-17T08:27:38.736705,1789633658736705000,32.408705078125,5.929807397609949,7.767296966025233,3.312992329332232
2026-09-17T08:27:38.746664,1789633658746664000,32.41866381835938,2.3912989244520664,8.170278631734847,4.740118305093049
2026-09-17T08:27:38.756624,1789633658756624100,32.4286240234375,-0.9096575146496296,11.6776227358222,4.040777027049661
2026-09-17T08:27:38.766583,1789633658766583300,32.438583251953126,-4.931211370313167,16.08075598820448,1.9463298823624848
2026-09-17T08:27:38.776542,1789633658776542200,32.44854223632812,-1.3113579083770512,15.359072529971598,0.1942436382055282
2026-09-17T08:27:38.786501,1789633658786501000,32.45850122070313,2.655337983417511,15.469447798401117,0.0773468590527772
2026-09-17T08:27:38.796461,1789633658796461000,32.4684609375,6.5723500991106025,13.366281925207376,2.1609183894604445
2026-09-17T08:27:38.806420,1789633658806420000,32.478419921875,9.7109754570961,13.924157800030708,3.4351702637583017
2026-09-17T08:27:38.816379,1789633658816379100,32.48837915039063,11.165547658187151,11.86397532851696,3.0993910797059536
2026-09-17T08:27:38.826338,1789633658826338000,32.498338134765625,16.227576196455953,7.739652003252506,1.5827191269241272
2026-09-17T08:27:38.836298,1789633658836298200,32.50829833984375,10.381955148530006,10.485928733223677,2.1657618839688597
2026-09-17T08:27:38.846257,1789633658846257200,32.51825708007812,6.302608444589376,11.475839934283494,4.130195432168245
2026-09-17T08:27:38.856216,1789633658856216300,32.52821630859375,9.513964107742906,5.533537796759605,3.3967677601277826
2026-09-17T08:27:38.866175,1789633658866175200,32.53817529296875,12.805904296696186,3.3601264209508894,3.675044603282213
2026-09-17T08:27:38.876135,1789633658876135200,32.54813525390625,12.664950350129605,3.3029072809085247,3.723758657568693
2026-09-17T08:27:38.886094,1789633658886094000,32.55809399414063,12.742234665340185,2.9460853088274597,3.4071342558413744
2026-09-17T08:27:38.896053,1789633658896053000,32.568052978515624,13.324950382387636,2.387737724839151,3.2018475378349422
2026-09-17T08:27:38.906012,1789633658906012200,32.57801220703125,13.113549857676029,1.996371678121388,3.341182943288982
2026-09-17T08:27:38.915972,1789633658915972400,32.58797241210937,12.1683054813385,2.3091733066901563,3.584450140121579
2026-09-17T08:27:38.925931,1789633658925931300,32.59793115234375,10.893790572190284,2.744704073826969,3.913101664251089
2026-09-17T08:27:38.935890,1789633658935890200,32.60789013671875,9.655874916642905,2.4851252091407776,3.9612066467285154
2026-09-17T08:27:38.945849,1789633658945849000,32.61784912109375,8.796506158250569,2.2459657398879527,4.017424793034792
2026-09-17T08:27:38.955809,1789633658955809000,32.62780908203125,8.223228716155885,1.7291671408623457,4.002492596840858
2026-09-17T08:27:38.965768,1789633658965768200,32.637768310546875,7.769644405934214,1.183950841125846,3.7617026037767527
2026-09-17T08:27:38.975727,1789633658975727000,32.64772705078125,7.302719552624225,1.104478660482168,3.4658667230561373
2026-09-17T08:27:38.985687,1789633658985687000,32.65768701171875,6.855355724352598,1.4817793569684028,3.109690939924121
2026-09-17T08:27:38.995646,1789633658995646200,32.667646240234376,6.341369260138273,1.8316718220472337,2.8546073408305643
2026-09-17T08:27:39.005605,1789633659005605000,32.67760522460937,5.533005297318101,2.0144237599015233,2.563267894746363
2026-09-17T08:27:39.015564,1789633659015564300,32.68756420898438,4.731256368723511,2.2106395749628542,2.2435278452165424
2026-09-17T08:27:39.025524,1789633659025524200,32.69752416992188,4.158545912861824,2.5787182695955035,1.84879948245883
2026-09-17T08:27:39.035483,1789633659035483100,32.707483154296874,3.516118362173438,3.0505858400046826,1.6636790619075297
2026-09-17T08:27:39.045442,1789633659045442000,32.71744213867188,2.4178595991194247,3.3831460620105265,1.4256350065506993
2026-09-17T08:27:39.055401,1789633659055401000,32.72740087890625,1.6433119811832904,3.6796056275874376,1.2027515493161975
2026-09-17T08:27:39.065361,1789633659065361000,32.73736083984375,1.03571258276999,3.977415438729525,0.8810754171572626
2026-09-17T08:27:39.075320,1789633659075320300,32.7473203125,0.3588035012871027,4.666723983058333,0.3704075029063969
2026-09-17T08:27:39.085279,1789633659085279200,32.757279296875,0.0485424971118569,6.125909815424681,-0.2149777986764907
2026-09-17T08:27:39.095238,1789633659095238100,32.76723803710937,-0.659365533746779,7.6134923057138915,-0.827027089170739
2026-09-17T08:27:39.105198,1789633659105198000,32.77719799804687,-1.8351858215175567,8.50625538418591,-1.2072427963208407
2026-09-17T08:27:39.115157,1789633659115157200,32.7871572265625,-3.6848166402339935,8.838166202372312,-1.5604443128824232
2026-09-17T08:27:39.125116,1789633659125116200,32.7971162109375,-5.6573418710827825,9.472310493361949,-1.8628169018954035
2026-09-17T08:27:39.135075,1789633659135075000,32.80707495117188,-7.520268078571558,9.8797561527431,-1.7933125730365511
2026-09-17T08:27:39.145035,1789633659145035000,32.81703491210938,-9.337570014482736,10.19822589007616,-1.6026730968028309
2026-09-17T08:27:39.154994,1789633659154994200,32.826994140625,-12.317643809890749,10.855485683715342,-1.4383388591706752
2026-09-17T08:27:39.164953,1789633659164953300,32.83695336914062,-16.557293303990363,10.730513734656572,-1.5596365036308764
2026-09-17T08:27:39.174912,1789633659174912300,32.84691235351563,-19.3822665540576,11.19790562095642,-1.6135481265604494
2026-09-17T08:27:39.184872,1789633659184872200,32.8568720703125,-22.24129638750553,12.376893286716935,-2.8001848457694054
2026-09-17T08:27:39.194831,1789633659194831000,32.8668310546875,-25.349365279185772,9.013340982970597,-5.2798833536863325
2026-09-17T08:27:39.204790,1789633659204790000,32.8767900390625,-26.817048306262492,5.5804053463965655,-7.139295415574312
2026-09-17T08:27:39.214749,1789633659214749200,32.886749267578125,-29.727927569413183,1.838817602148652,-8.81558378368616
2026-09-17T08:27:39.224709,1789633659224709000,32.896709228515626,-32.78504018083811,-2.8398253667622804,-9.77472107629776
2026-09-17T08:27:39.234668,1789633659234668000,32.90666796875,-35.02176229156255,-7.351677937060594,-9.758559046047925
2026-09-17T08:27:39.244627,1789633659244627200,32.916627197265626,-35.27990352466106,-9.470449960187077,-8.957859918767213
2026-09-17T08:27:39.254586,1789633659254586000,32.92658618164062,-33.81422657670974,-7.460868379619717,-8.305912260061502
2026-09-17T08:27:39.264546,1789633659264546000,32.93654614257812,-30.040317110049724,-3.3476655833065507,-7.132689149177074
2026-09-17T08:27:39.274505,1789633659274505200,32.94650512695313,-11.392764176189898,9.826425544571876,3.0504385404884813
2026-09-17T08:27:39.284464,1789633659284464000,32.956464111328124,22.09294473190307,4.385460817569494,2.693680281293392
2026-09-17T08:27:39.294424,1789633659294424300,32.96642431640625,18.342232600957153,-1.211755962896347,-2.4683120215058327
2026-09-17T08:27:39.304383,1789633659304383200,32.97638330078125,4.808953064127266,0.998746249422431,-6.345462082409858
2026-09-17T08:27:39.314342,1789633659314342100,32.986342041015625,-1.4228957908451556,7.042049677830934,-9.882919585210084
2026-09-17T08:27:39.324301,1789633659324301300,32.99630126953125,-11.000237853521108,11.61885607407689,-9.867909063082934
2026-09-17T08:27:39.334261,1789633659334261200,33.00626123046875,-15.160621503204109,9.878076236832142,-1.1564765587449073
2026-09-17T08:27:39.344220,1789633659344220200,33.01622021484375,-14.964778613108397,6.128567636457086,0.7377893743813038
2026-09-17T08:27:39.354179,1789633659354179000,33.02617895507812,-6.130137077730894,8.01504773801267,-1.120618478900194
2026-09-17T08:27:39.364138,1789633659364138200,33.03613818359375,-2.3863683361820875,5.437308542582392,0.1615185956895351
2026-09-17T08:27:39.374098,1789633659374098200,33.04609814453125,-0.7559394366431981,-0.9474760809123516,-1.8315397201001644
2026-09-17T08:27:39.384057,1789633659384057300,33.056057373046876,2.136304172685742,-1.1168611721932888,-3.815177881115675
2026-09-17T08:27:39.394016,1789633659394016300,33.06601635742187,-0.0524434637728845,0.2313362282812595,-1.760524986678362
2026-09-17T08:27:39.403975,1789633659403975200,33.07597509765625,-1.2217367472279816,0.7789566665500401,1.0909025550723075
2026-09-17T08:27:39.413935,1789633659413935000,33.08593505859375,-0.0670421034637838,0.2701514043658972,1.5439292314112183
2026-09-17T08:27:39.423894,1789633659423894300,33.095894287109374,0.1856874433169141,-0.654451165959239,0.947113677340746
2026-09-17T08:27:39.433853,1789633659433853200,33.10585327148438,0.1835869273737072,-0.5432271717458963,0.0968213748514652
2026-09-17T08:27:39.443812,1789633659443812400,33.115812255859375,-0.1061479147917591,0.1433522398799658,-0.368116688555479
2026-09-17T08:27:39.453772,1789633659453772300,33.125772216796875,0.2388415624100714,0.2838350618034601,-0.4178051408320665
2026-09-17T08:27:39.463731,1789633659463731200,33.13573120117187,0.0197367834640666,0.3381482512712478,-0.5230383701980114
2026-09-17T08:27:39.473690,1789633659473690400,33.1456904296875,-0.583769683079794,0.470194084239006,-0.5025596457928418
2026-09-17T08:27:39.483649,1789633659483649300,33.15564916992187,-0.0336111411681398,0.2489753453463316,-0.1903559831172227
2026-09-17T08:27:39.493609,1789633659493609200,33.16560913085937,0.1457851295826956,0.1128536412417888,0.127462030575145
2026-09-17T08:27:39.503568,1789633659503568100,33.17556811523438,-0.5901403871554881,0.4475520443201065,-0.0307604461784474
2026-09-17T08:27:39.513527,1789633659513527000,33.185527099609374,-0.1702631527571007,0.3283949190199375,-0.2050596677849069
2026-09-17T08:27:39.523486,1789633659523486500,33.19548657226562,0.1879582377931103,0.1144862108796834,-0.1080780791367404
2026-09-17T08:27:39.533446,1789633659533446400,33.2054462890625,-0.1778612797359004,0.3528045531332492,-0.060606700121425
2026-09-17T08:27:39.543405,1789633659543405300,33.2154052734375,-0.2339212032731622,0.2982084550708532,-0.1313537225177511
2026-09-17T08:27:39.553364,1789633659553364200,33.2253642578125,-0.050186318796128,0.1729173570603132,-0.1157967089563608
2026-09-17T08:27:39.563323,1789633659563323100,33.2353232421875,-0.000736132254824,0.2000800892740488,0.106587018595077
2026-09-17T08:27:39.573283,1789633659573283000,33.245282958984376,0.1018709133259952,0.2373696632266044,0.3130530095139518
2026-09-17T08:27:39.583242,1789633659583242200,33.2552421875,0.0223484637998044,0.2781622768640518,0.3192214690158143
2026-09-17T08:27:39.593201,1789633659593201200,33.265201171875,-0.1695938386607915,0.1711918484419584,0.1562076297998428
2026-09-17T08:27:39.603160,1789633659603160000,33.27516015625,-0.187574827966094,0.2912275101423263,-0.104527674912475
2026-09-17T08:27:39.613120,1789633659613120300,33.285120361328126,-0.0418063937898725,0.2610334474086761,-0.1563654507100582
2026-09-17T08:27:39.623079,1789633659623079400,33.29507934570312,0.1237395577196031,0.2832020245969295,0.0509598239192739
2026-09-17T08:27:39.633038,1789633659633038300,33.305038330078126,0.1850713207125663,0.2659586288511752,0.2967833907037973
2026-09-17T08:27:39.642998,1789633659642998300,33.31499829101563,-0.0664196607165038,0.2292196745187044,0.2056963217206299
2026-09-17T08:27:39.652957,1789633659652957200,33.324957275390624,-0.1900450905371457,0.4720090247064828,0.0136433254271745
2026-09-17T08:27:39.662916,1789633659662916000,33.334916015625,-0.0235976601433008,0.3824415665060282,-0.0576865383584052
2026-09-17T08:27:39.672875,1789633659672875300,33.344875244140624,-0.1342848440662026,0.1669546492636203,0.0731037415903061
2026-09-17T08:27:39.682835,1789633659682835500,33.35483544921875,-0.0692612408179789,0.0899170022904872,0.2395784983824938
2026-09-17T08:27:39.692794,1789633659692794400,33.36479443359375,0.0122582277443259,0.1082780038893222,0.3122890028715133
2026-09-17T08:27:39.702753,1789633659702753300,33.374753173828125,-0.1216826982550322,0.0611696312338113,0.2150478682380169
2026-09-17T08:27:39.712712,1789633659712712200,33.38471215820312,-0.2588881059430539,-0.0118272159159183,0.0233621708869934
2026-09-17T08:27:39.722672,1789633659722672000,33.39467211914062,-0.2211275534778833,0.1092664304047822,-0.0240735340267419
2026-09-17T08:27:39.732631,1789633659732631300,33.40463134765625,-0.0972016063407063,0.1121171436607837,-0.0015473755724728
2026-09-17T08:27:39.742590,1789633659742590200,33.41459008789062,-0.1013600411944091,0.1743564499527216,0.0223860193312168
2026-09-17T08:27:39.752549,1789633659752549000,33.42454907226563,-0.0873003900513052,0.0173094467192888,0.1174989828296005
2026-09-17T08:27:39.762509,1789633659762509300,33.43450927734375,-0.096626875192672,-0.046261400437355,-0.0185975868336856
2026-09-17T08:27:39.772468,1789633659772468200,33.44446826171875,-0.2503587625287473,0.4026186776161193,-0.5665097745906561
2026-09-17T08:27:39.782427,1789633659782427400,33.45442749023437,-0.1110851702645421,0.4105769431442022,-0.6701284814320504
2026-09-17T08:27:39.792386,1789633659792386300,33.46438623046875,0.1447483704134821,0.5298550644755363,-0.4257084613025188
2026-09-17T08:27:39.802346,1789633659802346200,33.47434619140625,0.1139180556029081,0.4875111297428607,-0.349095104156062
2026-09-17T08:27:39.812305,1789633659812305200,33.48430517578125,0.1018418333619833,0.6847147867977619,-0.4263274699836969
2026-09-17T08:27:39.822264,1789633659822264300,33.49426440429688,0.2771739964790642,0.9265577960461376,-0.6311818609874695
2026-09-17T08:27:39.832223,1789633659832223200,33.50422314453125,0.4377500506214797,1.24755851316154,-0.7112135021448135
2026-09-17T08:27:39.842183,1789633659842183400,33.514183349609375,0.6385815427847206,1.463593127414584,-0.6503595127314329
2026-09-17T08:27:39.852142,1789633659852142300,33.52414233398437,0.7330132460206746,1.6526263374954462,-0.7581886038094758
2026-09-17T08:27:39.862101,1789633659862101200,33.534101318359376,0.8405342940628528,1.7304250319689511,-0.8231850267898291
2026-09-17T08:27:39.872060,1789633659872060400,33.54406030273437,0.963534943048656,1.9944827956348656,-0.9324326794289052
2026-09-17T08:27:39.882020,1789633659882020400,33.55402026367187,1.1690201062366363,2.243009228169918,-0.9532201044570654
2026-09-17T08:27:39.891979,1789633659891979300,33.56397924804688,1.5202569716617464,2.5272552088618276,-0.6976384927134961
2026-09-17T08:27:39.901938,1789633659901938200,33.573938232421874,1.9262813660681248,3.285409325879812,-0.692180300372839
2026-09-17T08:27:39.911897,1789633659911897000,33.58389697265625,2.7185250919535755,4.536899333271384,-0.6811316676139831
2026-09-17T08:27:39.921857,1789633659921857300,33.59385717773438,3.888817994605005,5.418576954105496,-0.0214285724759101
2026-09-17T08:27:39.931816,1789633659931816400,33.60381640625,4.95701859626472,5.505585959994793,0.7813357437063008
2026-09-17T08:27:39.941775,1789633659941775400,33.613775390625,5.62448472661972,6.3332975973635905,0.1767723519880324
2026-09-17T08:27:39.951734,1789633659951734300,33.623734375,6.545227114385366,6.734731449109315,-0.5964426291048527
2026-09-17T08:27:39.961694,1789633659961694200,33.633694091796876,7.604656088307499,6.660526979735494,0.2017511642914265
2026-09-17T08:27:39.971653,1789633659971653000,33.64365307617187,7.936510792392492,7.338876323154568,1.899374654442072
2026-09-17T08:27:39.981612,1789633659981612300,33.6536123046875,6.810763133910298,9.427907288011909,3.321791721859574
2026-09-17T08:27:39.991572,1789633659991572200,33.663572265625,2.804239089596271,9.201056680712105,5.385272650396823
2026-09-17T08:27:40.001531,1789633660001531400,33.673531494140626,-1.584531290912628,12.174136671710013,5.2221273302882905
2026-09-17T08:27:40.011490,1789633660011490300,33.683490234375,-4.859558338987827,16.6709150069952,2.725489378008246
2026-09-17T08:27:40.021449,1789633660021449200,33.69344921875,-2.867590156522393,16.028654045045375,1.1394319735068827
2026-09-17T08:27:40.031408,1789633660031408400,33.70340844726562,0.5223281761020422,15.248983677268027,0.3495559266008436
2026-09-17T08:27:40.041368,1789633660041368300,33.713368408203124,7.510655031573772,13.51058518220186,1.8231863177746532
2026-09-17T08:27:40.051327,1789633660051327200,33.7233271484375,10.22787751649618,12.659300361543892,3.6384903578668832
2026-09-17T08:27:40.061286,1789633660061286100,33.7332861328125,14.320616785973307,9.616288756185767,2.798793099150062
2026-09-17T08:27:40.071246,1789633660071246000,33.74324609375,16.133133825695513,6.719798083871603,1.973089002211392
2026-09-17T08:27:40.081205,1789633660081205200,33.75320532226562,5.659601048186421,10.563819782155752,3.018570407062769
2026-09-17T08:27:40.091164,1789633660091164400,33.763164306640626,5.648862796550989,9.957455478495358,4.262212039041519
2026-09-17T08:27:40.101123,1789633660101123300,33.77312329101562,8.386194588044285,3.1848788673773405,3.5416079004779455
2026-09-17T08:27:40.111083,1789633660111083300,33.78308325195312,10.985703132212162,3.4581638935938477,4.059898199366033
2026-09-17T08:27:40.121042,1789633660121042200,33.79304223632813,11.17705221801996,2.8346465028196572,3.903623349548876
2026-09-17T08:27:40.131001,1789633660131001300,33.80300146484375,11.819114442527294,1.619345122401416,3.459416816264391
2026-09-17T08:27:40.140960,1789633660140960300,33.81296020507813,12.547788782560824,1.3222019584745168,3.410452586609125
2026-09-17T08:27:40.150920,1789633660150920200,33.82292016601563,12.347731489640474,1.3466665376454592,3.451784713950753
2026-09-17T08:27:40.160879,1789633660160879400,33.83287939453125,11.606159089589118,1.4127397230118512,3.552124033795297
2026-09-17T08:27:40.170838,1789633660170838300,33.84283837890625,10.85903256254196,1.0162000730484724,3.818502933885157
2026-09-17T08:27:40.180797,1789633660180797400,33.85279736328125,10.326616123145818,0.6866948546990752,3.881572845782339
2026-09-17T08:27:40.190757,1789633660190757400,33.86275732421875,9.884521175187826,0.6448296433940529,3.903889599269628
2026-09-17T08:27:40.200716,1789633660200716300,33.87271630859375,9.406786174049971,0.6852998932093382,3.8973151893153783
2026-09-17T08:27:40.210675,1789633660210675200,33.88267529296875,8.819134169644117,0.7790431757897138,3.6448102085381744
2026-09-17T08:27:40.220634,1789633660220634000,33.89263403320312,8.390107377573846,1.3557237043261527,3.2659903396606444
2026-09-17T08:27:40.230594,1789633660230594000,33.902593994140624,7.942358933898806,1.9710966593503951,2.869766039256751
2026-09-17T08:27:40.240553,1789633660240553200,33.91255322265625,7.197984920430183,2.3080296896129844,2.4339169999510046
2026-09-17T08:27:40.250512,1789633660250512400,33.922512451171876,6.319563086521625,2.515070850071311,2.19959284190014
2026-09-17T08:27:40.260471,1789633660260471300,33.93247119140625,5.648353677985072,2.619391640767455,2.1324308383837343
2026-09-17T08:27:40.270431,1789633660270431200,33.94243115234375,5.152164151746034,2.671996272751689,2.1033225250601766
2026-09-17T08:27:40.280390,1789633660280390100,33.95239013671875,4.425334562796354,2.8204700934290883,1.7505302468866109
2026-09-17T08:27:40.290349,1789633660290349300,33.962349365234374,3.4644580253019925,3.1646202154636383,1.55259886007905
2026-09-17T08:27:40.300308,1789633660300308200,33.97230810546875,2.4747414700314403,3.5324504882931707,1.4834657026201483
2026-09-17T08:27:40.310268,1789633660310268200,33.98226806640625,1.3511197176620364,3.8780870494931934,1.098680203336477
2026-09-17T08:27:40.320227,1789633660320227000,33.99222705078125,0.8471969668224454,4.5604912212610245,0.6825543938934803
2026-09-17T08:27:40.330186,1789633660330186200,34.00218627929687,0.541937131935358,6.13745587631166,0.1806044044315815
2026-09-17T08:27:40.340145,1789633660340145400,34.0121455078125,-0.055207800219953,7.95016580825746,-0.2550771693527698
2026-09-17T08:27:40.350105,1789633660350105300,34.022105224609376,-0.4491454509913921,9.894075769996643,-0.3461304821968078
2026-09-17T08:27:40.360064,1789633660360064300,34.03206420898437,-1.69836751345098,11.697648455762865,-0.3858148423314094
2026-09-17T08:27:40.370023,1789633660370023200,34.04202319335938,-3.568302430658042,13.467365633678437,-0.3143764036048203
2026-09-17T08:27:40.379983,1789633660379983000,34.05198315429688,-6.158764037278294,15.075096598392724,-0.2941034309048205
2026-09-17T08:27:40.389942,1789633660389942300,34.0619423828125,-9.650319620603325,15.183729991590976,-0.720118108612299
2026-09-17T08:27:40.399901,1789633660399901200,34.07190112304688,-13.471117095166443,15.165864664554595,-0.5647147809326648
2026-09-17T08:27:40.409860,1789633660409860400,34.0818603515625,-17.541342919540405,16.04401060413122,-1.004966146850586
2026-09-17T08:27:40.419820,1789633660419820300,34.0918203125,-22.06279509283304,15.327697733020782,-3.1362861013829706
2026-09-17T08:27:40.429779,1789633660429779200,34.101779296875,-26.03792505097389,11.615904238533972,-6.926294469928741
2026-09-17T08:27:40.439738,1789633660439738400,34.11173828125,-29.232973137927058,8.485006259930133,-10.605607252049444
2026-09-17T08:27:40.449697,1789633660449697300,34.121697265625,-33.04714213426113,4.995851308006048,-11.630520792907475
2026-09-17T08:27:40.459657,1789633660459657200,34.1316572265625,-37.490046256017685,-2.9524715027332302,-11.261917782139776
2026-09-17T08:27:40.469616,1789633660469616000,34.1416162109375,-39.90782519111633,-9.40037922961712,-11.171773985356092
2026-09-17T08:27:40.479575,1789633660479575000,34.151574951171874,-41.3961582075119,-11.064476809197664,-11.724067676132917
2026-09-17T08:27:40.489534,1789633660489534200,34.1615341796875,-40.75748153378963,-8.431677405324578,-12.205959212428333
2026-09-17T08:27:40.499494,1789633660499494400,34.17149438476562,-31.451009252882,-4.802808862283825,-8.240891214096546
2026-09-17T08:27:40.509453,1789633660509453300,34.18145336914063,7.868492902699113,8.175382676875591,0.3564437864184379
2026-09-17T08:27:40.519412,1789633660519412200,34.191412109375,23.06208202500343,5.661707080554962,0.9173451465427876
2026-09-17T08:27:40.529371,1789633660529371100,34.20137109375,12.236800925415752,3.5073242303431034,-8.769096757799387
2026-09-17T08:27:40.539331,1789633660539331000,34.2113310546875,4.166840278476476,-0.3562678453296423,-10.23888172559142
2026-09-17T08:27:40.549290,1789633660549290200,34.221290283203125,-1.6682725271776315,7.873222853830456,-12.567261544793844
2026-09-17T08:27:40.559249,1789633660559249200,34.23124926757812,-8.335164658030868,10.14348892223835,-9.677824882644414
2026-09-17T08:27:40.569208,1789633660569208000,34.2412080078125,-14.148747476661203,6.046456924003362,0.853178671580553
2026-09-17T08:27:40.579168,1789633660579168300,34.251168212890626,-13.06433194552064,3.5754841588556765,1.857515872877836
2026-09-17T08:27:40.589127,1789633660589127400,34.26112744140625,-5.974788110587,6.438698584511876,1.0898317109704017
2026-09-17T08:27:40.599086,1789633660599086300,34.27108642578125,-4.38990727558434,6.504903287303447,3.1724867110550403
2026-09-17T08:27:40.609045,1789633660609045200,34.28104516601562,-1.1954870382059364,-0.061472413572669,-1.740202329617739
2026-09-17T08:27:40.619005,1789633660619005200,34.291005126953124,2.3179138086371123,-0.3011380787819623,-6.011534079182147
2026-09-17T08:27:40.628964,1789633660628964000,34.30096411132813,0.0647097378263482,0.1579927596509456,-4.026683619767427
2026-09-17T08:27:40.638923,1789633660638923300,34.31092333984375,-1.7388301644816997,1.7338602671146393,-0.8037164292752742
2026-09-17T08:27:40.648882,1789633660648882200,34.32088208007813,-0.3092953009482473,0.9467804998636246,1.158082824897766
2026-09-17T08:27:40.658842,1789633660658842400,34.33084228515625,0.1923376036548055,-0.4559317501306533,0.9770663325339556
2026-09-17T08:27:40.668801,1789633660668801300,34.34080126953125,0.0109602786219678,-0.2217009694516658,-0.6837322055011987
2026-09-17T08:27:40.678760,1789633660678760200,34.35076025390625,-0.4615831269558519,0.2192939083099365,-0.8510650404274464
2026-09-17T08:27:40.688720,1789633660688720100,34.36072021484375,0.0804407882138155,0.1924532476574182,-0.075422612991929
2026-09-17T08:27:40.698679,1789633660698679300,34.37067919921875,0.2638615104414522,-0.1494680924117565,0.5050339269518852
2026-09-17T08:27:40.708638,1789633660708638200,34.38063818359375,-0.2340897647731006,0.1618318994224071,0.2422048282980918
2026-09-17T08:27:40.718597,1789633660718597000,34.39059716796875,-0.0579189954074099,0.09476093519032,-0.0183054720193147
2026-09-17T08:27:40.728556,1789633660728556000,34.40055615234375,0.1415573923524469,-0.1460235049158334,0.1448188053011894
2026-09-17T08:27:40.738516,1789633660738516200,34.41051611328125,-0.3270430294869467,0.2233171724766492,0.1250917760461568
2026-09-17T08:27:40.748475,1789633660748475400,34.42047534179687,-0.2415245178837329,0.3774906661003828,-0.2359667924250476
2026-09-17T08:27:40.758434,1789633660758434300,34.43043432617188,0.0421134504450485,0.1778448765903711,-0.3536941954493522
2026-09-17T08:27:40.768394,1789633660768394200,34.44039428710938,-0.2082744285803288,0.1492500657469034,-0.0920002383053302
2026-09-17T08:27:40.778353,1789633660778353200,34.450353271484374,-0.1545337052382528,0.1000719010800123,0.1936924157972447
2026-09-17T08:27:40.788312,1789633660788312300,34.46031225585938,0.1585606226667761,-0.0094201547741889,0.3145896810293197
2026-09-17T08:27:40.798271,1789633660798271200,34.470271240234375,0.0296264554461464,0.0377425784170627,0.3027069538001902
2026-09-17T08:27:40.808231,1789633660808231400,34.4802314453125,-0.1624568994529545,0.2028448778122663,0.0957312597935087
2026-09-17T08:27:40.818190,1789633660818190300,34.4901904296875,-0.1544049277594313,0.2444184126943349,-0.102041703315638
2026-09-17T08:27:40.828149,1789633660828149200,34.500149169921876,-0.1201113572850823,0.2404056699216365,-0.180465269955527
2026-09-17T08:27:40.838108,1789633660838108400,34.5101083984375,-0.1505823007313534,0.192593532910943,-0.1306850660085678
2026-09-17T08:27:40.848068,1789633660848068400,34.520068359375,-0.1344900112494826,0.2391039396733045,-0.0963472910663112
2026-09-17T08:27:40.858027,1789633660858027300,34.53002734375,-0.0853225141070783,0.1605915439724922,-0.0816600095441564
2026-09-17T08:27:40.867986,1789633660867986200,34.539986083984374,-0.1134771069023758,0.1834445962935686,-0.0320756386965513
2026-09-17T08:27:40.877945,1789633660877945000,34.54994506835938,-0.0146459265984594,0.1555664092868566,0.1293114761004224
2026-09-17T08:27:40.887905,1789633660887905300,34.5599052734375,0.0220202547587454,0.1190641863197088,0.1761153128514066
2026-09-17T08:27:40.897864,1789633660897864400,34.56986450195313,-0.0612428426004946,0.1387748489618301,0.165791450703144
2026-09-17T08:27:40.907823,1789633660907823400,34.5798232421875,0.0535514843802899,0.0076852938055992,0.3295838730761781
2026-09-17T08:27:40.917782,1789633660917782300,34.5897822265625,0.418210799023509,0.0622702859520912,0.608952566587925
2026-09-17T08:27:40.927742,1789633660927742200,34.5997421875,0.0528915591668337,0.0019195698857307,0.4895294838279485
2026-09-17T08:27:40.937701,1789633660937701000,34.609701171875,-0.2914554736793041,0.2519604986369609,0.1080862076442688
2026-09-17T08:27:40.947660,1789633660947660300,34.61966040039062,-0.053601095675677,-0.0114478612095117,0.0552034163057804
2026-09-17T08:27:40.957619,1789633660957619200,34.629619140625,0.0297216959815472,0.0490478162854909,0.2256413045752793
2026-09-17T08:27:40.967579,1789633660967579400,34.639579345703126,0.0543914423357695,0.0491162053465843,0.5536345109265297
2026-09-17T08:27:40.977538,1789633660977538300,34.64953833007812,0.2505509240999817,-0.0740647686421871,0.9228378987401724
2026-09-17T08:27:40.987497,1789633660987497200,34.65949731445313,0.1708828555580228,0.0831780494242906,0.7217594460785388
2026-09-17T08:27:40.997456,1789633660997456400,34.66945629882812,-0.0820282948672771,0.4076110790759324,0.2152081733662635
2026-09-17T08:27:41.007416,1789633661007416300,34.679416259765624,-0.0844793412812054,0.6233867501318454,-0.2442494128029793
2026-09-17T08:27:41.017375,1789633661017375200,34.68937524414063,0.0891276054784655,0.8959218347638845,-0.5560970285825431
2026-09-17T08:27:41.027334,1789633661027334100,34.699334228515625,0.1272384326860308,1.1119786608487368,-0.6745103497780859
2026-09-17T08:27:41.037293,1789633661037293300,34.70929321289063,0.0882616362988948,0.9563046995341776,-0.9178349758863448
2026-09-17T08:27:41.047253,1789633661047253200,34.71925317382812,-0.1577230027988553,1.0014975939571855,-1.473349382275343
2026-09-17T08:27:41.057212,1789633661057212400,34.72921240234375,-0.1728672343082725,1.0689408986330031,-1.7078595644176005
2026-09-17T08:27:41.067171,1789633661067171300,34.73917138671875,0.297395677383244,1.2175023975938557,-1.1786509811520576
2026-09-17T08:27:41.077130,1789633661077130200,34.749130126953126,0.6424190751209855,1.4724872124880553,-0.3521815989293158
2026-09-17T08:27:41.087090,1789633661087090200,34.75909008789063,0.9033774114668368,1.6053648201048374,0.0983843863844871
2026-09-17T08:27:41.097049,1789633661097049300,34.76904931640625,0.9945546429514884,1.769059006267786,0.0123339963942766
2026-09-17T08:27:41.107008,1789633661107008300,34.77900830078125,1.1321288839519024,2.013354084843397,-0.384793682590127
2026-09-17T08:27:41.116968,1789633661116968200,34.78896826171875,1.4344316225990652,2.404914192828536,-0.7387344001464545
2026-09-17T08:27:41.126927,1789633661126927400,34.79892724609375,1.6366858410418033,2.8327561590284107,-0.9068710988014936
2026-09-17T08:27:41.136886,1789633661136886300,34.80888623046875,1.971085845695436,3.1972832986593245,-1.084862690386176
2026-09-17T08:27:41.146845,1789633661146845400,34.81884545898438,2.3809233686491846,4.108873242676258,-1.3820862260729074
2026-09-17T08:27:41.156805,1789633661156805400,34.82880541992188,3.3625220839157697,5.332706596857309,-1.3611977518230676
2026-09-17T08:27:41.166764,1789633661166764300,34.838764404296874,4.568116893833875,5.639816735786199,-0.5946621754288673
2026-09-17T08:27:41.176723,1789633661176723200,34.84872314453125,5.364530306619406,5.3379351451605555,-0.0212689249347895
2026-09-17T08:27:41.186682,1789633661186682000,34.85868212890625,6.10414572738409,5.8335138460248706,-0.5153717080276459
2026-09-17T08:27:41.196642,1789633661196642000,34.86864208984375,7.042664010336995,5.89276741450429,-0.2863461678415536
2026-09-17T08:27:41.206601,1789633661206601200,34.87860131835937,7.713797431027888,6.10386515687704,1.687275041550398
2026-09-17T08:27:41.216560,1789633661216560400,34.888560302734376,7.45853204562664,7.63662066784501,4.06388493091464
2026-09-17T08:27:41.226519,1789633661226519300,34.89851928710937,4.624526178798079,8.763137557134032,6.252769770187139
2026-09-17T08:27:41.236479,1789633661236479200,34.90847924804687,0.5551783063024283,10.02693993360996,6.759334559968114
2026-09-17T08:27:41.246438,1789633661246438100,34.91843823242188,-4.705236961326003,15.482696571552752,4.9038347030878064
2026-09-17T08:27:41.256397,1789633661256397300,34.928397216796874,-2.3697826736927032,15.840849499976636,2.884033926323056
2026-09-17T08:27:41.266356,1789633661266356200,34.93835620117188,-0.1477116041332483,15.681907476776836,2.013221398374438
2026-09-17T08:27:41.276316,1789633661276316200,34.94831616210938,5.4097372295677655,13.46601071193814,1.246909109342098
2026-09-17T08:27:41.286275,1789633661286275000,34.958275146484375,10.390903009617327,13.18865156815052,3.777498431062698
2026-09-17T08:27:41.296234,1789633661296234000,34.96823388671875,10.605714804077149,11.242414624768497,3.991476697307825
2026-09-17T08:27:41.306193,1789633661306193200,34.978193115234376,14.578513688921928,8.420983577352763,3.4288267399504777
2026-09-17T08:27:41.316153,1789633661316153000,34.988153076171876,11.220187595391272,7.458403450810909,2.1414602402746676
2026-09-17T08:27:41.326112,1789633661326112000,34.99811206054687,3.3922646034896373,11.142422803187369,4.829173722118139
2026-09-17T08:27:41.336071,1789633661336071000,35.00807080078125,4.7095711911380285,5.87469399767518,4.59206504791528
2026-09-17T08:27:41.346030,1789633661346030000,35.018030029296874,8.08836548767984,1.9909397162005305,4.25175640373975
2026-09-17T08:27:41.355990,1789633661355990000,35.027989990234374,10.1071398440063,2.4734312642157077,4.785636485947668
2026-09-17T08:27:41.365949,1789633661365949000,35.03794897460938,10.532626186990738,1.9798563043892383,4.6328486014634365
2026-09-17T08:27:41.375907,1789633661375907800,35.047907958984375,11.718940250116583,1.3271613344475626,4.308896633327007
2026-09-17T08:27:41.385867,1789633661385867000,35.05786694335937,12.577807488727569,1.1622352684020996,4.511473800113797
2026-09-17T08:27:41.395827,1789633661395827000,35.06782690429687,12.621684039855005,1.1266618507176638,4.783947509947419
2026-09-17T08:27:41.405786,1789633661405786000,35.0777861328125,12.03344692903757,0.9488248651728034,4.838557052013278
2026-09-17T08:27:41.415745,1789633661415745000,35.0877451171875,10.999668529200552,0.5798427919596433,4.8139527721107
2026-09-17T08:27:41.425705,1789633661425705000,35.097705078125,10.048155740118029,0.4921297294542193,4.820129999440908
2026-09-17T08:27:41.435664,1789633661435664000,35.10766381835938,9.338501157853006,0.5393061989098787,4.8252612248495215
2026-09-17T08:27:41.445623,1789633661445623000,35.117623046875,8.46240689010918,0.7285393154770136,4.711174242420494
2026-09-17T08:27:41.455582,1789633661455582000,35.12758203125,7.392520819580555,1.0085381601184606,4.370303580448031
2026-09-17T08:27:41.465542,1789633661465542100,35.13754223632812,6.363184201583266,1.1596037508547306,3.994002124132216
2026-09-17T08:27:41.475501,1789633661475501000,35.1475009765625,5.597602564913034,1.350475282278657,3.6555861618354912
2026-09-17T08:27:41.485460,1789633661485460000,35.1574599609375,5.1870507562100885,1.681916729387641,3.3244524655014276
2026-09-17T08:27:41.495419,1789633661495419100,35.16741918945313,4.634721994119882,1.991033531963825,2.8804911391496657
2026-09-17T08:27:41.505379,1789633661505379000,35.17737915039063,3.8070080186635256,2.549770992052555,2.3469337130248547
2026-09-17T08:27:41.515338,1789633661515338000,35.187337890625,2.942468579635024,3.0893332115501164,1.877989921107888
2026-09-17T08:27:41.525297,1789633661525297000,35.197296875,1.9571143112272025,3.885751885032654,1.5104557086154815
2026-09-17T08:27:41.535255,1789633661535255800,35.207255859375,0.7327478730827569,4.474824277630448,1.222605419821292
2026-09-17T08:27:41.545216,1789633661545216000,35.217216064453126,-0.2692015562951564,4.5495729368835685,1.0439514188051222
2026-09-17T08:27:41.555175,1789633661555175200,35.22717504882812,-1.0673553830072282,4.895395960566401,0.8600183083422481
2026-09-17T08:27:41.565134,1789633661565134000,35.23713403320313,-1.7352482143417,5.74119679685533,0.3805735806770622
2026-09-17T08:27:41.575093,1789633661575093000,35.24709301757812,-2.3994313775032756,7.080020804306864,-0.2404699673295021
2026-09-17T08:27:41.585053,1789633661585053000,35.257052978515624,-3.112109691503644,8.761700802329182,-0.636167467380315
2026-09-17T08:27:41.595011,1789633661595011800,35.26701171875,-4.102764988929033,9.62462170024514,-0.931629254091531
2026-09-17T08:27:41.604971,1789633661604971000,35.276970947265625,-5.445750792235136,9.85782372239828,-1.2430781528770922
2026-09-17T08:27:41.614930,1789633661614930000,35.28692993164063,-6.62429655944705,10.032173742610215,-1.466793384760618
2026-09-17T08:27:41.624890,1789633661624890000,35.29689013671875,-7.70687727637589,9.950531232190132,-1.4874585716485975
2026-09-17T08:27:41.634849,1789633661634849000,35.30684912109375,-9.178134070286154,10.10531029049158,-1.3499094650894403
2026-09-17T08:27:41.644808,1789633661644808000,35.31680786132812,-10.9752214856863,10.143650250279904,-1.17044078668952
2026-09-17T08:27:41.654767,1789633661654767000,35.32676708984375,-12.142055772316455,9.771225635397434,-1.2144599611580371
2026-09-17T08:27:41.664727,1789633661664727000,35.33672705078125,-12.745261319684982,9.130819361403583,-1.2888263430953024
2026-09-17T08:27:41.674686,1789633661674686000,35.34668603515625,-14.325935935169458,8.626146084457636,-2.269068383055925
2026-09-17T08:27:41.684644,1789633661684644900,35.35664477539063,-16.544750633281467,7.065577852934599,-4.133460571444035
2026-09-17T08:27:41.694604,1789633661694604000,35.36660400390625,-18.94515874686241,4.565748995658755,-5.801404305058718
2026-09-17T08:27:41.704564,1789633661704564000,35.37656396484375,-21.56612918125391,2.1292741279184817,-7.010716966456174
2026-09-17T08:27:41.714523,1789633661714523100,35.38652319335937,-23.81332358615398,-0.830123374685645,-7.950055333620309
2026-09-17T08:27:41.724482,1789633661724482000,35.39648193359375,-26.10881586575508,-4.024263699144125,-9.07735489771962
2026-09-17T08:27:41.734441,1789633661734441000,35.40644091796875,-28.425203633868698,-6.1174482765495775,-8.949702331274747
2026-09-17T08:27:41.744401,1789633661744401000,35.41640087890625,-28.91013468399048,-7.179557283335924,-7.5936267447710035
2026-09-17T08:27:41.754360,1789633661754360000,35.42636010742188,-26.590518016958235,-7.74803696976006,-6.396417193621397
2026-09-17T08:27:41.764319,1789633661764319000,35.436319091796875,-23.126898488307,-6.371991777417064,-5.646802941411734
2026-09-17T08:27:41.774279,1789633661774279200,35.446279052734376,-21.03452288919687,-2.92511295568645,-5.1100505186378955
2026-09-17T08:27:41.784238,1789633661784238000,35.45623803710937,-6.511814674127102,7.193060323509574,2.8320401197135445
2026-09-17T08:27:41.794197,1789633661794197000,35.466197021484376,16.344665283310412,6.14252718822658,2.244669270336628
2026-09-17T08:27:41.804156,1789633661804156200,35.47615625,12.75625150025487,0.9325392085433004,-2.612494866991043
2026-09-17T08:27:41.814116,1789633661814116000,35.4861162109375,3.995525680437684,7.437168939602374,-3.613607845544815
2026-09-17T08:27:41.824075,1789633661824075000,35.49607495117188,-5.098775091385841,6.779870567518472,-11.46040621830821
2026-09-17T08:27:41.834034,1789633661834034000,35.506033935546874,-10.145978985488414,12.07910276479721,-12.70078621814251
2026-09-17T08:27:41.843992,1789633661843992800,35.51599291992188,-12.299011590135096,9.770478616422414,-5.521675509530305
2026-09-17T08:27:41.853953,1789633661853953000,35.525953125,-12.989241925483942,5.857977840673923,-0.4070645511090755
2026-09-17T08:27:41.863912,1789633661863912200,35.535912109375,-3.1583810288131233,5.6147547752439975,0.4349228643715381
2026-09-17T08:27:41.873871,1789633661873871000,35.54587109375,-1.349335026202351,4.19590913657248,1.3813748629331588
2026-09-17T08:27:41.883830,1789633661883830000,35.555830078125,-1.6491785351291297,-0.4986082778185606,-1.0757774666547777
2026-09-17T08:27:41.893790,1789633661893790000,35.5657900390625,1.0537995897330343,-0.1868669719576835,-3.655883975738287
2026-09-17T08:27:41.903748,1789633661903748900,35.57574877929687,-0.1971665947138331,0.3247118465930223,-1.4794190575778483
2026-09-17T08:27:41.913708,1789633661913708000,35.5857080078125,-0.9253432326246052,0.18609014236629,1.3154478080391885
2026-09-17T08:27:41.923667,1789633661923667000,35.5956669921875,0.2968646940453909,-0.6215525204420089,2.192721640956402
2026-09-17T08:27:41.933627,1789633661933627000,35.605626953125,0.8690581585619598,-1.2593898207306862,1.7979402328372
2026-09-17T08:27:41.943586,1789633661943586000,35.6155859375,0.1554759545244276,-0.4656710538566112,0.4421458013623953
2026-09-17T08:27:41.953545,1789633661953545200,35.62554516601563,-0.7065912491716444,0.4363116883814334,-0.4949895027995109
2026-09-17T08:27:41.963504,1789633661963504000,35.635504150390624,-0.0059944546418264,-0.0134954413890838,-0.5417997692912817
2026-09-17T08:27:41.973464,1789633661973464000,35.645464111328124,0.6134447634406387,-0.3498486259371042,-0.0450870959609746
2026-09-17T08:27:41.983423,1789633661983423000,35.65542309570313,-0.0995870767051354,0.2529723060280084,0.3108732908546924
2026-09-17T08:27:41.993382,1789633661993382000,35.6653818359375,0.0818931972455233,-0.2139256592750549,0.6914969942837953
2026-09-17T08:27:42.003341,1789633662003341000,35.67534106445312,-0.4426353749776259,-0.0753758512407541,0.4550292483329772
2026-09-17T08:27:42.013301,1789633662013301000,35.68530102539062,-1.037994410096854,0.8040963685035705,-0.4258739540625363
2026-09-17T08:27:42.023260,1789633662023260200,35.69526025390625,-0.3930167365342378,0.7370669053256511,-1.1225795498400926
2026-09-17T08:27:42.033219,1789633662033219000,35.70521899414062,-0.3514332282474264,0.6005144085884094,-1.1973200988519936
2026-09-17T08:27:42.043178,1789633662043178000,35.71517797851563,-0.3672867405373602,0.6051987670123576,-0.997533951023221
2026-09-17T08:27:42.053138,1789633662053138000,35.72513793945313,-0.2932610983291641,0.3977729911506176,-0.5845300364604219
2026-09-17T08:27:42.063097,1789633662063097000,35.73509716796875,-0.1752670254589989,0.1604156028836965,-0.132007327588275
2026-09-17T08:27:42.073056,1789633662073056000,35.74505590820313,-0.2692935088949277,0.1393833362489938,0.1155897882074117
2026-09-17T08:27:42.083015,1789633662083015000,35.755014892578124,-0.261862043719925,0.128550976589322,0.0556056404311209
2026-09-17T08:27:42.092974,1789633662092974800,35.764974853515625,-0.1773705370768904,0.1746183157593011,-0.1026747039895504
2026-09-17T08:27:42.102934,1789633662102934000,35.77493408203125,-0.1262072264747694,0.2772773107230663,-0.1793862608134746
2026-09-17T08:27:42.112893,1789633662112893200,35.78489306640625,-0.0641399522814899,0.3071042937099933,-0.2127403219480067
2026-09-17T08:27:42.122852,1789633662122852000,35.79485205078125,-0.0039138124428689,0.2312935581833124,-0.0939268224537372
2026-09-17T08:27:42.132812,1789633662132812000,35.80481201171875,0.0418803358089178,0.1250555356889963,0.1049509052932262
2026-09-17T08:27:42.142771,1789633662142771000,35.81477099609375,0.0561815406229347,0.0335772754311561,0.3311310659855604
2026-09-17T08:27:42.152730,1789633662152730000,35.824730224609375,0.0748486124962568,0.0203688342899084,0.4258451663594693
2026-09-17T08:27:42.162689,1789633662162689000,35.83468896484375,0.1384468591164797,0.059271688657999,0.3953934756029397
2026-09-17T08:27:42.172649,1789633662172649000,35.84464892578125,0.0704457744274288,0.0939583866357803,0.304445961220935
2026-09-17T08:27:42.182608,1789633662182608000,35.85460791015625,0.1253258039977401,0.130005851572752,0.3973925404656678
2026-09-17T08:27:42.192567,1789633662192567000,35.86456713867187,0.2055363819185644,-0.1047223572343587,0.533106832813099
2026-09-17T08:27:42.202527,1789633662202527000,35.87452685546875,-0.1010225528683513,0.0397866514652967,0.19683730796054
2026-09-17T08:27:42.212486,1789633662212486100,35.88448608398438,-0.276542128316313,0.1102630402266979,-0.329281638726592
2026-09-17T08:27:42.222445,1789633662222445000,35.894445068359374,-0.225023611068353,0.1343541099101305,-0.4728881456285715
2026-09-17T08:27:42.232404,1789633662232404000,35.90440405273438,-0.1751075605809688,0.1093248825937509,-0.2808927247412502
2026-09-17T08:27:42.242364,1789633662242364000,35.91436401367187,-0.0505251953616738,0.2253156528174877,-0.032721535384655
2026-09-17T08:27:42.252322,1789633662252322800,35.92432275390625,0.2332480532519519,0.4491740925639867,0.1887286741763353
2026-09-17T08:27:42.262282,1789633662262282000,35.93428198242187,0.4766678833629936,0.584498508810997,0.3667881433654576
2026-09-17T08:27:42.272241,1789633662272241200,35.9442412109375,0.2840807801928371,1.1354337707161903,0.0494055436819791
2026-09-17T08:27:42.282201,1789633662282201000,35.954201171875,0.2057369459919631,1.3501052799224853,-0.6065332304865122
2026-09-17T08:27:42.292160,1789633662292160000,35.96415991210937,0.2760942384183407,1.3758347644627094,-0.8872669652737677
2026-09-17T08:27:42.302120,1789633662302120000,35.974119873046874,0.3379908687524497,1.37512457036674,-0.7715889142610132
2026-09-17T08:27:42.312078,1789633662312078800,35.98407885742188,0.3495794536069035,1.4568395615011454,-0.81701013754718
2026-09-17T08:27:42.322038,1789633662322038800,35.99403881835938,0.3346246071897447,1.545705593433976,-1.045206971824169
2026-09-17T08:27:42.331998,1789633662331998200,36.00399829101563,0.5170984587550163,1.4686743762016297,-1.095833727864176
2026-09-17T08:27:42.341957,1789633662341957000,36.01395703125,0.6239312322720885,1.4291642035901546,-0.7491413740009069
2026-09-17T08:27:42.351916,1789633662351916000,36.023916015625,0.8257853454813361,1.9058043952286243,-0.3772550307136029
2026-09-17T08:27:42.361876,1789633662361876000,36.0338759765625,1.134766392848641,1.8470809881031511,-0.3508171787083148
2026-09-17T08:27:42.371835,1789633662371835000,36.0438349609375,1.18735144334957,2.0907021129399537,-0.5489688572030514
2026-09-17T08:27:42.381794,1789633662381794000,36.0537939453125,1.56428316039294,2.4159651636749504,-0.6267173558592796
2026-09-17T08:27:42.391753,1789633662391753000,36.0637529296875,1.9949884070694448,2.631004337149858,-0.5630622644852846
2026-09-17T08:27:42.401713,1789633662401713000,36.073712890625,2.4045325000345708,3.414333811956644,-0.8760159418106078
2026-09-17T08:27:42.411672,1789633662411672000,36.08367211914062,3.0678420952320096,4.450844851627946,-1.4326613980561491
2026-09-17T08:27:42.421631,1789633662421631000,36.093630859375,4.031547718672454,5.4033560040980575,-1.237837914136052
2026-09-17T08:27:42.431590,1789633662431590100,36.10359008789062,5.307145454621315,5.229637267526984,0.0670358198534697
2026-09-17T08:27:42.441550,1789633662441550000,36.11355004882813,6.017098727571964,4.862129650780559,0.4114192391872406
2026-09-17T08:27:42.451509,1789633662451509000,36.12350903320313,6.77614482499361,5.728330885541439,-0.2582680743485689
2026-09-17T08:27:42.461468,1789633662461468000,36.13346801757813,7.712326189431548,6.599941285869479,-0.1506061565309762
2026-09-17T08:27:42.471427,1789633662471427000,36.14342700195313,7.761861496973037,7.228596331793069,2.0380419513762
2026-09-17T08:27:42.481387,1789633662481387000,36.15338696289062,5.502186965206265,7.248754738202691,5.368597994449734
2026-09-17T08:27:42.491346,1789633662491346200,36.16334619140625,2.0167051488369703,9.258720349651574,6.424843662160635
2026-09-17T08:27:42.501305,1789633662501305000,36.17330517578125,-1.8604940119057891,14.416804539096354,3.75694313428998
2026-09-17T08:27:42.511264,1789633662511264000,36.183263916015626,-4.877711835315823,16.111541587090493,1.5068085842847825
2026-09-17T08:27:42.521224,1789633662521224000,36.19322387695313,-0.7733616230219602,14.338904137814044,0.1886515172868967
2026-09-17T08:27:42.531183,1789633662531183000,36.20318310546875,3.5790941660463806,14.97249079492092,1.509080620869994
2026-09-17T08:27:42.541142,1789633662541142000,36.21314208984375,7.610048302739858,13.966440944486855,3.918905382093787
2026-09-17T08:27:42.551101,1789633662551101000,36.22310083007813,9.891979674500226,14.009563462376594,4.295560766413808
2026-09-17T08:27:42.561060,1789633662561060900,36.233060791015625,12.632219462394714,9.657475337576866,2.897068179941177
2026-09-17T08:27:42.571019,1789633662571019800,36.24301977539063,15.860945362544058,7.433039292451739,1.7679980990380049
2026-09-17T08:27:42.580979,1789633662580979200,36.25297924804688,5.900685348021984,10.646402203774452,4.376487822040915
2026-09-17T08:27:42.590938,1789633662590938000,36.262938232421874,6.250457986113429,7.758826659321785,4.535415232193469
2026-09-17T08:27:42.600898,1789633662600898000,36.27289794921875,11.057017140841484,2.9609342106521126,3.997912867835163
2026-09-17T08:27:42.610857,1789633662610857000,36.28285693359375,12.859577434694769,2.0617484056562185,4.332046622768044
2026-09-17T08:27:42.620816,1789633662620816000,36.29281591796875,12.573508914750814,2.1549217793941495,4.029459514221549
2026-09-17T08:27:42.630775,1789633662630775000,36.30277514648437,12.952104911744591,1.7760986956462264,3.508757478016615
2026-09-17T08:27:42.640735,1789633662640735000,36.31273486328125,13.201156829458474,1.203585808183253,3.491120991300046
2026-09-17T08:27:42.650694,1789633662650694000,36.32269384765625,12.562542115056514,0.8484671328887343,3.6066488201871514
2026-09-17T08:27:42.660653,1789633662660653000,36.33265307617187,11.295700809276104,1.1641723739445209,3.634406595684588
2026-09-17T08:27:42.670613,1789633662670613000,36.34261303710937,10.28457263266444,0.9603396541386842,3.8038337725415823
2026-09-17T08:27:42.680572,1789633662680572200,36.352572265625,9.748993929845094,0.5263450105279683,3.9831764864742754
2026-09-17T08:27:42.690531,1789633662690531000,36.362531005859374,9.203651373380422,0.2856371427893638,4.079888555732369
2026-09-17T08:27:42.700490,1789633662700490000,36.37248999023438,8.668250949737429,-0.0674830521643161,3.906843772900104
2026-09-17T08:27:42.710450,1789633662710450000,36.38244995117188,8.301326101315022,0.0294634103715419,3.6204543504387137
2026-09-17T08:27:42.720408,1789633662720408800,36.392408935546875,7.751019200441241,0.9199503606051206,3.227758516421914
2026-09-17T08:27:42.730368,1789633662730368000,36.40236791992187,6.988328024515509,1.764925851985812,2.8700328734993934
2026-09-17T08:27:42.740327,1789633662740327200,36.4123271484375,6.122016899639368,2.291928449639678,2.5833494365274903
2026-09-17T08:27:42.750287,1789633662750287000,36.422287109375,5.2698628949314354,2.6885756516307593,2.392032207162678
2026-09-17T08:27:42.760246,1789633662760246000,36.43224609375,4.564523837777972,2.766962375125289,2.182019775808602
2026-09-17T08:27:42.770205,1789633662770205000,36.44220483398438,4.030202441543341,2.8692566284298895,2.0062774244554338
2026-09-17T08:27:42.780164,1789633662780164000,36.4521640625,3.2634728038817644,3.1029923190683126,1.794454728808999
2026-09-17T08:27:42.790124,1789633662790124000,36.4621240234375,2.0315610649242997,3.186892837548256,1.449514333179593
2026-09-17T08:27:42.800083,1789633662800083000,36.4720830078125,1.0719856731563806,3.470429208666086,1.1297744297802448
2026-09-17T08:27:42.810041,1789633662810041900,36.482041748046875,0.4341635704368353,4.307055973896384,0.7319255969144404
2026-09-17T08:27:42.820001,1789633662820001000,36.4920009765625,-0.0230918295130133,5.743293476873636,0.1940776339888572
2026-09-17T08:27:42.829961,1789633662829961000,36.5019609375,-0.5498287619680166,7.594836705082654,-0.3352636357456445
2026-09-17T08:27:42.839920,1789633662839920000,36.51192016601563,-1.3313899119280277,9.197438490214944,-0.4884529406376183
2026-09-17T08:27:42.849879,1789633662849879000,36.521879150390625,-2.5229636491477487,10.1516757358253,-0.511628429846093
2026-09-17T08:27:42.859838,1789633662859838000,36.531837890625,-3.8875671177610753,11.288141772198676,-0.4777695609945803
2026-09-17T08:27:42.869798,1789633662869798000,36.5417978515625,-5.9104784277617926,12.79830785021782,-0.5679921951681375
2026-09-17T08:27:42.879756,1789633662879756800,36.5517568359375,-8.541039112797378,14.03103412042856,-0.8995482085675001
2026-09-17T08:27:42.889716,1789633662889716000,36.56171606445312,-11.25236201828718,14.3516700958848,-0.4771867196053266
2026-09-17T08:27:42.899675,1789633662899675000,36.5716748046875,-15.030750091665984,14.945939472603795,0.2709995456278324
2026-09-17T08:27:42.909635,1789633662909635000,36.58163500976563,-19.139628010517356,13.675484652501344,-0.1683773755431175
2026-09-17T08:27:42.919594,1789633662919594000,36.591593994140624,-22.500814754176137,11.26832881822586,-2.959387565732002
2026-09-17T08:27:42.929553,1789633662929553200,36.60155322265625,-25.10628132996559,8.725475058215856,-7.325712305676936
2026-09-17T08:27:42.939512,1789633662939512000,36.611511962890624,-27.371785298538207,6.083697982639074,-9.747241533219814
2026-09-17T08:27:42.949472,1789633662949472000,36.621471923828125,-31.979898687195774,-0.1911795744597911,-10.077789830881356
2026-09-17T08:27:42.959431,1789633662959431000,36.63143090820312,-35.406553051543234,-7.272827687707543,-9.89249639185071
2026-09-17T08:27:42.969389,1789633662969389800,36.641389892578125,-37.51500066453218,-9.931253700268268,-10.505249519765377
2026-09-17T08:27:42.979349,1789633662979349000,36.65134887695312,-37.76249892306328,-8.05094965699911,-10.964188050496578
2026-09-17T08:27:42.989309,1789633662989309200,36.66130908203125,-38.53610429171324,-6.346344710463285,-7.912582804316282
2026-09-17T08:27:42.999268,1789633662999268000,36.67126806640625,-9.98158804923296,-3.899614406168461,-5.747912368845939
2026-09-17T08:27:43.009227,1789633663009227000,36.68122705078125,16.39273168734312,0.995253146609664,1.5978057830274104
2026-09-17T08:27:43.019186,1789633663019186000,36.69118603515625,16.46352897862196,16.771209610915182,-7.881273473817109
2026-09-17T08:27:43.029145,1789633663029145900,36.70114575195313,2.8108202215522526,-0.3717722884535789,-9.572690437477826
2026-09-17T08:27:43.039105,1789633663039105000,36.71110498046875,-4.700667753714323,7.541110960114001,-11.583298438483476
2026-09-17T08:27:43.049064,1789633663049064000,36.72106396484375,-12.593065848135948,10.73284831508398,-5.8879018542945385
2026-09-17T08:27:43.059022,1789633663059022800,36.73102294921875,-20.32634188661575,8.281850416472555,2.3963339960098264
2026-09-17T08:27:43.068983,1789633663068983000,36.74098315429688,-12.29822131654024,7.5204393434852355,-3.858735283291339
2026-09-17T08:27:43.078942,1789633663078942000,36.75094189453125,-0.4676850240275264,7.272052611681819,0.4293418859014287
2026-09-17T08:27:43.088901,1789633663088901000,36.76090112304688,-0.9666036099042744,0.1645429119467735,-0.0170738889643223
2026-09-17T08:27:43.098860,1789633663098860000,36.770860107421875,-0.2101926650254987,0.3946171574681997,-4.803736498522758
2026-09-17T08:27:43.108820,1789633663108820000,36.780820068359375,0.5089383139792829,-0.0923696561396121,-3.4469045406937595
2026-09-17T08:27:43.118779,1789633663118779000,36.79077880859375,-0.8168298125442117,0.4838625441074371,0.3340893312692642
2026-09-17T08:27:43.128738,1789633663128738000,36.800738037109376,-0.5467528251213952,1.1095604937911032,1.3284160106837748
2026-09-17T08:27:43.138698,1789633663138698000,36.81069799804688,-0.028886742994748,-0.4272556907445192,1.0747253272533417
2026-09-17T08:27:43.148657,1789633663148657200,36.8206572265625,0.3160565387114882,-0.9122352561831474,0.1621802744686603
2026-09-17T08:27:43.158616,1789633663158616000,36.83061596679688,-0.2239028816764242,-0.1694628326922655,-0.0558966684001032
2026-09-17T08:27:43.168575,1789633663168575000,36.840574951171874,-0.2857724413405172,0.3603904782176017,-0.0883493145823478
2026-09-17T08:27:43.178535,1789633663178535000,36.850534912109374,0.0682249931054189,0.3792144211530685,-0.4486825096547603
2026-09-17T08:27:43.188494,1789633663188494000,36.860494140625,-0.0080741469927132,0.083904610133171,-0.4967758016943931
2026-09-17T08:27:43.198453,1789633663198453000,36.870452880859375,-0.1731253737878054,0.0301145677566528,-0.1033867247164249
2026-09-17T08:27:43.208412,1789633663208412000,36.88041186523437,0.0924310309380292,-0.1417798759967088,0.3801519942641258
2026-09-17T08:27:43.218372,1789633663218372000,36.8903720703125,0.1541976782169193,-0.1891448537617921,0.4797054244279861
2026-09-17T08:27:43.228331,1789633663228331000,36.9003310546875,-0.216332282025367,-0.0508989971101284,0.2182020214200019
2026-09-17T08:27:43.238290,1789633663238290200,36.910290283203125,-0.0160523227976635,0.0552910945892334,-0.059732291907072
2026-09-17T08:27:43.248249,1789633663248249000,36.9202490234375,0.2139541547171771,-0.0675233841747045,0.0504950879177777
2026-09-17T08:27:43.258209,1789633663258209000,36.930208984375,-0.0252350886194035,-0.050381110715866,0.3535550792396068
2026-09-17T08:27:43.268168,1789633663268168000,36.94016796875,-0.2190911888120695,0.1123322477161884,0.3030751843243837
2026-09-17T08:27:43.278126,1789633663278126800,36.950126953125,-0.1268535615542903,0.0858966607332229,0.1712170011495239
2026-09-17T08:27:43.288086,1789633663288086000,36.9600859375,0.1764594501139596,0.0067313540816307,0.1160012916177511
2026-09-17T08:27:43.298044,1789633663298044700,36.97004467773438,-0.1768074963666498,0.2892962498188018,-0.0107212822343222
2026-09-17T08:27:43.308003,1789633663308003800,36.98000390625,-0.2657727874228731,0.3072124302595854,-0.0781651896983385
2026-09-17T08:27:43.317963,1789633663317963000,36.989962890625,-0.0482288280528038,0.0752805741727352,0.0616442995408549
2026-09-17T08:27:43.327922,1789633663327922000,36.999921875,0.2185555110327899,-0.1023240639209747,0.4671733116457238
2026-09-17T08:27:43.337881,1789633663337881900,37.0098818359375,0.1927932202015072,0.0371066186010837,0.6476385633349419
2026-09-17T08:27:43.347840,1789633663347840800,37.0198408203125,-0.1296378950431942,0.3553875553637742,0.2552257109779864
2026-09-17T08:27:43.357799,1789633663357799700,37.02979956054688,-0.0351409445513039,0.4482365194529294,-0.1920709338089451
2026-09-17T08:27:43.367758,1789633663367758800,37.0397587890625,0.0124741355173289,0.4240975189745426,-0.3153465272786095
2026-09-17T08:27:43.377718,1789633663377718800,37.04971875,-0.0593820902299135,0.4309884475320577,-0.1617757853209972
2026-09-17T08:27:43.387678,1789633663387678000,37.05967797851562,0.0574009263500571,0.2141384252429008,0.1505056187659502
2026-09-17T08:27:43.397636,1789633663397636900,37.06963696289063,0.1203502075422555,0.1012841994792222,0.440629478515312
2026-09-17T08:27:43.407595,1789633663407595800,37.079595703125,0.0568373011179268,0.2509264794141054,0.3473392734646797
2026-09-17T08:27:43.417555,1789633663417555700,37.0895556640625,-0.1919694827284663,0.1966670659601688,0.0602110883999615
2026-09-17T08:27:43.427515,1789633663427515000,37.09951489257813,-0.3239765911210328,0.438550407218933,-0.2535451374799013
2026-09-17T08:27:43.437473,1789633663437473800,37.109473876953125,-0.1569153396777808,0.5492541769504546,-0.3909305048447102
2026-09-17T08:27:43.447432,1789633663447432700,37.1194326171875,-0.0219707895938307,0.5109381825596094,-0.1857205784015357
2026-09-17T08:27:43.457392,1789633663457392600,37.129392578125,0.1779879383228719,0.7067839952647685,0.0185750096756964
2026-09-17T08:27:43.467351,1789633663467351800,37.139351806640626,0.1205830664500594,0.5216355176627636,-0.0292412189882248
2026-09-17T08:27:43.477311,1789633663477311000,37.14931103515625,-0.0701759445101022,0.591042815887928,-0.2068850200485438
2026-09-17T08:27:43.487270,1789633663487270000,37.15926977539063,0.0213930627711117,0.5510007283568382,-0.2349415592968463
2026-09-17T08:27:43.497229,1789633663497229800,37.16922973632813,0.1567202554970979,0.5068441912442445,-0.123915571873635
2026-09-17T08:27:43.507188,1789633663507188700,37.17918872070312,0.2225701535016298,0.6707113958865404,-0.0950798649463802
2026-09-17T08:27:43.517148,1789633663517148000,37.18914794921875,0.2078824335880577,0.8553338037878274,-0.1798630845449864
2026-09-17T08:27:43.527106,1789633663527106800,37.19910693359375,0.2266669212959706,0.7756693154424429,-0.3510894197784364
2026-09-17T08:27:43.537066,1789633663537066800,37.209066650390625,0.2776592957779765,0.8405342940628528,-0.484827735877782
2026-09-17T08:27:43.547025,1789633663547025700,37.21902563476562,0.2778631477870047,0.8590724057942628,-0.6883550429962575
2026-09-17T08:27:43.556984,1789633663556984800,37.22898486328125,0.2807650067083537,0.9666425536751748,-1.009282767940685
2026-09-17T08:27:43.566944,1789633663566944800,37.23894482421875,0.3825178466126323,1.1761486429423094,-0.9962205303370952
2026-09-17T08:27:43.576904,1789633663576904000,37.248904052734375,0.7484085296817123,1.3464420812398197,-0.5691957257390022
2026-09-17T08:27:43.586862,1789633663586862800,37.25886279296875,0.8876935201227665,1.378806473749876,-0.2503618312686682
2026-09-17T08:27:43.596821,1789633663596821800,37.26882177734375,0.922348069396615,1.5468500872939823,-0.3064117814011872
2026-09-17T08:27:43.606780,1789633663606780700,37.27878076171875,1.0497001915901898,1.7197399718254804,-0.5111673151403665
2026-09-17T08:27:43.616740,1789633663616740600,37.28874072265625,1.2121785722225904,1.9112287583649157,-0.6319546719908714
2026-09-17T08:27:43.626699,1789633663626699800,37.29869970703125,1.3669009319007397,1.9958955850422384,-0.5549526808530092
2026-09-17T08:27:43.636659,1789633663636659000,37.30865893554687,1.765851150137186,2.536810972714424,-0.4921510645031928
2026-09-17T08:27:43.646619,1789633663646619000,37.318618896484374,2.2517159739777446,3.2997482323557135,-0.7592435927551239
2026-09-17T08:27:43.656577,1789633663656577800,37.32857788085938,3.0389579460531473,4.422630564534664,-0.8409036388318986
2026-09-17T08:27:43.666536,1789633663666536700,37.33853662109375,4.159296146707237,4.872058924120664,-0.0314262348771095
2026-09-17T08:27:43.676496,1789633663676496000,37.34849584960938,5.254647205621004,5.421750907966494,0.3783623343683779
2026-09-17T08:27:43.686455,1789633663686455800,37.35845581054687,6.196771404111385,5.9927352706879375,0.012952420553565
2026-09-17T08:27:43.696414,1789633663696414700,37.368414794921875,6.88306556905508,5.968364215019345,0.767982414201647
2026-09-17T08:27:43.706373,1789633663706373600,37.37837353515625,6.662527213642001,6.585687135067582,2.5440795024126768
2026-09-17T08:27:43.716332,1789633663716332800,37.38833276367187,5.325924973893165,8.218644310975074,3.9467490823090072
2026-09-17T08:27:43.726292,1789633663726292700,37.39829272460938,2.020588127750158,8.75558553431928,4.387808842000365
2026-09-17T08:27:43.736252,1789633663736252000,37.408251953125,-1.3110574641257524,12.326741308581829,3.4540187566131353
2026-09-17T08:27:43.746210,1789633663746210800,37.4182109375,-4.2059518071591855,16.181962446272372,0.7671401181586086
2026-09-17T08:27:43.756169,1789633663756169700,37.428169677734374,-0.6104629711508751,13.605169007259606,-1.5429413894176482
2026-09-17T08:27:43.766129,1789633663766129700,37.438129638671874,1.013492567655444,14.95690393421054,1.0681798511326313
2026-09-17T08:27:43.776088,1789633663776088800,37.4480888671875,5.628199947750568,14.496960025829075,2.6644045024484395
2026-09-17T08:27:43.786047,1789633663786047700,37.4580478515625,8.448937752205133,15.021845485198495,3.604082476830482
2026-09-17T08:27:43.796006,1789633663796006700,37.46800659179687,8.278907933279871,11.11000989536047,3.2149463811218735
2026-09-17T08:27:43.805966,1789633663805966800,37.477966796875,14.691712198078632,6.466514227676392,2.552528766328096
2026-09-17T08:27:43.815925,1789633663815925800,37.48792578125,8.613521580684184,8.851667488980294,1.8197632114581763
2026-09-17T08:27:43.825885,1789633663825885000,37.497885009765625,3.9128316151380536,13.071438562655448,4.890744335368275
2026-09-17T08:27:43.835843,1789633663835843800,37.50784375,8.48570242550075,6.614480098831653,3.614075463056564
2026-09-17T08:27:43.845803,1789633663845803800,37.5178037109375,13.346760063135624,3.5906489947617053,3.6440000611990686
2026-09-17T08:27:43.855762,1789633663855762700,37.5277626953125,13.394334299737212,3.0052324943229554,3.852585236229002
2026-09-17T08:27:43.865721,1789633663865721600,37.5377216796875,12.90964524167776,1.8354425727576016,3.426747595588863
2026-09-17T08:27:43.875680,1789633663875680800,37.5476806640625,13.366491184043884,1.1352715658918022,3.0219498203679915
2026-09-17T08:27:43.885641,1789633663885641000,37.55764086914063,13.298999948573112,0.905575798293948,2.9573586902529
2026-09-17T08:27:43.895599,1789633663895599900,37.567599853515624,12.404403224933146,1.3000661145120858,2.8469477659881113
2026-09-17T08:27:43.905558,1789633663905558800,37.57755883789063,11.211562390387058,1.484971723268926,3.1740713498979805
2026-09-17T08:27:43.915517,1789633663915517700,37.587517578125,10.127173747253416,1.0781213994324206,3.4032547840595244
2026-09-17T08:27:43.925477,1789633663925477600,37.5974775390625,9.194353383681175,1.1653463861599564,3.645482993233203
2026-09-17T08:27:43.935436,1789633663935436800,37.60743676757812,8.627710849556326,0.8948357930928468,3.665171736304462
2026-09-17T08:27:43.945395,1789633663945395700,37.617395751953126,8.577771637389063,0.5494003074228764,3.444755838227272
2026-09-17T08:27:43.955354,1789633663955354600,37.62735473632812,8.334989301463962,1.5500357315927742,2.9635452699333427
2026-09-17T08:27:43.965314,1789633663965314800,37.63731469726562,7.1714143088907,2.688859144747257,2.4128578453093765
2026-09-17T08:27:43.975273,1789633663975273700,37.64727368164063,5.693146174913644,2.8771909285604953,2.1461673950523137
2026-09-17T08:27:43.985233,1789633663985233000,37.65723291015625,4.7557303002446885,3.069279434558749,2.0988018327653406
2026-09-17T08:27:43.995191,1789633663995191800,37.66719189453125,4.005136389347911,3.1079291909486053,1.7650433408856392
2026-09-17T08:27:44.005151,1789633664005151700,37.67715185546875,3.372538158756494,2.3520833508729933,1.5060650724411009
2026-09-17T08:27:44.015110,1789633664015110700,37.687110595703125,2.5450556539684532,1.953506057602167,0.8244858071900903
2026-09-17T08:27:44.025069,1789633664025069800,37.69706982421875,1.7043185308098792,2.420435587087274,0.2424154023088514
2026-09-17T08:27:44.035028,1789633664035028700,37.70702880859375,0.8219342230111361,3.264762259170413,-0.1911228758364915
2026-09-17T08:27:44.044989,1789633664044989000,37.71698901367188,-0.2612093884974718,3.908580971956253,-0.4276479049324989
2026-09-17T08:27:44.054947,1789633664054947800,37.72694775390625,-1.1427180825054646,4.24477165941894,-0.5405582447975874
2026-09-17T08:27:44.064906,1789633664064906800,37.73690673828125,-1.6884841250792144,4.392749805533886,-0.6752256584405899
2026-09-17T08:27:44.074866,1789633664074866700,37.74686669921875,-2.153919324353337,4.693728894361853,-0.8502576695673167
2026-09-17T08:27:44.084825,1789633664084825900,37.756825927734376,-2.7117133661121127,5.646802941411734,-0.9466700252264736
2026-09-17T08:27:44.094784,1789633664094784800,37.76678466796875,-3.726975866049528,6.728858757683635,-1.0454566357363015
2026-09-17T08:27:44.104743,1789633664104743700,37.77674365234375,-4.878171269521117,7.634374934744835,-1.2076496966212986
2026-09-17T08:27:44.114704,1789633664114704000,37.78670385742188,-5.982183481535315,8.346324349948762,-1.120801434251666
2026-09-17T08:27:44.124662,1789633664124662800,37.79666284179687,-6.8855375121265645,8.526013977622986,-0.8273562480598687
2026-09-17T08:27:44.134622,1789633664134622000,37.8066220703125,-7.767597410276531,8.66851047745645,-0.6096451884945854
2026-09-17T08:27:44.144580,1789633664144580900,37.816580810546874,-9.053193685409424,9.014949002689123,-0.4179524403482675
2026-09-17T08:27:44.154540,1789633664154540800,37.826540771484375,-11.186982075881955,9.641192895817756,-0.597900426697731
2026-09-17T08:27:44.164499,1789633664164499700,37.83649975585938,-13.567364469522238,9.76317443088889,-1.1259107400894164
2026-09-17T08:27:44.174458,1789633664174458600,37.846458740234375,-15.688663380777834,9.160734022673964,-1.841792234045267
2026-09-17T08:27:44.184417,1789633664184417800,37.85641772460937,-17.847162434136866,7.831236646494269,-3.1600983541250227
2026-09-17T08:27:44.194378,1789633664194378000,37.8663779296875,-19.630431167542937,6.258965702217817,-5.1096086200892925
2026-09-17T08:27:44.204337,1789633664204337000,37.8763369140625,-21.903101374483107,4.472792479541898,-6.998730760586262
2026-09-17T08:27:44.214295,1789633664214295800,37.8862958984375,-25.05825701150894,1.8227222073942424,-8.222378236806392
2026-09-17T08:27:44.224254,1789633664224254700,37.89625463867188,-28.138432518613335,-2.3023194952726365,-8.486942196428775
2026-09-17T08:27:44.234214,1789633664234214700,37.90621459960938,-30.171832197141647,-5.939841300368308,-8.433735506898165
2026-09-17T08:27:44.244173,1789633664244173800,37.916173828125,-30.79164050426483,-8.398112404853105,-8.880396739858389
2026-09-17T08:27:44.254132,1789633664254132700,37.9261328125,-29.829122337043284,-6.538212851709127,-9.01805164487958
2026-09-17T08:27:44.264091,1789633664264091600,37.936091552734375,-28.827104518604276,-2.897216063979268,-5.728713162857294
2026-09-17T08:27:44.274051,1789633664274051800,37.9460517578125,-7.634174443736672,3.4770793142050502,-3.379897289347648
2026-09-17T08:27:44.284011,1789633664284011000,37.95601098632813,16.42618621317744,-3.0813416282743216,-0.5028723650038242
2026-09-17T08:27:44.293970,1789633664293970000,37.96596997070313,15.569958675420285,8.300054766204953,-4.23848746458292
2026-09-17T08:27:44.303929,1789633664303929000,37.97592919921875,3.916262758630514,1.33817927980721,-6.105604694020748
2026-09-17T08:27:44.313889,1789633664313889300,37.98588916015625,-7.921244249677658,7.777949877464771,-7.706900072729587
2026-09-17T08:27:44.323848,1789633664323848200,37.99584814453125,-18.44985009511113,11.060510243654251,-2.6541899824261663
2026-09-17T08:27:44.333807,1789633664333807000,38.00580712890625,-19.2033292060554,11.264508383154867,-0.6787094089031219
2026-09-17T08:27:44.343766,1789633664343766300,38.015766357421874,-8.2539576164186,10.948161629325153,-4.211397213083505
2026-09-17T08:27:44.353726,1789633664353726200,38.025726318359375,0.7435363936007022,4.303578653174639,-1.3557657899022102
2026-09-17T08:27:44.363685,1789633664363685000,38.03568505859375,0.6515444847323,-2.190892087441682,-2.186304175129533
2026-09-17T08:27:44.373644,1789633664373644000,38.04564404296875,2.2683216563418505,-2.0436469317764043,-2.565570618730783
2026-09-17T08:27:44.383603,1789633664383603200,38.05560327148437,-0.3493184645831584,-0.6148112294882535,0.2221978130578994
2026-09-17T08:27:44.393563,1789633664393563400,38.0655634765625,-1.904811438668519,1.070423830667138,2.065281840479374
2026-09-17T08:27:44.403522,1789633664403522300,38.07552221679688,-1.167704347462952,1.3839952745646238,0.806734315791726
2026-09-17T08:27:44.413481,1789633664413481200,38.08548120117187,0.0015829355096211,-0.5264847112596035,-0.3678852178871631
2026-09-17T08:27:44.423441,1789633664423441200,38.095441162109374,0.2470925090081058,-0.697308895432949,-0.6355465590029955
2026-09-17T08:27:44.433400,1789633664433400000,38.10540014648438,-0.9290409180987624,0.7760778962433338,-0.3356161389777436
2026-09-17T08:27:44.443359,1789633664443359200,38.115359130859375,-0.3815016918400302,0.765784465765953,-0.3389783088872209
2026-09-17T08:27:44.453318,1789633664453318100,38.12531811523438,0.1323753937156871,0.3924111718565225,-0.6930915699988603
2026-09-17T08:27:44.463277,1789633664463277000,38.135277099609375,-0.2918001771974377,0.7037643551826477,-0.9464280331641436
2026-09-17T08:27:44.473237,1789633664473237200,38.1452373046875,-0.2672034778131172,0.8132482277303934,-0.945261327472329
2026-09-17T08:27:44.483196,1789633664483196200,38.15519604492187,-0.1378423356183804,0.3709527887642383,-0.5876560960590839
2026-09-17T08:27:44.493155,1789633664493155300,38.1651552734375,-0.0750922119937837,0.0019546411991119,0.0149596687227487
2026-09-17T08:27:44.503115,1789633664503115300,38.175115234375,-0.0627854689326137,-0.1817202567189931,0.5582067142128944
2026-09-17T08:27:44.513074,1789633664513074200,38.18507421875,-0.1221574578936211,0.0353121363997459,0.4929536130577325
2026-09-17T08:27:44.523033,1789633664523033000,38.195033203125,-0.0141802087828516,0.1482540404468774,0.1151443459948524
2026-09-17T08:27:44.532992,1789633664532992000,38.204991943359374,-0.0066855421785265,0.1542336993783712,-0.0824865600287914
2026-09-17T08:27:44.542952,1789633664542952000,38.214951904296875,-0.1219527839006856,0.0879471635222435,0.0104413145154714
2026-09-17T08:27:44.552911,1789633664552911400,38.22491137695312,-0.0171960860053077,-0.0082107789844274,0.1745528858402744
2026-09-17T08:27:44.562870,1789633664562870300,38.23487036132813,-0.024131767020002,-0.0119680856913328,0.1846498804301023
2026-09-17T08:27:44.572829,1789633664572829200,38.2448291015625,-0.188283597289957,0.0821136350631713,0.0720529173631221
2026-09-17T08:27:44.582789,1789633664582789000,38.2547890625,-0.2018006294563412,0.2708779650747775,-0.1589414021452888
2026-09-17T08:27:44.592748,1789633664592748300,38.26474829101563,-0.0081479794139042,0.2375999648511409,-0.2473029916873201
2026-09-17T08:27:44.602707,1789633664602707200,38.274707275390625,0.1136252466687932,0.1403419521480798,0.002302979712747
2026-09-17T08:27:44.612666,1789633664612666000,38.284666015625,0.078115468805097,0.0282300691843032,0.3741086589792743
2026-09-17T08:27:44.622626,1789633664622626000,38.2946259765625,0.120119905917719,-0.0027139351338148,0.469988917055726
2026-09-17T08:27:44.632585,1789633664632585200,38.304585205078126,0.1199773191092535,-0.0504822330027818,0.4163269215056672
2026-09-17T08:27:44.642544,1789633664642544400,38.31454443359375,-0.066565279732272,0.2519073071449995,0.1352969437181949
2026-09-17T08:27:44.652503,1789633664652503300,38.32450341796875,-0.0581333322778344,0.1910544867753982,-0.0831821045449003
2026-09-17T08:27:44.662463,1789633664662463200,38.33446313476563,-0.0427632561232894,0.1881236940205097,-0.0283615866094827
2026-09-17T08:27:44.672422,1789633664672422100,38.344422119140624,0.0438099886972457,0.2614490424722433,0.1044932246536016
2026-09-17T08:27:44.682381,1789633664682381000,38.35438110351563,0.0989881244312971,0.2012859579324722,0.173898769313097
2026-09-17T08:27:44.692340,1789633664692340200,38.36434033203125,0.0075878978457301,0.1926584148406982,0.1205156272370368
2026-09-17T08:27:44.702300,1789633664702300200,38.374300048828125,-0.1813406828168779,0.1808838058948516,-0.0153740947425365
2026-09-17T08:27:44.712259,1789633664712259300,38.38425927734375,-0.2534963299021124,0.3335504020869732,-0.2320054327797144
2026-09-17T08:27:44.722218,1789633664722218200,38.39421826171875,-0.1817186492837965,0.526343841484189,-0.2425666473478078
2026-09-17T08:27:44.732177,1789633664732177200,38.40417724609375,0.0517911236442625,0.4243061932891607,-0.0765519092828035
2026-09-17T08:27:44.742137,1789633664742137000,38.41413720703125,0.0617114830255508,0.388354005420208,0.0921382585365325
2026-09-17T08:27:44.752096,1789633664752096300,38.42409619140625,0.1711830806136131,0.5389291822910308,0.0658645841170102
2026-09-17T08:27:44.762055,1789633664762055200,38.43405517578125,0.2666544290956109,0.7828039896279573,-0.0504734651744365
2026-09-17T08:27:44.772014,1789633664772014000,38.44401416015625,0.2847935315720736,0.8939753768712282,-0.1748299126833677
2026-09-17T08:27:44.781974,1789633664781974000,38.45397412109375,0.1708490263536572,0.9422375957369804,-0.3304757438819855
2026-09-17T08:27:44.791933,1789633664791933200,38.46393310546875,0.2699589505337179,0.8523831372886895,-0.2097894362531602
2026-09-17T08:27:44.801892,1789633664801892400,38.473892333984374,0.4231896103493869,0.7503893282353877,0.0236714560318738
2026-09-17T08:27:44.811851,1789633664811851300,38.48385131835938,0.2594868024885654,0.7935580233544111,-0.0936058468710631
2026-09-17T08:27:44.821811,1789633664821811200,38.49381127929688,0.1401058053046464,0.9201666337043046,-0.6044014791548252
2026-09-17T08:27:44.831770,1789633664831770000,38.50377001953125,0.2538797762617468,1.2475053216695784,-1.0068763643860816
2026-09-17T08:27:44.841729,1789633664841729300,38.51372924804687,0.5236895275831223,1.4009201058804988,-1.1992383535634723
2026-09-17T08:27:44.851688,1789633664851688200,38.523688232421875,0.6938444341927766,1.6167805326104163,-0.9867284063052384
2026-09-17T08:27:44.861648,1789633664861648100,38.533648193359376,0.8833239267364144,1.6457377470254897,-0.6631109308201819
2026-09-17T08:27:44.871607,1789633664871607000,38.54360693359375,0.9810700152173638,1.8372113359957931,-0.7727700138043612
2026-09-17T08:27:44.881566,1789633664881566200,38.55356616210938,1.2193261058896778,1.977753194630146,-0.7242699675947427
2026-09-17T08:27:44.891525,1789633664891525400,38.563525390625,1.530448110808432,2.1017636051803827,-0.5314660068035125
2026-09-17T08:27:44.901485,1789633664901485300,38.5734853515625,1.9118518586993216,2.3950626608997583,-0.332998613423109
2026-09-17T08:27:44.911444,1789633664911444200,38.5834443359375,2.287011451503634,2.9996991178542376,-0.5795036961983889
2026-09-17T08:27:44.921403,1789633664921403100,38.593403076171874,2.740719388104975,4.242096302729845,-1.3350000652492044
2026-09-17T08:27:44.931362,1789633664931362000,38.60336206054688,3.7257469087764616,5.3557706615805625,-1.2199245832394807
2026-09-17T08:27:44.941322,1789633664941322000,38.61332202148437,5.004722012203931,4.804043372514844,0.1459434254169464
2026-09-17T08:27:44.951281,1789633664951281200,38.62328125,5.762630630028248,5.432291006681322,-0.0052109395813196
2026-09-17T08:27:44.961240,1789633664961240300,38.633240234375,6.73988868574202,6.1630427375108,-0.8096632819157094
2026-09-17T08:27:44.971199,1789633664971199200,38.64319921875,7.615725763854384,6.680966541174054,-0.2517149994432926
2026-09-17T08:27:44.981159,1789633664981159200,38.6531591796875,7.533050987777114,7.563956998172402,1.7704846551567317
2026-09-17T08:27:44.991118,1789633664991118000,38.6631181640625,5.10161177611649,6.963163188120722,4.593860406899452
2026-09-17T08:27:45.001077,1789633665001077200,38.6730771484375,0.9274690656721593,8.475188630270958,5.404550182318687
2026-09-17T08:27:45.011036,1789633665011036200,38.6830361328125,-2.1828245163202284,13.724478108251096,3.557530569013953
2026-09-17T08:27:45.020996,1789633665020996000,38.69299609375,-4.164104131510854,14.974328531742096,1.903449356535077
2026-09-17T08:27:45.030955,1789633665030955000,38.702955078125,-1.4826099625736475,14.843233131366969,0.7070118857365101
2026-09-17T08:27:45.040914,1789633665040914200,38.7129140625,2.6519664611577984,14.433741645371914,0.9193610894750804
2026-09-17T08:27:45.050873,1789633665050873300,38.722873291015624,7.287482236003875,13.930167854100464,3.6201281872242688
2026-09-17T08:27:45.060833,1789633665060833300,38.73283325195312,10.21224973925352,14.88345642068386,4.63273111256361
2026-09-17T08:27:45.070792,1789633665070792200,38.74279223632813,12.25303309829235,10.96925468623638,3.742307875216007
2026-09-17T08:27:45.080751,1789633665080751000,38.752751220703125,17.9083875949502,6.39954263216555,2.4323295846290884
2026-09-17T08:27:45.090711,1789633665090711000,38.7627109375,9.642871058163044,8.465325407904386,2.9423411538630724
2026-09-17T08:27:45.100670,1789633665100670200,38.77267016601562,5.437973728492856,10.040906499642134,5.124318113443255
2026-09-17T08:27:45.110629,1789633665110629000,38.782629150390626,8.952176027911902,3.800500244204699,3.805592306646704
2026-09-17T08:27:45.120588,1789633665120588000,38.79258813476562,11.90658931236267,2.672784792780876,4.1236669071823355
2026-09-17T08:27:45.130548,1789633665130548200,38.80254833984375,12.080585112309455,3.0651398505359886,4.096767209818959
2026-09-17T08:27:45.140507,1789633665140507100,38.81250708007813,12.199558697736263,2.3846447272598743,3.792739254814386
2026-09-17T08:27:45.150466,1789633665150466300,38.82246630859375,12.72359075514674,1.9788050417706369,3.7040947566777462
2026-09-17T08:27:45.160425,1789633665160425200,38.83242529296875,12.417760719156265,1.947894062939286,3.913893106889725
2026-09-17T08:27:45.170385,1789633665170385200,38.84238525390625,11.4045130661726,2.277056459200382,4.045396795804798
2026-09-17T08:27:45.180344,1789633665180344000,38.852343994140625,10.355027394115924,2.185179262752831,4.132863482333719
2026-09-17T08:27:45.190303,1789633665190303000,38.86230297851562,9.494088025406002,1.9922166042685507,4.3144069211810825
2026-09-17T08:27:45.200262,1789633665200262100,38.87226220703125,8.63618875504434,1.6941741534143686,4.39310431805998
2026-09-17T08:27:45.210222,1789633665210222300,38.88222241210938,7.872724841180443,1.1399901188462973,4.267916388162971
2026-09-17T08:27:45.220181,1789633665220181200,38.89218115234375,7.276404961672425,0.8486451198041438,4.014172513240576
2026-09-17T08:27:45.230140,1789633665230140200,38.90214013671875,6.639361442109942,1.2110253105342388,3.640650166249275
2026-09-17T08:27:45.240099,1789633665240099000,38.91209912109375,5.96037204722166,1.903826373153925,3.1083205283537505
2026-09-17T08:27:45.250059,1789633665250059000,38.92205908203125,5.272519546920061,2.3070424321413037,2.607172795185446
2026-09-17T08:27:45.260018,1789633665260018200,38.93201806640625,4.572912895938754,2.3995038582175967,2.208264078003168
2026-09-17T08:27:45.269977,1789633665269977000,38.94197705078125,4.001350441068411,2.53530758241415,1.6591285589963196
2026-09-17T08:27:45.279936,1789633665279936000,38.95193603515625,3.5434617116510867,3.030283056688309,1.1270552339494229
2026-09-17T08:27:45.289896,1789633665289896200,38.961896240234374,2.6716128263920544,3.4276842919170853,0.671473027908802
2026-09-17T08:27:45.299855,1789633665299855400,38.97185546875,1.647958637945354,3.4749995853215454,0.4378822986990213
2026-09-17T08:27:45.309814,1789633665309814300,38.981814208984375,0.4963759887218475,3.509937627711892,0.3063860624380409
2026-09-17T08:27:45.319773,1789633665319773200,38.99177319335938,-0.3171075090691447,3.8405648358285425,0.1367933197557926
2026-09-17T08:27:45.329733,1789633665329733400,39.0017333984375,-0.9344263374641536,4.061962438419461,-0.2550157214891165
2026-09-17T08:27:45.339692,1789633665339692300,39.0116923828125,-1.2937576620176434,4.772858545178175,-0.5357341125767677
2026-09-17T08:27:45.349651,1789633665349651500,39.0216513671875,-1.609165527562052,6.518676961112022,-0.682744217377156
2026-09-17T08:27:45.359610,1789633665359610400,39.0316103515625,-2.4438389667674896,8.23784351696372,-0.7648333025209605
2026-09-17T08:27:45.369570,1789633665369570300,39.0415703125,-3.87956647439599,8.974193798452616,-0.8490021896135062
2026-09-17T08:27:45.379529,1789633665379529200,39.051529296875,-5.3265545039683575,9.533316458466649,-0.9337005804728716
2026-09-17T08:27:45.389488,1789633665389488000,39.06148803710938,-6.660112553715705,10.132746578949687,-1.007412955480814
2026-09-17T08:27:45.399447,1789633665399447300,39.071447265625,-7.823563627648353,10.687879877066612,-0.9566203413546084
2026-09-17T08:27:45.409407,1789633665409407200,39.0814072265625,-9.794019651007652,11.437618047916889,-0.9825871417820452
2026-09-17T08:27:45.419366,1789633665419366400,39.09136645507812,-12.88411566362381,11.975064882695674,-1.1758242332935334
2026-09-17T08:27:45.429325,1789633665429325300,39.1013251953125,-15.869454832214116,12.041759999352692,-1.2264239551961422
2026-09-17T08:27:45.439284,1789633665439284200,39.1112841796875,-18.681506641387937,10.57307276366949,-1.872539254486561
2026-09-17T08:27:45.449244,1789633665449244200,39.121244140625,-21.18093393212557,7.824888154250383,-3.591215980994701
2026-09-17T08:27:45.459203,1789633665459203300,39.13120336914063,-23.429594317924973,5.990761340266466,-5.283650012743473
2026-09-17T08:27:45.469162,1789633665469162200,39.141162353515625,-26.42474760904312,1.8670868342995643,-6.983779859691857
2026-09-17T08:27:45.479121,1789633665479121200,39.15112109375,-29.029968685638902,-2.194636534667015,-7.961931649374962
2026-09-17T08:27:45.489081,1789633665489081000,39.1610810546875,-31.499646150279045,-5.418751141628623,-8.590283328437804
2026-09-17T08:27:45.499040,1789633665499040300,39.171040283203126,-32.68067496647834,-6.600663170403242,-8.96338715775609
2026-09-17T08:27:45.508999,1789633665508999400,39.18099951171875,-32.44832985341549,-6.26649609772265,-9.203530961871149
2026-09-17T08:27:45.518958,1789633665518958300,39.19095825195313,-30.564955901181698,-5.18050118843615,-8.587318633413314
2026-09-17T08:27:45.528918,1789633665528918300,39.20091821289063,-24.134637607002254,-2.393704816550016,-5.65579756425023
2026-09-17T08:27:45.538877,1789633665538877200,39.210877197265624,2.381159223231673,11.248885282087326,4.331566730296611
2026-09-17T08:27:45.548836,1789633665548836400,39.22083642578125,24.809285757815836,0.0190127435058355,2.7571850774765014
2026-09-17T08:27:45.558795,1789633665558795300,39.230795166015625,12.432545615833996,-3.957614759716391,-3.115279553711414
2026-09-17T08:27:45.568755,1789633665568755200,39.240755126953125,2.6238907057523724,3.8333021513491863,-5.862160679316521
2026-09-17T08:27:45.578714,1789633665578714400,39.25071435546875,-6.865138282698393,10.808618718600272,-9.8329078923285
2026-09-17T08:27:45.588673,1789633665588673300,39.26067333984375,-12.815291718244552,11.448743837565184,-5.501687198990583
2026-09-17T08:27:45.598632,1789633665598632400,39.270632568359375,-16.554189492756127,8.132131564170122,1.4833201566696166
2026-09-17T08:27:45.608592,1789633665608592400,39.28059228515625,-12.14262626568079,7.1833572601407765,-0.8421335459530354
2026-09-17T08:27:45.618551,1789633665618551300,39.29055126953125,-2.428938919277489,6.596185732728243,0.394625925296545
2026-09-17T08:27:45.628510,1789633665628510200,39.30051025390625,-2.3881164950236675,2.722617037442326,-1.5405682305455206
2026-09-17T08:27:45.638469,1789633665638469000,39.31046923828125,-0.3550037071453407,-0.1039922893941402,-4.089283576065301
2026-09-17T08:27:45.648429,1789633665648429000,39.32042895507813,1.4132606781460344,0.1302601185947656,-4.158522531986236
2026-09-17T08:27:45.658388,1789633665658388200,39.33038818359375,-1.1453295071128755,1.4223825806260109,-1.3722364477097988
2026-09-17T08:27:45.668347,1789633665668347400,39.340347412109374,-0.6498198528967798,0.5293944612264633,1.1012158592939376
2026-09-17T08:27:45.678306,1789633665678306300,39.35030639648438,0.5755999302254989,-0.7717910127043723,1.7644518047332762
2026-09-17T08:27:45.688266,1789633665688266200,39.36026635742188,0.4155122441219165,-1.2299831089824438,1.4636334594249725
2026-09-17T08:27:45.698225,1789633665698225200,39.37022509765625,-0.3646311114620417,-0.2193739878088235,0.5010276139199733
2026-09-17T08:27:45.708184,1789633665708184300,39.38018432617187,-0.5568191688446328,0.4437134890705347,-0.2867038952380418
2026-09-17T08:27:45.718144,1789633665718144300,39.39014428710937,0.1712612604163587,0.2325397588521242,-0.6489432161927223
2026-09-17T08:27:45.728103,1789633665728103200,39.400103271484376,0.0659455038661137,0.2360153260082006,-0.570260688089393
2026-09-17T08:27:45.738062,1789633665738062000,39.41006201171875,-0.1560040700517594,0.3578817102670669,-0.2577057642906904
2026-09-17T08:27:45.748021,1789633665748021200,39.42002124023438,0.12345288626533,0.0429798945486545,0.1787987797817215
2026-09-17T08:27:45.757980,1789633665757980400,39.42998046875,-0.0229972100321203,0.047397126469016,0.2736468452662229
2026-09-17T08:27:45.767940,1789633665767940400,39.4399404296875,-0.3300533902840689,0.1758019725859165,0.0707049733528867
2026-09-17T08:27:45.777899,1789633665777899300,39.44989916992188,-0.2943889333153143,0.2687339387834072,-0.2560059381028637
2026-09-17T08:27:45.787858,1789633665787858200,39.459858154296874,-0.2085449891500174,0.2418652210801839,-0.3061450932890177
2026-09-17T08:27:45.797818,1789633665797818000,39.469818115234375,-0.1227927418561652,0.1069949783414602,-0.0450274381956085
2026-09-17T08:27:45.807777,1789633665807777300,39.47977734375,0.3007153598578647,-0.3826087397664785,0.5797521910667419
2026-09-17T08:27:45.817736,1789633665817736200,39.489736083984376,0.3431537314083427,-0.3331365605890751,0.9444850824028252
2026-09-17T08:27:45.827695,1789633665827695400,39.4996953125,0.1984478849623352,0.2358177576094865,0.5988034399520605
2026-09-17T08:27:45.837655,1789633665837655300,39.5096552734375,-0.2129343832153827,0.4656289682805538,-0.1079413192808628
2026-09-17T08:27:45.847614,1789633665847614200,39.5196142578125,-0.3683314272847026,0.3932341786772012,-0.5451460840445012
2026-09-17T08:27:45.857573,1789633665857573400,39.529573486328125,-0.2220532900206744,0.3299409794181585,-0.4804658143412321
2026-09-17T08:27:45.867532,1789633665867532300,39.5395322265625,-0.1480008694034069,0.238189162915945,-0.1174713641703128
2026-09-17T08:27:45.877492,1789633665877492200,39.5494921875,-0.2382560906723141,0.1808399667531252,0.0312906988639384
2026-09-17T08:27:45.887451,1789633665887451100,39.559451171875,-0.3549886922392994,0.2838251249313354,-0.0991167923122644
2026-09-17T08:27:45.897410,1789633665897410000,39.56941015625,-0.0353333983834832,0.2252653839349746,-0.0131155021607875
2026-09-17T08:27:45.907369,1789633665907369500,39.57936938476563,0.2489947806991636,0.2671685891628265,0.2362742692053318
2026-09-17T08:27:45.917329,1789633665917329400,39.58932934570313,0.1118112925820052,0.4559218132585287,0.2081054286889731
2026-09-17T08:27:45.927288,1789633665927288300,39.59928833007813,0.0752007869347929,0.4916057055801153,-0.02488382749632
2026-09-17T08:27:45.937247,1789633665937247200,39.60924731445313,0.0526332735568284,0.4783750526070594,-0.1289373455584049
2026-09-17T08:27:45.947206,1789633665947206100,39.6192060546875,-0.0309796601533889,0.4830979894757271,-0.0958311217050999
2026-09-17T08:27:45.957166,1789633665957166000,39.629166015625,-0.2057025322657078,0.3530868772059679,-0.2759865402601659
2026-09-17T08:27:45.967125,1789633665967125200,39.63912524414062,-0.3178520438261329,0.6814554927408695,-0.4953010529667139
2026-09-17T08:27:45.977084,1789633665977084200,39.649084228515626,-0.1808487345814704,0.4687637591749429,-0.6643043783884495
2026-09-17T08:27:45.987043,1789633665987043000,39.65904296875,-0.0599763297960162,0.561111203482747,-0.4515244550824165
2026-09-17T08:27:45.997003,1789633665997003300,39.66900317382812,0.1182866260759532,0.5339110618680716,-0.12388057362549
2026-09-17T08:27:46.006962,1789633666006962200,39.67896215820313,0.1337801094144582,0.5345283169835806,0.0371154594946652
2026-09-17T08:27:46.016921,1789633666016921300,39.68892138671875,0.1311168815545737,0.610423808184266,-0.0723462012212723
2026-09-17T08:27:46.026880,1789633666026880300,39.69888037109375,0.2208662721931934,0.7098918981522321,-0.1155301669746637
2026-09-17T08:27:46.036840,1789633666036840200,39.70884008789063,0.3985353538252413,0.7200099720627069,0.0547923512868583
2026-09-17T08:27:46.046799,1789633666046799000,39.718799072265625,0.4151857521139085,0.7611357631772756,0.0011077420461922
2026-09-17T08:27:46.056758,1789633666056758300,39.72875830078125,0.3437383263632655,0.953240051266551,-0.2378711099427193
2026-09-17T08:27:46.066717,1789633666066717200,39.73871728515625,0.3384089480340481,1.0758592997193337,-0.6065220515053719
2026-09-17T08:27:46.076677,1789633666076677400,39.74867749023438,0.3791317113056778,1.2454010428667068,-0.9300392084211112
2026-09-17T08:27:46.086636,1789633666086636300,39.75863623046875,0.5493376174502075,1.3098574406862258,-0.8528245974458754
2026-09-17T08:27:46.096595,1789633666096595200,39.76859521484375,0.8331696105137467,1.5501719251930712,-0.6745669022709131
2026-09-17T08:27:46.106554,1789633666106554400,39.778554443359376,1.1145569869041445,1.8069079676687716,-0.5476246760524809
2026-09-17T08:27:46.116514,1789633666116514300,39.78851440429688,1.1742121219217776,1.925480571079254,-0.6888619696050882
2026-09-17T08:27:46.126473,1789633666126473200,39.79847314453125,1.1496452514201403,2.0713287194281813,-1.1171113475620746
2026-09-17T08:27:46.136432,1789633666136432000,39.80843212890625,1.4199752272233366,2.3378782999098298,-1.134561664056778
2026-09-17T08:27:46.146391,1789633666146391000,39.81839111328125,1.9085501868054269,2.4865128641068934,-0.5819757854003459
2026-09-17T08:27:46.156351,1789633666156351200,39.828351318359374,2.4006106504157185,3.370857073801756,-0.5116594825714826
2026-09-17T08:27:46.166310,1789633666166310400,39.83831030273438,3.1825577309533952,4.7571793300092216,-1.0509930809449404
2026-09-17T08:27:46.176269,1789633666176269300,39.848269287109375,4.298700525744259,5.357437133488059,-0.7212263621151447
2026-09-17T08:27:46.186228,1789633666186228200,39.85822827148438,5.579322227334976,5.468199939930439,0.4297236152280121
2026-09-17T08:27:46.196188,1789633666196188200,39.86818823242187,6.586658025926351,6.327245457717776,0.0496329957623034
2026-09-17T08:27:46.206147,1789633666206147000,39.87814697265625,7.911936323106288,7.184857143309712,-0.3562047169655561
2026-09-17T08:27:46.216106,1789633666216106200,39.88810620117187,8.611633574980496,8.002780961635708,0.9007301118284464
2026-09-17T08:27:46.226065,1789633666226065200,39.89806518554688,7.247697338104247,8.746237275737524,3.762278650099039
2026-09-17T08:27:46.236025,1789633666236025300,39.908025390625,2.697359846588969,8.128753027647733,6.340462082165479
2026-09-17T08:27:46.245984,1789633666245984300,39.917984375,-0.5094464826971292,12.450889081776142,4.839816112163662
2026-09-17T08:27:46.255943,1789633666255943400,39.927943359375,-4.848872694322466,17.823925350934267,0.9763748431384562
2026-09-17T08:27:46.265902,1789633666265902300,39.93790234375,-2.7347406059563157,16.048906559479235,-1.2269622998565437
2026-09-17T08:27:46.275862,1789633666275862300,39.9478623046875,0.9518249237716198,15.384889692795277,0.8462367434881627
2026-09-17T08:27:46.285821,1789633666285821200,39.9578212890625,6.018460663574934,14.36309866787195,3.641154024118185
2026-09-17T08:27:46.295780,1789633666295780000,39.967780029296875,10.492097777247428,14.757332963502408,4.18078404815495
2026-09-17T08:27:46.305739,1789633666305739500,39.97773950195312,11.092872882598638,10.776923603653907,3.2651977279782294
2026-09-17T08:27:46.315699,1789633666315699500,39.987699462890625,16.985979319798947,6.700546270912885,2.305686487487703
2026-09-17T08:27:46.325658,1789633666325658400,39.99765844726563,8.873684090477228,9.483102521011231,2.0053474501289426
2026-09-17T08:27:46.335617,1789633666335617300,40.0076171875,4.818270050787925,12.42287762377858,4.350622728422284
2026-09-17T08:27:46.345576,1789633666345576200,40.017576171875,8.105581995418667,5.3805438683092595,3.300454334798455
2026-09-17T08:27:46.355536,1789633666355536100,40.0275361328125,11.5632224496603,2.373460777683556,3.809789466075599
2026-09-17T08:27:46.365495,1789633666365495300,40.037495361328126,11.84795241447687,2.497386432559788,4.065525683858991
2026-09-17T08:27:46.375454,1789633666375454200,40.0474541015625,12.25469547854662,1.4636974645718932,3.925314372353255
2026-09-17T08:27:46.385413,1789633666385413400,40.05741333007813,13.44535253931284,0.8413473640114069,3.6724195154756303
2026-09-17T08:27:46.395373,1789633666395373300,40.06737329101563,13.732352787148953,1.4201689962297677,3.751940211436152
2026-09-17T08:27:46.405332,1789633666405332200,40.077332275390624,13.114951541167496,1.891935152091086,3.9802924554705617
2026-09-17T08:27:46.415291,1789633666415291400,40.08729150390625,12.520969749218224,1.6431386704429982,4.075059235879778
2026-09-17T08:27:46.425250,1789633666425250300,40.097250244140625,12.020471712130307,1.520505685725808,4.010778194627165
2026-09-17T08:27:46.435210,1789633666435210200,40.107210205078125,11.30880111386776,1.8798247353196145,3.910286022308469
2026-09-17T08:27:46.445169,1789633666445169200,40.11716918945312,10.357187787020203,2.1644144148826596,3.75126421187073
2026-09-17T08:27:46.455128,1789633666455128300,40.12712841796875,9.057067896494267,2.204925288969278,3.5746547222942113
2026-09-17T08:27:46.465087,1789633666465087500,40.13708740234375,7.698585833370685,2.0350147125095126,3.4320801887884733
2026-09-17T08:27:46.475047,1789633666475047400,40.14704736328125,6.693726069504022,1.8114777598023413,3.365501976509392
2026-09-17T08:27:46.485006,1789633666485006300,40.15700634765625,5.985870645615458,1.6071195548176764,3.290957899917662
2026-09-17T08:27:46.494965,1789633666494965200,40.16696533203125,5.257217348369956,1.6953788530290126,2.9018495689988133
2026-09-17T08:27:46.504924,1789633666504924400,40.17692431640625,4.432794815674424,2.250240348467231,2.3747891036778688
2026-09-17T08:27:46.514884,1789633666514884400,40.18688427734375,3.485832529503107,3.0671055976510044,1.8730320064395665
2026-09-17T08:27:46.524843,1789633666524843300,40.19684326171875,2.3708564404040575,3.979712025234103,1.493379778391123
2026-09-17T08:27:46.534802,1789633666534802200,40.20680224609375,1.0600202178135514,4.589738943055272,1.3136264378309248
2026-09-17T08:27:46.544761,1789633666544761000,40.216760986328126,-0.1036576506122946,4.575819138774276,1.002125370466709
2026-09-17T08:27:46.554721,1789633666554721300,40.22672119140625,-0.5908472933158279,4.461257524570822,0.8106297157950699
2026-09-17T08:27:46.564680,1789633666564680400,40.236680419921875,-0.8015688958525657,5.157000485861301,0.2335967205591499
2026-09-17T08:27:46.574639,1789633666574639400,40.24663940429687,-1.3100387886025011,6.936613619369268,-0.6691314332187175
2026-09-17T08:27:46.584598,1789633666584598300,40.256598388671875,-2.1110389446564017,9.388172074472903,-1.1312274781327694
2026-09-17T08:27:46.594558,1789633666594558200,40.26655810546875,-4.341874189299345,10.514466260921957,-1.3749872077226637
2026-09-17T08:27:46.604517,1789633666604517000,40.27651708984375,-6.577816547822952,10.600512559258938,-1.661414039584994
2026-09-17T08:27:46.614476,1789633666614476300,40.28647631835938,-8.33551361759901,10.67756891093254,-1.997805802577734
2026-09-17T08:27:46.624435,1789633666624435200,40.29643530273437,-10.000283397352694,10.603208374214171,-2.1643951256603
2026-09-17T08:27:46.634395,1789633666634395400,40.3063955078125,-11.95338145867586,10.627423947060109,-2.175757062152028
2026-09-17T08:27:46.644354,1789633666644354300,40.31635424804688,-14.811946012699604,10.622927804684638,-2.209458840745687
2026-09-17T08:27:46.654313,1789633666654313200,40.326313232421874,-17.754320484310387,10.737257948219776,-2.505643096512556
2026-09-17T08:27:46.664272,1789633666664272400,40.3362724609375,-19.818962857842443,9.77952935336232,-3.545433888506889
2026-09-17T08:27:46.674232,1789633666674232300,40.346232421875,-21.41112566654682,7.892092389473318,-5.249510427254438
2026-09-17T08:27:46.684191,1789633666684191200,40.356191162109376,-23.01199317523241,5.537141958731413,-6.776185741525888
2026-09-17T08:27:46.694150,1789633666694150100,40.36615014648437,-25.042070431339734,2.5977111393570897,-8.042400439840554
2026-09-17T08:27:46.704109,1789633666704109300,40.376109375,-27.31246801717281,-0.7369716282576322,-8.67856250039339
2026-09-17T08:27:46.714069,1789633666714069200,40.3860693359375,-29.080749609327313,-3.6718893541216846,-8.632793267387152
2026-09-17T08:27:46.724028,1789633666724028400,40.3960283203125,-29.93840221145153,-5.676432940521836,-8.646732945412397
2026-09-17T08:27:46.733987,1789633666733987300,40.4059873046875,-29.520253956270217,-6.092639998507499,-8.630608324563502
2026-09-17T08:27:46.743946,1789633666743946200,40.4159462890625,-28.110260901618,-5.0595834832042454,-8.4476927205801
2026-09-17T08:27:46.753906,1789633666753906200,40.42590625,-26.261497659516333,-3.1711861498504876,-4.836496612352133
2026-09-17T08:27:46.763865,1789633666763865300,40.435865234375,0.8942863425165414,4.641407755494117,-0.7956697548113763
2026-09-17T08:27:46.773824,1789633666773824300,40.44582421875,16.507647521811723,-1.3379822959303855,1.5501953060686586
2026-09-17T08:27:46.783783,1789633666783783200,40.455783203125,13.570318643152714,7.526900063931942,-5.245245755547285
2026-09-17T08:27:46.793743,1789633666793743400,40.46574340820312,3.8158033195376393,2.8527304410427807,-7.925162884426117
2026-09-17T08:27:46.803702,1789633666803702300,40.47570239257813,-2.388365501348674,4.875787004733085,-9.452172545218469
2026-09-17T08:27:46.813661,1789633666813661400,40.485661376953125,-10.739779575651884,8.401810090327263,-6.295529884505272
2026-09-17T08:27:46.823620,1789633666823620400,40.49562036132812,-21.18352453314066,8.461690850794314,2.422619945389032
2026-09-17T08:27:46.833580,1789633666833580300,40.50558032226562,-16.08233653539419,12.02259352658987,-3.541834402710199
2026-09-17T08:27:46.843539,1789633666843539200,40.515539306640626,-1.8294184901624917,7.723319292610883,0.3248492092370987
2026-09-17T08:27:46.853498,1789633666853498000,40.525498046875,1.6990191092275082,-0.6007897183984517,-2.205490521636605
2026-09-17T08:27:46.863457,1789633666863457300,40.53545727539063,0.9510967556275428,-0.8327794421523809,-5.452812985706329
2026-09-17T08:27:46.873417,1789633666873417500,40.54541748046875,-0.300724858338572,-0.0682972911566495,-3.0846669733047483
2026-09-17T08:27:46.883376,1789633666883376400,40.55537646484375,-0.8754078929148614,0.2754419119894504,1.3631845417261124
2026-09-17T08:27:46.893335,1789633666893335300,40.56533520507813,-0.2237896853592246,0.6714683517336845,2.3858570256590843
2026-09-17T08:27:46.903294,1789633666903294200,40.575294189453125,-0.2093877601170912,-0.2635264332681894,0.9940028542876242
2026-09-17T08:27:46.913254,1789633666913254100,40.585254150390625,0.2680971935161389,-0.8794710507005452,-0.2042798790514469
2026-09-17T08:27:46.923213,1789633666923213300,40.59521337890625,-0.1121806373510509,-0.4313374071002006,0.1115583407342433
2026-09-17T08:27:46.933172,1789633666933172200,40.605172119140626,-0.4591737277265638,0.2589689160943031,0.4262181643903255
2026-09-17T08:27:46.943131,1789633666943131100,40.61513110351562,-0.1985507790812291,0.4772019171744585,-0.1843231326937675
2026-09-17T08:27:46.953091,1789633666953091300,40.62509130859375,-0.1811095044095069,0.4491805223047733,-0.949966728684306
2026-09-17T08:27:46.963050,1789633666963050200,40.63505029296875,-0.2654520310359075,0.3775315826326608,-0.9243442116498948
2026-09-17T08:27:46.973009,1789633666973009400,40.645009521484376,-0.302611238340754,0.0981149217933416,-0.2223158864796161
2026-09-17T08:27:46.982968,1789633666982968300,40.65496826171875,-0.1562058945004828,-0.0984264719605445,0.3594283551871776
2026-09-17T08:27:46.992928,1789633666992928300,40.66492822265625,-0.0466885032756254,-0.1577262176692485,0.4767325460970401
2026-09-17T08:27:47.002887,1789633667002887200,40.67488720703125,0.2493375845211558,-0.2880681693285703,0.4481178615093231
2026-09-17T08:27:47.012846,1789633667012846300,40.68484643554687,0.5447871876042336,-0.4709054473787546,0.6371545787215233
2026-09-17T08:27:47.022805,1789633667022805200,40.69480517578125,0.3291835851795971,-0.3635954117387533,0.7726338932693004
2026-09-17T08:27:47.032765,1789633667032765400,40.70476538085938,0.0385567443441599,-0.1175730709791183,0.6316051279008388
2026-09-17T08:27:47.042724,1789633667042724400,40.714724365234375,-0.0100235274948179,0.1274415540426969,0.2261667166888713
2026-09-17T08:27:47.052683,1789633667052683300,40.72468334960938,-0.1185366553142666,0.2390858194947242,-0.1307137075811624
2026-09-17T08:27:47.062642,1789633667062642400,40.734642333984375,-0.0935864480508491,0.2117705270677805,-0.1853016223371028
2026-09-17T08:27:47.072602,1789633667072602400,40.74460229492187,-0.2806312607934698,0.4489800312966108,-0.2236444682022556
2026-09-17T08:27:47.082561,1789633667082561300,40.75456127929687,-0.2069246579391881,0.4492056567460298,-0.2347270214970223
2026-09-17T08:27:47.092520,1789633667092520200,40.76452026367187,0.1474006019553169,0.2350894433349371,-0.1451595815628767
2026-09-17T08:27:47.102479,1789633667102479000,40.77447900390625,0.1975639052020385,0.2168745722085237,0.0218389068424701
2026-09-17T08:27:47.112439,1789633667112439300,40.784439208984374,0.1723581157423555,0.2353910566300153,0.201907304701209
2026-09-17T08:27:47.122398,1789633667122398500,40.7943984375,0.1587856635943055,0.3033212680399417,0.2536567811608314
2026-09-17T08:27:47.132357,1789633667132357400,40.804357421875,0.1688856903914362,0.3320212928235531,0.1704079680552706
2026-09-17T08:27:47.142316,1789633667142316300,40.81431640625,0.1483532630376517,0.433608274641633,0.0143787270296365
2026-09-17T08:27:47.152276,1789633667152276200,40.82427612304687,0.0179664493232965,0.5929705690801144,-0.1426017868388444
2026-09-17T08:27:47.162235,1789633667162235100,40.834235107421875,-0.0802937992248684,0.4078653460979461,-0.2474684479147195
2026-09-17T08:27:47.172194,1789633667172194300,40.8441943359375,-0.1103931694123893,0.258320096796751,-0.1958879713464528
2026-09-17T08:27:47.182153,1789633667182153200,40.8541533203125,0.0543007683776319,0.3283709536224603,0.0376495663713663
2026-09-17T08:27:47.192113,1789633667192113400,40.86411352539063,0.1461507114920765,0.156496383613348,0.2635368815969676
2026-09-17T08:27:47.202072,1789633667202072300,40.874072265625,-0.0935874344315379,0.2722007381111383,0.2417833880156278
2026-09-17T08:27:47.212031,1789633667212031500,40.88403149414062,-0.1772979832973331,0.6249024153918028,-0.0579400747280567
2026-09-17T08:27:47.221990,1789633667221990400,40.893990478515626,-0.0536262301169335,0.4303010497897863,-0.2646808640003204
2026-09-17T08:27:47.231950,1789633667231950300,40.903950439453126,-0.0645434185158461,0.3416518754780292,-0.1777559561979025
2026-09-17T08:27:47.241909,1789633667241909200,40.9139091796875,0.1637140599071979,0.3560223461359739,0.2721335911590606
2026-09-17T08:27:47.251868,1789633667251868200,40.9238681640625,0.3537788049928844,0.5508130968302488,0.4528115722835064
2026-09-17T08:27:47.261827,1789633667261827300,40.93382739257813,0.0597381371259689,0.6874637932449579,-0.0210516289222985
2026-09-17T08:27:47.271787,1789633667271787500,40.94378759765625,-0.0170845519222319,0.9416168334901333,-0.5471026249397546
2026-09-17T08:27:47.281746,1789633667281746400,40.95374633789063,0.1818359920531511,0.9154460349231958,-0.5876712205629795
2026-09-17T08:27:47.291705,1789633667291705300,40.963705322265625,0.4476053819425404,1.012248705074191,-0.2262666699320077
2026-09-17T08:27:47.301664,1789633667301664300,40.97366430664062,0.5645899855092168,1.2138871297061442,-0.0763205116797238
2026-09-17T08:27:47.311624,1789633667311624400,40.98362451171875,0.4727778171218931,1.5206576614171263,-0.4105341269157826
2026-09-17T08:27:47.321583,1789633667321583600,40.99358349609375,0.5943916879244149,1.7269518029004334,-1.0622178009230645
2026-09-17T08:27:47.331542,1789633667331542500,41.00354248046875,0.6271485868833959,2.0071207434117793,-1.739580982849002
2026-09-17T08:27:47.341501,1789633667341501400,41.01350146484375,0.929216786122322,2.1745143686145543,-1.4732120196312666
2026-09-17T08:27:47.351461,1789633667351461400,41.02346142578125,1.2997852517440915,2.193428327921033,-0.9950058938503265
2026-09-17T08:27:47.361420,1789633667361420300,41.033420166015624,1.552000017403066,2.597940271937847,-0.7626561776775866
2026-09-17T08:27:47.371379,1789633667371379500,41.04337939453125,2.0308727903991937,2.9912954466462134,-0.4610474857091903
2026-09-17T08:27:47.381338,1789633667381338400,41.05333837890625,2.4982044709444047,3.1679362081438303,-0.5876969395261258
2026-09-17T08:27:47.391298,1789633667391298600,41.06329858398438,2.89623260589987,4.066709340685605,-1.3006857077151537
2026-09-17T08:27:47.401257,1789633667401257500,41.073257568359374,3.830575941255689,5.796154713967442,-1.564387497550249
2026-09-17T08:27:47.411216,1789633667411216400,41.08321630859375,5.420083267015219,5.8762003105849026,-0.5005798701524734
2026-09-17T08:27:47.421175,1789633667421175600,41.093175537109374,6.733474727046489,6.147202778822184,0.4247464113373309
2026-09-17T08:27:47.431135,1789633667431135500,41.103135498046875,8.004834387034178,7.1989593184202905,-0.1048578932475298
2026-09-17T08:27:47.441094,1789633667441094400,41.11309448242187,9.064755528387426,8.483405254474281,-0.1912286742985248
2026-09-17T08:27:47.451053,1789633667451053300,41.12305322265625,8.850052454999089,9.479162843474745,2.8912451728761193
2026-09-17T08:27:47.461012,1789633667461012500,41.13301245117187,5.174280121964216,7.599847811242937,6.795989927670359
2026-09-17T08:27:47.470972,1789633667470972400,41.14297241210937,0.3764724289685487,10.621192943716048,5.780055227559805
2026-09-17T08:27:47.480931,1789633667480931600,41.152931640625,-4.313141431289911,17.0507057667315,2.3298376167953014
2026-09-17T08:27:47.490890,1789633667490890500,41.16289038085937,-4.22194549510479,16.757286299502848,0.5530184979200363
2026-09-17T08:27:47.500849,1789633667500849400,41.17284936523438,-0.1766448531508445,16.39691218789816,-0.0154535897195339
2026-09-17T08:27:47.510809,1789633667510809300,41.18280932617188,5.618767518016695,14.55053496415019,2.099634630327672
2026-09-17T08:27:47.520768,1789633667520768500,41.1927685546875,10.368179136633872,15.081567255711557,4.412179897668957
2026-09-17T08:27:47.530727,1789633667530727400,41.2027275390625,11.239938590043783,13.54751761327982,3.4209687199264764
2026-09-17T08:27:47.540686,1789633667540686300,41.212686279296875,17.59696368447542,9.85193291079402,2.658926363298297
2026-09-17T08:27:47.550646,1789633667550646300,41.222646240234376,14.137877707600593,7.606052511101961,2.092867328149825
2026-09-17T08:27:47.560605,1789633667560605400,41.23260546875,3.997426545622945,11.69976208691597,4.437736948251724
2026-09-17T08:27:47.570564,1789633667570564600,41.24256469726563,5.182349446651339,8.211613681685924,4.356117234185338
2026-09-17T08:27:47.580523,1789633667580523500,41.2525234375,9.357882150149344,2.1020558661252258,3.9730853005707263
2026-09-17T08:27:47.590483,1789633667590483500,41.2624833984375,11.49511395907402,1.394164494140446,4.403350694525241
2026-09-17T08:27:47.600442,1789633667600442400,41.2724423828125,11.67503213480711,1.3554998324424028,4.290441523703932
2026-09-17T08:27:47.610401,1789633667610401300,41.2824013671875,12.847439253133537,0.9308911490753292,3.7448996452748777
2026-09-17T08:27:47.620361,1789633667620361200,41.292361328125,13.778650427943468,1.7016081028074026,3.4787989776045083
2026-09-17T08:27:47.630320,1789633667630320400,41.3023203125,13.62839907619953,2.4485393995434044,3.8177094454199074
2026-09-17T08:27:47.640279,1789633667640279600,41.31227954101563,12.743096250605582,1.9800603025287389,3.988337230238318
2026-09-17T08:27:47.650238,1789633667650238500,41.322238525390624,12.063778938937189,1.692654396501183,4.012449927231669
2026-09-17T08:27:47.660197,1789633667660197400,41.332197265625,11.439359923148157,1.7022689048036932,4.127579696711898
2026-09-17T08:27:47.670157,1789633667670157300,41.3421572265625,10.192159721904993,1.678991781851649,4.008196945962309
2026-09-17T08:27:47.680116,1789633667680116500,41.352116455078125,8.591921743294597,1.7639309957295657,3.4975133226856587
2026-09-17T08:27:47.690075,1789633667690075400,41.36207543945312,7.091302076777815,1.646981609606743,2.991640022300184
2026-09-17T08:27:47.700035,1789633667700035300,41.37203540039062,5.771887118673324,1.7286597758620976,2.5492501830488443
2026-09-17T08:27:47.709994,1789633667709994200,41.381994140625,4.729622630041837,1.866477762490511,2.3105250135600564
2026-09-17T08:27:47.719953,1789633667719953700,41.39195361328125,4.133682689762115,1.429150175064802,2.23713069152534
2026-09-17T08:27:47.729912,1789633667729912600,41.40191259765625,3.794769299337267,1.4215928915530442,2.049643541842699
2026-09-17T08:27:47.739872,1789633667739872500,41.41187255859375,3.450630283218622,2.2722306464791298,1.5027322747565806
2026-09-17T08:27:47.749831,1789633667749831400,41.42183154296875,2.6431507020175458,3.151290778291225,1.043989412727952
2026-09-17T08:27:47.759790,1789633667759790300,41.43179028320313,1.8577353608474136,3.5566344969570634,0.9707733698695896
2026-09-17T08:27:47.769749,1789633667769749500,41.44174951171875,0.9166703160211443,4.12673681614697,0.8057090643972158
2026-09-17T08:27:47.779709,1789633667779709400,41.45170947265625,-0.022665420794487,4.7101212262362235,0.4603770391017198
2026-09-17T08:27:47.789668,1789633667789668400,41.46166845703125,-0.7534300111055374,5.487120913499593,-0.1136380696177482
2026-09-17T08:27:47.799627,1789633667799627500,41.47162744140625,-1.240234453883767,6.974888112705946,-0.6630259559504688
2026-09-17T08:27:47.809586,1789633667809586400,41.48158642578125,-2.342379849112779,8.499146428963542,-1.0116617720317096
2026-09-17T08:27:47.819546,1789633667819546400,41.49154638671875,-3.696346042247116,9.154107298010588,-1.2540139729112385
2026-09-17T08:27:47.829505,1789633667829505500,41.50150561523437,-5.151200859671831,10.106972670745847,-1.8195494225770237
2026-09-17T08:27:47.839464,1789633667839464400,41.51146435546875,-7.143069088894128,11.480526630795,-2.5648043105334044
2026-09-17T08:27:47.849423,1789633667849423400,41.52142333984375,-10.033822094339133,12.5389204164505,-2.8403900149077175
2026-09-17T08:27:47.859383,1789633667859383300,41.53138330078125,-13.23270347584486,12.091749480402468,-2.7167665578484534
2026-09-17T08:27:47.869342,1789633667869342200,41.54134228515625,-15.235803877699372,13.198715866047143,-2.0184429324150086
2026-09-17T08:27:47.879301,1789633667879301400,41.55130126953125,-19.25061118171215,12.263297302675246,-2.565187172371149
2026-09-17T08:27:47.889260,1789633667889260500,41.56126049804688,-21.774922738337516,10.173110153520106,-3.56003524531126
2026-09-17T08:27:47.899220,1789633667899220500,41.57122045898438,-24.99346860525608,9.068748397415876,-6.139713884371519
2026-09-17T08:27:47.909179,1789633667909179400,41.581179443359375,-28.278706081700324,6.239131120935082,-8.83856133916974
2026-09-17T08:27:47.919138,1789633667919138300,41.59113818359375,-31.32877871148586,1.914104021540284,-9.993721554619071
2026-09-17T08:27:47.929097,1789633667929097500,41.601097412109375,-34.556499233984944,-4.207409020230174,-10.099054737228156
2026-09-17T08:27:47.939057,1789633667939057400,41.61105737304688,-36.44726388099193,-9.056479282951354,-10.060430699801444
2026-09-17T08:27:47.949016,1789633667949016300,41.62101635742187,-36.79710490814447,-9.206319715806842,-10.12972226269245
2026-09-17T08:27:47.958975,1789633667958975200,41.63097534179688,-34.26300845508575,-6.4860092017412185,-9.72746131247282
2026-09-17T08:27:47.968934,1789633667968934700,41.6409345703125,-19.668322214519975,3.986258085876703,-1.2242261528909206
2026-09-17T08:27:47.978894,1789633667978894600,41.65089453125,13.068081068921089,2.39397603470683,3.0805916866898535
2026-09-17T08:27:47.988853,1789633667988853500,41.660853515625,17.188225062674285,-0.8815332439273595,3.834202899581194
2026-09-17T08:27:47.998812,1789633667998812400,41.6708125,8.52201350980997,3.905197759258747,-4.225887510728835
2026-09-17T08:27:48.008771,1789633668008771300,41.68077124023438,0.9826339035332202,2.977563858413696,-8.016135533249377
2026-09-17T08:27:48.018731,1789633668018731300,41.69073120117187,-5.2918765738189215,9.685241880902648,-9.937525620144603
2026-09-17T08:27:48.028690,1789633668028690400,41.7006904296875,-10.791001228845118,9.07359057675004,-5.605490103292465
2026-09-17T08:27:48.038649,1789633668038649300,41.7106494140625,-13.98232591136098,6.436036671826243,-0.2081342163920402
2026-09-17T08:27:48.048608,1789633668048608500,41.7206083984375,-8.538566585204006,5.367694908130169,-1.623202090090513
2026-09-17T08:27:48.058568,1789633668058568400,41.730568359375,-1.632880457409471,5.3952340724408625,0.6193710847496986
2026-09-17T08:27:48.068527,1789633668068527400,41.74052734375,-2.73817379527539,3.0661820530652997,-0.2808499085128307
2026-09-17T08:27:48.078486,1789633668078486500,41.75048657226562,-0.9682972620796412,0.5364648380041123,-3.3234079248845574
2026-09-17T08:27:48.088445,1789633668088445400,41.760445556640626,1.2555201396904885,-0.1521194837033748,-3.907159999242425
2026-09-17T08:27:48.098405,1789633668098405400,41.7704052734375,-0.2864120178856886,0.2905108863055706,-1.323212596821785
2026-09-17T08:27:48.108364,1789633668108364300,41.7803642578125,-0.9558454114593564,0.8243424531966448,0.8871241958022117
2026-09-17T08:27:48.118323,1789633668118323200,41.7903232421875,-0.4021466761901974,0.4447334797680378,1.2482348049879073
2026-09-17T08:27:48.128282,1789633668128282400,41.80028247070312,0.0364490223420318,-0.6605833851039409,0.6726683751732111
2026-09-17T08:27:48.138242,1789633668138242600,41.81024267578125,0.1450190405810252,-0.5173199925512075,0.0794289260238409
2026-09-17T08:27:48.148201,1789633668148201500,41.82020141601563,-0.3055860711667686,0.2923053685069084,-0.1188841535776853
2026-09-17T08:27:48.158160,1789633668158160400,41.830160400390625,-0.1534551892865449,0.6259516321837901,-0.3789963944882154
2026-09-17T08:27:48.168119,1789633668168119600,41.84011962890625,-0.1508552724538371,0.5622995364844798,-0.6890548618286848
2026-09-17T08:27:48.178079,1789633668178079500,41.85007958984375,-0.1564398311205208,0.4074427367717027,-0.6621352907210588
2026-09-17T08:27:48.188038,1789633668188038400,41.860038330078126,0.1029062111904844,0.1615647729188203,-0.2068541134536266
2026-09-17T08:27:48.197997,1789633668197997300,41.86999731445312,0.1834290333982557,-0.1233154140233993,0.4420148319264874
2026-09-17T08:27:48.207956,1789633668207956200,41.87995629882813,-0.0506199975056573,0.0308697700381278,0.5224252067357301
2026-09-17T08:27:48.217916,1789633668217916400,41.88991650390625,-0.3802424855591729,0.3104273006528615,0.0474374767457135
2026-09-17T08:27:48.227875,1789633668227875600,41.89987548828125,-0.2798975762240588,0.4488859232723712,-0.3838105167716741
2026-09-17T08:27:48.237834,1789633668237834500,41.90983447265625,0.0843141773147508,0.2409831775486469,-0.3717301663449034
2026-09-17T08:27:48.247793,1789633668247793400,41.91979345703125,0.065204987697117,0.1455652397543191,-0.0536456289371475
2026-09-17T08:27:48.257753,1789633668257753300,41.92975341796875,0.002634988146089,0.1436655436128378,0.1995008280813693
2026-09-17T08:27:48.267712,1789633668267712300,41.93971215820312,0.154144230996631,0.0231160871714353,0.3252221707353368
2026-09-17T08:27:48.277671,1789633668277671400,41.94967138671875,0.2183576869057491,0.118474403733015,0.3060650137901306
2026-09-17T08:27:48.287630,1789633668287630300,41.95963037109375,0.0924034122787415,0.2414040333092212,0.2407131284356117
2026-09-17T08:27:48.297590,1789633668297590500,41.969590576171875,-0.0562082824993878,0.2398784311771392,0.0843710586011409
2026-09-17T08:27:48.307549,1789633668307549200,41.97954907226563,-0.1216512071382254,0.3360211761146783,-0.054127896028757
2026-09-17T08:27:48.317508,1789633668317508000,41.989508056640624,-0.2767505103699862,0.1225473522603511,-0.1147035799574106
2026-09-17T08:27:48.327467,1789633668327467300,41.99946728515625,-0.3818505418103188,0.0645224487930536,-0.0467974070101976
2026-09-17T08:27:48.337427,1789633668337427200,42.00942724609375,-0.1058591061793267,-0.0949263548851013,0.1566466422716155
2026-09-17T08:27:48.347386,1789633668347386400,42.01938647460938,0.0265273569196462,-0.0188888248652219,0.4050450279802083
2026-09-17T08:27:48.357345,1789633668357345300,42.02934521484375,0.0020981413230299,0.0256646026104688,0.4785738631147891
2026-09-17T08:27:48.367304,1789633668367304400,42.03930444335938,-0.0166750943385064,0.0258569103121757,0.3418869263429194
2026-09-17T08:27:48.377264,1789633668377264400,42.04926440429688,0.0410031145829707,0.092962945857644,0.2475911244463175
2026-09-17T08:27:48.387223,1789633668387223300,42.059223388671874,-0.0208615131776779,0.1951689363569021,0.1913467477202415
2026-09-17T08:27:48.397182,1789633668397182200,42.06918212890625,0.0202429428879171,0.2686725639849901,0.0993447558492422
2026-09-17T08:27:48.407141,1789633668407141000,42.07914111328125,-0.092692604483664,0.0978320131987333,0.1032312418937683
2026-09-17T08:27:48.417101,1789633668417101000,42.08910107421875,-0.3400013317920267,0.1256277826189994,-0.0970160206407308
2026-09-17T08:27:48.427060,1789633668427060500,42.099060546875,-0.3589317307766527,0.2023953804790973,-0.2592307088356465
2026-09-17T08:27:48.437019,1789633668437019400,42.109019287109376,-0.1976899792671203,0.0859820009291172,-0.161184833690524
2026-09-17T08:27:48.446978,1789633668446978300,42.11897827148437,-0.0694371088415384,0.1163257012665271,0.096054336001724
2026-09-17T08:27:48.456938,1789633668456938200,42.12893823242187,-0.0358361602738499,0.110962128406763,0.1251443830162286
2026-09-17T08:27:48.466897,1789633668466897200,42.13889721679688,-0.029250644403696,0.1282201371997594,0.1433143190223723
2026-09-17T08:27:48.476856,1789633668476856300,42.148856201171874,0.0572923514090478,0.2408060674160718,0.260121593260765
2026-09-17T08:27:48.486815,1789633668486815200,42.15881518554688,0.0755498926334083,0.4854524436473846,0.0871657308209687
2026-09-17T08:27:48.496775,1789633668496775200,42.16877514648438,0.1232299276970326,0.7202905425697564,-0.088794720262289
2026-09-17T08:27:48.506734,1789633668506734300,42.178734375,0.304440773589164,0.8343442072510718,-0.0512089398421347
2026-09-17T08:27:48.516693,1789633668516693200,42.188693359375,0.4370857414938509,1.104974919566512,-0.2206166813462972
2026-09-17T08:27:48.526652,1789633668526652400,42.19865234375,0.2897568530678749,1.3395359551131725,-0.7185824965428561
2026-09-17T08:27:48.536612,1789633668536612400,42.2086123046875,0.2919762826830148,1.663687829735875,-1.2660633071452378
2026-09-17T08:27:48.546571,1789633668546571300,42.2185712890625,0.4828486908897757,1.8373504522055384,-1.3637871837943791
2026-09-17T08:27:48.556530,1789633668556530200,42.2285302734375,0.743342916855216,1.9702420883476732,-1.1794934233255685
2026-09-17T08:27:48.566489,1789633668566489300,42.2384892578125,0.976315806427598,2.082967719295621,-0.7796990093499422
2026-09-17T08:27:48.576449,1789633668576449300,42.24844921875,1.1162548768632112,2.1140075852036473,-0.619037834207341
2026-09-17T08:27:48.586408,1789633668586408200,42.258408203125,1.3336392982900145,2.455128130283952,-0.7558316654197871
2026-09-17T08:27:48.596367,1789633668596367400,42.26836743164063,1.760073151257634,2.659737679681182,-0.6037088207155465
2026-09-17T08:27:48.606326,1789633668606326300,42.278326171875,2.0772081328555942,2.9384540832966564,-0.7001864236306399
2026-09-17T08:27:48.616286,1789633668616286200,42.2882861328125,2.4168714648649097,3.911595935863256,-1.399470491594076
2026-09-17T08:27:48.626245,1789633668626245400,42.29824536132813,3.293279620863497,5.118171281251311,-1.4808955598711966
2026-09-17T08:27:48.636204,1789633668636204300,42.308204345703125,4.604658572028577,5.344541996079683,-0.1861016866736114
2026-09-17T08:27:48.646163,1789633668646163200,42.3181630859375,5.59675150104165,5.396166969376802,0.3016187019057572
2026-09-17T08:27:48.656123,1789633668656123100,42.328123046875,6.608963381236792,6.42244712241292,-0.8323632625669241
2026-09-17T08:27:48.666082,1789633668666082000,42.33808203125,7.918990333271026,6.660246409228444,-1.0525779389835894
2026-09-17T08:27:48.676041,1789633668676041500,42.34804150390625,9.054298431780934,7.503428002929687,0.4618576330482959
2026-09-17T08:27:48.686000,1789633668686000400,42.35800048828125,7.7913897892743345,8.348245673400163,3.5048698229283093
2026-09-17T08:27:48.695960,1789633668695960300,42.36796020507813,3.549062600398063,6.792348940819502,6.360537486466765
2026-09-17T08:27:48.705919,1789633668705919200,42.37791918945312,-0.4884036946684121,9.267312821429968,5.252037315383554
2026-09-17T08:27:48.715878,1789633668715878100,42.38787817382813,-4.950525142592191,15.324658219194411,1.769892534482479
2026-09-17T08:27:48.725837,1789633668725837300,42.39783740234375,-3.60546837823093,15.297157633328435,-0.0795902540653944
2026-09-17T08:27:48.735797,1789633668735797200,42.40779736328125,0.0778308431774377,14.702044207000732,-0.1658294446259736
2026-09-17T08:27:48.745756,1789633668745756200,42.41775610351562,4.483011675739288,13.095410974395277,2.170899100726843
2026-09-17T08:27:48.755715,1789633668755715300,42.42771533203125,8.57816735870838,13.426892168992756,4.182833966422081
2026-09-17T08:27:48.765674,1789633668765674200,42.43767431640625,10.127190113866329,11.590552355134486,3.454817798036337
2026-09-17T08:27:48.775634,1789633668775634200,42.44763427734375,15.389355440032482,6.8111249529600135,2.080159822268039
2026-09-17T08:27:48.785593,1789633668785593300,42.45759326171875,10.604148285412789,7.870901717406511,1.847438277108222
2026-09-17T08:27:48.795552,1789633668795552300,42.46755224609375,4.96796669125855,10.879506026250125,4.570647873616219
2026-09-17T08:27:48.805511,1789633668805511200,42.47751123046875,8.042344910261034,5.422902416089177,3.5779940958499905
2026-09-17T08:27:48.815471,1789633668815471000,42.48747119140625,11.394622955799102,2.508658937202394,3.6911554878667
2026-09-17T08:27:48.825430,1789633668825430300,42.49743017578125,11.702958252608775,2.189690018175542,3.825904442313313
2026-09-17T08:27:48.835389,1789633668835389400,42.50738940429687,11.74888530652523,1.615283279789984,3.665920801106095
2026-09-17T08:27:48.845348,1789633668845348400,42.51734838867188,12.422754874181749,1.142034776416421,3.484119880366326
2026-09-17T08:27:48.855308,1789633668855308300,42.52730834960938,12.660935853791235,1.0997817348375916,3.5895381109103557
2026-09-17T08:27:48.865267,1789633668865267200,42.53726708984375,12.144590259230135,1.3413786603704094,3.763585933305323
2026-09-17T08:27:48.875226,1789633668875226400,42.54722631835938,11.325759262931346,1.2876698665365576,3.9466184416666623
2026-09-17T08:27:48.885185,1789633668885185300,42.557185302734375,10.57105733219385,0.7498211729586124,4.103004058381915
2026-09-17T08:27:48.895145,1789633668895145200,42.567145263671875,9.90959833329916,0.3892345876470208,4.131654398804903
2026-09-17T08:27:48.905104,1789633668905104100,42.57710424804687,9.358670085656644,0.2528203303366899,4.226438130348921
2026-09-17T08:27:48.915063,1789633668915063000,42.58706298828125,8.756337229469418,0.3880407016873359,4.192165858390927
2026-09-17T08:27:48.925022,1789633668925022500,42.5970224609375,7.925923931926488,0.7846592621058225,3.8340336804941297
2026-09-17T08:27:48.934982,1789633668934982400,42.606982421875,7.072853396895527,1.3389946878433228,3.576505610857904
2026-09-17T08:27:48.944941,1789633668944941300,42.61694140625,6.210822725817561,1.7807891915500162,3.465126426082849
2026-09-17T08:27:48.954900,1789633668954900200,42.626900146484374,5.6451107505410905,2.0592250246584416,3.4188659024283288
2026-09-17T08:27:48.964859,1789633668964859100,42.63685913085938,5.141438759592175,2.0302076044887305,3.233327840986848
2026-09-17T08:27:48.974819,1789633668974819000,42.64681909179688,4.682701304391026,2.1533546762079,2.926323500519991
2026-09-17T08:27:48.984778,1789633668984778200,42.6567783203125,3.755229900631308,2.5142998656988143,2.4654276982411742
2026-09-17T08:27:48.994737,1789633668994737200,42.66673706054687,2.714718977668882,2.920832501888275,2.0271284893043338
2026-09-17T08:27:49.004696,1789633669004696300,42.6766962890625,1.7146785967826843,3.42646381021142,1.820118746897578
2026-09-17T08:27:49.014656,1789633669014656300,42.68665625,0.7020455685660243,4.075566016358137,1.631657345355302
2026-09-17T08:27:49.024615,1789633669024615200,42.696615234375,-0.3282791836857796,4.869966335755587,1.2107659289456902
2026-09-17T08:27:49.034574,1789633669034574300,42.70657421875,-0.9165279849410056,5.81937776864469,0.7385533444911241
2026-09-17T08:27:49.044533,1789633669044533200,42.716533203125,-1.2015323827847837,7.471420168772339,0.2277453641824424
2026-09-17T08:27:49.054493,1789633669054493200,42.7264931640625,-1.560741250002384,9.420156527754664,-0.2393598141305148
2026-09-17T08:27:49.064452,1789633669064452000,42.7364521484375,-2.620340904316306,10.602598133361338,-0.4119493274759501
2026-09-17T08:27:49.074411,1789633669074411300,42.74641137695313,-3.946056131608784,11.05172371060848,-0.6963380045741796
2026-09-17T08:27:49.084370,1789633669084370400,42.75637036132812,-5.321698296108842,11.813014372086524,-1.2778775174491106
2026-09-17T08:27:49.094330,1789633669094330400,42.766330322265624,-6.643938833028078,12.215691501891612,-1.3505787426531315
2026-09-17T08:27:49.104289,1789633669104289300,42.77628930664063,-8.638101310667395,12.36972471026182,-1.5801906313598155
2026-09-17T08:27:49.114248,1789633669114248200,42.786248291015625,-10.8138992893517,12.561195376622676,-1.8113152627170084
2026-09-17T08:27:49.124207,1789633669124207400,42.79620727539063,-12.703943805390596,12.07615443638563,-1.9470120194077492
2026-09-17T08:27:49.134167,1789633669134167300,42.80616723632812,-14.794544796043631,11.805754610216615,-2.2115549362421034
2026-09-17T08:27:49.144126,1789633669144126200,42.816126220703126,-17.439180183660984,10.220656333070991,-3.41117037948966
2026-09-17T08:27:49.154085,1789633669154085000,42.82608520507812,-20.13894884495735,8.259975269272923,-4.957150113689899
2026-09-17T08:27:49.164044,1789633669164044000,42.8360439453125,-23.168556194341186,5.625995131182671,-6.146121413326263
2026-09-17T08:27:49.174004,1789633669174004200,42.84600415039063,-27.45335182111263,2.513645785704255,-7.740330048644542
2026-09-17T08:27:49.183963,1789633669183963400,42.85596337890625,-32.12708597519398,-2.543646371692419,-10.43295585244894
2026-09-17T08:27:49.193922,1789633669193922300,42.86592236328125,-35.32014668772221,-6.209608089330792,-11.608036573898792
2026-09-17T08:27:49.203881,1789633669203881200,42.875881103515624,-35.6071142023325,-9.295261735585331,-10.08028457030654
2026-09-17T08:27:49.213841,1789633669213841200,42.885841064453125,-31.96409321529865,-10.835706632012128,-7.914367934167385
2026-09-17T08:27:49.223800,1789633669223800000,42.89580004882812,-27.05333777303695,-7.646307364600896,-6.31187077845335
2026-09-17T08:27:49.233759,1789633669233759200,42.90575927734375,-10.16513844398856,5.369086070227623,1.949354929272085
2026-09-17T08:27:49.243718,1789633669243718100,42.91571826171875,14.475510410565136,7.306433604711294,3.812457516241073
2026-09-17T08:27:49.253678,1789633669253678300,42.92567822265625,14.454216278123855,-0.1500894391804933,-0.9210756383080037
2026-09-17T08:27:49.263637,1789633669263637200,42.93563720703125,4.288957130365073,4.601576095843315,-4.428583335459232
2026-09-17T08:27:49.273596,1789633669273596200,42.94559619140625,-1.182001460623741,7.306798930892348,-8.554564364802836
2026-09-17T08:27:49.283555,1789633669283555300,42.95555541992187,-4.144760256354511,10.29003791233301,-10.69778635405302
2026-09-17T08:27:49.293515,1789633669293515300,42.96551538085937,-6.771365189501643,9.921841728800535,-9.989410121160743
2026-09-17T08:27:49.303474,1789633669303474200,42.97547412109375,-8.233142791926861,5.5283758839517825,-2.8083552927434443
2026-09-17T08:27:49.313433,1789633669313433000,42.98543310546875,-11.456978581947087,2.7951965359628197,2.989052051633596
2026-09-17T08:27:49.323392,1789633669323392300,42.99539233398438,-7.690305496281385,5.28421466088891,0.8707014687895774
2026-09-17T08:27:49.333352,1789633669333352200,43.00535229492188,-4.823972646343708,7.309660750064253,2.4381717347860334
2026-09-17T08:27:49.343311,1789633669343311000,43.01531103515625,-1.8217327579654752,1.0983604698628189,1.595432624155283
2026-09-17T08:27:49.353270,1789633669353270000,43.02527001953125,1.5889464770063757,-0.9397598074465988,-2.392420037436485
2026-09-17T08:27:49.363229,1789633669363229000,43.03522900390625,1.5228598476365207,-1.624191101127863,-2.573589090013504
2026-09-17T08:27:49.373189,1789633669373189000,43.045189208984375,-0.7153949525479227,-0.080109309503436,-1.0395091255087403
2026-09-17T08:27:49.383148,1789633669383148300,43.05514819335937,-1.165179212899506,0.8403501696676016,0.6306710619211197
2026-09-17T08:27:49.393107,1789633669393107200,43.065107177734376,0.0971483965824358,0.0988525884181261,1.634968515729904
2026-09-17T08:27:49.403066,1789633669403066000,43.07506616210937,0.1334543937245849,-0.5505781190305948,0.976151555776596
2026-09-17T08:27:49.413026,1789633669413026000,43.08502612304687,-0.1589742084363475,-0.1148410156667232,-0.4287994495877996
2026-09-17T08:27:49.422985,1789633669422985000,43.09498486328125,-0.0619564981620293,-0.0587087940782308,-0.7543254986405372
2026-09-17T08:27:49.432944,1789633669432944000,43.104944091796874,-0.1284477354105561,-0.012269698986411,-0.2514063718855381
2026-09-17T08:27:49.442903,1789633669442903000,43.11490307617188,-0.2149675330108031,0.1620247916460037,0.1802700579106807
2026-09-17T08:27:49.452863,1789633669452863200,43.12486328125,-0.1604469844026491,0.1351350311547517,0.2931154975797049
2026-09-17T08:27:49.462822,1789633669462822100,43.134822265625,0.0312225472648628,-0.0229459913015365,0.1908078185379505
2026-09-17T08:27:49.472781,1789633669472781000,43.14478100585937,0.0598551145691424,-0.1238625265121459,-0.009784923832817
2026-09-17T08:27:49.482740,1789633669482740200,43.154740234375,-0.3572422433197498,0.3760463125109672,-0.3327367476165294
2026-09-17T08:27:49.492700,1789633669492700200,43.1647001953125,-0.4219650004578754,0.4092880723774433,-0.4369955789923667
2026-09-17T08:27:49.502659,1789633669502659000,43.1746591796875,-0.3085602646719664,0.3113151894032955,-0.3275345027983188
2026-09-17T08:27:49.512618,1789633669512618000,43.18461791992188,-0.1454811051348224,-0.0056523266732692,0.0489653986990451
2026-09-17T08:27:49.522577,1789633669522577200,43.1945771484375,0.1388582163963466,-0.1700882711142301,0.3600491174340248
2026-09-17T08:27:49.532537,1789633669532537300,43.204537353515626,0.0687452541198581,-0.0563034865021705,0.3919815482676029
2026-09-17T08:27:49.542496,1789633669542496300,43.21449633789062,-0.1375682496510446,0.178370946291089,0.1933393828421831
2026-09-17T08:27:49.552455,1789633669552455200,43.224455078125,-0.0607693798698484,0.2459329089105129,-0.0206914812398608
2026-09-17T08:27:49.562414,1789633669562414000,43.2344140625,-0.1144777718449011,0.3018319062650204,-0.1692366227209568
2026-09-17T08:27:49.572374,1789633669572374000,43.2443740234375,-0.1209890169024467,0.2430629064321517,-0.1713105063855648
2026-09-17T08:27:49.582333,1789633669582333200,43.25433325195313,-0.1938303446969017,0.1213940905719995,0.0183493385605048
2026-09-17T08:27:49.592292,1789633669592292000,43.2642919921875,0.0047678354563191,0.0331704481959342,0.2445218730688095
2026-09-17T08:27:49.602251,1789633669602251000,43.2742509765625,-0.0153510061278939,0.1085492220461368,0.2591880935366265
2026-09-17T08:27:49.612211,1789633669612211200,43.28421118164062,-0.2081893075801432,0.2969073093444109,0.0682224906210787
2026-09-17T08:27:49.622170,1789633669622170000,43.294170166015626,0.0487844161089509,0.1017109004586934,0.0180593883037567
2026-09-17T08:27:49.632129,1789633669632129300,43.30412939453125,0.1897909696456045,0.0533399605214595,0.219444166968204
2026-09-17T08:27:49.642088,1789633669642088200,43.314088134765626,0.1325308400057256,0.0969604910612106,0.3657604808181524
2026-09-17T08:27:49.652048,1789633669652048100,43.32404809570313,0.0367949953686445,0.0769675043463706,0.3543196704039349
2026-09-17T08:27:49.662007,1789633669662007000,43.33400708007812,-0.0484464893914759,0.22201018153131,0.1253688394218683
2026-09-17T08:27:49.671966,1789633669671966000,43.34396606445313,-0.0207861829191446,0.3478647586435079,-0.093964195322059
2026-09-17T08:27:49.681925,1789633669681925000,43.35392504882813,0.0472289302952587,0.3439180668443441,-0.1270995722046121
2026-09-17T08:27:49.691885,1789633669691885300,43.36388525390625,0.1699095535464584,0.4308142600089311,0.0463537548959255
2026-09-17T08:27:49.701844,1789633669701844200,43.37384423828125,0.3268342455744743,0.1463812323123216,0.4504209508199244
2026-09-17T08:27:49.711803,1789633669711803100,43.38380322265625,0.2423394875284284,0.1809866817474365,0.6902181334543973
2026-09-17T08:27:49.721762,1789633669721762300,43.39376220703125,0.0224227711450308,0.1852022536158561,0.4200070347905159
2026-09-17T08:27:49.731721,1789633669731721200,43.40372119140625,-0.0389609412308782,0.2701157485306262,0.0991073668967932
2026-09-17T08:27:49.741681,1789633669741681200,43.41368115234375,0.0020791443616151,0.5985930851370096,-0.1700385867536067
2026-09-17T08:27:49.751640,1789633669751640000,43.42364013671875,-0.081777681107074,0.8740946183592081,-0.4116179035644978
2026-09-17T08:27:49.761599,1789633669761599000,43.43359887695313,0.1610696828782558,1.0738234099775552,-0.4011481666721403
2026-09-17T08:27:49.771558,1789633669771558100,43.44355810546875,0.2298758003398776,1.2077204237699508,-0.4409229815691709
2026-09-17T08:27:49.781518,1789633669781518300,43.45351831054688,0.2600641639851033,1.102445693349838,-0.4642606025367975
2026-09-17T08:27:49.791477,1789633669791477200,43.46347729492187,0.1461124983735382,1.0160399140506982,-0.6194750565808266
2026-09-17T08:27:49.801436,1789633669801436200,43.47343627929688,0.1308130763024091,1.3581179059863089,-1.0063291788320987
2026-09-17T08:27:49.811395,1789633669811395000,43.48339501953125,0.3322127237424254,1.6702146011561154,-1.3908487937211989
2026-09-17T08:27:49.821355,1789633669821355000,43.49335498046875,0.5002721193775534,1.74430275067389,-1.352671915540099
2026-09-17T08:27:49.831314,1789633669831314200,43.50331420898438,0.5581533765904605,1.6672884845763445,-1.1023065771400928
2026-09-17T08:27:49.841273,1789633669841273000,43.513273193359375,0.7873058310918509,1.5438906529664993,-0.8930243597567081
2026-09-17T08:27:49.851232,1789633669851232000,43.52323193359375,0.8068990048341452,1.7736480876237153,-0.917903949469328
2026-09-17T08:27:49.861192,1789633669861192200,43.53319213867187,1.20770288811326,2.2064900540679693,-0.7795702684037387
2026-09-17T08:27:49.871151,1789633669871151000,43.54315112304688,1.7006211375966669,2.302958377698064,-0.2697486687839031
2026-09-17T08:27:49.881110,1789633669881110300,43.5531103515625,1.9622420295044776,2.8097616524100304,-0.2550789229184389
2026-09-17T08:27:49.891069,1789633669891069200,43.56306909179688,2.446037061333656,4.008592667281627,-0.8698351342838258
2026-09-17T08:27:49.901029,1789633669901029000,43.57302905273438,3.4833486037328836,5.072058933895826,-0.5437362903118134
2026-09-17T08:27:49.910988,1789633669910988000,43.582988037109374,4.696733629135787,4.846616439828276,0.9184230779726058
2026-09-17T08:27:49.920947,1789633669920947200,43.592947265625,5.242845708668232,5.098372940325737,0.5161551134902984
2026-09-17T08:27:49.930906,1789633669930906000,43.602906005859374,6.001638123589753,5.94804506509006,-0.9382914884597062
2026-09-17T08:27:49.940866,1789633669940866300,43.6128662109375,7.230884734991192,6.448533749827742,-0.869984260430932
2026-09-17T08:27:49.950825,1789633669950825200,43.6228251953125,8.31007405591607,7.306054834526777,1.1462157153628767
2026-09-17T08:27:49.960784,1789633669960784100,43.6327841796875,8.228770568192004,8.284410037827492,4.026309525758028
2026-09-17T08:27:49.970743,1789633669970743300,43.64274340820312,4.9036423953860995,7.776990677043795,6.2603469274431465
2026-09-17T08:27:49.980703,1789633669980703200,43.652703125,0.994042601776123,9.358370810449124,5.283994880658388
2026-09-17T08:27:49.990662,1789633669990662100,43.662662109375,-2.8673060788840052,15.439989064204692,2.1967050115041435
2026-09-17T08:27:50.000621,1789633670000621000,43.67262109375,-2.854033340334892,16.25367977500558,-0.0228327401854097
2026-09-17T08:27:50.010580,1789633670010580000,43.682580078125,-0.5050707518309354,14.420653031218052,-0.0289614521987736
2026-09-17T08:27:50.020540,1789633670020540200,43.6925400390625,4.5456087094277144,14.331948327326774,1.7999727615781127
2026-09-17T08:27:50.030499,1789633670030499300,43.702499267578126,9.006508506602048,14.853035563457013,3.6655543058812614
2026-09-17T08:27:50.040458,1789633670040458200,43.71245825195312,9.298204218778016,14.067848478084802,4.018147846612334
2026-09-17T08:27:50.050417,1789633670050417200,43.72241723632813,13.631726174795627,9.444619353359936,3.1401930456936356
2026-09-17T08:27:50.060377,1789633670060377000,43.73237719726563,13.887557377386091,8.14160958661139,1.8286504283994436
2026-09-17T08:27:50.070336,1789633670070336000,43.7423359375,4.268417323422431,12.112212422716617,4.763138822935521
2026-09-17T08:27:50.080295,1789633670080295200,43.75229516601563,6.385366222774982,8.232295235186815,4.686864269289374
2026-09-17T08:27:50.090254,1789633670090254000,43.762254150390625,11.631272488057611,3.3591017540782686,4.223389264172315
2026-09-17T08:27:50.100214,1789633670100214300,43.77221435546875,12.772667213004826,2.511254506653547,4.834121992175281
2026-09-17T08:27:50.110173,1789633670110173200,43.78217309570312,12.134824067497252,2.1806763983756303,4.590063352704048
2026-09-17T08:27:50.120132,1789633670120132000,43.792132080078126,12.669264121675493,1.810449293537438,4.0686479075327515
2026-09-17T08:27:50.130091,1789633670130091300,43.80209130859375,13.023178097355364,1.776862373495102,4.073656675605475
2026-09-17T08:27:50.140051,1789633670140051200,43.81205126953125,12.511511015999316,1.7309025863528251,4.2342008733049035
2026-09-17T08:27:50.150010,1789633670150010000,43.82201000976563,11.68516189915538,1.506986571200192,4.2698190069139
2026-09-17T08:27:50.159969,1789633670159969000,43.831968994140624,11.0078611880064,1.0318681823015212,4.2563560064896935
2026-09-17T08:27:50.169928,1789633670169928200,43.84192822265625,10.188533348101377,0.7964075675666332,4.216240269200504
2026-09-17T08:27:50.179888,1789633670179888000,43.85188818359375,9.300309082102777,0.6623579935610294,4.091674562855065
2026-09-17T08:27:50.189847,1789633670189847300,43.86184741210938,8.517733056011796,0.7385936765015125,3.830402045993506
2026-09-17T08:27:50.199806,1789633670199806200,43.87180615234375,7.761433626949787,1.0776502747893333,3.551561139215529
2026-09-17T08:27:50.209765,1789633670209765000,43.88176513671875,7.025093866854906,1.407229435157776,3.2520395557194948
2026-09-17T08:27:50.219725,1789633670219725000,43.89172509765625,6.616541123014688,1.481668882331252,2.977850858661532
2026-09-17T08:27:50.229684,1789633670229684200,43.901684326171875,6.372499142417311,1.5855840148359537,2.7274890273928643
2026-09-17T08:27:50.239643,1789633670239643100,43.91164306640625,5.931152382478118,1.8945096787542104,2.3163532813221215
2026-09-17T08:27:50.249602,1789633670249602000,43.92160205078125,5.381651537290216,2.432224809080362,1.926327104905993
2026-09-17T08:27:50.259562,1789633670259562000,43.93156201171875,4.48662519006133,3.208752202656865,1.6109166090130804
2026-09-17T08:27:50.269521,1789633670269521200,43.94152124023437,3.1033056228011846,3.8464679223924874,1.2856089884839952
2026-09-17T08:27:50.279480,1789633670279480300,43.95148022460938,1.878844199849665,4.322361679577827,1.1151039532624183
2026-09-17T08:27:50.289439,1789633670289439200,43.96143920898437,0.9742053901448844,4.798723054274916,0.9275620046526192
2026-09-17T08:27:50.299399,1789633670299399200,43.971399169921874,0.7779328764602541,5.78864302316308,0.4236608811229467
2026-09-17T08:27:50.309358,1789633670309358000,43.98135815429688,-0.1084324637986719,7.400425309094787,-0.2333737254582345
2026-09-17T08:27:50.319317,1789633670319317000,43.99131689453125,-0.6068028412081301,10.106696776413918,-0.70410272029154
2026-09-17T08:27:50.329276,1789633670329276200,44.00127612304688,-2.328771010477096,12.2048614803195,-1.3948492615342138
2026-09-17T08:27:50.339236,1789633670339236000,44.01123608398437,-4.626685110397637,13.311133453959226,-1.89160051330924
2026-09-17T08:27:50.349195,1789633670349195000,44.021195068359376,-6.737554689836502,14.384669863688943,-2.165191828995943
2026-09-17T08:27:50.359154,1789633670359154000,44.03115380859375,-10.22962874407768,15.06055720090866,-2.419418518999219
2026-09-17T08:27:50.369113,1789633670369113000,44.041113037109376,-15.18187705720067,14.183414300894736,-3.619574644994735
2026-09-17T08:27:50.379073,1789633670379073000,44.05107299804688,-18.93697076423168,15.382598366987704,-3.253370512062311
2026-09-17T08:27:50.389032,1789633670389032200,44.0610322265625,-23.830920033121107,14.56688637949228,-3.432237717437744
2026-09-17T08:27:50.398991,1789633670398991000,44.0709912109375,-28.027714720356464,12.272918532979489,-5.617191062480211
2026-09-17T08:27:50.408950,1789633670408950000,44.080949951171874,-31.416796017634866,7.167533083543181,-8.195781321781872
2026-09-17T08:27:50.418910,1789633670418910000,44.090909912109375,-33.88771266868114,1.1691431480944157,-9.416233801352975
2026-09-17T08:27:50.428869,1789633670428869000,44.100869140625,-37.13774322266578,-4.360847185316682,-10.369140090620515
2026-09-17T08:27:50.438828,1789633670438828000,44.110828125,-40.59164098324776,-8.349211888083815,-12.123985862618683
2026-09-17T08:27:50.448787,1789633670448787000,44.12078686523437,-42.84576314158439,-10.222487055629491,-13.07050332763195
2026-09-17T08:27:50.458747,1789633670458747000,44.13074682617187,-41.25488160486221,-10.67667342339754,-11.389259382939338
2026-09-17T08:27:50.468705,1789633670468705800,44.14070581054688,-25.50543028564453,-5.625487766182422,-4.784194762706757
2026-09-17T08:27:50.478665,1789633670478665200,44.150665283203125,13.271560152983664,8.726384574276208,6.504837820851803
2026-09-17T08:27:50.488624,1789633670488624000,44.1606240234375,28.316129511165617,6.399089627701044,5.010425776803493
2026-09-17T08:27:50.498584,1789633670498584000,44.170583984375,7.906942168080806,2.7452842118024825,-7.804750206106901
2026-09-17T08:27:50.508543,1789633670508543000,44.18054296875,1.002554701794684,0.2990934212118387,-9.373619817507269
2026-09-17T08:27:50.518502,1789633670518502000,44.190501953125,-4.091148200893402,9.18491160159707,-12.239500247502326
2026-09-17T08:27:50.528461,1789633670528461000,44.2004609375,-10.246337886816262,8.968030015125871,-7.538041051149368
2026-09-17T08:27:50.538421,1789633670538421000,44.2104208984375,-16.333373489445446,6.971617712733149,0.1105026942014694
2026-09-17T08:27:50.548380,1789633670548380000,44.2203798828125,-12.433492541295289,7.648437946888804,-3.011440409052372
2026-09-17T08:27:50.558339,1789633670558339000,44.23033911132813,-4.283392481975257,8.27473210889995,-0.6826689601838588
2026-09-17T08:27:50.568298,1789633670568298000,44.240298095703125,-1.3050931488938629,2.6205606845468283,0.6764075617015362
2026-09-17T08:27:50.578258,1789633670578258000,44.2502578125,0.079283590135863,-0.6151531747937202,-2.6700550755560397
2026-09-17T08:27:50.588217,1789633670588217000,44.26021704101562,1.615551136945933,-0.5062070623844862,-3.559887945795059
2026-09-17T08:27:50.598176,1789633670598176000,44.270176025390626,-0.1919528969198465,-0.4118967935711145,-0.680307491749525
2026-09-17T08:27:50.608135,1789633670608135000,44.28013500976562,-1.0438559225413948,0.2825993825286627,1.6209434975087642
2026-09-17T08:27:50.618094,1789633670618094800,44.2900947265625,-0.0959581456182524,0.0835071352481842,2.0816145511209965
2026-09-17T08:27:50.628054,1789633670628054000,44.30005395507813,0.1767285128463059,-0.8306798395246267,0.9914742125928402
2026-09-17T08:27:50.638013,1789633670638013200,44.31001318359375,0.1084341990980319,-0.6220400116980076,-0.3217991740167141
2026-09-17T08:27:50.647972,1789633670647972000,44.31997216796875,-0.1989525830814614,0.1925029320180416,-0.650581046527624
2026-09-17T08:27:50.657932,1789633670657932000,44.32993212890625,-0.2042077636633068,0.3980383640885352,-0.4611047688543796
2026-09-17T08:27:50.667891,1789633670667891000,44.339890869140625,-0.0693098474663682,0.3919827173113823,-0.3685796298921108
2026-09-17T08:27:50.677850,1789633670677850000,44.34985009765625,-0.0791656902440823,0.0335287601143121,-0.1733750376999378
2026-09-17T08:27:50.687809,1789633670687809000,44.35980908203125,-0.0995892138632945,-0.0420376452624797,0.0966425020200665
2026-09-17T08:27:50.697769,1789633670697769000,44.36976904296875,0.0737808006016537,-0.1375876850038767,0.3726104928433895
2026-09-17T08:27:50.707728,1789633670707728000,44.37972778320312,-0.1013657037502154,-0.089167645227909,0.326570041680336
2026-09-17T08:27:50.717686,1789633670717686800,44.38968676757813,-0.5037773875521495,0.2813373997688293,-0.0339525384843349
2026-09-17T08:27:50.727646,1789633670727646200,44.399646240234375,-0.1332948831807822,0.1002045875489711,-0.0966670610725879
2026-09-17T08:27:50.737606,1789633670737606100,44.40960620117187,0.2050102756852284,-0.04326806384027,0.1144353574752807
2026-09-17T08:27:50.747565,1789633670747565000,44.41956494140625,0.2306421816024929,-0.0830541307836771,0.3923398601859807
2026-09-17T08:27:50.757524,1789633670757524000,44.42952392578125,0.1334420730991289,-0.1715735412359237,0.5993716682940721
2026-09-17T08:27:50.767483,1789633670767483000,44.43948291015625,0.0818876077549532,-0.1041986256211996,0.5566746823400258
2026-09-17T08:27:50.777442,1789633670777442800,44.44944287109375,-0.2781604502331465,0.1348147131592035,0.3544172490268945
2026-09-17T08:27:50.787402,1789633670787402000,44.45940209960938,-0.2286209779731929,0.4751268644660711,-0.0965758573914878
2026-09-17T08:27:50.797361,1789633670797361000,44.46936083984375,0.1276582655332982,0.4602916989058256,-0.3295142784386873
2026-09-17T08:27:50.807320,1789633670807320000,44.47932006835938,0.0891737096425145,0.4070107750952244,-0.2840969276100397
2026-09-17T08:27:50.817280,1789633670817280000,44.48928002929687,0.0705053225949406,0.3205243317753076,-0.0569329800447449
2026-09-17T08:27:50.827239,1789633670827239000,44.499239013671875,0.2101819427020847,0.132187871786952,0.3130336472263559
2026-09-17T08:27:50.837198,1789633670837198000,44.50919799804687,0.1991012343045324,0.0515565842360258,0.5420218876093625
2026-09-17T08:27:50.847157,1789633670847157000,44.51915698242187,0.0471037695456296,0.2397977671563625,0.4206161796648055
2026-09-17T08:27:50.857117,1789633670857117000,44.52911694335938,-0.0287923061769455,0.3763847506850957,-0.0312321005444973
2026-09-17T08:27:50.867075,1789633670867075800,44.53907592773437,-0.1480326527811586,0.4407598999619483,-0.3584346679747104
2026-09-17T08:27:50.877035,1789633670877035000,44.54903491210938,-0.0338910175554454,0.4672065928608179,-0.3488116841048002
2026-09-17T08:27:50.886994,1789633670886994200,44.558994140625,0.0898887991093099,0.2022463273972272,0.1434563578415661
2026-09-17T08:27:50.896954,1789633670896954000,44.5689541015625,0.1320593500364571,0.2485468908011913,0.470458872655034
2026-09-17T08:27:50.906913,1789633670906913000,44.5789130859375,0.0852425076734274,0.3113397393226623,0.3696183252900838
2026-09-17T08:27:50.916872,1789633670916872000,44.588871826171875,0.0083886197693645,0.4226262773782014,0.0205529586851596
2026-09-17T08:27:50.926831,1789633670926831000,44.5988310546875,-0.0293033975042402,0.4777028524339198,-0.1562502268325537
2026-09-17T08:27:50.936790,1789633670936790000,44.6087900390625,-0.1773688565764576,0.6291174027383327,-0.2914635839205235
2026-09-17T08:27:50.946750,1789633670946750000,44.61875,-0.0510763995036482,0.6716647510886192,-0.3782229258976876
2026-09-17T08:27:50.956708,1789633670956708900,44.628708984375,0.0706065910123288,0.5373474660575389,-0.1261187810063362
2026-09-17T08:27:50.966667,1789633670966667800,44.63866772460938,-0.074095602171868,0.4598626598387956,-0.0876164702631533
2026-09-17T08:27:50.976628,1789633670976628000,44.6486279296875,-0.0931580300383269,0.730341980984807,-0.4914980074219405
2026-09-17T08:27:50.986587,1789633670986587100,44.658587158203126,0.003591887012124,0.8972446078002453,-0.8423082449328154
2026-09-17T08:27:50.996546,1789633670996546000,44.66854614257812,0.1950885645970702,0.9823597627669572,-0.8019703893255442
2026-09-17T08:27:51.006505,1789633671006505000,44.6785048828125,0.2443383331954479,0.9761614926487208,-0.6773601131860166
2026-09-17T08:27:51.016464,1789633671016464000,44.6884638671875,0.2907080163128674,1.0633511158019304,-0.6526708584137261
2026-09-17T08:27:51.026423,1789633671026423800,44.698423828125,0.3906210735693574,1.188180441519618,-0.7916377228163183
2026-09-17T08:27:51.036383,1789633671036383000,44.70838305664063,0.5163105232477188,1.4427771338790654,-0.8586438051186501
2026-09-17T08:27:51.046342,1789633671046342000,44.718341796875,0.7500329160131514,1.7571745072066782,-0.6153600955426692
2026-09-17T08:27:51.056301,1789633671056301000,44.72830102539063,1.0500510508544745,1.8302075947135683,-0.4560235200673341
2026-09-17T08:27:51.066261,1789633671066261000,44.73826098632812,1.156421321426332,1.7488333798408506,-0.2915168484777212
2026-09-17T08:27:51.076220,1789633671076220200,44.74822021484375,1.2554480973675846,1.8444547312527897,-0.3623912235807627
2026-09-17T08:27:51.086179,1789633671086179000,44.75817895507812,1.5347887703612446,2.0529384917348623,-0.354512379964441
2026-09-17T08:27:51.096138,1789633671096138000,44.768137939453126,1.9038123446285724,2.5138293255776167,-0.3349672100823372
2026-09-17T08:27:51.106098,1789633671106098000,44.77809790039063,2.476060443675518,4.231304275080562,-0.9649567925453184
2026-09-17T08:27:51.116056,1789633671116056800,44.78805688476562,3.5597602277621623,5.548052059802413,-0.8712637788474559
2026-09-17T08:27:51.126016,1789633671126016000,44.79801611328125,4.805604045960306,5.192993005740642,0.3715531658101826
2026-09-17T08:27:51.135975,1789633671135975200,44.80797509765625,5.7998903933644295,6.130575469148159,0.1313977443225681
2026-09-17T08:27:51.145935,1789633671145935000,44.81793505859375,6.954092577436566,6.725883541265129,-0.7443850463192909
2026-09-17T08:27:51.155894,1789633671155894000,44.82789404296875,8.014644417908787,7.169686462184786,-0.1550945539914071
2026-09-17T08:27:51.165853,1789633671165853000,44.83785302734375,8.494422907572984,8.419463820439576,2.040031810019165
2026-09-17T08:27:51.175812,1789633671175812000,44.84781201171875,6.60172816928625,7.546689637029171,5.02272177927494
2026-09-17T08:27:51.185772,1789633671185772000,44.85777197265625,1.964776808679104,7.491958514410257,6.465487222716212
2026-09-17T08:27:51.195731,1789633671195731000,44.86773095703125,-0.8379349252194166,11.151700334620475,4.275403529047966
2026-09-17T08:27:51.205689,1789633671205689900,44.87768994140625,-4.242375704193115,16.490557270801066,1.0184218407511711
2026-09-17T08:27:51.215648,1789633671215648800,44.88764868164063,-2.313770863613486,14.607346984696388,-0.240601630885154
2026-09-17T08:27:51.225609,1789633671225609000,44.89760888671875,0.773522366541624,13.796463148009776,0.6802889331795274
2026-09-17T08:27:51.235568,1789633671235568000,44.907568115234376,6.838775176429748,12.898272783792018,2.8285937786519524
2026-09-17T08:27:51.245527,1789633671245527000,44.91752709960937,9.674521749445796,13.392913911545277,4.063249555620551
2026-09-17T08:27:51.255486,1789633671255486000,44.92748583984375,10.26984385008812,10.9214758669734,3.140290660849214
2026-09-17T08:27:51.265446,1789633671265446000,44.93744580078125,16.164351970779894,6.8209379064440725,2.68136586638242
2026-09-17T08:27:51.275405,1789633671275405000,44.947405029296874,9.70737480225563,7.027709602311253,1.9273352590352295
2026-09-17T08:27:51.285364,1789633671285364000,44.95736401367188,3.723800158622861,11.213602371782065,4.697399107307195
2026-09-17T08:27:51.295323,1789633671295323000,44.967322998046875,6.255338743892311,5.652556974893808,3.678011051872372
2026-09-17T08:27:51.305283,1789633671305283300,44.97728344726563,9.933104296571017,1.835691871343553,3.738910049471259
2026-09-17T08:27:51.315242,1789633671315242500,44.987242431640624,10.130008678418395,1.6487684930235147,4.181325315424799
2026-09-17T08:27:51.325201,1789633671325201400,44.99720141601563,10.103841971504687,1.3341530930310488,3.9479239713072776
2026-09-17T08:27:51.335160,1789633671335160600,45.00716064453125,11.557931357514857,1.4275307571694251,3.4556291144192217
2026-09-17T08:27:51.345120,1789633671345120500,45.01712060546875,12.205935831552743,1.7447005178198218,3.417301429590583
2026-09-17T08:27:51.355079,1789633671355079400,45.02707934570312,11.688808146703243,1.7571891202539205,3.5717291902363297
2026-09-17T08:27:51.365038,1789633671365038300,45.037038330078126,11.303369736468792,1.5311983446538446,3.492102111291885
2026-09-17T08:27:51.374997,1789633671374997500,45.04699755859375,11.01758061798811,1.5024515581190585,3.4437066214352843
2026-09-17T08:27:51.384957,1789633671384957400,45.05695751953125,10.088455017280578,1.6186618163123725,3.565880171947181
2026-09-17T08:27:51.394916,1789633671394916600,45.06691650390625,9.047025225907564,1.522156960064173,3.6389819407761097
2026-09-17T08:27:51.404875,1789633671404875500,45.07687548828125,8.214583637407422,1.407344585970044,3.5156618505775925
2026-09-17T08:27:51.414834,1789633671414834400,45.08683447265625,7.297441319960355,1.173068797105551,3.0375676607385276
2026-09-17T08:27:51.424794,1789633671424794400,45.09679443359375,6.516282174929976,0.9666635964632032,2.6709379958704114
2026-09-17T08:27:51.434753,1789633671434753500,45.10675341796875,6.025857788088917,1.1356447831183671,2.386652267690003
2026-09-17T08:27:51.444712,1789633671444712400,45.11671240234375,5.610680073150992,1.6340619222790005,2.0943930764123797
2026-09-17T08:27:51.454671,1789633671454671400,45.12667138671875,5.23870904725492,2.1349650330364702,1.7618217484906316
2026-09-17T08:27:51.464631,1789633671464631300,45.13663134765625,4.5024879451036455,2.344325576353073,1.3514036491699517
2026-09-17T08:27:51.474590,1789633671474590500,45.146590576171874,3.716771867421269,2.6587854935228825,1.1734066507577896
2026-09-17T08:27:51.484549,1789633671484549600,45.15654956054688,2.6733319052696225,3.011662527370453,1.0151157849431038
2026-09-17T08:27:51.494508,1789633671494508500,45.166508544921875,1.6387155933037398,3.1734184389472007,0.9251977597393096
2026-09-17T08:27:51.504468,1789633671504468500,45.176468505859376,0.8312748828083276,3.454280037897825,0.8078351166404784
2026-09-17T08:27:51.514427,1789633671514427400,45.18642749023437,0.0901055105999112,3.769395788627863,0.412792865628004
2026-09-17T08:27:51.524386,1789633671524386300,45.19638623046875,-0.2404366495817899,4.421540431210398,0.0315151552695781
2026-09-17T08:27:51.534345,1789633671534345500,45.20634545898437,-0.4815595278620719,5.506715256285667,-0.3062834788464009
2026-09-17T08:27:51.544305,1789633671544305400,45.21630541992187,-0.541734010578692,6.850021962109207,-0.5936911384396255
2026-09-17T08:27:51.554264,1789633671554264300,45.22626440429688,-1.0835624214425683,8.421047874760628,-0.9469756571095436
2026-09-17T08:27:51.564223,1789633671564223500,45.236223388671874,-2.424130642212927,9.402646005505323,-1.2268722834855317
2026-09-17T08:27:51.574182,1789633671574182400,45.24618237304688,-3.786362705519795,10.056064321285486,-1.2006675826489923
2026-09-17T08:27:51.584142,1789633671584142300,45.25614233398438,-5.227766797479987,10.901063193541765,-1.1739753905564545
2026-09-17T08:27:51.594101,1789633671594101500,45.2661015625,-6.7801207428872585,12.17643734986782,-1.1493261024683714
2026-09-17T08:27:51.604060,1789633671604060400,45.27606030273437,-10.139639261072874,12.842849587255715,-1.323953186056018
2026-09-17T08:27:51.614019,1789633671614019300,45.286019287109376,-13.901312346494198,12.109041975986957,-0.5883633675456047
2026-09-17T08:27:51.623979,1789633671623979300,45.29597924804688,-17.505835552829502,12.51972705568075,0.2306359710574149
2026-09-17T08:27:51.633938,1789633671633938400,45.3059384765625,-21.684223645758628,11.392246289795636,-1.6549229240000247
2026-09-17T08:27:51.643897,1789633671643897600,45.31589770507812,-24.106964002656937,8.061407338127493,-5.261036029875278
2026-09-17T08:27:51.653856,1789633671653856500,45.3258564453125,-27.31160760095119,4.778117488619685,-8.895008618056774
2026-09-17T08:27:51.663816,1789633671663816400,45.33581640625,-31.58672588331699,-0.5129577056884765,-10.415177034652231
2026-09-17T08:27:51.673775,1789633671673775400,45.345775390625,-34.66584925101995,-6.14985767724514,-10.127013588255643
2026-09-17T08:27:51.683734,1789633671683734500,45.35573461914063,-36.512559652245045,-11.128532225000855,-9.947367799723148
2026-09-17T08:27:51.693693,1789633671693693400,45.365693359375,-36.08926526634693,-10.398927326118946,-8.283774078011513
2026-09-17T08:27:51.703653,1789633671703653400,45.3756533203125,-32.127703230309486,-4.5575610130280255,-4.918664023429155
2026-09-17T08:27:51.713612,1789633671713612300,45.3856123046875,-14.703573316264151,7.869395989018678,1.4663666837811469
2026-09-17T08:27:51.723571,1789633671723571500,45.395571533203125,15.454757594269513,-0.0997509985625743,0.5965138677101582
2026-09-17T08:27:51.733530,1789633671733530600,45.40553051757813,13.750697422134875,5.671711757218837,-1.4330419218063353
2026-09-17T08:27:51.743490,1789633671743490600,45.41549047851562,1.4649761062055826,0.9291326149702072,-4.141127160549163
2026-09-17T08:27:51.753449,1789633671753449500,45.425449462890626,-3.76384283067584,7.592772173768282,-6.329740781664848
2026-09-17T08:27:51.763408,1789633671763408400,45.43540844726562,-7.799862434065341,10.301167209112643,-8.007615542185306
2026-09-17T08:27:51.773367,1789633671773367300,45.4453671875,-12.331341495853662,6.976217315483093,-0.8614847276329993
2026-09-17T08:27:51.783327,1789633671783327200,45.4553271484375,-13.235706749314067,5.078658186030387,1.9083517416238784
2026-09-17T08:27:51.793286,1789633671793286400,45.46528637695312,-7.367844643485546,7.44185914324522,-0.1680803653579205
2026-09-17T08:27:51.803245,1789633671803245300,45.47524536132813,-4.466247880204022,7.361437699052691,-0.9278525120317936
2026-09-17T08:27:51.813204,1789633671813204500,45.48520458984375,-1.4250925702370705,0.5931091007679701,-2.8832348848998546
2026-09-17T08:27:51.823164,1789633671823164400,45.495164306640625,2.1391551782026887,-0.7256500237762927,-4.547624725425243
2026-09-17T08:27:51.833123,1789633671833123300,45.50512329101562,0.7437683026604354,-0.3097662063956261,-2.9009762932956216
2026-09-17T08:27:51.843082,1789633671843082500,45.51508251953125,-1.331113433074206,0.444984824180603,0.5541793583929538
2026-09-17T08:27:51.853041,1789633671853041400,45.52504150390625,-0.5919709270508959,0.1927250503361225,2.5021488246560097
2026-09-17T08:27:51.863001,1789633671863001300,45.53500146484375,0.1113894230412785,-0.8183867596626281,2.248047806859016
2026-09-17T08:27:51.872960,1789633671872960300,45.54496020507813,0.3629679274901747,-0.9278718012541533,0.4744178394138812
2026-09-17T08:27:51.882919,1789633671882919400,45.55491943359375,-0.0992282167974859,-0.4618254843443632,-0.2274175752664916
2026-09-17T08:27:51.892878,1789633671892878600,45.56487866210937,-0.2707593436637893,0.0586626168489456,0.0028337347217369
2026-09-17T08:27:51.902838,1789633671902838500,45.57483862304687,-0.1082077333983965,0.2665881589263677,0.0872632729113102
2026-09-17T08:27:51.912797,1789633671912797400,45.58479736328125,-0.1798302599876187,0.4323398621410131,-0.2492097386240959
2026-09-17T08:27:51.922756,1789633671922756400,45.59475634765625,-0.1289428985163569,0.5065753111749887,-0.6064344462871551
2026-09-17T08:27:51.932715,1789633671932715500,45.60471557617188,-0.0531289846519008,0.2351262682139873,-0.5199895040214061
2026-09-17T08:27:51.942675,1789633671942675500,45.61467553710938,-0.198406931897439,0.1746691691637039,-0.1279354750394821
2026-09-17T08:27:51.952634,1789633671952634400,45.62463427734375,-0.2453046940095722,0.0803513015657663,0.1696001953363418
2026-09-17T08:27:51.962593,1789633671962593300,45.63459326171875,-0.175254567836225,0.0248147077828645,0.224181095829606
2026-09-17T08:27:51.972552,1789633671972552400,45.644552490234375,-0.0350757338279858,0.0596264934450387,0.1032283192843198
2026-09-17T08:27:51.982512,1789633671982512400,45.654512451171875,0.1010428284713998,0.0344803617507219,0.0764291505528148
2026-09-17T08:27:51.992471,1789633671992471600,45.66447143554687,0.1462609669335186,-0.0965361281692981,0.2360468901902437
2026-09-17T08:27:52.002430,1789633672002430500,45.67443041992187,0.1509334522565826,-0.3340776408314704,0.5403671061396599
2026-09-17T08:27:52.012389,1789633672012389400,45.68438940429687,0.2065877176024019,-0.2754430810332298,0.6516203264474868
2026-09-17T08:27:52.022349,1789633672022349300,45.69434936523437,-0.1747331743106246,-0.0122013099253177,0.4272264646500349
2026-09-17T08:27:52.032308,1789633672032308200,45.70430810546875,-0.467318236541748,0.2219663423895835,0.094829908773303
2026-09-17T08:27:52.042267,1789633672042267400,45.714267333984374,0.0427723892778158,0.1097147586941719,-0.0560871768703684
2026-09-17T08:27:52.052226,1789633672052226300,45.72422631835938,0.2774385656993836,0.2035521492987871,-0.0201536937018856
2026-09-17T08:27:52.062185,1789633672062185500,45.734185546875,0.1895698011755943,0.2186363211840391,0.1180846006978303
2026-09-17T08:27:52.072145,1789633672072145400,45.7441455078125,0.1334264006059616,0.2077308962881565,0.202414669701457
2026-09-17T08:27:52.082104,1789633672082104300,45.75410424804687,0.3294950622815638,-0.0054851534128189,0.4650421083033084
2026-09-17T08:27:52.092063,1789633672092063500,45.7640634765625,0.3160995010703802,-0.1177940202534198,0.7342723061710595
2026-09-17T08:27:52.102022,1789633672102022400,45.7740224609375,-0.1314989396747201,0.2245084280878305,0.4155459637284278
2026-09-17T08:27:52.111982,1789633672111982300,45.783982421875,-0.2208695601288229,0.5062561622232199,-0.2571341018825769
2026-09-17T08:27:52.121941,1789633672121941200,45.79394116210938,-0.035732553768903,0.4061111959069967,-0.4946644355636089
2026-09-17T08:27:52.131900,1789633672131900400,45.803900390625,0.0356021323222666,0.5449497577548027,-0.3018154665868729
2026-09-17T08:27:52.141859,1789633672141859600,45.81385961914062,0.1241173049908131,0.5680073927372694,-0.085419106349349
2026-09-17T08:27:52.151819,1789633672151819500,45.82381958007812,0.1107966356467455,0.3181219468086957,0.1010199955850839
2026-09-17T08:27:52.161778,1789633672161778400,45.8337783203125,0.0685689477048814,0.2976169189184904,0.1045493387550115
2026-09-17T08:27:52.171737,1789633672171737300,45.8437373046875,-0.020510800043866,0.5424252077132463,-0.0755634827673435
2026-09-17T08:27:52.181696,1789633672181696500,45.85369653320313,-0.0366325713485479,0.6037012219309806,-0.345225642311573
2026-09-17T08:27:52.191656,1789633672191656400,45.86365649414063,-0.1779093931939452,0.3835281926989555,-0.3503494881313294
2026-09-17T08:27:52.201615,1789633672201615400,45.873615478515624,-0.2369377746153622,0.6106470955461263,-0.214805291653797
2026-09-17T08:27:52.211574,1789633672211574300,45.88357421875,0.166653035968542,0.7378267837822436,-0.2698309402398764
2026-09-17T08:27:52.221533,1789633672221533400,45.893533447265625,-0.0413785968318581,0.9368442122608422,-0.5941471385788172
2026-09-17T08:27:52.231493,1789633672231493400,45.903493408203126,-0.0061596916735172,1.191518646031618,-0.9968582437187432
2026-09-17T08:27:52.241452,1789633672241452500,45.91345263671875,0.3778194596633314,1.5876619901537894,-1.113335263089463
2026-09-17T08:27:52.251411,1789633672251411500,45.923411376953126,0.5779670612156391,1.6693027470082045,-1.0344232736118135
2026-09-17T08:27:52.261370,1789633672261370400,45.93337036132812,0.6504806548930704,1.6724381224244833,-0.6395242304623127
2026-09-17T08:27:52.271330,1789633672271330300,45.94333032226562,0.827763221425563,1.727305438643694,-0.4222293870151042
2026-09-17T08:27:52.281289,1789633672281289200,45.95328930664063,0.8581191967226565,1.9196762687146665,-0.530472904112935
2026-09-17T08:27:52.291248,1789633672291248400,45.963248291015624,0.8309815989501774,1.8009569503098726,-0.8116361163586377
2026-09-17T08:27:52.301207,1789633672301207600,45.97320751953125,1.067400391192734,2.0898300062805415,-0.5918143847823143
2026-09-17T08:27:52.311167,1789633672311167000,45.9831669921875,1.683630255307257,2.295701538437605,-0.1256996788114309
2026-09-17T08:27:52.321126,1789633672321126000,45.9931259765625,2.0308432720437644,2.568369309538603,-0.1450263105720281
2026-09-17T08:27:52.331085,1789633672331085000,46.0030849609375,2.3521160840988156,3.3984693033486604,-0.6848924814522266
2026-09-17T08:27:52.341044,1789633672341044000,46.0130439453125,2.866997159065306,4.811279168987274,-1.6519295874029396
2026-09-17T08:27:52.351004,1789633672351004200,46.023004150390626,3.984593367534876,6.086220194593071,-1.4006705150336027
2026-09-17T08:27:52.360963,1789633672360963000,46.03296313476562,5.508486942133307,5.645020734170079,0.2615413969308138
2026-09-17T08:27:52.370922,1789633672370922000,46.042921875,6.605085663020611,6.508739504465461,-0.1313245329558849
2026-09-17T08:27:52.380881,1789633672380881200,46.052881103515624,8.180593689522146,7.685125463294982,-1.018673331294209
2026-09-17T08:27:52.390841,1789633672390841000,46.06284106445312,9.400558677837251,8.4203522937119,0.0632546208143234
2026-09-17T08:27:52.400800,1789633672400800000,46.07280004882813,8.765912867066264,8.55039847729504,3.741097914904356
2026-09-17T08:27:52.410759,1789633672410759000,46.082759033203125,5.413315672576427,8.794222431227563,6.767438371446728
2026-09-17T08:27:52.420718,1789633672420718000,46.09271801757812,0.4558031553149223,9.778557877981662,5.888567624726891
2026-09-17T08:27:52.430678,1789633672430678000,46.10267797851562,-4.027427131611108,14.556364985477924,2.9459271956562993
2026-09-17T08:27:52.440637,1789633672440637200,46.11263720703125,-2.6402766078859568,16.584085449326036,1.0629618242233991
2026-09-17T08:27:52.450596,1789633672450596000,46.12259619140625,-0.0469751016646623,15.463627129423616,0.6356266385018825
2026-09-17T08:27:52.460555,1789633672460555000,46.13255493164063,6.075994568654894,13.70986623005271,2.018041512007266
2026-09-17T08:27:52.470515,1789633672470515000,46.14251489257813,10.51492335703969,14.538179340445994,4.022978627769649
2026-09-17T08:27:52.480474,1789633672480474000,46.15247412109375,10.425993027698992,13.473556889533995,3.5508494838148352
2026-09-17T08:27:52.490433,1789633672490433000,46.16243310546875,15.725793380254506,9.661633626300096,2.871559060153365
2026-09-17T08:27:52.500392,1789633672500392000,46.172391845703125,12.246942380201816,7.137089429962635,1.6873196113444864
2026-09-17T08:27:52.510352,1789633672510352100,46.18235205078125,3.2679502415567634,11.031540169757603,4.605829077112674
2026-09-17T08:27:52.520311,1789633672520311000,46.19231103515625,5.230888728892803,7.407630710428953,4.5370977784529325
2026-09-17T08:27:52.530270,1789633672530270200,46.20227026367188,9.37525297166705,1.5650202424958348,3.995947705242038
2026-09-17T08:27:52.540229,1789633672540229000,46.21222900390625,11.616893249571325,0.992442473103106,4.774244446578622
2026-09-17T08:27:52.550189,1789633672550189000,46.22218896484375,11.582452050787207,0.5436524114206432,4.521136239211261
2026-09-17T08:27:52.560148,1789633672560148000,46.23214794921875,12.480561750984192,0.3586833820387721,3.9137259336292742
2026-09-17T08:27:52.570107,1789633672570107000,46.24210693359375,13.27835580447316,0.9632339142754672,3.747745974616706
2026-09-17T08:27:52.580066,1789633672580066000,46.25206616210937,13.070140924060343,1.4585720843821763,3.927467458733916
2026-09-17T08:27:52.590026,1789633672590026200,46.26202612304687,12.060514968705176,1.451299170769751,4.03118180796951
2026-09-17T08:27:52.599985,1789633672599985200,46.27198510742188,11.060496215128898,1.0962757725432517,4.152420707979798
2026-09-17T08:27:52.609944,1789633672609944000,46.28194409179687,10.30949313890934,1.0972063313916325,4.243396571673452
2026-09-17T08:27:52.619903,1789633672619903000,46.29190307617188,9.359628701555728,1.176656592464447,4.200962620569765
2026-09-17T08:27:52.629863,1789633672629863000,46.30186279296875,8.23038209504187,1.0177426263153553,3.98794209344089
2026-09-17T08:27:52.639822,1789633672639822000,46.311822021484375,7.186890110442042,1.0163754296153784,3.795357912880182
2026-09-17T08:27:52.649781,1789633672649781000,46.32178100585938,6.105194359654188,1.4421581251978874,3.615616262757778
2026-09-17T08:27:52.659740,1789633672659740000,46.331739990234375,5.23740439439714,2.1278794586896894,3.374202877098322
2026-09-17T08:27:52.669700,1789633672669700000,46.3417001953125,4.897217330774665,2.295888585442305,3.134228584331274
2026-09-17T08:27:52.679659,1789633672679659000,46.35165893554687,4.70499964543879,2.192711119562387,2.798633524674177
2026-09-17T08:27:52.689618,1789633672689618200,46.3616181640625,4.17442386547327,2.616730312603712,2.4087258600711823
2026-09-17T08:27:52.699577,1789633672699577000,46.3715771484375,3.3154403070062397,3.1564258030921217,2.0082903717130423
2026-09-17T08:27:52.709537,1789633672709537000,46.381537109375,2.3580787918955086,3.4759120239913464,1.529543563184142
2026-09-17T08:27:52.719496,1789633672719496000,46.39149584960938,1.4452245270311832,3.884182443758845,1.4283324289411303
2026-09-17T08:27:52.729455,1789633672729455000,46.401455078125,0.218379131552577,4.2728257875144475,1.2837113381691276
2026-09-17T08:27:52.739414,1789633672739414000,46.4114140625,-0.7523124052524566,4.6697167351335285,1.046561455173045
2026-09-17T08:27:52.749374,1789633672749374200,46.42137426757812,-1.3481255042821167,5.0419069567382335,0.6770065505079925
2026-09-17T08:27:52.759333,1789633672759333000,46.4313330078125,-1.6867117085792125,6.217020995935798,0.1934030957281589
2026-09-17T08:27:52.769292,1789633672769292000,46.4412919921875,-2.0841523990355433,8.304080368459225,-0.3059656450688838
2026-09-17T08:27:52.779251,1789633672779251200,46.45125122070313,-2.513219084724784,10.250178195631504,-0.4646200104337185
2026-09-17T08:27:52.789211,1789633672789211100,46.46121118164063,-4.296156978741288,10.938920338249206,-0.692900504406169
2026-09-17T08:27:52.799170,1789633672799170000,46.471170166015625,-6.0800529041349884,11.00174241286516,-0.6788636496167629
2026-09-17T08:27:52.809129,1789633672809129000,46.48112890625,-7.739920298799872,10.808923839026688,-0.6018558132600039
2026-09-17T08:27:52.819088,1789633672819088000,46.491087890625,-9.356019863408804,10.513806920230389,-0.595649432900548
2026-09-17T08:27:52.829048,1789633672829048000,46.501048095703126,-11.479255880206823,10.432205326342585,-0.7747270661562681
2026-09-17T08:27:52.839007,1789633672839007200,46.51100732421875,-13.653245932686328,10.23007999497652,-1.526367855757475
2026-09-17T08:27:52.848966,1789633672848966100,46.52096606445313,-14.952017331212758,10.635943938124178,-2.510214057689905
2026-09-17T08:27:52.858925,1789633672858925000,46.53092504882813,-16.1754602247715,8.995993542328476,-4.367210875129699
2026-09-17T08:27:52.868885,1789633672868885000,46.540885009765624,-17.15057834584713,7.079613392549753,-5.94535918700695
2026-09-17T08:27:52.878844,1789633672878844000,46.55084399414063,-19.40243606638312,4.706375609967112,-7.037873853451013
2026-09-17T08:27:52.888803,1789633672888803000,46.560802978515625,-22.582138115644455,1.7400795800209043,-7.291137835901975
2026-09-17T08:27:52.898762,1789633672898762000,46.57076196289062,-25.930864021658895,-1.569046721532941,-7.595664388078451
2026-09-17T08:27:52.908721,1789633672908721000,46.580720947265625,-28.330331054997444,-3.774988494068384,-8.58958307121396
2026-09-17T08:27:52.918681,1789633672918681000,46.59068115234375,-30.01611088955402,-4.614321011126041,-9.726218034413456
2026-09-17T08:27:52.928640,1789633672928640000,46.60063989257812,-31.236894208514688,-5.60872543195188,-9.637197104179858
2026-09-17T08:27:52.938599,1789633672938599200,46.61059912109375,-31.22742729198933,-6.2812044220328325,-8.50996534461975
2026-09-17T08:27:52.948559,1789633672948559000,46.62055908203125,-29.52560116251707,-6.214613350272178,-7.578533220535516
2026-09-17T08:27:52.958518,1789633672958518000,46.63051806640625,-14.795323379200696,1.091789274778962,-1.190528465950489
2026-09-17T08:27:52.968477,1789633672968477000,46.64047680664063,16.146782411819697,8.700844474828243,5.567512547075748
2026-09-17T08:27:52.978436,1789633672978436000,46.65043603515625,21.9458977291584,-1.2134820560365915,-0.1556301221728324
2026-09-17T08:27:52.988396,1789633672988396000,46.66039599609375,7.627672806757688,2.6371879942208527,-5.982755728465318
2026-09-17T08:27:52.998355,1789633672998355200,46.670355224609374,0.5951495205543935,5.930716329148411,-9.98835798175931
2026-09-17T08:27:53.008314,1789633673008314000,46.68031420898438,-6.618034576442837,10.526826560801268,-12.213406021302935
2026-09-17T08:27:53.018273,1789633673018273000,46.69027294921875,-11.764276936924457,10.277328068363666,-5.341742136228084
2026-09-17T08:27:53.028232,1789633673028232200,46.70023217773438,-17.565066324955225,5.1539276542872186,2.876851905864477
2026-09-17T08:27:53.038192,1789633673038192000,46.71019213867187,-12.190585117685794,6.180180334794521,-0.0982394249558448
2026-09-17T08:27:53.048151,1789633673048151000,46.720151123046875,-3.4469533482715486,9.45039209154248,0.6259411107897758
2026-09-17T08:27:53.058110,1789633673058110000,46.73010986328125,-2.105379457589984,2.217341118428111,-0.0487070217574946
2026-09-17T08:27:53.068068,1789633673068068900,46.74006884765625,0.2833266556235961,0.1077180319190025,-5.157921692359447
2026-09-17T08:27:53.078029,1789633673078029000,46.75002905273438,0.9458351087722928,0.2296960598587989,-5.367717119961977
2026-09-17T08:27:53.087988,1789633673087988200,46.75998828125,-1.0466543210882693,0.3001163345187902,-1.521512816941738
2026-09-17T08:27:53.097947,1789633673097947100,46.76994702148438,-0.796772090030089,1.032715154519677,1.473487329441309
2026-09-17T08:27:53.107906,1789633673107906000,46.779906005859374,0.0402422040799166,-0.1214969664245843,2.2932757725954054
2026-09-17T08:27:53.117866,1789633673117866000,46.789865966796874,0.3157256262566894,-0.919175869101286,0.8892015865981578
2026-09-17T08:27:53.127825,1789633673127825000,46.79982495117188,0.0577744358375668,-0.520935260438919,-0.235166015702486
2026-09-17T08:27:53.137784,1789633673137784000,46.8097841796875,-0.0495472902402281,-0.0408884752273559,-0.1537526195968501
2026-09-17T08:27:53.147743,1789633673147743000,46.81974291992187,0.0763343027430586,0.1109773259758949,0.1233083997607231
2026-09-17T08:27:53.157703,1789633673157703200,46.829703125,0.0611502689462155,-0.1116536178022623,0.1719067369793541
2026-09-17T08:27:53.167662,1789633673167662000,46.839662109375,-0.0957376530016772,0.0178892924338579,0.0079471596121788
2026-09-17T08:27:53.177621,1789633673177621200,46.849621337890625,-0.1848496955848299,0.1425315711468458,-0.0967301894366741
2026-09-17T08:27:53.187580,1789633673187580200,46.859580078125,-0.0731147013757377,0.0384416665971279,-0.030149639070034
2026-09-17T08:27:53.197540,1789633673197540000,46.8695400390625,-0.0324593042518943,0.1099514900594949,-0.0376478858709335
2026-09-17T08:27:53.207499,1789633673207499000,46.8794990234375,0.0069690718276426,0.0069160629987716,0.0577121933894697
2026-09-17T08:27:53.217458,1789633673217458000,46.8894580078125,0.0943261970348656,-0.1715858161956071,0.3151940766632556
2026-09-17T08:27:53.227417,1789633673227417000,46.8994169921875,0.033623343062587,-0.259916426077485,0.5718471170306205
2026-09-17T08:27:53.237377,1789633673237377300,46.90937719726563,-0.0839291235199198,-0.1431511643499136,0.546739563781023
2026-09-17T08:27:53.247336,1789633673247336200,46.919336181640624,-0.096863606557995,-0.0561374822854995,0.3347124316036701
2026-09-17T08:27:53.257295,1789633673257295000,46.92929516601563,-0.0870964284444227,0.1109790795415639,0.1358352883785963
2026-09-17T08:27:53.267254,1789633673267254000,46.93925390625,-0.1562870517116039,0.1693541116207838,0.0039507925855461
2026-09-17T08:27:53.277214,1789633673277214000,46.9492138671875,0.0973514631401747,0.2168044295817613,-0.0869435394376516
2026-09-17T08:27:53.287173,1789633673287173000,46.95917309570312,0.0488192682266235,0.2999941694438457,-0.168549809500575
2026-09-17T08:27:53.297132,1789633673297132000,46.969132080078126,-0.094203301307559,0.2171019512236118,-0.0484381782208569
2026-09-17T08:27:53.307091,1789633673307091700,46.979091796875,0.062069210422039,0.1879132661402225,0.0478963081628084
2026-09-17T08:27:53.317052,1789633673317052000,46.98905200195313,0.0332261239059269,0.2125011794298887,0.1211082776342518
2026-09-17T08:27:53.327010,1789633673327010800,46.9990107421875,-0.0969318494886159,0.2141314109802246,0.0791962863117456
2026-09-17T08:27:53.336969,1789633673336969700,47.0089697265625,-0.0768835523899644,0.1827694735109806,0.0323357509374618
2026-09-17T08:27:53.346929,1789633673346929000,47.01892895507813,0.0174986856810748,0.1736708057761192,0.1402075121134519
2026-09-17T08:27:53.356888,1789633673356888800,47.028888916015624,0.1760628885444253,0.0174514855384826,0.362648486277461
2026-09-17T08:27:53.366847,1789633673366847700,47.03884765625,0.2576752960871905,0.2157663187056779,0.412701022626087
2026-09-17T08:27:53.376806,1789633673376806700,47.048806640625,0.0972136621046811,0.2854968575358391,0.214766822806932
2026-09-17T08:27:53.386765,1789633673386765800,47.05876586914062,-0.1058919124703854,0.2477513565093278,-0.0502063386708497
2026-09-17T08:27:53.396726,1789633673396726000,47.06872607421875,-0.0952438964016735,0.3435363740503788,-0.1775700782369822
2026-09-17T08:27:53.406685,1789633673406685000,47.078684814453126,-0.0245300456225872,0.2906979333102703,-0.0877664731930941
2026-09-17T08:27:53.416643,1789633673416643800,47.08864379882812,0.1476645501211285,0.2028168207615613,0.22696407761164
2026-09-17T08:27:53.426602,1789633673426602800,47.09860278320313,0.0660500236865133,0.2477110244989395,0.2929424973666668
2026-09-17T08:27:53.436562,1789633673436562700,47.10856274414063,-0.2192913510266691,0.5445365007787942,-0.246219909158349
2026-09-17T08:27:53.446521,1789633673446521900,47.11852197265625,-0.2693724558826535,0.6244388895332813,-0.6196867265701294
2026-09-17T08:27:53.456480,1789633673456480800,47.12848071289063,-0.0368021557617932,0.6802285812944173,-0.6546884087812155
2026-09-17T08:27:53.466439,1789633673466439700,47.138439697265625,0.0528222202576696,0.7907482266306877,-0.4613677306395023
2026-09-17T08:27:53.476399,1789633673476399900,47.14839990234375,0.1980595432318747,0.7163643090367317,-0.2251730294764042
2026-09-17T08:27:53.486358,1789633673486358800,47.15835888671875,0.1693485586628317,0.6195943721115589,-0.2244054791700094
2026-09-17T08:27:53.496318,1789633673496318000,47.16831787109375,0.1004709834001958,0.7450193256348371,-0.4006943584900349
2026-09-17T08:27:53.506276,1789633673506276900,47.17827685546875,0.2166526000209152,0.9324193815559148,-0.5829167925775051
2026-09-17T08:27:53.516236,1789633673516236800,47.18823681640625,0.4286832393296063,1.042346321696043,-0.5099567703068256
2026-09-17T08:27:53.526195,1789633673526195700,47.19819580078125,0.6115247551634907,1.1586416278243064,-0.1884392627757042
2026-09-17T08:27:53.536154,1789633673536154600,47.208154541015624,0.6449030008912086,1.1968904021978377,-0.157929119830206
2026-09-17T08:27:53.546113,1789633673546113800,47.21811376953125,0.4808477263309061,1.3091150978863235,-0.548645689663291
2026-09-17T08:27:53.556074,1789633673556074000,47.22807397460937,0.6764324038818478,1.6120535040885209,-0.6883599383670836
2026-09-17T08:27:53.566033,1789633673566033000,47.23803295898438,0.9303361455410718,1.594494466522336,-0.7004745929222553
2026-09-17T08:27:53.575991,1789633673575991800,47.24799169921875,1.1066010594636202,1.8896230757564303,-0.2048280144535005
2026-09-17T08:27:53.585951,1789633673585951000,47.25795092773438,1.520197934950888,2.1249837372481823,0.0189847595203667
2026-09-17T08:27:53.595911,1789633673595911000,47.26791088867188,1.7745970589116216,2.8205601098001,-0.5709346052955836
2026-09-17T08:27:53.605869,1789633673605869800,47.277869873046875,2.1377473572313783,4.05737569515109,-1.511952961435914
2026-09-17T08:27:53.615828,1789633673615828700,47.28782885742187,3.059617579983174,4.312381552833318,-1.0653571949273348
2026-09-17T08:27:53.625787,1789633673625787600,47.29778759765625,3.935565717254579,4.216375586017966,0.3620353228151798
2026-09-17T08:27:53.635746,1789633673635746800,47.30774682617187,4.535838718302547,5.802523079955577,-0.1853998950798064
2026-09-17T08:27:53.645707,1789633673645707000,47.31770703125,5.429361382970214,6.286708864668011,-1.3832272128015757
2026-09-17T08:27:53.655666,1789633673655666000,47.327666015625,6.805767225319147,6.417612541863322,-1.0979355224490166
2026-09-17T08:27:53.665624,1789633673665624800,47.33762475585937,8.056867356610297,6.76165452734828,0.2081184343010187
2026-09-17T08:27:53.675584,1789633673675584800,47.347584716796874,8.289731525111199,7.366186939406394,1.6519307564467192
2026-09-17T08:27:53.685543,1789633673685543700,47.35754370117188,6.1742889386683695,7.074845447495579,3.9475510463416574
2026-09-17T08:27:53.695502,1789633673695502800,47.3675029296875,2.249620755264163,8.244436923879384,5.3340673638165
2026-09-17T08:27:53.705461,1789633673705461800,47.37746166992188,-1.466103648930788,13.63276428567171,3.1379385447651145
2026-09-17T08:27:53.715422,1789633673715422000,47.387421875,-4.197127280190587,15.792539934837816,0.676579411137104
2026-09-17T08:27:53.725380,1789633673725380900,47.397380859375,-0.2402987024158239,14.228257651227713,-0.7940064247090369
2026-09-17T08:27:53.735339,1789633673735339800,47.40733984375,3.612561551362276,14.333826980680229,0.1972778913348913
2026-09-17T08:27:53.745299,1789633673745299000,47.417298828125,7.687490438860654,12.6493307561934,2.382390810853243
2026-09-17T08:27:53.755259,1789633673755259000,47.4272587890625,10.771703823179006,14.339537759542464,3.07166486839056
2026-09-17T08:27:53.765217,1789633673765217800,47.4372177734375,11.268733307373523,11.769444110429289,2.550415719696879
2026-09-17T08:27:53.775176,1789633673775176700,47.4471767578125,16.1785207813859,6.66767509792447,2.021595258966088
2026-09-17T08:27:53.785135,1789633673785135900,47.457135986328126,11.443498338127135,7.4904399265408514,1.7141770770013331
2026-09-17T08:27:53.795095,1789633673795095800,47.467095703125,5.766123148319124,11.273199054610728,3.8968046094447377
2026-09-17T08:27:53.805055,1789633673805055000,47.47705493164062,9.056272946724295,5.792444753533601,2.756936071151495
2026-09-17T08:27:53.815014,1789633673815014000,47.48701391601563,11.676314575833082,2.459114861832559,3.143137282451987
2026-09-17T08:27:53.824972,1789633673824972800,47.496972900390624,11.351309883773329,2.958003417897224,3.2124265072554348
2026-09-17T08:27:53.834932,1789633673834932700,47.5069326171875,11.358887625551224,2.997247340787947,2.8344650087729093
2026-09-17T08:27:53.844892,1789633673844892000,47.51689184570313,12.104853292125462,2.3646812589004633,2.785779888319969
2026-09-17T08:27:53.854850,1789633673854850800,47.526850830078125,12.11931202558875,1.9964955967620015,3.0798101809233427
2026-09-17T08:27:53.864809,1789633673864809700,47.53680981445312,11.692607538986206,1.787249911996722,3.274735956174135
2026-09-17T08:27:53.874769,1789633673874769700,47.54676977539062,11.482407622236012,1.4678691972985862,3.3502395254477855
2026-09-17T08:27:53.884728,1789633673884728800,47.556728759765626,11.107739612340929,1.0221867462426424,3.2703990960136053
2026-09-17T08:27:53.894688,1789633673894688000,47.56668798828125,10.381528447550536,0.8020037801384925,3.1596412580072877
2026-09-17T08:27:53.904647,1789633673904647000,47.57664697265625,9.66824515339434,0.8913274927109479,2.8983687411457297
2026-09-17T08:27:53.914606,1789633673914606800,47.58660693359375,9.113084967270494,1.1087941855937242,2.6544670458018778
2026-09-17T08:27:53.924565,1789633673924565800,47.59656567382813,8.311762739655375,1.7205553798615931,2.4469490616120395
2026-09-17T08:27:53.934524,1789633673934524700,47.60652465820313,7.219286651656031,2.3395944561779496,2.2692355563163757
2026-09-17T08:27:53.944483,1789633673944483800,47.61648388671875,6.4123161890208715,2.45028185929656,2.1991223017789423
2026-09-17T08:27:53.954443,1789633673954443800,47.62644384765625,5.777020389908552,2.327357490417361,2.1048646399356423
2026-09-17T08:27:53.964403,1789633673964403000,47.63640283203125,5.398254297044873,2.3320886105924843,1.9770327714011071
2026-09-17T08:27:53.974361,1789633673974361900,47.64636181640625,4.949598675397038,2.6241028871983287,1.64771883784011
2026-09-17T08:27:53.984320,1789633673984320800,47.65632080078125,4.309307844476401,3.435450834265351,1.3971528623014688
2026-09-17T08:27:53.994280,1789633673994280700,47.66628076171875,3.41405061110109,4.209976824891567,1.0093458232395351
2026-09-17T08:27:54.004240,1789633674004240000,47.67623999023437,2.221542954032123,4.8436920768141745,0.731303373362869
2026-09-17T08:27:54.014198,1789633674014198800,47.68619873046875,1.0586851698175073,5.776181600996852,0.4099877450793981
2026-09-17T08:27:54.024157,1789633674024157700,47.69615771484375,-0.0052870004922151,7.064613391816616,-0.1153868129812181
2026-09-17T08:27:54.034117,1789633674034117600,47.70611767578125,-0.4476959828354418,8.735778425565362,-0.6856761791758239
2026-09-17T08:27:54.044076,1789633674044076800,47.71607690429688,-1.5938048768229782,10.385912361723184,-0.959373366389796
2026-09-17T08:27:54.054036,1789633674054036000,47.72603588867187,-3.201221514891088,11.83618715788126,-1.261558981463313
2026-09-17T08:27:54.063995,1789633674063995000,47.73599487304688,-5.549238639238476,13.024360000616312,-1.788229570683837
2026-09-17T08:27:54.073954,1789633674073954800,47.74595483398438,-8.376987783759832,13.898281015974282,-2.24936531919837
2026-09-17T08:27:54.083913,1789633674083913700,47.755913818359375,-11.725415583610534,14.371657237380742,-2.529977327302098
2026-09-17T08:27:54.093873,1789633674093873000,47.76587280273438,-15.112286219102144,14.179392790293694,-2.864890249913931
2026-09-17T08:27:54.103831,1789633674103831800,47.775831787109375,-18.603142129725217,14.527263978677988,-3.3147570009171963
2026-09-17T08:27:54.113790,1789633674113790700,47.78579077148437,-23.451785106945035,13.576862950229645,-5.312191047573089
2026-09-17T08:27:54.123750,1789633674123750700,47.79575073242187,-28.241586603617662,11.02054063683748,-8.429627487057447
2026-09-17T08:27:54.133709,1789633674133709800,47.80570971679688,-32.45787626491785,7.56877287402153,-10.319985306829214
2026-09-17T08:27:54.143669,1789633674143669000,47.8156689453125,-36.47584700139761,0.1302232937157154,-11.141141531205175
2026-09-17T08:27:54.153629,1789633674153629000,47.82562890625,-39.22660935235023,-7.165517652067542,-11.231993768519162
2026-09-17T08:27:54.163587,1789633674163587800,47.835587890625,-41.831421263623234,-11.268718109804391,-11.89357200987935
2026-09-17T08:27:54.173546,1789633674173546800,47.845546630859374,-43.20349989042282,-11.731038684189318,-11.976872224378583
2026-09-17T08:27:54.183505,1789633674183505700,47.85550561523438,-39.6319402115345,-9.16361630011201,-10.548141736030578
2026-09-17T08:27:54.193465,1789633674193465600,47.86546557617187,-13.4718734664917,5.016293792054057,0.1963958478033542
2026-09-17T08:27:54.203424,1789633674203424800,47.8754248046875,28.431902254724505,9.523068036174774,7.602115171653032
2026-09-17T08:27:54.213384,1789633674213384000,47.88538403320312,21.696384039151667,2.470496964329481,0.6503381776824593
2026-09-17T08:27:54.223342,1789633674223342800,47.8953427734375,3.0803964563786983,-5.094909648129343,-4.834710313457251
2026-09-17T08:27:54.233302,1789633674233302800,47.905302734375,-0.6278634571544826,4.673734738603234,-8.240100940501689
2026-09-17T08:27:54.243261,1789633674243261700,47.91526171875,-7.4981415869593615,11.861405770289895,-9.335076444101333
2026-09-17T08:27:54.253220,1789633674253220900,47.92522094726562,-12.878096257203817,7.342536599227786,-2.139212169086933
2026-09-17T08:27:54.263179,1789633674263179800,47.9351796875,-16.09414855374098,7.80581462046802,-0.317905089187622
2026-09-17T08:27:54.273139,1789633674273139700,47.9451396484375,-10.038345124721529,8.843173801401257,-3.1085201425790783
2026-09-17T08:27:54.283098,1789633674283098600,47.9550986328125,-2.5458511882603165,6.548039833718538,-0.4147557266661897
2026-09-17T08:27:54.293057,1789633674293057800,47.96505786132813,-0.8061058086298406,0.9011848698586225,-1.841197190761566
2026-09-17T08:27:54.303017,1789633674303017000,47.97501684570312,0.9492841532476246,-0.0942313583582639,-4.190315846610069
2026-09-17T08:27:54.312977,1789633674312977200,47.98497705078125,0.7673673510432243,-0.1373433548539877,-2.965016511529684
2026-09-17T08:27:54.322936,1789633674322936000,47.99493603515625,-0.9580264087602496,0.2784720734655856,0.2526034727156162
2026-09-17T08:27:54.332895,1789633674332895000,48.00489501953125,-0.5539316672421991,0.168538703584671,1.93285489923954
2026-09-17T08:27:54.342854,1789633674342854100,48.01485424804687,-0.1880170187756419,-0.3612637539207935,1.6487316681444644
2026-09-17T08:27:54.352814,1789633674352814000,48.02481396484375,0.1342586136464029,-0.8751999492526054,0.443459222048521
2026-09-17T08:27:54.362773,1789633674362773000,48.03477294921875,0.1146666454805061,-0.2806605234205722,-0.329477453559637
2026-09-17T08:27:54.372732,1789633674372732000,48.04473193359375,-0.1630995812706649,0.2155044528990984,-0.2446376266692765
2026-09-17T08:27:54.382690,1789633674382690800,48.05469091796875,-0.0925972726167179,0.0564519550621509,0.1375263102054595
2026-09-17T08:27:54.392651,1789633674392651000,48.06465112304687,0.1054738697214052,-0.0055453591674566,0.2402454926575533
2026-09-17T08:27:54.402610,1789633674402610200,48.07461010742187,0.0307335947041399,0.0777472565472126,0.1668272417579777
2026-09-17T08:27:54.412569,1789633674412569000,48.08456909179687,-0.0154872179944999,-0.0749111563384532,0.2311035885691642
2026-09-17T08:27:54.422528,1789633674422528000,48.09452807617187,-0.0521770907545462,-0.2480821958988904,0.4936708214163779
2026-09-17T08:27:54.432488,1789633674432488000,48.10448803710938,-0.0809206989515572,-0.1563590209692716,0.6608148557722568
2026-09-17T08:27:54.442446,1789633674442446800,48.11444677734375,0.1604307273875921,-0.209154791611433,0.687517569258809
2026-09-17T08:27:54.452406,1789633674452406000,48.12440600585938,0.1698328715810552,0.0833522369474172,0.2367857258588075
2026-09-17T08:27:54.462365,1789633674462365000,48.134364990234374,-0.1170927035836502,0.2631646142184734,-0.0706552524596452
2026-09-17T08:27:54.472325,1789633674472325000,48.1443251953125,-0.1498089052060618,0.2642640998929739,-0.1885223379492759
2026-09-17T08:27:54.482284,1789633674482284000,48.15428393554687,0.1278286536641419,0.05186579631567,-0.0852794056177139
2026-09-17T08:27:54.492243,1789633674492243000,48.164242919921875,-0.1214533830111846,0.3335650151342153,-0.1204915887743234
2026-09-17T08:27:54.502202,1789633674502202000,48.1742021484375,-0.2988021831803024,0.4665203641623258,-0.2957990558415651
2026-09-17T08:27:54.512162,1789633674512162000,48.184162109375,-0.1697965216260403,0.4195855945080518,-0.4148276228586212
2026-09-17T08:27:54.522121,1789633674522121000,48.19412084960938,-0.238661894994229,0.4307353495538234,-0.4151022750815376
2026-09-17T08:27:54.532079,1789633674532079900,48.20407983398437,-0.0607050093967467,0.3219336140513419,-0.2163175228476524
2026-09-17T08:27:54.542039,1789633674542039000,48.2140390625,0.1121489270385354,0.1770037495911121,0.1474421395421028
2026-09-17T08:27:54.551999,1789633674551999000,48.2239990234375,0.0712787181202322,0.2721656667977571,0.2709984131166711
2026-09-17T08:27:54.561958,1789633674561958100,48.233958251953126,0.1032738389264792,0.4148550588548183,0.1341980425655841
2026-09-17T08:27:54.571917,1789633674571917000,48.2439169921875,0.1472024125020951,0.353297305086255,0.0497293688088655
2026-09-17T08:27:54.581876,1789633674581876000,48.2538759765625,0.1244711599297821,0.4648293423354625,0.1119727667540311
2026-09-17T08:27:54.591835,1789633674591835100,48.26383520507813,0.2961961654003709,0.3716998077392578,0.2023785024095326
2026-09-17T08:27:54.601795,1789633674601795000,48.273795166015624,0.1531857246953994,0.3806412390857934,0.1513433116991072
2026-09-17T08:27:54.611754,1789633674611754000,48.28375390625,-0.0646055970318615,0.4517810601919889,-0.1269288552802056
2026-09-17T08:27:54.621713,1789633674621713000,48.293712890625,-0.1053759988375008,0.6205109024345874,-0.3272171804774552
2026-09-17T08:27:54.631673,1789633674631673000,48.303673095703125,-0.1366309688009321,0.4772498479694128,-0.3983248528797179
2026-09-17T08:27:54.641632,1789633674641632000,48.31363208007812,-0.228423117313534,0.6646230158835649,-0.4025304148107766
2026-09-17T08:27:54.651591,1789633674651591200,48.323591064453126,-0.0302391439843922,0.7909229986757039,-0.3658298927925527
2026-09-17T08:27:54.661550,1789633674661550000,48.33355004882812,0.2653077637270092,0.7741191633909941,-0.1862128919631242
2026-09-17T08:27:54.671510,1789633674671510000,48.34351000976562,0.2094454451210796,0.7325181559801102,-0.1950035166621208
2026-09-17T08:27:54.681469,1789633674681469000,48.35346899414063,0.0489623299591243,0.711305856603384,-0.350626624572277
2026-09-17T08:27:54.691427,1789633674691427800,48.363427734375,0.1421051624283194,0.7087129175007343,-0.4133827943451702
2026-09-17T08:27:54.701387,1789633674701387000,48.37338696289063,0.2676660172909498,0.7538789239168167,-0.4408902483433485
2026-09-17T08:27:54.711347,1789633674711347200,48.38334716796875,0.3782932146549224,0.822394826260209,-0.2836883468091488
2026-09-17T08:27:54.721306,1789633674721306000,48.39330615234375,0.4127968111507594,0.8353378944635391,-0.1837900487303733
2026-09-17T08:27:54.731265,1789633674731265000,48.40326513671875,0.316782514898479,0.9087380617171524,-0.3690897713713347
2026-09-17T08:27:54.741224,1789633674741224000,48.413223876953126,0.3756483992345631,0.9948013111889362,-0.6787263600379229
2026-09-17T08:27:54.751183,1789633674751183000,48.42318310546875,0.4802990064069628,1.1453133596956728,-0.8565507052969187
2026-09-17T08:27:54.761143,1789633674761143000,48.43314306640625,0.5334592264473438,1.2255927650690075,-0.8749052040897309
2026-09-17T08:27:54.771102,1789633674771102000,48.44310205078125,0.776364604230225,1.2478338229715824,-0.6016529841642826
2026-09-17T08:27:54.781060,1789633674781060900,48.45306079101562,0.8286842817932367,1.2968962523043157,-0.5657452199589461
2026-09-17T08:27:54.791021,1789633674791021000,48.46302099609375,0.9926546545490622,1.8340677772730587,-0.5865951157640665
2026-09-17T08:27:54.800980,1789633674800980000,48.47297998046875,1.5000111792296171,1.8993530271321537,-0.0513858307790011
2026-09-17T08:27:54.810939,1789633674810939100,48.48293920898438,1.7901850886657833,2.2375953864276408,-0.0500800819426775
2026-09-17T08:27:54.820898,1789633674820898000,48.49289794921875,2.1684362177446483,3.303509046193957,-0.5659983910024166
2026-09-17T08:27:54.830858,1789633674830858000,48.50285791015625,3.0316628206089136,4.416174520263076,-0.3884720788419246
2026-09-17T08:27:54.840817,1789633674840817000,48.51281689453125,4.045289828298985,4.004396969157457,0.6877800195872783
2026-09-17T08:27:54.850776,1789633674850776000,48.522776123046874,4.532294469824433,4.45074314481914,0.5346032088506967
2026-09-17T08:27:54.860735,1789633674860735000,48.53273486328125,5.176330040231346,5.140540349447727,-0.3024075872611254
2026-09-17T08:27:54.870695,1789633674870695200,48.54269506835937,5.948359537866711,5.5541971384286875,-0.0409019192308187
2026-09-17T08:27:54.880654,1789633674880654000,48.552654052734376,6.684055739361047,6.138949914261699,1.4715496393769978
2026-09-17T08:27:54.890613,1789633674890613000,48.56261303710937,6.532358280462026,7.196244214242697,3.0116204417943955
2026-09-17T08:27:54.900572,1789633674900572200,48.572572265625,4.534427390199899,8.02114839297533,4.620939552482962
2026-09-17T08:27:54.910532,1789633674910532000,48.58253198242188,2.044580413234234,8.251136713778973,5.883260750490427
2026-09-17T08:27:54.920491,1789633674920491000,48.59249096679687,-2.9994881054520603,13.67866211349368,4.878811905512213
2026-09-17T08:27:54.930450,1789633674930450000,48.60244995117188,-3.556711069324612,15.9390141061306,2.7623692021161315
2026-09-17T08:27:54.940408,1789633674940408800,48.612408935546874,0.0034708909809589,15.438824696600436,1.9289415251880884
2026-09-17T08:27:54.950369,1789633674950369000,48.622369140625,2.592871298110485,14.960547843670843,0.7748283345736563
2026-09-17T08:27:54.960328,1789633674960328200,48.632328125,7.893419254162907,13.45342595565319,2.360213465836644
2026-09-17T08:27:54.970287,1789633674970287000,48.642287109375,9.024880614116787,12.966128760921954,4.0275539728611705
2026-09-17T08:27:54.980246,1789633674980246000,48.65224609375,11.39125026449561,10.236353083896637,3.3504040683597323
2026-09-17T08:27:54.990206,1789633674990206000,48.6622060546875,16.48053622752428,7.250531100225448,2.373758591586351
2026-09-17T08:27:55.000164,1789633675000164900,48.67216479492187,7.020041844162344,10.334515351963043,2.5804759269177913
2026-09-17T08:27:55.010124,1789633675010124000,48.6821240234375,4.9252282042503355,11.332677664017677,4.635954166263342
2026-09-17T08:27:55.020083,1789633675020083000,48.6920830078125,8.944014933288097,5.0708583259344095,3.7558857341915366
2026-09-17T08:27:55.030043,1789633675030043100,48.70204321289062,11.766685167109966,3.807859082534909,4.241156391531229
2026-09-17T08:27:55.040002,1789633675040002000,48.712001953125,11.574216137361526,4.005940983729064,4.203436901728809
2026-09-17T08:27:55.049961,1789633675049961200,48.72196118164062,11.865192303091288,3.237514186760783,3.9004368284672495
2026-09-17T08:27:55.059920,1789633675059920100,48.73192016601563,12.60080257986784,2.750182505238056,3.7113103871449824
2026-09-17T08:27:55.069880,1789633675069880000,48.74188012695313,12.50014791046381,2.6787626981467008,3.7936622148782018
2026-09-17T08:27:55.079839,1789633675079839000,48.7518388671875,11.76845042321682,2.6115093630850312,3.862233646801114
2026-09-17T08:27:55.089798,1789633675089798000,48.7617978515625,11.038293735671044,2.2871359546661374,3.935855932372808
2026-09-17T08:27:55.099757,1789633675099757000,48.771757080078125,10.35346905875802,1.991365832658112,4.078686194205284
2026-09-17T08:27:55.109717,1789633675109717000,48.781717041015625,9.523954755881428,1.594276439857483,4.175995937095582
2026-09-17T08:27:55.119676,1789633675119676200,48.79167626953125,8.797020537513493,1.4114876771241425,4.00196652714014
2026-09-17T08:27:55.129635,1789633675129635000,48.801635009765626,8.176033834260702,1.3383522982865572,3.8626647316947578
2026-09-17T08:27:55.139594,1789633675139594000,48.81159399414062,7.446788416340946,1.3221966977775097,3.641314767637849
2026-09-17T08:27:55.149554,1789633675149554000,48.82155395507812,6.698004769736528,1.4673913506537677,3.225958773523569
2026-09-17T08:27:55.159513,1789633675159513000,48.83151318359375,6.206708276236057,1.525442557606101,2.9170339863881467
2026-09-17T08:27:55.169472,1789633675169472000,48.84147192382813,5.9365773301362985,1.4785925436258316,2.8329034585446116
2026-09-17T08:27:55.179431,1789633675179431000,48.85143090820313,5.509468938907981,1.6586743854880333,2.515341483706236
2026-09-17T08:27:55.189390,1789633675189390800,48.86139086914063,4.626639809951186,2.148014484223723,2.0131001100823283
2026-09-17T08:27:55.199350,1789633675199350000,48.87135009765625,3.833036778411269,2.6906436900764703,1.6719453704714775
2026-09-17T08:27:55.209309,1789633675209309200,48.88130908203125,2.795964889986813,3.607041911157965,1.3746734655983746
2026-09-17T08:27:55.219268,1789633675219268000,48.89126806640625,1.4164733565822245,4.2209705125927925,1.0826831543900073
2026-09-17T08:27:55.229228,1789633675229228000,48.90122802734375,0.60474693159163,4.4275189210981125,0.9689660281866788
2026-09-17T08:27:55.239187,1789633675239187000,48.91118701171875,0.2161912661194801,4.88931868647933,0.7707593315690755
2026-09-17T08:27:55.249146,1789633675249146000,48.92114599609375,0.0002113046631217,6.088005908966064,0.2830231608986854
2026-09-17T08:27:55.259105,1789633675259105000,48.93110498046875,-0.1371281046681106,8.128078489387034,-0.1323280839752405
2026-09-17T08:27:55.269065,1789633675269065000,48.94106494140625,-1.4381151334173976,10.02765305031538,-0.2461543696414679
2026-09-17T08:27:55.279024,1789633675279024000,48.95102416992187,-3.26634309862107,11.149182214319705,-0.0879313083659857
2026-09-17T08:27:55.288983,1789633675288983000,48.96098315429688,-5.3209080225139855,12.0968371589303,-0.2539448773872107
2026-09-17T08:27:55.298942,1789633675298942200,48.97094213867187,-8.196621864259242,13.08200671842098,-0.3336842575997114
2026-09-17T08:27:55.308902,1789633675308902000,48.98090185546875,-11.538216603219508,13.926685272681713,-0.1180412730127573
2026-09-17T08:27:55.318860,1789633675318860800,48.99086083984375,-15.572479133808612,14.780559525310991,-0.5238420877963305
2026-09-17T08:27:55.328819,1789633675328819700,49.00081982421875,-18.882243148744102,13.872259270489216,-1.559585065704584
2026-09-17T08:27:55.338778,1789633675338778600,49.010778564453126,-22.328883485543727,12.59298635315895,-3.986839100635051
2026-09-17T08:27:55.348738,1789633675348738600,49.02073852539063,-26.22400174933672,9.866088861918447,-8.17339062627554
2026-09-17T08:27:55.358697,1789633675358697700,49.03069775390625,-29.12843022891283,7.1631912549465895,-10.620305639487505
2026-09-17T08:27:55.368656,1789633675368656600,49.04065673828125,-33.420894782876964,2.36807294716537,-10.777632044184209
2026-09-17T08:27:55.378615,1789633675378615600,49.050615478515624,-37.05026367665529,-5.199633174407482,-10.371305159699917
2026-09-17T08:27:55.388575,1789633675388575700,49.06057568359375,-37.52054193204641,-9.562303483498097,-10.558910967326163
2026-09-17T08:27:55.398534,1789633675398534700,49.07053466796875,-40.64321451861858,-9.662268417072296,-9.751310974615812
2026-09-17T08:27:55.408493,1789633675408493800,49.08049389648438,-39.26969562988281,-13.766781126451493,-11.279227813380956
2026-09-17T08:27:55.418452,1789633675418452700,49.09045263671875,-7.1320789083242415,-6.251726398614049,-1.434760416162014
2026-09-17T08:27:55.428412,1789633675428412700,49.10041259765625,19.05584848806858,23.68592820934057,-4.839629649680853
2026-09-17T08:27:55.438371,1789633675438371600,49.11037158203125,8.07293878596723,6.61995180824101,-8.865914625519514
2026-09-17T08:27:55.448330,1789633675448330800,49.120330810546875,-3.166405345314741,-1.5048668025672436,-7.969185566025972
2026-09-17T08:27:55.458289,1789633675458289700,49.13028955078125,-9.564614683049916,9.729618198245763,-9.081399789196253
2026-09-17T08:27:55.468249,1789633675468249600,49.14024951171875,-16.953518481177092,9.882418065428734,-0.4152291163315996
2026-09-17T08:27:55.478208,1789633675478208800,49.150208740234376,-15.096480747205018,9.63736018578708,-4.029373589503765
2026-09-17T08:27:55.488167,1789633675488167700,49.16016772460937,-3.928393049146235,8.110972456285356,-1.424575706756115
2026-09-17T08:27:55.498126,1789633675498126800,49.170126953125,1.0789402415346354,0.3484948732405901,0.1424351250350475
2026-09-17T08:27:55.508086,1789633675508086800,49.18008666992188,0.1886611618980765,-1.109825866729021,-2.4670564684867857
2026-09-17T08:27:55.518045,1789633675518045700,49.190045654296874,0.3714330100292339,-0.3909937062740325,-2.2130969049870965
2026-09-17T08:27:55.528004,1789633675528004600,49.20000463867188,-0.1685482933969236,-0.5413286446481943,1.024664534533024
2026-09-17T08:27:55.537963,1789633675537963500,49.209963623046875,-0.2432117768509313,0.1606172629356384,2.2193431059002875
2026-09-17T08:27:55.547923,1789633675547923500,49.21992333984375,-0.2803633123059756,0.3418272320449352,1.046284830188751
2026-09-17T08:27:55.557883,1789633675557883000,49.2298828125,-0.1379890140800736,-0.4259311641424894,-0.0656961687475442
2026-09-17T08:27:55.567841,1789633675567841800,49.239841796875,-0.1509207754381001,-0.2536117729753255,-0.3429804937332868
2026-09-17T08:27:55.577800,1789633675577800700,49.24980078125,-0.2584049255359917,0.3760281923323869,-0.3095715606063604
2026-09-17T08:27:55.587760,1789633675587760600,49.2597607421875,-0.1108824507666751,0.7388473590016365,-0.5458008216261864
2026-09-17T08:27:55.597719,1789633675597719600,49.26971948242188,-0.0593259761285036,0.5271989970088005,-0.739538263875246
2026-09-17T08:27:55.607678,1789633675607678700,49.2796787109375,-0.1244429202159866,0.0579050764799118,-0.3833656956136226
2026-09-17T08:27:55.617637,1789633675617637600,49.2896376953125,-0.0148893799655139,-0.081174308386445,0.2512865814307704
2026-09-17T08:27:55.627597,1789633675627597600,49.29959765625,0.1362522351490333,-0.1920125181525945,0.669348875361681
2026-09-17T08:27:55.637556,1789633675637556700,49.309556640625,-0.1828574805879965,0.0947901612848043,0.4273100147476419
2026-09-17T08:27:55.647515,1789633675647515600,49.319515625,-0.2512251335671171,0.2671580677688122,-0.1083119061589241
2026-09-17T08:27:55.657474,1789633675657474800,49.32947485351563,-0.1698212542084977,0.1160223344057798,-0.2900800571402535
2026-09-17T08:27:55.667434,1789633675667434800,49.33943481445313,-0.0688688804995268,0.1165098256617784,-0.1406552558809518
2026-09-17T08:27:55.677393,1789633675677393700,49.3493935546875,-0.2177779142564162,0.138653852930665,0.0574082694062963
2026-09-17T08:27:55.687352,1789633675687352600,49.3593525390625,0.0014364260112866,0.1124275247842073,0.1525958690434694
2026-09-17T08:27:55.697311,1789633675697311700,49.369311767578125,0.1387302061025053,-0.0608802928984165,0.3354530573705211
2026-09-17T08:27:55.707271,1789633675707271700,49.379271728515626,0.163603877530992,-0.014753917017579,0.4168336654514074
2026-09-17T08:27:55.717230,1789633675717230600,49.38923071289062,0.0100111064046621,0.0315571677803993,0.4128127393722534
2026-09-17T08:27:55.727189,1789633675727189800,49.399189697265626,-0.0305015212476253,0.0495113421440124,0.3043196314275264
2026-09-17T08:27:55.737148,1789633675737148700,49.40914868164062,-0.0491211737826466,0.1492149944335222,0.1537186625283211
2026-09-17T08:27:55.747108,1789633675747108600,49.41910864257813,-0.0391916081815958,0.2642646844148635,0.0268166952550411
2026-09-17T08:27:55.757067,1789633675757067800,49.42906787109375,0.0139258686956018,0.2746978156238794,0.0230593885481357
2026-09-17T08:27:55.767026,1789633675767026700,49.43902661132813,0.099078871454671,0.2965554271668195,0.1277431673377752
2026-09-17T08:27:55.776985,1789633675776985600,49.44898559570313,0.2191567648615688,0.2726063963025808,0.2872253618288785
2026-09-17T08:27:55.786945,1789633675786945500,49.45894555664062,0.1676203466307372,0.2891097873359918,0.3296843743085861
2026-09-17T08:27:55.796904,1789633675796904400,49.468904541015625,0.1689773141976445,0.5157213251829147,0.1003477954119443
2026-09-17T08:27:55.806864,1789633675806864000,49.47886376953125,0.19524032109268,0.6373100615441799,-0.1107329958260059
2026-09-17T08:27:55.816822,1789633675816822800,49.48882275390625,0.1237549744844436,0.6151344700932503,-0.0979430723577737
2026-09-17T08:27:55.826782,1789633675826782700,49.49878271484375,-0.0400936715878546,0.658942047637701,-0.1423012695223093
2026-09-17T08:27:55.836741,1789633675836741600,49.50874169921875,0.0388340999808162,0.551355533143878,-0.0120873281568288
2026-09-17T08:27:55.846700,1789633675846700500,49.51870043945313,-0.2338597554095089,0.4478828837096691,-0.0521469513446092
2026-09-17T08:27:55.856659,1789633675856659700,49.52865966796875,-0.0091188337400555,1.1646540199816229,-0.2648965525776147
2026-09-17T08:27:55.866619,1789633675866619600,49.53861962890625,0.0839709533676505,0.6966922248393297,-0.4153413810670375
2026-09-17T08:27:55.876578,1789633675876578600,49.54857861328125,-0.0122286363236606,0.9576870938032864,-0.5406681349128485
2026-09-17T08:27:55.886537,1789633675886537700,49.55853784179688,0.0705110216833651,0.8930909952521323,-0.6872944280274212
2026-09-17T08:27:55.896497,1789633675896497000,49.568496826171874,0.1884787910684943,0.951996188685298,-0.614699439676851
2026-09-17T08:27:55.906455,1789633675906455800,49.57845581054688,0.4161496287100016,0.9791776255995036,-0.3103343616724014
2026-09-17T08:27:55.916415,1789633675916415700,49.58841577148438,0.4109808477699756,0.8723609264343977,-0.2593288354478776
2026-09-17T08:27:55.926374,1789633675926374700,49.598374755859375,0.4272301179118454,0.972384312197566,-0.3654606210887431
2026-09-17T08:27:55.936333,1789633675936333600,49.60833349609375,0.4962408180348575,1.0839829849421978,-0.4181223900876939
2026-09-17T08:27:55.946292,1789633675946292700,49.618292724609375,0.5310955660559237,1.059705452775955,-0.5479594609647989
2026-09-17T08:27:55.956252,1789633675956252700,49.62825268554688,0.5301344659388065,1.1485533645302055,-0.859375042002648
2026-09-17T08:27:55.966211,1789633675966211600,49.63821166992187,0.6824021259412169,1.2470453029423951,-0.8447310151003301
2026-09-17T08:27:55.976170,1789633675976170800,49.64817065429688,1.024918509294093,1.4260118770390748,-0.4326963474284857
2026-09-17T08:27:55.986129,1789633675986129700,49.65812963867187,1.207910101123154,1.535271293181181,-0.1290542499363422
2026-09-17T08:27:55.996089,1789633675996089600,49.668089599609374,1.1182868210822343,1.6903455350369214,-0.3675847736358642
2026-09-17T08:27:56.006048,1789633676006048800,49.678048828125,1.264434536899626,1.974163645705581,-0.6504596121050417
2026-09-17T08:27:56.016007,1789633676016007700,49.688007568359374,1.6200313510999085,2.205129287108779,-0.3950444429695606
2026-09-17T08:27:56.025966,1789633676025966600,49.69796655273438,2.0751932859018445,2.6381319970726964,-0.3015138532917946
2026-09-17T08:27:56.035926,1789633676035926500,49.70792651367187,2.616199566727877,3.8419706109732386,-0.6850935569822788
2026-09-17T08:27:56.045885,1789633676045885400,49.71788549804688,3.4806636024326085,4.925882284244895,-0.7243815382104366
2026-09-17T08:27:56.055844,1789633676055844900,49.72784497070312,4.7684065342053765,5.004320445665717,0.7284902887035161
2026-09-17T08:27:56.065804,1789633676065804800,49.7378046875,5.620256879791617,5.783520857843756,1.2978075219303369
2026-09-17T08:27:56.075763,1789633676075763700,49.747763671875,6.582210398867726,6.934877004835009,0.9872599558986724
2026-09-17T08:27:56.085722,1789633676085722600,49.75772265625,7.675404279747605,7.287246673682332,1.6856671679623425
2026-09-17T08:27:56.095681,1789633676095681800,49.76768188476562,7.484310045483708,8.228495258381962,2.487018767802417
2026-09-17T08:27:56.105641,1789633676105641700,49.77764184570312,4.063474012026191,9.087915454700587,5.428969168782234
2026-09-17T08:27:56.115600,1789633676115600600,49.7876005859375,-0.0382341613262891,10.475060133206844,6.083046825253963
2026-09-17T08:27:56.125559,1789633676125559600,49.7975595703125,-2.6092081004053354,16.715584169805048,3.325069136095047
2026-09-17T08:27:56.135518,1789633676135518700,49.80751879882813,-2.2439146525770424,17.83904225604534,0.3453711882621049
2026-09-17T08:27:56.145478,1789633676145478000,49.81747778320312,-0.8649293151289225,16.973931154608724,-0.1514243410460651
2026-09-17T08:27:56.155437,1789633676155437800,49.827437744140624,5.320957122352719,16.759194178950786,1.6907120302617549
2026-09-17T08:27:56.165396,1789633676165396700,49.83739672851563,9.82571125882268,17.201741546851395,3.30801687900722
2026-09-17T08:27:56.175355,1789633676175355600,49.847355712890625,11.707097836631537,14.722677829706669,3.6207910350471737
2026-09-17T08:27:56.185314,1789633676185314600,49.857314453125,16.144862841933964,11.08296523656845,5.108261881655454
2026-09-17T08:27:56.195274,1789633676195274500,49.8672744140625,12.964800727188589,7.836412587827444,2.8900682380512355
2026-09-17T08:27:56.205233,1789633676205233700,49.877233642578126,3.516177398884296,13.913230747824906,5.469357877793907
2026-09-17T08:27:56.215192,1789633676215192600,49.88719262695312,6.2812833324879405,10.950277598565815,5.604494077992439
2026-09-17T08:27:56.225152,1789633676225152800,49.89715283203125,11.367738456004858,4.340822634419799,4.912158294796943
2026-09-17T08:27:56.235111,1789633676235111700,49.90711157226563,13.48951433712244,4.186691810894012,5.42739154420197
2026-09-17T08:27:56.245070,1789633676245070600,49.917070556640624,13.004604329788684,3.3070053638771175,5.001117850232124
2026-09-17T08:27:56.255029,1789633676255029800,49.92702978515625,13.33587158937454,3.183859753462672,4.219391426707804
2026-09-17T08:27:56.264988,1789633676264988700,49.93698876953125,13.577374991405009,3.4115476883694527,3.970099855019152
2026-09-17T08:27:56.274948,1789633676274948600,49.946948486328125,13.023939144855737,2.970828412678838,3.965044032934308
2026-09-17T08:27:56.284907,1789633676284907500,49.95690747070312,12.256028188455105,2.4714769152775404,3.7762966540575023
2026-09-17T08:27:56.294866,1789633676294866700,49.96686669921875,11.476232732993363,2.230584338621795,3.6322085011184218
2026-09-17T08:27:56.304825,1789633676304825900,49.976825927734374,10.503886414718629,2.2302456081867215,3.47918710013926
2026-09-17T08:27:56.314785,1789633676314785800,49.986785888671875,9.28554522821307,1.961574213245511,3.356811012792587
2026-09-17T08:27:56.324744,1789633676324744700,49.99674462890625,8.23752612157762,1.4704858095377682,3.0173288825690743
2026-09-17T08:27:56.334703,1789633676334703600,50.00670361328125,7.4150798573911185,1.259011635068059,2.510225163605809
2026-09-17T08:27:56.344663,1789633676344663600,50.01666357421875,6.989621571457386,1.2053180388033389,2.242545263919979
2026-09-17T08:27:56.354622,1789633676354622700,50.02662280273437,6.207959153079986,1.2619430123448372,1.8276058877825736
2026-09-17T08:27:56.364581,1789633676364581600,50.03658154296875,5.213022817334532,1.663928068232536,1.4706272638350724
2026-09-17T08:27:56.374540,1789633676374540500,50.04654052734375,4.2925586619883775,2.124329072731733,1.0133926144123078
2026-09-17T08:27:56.384499,1789633676384499700,50.05649975585938,3.794056767153739,2.6320687515109777,0.5836258176296949
2026-09-17T08:27:56.394459,1789633676394459600,50.06645971679688,3.133614544086158,3.176548553666472,0.0900210471868515
2026-09-17T08:27:56.404418,1789633676404418800,50.076418701171875,2.0750541696920988,3.720427467319369,-0.1494442731447517
2026-09-17T08:27:56.414377,1789633676414377700,50.08637768554688,1.2026447279408574,4.215844255620241,-0.3507312539905309
2026-09-17T08:27:56.424337,1789633676424337700,50.09633764648437,0.4479246770247816,4.843962125927209,-0.7784018822114914
2026-09-17T08:27:56.434296,1789633676434296600,50.106296630859376,-0.0496118799090385,6.127270582383871,-1.272695292505622
2026-09-17T08:27:56.444255,1789633676444255500,50.11625537109375,-0.8660447290249168,8.027102917465568,-1.843957303124666
2026-09-17T08:27:56.454214,1789633676454214700,50.126214599609376,-2.3109210271403193,9.54659211962521,-2.131400034031272
2026-09-17T08:27:56.464174,1789633676464174800,50.1361748046875,-4.277523882202804,10.445122091060876,-2.620714998325705
2026-09-17T08:27:56.474133,1789633676474133800,50.1461337890625,-6.690751437607407,10.94881863192916,-2.6653034971147775
2026-09-17T08:27:56.484092,1789633676484092700,50.1560927734375,-8.871659306651352,12.207744342279431,-2.3044974238336087
2026-09-17T08:27:56.494051,1789633676494051600,50.166051513671874,-12.180571088671684,13.258710023760797,-2.442949032190442
2026-09-17T08:27:56.504010,1789633676504010800,50.1760107421875,-15.99308121188283,12.733562698584796,-2.1795395033001896
2026-09-17T08:27:56.513970,1789633676513970700,50.185970703125,-19.638801521003245,12.608693625378608,-1.764075372636318
2026-09-17T08:27:56.523929,1789633676523929600,50.1959296875,-22.411544233095643,11.82276069007516,-2.365525016248226
2026-09-17T08:27:56.533888,1789633676533888500,50.20588842773437,-25.667896975839135,10.618810432493683,-4.515956498485803
2026-09-17T08:27:56.543848,1789633676543848700,50.2158486328125,-29.280022473871707,7.077610236033797,-7.48790543962717
2026-09-17T08:27:56.553807,1789633676553807600,50.2258076171875,-32.19360456624031,3.248589123004675,-8.938530948919057
2026-09-17T08:27:56.563766,1789633676563766800,50.235766845703125,-36.032777070927615,-2.1568115386635065,-9.291808964782954
2026-09-17T08:27:56.573725,1789633676573725700,50.2457255859375,-38.217343462479114,-8.21087484601736,-8.894877685153483
2026-09-17T08:27:56.583685,1789633676583685600,50.255685546875,-38.136728541541096,-11.021281810593605,-8.98524360025525
2026-09-17T08:27:56.593644,1789633676593644500,50.26564453125,-36.84335929431915,-9.676150227430462,-8.478155663383006
2026-09-17T08:27:56.603603,1789633676603603700,50.27560375976562,-29.31767503591776,-2.3908938507825135,-2.9393080697774887
2026-09-17T08:27:56.613562,1789633676613562600,50.28556274414063,-0.2640501648813486,9.68896528533995,5.084833075273036
2026-09-17T08:27:56.623522,1789633676623522800,50.29552270507813,21.80070249176025,-1.7810083872586489,2.402518383733183
2026-09-17T08:27:56.633481,1789633676633481700,50.30548168945312,10.88313123100996,2.9478876820743083,-2.395180149799585
2026-09-17T08:27:56.643440,1789633676643440600,50.31544067382813,0.1411281340897083,3.120549603068828,-6.099621527957916
2026-09-17T08:27:56.653399,1789633676653399800,50.32539990234375,-7.812849925932288,11.02553946803808,-9.662911391150953
2026-09-17T08:27:56.663359,1789633676663359700,50.33535986328125,-13.96824360999465,10.5123269108057,-4.249297612410784
2026-09-17T08:27:56.673318,1789633676673318700,50.34531860351562,-17.416137161725757,7.504343364208936,0.5063397853860632
2026-09-17T08:27:56.683277,1789633676683277600,50.355277587890626,-10.55248473367095,9.556022795793414,-2.9663024596869945
2026-09-17T08:27:56.693236,1789633676693236500,50.36523657226562,-1.4544476979285477,5.6244175066024065,-0.2182400153428316
2026-09-17T08:27:56.703196,1789633676703196700,50.37519677734375,-0.8948270983297377,0.4053875578075647,-2.938544099667668
2026-09-17T08:27:56.713155,1789633676713155800,50.38515576171875,0.783184074986726,0.0199403797447681,-4.903960959815978
2026-09-17T08:27:56.723114,1789633676723114800,50.39511474609375,-0.2715942966505885,0.5063309810250998,-2.4899217957675455
2026-09-17T08:27:56.733073,1789633676733073700,50.40507373046875,-1.10015064121522,0.8475473876953125,0.8566828803092241
2026-09-17T08:27:56.743033,1789633676743033600,50.41503369140625,0.0815034490092657,0.3145242145776748,1.7143337288677691
2026-09-17T08:27:56.752992,1789633676752992500,50.424992431640625,0.3026866964634507,-0.8308049272090197,1.2621458414405584
2026-09-17T08:27:56.762951,1789633676762951700,50.43495166015625,0.5294410768471658,-1.145441954511404,0.8846884930878877
2026-09-17T08:27:56.772910,1789633676772910600,50.44491064453125,-0.305251414118614,-0.2722024916768074,0.8631295722305774
2026-09-17T08:27:56.782870,1789633676782870800,50.45487084960938,-0.5014444876251742,0.4092074083566665,0.2681114229708909
2026-09-17T08:27:56.792829,1789633676792829700,50.46482958984375,0.1806984393905848,0.1697422341555357,-0.3555775249779224
2026-09-17T08:27:56.802788,1789633676802788600,50.47478857421875,0.1355034260757267,0.0688730452179908,-0.4897860889375209
2026-09-17T08:27:56.812747,1789633676812747800,50.484747802734375,0.1520621640255674,0.325465879830718,-0.2671387785464525
2026-09-17T08:27:56.822707,1789633676822707700,50.49470776367187,0.2291775889426469,0.1209182897537946,0.1760814471144229
2026-09-17T08:27:56.832666,1789633676832666600,50.50466650390625,-0.3808730385476723,0.2012140617400407,0.2938356468141079
2026-09-17T08:27:56.842625,1789633676842625500,50.51462548828125,-0.4442432850982993,0.1877373250514268,0.0071055211562663
2026-09-17T08:27:56.852584,1789633676852584700,50.52458471679687,-0.1859703153789043,-0.1012333460748195,0.0003531973518431
2026-09-17T08:27:56.862545,1789633676862545000,50.534544921875,-0.1748267343455925,0.1050619644522666,0.0409346524566411
2026-09-17T08:27:56.872503,1789633676872503800,50.54450390625,-0.2169656845580786,0.3848556419104337,-0.2566916918773204
2026-09-17T08:27:56.882462,1789633676882462700,50.554462646484374,-0.1908504886358976,0.0081575874924659,-0.0594715951442718
2026-09-17T08:27:56.892421,1789633676892421600,50.56442163085938,-0.1100922867696732,0.0753249978363514,0.150032156035304
2026-09-17T08:27:56.902381,1789633676902381600,50.57438159179687,-0.0700229459054768,0.1246025312244892,0.27471535128057
2026-09-17T08:27:56.912340,1789633676912340700,50.5843408203125,0.0645822892215102,0.0294686710685491,0.3802480019845068
2026-09-17T08:27:56.922299,1789633676922299600,50.59429956054687,0.0958628320176154,-0.0490408020228147,0.4788735036484897
2026-09-17T08:27:56.932258,1789633676932258600,50.60425854492187,-0.1681776151873171,0.1059989530414342,0.1703577357053756
2026-09-17T08:27:56.942218,1789633676942218800,50.61421875,-0.3018027532357722,0.3891016089171171,-0.3083919954329729
2026-09-17T08:27:56.952177,1789633676952177700,50.624177734375,-0.2162806249033659,0.268749136352539,-0.4457523014217615
2026-09-17T08:27:56.962136,1789633676962136800,50.63413671875,-0.1145025774925947,0.1932517045587301,-0.1552817471265792
2026-09-17T08:27:56.972095,1789633676972095700,50.644095703125,0.021801789702475,0.2044862152785062,0.1877804335407912
2026-09-17T08:27:56.982055,1789633676982055700,50.6540556640625,0.1044708666913211,0.166669987103343,0.3749317753978073
2026-09-17T08:27:56.992014,1789633676992014600,50.6640146484375,0.0676177113946527,0.2092500686794519,0.2502409813679754
2026-09-17T08:27:57.001973,1789633677001973500,50.673973388671875,-0.0427644251670688,0.2525397598296404,-0.0324655147969722
2026-09-17T08:27:57.011932,1789633677011932700,50.6839326171875,-0.1151904866915196,0.349746334606409,-0.3206178552776575
2026-09-17T08:27:57.021892,1789633677021892900,50.693892822265624,-0.051077349351719,0.3905038769304752,-0.3181478119023144
2026-09-17T08:27:57.031851,1789633677031851800,50.70385180664063,0.1960740685030818,0.5150777665823698,-0.0778482327036559
2026-09-17T08:27:57.041810,1789633677041810700,50.713810791015625,0.1930824124064296,0.4889800332516431,0.0355330856740474
2026-09-17T08:27:57.051769,1789633677051769900,50.72376977539062,0.072133654449135,0.5051408944576978,0.0397178240127861
2026-09-17T08:27:57.061729,1789633677061729800,50.73372973632812,0.0842532043751329,0.444634111046791,-0.0511712381802499
2026-09-17T08:27:57.071688,1789633677071688700,50.743688720703126,0.038634412690252,0.4793377601593732,0.0175258659489452
2026-09-17T08:27:57.081647,1789633677081647600,50.75364770507812,0.0534900365166366,0.4880950671106576,0.1575304028362035
2026-09-17T08:27:57.091606,1789633677091606500,50.7636064453125,0.3304271554999053,1.13293493963778,-0.11471651250422
2026-09-17T08:27:57.101566,1789633677101566700,50.77356665039063,0.4172257335089147,1.0221364773601294,-0.4252338295280933
2026-09-17T08:27:57.111526,1789633677111526000,50.78352587890625,0.1879670421540737,1.1896586973786354,-0.5903121635258197
2026-09-17T08:27:57.121484,1789633677121484800,50.79348486328125,0.420246542634815,1.3830115242242813,-0.6518776622094213
2026-09-17T08:27:57.131443,1789633677131443700,50.803443603515625,0.5290618682712316,1.706153345021605,-0.8316425470769405
2026-09-17T08:27:57.141403,1789633677141403600,50.813403564453125,0.631974984126538,1.8247469912201164,-1.1101255803279575
2026-09-17T08:27:57.151362,1789633677151362600,50.82336254882812,0.7645629611469805,1.8029846567451953,-1.2076214934401213
2026-09-17T08:27:57.161321,1789633677161321700,50.83332177734375,0.8613719149082899,1.7250351556241512,-1.248325844272226
2026-09-17T08:27:57.171280,1789633677171280600,50.84328076171875,0.8313948559261858,1.92535723696053,-1.107278958725184
2026-09-17T08:27:57.181240,1789633677181240600,50.85324047851562,0.9384101464033128,1.777309532740712,-1.1040056361429391
2026-09-17T08:27:57.191199,1789633677191199700,50.86319970703125,1.1921332707986234,2.0294266832441092,-0.9293278452813624
2026-09-17T08:27:57.201158,1789633677201158700,50.87315869140625,1.6275284288570284,2.2963047650277613,-0.5483123660556972
2026-09-17T08:27:57.211117,1789633677211117800,50.88311791992187,2.1197426217243076,3.2166274660766123,-0.3266553818762302
2026-09-17T08:27:57.221077,1789633677221077800,50.89307788085937,2.770495809948444,4.2384892181485885,-0.3671966511011123
2026-09-17T08:27:57.231036,1789633677231036700,50.90303662109375,3.653721244746446,4.557250631904602,0.1895620562605559
2026-09-17T08:27:57.240995,1789633677240995600,50.91299560546875,4.366359811258316,4.8050002348482606,0.7126156240276992
2026-09-17T08:27:57.250954,1789633677250954800,50.92295483398438,5.012585000663996,5.297321395221353,-0.0582587122231721
2026-09-17T08:27:57.260914,1789633677260914700,50.93291479492188,5.5820940301358695,5.406053572618961,-0.6447673918128013
2026-09-17T08:27:57.270873,1789633677270873900,50.942873779296875,6.891790727302432,5.629025292658805,-0.1316705699145793
2026-09-17T08:27:57.280832,1789633677280832800,50.95283276367188,8.090243556511401,6.288627265509962,0.9601999534070492
2026-09-17T08:27:57.290791,1789633677290791700,50.962791748046875,7.887346071729064,6.394166784346103,2.372195141661912
2026-09-17T08:27:57.300751,1789633677300751600,50.972751708984376,4.38431164753437,7.218963411051035,3.4148552054822443
2026-09-17T08:27:57.310710,1789633677310710800,50.98271069335937,0.0527501779347658,9.533466680592298,4.511538097521663
2026-09-17T08:27:57.320670,1789633677320670000,50.992669921875,-3.800608088493347,14.495040455943345,3.221752554005384
2026-09-17T08:27:57.330629,1789633677330629000,51.002629150390625,-1.6054630197823048,15.90277374897003,1.2871933350659903
2026-09-17T08:27:57.340589,1789633677340589000,51.012589111328126,-0.304208572268486,13.381990366470813,0.4143593842923641
2026-09-17T08:27:57.350548,1789633677350548000,51.0225478515625,5.457289838859438,13.53614047921896,0.9144932642430068
2026-09-17T08:27:57.360507,1789633677360507100,51.032507080078126,9.75914765959084,14.968516046071052,2.555471834042668
2026-09-17T08:27:57.370466,1789633677370466000,51.04246606445312,9.94898809440136,13.662230034130811,3.504864562231302
2026-09-17T08:27:57.380426,1789633677380426000,51.05242602539062,13.883264648628234,9.8897140676558,3.7863884244829418
2026-09-17T08:27:57.390385,1789633677390385000,51.06238500976563,15.250708016842603,8.055883021748066,2.6890146275699136
2026-09-17T08:27:57.400343,1789633677400343800,51.07234375,5.720987537041307,12.022543257707357,4.5748108385145665
2026-09-17T08:27:57.410303,1789633677410303200,51.08230322265625,6.573215191507339,10.07936920902729,5.52752365103662
2026-09-17T08:27:57.420263,1789633677420263200,51.09226318359375,11.77637654004097,4.6777080261483786,4.528682709068059
2026-09-17T08:27:57.430222,1789633677430222000,51.10222216796875,14.108531201606988,3.732130472333729,5.1383881398499005
2026-09-17T08:27:57.440181,1789633677440181000,51.11218090820312,13.431612767773863,3.4075703091710805,4.803927052658796
2026-09-17T08:27:57.450140,1789633677450140000,51.122139892578126,13.434730607533456,2.959327944499254,4.0964302329495546
2026-09-17T08:27:57.460099,1789633677460099800,51.132099853515626,13.553160587602854,3.085620328506827,3.744331489998102
2026-09-17T08:27:57.470059,1789633677470059000,51.14205908203125,12.6259066259861,3.183887225991487,3.9716131821915504
2026-09-17T08:27:57.480018,1789633677480018000,51.15201782226563,11.223982311499118,3.0242347164347767,4.148716008242965
2026-09-17T08:27:57.489977,1789633677489977000,51.16197705078125,10.14335798933506,2.4204414323061703,4.068329343102872
2026-09-17T08:27:57.499937,1789633677499937000,51.17193701171875,9.555351180142164,1.714870904484391,4.104889433737099
2026-09-17T08:27:57.509896,1789633677509896000,51.18189599609375,8.89839007718861,1.2189859141498804,3.9686990483105182
2026-09-17T08:27:57.519855,1789633677519855000,51.19185522460938,8.15375010626018,0.7911492086470127,3.511176229596138
2026-09-17T08:27:57.529814,1789633677529814000,51.20181396484375,7.55528795402646,0.9299708193600176,2.836090271887183
2026-09-17T08:27:57.539774,1789633677539774000,51.21177392578125,6.840361568838357,1.6613316219985483,2.260725502124429
2026-09-17T08:27:57.549732,1789633677549732900,51.22173291015625,6.134157419288158,2.0241648171931503,1.974162038270384
2026-09-17T08:27:57.559692,1789633677559692000,51.231692138671875,5.31116345809102,1.9639456185519697,1.642769544869661
2026-09-17T08:27:57.569651,1789633677569651000,51.24165087890625,4.774446691152453,2.011046976944804,1.395208304104954
2026-09-17T08:27:57.579611,1789633677579611100,51.25161108398437,4.111403637936711,2.2337316967368124,0.9225925456769763
2026-09-17T08:27:57.589570,1789633677589570000,51.261570068359376,3.448501746757328,2.6725860553383827,0.7776689648270606
2026-09-17T08:27:57.599529,1789633677599529000,51.27152905273437,2.3335151362642645,3.385997944310307,0.5693313348174095
2026-09-17T08:27:57.609488,1789633677609488100,51.281488037109376,1.1800409742057325,4.3480864879429335,0.3730566291756927
2026-09-17T08:27:57.619448,1789633677619448000,51.29144799804688,0.2297568501353263,5.305097874441743,0.084098671400547
2026-09-17T08:27:57.629407,1789633677629407000,51.301406982421874,-0.4928513217270374,6.268263691917062,-0.1973111360173672
2026-09-17T08:27:57.639366,1789633677639366000,51.31136596679688,-0.9565721182987094,7.713094251194596,-0.580504982195422
2026-09-17T08:27:57.649324,1789633677649324800,51.32132470703125,-1.671971527826041,9.12239990810454,-0.8646334009222686
2026-09-17T08:27:57.659285,1789633677659285000,51.331284912109375,-2.751616337433457,10.20055696337223,-0.7677846996724605
2026-09-17T08:27:57.669244,1789633677669244200,51.341244140625,-4.464076673644781,10.342020613026618,-1.1287123535066843
2026-09-17T08:27:57.679203,1789633677679203000,51.351203125,-6.079758305102587,11.100004049652814,-1.3206225803285836
2026-09-17T08:27:57.689162,1789633677689162000,51.36116186523437,-7.820651539593935,11.19376720597744,-1.5680664783239364
2026-09-17T08:27:57.699122,1789633677699122000,51.37112182617187,-10.439749165850875,11.677096666121482,-1.7887585629940033
2026-09-17T08:27:57.709080,1789633677709080800,51.38108081054688,-14.228173480075595,11.272848341476916,-2.279207499754429
2026-09-17T08:27:57.719040,1789633677719040000,51.3910400390625,-16.959696877551078,10.757872866225242,-2.285064409089088
2026-09-17T08:27:57.728999,1789633677728999000,51.4009990234375,-19.828418083930018,11.547711576795578,-3.4365935745596885
2026-09-17T08:27:57.738959,1789633677738959000,51.410958984375,-22.928069860398768,9.866520239073038,-6.120820967853069
2026-09-17T08:27:57.748918,1789633677748918000,51.42091796875,-24.95443423346281,6.281793620097637,-8.77737008062601
2026-09-17T08:27:57.758877,1789633677758877000,51.430876953125,-27.965332206201552,2.912384407016635,-9.976983185786008
2026-09-17T08:27:57.768836,1789633677768836000,51.44083618164063,-31.525432917964455,-1.5377677861720322,-9.466185873001812
2026-09-17T08:27:57.778796,1789633677778796000,51.45079614257813,-33.82543303037882,-6.119108903238177,-9.509411266744136
2026-09-17T08:27:57.788755,1789633677788755000,51.4607548828125,-34.39468019404411,-8.375041325867176,-9.870118555825949
2026-09-17T08:27:57.798713,1789633677798713900,51.4707138671875,-33.65356956628561,-7.273283030259609,-10.025660999715328
2026-09-17T08:27:57.808673,1789633677808673000,51.480673095703125,-31.41650843286514,-4.474346723246574,-9.74622329608798
2026-09-17T08:27:57.818633,1789633677818633000,51.490633056640625,-29.11964603395462,-3.0041484984785316,-8.628819687581062
2026-09-17T08:27:57.828592,1789633677828592000,51.50059204101562,-22.45646590936184,-0.6006564474076033,-5.7827896209597585
2026-09-17T08:27:57.838551,1789633677838551000,51.510551025390626,7.897598001152277,12.336093658816814,7.402471720230579
2026-09-17T08:27:57.848510,1789633677848510000,51.52051000976562,41.22681987798214,10.244697718393802,7.269860070073604
2026-09-17T08:27:57.858470,1789633677858470000,51.53046997070312,14.749728333717584,-1.143817568179965,-5.69578470672369
2026-09-17T08:27:57.868429,1789633677868429000,51.54042895507813,2.4912404771506784,-4.991552149507403,-6.76534636760354
2026-09-17T08:27:57.878388,1789633677878388000,51.55038793945312,0.574817730339244,6.748470051604509,-10.26749056496024
2026-09-17T08:27:57.888347,1789633677888347000,51.56034692382813,-10.815029754686355,7.473879252362251,-3.4904023216366764
2026-09-17T08:27:57.898307,1789633677898307000,51.57030712890625,-19.62031426267624,6.709823217824101,1.9922166042685507
2026-09-17T08:27:57.908266,1789633677908266000,51.580265869140625,-16.28122829166651,12.55602235789895,-5.205172103834152
2026-09-17T08:27:57.918225,1789633677918225200,51.59022509765625,-6.1252785317838185,10.780186404842135,-2.129691476547718
2026-09-17T08:27:57.928184,1789633677928184000,51.60018408203125,0.7873331574901938,0.968426514482498,-2.3049732246518135
2026-09-17T08:27:57.938144,1789633677938144000,51.61014404296875,2.195076825780421,-0.2432055297732353,-6.112599667474627
2026-09-17T08:27:57.948103,1789633677948103000,51.62010302734375,-0.4479086757380515,0.3099637747943401,-4.276155224198103
2026-09-17T08:27:57.958061,1789633677958061800,51.63006176757813,-1.1989381285078824,0.7252525488913059,0.2838636668434366
2026-09-17T08:27:57.968021,1789633677968021000,51.64002099609375,0.1462846948689781,0.2201835506260395,2.516635615170002
2026-09-17T08:27:57.977981,1789633677977981200,51.64998120117187,0.2645962179241702,-0.8645639889478683,2.270828962987661
2026-09-17T08:27:57.987940,1789633677987940000,51.65994018554687,0.2457537346850149,-0.6633271308541298,0.5277262357532978
2026-09-17T08:27:57.997899,1789633677997899000,51.66989892578125,0.0713331882538274,-0.2288607780784368,-0.1210205628181807
2026-09-17T08:27:58.007858,1789633678007858000,51.67985791015625,0.3648037280825897,-0.0121878659218549,0.0422071748767979
2026-09-17T08:27:58.017817,1789633678017817900,51.68981787109375,0.224825385082513,0.3330617417871951,-0.0618880177693907
2026-09-17T08:27:58.027777,1789633678027777000,51.69977709960938,-0.117107535826601,0.4076122481197118,-0.3308908274888992
2026-09-17T08:27:58.037736,1789633678037736000,51.70973583984375,-0.1462596517592668,0.2362315991073846,-0.2580336810708046
2026-09-17T08:27:58.047694,1789633678047694800,51.71969482421875,-0.1054951317051425,0.3151291947335005,-0.1304921737849712
2026-09-17T08:27:58.057655,1789633678057655000,51.72965502929687,-0.278169619920291,0.4602501978516578,-0.2005892078399658
2026-09-17T08:27:58.067614,1789633678067614000,51.73961401367187,-0.2217156190315261,0.2162637468338012,-0.1343827514827251
2026-09-17T08:27:58.077573,1789633678077573000,51.74957299804687,0.1076837643232196,-0.0273199686020612,0.1421533854842186
2026-09-17T08:27:58.087532,1789633678087532000,51.75953198242187,0.1837650238869711,0.016122867283225,0.4103226761221885
2026-09-17T08:27:58.097492,1789633678097492000,51.76949194335938,0.0790378808796405,0.0944406171947717,0.4121148202359676
2026-09-17T08:27:58.107451,1789633678107451000,51.77945092773437,0.1381632929347455,0.1394932263642549,0.3172042474418878
2026-09-17T08:27:58.117410,1789633678117410000,51.78941015625,0.1523030966419726,0.1030804352462291,0.1540805546432733
2026-09-17T08:27:58.127369,1789633678127369000,51.799368896484374,-0.1088088958956301,0.1092231757849454,0.0811410089050419
2026-09-17T08:27:58.137329,1789633678137329200,51.8093291015625,-0.125327484498173,0.1573988854110241,0.029992987203598
2026-09-17T08:27:58.147288,1789633678147288000,51.8192880859375,-0.0544913225136697,0.2504863344311714,-0.0198883390302769
2026-09-17T08:27:58.157247,1789633678157247000,51.8292470703125,-0.0528024195786565,0.3223725899904966,0.0256423907786607
2026-09-17T08:27:58.167206,1789633678167206100,51.8392060546875,0.0364497621275484,0.2176771207630634,0.1368774909079075
2026-09-17T08:27:58.177166,1789633678177166000,51.849166015625,0.1203290186237543,0.3489075456947088,0.1390162747685797
2026-09-17T08:27:58.187125,1789633678187125000,51.859125,-0.0233330178577452,0.357266208717227,0.120828309915401
2026-09-17T08:27:58.197084,1789633678197084000,51.869083984375,0.0564142534002661,0.6070376728773117,-0.0171288294553756
2026-09-17T08:27:58.207042,1789633678207042800,51.87904272460938,0.0585867751337587,0.3282978883862495,-0.0912748466402292
2026-09-17T08:27:58.217003,1789633678217003000,51.8890029296875,-0.0482333580974489,0.5192272874772549,-0.1029366428613662
2026-09-17T08:27:58.226962,1789633678226962200,51.898962158203126,0.1583940339282155,0.2761702262639999,0.1017448392609134
2026-09-17T08:27:58.236921,1789633678236921000,51.90892114257812,0.1905072281561791,0.1070230353921651,0.3345137306937947
2026-09-17T08:27:58.246880,1789633678246880000,51.9188798828125,0.1758286413971334,0.1766816780298948,0.4812134909033775
2026-09-17T08:27:58.256840,1789633678256840000,51.92883984375,0.19815218995139,0.1688742191493511,0.4619225515106692
2026-09-17T08:27:58.266798,1789633678266798800,51.938798828125,-0.0330159882865846,-0.0677186144858598,0.2284416758835315
2026-09-17T08:27:58.276758,1789633678276758000,51.94875805664063,-0.292214767614007,0.016827800682187,-0.0957984250118955
2026-09-17T08:27:58.286717,1789633678286717000,51.958717041015625,-0.2644799346007406,0.0361462491363287,-0.2389606587450951
2026-09-17T08:27:58.296677,1789633678296677000,51.968677001953125,-0.0730643594279885,0.0334931042790412,-0.1492319455683231
2026-09-17T08:27:58.306636,1789633678306636000,51.97863598632812,0.0777064861454069,-0.1906283703178167,0.3401104181896895
2026-09-17T08:27:58.316595,1789633678316595000,51.988594970703126,0.2125494024857878,0.2380143908709287,0.4722883531045168
2026-09-17T08:27:58.326553,1789633678326553900,51.99855395507812,0.0914915581308305,0.5709539675831794,0.0542126882353797
2026-09-17T08:27:58.336513,1789633678336513800,52.008513671875,0.1579623645126819,0.8684265095949173,-0.4786433116218075
2026-09-17T08:27:58.346472,1789633678346472700,52.01847265625,0.3054578416772187,1.0657920792132616,-0.6454997977405786
2026-09-17T08:27:58.356431,1789633678356431600,52.028431640625,0.5040969383627176,1.2056260818392035,-0.4676496604532003
2026-09-17T08:27:58.366390,1789633678366390800,52.03839086914063,0.7025099712073802,1.6101859566509722,-0.4727443532437085
2026-09-17T08:27:58.376350,1789633678376350700,52.04835083007813,0.7439801918454468,1.7444903822004794,-0.6698603320151567
2026-09-17T08:27:58.386310,1789633678386310000,52.058309814453125,0.8760095120698214,1.9801456427246331,-0.9641975716758518
2026-09-17T08:27:58.396268,1789633678396268800,52.06826879882812,1.0374109111204743,2.0718056892901657,-1.073624745600298
2026-09-17T08:27:58.406227,1789633678406227700,52.078227783203126,1.30804016213119,1.9934645585030315,-0.6583622019231319
2026-09-17T08:27:58.416187,1789633678416187600,52.088187744140626,1.5089368284851312,2.172372095888853,-0.1970808343928307
2026-09-17T08:27:58.426146,1789633678426146800,52.09814672851562,1.765179534485936,2.6440385907679795,-0.5911129219820722
2026-09-17T08:27:58.436105,1789633678436105700,52.10810571289063,2.181710417598486,2.8673867429047823,-0.5133592722266912
2026-09-17T08:27:58.446064,1789633678446064600,52.11806469726562,2.677432034064829,3.3692554838240145,-0.8083598711669444
2026-09-17T08:27:58.456024,1789633678456024600,52.12802465820312,3.3526790275543927,5.427361733585596,-1.905502197411656
2026-09-17T08:27:58.465983,1789633678465983700,52.13798364257813,4.9226621531546115,7.006552247992158,-2.0913924332916736
2026-09-17T08:27:58.475943,1789633678475943000,52.14794287109375,6.6822033894926305,6.066720544353127,-0.1417751998215913
2026-09-17T08:27:58.485901,1789633678485901800,52.15790185546875,7.730333555287122,6.621527679255604,0.7106839253127575
2026-09-17T08:27:58.495861,1789633678495861800,52.16786181640625,8.672701499405504,8.149840239340067,0.2876818003594875
2026-09-17T08:27:58.505820,1789633678505820700,52.177820556640626,8.171063060110807,8.67041134264171,1.623306719508767
2026-09-17T08:27:58.515779,1789633678515779800,52.18777978515625,5.748379986357689,8.072555339607597,5.186555666169524
2026-09-17T08:27:58.525738,1789633678525738800,52.19773876953125,-0.0119815296947956,11.326825430858134,6.50985827936232
2026-09-17T08:27:58.535698,1789633678535698700,52.20769873046875,-2.647853765141964,17.656879516255856,3.903370543831586
2026-09-17T08:27:58.545657,1789633678545657900,52.217657958984375,-4.890889881318808,18.549764759802816,1.5210165578573942
2026-09-17T08:27:58.555616,1789633678555616800,52.22761669921875,-0.9836819512814284,17.797390395230053,0.1357248868066817
2026-09-17T08:27:58.565576,1789633678565576000,52.237575927734376,4.9786394764423365,16.19014925985932,1.7835995727956293
2026-09-17T08:27:58.575535,1789633678575535900,52.24753588867188,10.20150973405242,15.888235520529744,4.7727597609788175
2026-09-17T08:27:58.585494,1789633678585494800,52.25749487304687,12.193377963274717,14.406001405531168,4.185045212730765
2026-09-17T08:27:58.595453,1789633678595453700,52.26745361328125,16.667962002408505,9.400815282946825,3.29609964672029
2026-09-17T08:27:58.605412,1789633678605412600,52.27741259765625,13.128303190171716,8.138557213303447,2.100866510210186
2026-09-17T08:27:58.615372,1789633678615372500,52.28737255859375,5.308239095076918,13.184935177975891,4.308680944749713
2026-09-17T08:27:58.625331,1789633678625331700,52.29733178710938,6.869530964699387,7.849920888698101,3.808935479594767
2026-09-17T08:27:58.635291,1789633678635291000,52.307290771484375,10.14798506461382,2.4330855175629256,3.893784969362616
2026-09-17T08:27:58.645249,1789633678645249800,52.31724975585937,12.283365108191964,2.925582619024813,4.373504422315955
2026-09-17T08:27:58.655209,1789633678655209700,52.32720971679687,12.521553102064132,2.428748657402396,4.352979228420556
2026-09-17T08:27:58.665168,1789633678665168600,52.33716870117187,13.272079208421706,1.4043927504271267,3.975300638532638
2026-09-17T08:27:58.675127,1789633678675127800,52.3471279296875,13.868375707054138,1.3776616876289247,3.9200115897700183
2026-09-17T08:27:58.685086,1789633678685086700,52.35708666992188,13.509977279436589,1.553733124805987,4.0268031544938685
2026-09-17T08:27:58.695046,1789633678695046700,52.36704663085938,12.397241662740706,1.6063853953242302,4.22650330453962
2026-09-17T08:27:58.705005,1789633678705005600,52.377005615234374,11.303664335501193,1.367103760996461,4.494992913173139
2026-09-17T08:27:58.714965,1789633678714965000,52.38696508789062,10.29406877528429,0.9643640873491764,4.7767365556553
2026-09-17T08:27:58.724924,1789633678724924000,52.396923828125,9.158881672805547,0.5559212336242199,4.674705921722948
2026-09-17T08:27:58.734883,1789633678734883800,52.4068837890625,8.4605808437258,0.1995394065260887,4.561998410953581
2026-09-17T08:27:58.744842,1789633678744842800,52.4168427734375,8.085966025322675,0.1264858607530593,4.321571698243916
2026-09-17T08:27:58.754801,1789633678754801700,52.4268017578125,7.382326173302531,0.9400140744686126,3.952398778633773
2026-09-17T08:27:58.764760,1789633678764760800,52.4367607421875,6.112604343649744,1.683779600650072,3.552895894950628
2026-09-17T08:27:58.774720,1789633678774720800,52.446720703125,5.067375159993768,2.181135248059034,3.4177497578799723
2026-09-17T08:27:58.784679,1789633678784679700,52.4566796875,4.226070466080308,2.5744740561544894,3.307179843661189
2026-09-17T08:27:58.794638,1789633678794638800,52.466638916015626,3.1443799759894606,3.0579017159759996,2.915435611280799
2026-09-17T08:27:58.804597,1789633678804597800,52.47659765625,1.952573160666227,3.3051714264482257,2.5325106451719996
2026-09-17T08:27:58.814557,1789633678814557700,52.4865576171875,0.872983149985969,3.352488473418355,2.323936868318915
2026-09-17T08:27:58.824516,1789633678824516900,52.49651684570313,-0.0796644883453845,3.409433764955401,2.0583640239149332
2026-09-17T08:27:58.834475,1789633678834475800,52.50647583007813,-0.6004109482139348,3.730344465699792,1.7436323040664194
2026-09-17T08:27:58.844434,1789633678844434700,52.5164345703125,-1.0025608392745256,4.6803129479497665,1.1634101574003697
2026-09-17T08:27:58.854394,1789633678854394600,52.52639453125,-1.4503411393925547,6.19762012989521,0.5384271510530263
2026-09-17T08:27:58.864353,1789633678864353500,52.536353515625,-1.6768328502520915,8.130815805396438,-0.0655493806879967
2026-09-17T08:27:58.874312,1789633678874312700,52.54631274414062,-1.986817083312571,10.039816950839755,-0.3488735703598707
2026-09-17T08:27:58.884271,1789633678884271900,52.55627197265625,-3.5121371835827824,11.09687919563055,-0.6085182668238878
2026-09-17T08:27:58.894231,1789633678894231800,52.566231689453126,-5.1937616520255805,12.087089671897887,-0.7256119567882269
2026-09-17T08:27:58.904190,1789633678904190700,52.57619067382812,-7.227016953647136,12.357260365486145,-0.8141390390902757
2026-09-17T08:27:58.914150,1789633678914150000,52.58614990234375,-9.559230067402124,12.920935866498946,-0.1121487078428268
2026-09-17T08:27:58.924108,1789633678924108800,52.59610888671875,-11.935435467618705,13.543355817425253,0.4465174405753612
2026-09-17T08:27:58.934068,1789633678934068700,52.60606884765625,-14.355150339215992,12.732222974413633,0.2980044569313526
2026-09-17T08:27:58.944027,1789633678944027600,52.61602758789063,-16.344983263218403,11.805852809894084,-0.2453355275392532
2026-09-17T08:27:58.953986,1789633678953986600,52.625986572265624,-19.68603322777748,11.51560963461399,-2.6398037296772
2026-09-17T08:27:58.963946,1789633678963946000,52.63594604492187,-22.77808154350519,9.430936280444264,-6.1992567911863325
2026-09-17T08:27:58.973906,1789633678973906000,52.64590600585937,-25.49565474156141,5.286902877059578,-9.141462920492886
2026-09-17T08:27:58.983864,1789633678983864800,52.65586474609375,-27.983955073606968,2.2917034087121486,-9.927013578480482
2026-09-17T08:27:58.993823,1789633678993823700,52.66582373046875,-33.6816079122901,-3.9849019950926303,-11.274273405843973
2026-09-17T08:27:59.003782,1789633679003782700,52.67578271484375,-37.01113811944723,-10.24690019687414,-12.317079161745308
2026-09-17T08:27:59.013742,1789633679013742600,52.68574267578125,-37.96128312730789,-12.574255933725834,-11.858106728744506
2026-09-17T08:27:59.023701,1789633679023701800,52.69570166015625,-35.583602393841744,-10.84944874163866,-10.67672953749895
2026-09-17T08:27:59.033660,1789633679033660700,52.70566064453125,-27.582386197304725,-6.397414387965202,-8.583326348906755
2026-09-17T08:27:59.043619,1789633679043619800,52.71561987304688,-7.28150549968183,8.367448971042036,4.270599928158521
2026-09-17T08:27:59.053579,1789633679053579800,52.725579833984376,18.830184460204837,-0.4078144926935434,5.0006888111650944
2026-09-17T08:27:59.063538,1789633679063538700,52.73553857421875,13.768303221452236,1.6799907297611236,0.1067852811135351
2026-09-17T08:27:59.073497,1789633679073497900,52.74549780273438,4.32006333950758,11.11435055491328,-5.911016187900304
2026-09-17T08:27:59.083457,1789633679083457800,52.75545776367188,-4.274311934418976,5.853491050648689,-7.701997103118896
2026-09-17T08:27:59.093416,1789633679093416700,52.765416748046874,-16.199018795013426,11.018297241824865,-6.283686301976442
2026-09-17T08:27:59.103375,1789633679103375600,52.77537573242188,-20.443026484322548,11.799423069107531,-4.085049299496412
2026-09-17T08:27:59.113334,1789633679113334500,52.78533447265625,-9.899025501358508,10.987840144240856,-7.988374250620603
2026-09-17T08:27:59.123293,1789633679123293700,52.79529370117187,-2.173064169806242,6.737832337734103,-4.448438375008106
2026-09-17T08:27:59.133254,1789633679133254000,52.80525390625,-1.2266586407348512,1.5210346780359745,-3.0633705027759075
2026-09-17T08:27:59.143212,1789633679143212800,52.815212890625,-0.0184224220630247,1.2447358569562434,-4.142006281471252
2026-09-17T08:27:59.153171,1789633679153171700,52.82517163085937,-0.3843892665077,0.4839619128286838,-1.092567273414135
2026-09-17T08:27:59.163131,1789633679163131600,52.83513159179687,-0.0721802152709104,-0.170418525981903,1.613299120235443
2026-09-17T08:27:59.173090,1789633679173090800,52.8450908203125,0.5342438009537757,-0.6630255175590515,2.311907992351055
2026-09-17T08:27:59.183049,1789633679183049700,52.8550498046875,0.2065025783359073,-1.1257459049165248,2.0805121428370477
2026-09-17T08:27:59.193008,1789633679193008600,52.86500854492188,0.0862961631785146,-0.2355973928570747,0.6013993747293949
2026-09-17T08:27:59.202968,1789633679202968800,52.87496875,-0.1495411941805854,0.1166962881445884,-0.331404037708044
2026-09-17T08:27:59.212927,1789633679212927700,52.884927734375,0.2409650208374485,-0.0380856927663087,-0.4701239416122436
2026-09-17T08:27:59.222887,1789633679222887000,52.894886962890624,0.0232055920857936,0.4050596410274505,-0.642116000521183
2026-09-17T08:27:59.232845,1789633679232845800,52.904845703125,-0.4490579919036477,0.7384118901938199,-0.7518950566232204
2026-09-17T08:27:59.242804,1789633679242804700,52.9148046875,-0.0126999436298385,0.235772164902091,-0.4330810358971357
2026-09-17T08:27:59.252764,1789633679252764700,52.9247646484375,0.0012502192568033,0.15580255613029,-0.0877630391269922
2026-09-17T08:27:59.262723,1789633679262723600,52.9347236328125,-0.1786774549569934,0.1975947021991014,0.0817149911344051
2026-09-17T08:27:59.272682,1789633679272682800,52.944682861328126,-0.0522840947929769,-0.0026987375646829,0.2136778219938278
2026-09-17T08:27:59.282643,1789633679282643000,52.954642822265626,-0.034269678142108,-0.1004120928198099,0.3082522947013378
2026-09-17T08:27:59.292601,1789633679292601900,52.96460180664062,-0.2044804065922275,-0.0010381108760833,0.269637025102973
2026-09-17T08:27:59.302560,1789633679302560800,52.97456079101563,-0.2217380865916609,0.0349941564917564,0.18528817833364
2026-09-17T08:27:59.312519,1789633679312519400,52.98451953125,0.0078014675311744,-0.1215858137518167,0.2220411611914634
2026-09-17T08:27:59.322479,1789633679322479600,52.99447973632813,0.0263159061260521,-0.1347562609702348,0.3866483705461025
2026-09-17T08:27:59.332438,1789633679332438800,53.00443872070313,0.0023866759408265,-0.0925941125452518,0.4781693009018897
2026-09-17T08:27:59.342397,1789633679342397700,53.014397705078125,0.1594018957965076,0.0064268181771039,0.4344570004254579
2026-09-17T08:27:59.352356,1789633679352356600,53.02435668945313,0.0902376856122165,0.1149216796875,0.2633078403477557
2026-09-17T08:27:59.362316,1789633679362316500,53.03431665039062,-0.1000548768799751,0.2465758829891681,-0.0695428890372626
2026-09-17T08:27:59.372275,1789633679372275700,53.044275634765626,-0.1408122730735689,0.2755506330609321,-0.2186842154463752
2026-09-17T08:27:59.382234,1789633679382234600,53.05423461914062,0.0763633279081434,0.2672650352746248,-0.1135515603780746
2026-09-17T08:27:59.392193,1789633679392193500,53.064193603515626,0.07912504770644,0.2343880170673132,0.1635527683982625
2026-09-17T08:27:59.402153,1789633679402153700,53.07415380859375,0.0864180542588233,0.1478653333902359,0.3769020160248503
2026-09-17T08:27:59.412112,1789633679412112600,53.08411254882813,0.0674834905557334,0.1466740777790546,0.415810788677074
2026-09-17T08:27:59.422071,1789633679422071800,53.09407177734375,0.1050396064899861,0.1895943510949611,0.3159387940833345
2026-09-17T08:27:59.432030,1789633679432030700,53.10403076171875,0.0326214360110461,0.212412916624546,0.1061275843897834
2026-09-17T08:27:59.441990,1789633679441990700,53.11399072265625,-0.0770716953732073,0.3117150023758411,-0.0923707886507734
2026-09-17T08:27:59.451949,1789633679451949600,53.12394946289062,-0.096328842094168,0.497408254379034,-0.163193177838251
2026-09-17T08:27:59.461908,1789633679461908500,53.133908447265625,0.0762440123774111,0.5898562364518642,-0.2058141759466379
2026-09-17T08:27:59.471867,1789633679471867600,53.14386767578125,0.0795352359425276,0.4282797730952501,-0.0144652362693101
2026-09-17T08:27:59.481827,1789633679481827800,53.153827880859374,0.0951847135603427,0.3157499569803476,0.0158990684647113
2026-09-17T08:27:59.491786,1789633679491786800,53.16378686523438,-0.0133703537046909,0.3608294541567564,-0.1221072803426533
2026-09-17T08:27:59.501745,1789633679501745700,53.17374560546875,-0.1832213089317083,0.4633592697829007,-0.3311456059675663
2026-09-17T08:27:59.511704,1789633679511704600,53.18370458984375,0.0169657478481531,0.505606758403778,-0.3115963444322348
2026-09-17T08:27:59.521664,1789633679521664500,53.19366455078125,0.1320389648355543,0.4951555070161819,-0.2387093873977661
2026-09-17T08:27:59.531623,1789633679531623700,53.20362377929688,0.0262706056796014,0.5212807128757239,-0.2002349145095795
2026-09-17T08:27:59.541582,1789633679541582600,53.21358251953125,0.0952751683227717,0.5887678566932678,-0.1961427498251199
2026-09-17T08:27:59.551541,1789633679551541500,53.22354150390625,0.402073757084459,0.67390113183856,0.0729698860775679
2026-09-17T08:27:59.561501,1789633679561501700,53.23350170898438,0.4469378579445183,0.8065718187063932,0.0048473669659346
2026-09-17T08:27:59.571460,1789633679571460600,53.243460693359374,0.1927718120872974,0.9172709122627972,-0.4525052828133106
2026-09-17T08:27:59.581419,1789633679581419800,53.25341967773438,0.2621671276137232,1.0322340930044651,-0.7244470777273178
2026-09-17T08:27:59.591378,1789633679591378700,53.263378662109375,0.5678448956519365,1.2279857976853847,-0.5056458483051508
2026-09-17T08:27:59.601338,1789633679601338600,53.273338623046875,0.7895518564529717,1.4447294369906187,-0.3468973749160766
2026-09-17T08:27:59.611297,1789633679611297500,53.28329760742187,0.876836318282783,1.5759323893934487,-0.3529038487892598
2026-09-17T08:27:59.621256,1789633679621256700,53.29325659179688,1.0338973500415682,1.8293039238721132,-0.5332973138839006
2026-09-17T08:27:59.631215,1789633679631215600,53.30321557617187,1.1875772149294614,2.1859183906823394,-0.7403145089447498
2026-09-17T08:27:59.641175,1789633679641175800,53.31317578125,1.4788161232486363,2.306743741455674,-0.7608738243054598
2026-09-17T08:27:59.651134,1789633679651134700,53.323134765625,1.844086482462287,2.6759324431568383,-0.5807803650707006
2026-09-17T08:27:59.661093,1789633679661093600,53.33309375,2.2212524466529486,3.393407928305864,-0.9211959767520428
2026-09-17T08:27:59.671052,1789633679671052800,53.343052734375,2.6672604764014483,4.561149977430701,-1.813509557890892
2026-09-17T08:27:59.681012,1789633679681012700,53.3530126953125,3.699849666453898,5.496864308878779,-1.6586235320836304
2026-09-17T08:27:59.690971,1789633679690971600,53.3629716796875,5.164469506567716,5.101337050828337,0.2845768931467086
2026-09-17T08:27:59.700930,1789633679700930600,53.3729306640625,5.842873210522532,5.563433753329515,0.2674152574002743
2026-09-17T08:27:59.710889,1789633679710889500,53.38288940429688,6.831491449162364,6.777535402569175,-0.6743756905477494
2026-09-17T08:27:59.720849,1789633679720849400,53.392849365234376,8.139814519888162,7.638942388790846,-0.4190250014832243
2026-09-17T08:27:59.730808,1789633679730808800,53.402808837890625,8.205610057356953,8.274787053957581,1.8042267657607791
2026-09-17T08:27:59.740767,1789633679740767700,53.41276782226562,5.993892624029517,6.528086009970307,5.3206864887177945
2026-09-17T08:27:59.750726,1789633679750726700,53.4227265625,0.8509118956923485,10.473584799957274,6.19680004568398
2026-09-17T08:27:59.760686,1789633679760686600,53.4326865234375,-1.5797785434275864,15.869065540635583,4.05278719831705
2026-09-17T08:27:59.770645,1789633679770645500,53.4426455078125,-3.929059111839533,15.807662685167788,2.090062061470747
2026-09-17T08:27:59.780604,1789633679780604700,53.45260473632813,-0.4414063811719417,15.507793603408336,1.0405530085384844
2026-09-17T08:27:59.790563,1789633679790563600,53.4625634765625,4.629962232372164,14.194667516314984,0.8716402109444141
2026-09-17T08:27:59.800523,1789633679800523500,53.4725234375,9.50390156341195,13.32334177814722,3.333993031784892
2026-09-17T08:27:59.810482,1789633679810482700,53.48248266601563,11.974721183824538,14.532359840512274,3.728682085445523
2026-09-17T08:27:59.820441,1789633679820441600,53.492441650390624,12.373729854249952,11.99359539564252,2.6826778257638213
2026-09-17T08:27:59.830400,1789633679830400800,53.50240087890625,17.14744764660597,8.032061416655779,2.210527931281924
2026-09-17T08:27:59.840360,1789633679840360700,53.51236059570312,9.30585911744535,8.958587063997983,2.0382215457268056
2026-09-17T08:27:59.850319,1789633679850319600,53.522319580078126,4.147472145661712,11.91181143092513,4.16718806900084
2026-09-17T08:27:59.860278,1789633679860278500,53.53227856445312,7.06301940062344,5.243009374797344,2.9455414112091063
2026-09-17T08:27:59.870237,1789633679870237700,53.54223779296875,10.211108752524853,1.9867428490325807,3.586861292916536
2026-09-17T08:27:59.880197,1789633679880197600,53.55219775390625,10.271625472807884,2.5008520628437396,3.8946053458347913
2026-09-17T08:27:59.890156,1789633679890156800,53.56215673828125,10.581673418754338,2.4230048530533908,3.63577291560173
2026-09-17T08:27:59.900115,1789633679900115700,53.57211572265625,11.799718837183711,2.1881994873568416,3.306307152479887
2026-09-17T08:27:59.910074,1789633679910074600,53.58207470703125,12.305280002880096,2.5284432496026157,3.4535482164919373
2026-09-17T08:27:59.920034,1789633679920034600,53.59203466796875,11.98648877850771,2.6788413163408635,3.864028421263397
2026-09-17T08:27:59.929993,1789633679929993700,53.60199365234375,11.637418151205775,2.549168642245233,4.052794797101616
2026-09-17T08:27:59.939952,1789633679939952600,53.61195263671875,11.217239266979696,2.1591019876882434,4.090274632929265
2026-09-17T08:27:59.949912,1789633679949912600,53.62191259765625,10.380844556939602,1.7667787863761186,3.995210330878198
2026-09-17T08:27:59.959871,1789633679959871500,53.63187158203125,9.325264075139165,1.5408014547795057,3.7596734360367057
2026-09-17T08:27:59.969830,1789633679969830400,53.641830322265626,8.179843747937678,1.890409257698059,3.330966377440095
2026-09-17T08:27:59.979789,1789633679979789800,53.651789794921875,6.841413708239793,2.261243388518691,2.935638441354036
2026-09-17T08:27:59.989749,1789633679989749800,53.661749755859375,5.519274293607473,2.2372429197281596,2.6675135743796825
2026-09-17T08:27:59.999708,1789633679999708700,53.67170874023437,4.583415585252642,1.7901304358690977,2.613229318745434
2026-09-17T08:28:00.009667,1789633680009667600,53.68166748046875,4.176132422956824,1.1580547678470612,2.558261757022142
2026-09-17T08:28:00.019626,1789633680019626500,53.69162646484375,3.863797827377915,1.0325134944677352,2.3517649325735865
2026-09-17T08:28:00.029586,1789633680029586400,53.70158642578125,3.4352702170014378,1.640024045553803,2.0608675311684608
2026-09-17T08:28:00.039545,1789633680039545600,53.71154565429688,3.036517274902761,2.648424258506298,1.947739749160409
2026-09-17T08:28:00.049504,1789633680049504500,53.72150439453125,2.199219186282158,3.4725942777454852,1.620956941512227
2026-09-17T08:28:00.059463,1789633680059463700,53.73146362304688,1.3857283819675446,3.9652778416901824,1.4838247451908886
2026-09-17T08:28:00.069423,1789633680069423600,53.74142358398438,0.7928858231812715,4.750156299504638,1.1640298967339098
2026-09-17T08:28:00.079382,1789633680079382800,53.7513828125,0.3495721470832824,5.730778863215446,0.8726585942067205
2026-09-17T08:28:00.089341,1789633680089341700,53.761341796875,-0.3144283529877662,6.893599238029122,0.471522848624736
2026-09-17T08:28:00.099300,1789633680099300600,53.771300537109376,-0.8694060221515595,8.590994691577553,0.3026280250787734
2026-09-17T08:28:00.109260,1789633680109260500,53.78126049804688,-1.7719006594344973,10.215090515637398,0.5533529905714094
2026-09-17T08:28:00.119219,1789633680119219500,53.79121948242187,-3.648951546126604,11.525647044503687,0.9158961898434906
2026-09-17T08:28:00.129178,1789633680129178600,53.8011787109375,-5.671999926510453,12.690603846824168,1.316679395660758
2026-09-17T08:28:00.139137,1789633680139137800,53.8111376953125,-8.064464387610554,13.742964197534322,1.1021026520658284
2026-09-17T08:28:00.149097,1789633680149097700,53.82109765625,-11.053000306415557,14.443713588809969,0.8839432276785373
2026-09-17T08:28:00.159056,1789633680159056600,53.831056640625,-14.331845451474187,15.334515596342086,0.3358551718980074
2026-09-17T08:28:00.169015,1789633680169015600,53.841015625,-18.0440808445096,15.5804824075222,-1.4160007706344129
2026-09-17T08:28:00.178974,1789633680178974700,53.850974609375,-21.55780558954477,14.565675250136852,-4.329877462035418
2026-09-17T08:28:00.188934,1789633680188934700,53.8609345703125,-25.477066945469375,11.84181610367894,-8.237757007724046
2026-09-17T08:28:00.198893,1789633680198893600,53.8708935546875,-29.829080251467225,6.788880972447991,-9.74122563393116
2026-09-17T08:28:00.208852,1789633680208852500,53.8808525390625,-34.028554387044906,-0.7526736397802829,-8.932299945574998
2026-09-17T08:28:00.218811,1789633680218811600,53.89081176757813,-37.30679396742582,-7.344981069770455,-9.771874454694986
2026-09-17T08:28:00.228771,1789633680228771600,53.900771484375,-39.99738797314167,-9.730416070625186,-11.80893791642785
2026-09-17T08:28:00.238730,1789633680238730800,53.910730712890626,-41.870247545623776,-9.135628807511925,-12.71792206186056
2026-09-17T08:28:00.248689,1789633680248689700,53.92068969726562,-38.99431567721366,-8.717350788471101,-10.960447110402583
2026-09-17T08:28:00.258648,1789633680258648600,53.930648681640626,-19.42952047266364,0.3054161944925785,-2.7332044824302195
2026-09-17T08:28:00.268608,1789633680268608500,53.9406083984375,20.591132640731335,3.969562971663475,5.666591345465183
2026-09-17T08:28:00.278567,1789633680278567700,53.95056762695312,19.66372553437948,4.062379787048697,-0.1795487578988075
2026-09-17T08:28:00.288526,1789633680288526600,53.96052661132813,6.0995361877620216,4.184630202189088,-7.085600065743923
2026-09-17T08:28:00.298485,1789633680298485500,53.97048559570312,0.2049218302167952,3.889387026664614,-9.50793125731945
2026-09-17T08:28:00.308445,1789633680308445700,53.98044580078125,-8.295676697251201,11.796224565327169,-9.671720136028528
2026-09-17T08:28:00.318404,1789633680318404000,53.99040405273438,-16.402153011161086,9.505729363361,-3.202908737325668
2026-09-17T08:28:00.328363,1789633680328363300,54.00036328125,-17.015659003269672,8.665012698468566,-1.1640005975741892
2026-09-17T08:28:00.338322,1789633680338322200,54.010322265625,-8.032384657260774,9.582242109677194,-5.128679231262207
2026-09-17T08:28:00.348282,1789633680348282000,54.0202822265625,-1.4581018365219234,5.679077902072668,-0.6758452516436576
2026-09-17T08:28:00.358241,1789633680358241000,54.030240966796875,-0.1620218325039371,-0.419954427820444,0.4206055486729368
2026-09-17T08:28:00.368200,1789633680368200000,54.04019995117188,1.1107209158726037,-0.6883627879112959,-1.873070000362396
2026-09-17T08:28:00.378160,1789633680378160000,54.05016015625,0.802985411586985,-1.0455863265305756,-0.8799790002226829
2026-09-17T08:28:00.388119,1789633680388119300,54.06011938476563,-0.3955328110083937,-0.4656020802736282,1.1778397378344088
2026-09-17T08:28:00.398078,1789633680398078200,54.070078125,-0.3943899611162021,-0.0732365011245012,2.181253321480751
2026-09-17T08:28:00.408037,1789633680408037000,54.080037109375,0.3173277276910841,-0.4522895942360162,2.0252514433860775
2026-09-17T08:28:00.417997,1789633680417997000,54.0899970703125,0.4792326923497021,-0.4902636433213949,0.601202902309224
2026-09-17T08:28:00.427956,1789633680427956200,54.099956298828126,-0.0068385133836884,0.29545418792665,-0.865152017968893
2026-09-17T08:28:00.437915,1789633680437915100,54.1099150390625,0.1102147623718716,0.1446165607273578,-0.9294342282652854
2026-09-17T08:28:00.447874,1789633680447874000,54.1198740234375,0.1083414062480442,0.4595212990552186,-0.7598375400602817
2026-09-17T08:28:00.457834,1789633680457834200,54.12983422851563,-0.596799041327089,0.7134241639316081,-0.465253705227375
2026-09-17T08:28:00.467793,1789633680467793200,54.13979321289062,0.0102130952501669,0.3645674716413021,-0.0608697715044021
2026-09-17T08:28:00.477752,1789633680477752300,54.14975244140625,0.5804577089875936,0.0345680400341749,0.286934781384468
2026-09-17T08:28:00.487711,1789633680487711200,54.159711181640624,0.2855514737999066,0.038396658411622,0.4785480710864067
2026-09-17T08:28:00.497671,1789633680497671200,54.169671142578125,-0.2270872290672734,-0.0264227275013923,0.4874731358200311
2026-09-17T08:28:00.507630,1789633680507630000,54.17963012695313,-1.17088582704328,0.0457639723092317,0.2132154469127766
2026-09-17T08:28:00.517589,1789633680517589000,54.189589111328125,-0.9132507168360054,0.0873655642420053,-0.1751911289448849
2026-09-17T08:28:00.527548,1789633680527548200,54.19954809570312,-0.3476637927113101,0.0089233111679553,-0.3562725215047597
2026-09-17T08:28:00.537508,1789633680537508400,54.20950830078125,-0.5530663191171362,0.4608019865155219,-0.6721621792167425
2026-09-17T08:28:00.547467,1789633680547467300,54.21946728515625,-0.4217686376355588,0.5510363841921091,-0.7266390348136424
2026-09-17T08:28:00.557426,1789633680557426200,54.22942626953125,0.0307740545786917,0.2592161688536405,-0.4171966170122846
2026-09-17T08:28:00.567385,1789633680567385000,54.23938500976563,-0.0151633746013045,0.317886384487152,-0.1751712369343265
2026-09-17T08:28:00.577345,1789633680577345000,54.24934497070313,-0.1785704874511808,0.3081201927542686,-0.0964314622184261
2026-09-17T08:28:00.587304,1789633680587304200,54.25930419921875,0.0055414867099374,0.1727086827456951,-0.0194639944046735
2026-09-17T08:28:00.597263,1789633680597263000,54.26926318359375,0.1178867400381714,0.3769453071773052,-0.0016950769474729
2026-09-17T08:28:00.607222,1789633680607222000,54.279221923828125,0.1083607137367129,0.5050152222514153,-0.0299871419847011
2026-09-17T08:28:00.617182,1789633680617182000,54.289181884765625,0.1438196381960064,0.4203156623482704,0.0182908224394544
2026-09-17T08:28:00.627141,1789633680627141000,54.29914111328125,0.1309798111714422,0.3267746243417262,0.0776344072898849
2026-09-17T08:28:00.637100,1789633680637100300,54.30910034179688,0.1439664993207901,0.2119441300690174,0.3111176575371995
2026-09-17T08:28:00.647059,1789633680647059200,54.31905908203125,0.3224496007494628,0.0157674779742956,0.5184416900575161
2026-09-17T08:28:00.657019,1789633680657019100,54.32901904296875,0.1856212827455252,-0.0788362208276987,0.9973574254125356
2026-09-17T08:28:00.666978,1789633680666978000,54.33897802734375,0.3355222866818309,-0.061755906689167,0.8253577677190304
2026-09-17T08:28:00.676937,1789633680676937200,54.348937255859376,-0.0344461672201752,0.0710854605704545,0.1047984181452542
2026-09-17T08:28:00.686896,1789633680686896000,54.35889624023437,-0.2586851307168603,0.383590736541152,-0.0444586618643254
2026-09-17T08:28:00.696856,1789633680696856000,54.36885595703125,0.1420976367089897,0.4156313039243221,0.0092698595833033
2026-09-17T08:28:00.706815,1789633680706815200,54.37881518554688,0.1482229877214878,0.8109715149700641,-0.0472381365150213
2026-09-17T08:28:00.716774,1789633680716774100,54.388774169921874,-0.0318788740154355,0.5282417840600013,-0.2722199542682618
2026-09-17T08:28:00.726734,1789633680726734000,54.398734130859374,-0.0299522168017923,0.6148866328120232,-0.4298246644496917
2026-09-17T08:28:00.736693,1789633680736693200,54.408693359375,-0.1023778399348259,0.5271732780456543,-0.6527034455090761
2026-09-17T08:28:00.746652,1789633680746652200,54.418652099609375,-0.1858892129667103,0.3993289884209632,-0.7140530364196747
2026-09-17T08:28:00.756611,1789633680756611000,54.42861108398437,-0.2140028161644935,0.3003583265811205,-0.5457044485796243
2026-09-17T08:28:00.766571,1789633680766571000,54.43857104492187,-0.0587584784388542,0.2758703665345907,-0.1731949318926781
2026-09-17T08:28:00.776530,1789633680776530000,54.44853002929688,0.1938138684861362,0.1355441964775323,0.2638585147667676
2026-09-17T08:28:00.786489,1789633680786489300,54.4584892578125,0.2984764583572745,0.050828854483366,0.6046072308599949
2026-09-17T08:28:00.796448,1789633680796448300,54.4684482421875,0.2569094993464648,0.1685994938611984,0.5469623396862298
2026-09-17T08:28:00.806408,1789633680806408200,54.478408203125,-0.0006784837834537,0.4065454956710338,-0.1992950763761997
2026-09-17T08:28:00.816367,1789633680816367000,54.4883671875,0.0117034434057772,1.0436918910861015,-0.945696211758256
2026-09-17T08:28:00.826326,1789633680826326000,54.49832592773438,0.5022423965372145,1.2748638687163591,-0.6112029027979821
2026-09-17T08:28:00.836285,1789633680836285200,54.50828515625,0.8094130334816872,1.6012684907019137,-0.3588783200889825
2026-09-17T08:28:00.846245,1789633680846245000,54.5182451171875,0.8800539651550352,1.917289665839076,-0.412509372511506
2026-09-17T08:28:00.856204,1789633680856204000,54.5282041015625,0.9996551809608936,2.072681303080916,-0.5618506236732006
2026-09-17T08:28:00.866163,1789633680866163000,54.53816284179688,1.111108892276883,2.417707623428106,-0.8804757707636803
2026-09-17T08:28:00.876122,1789633680876122000,54.5481220703125,1.4884581040799616,2.7736288472771644,-0.942401773322746
2026-09-17T08:28:00.886082,1789633680886082000,54.55808203125,1.9699585952311751,2.8074767563432452,-0.6529377657216042
2026-09-17T08:28:00.896041,1789633680896041200,54.56804125976562,2.423570085720718,3.1215976508170367,-0.2229915207188576
2026-09-17T08:28:00.906000,1789633680906000100,54.578000244140625,2.9385417615801095,3.666640347552299,-0.167326405185461
2026-09-17T08:28:00.915959,1789633680915959000,54.587958984375,3.528063943772018,4.400557264414429,-0.4618962114930152
2026-09-17T08:28:00.925919,1789633680925919000,54.5979189453125,4.119607402658462,6.024725569188594,-1.7049661810636518
2026-09-17T08:28:00.935878,1789633680935878100,54.60787817382813,5.285775334334373,7.1077551989287135,-2.6330601006358862
2026-09-17T08:28:00.945837,1789633680945837000,54.61783715820312,7.180194412195682,6.878688669145107,-0.9046610215365886
2026-09-17T08:28:00.955796,1789633680955796200,54.62779614257813,8.803069170027971,7.207151977226138,0.5071184050757438
2026-09-17T08:28:00.965756,1789633680965756200,54.63775610351563,9.891668708854914,8.475228377759455,1.0603401704829185
2026-09-17T08:28:00.975715,1789633680975715000,54.647715087890624,8.739391939887405,7.647882651093601,2.8538573992460963
2026-09-17T08:28:00.985674,1789633680985674200,54.65767431640625,3.3115146579951045,8.119557913801074,5.420799890851974
2026-09-17T08:28:00.995633,1789633680995633200,54.667633056640625,-0.358353419432044,13.730669364106657,5.834738419383764
2026-09-17T08:28:01.005593,1789633681005593000,54.677593017578126,-3.62965589402616,18.537158960729837,3.8497681329816578
2026-09-17T08:28:01.015552,1789633681015552000,54.68755200195312,-3.729447809121013,16.279087772506475,2.3105700217455625
2026-09-17T08:28:01.025511,1789633681025511000,54.697510986328126,0.810302237406373,16.8932601195693,1.7748083635747431
2026-09-17T08:28:01.035470,1789633681035470300,54.70747021484375,8.145763783681392,14.707459217786788,1.8665730395585296
2026-09-17T08:28:01.045430,1789633681045430300,54.71743017578125,11.904714166140556,14.138615374225378,4.359528503933548
2026-09-17T08:28:01.055389,1789633681055389200,54.72738916015625,15.32412162809968,14.248491460961102,2.786722137606144
2026-09-17T08:28:01.065348,1789633681065348000,54.73734814453125,18.01530483188033,11.229672047573327,2.7965450279623267
2026-09-17T08:28:01.075308,1789633681075308000,54.74730810546875,11.398197891676425,8.809696479213237,1.4177515598244963
2026-09-17T08:28:01.085267,1789633681085267000,54.75726684570313,4.032390891498327,12.884495602852104,3.686100250303745
2026-09-17T08:28:01.095226,1789633681095226000,54.76722607421875,3.950760071516037,7.857645929992199,2.346175880394876
2026-09-17T08:28:01.105185,1789633681105185000,54.77718505859375,6.937763373926281,2.5173189212590454,2.561197810474038
2026-09-17T08:28:01.115145,1789633681115145200,54.787145263671874,8.592297006347774,2.714808701778948,3.4396459478676316
2026-09-17T08:28:01.125104,1789633681125104000,54.79710424804688,9.029881198883055,2.460560092204809,3.65113152051419
2026-09-17T08:28:01.135063,1789633681135063300,54.807063232421875,10.56675057491064,1.3555559465438127,3.48843774356544
2026-09-17T08:28:01.145022,1789633681145022200,54.81702221679687,12.030239072906973,1.4868991842001675,3.459356902770698
2026-09-17T08:28:01.154982,1789633681154982100,54.82698217773437,13.020356025671958,2.2698975273564455,3.4849978322446344
2026-09-17T08:28:01.164941,1789633681164941000,54.836941162109376,13.218499593925475,2.465586395934224,3.36895533183366
2026-09-17T08:28:01.174900,1789633681174900000,54.84689990234375,12.577519903957842,2.1027391722142696,3.445527114860713
2026-09-17T08:28:01.184859,1789633681184859100,54.85685913085938,11.727447381699085,1.927440765236318,3.594051496681571
2026-09-17T08:28:01.194819,1789633681194819300,54.8668193359375,11.013612883400915,1.978282771462202,3.6423376809448
2026-09-17T08:28:01.204778,1789633681204778200,54.8767783203125,9.919563262474536,2.213372214797139,3.775225517694652
2026-09-17T08:28:01.214737,1789633681214737200,54.88673706054688,8.378484159797429,2.1918793449133633,3.894212839385867
2026-09-17T08:28:01.224696,1789633681224696000,54.896696044921875,6.589854191619158,2.1713006672650574,3.5826699787065386
2026-09-17T08:28:01.234656,1789633681234656000,54.906656005859375,5.264710918995737,2.0303174946039912,3.3524346974045036
2026-09-17T08:28:01.244615,1789633681244615200,54.916615234375,4.789146247634291,1.346858845347166,3.368804525186121
2026-09-17T08:28:01.254574,1789633681254574000,54.926573974609376,4.563468191245198,1.1474947953879833,3.01772928006351
2026-09-17T08:28:01.264533,1789633681264533000,54.93653295898437,4.192197422572971,1.8725801710188388,2.566746384511888
2026-09-17T08:28:01.274493,1789633681274493200,54.9464931640625,3.3524715222835537,2.7804098857194184,2.2282905285961925
2026-09-17T08:28:01.284452,1789633681284452000,54.9564521484375,2.20026869533509,3.2229537464886904,1.8470131835639476
2026-09-17T08:28:01.294411,1789633681294411300,54.966411376953126,1.099143144673109,3.3775282221287486,1.631217200372368
2026-09-17T08:28:01.304371,1789633681304371200,54.97637109375,0.3383303298398852,3.808674490571022,1.4619728327363728
2026-09-17T08:28:01.314330,1789633681314330600,54.98633056640625,-0.2457426470354199,4.591481987330317,1.0243618983246383
2026-09-17T08:28:01.324289,1789633681324289500,54.99628955078125,-0.6970923300728201,5.9182297725409265,0.5697044059135019
2026-09-17T08:28:01.334248,1789633681334248400,55.00624853515625,-1.1509965198986232,7.9965300845474,-0.2089331847500055
2026-09-17T08:28:01.344208,1789633681344208600,55.016208740234376,-1.796137713459879,10.73793950074315,-0.4008749757539481
2026-09-17T08:28:01.354167,1789633681354167800,55.02616772460937,-3.773044958785176,12.10661270301342,-0.3909913681864738
2026-09-17T08:28:01.364126,1789633681364126700,55.036126708984376,-5.932318503648042,13.236182550132272,0.0224585000455379
2026-09-17T08:28:01.374085,1789633681374085600,55.04608569335937,-8.838433913397788,14.033849177849293,-0.125986679059267
2026-09-17T08:28:01.384045,1789633681384045600,55.056045654296874,-11.87762508368492,13.977155230724811,-0.1496428553236182
2026-09-17T08:28:01.394004,1789633681394004500,55.06600439453125,-15.727885968619583,15.43266149779558,-0.2823381012439727
2026-09-17T08:28:01.403963,1789633681403963600,55.075963623046874,-20.648927827095985,15.346917981797455,-0.7704594718396663
2026-09-17T08:28:01.413922,1789633681413922600,55.08592260742188,-25.146157413280008,14.083320772504806,-2.6974118690371514
2026-09-17T08:28:01.423882,1789633681423882800,55.0958828125,-28.991102656149863,10.848214231407642,-6.801492032217979
2026-09-17T08:28:01.433841,1789633681433841700,55.105841552734375,-31.441196299397944,6.257884921243787,-9.808072726279496
2026-09-17T08:28:01.443800,1789633681443800600,55.11580053710937,-34.46332176859379,0.7896674456566571,-10.445959126406908
2026-09-17T08:28:01.453759,1789633681453759700,55.125759765625,-37.953258810806275,-5.895792899805307,-11.146706179594991
2026-09-17T08:28:01.463719,1789633681463719700,55.1357197265625,-39.75331501288414,-10.124265166330336,-12.780892605036495
2026-09-17T08:28:01.473678,1789633681473678600,55.1456787109375,-39.868222664046286,-11.419322512769698,-12.187480137407778
2026-09-17T08:28:01.483637,1789633681483637500,55.15563745117188,-37.90247087285518,-5.786052422147989,-6.640127750307321
2026-09-17T08:28:01.493596,1789633681493596700,55.1655966796875,2.53642518826723,-2.2986218097984787,-0.8306430146455764
2026-09-17T08:28:01.503556,1789633681503556600,55.175556640625,16.31788482841253,-0.0582481908291578,6.101542266887426
2026-09-17T08:28:01.513515,1789633681513515800,55.18551586914062,10.031921229153872,16.123044977879523,-1.598205595999956
2026-09-17T08:28:01.523474,1789633681523474700,55.195474609375,-3.092098876871169,0.6044014791548252,-3.693472240376472
2026-09-17T08:28:01.533434,1789633681533434600,55.2054345703125,-9.804611187648772,10.714668515270947,-4.6999452846586705
2026-09-17T08:28:01.543393,1789633681543393500,55.2153935546875,-15.44448754466772,9.864971256065369,-2.6569208686947823
2026-09-17T08:28:01.553352,1789633681553352700,55.22535278320313,-14.012541016882658,9.023547319686411,-4.377213213706017
2026-09-17T08:28:01.563311,1789633681563311600,55.2353115234375,-4.573529858793318,8.494849024030566,-6.021599546122551
2026-09-17T08:28:01.573271,1789633681573271600,55.245271484375,-1.5580831367090344,3.7957097950577734,-3.3641876790404317
2026-09-17T08:28:01.583230,1789633681583230700,55.25523071289062,-2.0194629231125116,1.4970219342857598,-2.763722370290756
2026-09-17T08:28:01.593189,1789633681593189600,55.265189697265626,0.2666490405344404,0.1623538774698972,-1.978206783616543
2026-09-17T08:28:01.603148,1789633681603148800,55.27514868164062,0.583621689443849,-0.2819856345444917,-0.0698106913942843
2026-09-17T08:28:01.613108,1789633681613108700,55.28510864257812,-0.0439318478115135,-0.5200274979442358,1.6017536438703537
2026-09-17T08:28:01.623067,1789633681623067600,55.29506762695313,-0.2716442550058476,-0.1996317609846591,1.6767045476973057
2026-09-17T08:28:01.633026,1789633681633026600,55.30502661132813,-0.307666676833108,-0.7806815906465053,1.5635224051535128
2026-09-17T08:28:01.642985,1789633681642985500,55.3149853515625,0.106182200653851,-0.8288847728013992,0.9788403564691543
2026-09-17T08:28:01.652945,1789633681652945400,55.3249453125,0.1427194584017619,-0.1581646090865135,0.0272597628474235
2026-09-17T08:28:01.662904,1789633681662904800,55.33490478515625,-0.2933249025466852,0.5639958190083504,-0.7565291461646556
2026-09-17T08:28:01.672863,1789633681672863700,55.34486376953125,-0.2938517759650014,0.8768453783720731,-1.173727041818574
2026-09-17T08:28:01.682822,1789633681682822700,55.35482275390625,-0.0605326302382163,0.4777320785284042,-0.9698761287689208
2026-09-17T08:28:01.692782,1789633681692782600,55.364782470703126,0.0508903023470193,0.2268161205083131,-0.3728162445485591
2026-09-17T08:28:01.702741,1789633681702741500,55.37474145507812,-0.1273353537218645,0.109268768492341,0.2095242094457149
2026-09-17T08:28:01.712700,1789633681712700700,55.38470068359375,-0.099360976331681,-0.0081587565362453,0.5153402169108391
2026-09-17T08:28:01.722659,1789633681722659600,55.39465966796875,-0.1196687646167352,0.0591641366302967,0.3186264257321134
2026-09-17T08:28:01.732619,1789633681732619500,55.40461962890625,-0.1839480523036792,0.1808089870929718,0.0043301016261801
2026-09-17T08:28:01.742578,1789633681742578700,55.41457861328125,-0.0965982336200773,0.1987169842272997,-0.0778069143125787
2026-09-17T08:28:01.752537,1789633681752537600,55.42453759765625,0.0277935043979436,0.023918635725975,0.0921767456497065
2026-09-17T08:28:01.762496,1789633681762496800,55.43449682617187,0.1417049841295927,-0.0113964232832193,0.2791045078839175
2026-09-17T08:28:01.772456,1789633681772456700,55.444456787109374,0.0257007699023932,0.103615857297182,0.2556616729761474
2026-09-17T08:28:01.782415,1789633681782415600,55.45441552734375,-0.016132584959641,0.2709638897925615,0.1253284800120163
2026-09-17T08:28:01.792374,1789633681792374500,55.46437451171875,0.0360970031671226,0.1983686091810464,0.0279869080781936
2026-09-17T08:28:01.802334,1789633681802334500,55.47433447265625,-0.0136935212444514,0.248079273289442,-0.0228045415708096
2026-09-17T08:28:01.812293,1789633681812293600,55.48429370117187,-0.1631234005376696,0.312104878476262,-0.0954968482494354
2026-09-17T08:28:01.822252,1789633681822252800,55.49425268554688,-0.0638791824534535,0.2395312251746654,-0.0531248564660549
2026-09-17T08:28:01.832211,1789633681832211700,55.50421166992187,0.2053346488013863,0.1549012233763933,0.1189543053376022
2026-09-17T08:28:01.842171,1789633681842171600,55.51417163085937,0.0632407384194433,0.2229734736055135,0.2182867770940065
2026-09-17T08:28:01.852130,1789633681852130600,55.52413061523438,-0.0893194747887551,0.1234229660511016,0.2358621812731027
2026-09-17T08:28:01.862089,1789633681862089700,55.53408984375,-0.0111664869848638,0.1270803195148706,0.19729719882356
2026-09-17T08:28:01.872048,1789633681872048600,55.54404858398438,-0.022923633339256,0.1194639992922544,0.1360679098243825
2026-09-17T08:28:01.882008,1789633681882008600,55.55400854492188,0.0367030793014913,0.1524263576954603,0.1559989554852247
2026-09-17T08:28:01.891967,1789633681891967500,55.563967529296875,0.1231484599586576,0.1613946770489215,0.2195815113459713
2026-09-17T08:28:01.901926,1789633681901926400,55.57392651367188,0.1483195799637585,0.2037818664014339,0.1944663410454988
2026-09-17T08:28:01.911885,1789633681911885800,55.5838857421875,0.0614176877107471,0.1989373489797115,0.047813342587091
2026-09-17T08:28:01.921845,1789633681921845800,55.593845703125,-0.1772447187401354,0.2168377473294734,-0.0243394549539312
2026-09-17T08:28:01.931804,1789633681931804700,55.6038046875,-0.159393054902926,0.3938695539712906,-0.1549204760661348
2026-09-17T08:28:01.941763,1789633681941763600,55.613763671875,-0.0575282790567725,0.0871674113214015,0.0245008560607209
2026-09-17T08:28:01.951722,1789633681951722500,55.62372241210937,0.0628047581549733,0.0767260968059301,0.3921487580606713
2026-09-17T08:28:01.961682,1789633681961682400,55.633682373046874,0.1721644198011606,-0.0990016414999961,0.6806465144455432
2026-09-17T08:28:01.971641,1789633681971641600,55.6436416015625,0.0903222220905125,0.0078092124462127,0.5524159289170056
2026-09-17T08:28:01.981600,1789633681981600500,55.6536005859375,-0.1969555275127291,0.2080295869737863,-0.0003495440900325
2026-09-17T08:28:01.991559,1789633681991559700,55.6635595703125,-0.1241860593780875,0.5643950474590063,-0.3296451382767409
2026-09-17T08:28:02.001519,1789633682001519600,55.67351953125,0.2126186683297157,0.6106751525968312,-0.1397638599991798
2026-09-17T08:28:02.011478,1789633682011478800,55.68347875976563,0.4057214659370481,0.7938590521275997,0.0834073281355202
2026-09-17T08:28:02.021437,1789633682021437700,55.693437744140624,0.2846471088387072,0.8736649947702884,-0.0618161124438047
2026-09-17T08:28:02.031396,1789633682031396600,55.70339672851563,0.0738617934159934,1.2612789954781531,-0.9943241951964796
2026-09-17T08:28:02.041356,1789633682041356500,55.7133564453125,0.0147677994124591,1.4958084668427705,-1.5162147105336188
2026-09-17T08:28:02.051315,1789633682051315500,55.7233154296875,0.4724032847210764,1.451653683295846,-1.075462336291
2026-09-17T08:28:02.061274,1789633682061274600,55.73327465820312,0.6818439075365662,1.2933084569454192,-0.5305067333173007
2026-09-17T08:28:02.071234,1789633682071234800,55.74323486328125,0.5843126308500767,1.4996955374091865,-0.4114459810636937
2026-09-17T08:28:02.081193,1789633682081193700,55.75319384765625,0.7512608503729105,1.7308470567733047,-0.613508257130906
2026-09-17T08:28:02.091152,1789633682091152600,55.76315258789062,0.8546963826671242,1.7647534180283546,-0.7168884790413081
2026-09-17T08:28:02.101111,1789633682101111600,55.77311157226563,1.2639321403354409,2.19160578866899,-0.3992616222731769
2026-09-17T08:28:02.111071,1789633682111071500,55.78307153320313,1.7270763060629366,2.5045938797205687,-0.2233276208054274
2026-09-17T08:28:02.121030,1789633682121030700,55.79303076171875,2.0363822014704347,3.37467283269763,-0.7244271309178322
2026-09-17T08:28:02.130989,1789633682130989600,55.80298950195313,2.6906074497193098,4.3579339282184835,-0.9587298077892512
2026-09-17T08:28:02.140948,1789633682140948500,55.812948486328125,3.7774496234849098,4.45883643490374,-0.0495364035200327
2026-09-17T08:28:02.150908,1789633682150908700,55.82290869140625,4.3848616826325655,4.395141669106483,0.3468400917708873
2026-09-17T08:28:02.160867,1789633682160867600,55.83286767578125,4.809624095256626,5.67390897500217,-0.7280804657936095
2026-09-17T08:28:02.170826,1789633682170826800,55.84282666015625,6.016518297335505,6.04427899544239,-1.151476485435292
2026-09-17T08:28:02.180785,1789633682180785700,55.85278564453125,7.027015190306305,6.033964522176981,0.2125011794298887
2026-09-17T08:28:02.190745,1789633682190745600,55.86274560546875,7.1677896886527535,6.37093613088429,1.493930982533097
2026-09-17T08:28:02.200704,1789633682200704500,55.87270458984375,6.557617224881053,7.870718762055039,2.9678292308628555
2026-09-17T08:28:02.210663,1789633682210663700,55.88266357421875,3.471473164761066,7.311227268728613,5.414660657444596
2026-09-17T08:28:02.220622,1789633682220622600,55.89262255859375,-0.0548912816166877,9.018264995369314,5.554844788682461
2026-09-17T08:28:02.230582,1789633682230582800,55.90258276367187,-2.704810747116804,14.94630889043808,2.783479794684052
2026-09-17T08:28:02.240541,1789633682240541700,55.91254174804688,-2.657678409063816,15.444401035428044,0.0128670072924345
2026-09-17T08:28:02.250500,1789633682250500600,55.92250048828125,0.91926120929718,14.28519709754586,0.6443051080632954
2026-09-17T08:28:02.260459,1789633682260459800,55.93245971679688,4.149598051774501,12.74360361560583,2.722988208842277
2026-09-17T08:28:02.270419,1789633682270419700,55.94241967773438,8.498600485518574,13.448271641629931,3.3623347446501253
2026-09-17T08:28:02.280378,1789633682280378600,55.952378662109375,9.430765015530586,12.983780152946707,3.6759558729082342
2026-09-17T08:28:02.290337,1789633682290337500,55.96233764648437,11.840907756662368,9.29831936959028,2.583958508336544
2026-09-17T08:28:02.300296,1789633682300296400,55.97229638671875,15.19086349673271,7.169911503112315,1.7524933636531232
2026-09-17T08:28:02.310256,1789633682310256400,55.98225634765625,6.549198940625787,11.713445744353532,3.434479651145637
2026-09-17T08:28:02.320215,1789633682320215600,55.99221557617187,6.391306134217977,9.787344411027432,4.274626114934683
2026-09-17T08:28:02.330174,1789633682330174500,56.00217456054688,10.785146657598018,4.049315722814202,3.9522845046043393
2026-09-17T08:28:02.340134,1789633682340134400,56.01213452148438,12.388254054164886,2.582522338053584,4.2878789797395465
2026-09-17T08:28:02.350093,1789633682350093300,56.02209326171875,11.798006188046932,2.8481889982208606,4.1829689909785985
2026-09-17T08:28:02.360052,1789633682360052200,56.03205224609375,12.437842553198337,2.436307109957933,3.730189567399025
2026-09-17T08:28:02.370011,1789633682370011400,56.042011474609374,13.108221356129643,2.308862925566733,3.526435758048296
2026-09-17T08:28:02.379971,1789633682379971300,56.051971435546875,12.887611104524137,2.4125629540160296,3.619662907800078
2026-09-17T08:28:02.389930,1789633682389930500,56.06193041992187,12.19432371969223,2.455880409955978,3.685744276472926
2026-09-17T08:28:02.399889,1789633682399889400,56.07188940429688,11.302953556883336,2.406426350957155,3.870870249982178
2026-09-17T08:28:02.409848,1789633682409848600,56.0818486328125,10.172852963888644,2.098454334501922,4.0204239748507735
2026-09-17T08:28:02.419808,1789633682419808500,56.09180859375,9.145987704440952,1.7041536956369876,3.952655091482401
2026-09-17T08:28:02.429767,1789633682429767400,56.10176733398438,8.427965691325069,1.2836504017621275,3.846706991845369
2026-09-17T08:28:02.439726,1789633682439726300,56.11172631835937,7.735866054973005,0.8176379871219396,3.650200669404864
2026-09-17T08:28:02.449685,1789633682449685200,56.12168530273438,6.874734378561377,1.0507564226448536,3.146009623017907
2026-09-17T08:28:02.459645,1789633682459645200,56.13164526367188,6.028033378562331,1.8265940803915264,2.726655499178171
2026-09-17T08:28:02.469604,1789633682469604600,56.1416044921875,5.174765275132656,2.2378519915372133,2.5923952050313352
2026-09-17T08:28:02.479563,1789633682479563500,56.1515634765625,4.26795379756391,2.497651513236761,2.51513719330579
2026-09-17T08:28:02.489522,1789633682489522400,56.1615224609375,3.5040415554106232,2.778226696461439,2.354906737730652
2026-09-17T08:28:02.499482,1789633682499482400,56.171482421875,2.981394814878702,2.9989737261891363,2.1152523245677353
2026-09-17T08:28:02.509441,1789633682509441300,56.18144116210937,2.2718162204593417,3.14635858258605,1.8892606721848249
2026-09-17T08:28:02.519400,1789633682519400400,56.191400390625,1.5545973404198885,3.135882781279087,1.6604992628276347
2026-09-17T08:28:02.529360,1789633682529360400,56.2013603515625,0.90751173479259,3.2670366338431833,1.326386550682783
2026-09-17T08:28:02.539319,1789633682539319300,56.2113193359375,0.3025193040072917,4.2081548701614135,0.9535527704775332
2026-09-17T08:28:02.549278,1789633682549278500,56.22127856445312,0.030067513744533,5.477983082798123,0.634091830150038
2026-09-17T08:28:02.559237,1789633682559237400,56.2312373046875,-0.6647247226923704,6.66767685149014,0.2872317185044288
2026-09-17T08:28:02.569197,1789633682569197300,56.241197265625,-1.2253816065363583,7.985443457865714,0.1904682113200426
2026-09-17T08:28:02.579156,1789633682579156500,56.25115649414062,-2.0531402979172766,8.895857343840598,0.1633522408574819
2026-09-17T08:28:02.589115,1789633682589115400,56.26111547851563,-3.3407655946597457,9.52014484220445,-0.0172205993920564
2026-09-17T08:28:02.599074,1789633682599074300,56.27107421875,-4.772630581641197,10.414702402877808,-0.1713011175027117
2026-09-17T08:28:02.609034,1789633682609034200,56.2810341796875,-7.091027351489663,11.8091448371768,-0.609105090268515
2026-09-17T08:28:02.618993,1789633682618993400,56.29099340820313,-10.140703090912105,12.791225783002377,-1.354126790523529
2026-09-17T08:28:02.628952,1789633682628952300,56.300952392578125,-13.36873808618784,12.798494897222518,-1.4716320569634436
2026-09-17T08:28:02.638911,1789633682638911500,56.31091137695312,-16.50371836566925,12.377587698721886,-1.975516813880205
2026-09-17T08:28:02.648871,1789633682648871400,56.32087133789062,-19.5348606695354,11.082104820346832,-3.151503544259071
2026-09-17T08:28:02.658830,1789633682658830300,56.330830322265626,-22.331067259323596,9.884884747803213,-4.977077633953094
2026-09-17T08:28:02.668789,1789633682668789500,56.34078955078125,-26.221467262423037,6.125193776109814,-7.84712453597784
2026-09-17T08:28:02.678748,1789633682678748400,56.35074853515625,-28.448710766184327,3.536439850190282,-8.489709323054552
2026-09-17T08:28:02.688708,1789633682688708400,56.36070825195313,-32.44795809749365,-0.8274334049493074,-9.737962832742928
2026-09-17T08:28:02.698667,1789633682698667300,56.37066723632813,-35.30306695810556,-6.479830805367231,-11.156927129358053
2026-09-17T08:28:02.708626,1789633682708626200,56.38062622070313,-37.24443951032161,-10.31499348989129,-11.913190902584793
2026-09-17T08:28:02.718586,1789633682718586400,56.39058642578125,-37.46975867027045,-11.549038441485166,-11.501636054319142
2026-09-17T08:28:02.728545,1789633682728545500,56.40054565429688,-34.81796522759199,-10.110400307106971,-10.616745901179312
2026-09-17T08:28:02.738504,1789633682738504400,56.41050439453125,-26.162213109421728,-5.520331693705916,-7.528215238183736
2026-09-17T08:28:02.748463,1789633682748463400,56.42046337890625,1.598676428382099,11.945385199224948,6.833623200494051
2026-09-17T08:28:02.758423,1789633682758423300,56.43042333984375,36.39153556402921,9.854545723640918,9.102339701372385
2026-09-17T08:28:02.768382,1789633682768382200,56.44038232421875,15.095418086409568,1.6579484093010424,-2.4405229740872976
2026-09-17T08:28:02.778341,1789633682778341400,56.45034130859375,0.3383322295360267,-0.718663233628869,-4.870881697034836
2026-09-17T08:28:02.788300,1789633682788300300,56.46030029296875,-4.005266445468366,6.7047595046937465,-7.54751030576229
2026-09-17T08:28:02.798260,1789633682798260500,56.47026049804688,-11.914973694348337,10.84993155671954,-5.371447538661957
2026-09-17T08:28:02.808219,1789633682808219400,56.48021948242187,-17.27635459702611,8.047782132878899,-0.2073392666220664
2026-09-17T08:28:02.818178,1789633682818178300,56.49017822265625,-11.216563559675215,8.463979838514328,-4.462807092100381
2026-09-17T08:28:02.828137,1789633682828137500,56.500137451171874,-2.763836352059245,6.1294794906049965,-2.2363456786274907
2026-09-17T08:28:02.838097,1789633682838097400,56.510097412109374,-2.390172696901113,2.539725983378291,-2.582298466169834
2026-09-17T08:28:02.848056,1789633682848056300,56.52005639648438,-0.3921906609736382,1.3061416350334882,-4.364676388216019
2026-09-17T08:28:02.858015,1789633682858015200,56.53001513671875,0.1289316282036714,1.1050368788868188,-3.6410371197402474
2026-09-17T08:28:02.867974,1789633682867974400,56.53997436523437,-0.997268212759122,0.9671826519012452,-0.8361480418026447
2026-09-17T08:28:02.877934,1789633682877934300,56.54993432617187,-0.3406133992757648,0.7736562220543622,0.5281915151774883
2026-09-17T08:28:02.887893,1789633682887893500,56.5598935546875,-0.0912563611354678,-0.1051975735306739,0.8748071505427361
2026-09-17T08:28:02.897852,1789633682897852400,56.56985229492187,0.0650436961881816,-0.6114297703564167,0.7573907314300536
2026-09-17T08:28:02.907811,1789633682907811300,56.57981127929688,0.1277830609567463,-0.5184691625863314,0.7378560098767281
2026-09-17T08:28:02.917771,1789633682917771300,56.58977124023438,-0.1189687265885993,-0.1312520522415637,0.4985059864878654
2026-09-17T08:28:02.927730,1789633682927730400,56.59973046875,-0.1592073961377143,0.3561953646153211,-0.0458569204228464
2026-09-17T08:28:02.937689,1789633682937689300,56.609689453125,0.0654707624938338,0.1644908894985914,-0.3117453975141048
2026-09-17T08:28:02.947648,1789633682947648300,56.619648193359374,-0.1505360869694501,0.2636053437232971,-0.3610170856833458
2026-09-17T08:28:02.957608,1789633682957608400,56.6296083984375,-0.1868611632714047,0.3517529982537031,-0.2816413511514664
2026-09-17T08:28:02.967567,1789633682967567400,56.6395673828125,-0.1556386708054691,0.1788631137222051,-0.0806979230463504
2026-09-17T08:28:02.977526,1789633682977526500,56.64952661132813,-0.2493016546912491,0.0806499922513961,0.0143792293531354
2026-09-17T08:28:02.987486,1789633682987486500,56.65948657226563,-0.196400268250145,-0.0875502731591463,0.1061480061233043
2026-09-17T08:28:02.997445,1789633682997445400,56.6694453125,0.0178742409951984,-0.1747217761337757,0.2379214518904686
2026-09-17T08:28:03.007404,1789633683007404300,56.679404296875,0.202155799569562,-0.2789128029704094,0.5086100318729877
2026-09-17T08:28:03.017363,1789633683017363200,56.68936328125,0.2111538930067792,-0.3815291278362274,0.7749123595952987
2026-09-17T08:28:03.027323,1789633683027323400,56.699323486328126,-0.1309019966948777,-0.2223240697860717,0.7311375152766704
2026-09-17T08:28:03.037282,1789633683037282600,56.70928247070312,-0.1558611544497311,0.0246942962735891,0.3421089715957641
2026-09-17T08:28:03.047241,1789633683047241500,56.71924145507813,-0.0855303116388618,0.0998462756305933,-0.0193190329760313
2026-09-17T08:28:03.057200,1789633683057200400,56.72920043945312,-0.0913406784180551,0.2367851413369178,-0.2628308704857714
2026-09-17T08:28:03.067160,1789633683067160300,56.739160400390624,-0.125783923028782,0.2797720501482486,-0.2936503351087682
2026-09-17T08:28:03.077119,1789633683077119200,56.749119140625,0.0530588785577565,0.1957394297212362,-0.084070614349842
2026-09-17T08:28:03.087078,1789633683087078400,56.759078369140624,0.2209752855256199,-0.0112415249824523,0.313846753707528
2026-09-17T08:28:03.097037,1789633683097037300,56.76903735351563,0.415657972735539,-0.1251876376360654,0.7141279282867908
2026-09-17T08:28:03.106997,1789633683106997500,56.77899755859375,0.2346578469846397,0.0575508562147617,0.7060071656733751
2026-09-17T08:28:03.116956,1789633683116956400,56.788956298828126,0.0096040599737316,0.211258485892415,0.2917208100846037
2026-09-17T08:28:03.126915,1789633683126915300,56.79891528320312,-0.00890760214217,0.4193056085228919,-0.0966927800357341
2026-09-17T08:28:03.136874,1789633683136874500,56.80887451171875,0.0453505692027509,0.2610346164524555,-0.07918116180785
2026-09-17T08:28:03.146834,1789633683146834400,56.81883447265625,0.1432763250995427,0.2668435949921607,0.2115437325745821
2026-09-17T08:28:03.156793,1789633683156793300,56.82879345703125,0.289256794591248,0.2480535543262958,0.4398328847775235
2026-09-17T08:28:03.166752,1789633683166752300,56.83875219726563,0.1570597165845334,0.2022948427140712,0.428340051915124
2026-09-17T08:28:03.176711,1789633683176711400,56.84871142578125,0.0412321010332554,0.3103144879281521,0.1587830332458019
2026-09-17T08:28:03.186671,1789633683186671600,56.85867163085938,-0.0545500669635832,0.372165671685338,-0.1051384637545794
2026-09-17T08:28:03.196630,1789633683196630500,56.86863061523437,-0.0348870428554713,0.503609447106719,-0.1855897185634821
2026-09-17T08:28:03.206589,1789633683206589400,56.87858935546875,0.1159456889729946,0.5060679461747407,-0.0009538666587322
2026-09-17T08:28:03.216549,1789633683216549400,56.88854931640625,0.0128479372657835,0.4069003004580735,0.1083871633522212
2026-09-17T08:28:03.226508,1789633683226508300,56.89850830078125,-0.0449170000910758,0.6410130077153444,0.0579249502241611
2026-09-17T08:28:03.236467,1789633683236467500,56.90846752929688,0.0811376296378672,0.7596826417595147,-0.1208214052505791
2026-09-17T08:28:03.246426,1789633683246426400,56.91842626953125,0.0855978239171206,0.8208218778550624,-0.4265700465679168
2026-09-17T08:28:03.256386,1789633683256386300,56.92838623046875,-0.0030564649611711,1.0175596709638834,-0.6517348927378654
2026-09-17T08:28:03.266345,1789633683266345500,56.93834545898437,0.2519941086456179,1.1644617122799157,-0.6541602201886475
2026-09-17T08:28:03.276304,1789633683276304400,56.948304443359376,0.3751540398463606,1.1739777286440134,-0.680216306334734
2026-09-17T08:28:03.286263,1789633683286263600,56.958263671875,0.1636937477715313,1.0882605161309242,-1.0338440124191344
2026-09-17T08:28:03.296223,1789633683296223500,56.96822338867187,0.2225077557899057,1.1899234857946634,-1.060308094844222
2026-09-17T08:28:03.306182,1789633683306182400,56.97818237304688,0.5403466478735208,1.393566235986352,-0.8260222229771316
2026-09-17T08:28:03.316141,1789633683316141000,56.98814111328125,0.7569811277158558,1.585790351063013,-0.6591084902457892
2026-09-17T08:28:03.326100,1789633683326100200,56.99810034179688,0.8259637707881629,1.6708002920895817,-0.5647223066519945
2026-09-17T08:28:03.336060,1789633683336060200,57.00806005859375,1.125827737981081,1.727674271956086,-0.3054096916865557
2026-09-17T08:28:03.346019,1789633683346019000,57.01801904296875,1.4405389995634554,2.111916165882349,-0.089562708960101
2026-09-17T08:28:03.355978,1789633683355978200,57.02797827148437,1.6846788875773548,2.5064649342894554,-0.2317563533894717
2026-09-17T08:28:03.365937,1789633683365937200,57.037937255859376,1.964623371683061,3.208765062138438,-0.7620797660291194
2026-09-17T08:28:03.375897,1789633683375897000,57.04789697265625,2.5466180809795853,4.471662598729133,-1.255287061586976
2026-09-17T08:28:03.385856,1789633683385856300,57.05785620117187,3.717027011226117,5.821793013092875,-0.7783785744011402
2026-09-17T08:28:03.395815,1789633683395815200,57.06781518554688,4.9797588358610865,5.399921353474259,0.6850223183769732
2026-09-17T08:28:03.405774,1789633683405774000,57.077774169921874,5.654632612124085,5.958868072399497,0.3623082945376634
2026-09-17T08:28:03.415734,1789633683415734000,57.087734130859374,6.59773939191103,6.896563348531723,-0.8114104909092188
2026-09-17T08:28:03.425693,1789633683425693000,57.09769287109375,8.236547047412396,7.359859489950537,-0.2844826389919966
2026-09-17T08:28:03.435652,1789633683435652000,57.107652099609375,9.286419672960042,7.944705204764008,1.534696708163619
2026-09-17T08:28:03.445612,1789633683445612300,57.1176123046875,8.98930953451991,8.638996798202395,4.317109750398993
2026-09-17T08:28:03.455571,1789633683455571200,57.1275712890625,4.3953900909096,8.119882323449849,6.953857599636912
2026-09-17T08:28:03.465530,1789633683465530000,57.13753002929688,0.4825561376839876,11.554057146430017,6.234634978559613
2026-09-17T08:28:03.475489,1789633683475489000,57.14748901367187,-5.016210789945721,18.452121547174453,2.208275183919072
2026-09-17T08:28:03.485449,1789633683485449000,57.15744897460937,-3.5499744545459744,16.218815382373332,0.3253298323608934
2026-09-17T08:28:03.495408,1789633683495408000,57.167408203125,0.1043961940199136,14.85650528539419,0.3206687086820602
2026-09-17T08:28:03.505367,1789633683505367000,57.177366943359374,7.649688823732733,14.15296772470474,2.315798570048809
2026-09-17T08:28:03.515326,1789633683515326000,57.18732592773438,10.290907680904864,14.45918705227375,3.759341427603364
2026-09-17T08:28:03.525286,1789633683525286100,57.1972861328125,11.92432838267088,11.613866595226526,3.1608541409283872
2026-09-17T08:28:03.535245,1789633683535245000,57.2072451171875,16.219705024689436,7.184124152860045,2.7201217134952542
2026-09-17T08:28:03.545204,1789633683545204200,57.21720434570312,8.717977980458736,8.172773955681919,2.014264185425639
2026-09-17T08:28:03.555163,1789633683555163100,57.2271630859375,3.0873984440952538,11.811540207880734,4.517610695433616
2026-09-17T08:28:03.565123,1789633683565123000,57.237123046875,6.576995879089832,5.610002612280845,3.5921699207186695
2026-09-17T08:28:03.575082,1789633683575082000,57.24708203125,10.143160420936344,2.35804751997441,3.9057799430608746
2026-09-17T08:28:03.585041,1789633683585041200,57.25704125976562,10.568010804104803,2.6504990189537403,4.154036326482892
2026-09-17T08:28:03.595000,1789633683595000000,57.267,11.026972715711594,1.9468509836271404,3.8675028193756935
2026-09-17T08:28:03.604960,1789633683604960300,57.276960205078126,12.335873878586291,1.5966495987296103,3.5401065560042855
2026-09-17T08:28:03.614919,1789633683614919200,57.28691918945312,12.95662326595187,1.8491639318570496,3.3438255667522547
2026-09-17T08:28:03.624878,1789633683624878000,57.29687817382813,12.477002012676,2.067627234561741,3.309242913670838
2026-09-17T08:28:03.634838,1789633683634838000,57.30683813476563,11.687420491737129,2.139196094734966,3.3547231006026266
2026-09-17T08:28:03.644797,1789633683644797200,57.316797119140624,11.282142239522932,1.939509096431732,3.405991223286092
2026-09-17T08:28:03.654756,1789633683654756000,57.32675610351563,11.06226380932331,1.6432038446336985,3.392535821646452
2026-09-17T08:28:03.664715,1789633683664715000,57.336715087890624,10.576961003279685,1.6519745955884455,3.2309663725525137
2026-09-17T08:28:03.674675,1789633683674675200,57.34667529296875,9.738496501228212,1.747612898135185,3.0113027541473505
2026-09-17T08:28:03.684634,1789633683684634000,57.35663403320312,8.509690034809708,1.7974620939314363,2.5907553288698195
2026-09-17T08:28:03.694593,1789633683694593300,57.36659326171875,7.284426355564594,2.2053221793323754,2.2740023323267695
2026-09-17T08:28:03.704552,1789633683704552200,57.37655224609375,6.215220668515562,2.4153531692564485,1.9771612200863655
2026-09-17T08:28:03.714512,1789633683714512100,57.38651220703125,5.7381713115543125,2.412472645384073,1.9015388467386365
2026-09-17T08:28:03.724471,1789633683724471000,57.39647094726563,5.387117401480674,2.4428216064184904,1.688936252760887
2026-09-17T08:28:03.734430,1789633683734430000,57.40642993164062,4.75324783577919,2.8544126950412987,1.3120946982190012
2026-09-17T08:28:03.744389,1789633683744389000,57.41638916015625,4.088941046237945,3.466471995472908,1.1630243729531764
2026-09-17T08:28:03.754349,1789633683754349300,57.42634936523437,2.884633938042819,3.839065537181496,0.9787227214388547
2026-09-17T08:28:03.764308,1789633683764308200,57.43630810546875,1.5881500659316776,3.8562919817924497,0.7271282796353101
2026-09-17T08:28:03.774267,1789633683774267100,57.44626708984375,0.6323331499144434,4.09995460768342,0.4394184222251177
2026-09-17T08:28:03.784226,1789633683784226300,57.45622631835938,0.5086503638833761,5.067195711773634,0.1184685585141182
2026-09-17T08:28:03.794186,1789633683794186200,57.46618627929688,0.1187748479843139,6.583195318251848,-0.3078080580651759
2026-09-17T08:28:03.804145,1789633683804145200,57.476145263671874,-0.6147421097747982,8.457032211333512,-0.6570580605220049
2026-09-17T08:28:03.814104,1789633683814104000,57.48610400390625,-1.4887300528891385,10.101714311826228,-0.7236824500303715
2026-09-17T08:28:03.824064,1789633683824064000,57.49606396484375,-2.637172212129831,11.792614558136462,-0.8644294758480042
2026-09-17T08:28:03.834023,1789633683834023200,57.506023193359376,-4.599367772144079,13.766851269078254,-1.4341238718241451
2026-09-17T08:28:03.843982,1789633683843982300,57.515982421875,-7.963284233027696,14.706214186161755,-2.8148025691866874
2026-09-17T08:28:03.853941,1789633683853941200,57.525941162109376,-11.998127778375148,15.495263792181014,-4.117182805860042
2026-09-17T08:28:03.863901,1789633683863901200,57.53590112304688,-16.67828115184903,16.267209118664265,-3.728814771914482
2026-09-17T08:28:03.873860,1789633683873860000,57.54586010742187,-21.52457435107231,14.742998148679732,-3.412999933004379
2026-09-17T08:28:03.883819,1789633683883819000,57.55581909179688,-25.740840631496905,12.101335639393328,-4.1166847932100294
2026-09-17T08:28:03.893778,1789633683893778200,57.565778076171874,-29.53027967572212,7.2020625451326366,-6.258146202528477
2026-09-17T08:28:03.903738,1789633683903738000,57.575738037109375,-32.263658345675466,3.322860227873921,-7.999210117411613
2026-09-17T08:28:03.913697,1789633683913697300,57.585697265625,-35.42720304086208,-0.7465367444604635,-9.140138393890858
2026-09-17T08:28:03.923656,1789633683923656200,57.59565625,-38.660483535575864,-5.344053335779905,-10.261968002146482
2026-09-17T08:28:03.933615,1789633683933615000,57.60561499023437,-41.70837706775665,-9.006133828070759,-11.418178018909693
2026-09-17T08:28:03.943575,1789633683943575000,57.61557495117187,-42.033731303906436,-10.524240635961291,-8.762386446505785
2026-09-17T08:28:03.953534,1789633683953534200,57.6255341796875,-34.12319315716028,-8.986542407894134,-5.720348654615878
2026-09-17T08:28:03.963493,1789633683963493000,57.6354931640625,10.474614727526902,-5.1820016561269755,4.742719427502155
2026-09-17T08:28:03.973452,1789633683973452000,57.6454521484375,16.4341345418334,12.687201929426193,2.313978368884325
2026-09-17T08:28:03.983412,1789633683983412000,57.65541186523438,5.078502703207731,8.281922897186876,-4.340967011326551
2026-09-17T08:28:03.993371,1789633683993371100,57.66537109375,-5.0629129198879,2.7673084120839833,-4.958460611766577
2026-09-17T08:28:04.003330,1789633684003330300,57.67533032226562,-9.82205098274946,12.077398298966884,-9.133048143368958
2026-09-17T08:28:04.013289,1789633684013289200,57.68528930664063,-15.846963598942756,9.86220880561471,-2.701766557115316
2026-09-17T08:28:04.023249,1789633684023249200,57.69524926757813,-15.396771853768824,9.46425227459073,-5.155700509178638
2026-09-17T08:28:04.033208,1789633684033208000,57.7052080078125,-3.1919676565945148,6.8526271761715405,-5.013835877507924
2026-09-17T08:28:04.043167,1789633684043167200,57.71516723632813,0.0281811976744327,2.402788286715746,-1.7692729412794113
2026-09-17T08:28:04.053127,1789633684053127200,57.72512719726563,-1.4525614457905291,0.0718657972931861,-0.9299579598784448
2026-09-17T08:28:04.063086,1789633684063086000,57.735086181640625,0.0018515073349117,0.4628799618333578,-1.2285948694944382
2026-09-17T08:28:04.073045,1789633684073045000,57.745044921875,0.066237436017394,0.118709381532669,-0.0630243374560959
2026-09-17T08:28:04.083004,1789633684083004200,57.755004150390626,-0.2012653170032426,0.1120920092195272,0.6987550025880336
2026-09-17T08:28:04.092964,1789633684092964000,57.764964111328126,-0.1621165250500664,0.4256137687563895,0.2921872950851917
2026-09-17T08:28:04.102923,1789633684102923300,57.77492333984375,-0.3023649902284145,-0.2944020485252142,0.2239887881278991
2026-09-17T08:28:04.112882,1789633684112882200,57.78488208007813,-0.2188945702614262,-0.2701245163589715,0.1117255139946937
2026-09-17T08:28:04.122841,1789633684122841000,57.79484106445312,0.1274910557402298,0.1213543430835008,-0.162104286623001
2026-09-17T08:28:04.132801,1789633684132801000,57.804801025390624,-0.0449476874902844,0.4131517620682716,-0.4854290627717971
2026-09-17T08:28:04.142760,1789633684142760000,57.81476000976563,-0.0984866594488732,0.3184019327938556,-0.5829612162411213
2026-09-17T08:28:04.152719,1789633684152719000,57.824718994140625,0.1616203024983405,-0.1055383497923612,-0.1373813487768173
2026-09-17T08:28:04.162678,1789633684162678300,57.83467822265625,0.1207831921320408,-0.1757639786630868,0.3786310683071613
2026-09-17T08:28:04.172638,1789633684172638200,57.84463818359375,-0.0363640566054731,-0.1511012465715408,0.5300818589687347
2026-09-17T08:28:04.182597,1789633684182597000,57.85459716796875,-0.1358702500941231,-0.1691086124271154,0.5252396796345711
2026-09-17T08:28:04.192556,1789633684192556000,57.86455615234375,-0.1272907839277759,-0.13502631008327,0.4303367056250572
2026-09-17T08:28:04.202516,1789633684202516000,57.87451586914062,0.06407689698264,-0.1947562639027834,0.4016436951041221
2026-09-17T08:28:04.212475,1789633684212475100,57.88447509765625,0.161597579209879,-0.2468506082773208,0.5254758264780044
2026-09-17T08:28:04.222434,1789633684222434000,57.89443408203125,0.0247287099998444,-0.0882265649855136,0.5126029009014368
2026-09-17T08:28:04.232393,1789633684232393000,57.90439306640625,-0.1097075983010232,0.0825502729147672,0.2804530181497335
2026-09-17T08:28:04.242353,1789633684242353200,57.91435327148437,-0.344536673666723,0.3477455161780118,-0.0787052696580998
2026-09-17T08:28:04.252312,1789633684252312000,57.92431201171875,-0.2318007039878517,0.4072060054063797,-0.3220598707795143
2026-09-17T08:28:04.262271,1789633684262271200,57.934271240234374,0.0926991072896867,0.3613268822848796,-0.3253268001535907
2026-09-17T08:28:04.272230,1789633684272230100,57.94423022460938,0.0782960860690101,0.4938128602355718,-0.240688615048863
2026-09-17T08:28:04.282190,1789633684282190000,57.95419018554688,0.0937544615615159,0.3586661386430263,-0.0831902878513559
2026-09-17T08:28:04.292149,1789633684292149000,57.96414892578125,0.1171970772735774,0.2979582797020673,0.0587432808697223
2026-09-17T08:28:04.302108,1789633684302108200,57.97410815429687,0.183580278437212,0.2507324181467295,0.2291542811322957
2026-09-17T08:28:04.312067,1789633684312067800,57.98406787109375,0.3161650405872613,0.194549927675724,0.4075894882986322
2026-09-17T08:28:04.322027,1789633684322027800,57.99402783203125,0.198150801711902,0.3183604317396879,0.4387304399609565
2026-09-17T08:28:04.331986,1789633684331986700,58.003986572265624,0.0064209729582071,0.2813362307250499,0.3010328648418188
2026-09-17T08:28:04.341945,1789633684341945600,58.01394555664063,0.076498352464661,0.3297153539687394,0.1205617314010858
2026-09-17T08:28:04.351904,1789633684351904800,58.02390478515625,0.0878179111193865,0.3643289867103099,-0.0534988774102181
2026-09-17T08:28:04.361864,1789633684361864700,58.03386474609375,-0.0272623931959271,0.5389034633278846,-0.2281108364939689
2026-09-17T08:28:04.371823,1789633684371823900,58.043823974609374,-0.096870182429254,0.4483797273159027,-0.337397652099654
2026-09-17T08:28:04.381782,1789633684381782800,58.05378271484375,-0.1483702872376888,0.5217933385729789,-0.2025379307549446
2026-09-17T08:28:04.391741,1789633684391741700,58.06374169921875,0.1119469747256487,0.5685311243504285,-0.0557049360871315
2026-09-17T08:28:04.401701,1789633684401701600,58.07370166015625,-0.0299767667211592,0.3412684291183948,0.0037824411481618
2026-09-17T08:28:04.411660,1789633684411660500,58.08366064453125,-0.129879375648871,0.1620113476425409,-0.0089098671644926
2026-09-17T08:28:04.421619,1789633684421619700,58.09361962890625,-0.0970681892193853,0.1715600972324609,0.014179989587143
2026-09-17T08:28:04.431580,1789633684431580000,58.10357983398438,-0.0920154358744621,0.2012152307838201,-0.1000870986491441
2026-09-17T08:28:04.441538,1789633684441538800,58.11353881835937,-0.1639602897532284,0.1060410386174917,-0.1709854391496628
2026-09-17T08:28:04.451497,1789633684451497700,58.12349780273438,0.0120661392383277,0.1962082162767648,0.0302104293465614
2026-09-17T08:28:04.461457,1789633684461457000,58.133456787109374,0.1951248049542307,0.295795548710227,0.3254080852288752
2026-09-17T08:28:04.471416,1789633684471416800,58.143416748046874,0.2517684831961989,0.3401765422284603,0.3649748833984136
2026-09-17T08:28:04.481375,1789633684481375700,58.15337573242188,0.2479112232461571,0.498778958210349,0.2175690572787076
2026-09-17T08:28:04.491334,1789633684491334700,58.163334716796875,0.3439185052357614,0.575576366686821,0.0700660543948411
2026-09-17T08:28:04.501293,1789633684501293600,58.17329345703125,0.2884587760813534,0.8389683599203824,-0.1536100145220756
2026-09-17T08:28:04.511253,1789633684511253800,58.18325366210937,0.3367864613987505,1.190066109135747,-0.4459188170950859
2026-09-17T08:28:04.521213,1789633684521213000,58.193212890625,0.4164369212187826,1.18905313270092,-0.7205932518433779
2026-09-17T08:28:04.531171,1789633684531171800,58.203171875,0.4672001631200313,1.2900626068919896,-0.715394002699852
2026-09-17T08:28:04.541130,1789633684541130800,58.213130859375,0.6064953826941549,1.4477140057593585,-0.7063759259205311
2026-09-17T08:28:04.551090,1789633684551090700,58.22309057617188,0.8203104212015867,1.8641057726621624,-0.8414127573978155
2026-09-17T08:28:04.561049,1789633684561049600,58.233049560546874,1.0260565734133125,2.1609511226862668,-0.9786292710017412
2026-09-17T08:28:04.571008,1789633684571008800,58.2430087890625,1.2601087826550006,2.3842267941087485,-1.1349823736868798
2026-09-17T08:28:04.580967,1789633684580967700,58.2529677734375,1.749298951525986,2.9948201136410235,-0.7395077956717461
2026-09-17T08:28:04.590928,1789633684590928000,58.26292797851563,2.340545181031525,3.685641985142231,-0.8266062334101647
2026-09-17T08:28:04.600886,1789633684600886800,58.27288671875,2.873427776634693,4.770561958673596,-1.295910748398304
2026-09-17T08:28:04.610845,1789633684610845700,58.282845703125,4.031680405141413,5.295542695111036,-0.3701162648748606
2026-09-17T08:28:04.620804,1789633684620804900,58.292804931640624,5.049626152813435,5.578854609823226,0.1115981612879782
2026-09-17T08:28:04.630764,1789633684630764800,58.302764892578125,5.9778872456461185,6.460830921342969,-0.9266448167424648
2026-09-17T08:28:04.640723,1789633684640723700,58.3127236328125,7.411800689589977,7.081310259595513,-0.6710468383859842
2026-09-17T08:28:04.650682,1789633684650682600,58.3226826171875,8.21896988966763,6.966168799677491,1.3932254597246647
2026-09-17T08:28:04.660642,1789633684660642800,58.332642822265626,8.432364803066848,7.682365350931883,2.989210457065701
2026-09-17T08:28:04.670601,1789633684670601700,58.34260180664062,5.78261835604608,7.433696879577636,4.3181928694605825
2026-09-17T08:28:04.680561,1789633684680561000,58.35256079101563,1.1126321563214063,8.0304902218163,6.069094872269034
2026-09-17T08:28:04.690519,1789633684690519800,58.36251977539062,-1.7371926264077424,13.27798638663888,5.037181681782007
2026-09-17T08:28:04.700479,1789633684700479700,58.37247973632813,-5.080565480956435,17.694643137460947,1.371657771039009
2026-09-17T08:28:04.710438,1789633684710438700,58.38243872070313,-2.001720930194854,16.102101558572052,-0.1462643279343843
2026-09-17T08:28:04.720397,1789633684720397800,58.392397705078125,1.542691798570752,15.24737507302761,2.5892560302227734
2026-09-17T08:28:04.730356,1789633684730356700,58.40235668945313,6.844625071501731,14.755988563156128,4.261680124121904
2026-09-17T08:28:04.740317,1789633684740317000,58.41231689453125,9.437628471559286,13.492262759047746,4.342392660215497
2026-09-17T08:28:04.750275,1789633684750275800,58.42227587890625,12.45137423494458,9.656996029627322,3.08852306421101
2026-09-17T08:28:04.760234,1789633684760234800,58.43223486328125,15.584916590577365,7.218086628216505,1.8230150528609752
2026-09-17T08:28:04.770194,1789633684770194000,58.44219384765625,6.533055615076423,12.519121491003036,3.2677056191459295
2026-09-17T08:28:04.780153,1789633684780153900,58.45215380859375,6.216480313187837,11.720894891315698,3.655102469971776
2026-09-17T08:28:04.790112,1789633684790112800,58.46211279296875,9.805188110753893,6.064660689213872,3.544586916288733
2026-09-17T08:28:04.800071,1789633684800071700,58.47207177734375,10.79347960165739,4.715206858937442,4.064721089477837
2026-09-17T08:28:04.810031,1789633684810031600,58.48203149414063,9.82535353142619,4.572484733654559,4.222012715122103
2026-09-17T08:28:04.819990,1789633684819990800,58.49199072265625,10.3583556617558,2.418084932307899,4.351433168022334
2026-09-17T08:28:04.829950,1789633684829950000,58.50194995117187,11.253033049416542,2.016671831089258,4.132565668430924
2026-09-17T08:28:04.839908,1789633684839908900,58.51190893554688,11.51674711421132,2.478713588532805,3.9792639892056583
2026-09-17T08:28:04.849868,1789633684849868800,58.52186889648438,11.415036798274516,2.540806472091377,4.063161585076153
2026-09-17T08:28:04.859827,1789633684859827700,58.53182763671875,11.143456237888335,2.478870824921131,4.092089573396742
2026-09-17T08:28:04.869786,1789633684869786600,58.54178662109375,10.97091589744687,2.2408853678837417,4.13142672752887
2026-09-17T08:28:04.879745,1789633684879745800,58.551745849609375,10.8923444650352,1.905058837558329,4.1980145844191314
2026-09-17T08:28:04.889705,1789633684889705700,58.56170581054688,10.632523316025733,1.5729527890607713,4.279090693128109
2026-09-17T08:28:04.899664,1789633684899664600,58.57166455078125,10.094576130509376,1.3388444657176732,4.131844076158106
2026-09-17T08:28:04.909623,1789633684909623800,58.58162377929688,9.096580991715191,1.5042454557985063,3.744724873229861
2026-09-17T08:28:04.919582,1789633684919582700,58.59158276367187,7.945629918393492,1.7886796525388955,3.380252678656578
2026-09-17T08:28:04.929542,1789633684929542700,58.601542724609374,6.880672536438703,1.9543337405979633,3.1203140407472847
2026-09-17T08:28:04.939501,1789633684939501800,58.61150170898438,6.241266379398107,1.8952607893824576,2.9775539215415714
2026-09-17T08:28:04.949460,1789633684949460700,58.621460693359374,5.758918916028738,1.7983628421634434,2.768724708622694
2026-09-17T08:28:04.959419,1789633684959419600,58.63141967773438,5.1021156339854,1.8243734817326067,2.4839383374437687
2026-09-17T08:28:04.969379,1789633684969379600,58.64137963867187,4.472454041367769,2.4266665904313323,2.2236171299576757
2026-09-17T08:28:04.979338,1789633684979338800,58.6513388671875,3.3856595061361787,3.3878216526061293,1.99283809716776
2026-09-17T08:28:04.989298,1789633684989298000,58.6612978515625,1.8603607409149407,3.8548528889000417,1.6360646404035388
2026-09-17T08:28:04.999257,1789633684999257900,58.6712578125,1.0332786336213349,4.176185614448785,1.371451580942422
2026-09-17T08:28:05.009216,1789633685009216800,58.681216796875,0.7257473466709256,5.104790406152606,1.1228636274784802
2026-09-17T08:28:05.019175,1789633685019175700,58.69117578125,-0.2570636669948697,6.224227566313743,0.6320427886657416
2026-09-17T08:28:05.029134,1789633685029134800,58.701134765625,-0.758139796231687,7.791720044142007,0.1408225752718746
2026-09-17T08:28:05.039094,1789633685039094800,58.7110947265625,-1.5392418042473497,9.681130938452482,-0.3522590480796992
2026-09-17T08:28:05.049053,1789633685049053700,58.7210537109375,-2.4555548312634228,11.056902574551104,-0.2879144400715828
2026-09-17T08:28:05.059012,1789633685059012600,58.7310126953125,-4.445563111832738,12.22966391314268,-0.2840999232847243
2026-09-17T08:28:05.068971,1789633685068971800,58.7409716796875,-6.728320413023233,13.704313272100686,-0.425863432668522
2026-09-17T08:28:05.078931,1789633685078931700,58.750931640625,-9.910558118242024,14.999942280948162,-0.9297983854025602
2026-09-17T08:28:05.088891,1789633685088891000,58.760890869140624,-14.036989229440689,15.402065284001829,-2.498947982788086
2026-09-17T08:28:05.098849,1789633685098849800,58.77084985351563,-17.15029193012118,15.48355698777437,-2.9756349361777303
2026-09-17T08:28:05.108808,1789633685108808700,58.78080859375,-21.066896049535274,15.455144547760488,-3.165840697169304
2026-09-17T08:28:05.118768,1789633685118768600,58.7907685546875,-25.066559560430047,13.744835836625098,-4.485630333805084
2026-09-17T08:28:05.128727,1789633685128727600,58.8007275390625,-29.019648367154595,9.739653270047905,-6.800241155374049
2026-09-17T08:28:05.138686,1789633685138686700,58.810686767578126,-31.854132957410812,3.3814620544463394,-7.856577423977852
2026-09-17T08:28:05.148645,1789633685148645600,58.82064575195312,-34.276246706843374,-2.552491356927156,-8.512731302201747
2026-09-17T08:28:05.158605,1789633685158605800,58.83060571289062,-36.81164547467232,-6.622649376761913,-10.4726822981596
2026-09-17T08:28:05.168564,1789633685168564700,58.84056469726563,-39.44103536236286,-8.313478311401605,-12.501923687964675
2026-09-17T08:28:05.178524,1789633685178524000,58.85052392578125,-40.27894515314102,-9.27335093255043,-12.55628188561797
2026-09-17T08:28:05.188483,1789633685188483800,58.86048388671875,-36.46534665017128,-10.212628509438035,-11.016668763840196
2026-09-17T08:28:05.198442,1789633685198442800,58.87044287109375,-15.086248107004163,0.841617413124442,-2.1758618377007544
2026-09-17T08:28:05.208401,1789633685208401700,58.880401611328125,20.989587184405327,7.0648740885794155,6.997378176933527
2026-09-17T08:28:05.218360,1789633685218360600,58.89036059570312,19.37688544554114,0.2299848136723041,-1.0745770048238337
2026-09-17T08:28:05.228320,1789633685228320800,58.90032080078125,6.024056876146793,5.886490233930945,-6.770058783078193
2026-09-17T08:28:05.238280,1789633685238280000,58.91028002929688,-0.1225505671307444,5.214124056574702,-8.675540522223711
2026-09-17T08:28:05.248238,1789633685248238800,58.92023876953125,-9.156287564659118,11.28918222116232,-7.493246800655126
2026-09-17T08:28:05.258197,1789633685258197800,58.93019775390625,-17.090698754423855,6.75922934602797,1.331711545097828
2026-09-17T08:28:05.268157,1789633685268157700,58.94015771484375,-17.95769786156416,7.586606052353978,-2.505474754208326
2026-09-17T08:28:05.278116,1789633685278116600,58.95011669921875,-10.734162320291995,12.91561321017146,-4.8593958419024945
2026-09-17T08:28:05.288075,1789633685288075800,58.96007568359375,-4.045135514520108,6.614129970219731,-1.7247709517300127
2026-09-17T08:28:05.298034,1789633685298034700,58.97003466796875,1.346278707371652,-0.1447106687515973,-4.276944328749179
2026-09-17T08:28:05.307995,1789633685307995000,58.97999487304688,2.176879198049754,-0.2351023028165101,-5.56989622734189
2026-09-17T08:28:05.317953,1789633685317953800,58.989953857421874,-0.8656898511726409,-0.0629524229973554,-1.6975263864517212
2026-09-17T08:28:05.327912,1789633685327912700,58.99991259765625,-0.7620384841706603,0.7527151408344507,1.5696926182210444
2026-09-17T08:28:05.337872,1789633685337872000,59.009871826171874,0.1200804506901651,0.147134096506238,2.364358310556411
2026-09-17T08:28:05.347832,1789633685347832000,59.01983203125,0.3526980240188538,-1.0189099165290594,1.449111597597599
2026-09-17T08:28:05.357791,1789633685357791000,59.029791015625,0.3798293747136369,-1.09033849144876,0.4351777159154414
2026-09-17T08:28:05.367750,1789633685367750000,59.03975,-0.133081331761647,-0.5813046812057495,0.6409235758662224
2026-09-17T08:28:05.377709,1789633685377709800,59.04970971679688,0.1833926103780046,-0.1623328346818685,0.7757330283284187
2026-09-17T08:28:05.387668,1789633685387668700,59.05966870117187,0.212085767029412,0.0124789578229188,0.4262544047474861
2026-09-17T08:28:05.397628,1789633685397628000,59.0696279296875,-0.0961456310143694,0.3100760029971599,-0.3031015060757286
2026-09-17T08:28:05.407586,1789633685407586800,59.0795869140625,-0.1232911198323592,0.1853840399235486,-0.4841805240154266
2026-09-17T08:28:05.417547,1789633685417547000,59.089547119140626,-0.0264748595474287,0.3076046444475651,-0.3462275128304958
2026-09-17T08:28:05.427506,1789633685427506000,59.099505859375,-0.0415236678583547,0.2972667903065681,-0.0900111103147268
2026-09-17T08:28:05.437464,1789633685437464800,59.10946484375,0.0812831755883991,0.1026221700847148,0.0204156006076605
2026-09-17T08:28:05.447424,1789633685447424000,59.11942407226562,-0.0432641913827508,0.0409925201237201,0.0824848064631223
2026-09-17T08:28:05.457384,1789633685457384000,59.12938403320312,-0.0837115352464839,0.2504372345924377,-0.0684065876168664
2026-09-17T08:28:05.467342,1789633685467342800,59.1393427734375,-0.2653503972923383,0.3773310916244983,-0.2326777242843992
2026-09-17T08:28:05.477301,1789633685477301800,59.1493017578125,-0.2831793013084679,0.3123451169729233,-0.2828349631165154
2026-09-17T08:28:05.487261,1789633685487261000,59.15926098632813,0.1034906965475529,0.1132137067258357,-0.0536012600724585
2026-09-17T08:28:05.497221,1789633685497221000,59.16922119140625,0.1165202009253203,0.117055184584856,0.1870879394982941
2026-09-17T08:28:05.507180,1789633685507180000,59.179179931640626,-0.0924421368539333,0.1970405754476785,0.2044330420528538
2026-09-17T08:28:05.517139,1789633685517139000,59.18913891601562,-0.0443079282820224,0.2446826165884733,0.0399766393457539
2026-09-17T08:28:05.527099,1789633685527099000,59.19909887695312,0.1261855626322329,0.2407476152271032,-0.0646568705613724
2026-09-17T08:28:05.537057,1789633685537057800,59.20905786132813,0.0108629739936441,0.3041039428502321,-0.0826852974712848
2026-09-17T08:28:05.547017,1789633685547017000,59.21901684570312,-0.108770755842328,0.3098901250362396,-0.0823725599939934
2026-09-17T08:28:05.556975,1789633685556975900,59.22897583007813,-0.1206684066459536,0.2799240258395671,-0.0948877399077638
2026-09-17T08:28:05.566935,1789633685566935800,59.23893579101563,-0.0918143603444099,0.2887181576699018,-0.0525292103941552
2026-09-17T08:28:05.576895,1789633685576895000,59.24889501953125,0.0022005057189613,0.227769475710392,0.092983367591165
2026-09-17T08:28:05.586854,1789633685586854000,59.25885400390625,0.0892347191147506,0.1777911005765199,0.2890630986500531
2026-09-17T08:28:05.596813,1789633685596813000,59.26881298828125,0.1708776679262519,0.2424631869733333,0.4021674267172813
2026-09-17T08:28:05.606773,1789633685606773000,59.27877294921875,0.1423410900760442,0.1979506760299205,0.3788280887166038
2026-09-17T08:28:05.616732,1789633685616732000,59.28873193359375,-0.0506795822057873,0.3716460317254066,0.1357563413908705
2026-09-17T08:28:05.626690,1789633685626690800,59.29869091796875,0.0144671359654515,0.1984919432997703,-0.1330810212343931
2026-09-17T08:28:05.636649,1789633685636649700,59.30864965820312,-0.1258341188460588,0.1423766728460788,-0.1554132280191406
2026-09-17T08:28:05.646609,1789633685646609700,59.318609619140624,-0.1263902914240956,0.2278250052899122,-0.1239233167886734
2026-09-17T08:28:05.656568,1789633685656568800,59.32856884765625,0.0648612522933632,0.2089665755629539,0.0921702611099928
2026-09-17T08:28:05.666528,1789633685666528000,59.33852807617187,0.0849400906607508,0.0081792148023843,0.2691845320951193
2026-09-17T08:28:05.676487,1789633685676487000,59.34848681640625,0.1390960437402129,0.0084568626999855,0.5376811549913137
2026-09-17T08:28:05.686446,1789633685686446800,59.35844677734375,0.279091520538181,-0.099203301551938,0.7777082008589059
2026-09-17T08:28:05.696405,1789633685696405800,59.36840576171875,0.1761430411085486,0.0830950473159551,0.6658171941041946
2026-09-17T08:28:05.706365,1789633685706365000,59.378364990234374,0.0037885786280035,0.2101560776084661,0.2639333335686475
2026-09-17T08:28:05.716323,1789633685716323800,59.38832373046875,-0.003200257346034,0.2900280712246895,-0.0251425514977425
2026-09-17T08:28:05.726283,1789633685726283800,59.39828369140625,-0.0204537360943853,0.4425421072036027,-0.2430318537067621
2026-09-17T08:28:05.736242,1789633685736242700,59.40824267578125,0.1018700365431606,0.4255944795340299,-0.0848953747361898
2026-09-17T08:28:05.746202,1789633685746202000,59.4182021484375,0.3940763285897672,0.3823737619668245,0.2430593993008136
2026-09-17T08:28:05.756162,1789633685756162000,59.428162109375,0.13825287091434,0.716333913898468,-0.1864431205224245
2026-09-17T08:28:05.766121,1789633685766121000,59.438120849609376,0.0087875559590756,1.0036848748683929,-0.6258838276445865
2026-09-17T08:28:05.776080,1789633685776080000,59.44807983398437,0.3373712755493819,0.9839935014486312,-0.5777361020039766
2026-09-17T08:28:05.786038,1789633685786038800,59.45803881835938,0.6359449106708168,1.3806640843153,-0.2052162100534886
2026-09-17T08:28:05.795998,1789633685795998700,59.46799877929688,0.7168070843681693,1.582856635698676,-0.0826641816180199
2026-09-17T08:28:05.805958,1789633685805958000,59.4779580078125,0.7485626973301172,1.5767343534260987,-0.3648503802359104
2026-09-17T08:28:05.815916,1789633685815916800,59.48791674804688,0.7777879150316118,1.8419015396386385,-0.6976362276911735
2026-09-17T08:28:05.825876,1789633685825876000,59.4978759765625,1.1763611166492105,2.180804408669472,-0.5348328528881072
2026-09-17T08:28:05.835836,1789633685835836000,59.5078359375,1.5635533848136662,2.422491350573301,-0.375483417931199
2026-09-17T08:28:05.845794,1789633685845794800,59.517794921875,1.9133827215284107,2.895693384456634,-0.3925397666722536
2026-09-17T08:28:05.855754,1789633685855754000,59.52775390625,2.2567665353655815,3.378256536403298,-0.6752489662509411
2026-09-17T08:28:05.865713,1789633685865713000,59.537712890625,2.6737559759005904,4.5718157483518125,-1.8331039006769656
2026-09-17T08:28:05.875672,1789633685875672800,59.5476728515625,3.4699136603593823,6.060450378042459,-2.4082827924787997
2026-09-17T08:28:05.885631,1789633685885631700,59.5576318359375,4.93417197368443,5.3455017810225485,-0.3989642467617988
2026-09-17T08:28:05.895590,1789633685895590700,59.567590576171874,5.3827837561905385,5.06738860399723,-0.3351730348527431
2026-09-17T08:28:05.905549,1789633685905549800,59.5775498046875,6.214780523532629,6.24458003399074,-1.7550864488862454
2026-09-17T08:28:05.915510,1789633685915510000,59.58751000976562,7.332667531642317,6.349968746179342,-0.9042676383048296
2026-09-17T08:28:05.925469,1789633685925469000,59.59746899414063,7.467616100314259,6.73462915777862,1.9052181197732685
2026-09-17T08:28:05.935427,1789633685935427800,59.607427734375,5.552385120570659,5.853889110055565,4.23347051320374
2026-09-17T08:28:05.945387,1789633685945387800,59.6173876953125,1.4142559727936983,7.801490912050008,4.958368841829896
2026-09-17T08:28:05.955347,1789633685955347000,59.62734692382813,-1.3583049529910087,12.151119368737936,3.5703128936976194
2026-09-17T08:28:05.965305,1789633685965305900,59.637305908203125,-3.751737382340431,16.05293040816784,1.4053297390162944
2026-09-17T08:28:05.975264,1789633685975264800,59.6472646484375,-1.8629612788021563,15.145627347689866,-0.3888240340847522
2026-09-17T08:28:05.985225,1789633685985225000,59.65722485351562,2.1723633280605075,14.308902967303991,-0.6959323463827372
2026-09-17T08:28:05.995183,1789633685995183900,59.667183837890626,6.77263886269927,12.849434810864924,1.328800041565299
2026-09-17T08:28:06.005143,1789633686005143000,59.67714306640625,10.05972810449004,13.370702079737184,2.93635857232213
2026-09-17T08:28:06.015102,1789633686015102000,59.68710205078125,11.49722057596445,12.167192551660538,2.4380446012750268
2026-09-17T08:28:06.025062,1789633686025062000,59.69706176757813,14.203037869775294,8.787863417589664,2.03511291218698
2026-09-17T08:28:06.035020,1789633686035020800,59.70702075195312,14.693026203286648,7.598271355706453,1.3221021513618527
2026-09-17T08:28:06.044979,1789633686044979700,59.71697973632813,5.473325027859211,11.774552831745147,2.782214304792881
2026-09-17T08:28:06.054939,1789633686054939000,59.72693896484375,5.466961922568083,10.059534043222666,3.075510437902808
2026-09-17T08:28:06.064899,1789633686064899000,59.73689916992188,8.931597350263596,4.313746411445736,2.79596167511642
2026-09-17T08:28:06.074858,1789633686074858000,59.74685791015625,10.33647700742483,3.0307606110721825,3.386953637599945
2026-09-17T08:28:06.084817,1789633686084817000,59.75681689453125,10.084119033902883,3.4182737817540763,3.474166641628742
2026-09-17T08:28:06.094776,1789633686094776800,59.76677685546875,10.903839672517776,3.14729995508939,3.2296167115092276
2026-09-17T08:28:06.104735,1789633686104735700,59.77673583984375,11.499062988960745,3.261478999716043,3.2278467792272565
2026-09-17T08:28:06.114695,1789633686114695000,59.78669482421875,11.346222205245494,3.548774138845503,3.716110188642144
2026-09-17T08:28:06.124653,1789633686124653800,59.79665380859375,11.059032572317122,3.6873882442876695,4.054086005955934
2026-09-17T08:28:06.134614,1789633686134614000,59.80661401367187,10.97117659420967,3.3396187627121803,4.29505223236978
2026-09-17T08:28:06.144573,1789633686144573000,59.81657299804687,10.85615905293226,3.0483675794333216,4.385694041803479
2026-09-17T08:28:06.154531,1789633686154531800,59.82653173828125,10.392981569457053,2.697672565799951,4.124127510431409
2026-09-17T08:28:06.164491,1789633686164491000,59.83649096679687,9.47238355859816,2.3603864843159914,3.790498197889328
2026-09-17T08:28:06.174451,1789633686174451000,59.846450927734374,8.111831118941307,2.5067121870487927,3.4558383732557294
2026-09-17T08:28:06.184409,1789633686184409900,59.85640991210938,6.6431333618640895,2.8072563915908333,3.4409462168112395
2026-09-17T08:28:06.194368,1789633686194368800,59.86636865234375,5.263676899772882,2.5247435183018445,3.5036697994887827
2026-09-17T08:28:06.204328,1789633686204328000,59.87632788085938,4.1960459146946665,1.879433690175414,3.5883316577300426
2026-09-17T08:28:06.214288,1789633686214288000,59.88628784179687,3.6205373525470494,1.0240215604543683,3.5814503737837073
2026-09-17T08:28:06.224247,1789633686224247000,59.8962470703125,3.341185573637486,1.0580822354882955,3.61136941896826
2026-09-17T08:28:06.234206,1789633686234206000,59.9062060546875,3.0562235536307094,2.083452872464061,3.341991044801474
2026-09-17T08:28:06.244166,1789633686244166000,59.91616577148437,2.4627426969408988,3.2688392993509767,3.106617523828149
2026-09-17T08:28:06.254124,1789633686254124800,59.92612475585938,1.6882888947680592,4.022531176263094,2.959741785997152
2026-09-17T08:28:06.264084,1789633686264084000,59.936083984375,0.7542483417510986,4.668135018900037,2.742673737043142
2026-09-17T08:28:06.274043,1789633686274043000,59.94604296875,0.0134106857150793,5.310179123228788,2.4192164205558595
2026-09-17T08:28:06.284002,1789633686284002800,59.9560029296875,-0.5983078384548425,6.071222531947493,2.1097494893677533
2026-09-17T08:28:06.293961,1789633686293961700,59.965961669921874,-1.4419805766738951,6.869439779284596,1.921392424982786
2026-09-17T08:28:06.303921,1789633686303921000,59.9759208984375,-2.1519332651026546,7.907592156422138,1.8827936681278048
2026-09-17T08:28:06.313880,1789633686313880000,59.98588012695313,-2.944061109523475,8.927965715762973,1.8635574911296369
2026-09-17T08:28:06.323840,1789633686323840000,59.99584008789063,-3.808463478168845,10.004059408760073,1.518790113979578
2026-09-17T08:28:06.333799,1789633686333799000,60.005798828125,-4.732019462050498,11.79362928813696,1.3273792149819432
2026-09-17T08:28:06.343757,1789633686343757800,60.0157578125,-6.89306264693439,13.413821090495585,1.1038211464215069
2026-09-17T08:28:06.353716,1789633686353716700,60.025716796875,-9.350566858699915,14.183348834443091,-0.677284344536066
2026-09-17T08:28:06.363676,1789633686363676700,60.0356767578125,-11.752592344349624,14.0895611281991,-0.8587918352872133
2026-09-17T08:28:06.373635,1789633686373635800,60.0456357421875,-15.385992101079225,12.382104883885384,-1.0105915855169296
2026-09-17T08:28:06.383595,1789633686383595000,60.055594970703126,-18.357181163764,10.693166293036937,-2.0091022726178167
2026-09-17T08:28:06.393554,1789633686393554000,60.06555395507812,-21.389748531997203,9.459954869657754,-4.1065164504170415
2026-09-17T08:28:06.403513,1789633686403513900,60.07551391601562,-25.18905898189545,6.568077244096994,-7.1394380389153955
2026-09-17T08:28:06.413472,1789633686413472800,60.08547265625,-27.98475002337694,2.946726821601391,-8.010915752774476
2026-09-17T08:28:06.423432,1789633686423432000,60.095431884765624,-31.52579765962362,-0.9847954654812812,-7.547979092317819
2026-09-17T08:28:06.433391,1789633686433391900,60.10539184570312,-35.86964636386633,-6.305670754769444,-8.657520881408452
2026-09-17T08:28:06.443350,1789633686443350800,60.11535083007813,-38.66521114861965,-9.210261731430888,-10.172241553992032
2026-09-17T08:28:06.453309,1789633686453309700,60.125309814453125,-39.53201970162392,-8.678697524949907,-10.535098714584112
2026-09-17T08:28:06.463269,1789633686463269000,60.13526904296875,-37.187436935639376,-8.627564134562014,-8.101321415364742
2026-09-17T08:28:06.473229,1789633686473229000,60.14522900390625,-14.208916990941765,-1.8451830455273388,-3.5489947958588597
2026-09-17T08:28:06.483188,1789633686483188000,60.15518798828125,19.32690765492916,4.146176845154166,4.475853620678186
2026-09-17T08:28:06.493147,1789633686493147000,60.16514697265625,17.01927953185439,15.788628314352035,-7.358937698930501
2026-09-17T08:28:06.503105,1789633686503105800,60.17510571289063,3.751719846683741,2.74112826116681,-11.553612909793854
2026-09-17T08:28:06.513065,1789633686513065700,60.18506567382813,-4.13078229214549,3.1422336116105316,-11.430747577625512
2026-09-17T08:28:06.523025,1789633686523025000,60.19502490234375,-11.92514437522888,11.699161198413371,-11.779736371862889
2026-09-17T08:28:06.532983,1789633686532983800,60.20498388671875,-17.682874373733995,10.739016190063952,-1.4824024573028087
2026-09-17T08:28:06.542943,1789633686542943000,60.21494287109375,-14.648338335776328,6.903007702365517,-2.75548996399641
2026-09-17T08:28:06.552903,1789633686552903000,60.22490283203125,-4.508694106267392,9.40352863355875,-3.1458500485420227
2026-09-17T08:28:06.562861,1789633686562861800,60.23486181640625,-1.492304111983627,3.4672786356806755,1.5551497136056422
2026-09-17T08:28:06.572821,1789633686572821000,60.24482104492188,1.1529166012410077,-2.0647358970344065,-0.705729517775774
2026-09-17T08:28:06.582781,1789633686582781000,60.25478100585938,2.9040353886052963,-1.876186671078205,-2.383229015243053
2026-09-17T08:28:06.592739,1789633686592739800,60.26473974609375,0.7005819988194852,-3.7307401870191095,2.157818669879436
2026-09-17T08:28:06.602698,1789633686602698800,60.27469873046875,-0.5788077498234808,-0.685891429361701,4.286328243166208
2026-09-17T08:28:06.612657,1789633686612657700,60.28465771484375,-0.8166113474879413,1.3658657436341046,2.751850146189332
2026-09-17T08:28:06.622617,1789633686622617900,60.29461791992187,-0.6319435660749674,0.0693014997631311,0.2759043053368106
2026-09-17T08:28:06.632577,1789633686632577000,60.30457690429687,-0.4234956075586378,-0.4719084869414567,-1.8036141868203877
2026-09-17T08:28:06.642536,1789633686642536000,60.31453588867188,-1.4118980114907025,0.910572291406989,-2.1483429855257272
2026-09-17T08:28:06.652494,1789633686652494800,60.32449487304687,-0.8622516203522682,1.7340473141193389,-2.064250159344077
2026-09-17T08:28:06.662454,1789633686662454800,60.334454833984374,0.0210300746776163,1.3680483483701944,-1.6876953127890824
2026-09-17T08:28:06.672414,1789633686672414000,60.3444140625,0.1589370912963524,0.9040367521584032,-1.3781138153105974
2026-09-17T08:28:06.682372,1789633686682372900,60.354372802734375,0.180982352632191,0.4953811324656009,-0.8293353661131113
2026-09-17T08:28:06.692331,1789633686692331800,60.36433178710938,0.1311877183010801,0.0171013569265604,0.0387865710446611
2026-09-17T08:28:06.702292,1789633686702292000,60.3742919921875,-0.1822880101369693,-0.1004050785571336,0.6430833842486142
2026-09-17T08:28:06.712251,1789633686712251000,60.3842509765625,-0.237649904940091,-0.3641600598841905,0.8371072422236203
2026-09-17T08:28:06.722210,1789633686722210000,60.3942099609375,-0.2111436273410916,-0.4275801003932952,0.7852139733791351
2026-09-17T08:28:06.732170,1789633686732170000,60.404169921875,-0.172851452217251,-0.2225198846191167,0.6512264317590742
2026-09-17T08:28:06.742129,1789633686742129000,60.41412890625,-0.0680185838131234,-0.0459346527010202,0.4088946891456842
2026-09-17T08:28:06.752087,1789633686752087800,60.424087890625,-0.0213845872037112,0.0020890812337398,0.1298088676959276
2026-09-17T08:28:06.762046,1789633686762046700,60.43404663085938,0.0014302885314449,0.09632745385468,-0.0072772244613617
2026-09-17T08:28:06.772007,1789633686772007000,60.4440068359375,-0.0302060819650068,0.2165074924618005,-0.1375853469163179
2026-09-17T08:28:06.781966,1789633686781966000,60.45396606445313,0.0176160284504294,0.3436456796437501,-0.3468412242820486
2026-09-17T08:28:06.791925,1789633686791925000,60.46392504882812,-0.0156543729886412,0.4256681292921304,-0.5340829113036394
2026-09-17T08:28:06.801884,1789633686801884000,60.4738837890625,-0.0141616502128541,0.3085498163431883,-0.444740494030714
2026-09-17T08:28:06.811843,1789633686811843800,60.48384375,0.0071667863568291,0.0192015440762042,-0.0252600403975695
2026-09-17T08:28:06.821802,1789633686821802800,60.493802734375,-0.0295054959475994,-0.1369236681371927,0.3883399768948555
2026-09-17T08:28:06.831762,1789633686831762000,60.50376196289063,-0.0677177742356434,-0.1258656830281019,0.478457397128269
2026-09-17T08:28:06.841720,1789633686841720800,60.513720947265625,-0.1123640676265582,-0.1568359908312559,0.4389573075193911
2026-09-17T08:28:06.851681,1789633686851681000,60.523680908203126,-0.0082866206996142,-0.2133124958127737,0.4550918652404099
2026-09-17T08:28:06.861640,1789633686861640000,60.53363989257812,0.0093895404402166,-0.0679191054940223,0.3713128542482852
2026-09-17T08:28:06.871598,1789633686871598800,60.543598876953126,0.0249499150024727,-0.0011333879441022,0.1911971101164817
2026-09-17T08:28:06.881558,1789633686881558800,60.55355883789063,0.0274311738915741,-0.0105021047919988,0.1284779844183474
2026-09-17T08:28:06.891518,1789633686891518000,60.56351806640625,0.0122420803271234,0.128489601790905,0.0868991888392716
2026-09-17T08:28:06.901476,1789633686901476900,60.57347680664063,-0.0827569379353895,0.2746504693508148,-0.084377999798581
2026-09-17T08:28:06.911435,1789633686911435800,60.583435791015624,0.0983400723187252,0.2460872226893901,-0.1475105286031961
2026-09-17T08:28:06.921395,1789633686921395700,60.593395751953125,0.1223233342461287,0.0975859294831752,0.0112456166356801
2026-09-17T08:28:06.931355,1789633686931355000,60.60335498046875,0.1600875399731099,-0.0221796831041574,0.2168780793398618
2026-09-17T08:28:06.941314,1789633686941314000,60.61331396484375,0.10379676682204,0.0428600675612688,0.2662093887418508
2026-09-17T08:28:06.951273,1789633686951273000,60.62327294921875,-0.0800920661076903,0.1866261489391326,0.1281085665840655
2026-09-17T08:28:06.961233,1789633686961233000,60.63323291015625,0.0518236376743763,0.2497825700759887,0.0496884522765874
2026-09-17T08:28:06.971191,1789633686971191800,60.64319189453125,0.3118829793538898,0.2697042451202869,0.3098169867347926
2026-09-17T08:28:06.981151,1789633686981151000,60.65315087890625,0.4238854105938225,0.3292851458579302,0.4822707448713481
2026-09-17T08:28:06.991110,1789633686991110000,60.66310986328125,0.3814095200445502,0.2093196267843246,0.60388885345757
2026-09-17T08:28:07.001069,1789633687001069800,60.67306982421875,0.3049026189472526,0.122239893746376,0.4832030572853982
2026-09-17T08:28:07.011028,1789633687011028700,60.68302880859375,0.0026850013002753,0.5504828419625759,-0.1575298183143138
2026-09-17T08:28:07.020988,1789633687020988000,60.69298779296875,0.0244094879828393,1.07045773293674,-0.7512637729823589
2026-09-17T08:28:07.030947,1789633687030947800,60.70294775390625,0.2836004493299871,1.1749842753380535,-0.5307875230200588
2026-09-17T08:28:07.040907,1789633687040907000,60.71290698242188,0.5187860465157776,1.551229909813404,-0.2588759771138429
2026-09-17T08:28:07.050866,1789633687050866000,60.722865966796874,0.7816606648117304,1.9099504089921713,-0.4016754054166376
2026-09-17T08:28:07.060824,1789633687060824800,60.73282495117188,0.5180493297390639,1.687429355329275,-0.5306118011269718
2026-09-17T08:28:07.070784,1789633687070784800,60.74278466796875,0.5422593496270477,2.067048850151896,-0.4948199183862656
2026-09-17T08:28:07.080743,1789633687080743700,60.75274365234375,0.8280888001181185,2.4248738617956636,-0.6120024556778371
2026-09-17T08:28:07.090702,1789633687090702800,60.76270288085937,1.1800697619087994,2.635031108447909,-0.773608291259408
2026-09-17T08:28:07.100662,1789633687100662000,60.772662109375,1.1998230946488675,2.799357162773609,-0.932155031531304
2026-09-17T08:28:07.110622,1789633687110622000,60.7826220703125,1.498366334632039,3.6799785525530577,-1.3319511990725994
2026-09-17T08:28:07.120580,1789633687120580900,60.79258081054687,2.17105341450572,4.53494995276928,-2.0844095886670053
2026-09-17T08:28:07.130539,1789633687130539800,60.80253979492188,3.155494367460906,5.259557774016261,-1.6106278551995754
2026-09-17T08:28:07.140499,1789633687140499000,60.8124990234375,4.289534053470194,4.833391632074117,0.0671019438922405
2026-09-17T08:28:07.150459,1789633687150459000,60.822458984375,4.838717211011052,5.763934698364138,-0.0771047939252108
2026-09-17T08:28:07.160417,1789633687160417800,60.83241772460938,5.8514691894322635,7.1096449581980705,-1.3456716813892124
2026-09-17T08:28:07.170376,1789633687170376700,60.842376708984375,7.412775087580084,6.937837608206272,-1.5326220938466488
2026-09-17T08:28:07.180337,1789633687180337000,60.8523369140625,9.460482108402251,7.541139017164706,-0.657707537406683
2026-09-17T08:28:07.190295,1789633687190295800,60.8622958984375,10.8455698543787,7.980250565397739,1.298247666913271
2026-09-17T08:28:07.200255,1789633687200255000,60.8722548828125,10.049952560406922,7.160135959029197,4.657765016055107
2026-09-17T08:28:07.210214,1789633687210214000,60.8822138671875,5.277385691651702,7.072913602650165,6.921514834436774
2026-09-17T08:28:07.220173,1789633687220173800,60.892173828125,0.2171680021971464,8.971932283261419,5.460733257311582
2026-09-17T08:28:07.230132,1789633687230132700,60.9021328125,-4.473497412940859,14.815836590397357,2.0430505733184514
2026-09-17T08:28:07.240092,1789633687240092000,60.912091796875,-2.553366970717907,16.006829166728256,0.1678647498458624
2026-09-17T08:28:07.250050,1789633687250050800,60.92205078125,0.8792851727396249,14.654203428417444,0.2461784081041812
2026-09-17T08:28:07.260011,1789633687260011000,60.93201098632812,7.25804454459548,13.094554065304994,3.0516894173324105
2026-09-17T08:28:07.269970,1789633687269970000,60.94196997070313,11.254681401145458,13.039386889356374,4.324415689498186
2026-09-17T08:28:07.279928,1789633687279928800,60.9519287109375,11.478541594457626,12.306274859136344,2.757109089630842
2026-09-17T08:28:07.289888,1789633687289888000,60.96188793945313,15.510607491785288,9.340119698965548,2.714069866110384
2026-09-17T08:28:07.299848,1789633687299848000,60.97184790039063,13.065105852502583,6.564324029043316,2.6541163326680657
2026-09-17T08:28:07.309806,1789633687309806800,60.981806884765625,5.804913189962506,9.1373361959517,4.788028641781211
2026-09-17T08:28:07.319765,1789633687319765200,60.99176513671875,5.374547842764854,6.385782402360439,3.890809752944111
2026-09-17T08:28:07.329725,1789633687329725200,61.00172509765625,7.526229032802581,2.1660174661651252,3.546806930425763
2026-09-17T08:28:07.339684,1789633687339684400,61.011684326171874,8.771241953134536,1.1370904518820344,4.0697196284174915
2026-09-17T08:28:07.349643,1789633687349643300,61.02164331054688,8.519019004169106,2.1642560094505545,3.992302918998897
2026-09-17T08:28:07.359602,1789633687359602200,61.031602294921875,9.561747603181004,1.8769649619743227,3.8297456279113886
2026-09-17T08:28:07.369562,1789633687369562000,61.04156201171875,10.727267300081252,1.4894918310418723,3.8678666842520233
2026-09-17T08:28:07.379521,1789633687379521300,61.05152124023437,11.123028366887567,1.6078338405668735,4.003789650914073
2026-09-17T08:28:07.389480,1789633687389480400,61.06148046875,11.265117454963924,1.7793153196051716,4.072753881546855
2026-09-17T08:28:07.399439,1789633687399439400,61.071439453125,11.222093136751653,1.9361229611247777,4.004480848048627
2026-09-17T08:28:07.409399,1789633687409399300,61.0813994140625,10.791870997416972,2.1513602875202893,3.8651381360709665
2026-09-17T08:28:07.419358,1789633687419358200,61.09135815429688,10.18192708170414,2.116364377462864,3.841911574262381
2026-09-17T08:28:07.429317,1789633687429317000,61.101317138671874,9.408772963953018,1.946530957892537,3.734970371934771
2026-09-17T08:28:07.439277,1789633687439277000,61.111277099609374,8.295598955839871,1.739802516645193,3.63665934304744
2026-09-17T08:28:07.449236,1789633687449236200,61.121236328125,7.192249007126689,1.6176286738723515,3.429887647180259
2026-09-17T08:28:07.459195,1789633687459195400,61.1311953125,6.232966168564558,1.6048054326564072,3.0530624592512843
2026-09-17T08:28:07.469154,1789633687469154300,61.141154296875,5.30597933345139,1.3254139062583443,2.627617617321014
2026-09-17T08:28:07.479114,1789633687479114200,61.1511142578125,4.456541017442942,1.0023942505359649,2.2395184634447096
2026-09-17T08:28:07.489073,1789633687489073200,61.1610732421875,3.858919992208481,1.1450509093672037,1.932028385287523
2026-09-17T08:28:07.499032,1789633687499032300,61.1710322265625,3.4142823740303516,1.537710503026843,1.6793484863348305
2026-09-17T08:28:07.508991,1789633687508991200,61.1809912109375,2.7224621391415593,2.168718834078312,1.6590882269859313
2026-09-17T08:28:07.518951,1789633687518951200,61.190951171875,1.5709025785326958,2.894779776743054,1.463898101710528
2026-09-17T08:28:07.528910,1789633687528910000,61.20091015625,0.6723430887416004,3.4155238985240457,1.06351945810616
2026-09-17T08:28:07.538869,1789633687538869200,61.210869140625,0.5437789604097605,4.441743261283635,0.6387510541327297
2026-09-17T08:28:07.548828,1789633687548828400,61.22082836914063,-0.0528404865667223,5.757847487404942,0.206348940410465
2026-09-17T08:28:07.558788,1789633687558788400,61.23078833007813,-0.9956862773299217,7.086960832703113,-0.2454277358673512
2026-09-17T08:28:07.568747,1789633687568747300,61.24074731445312,-1.7380439825400709,8.657701498672365,-0.6696568453323095
2026-09-17T08:28:07.578706,1789633687578706200,61.2507060546875,-2.8470371978372335,10.173797551262378,-1.3265069621920584
2026-09-17T08:28:07.588666,1789633687588666000,61.260666015625,-4.455384248623251,11.374022066318988,-1.721285886093229
2026-09-17T08:28:07.598625,1789633687598625300,61.270625244140625,-6.401877797114849,12.282100202822685,-1.4729413859963416
2026-09-17T08:28:07.608584,1789633687608584200,61.28058422851562,-8.80428263747096,12.77553253930807,-1.0513549730598926
2026-09-17T08:28:07.618543,1789633687618543000,61.290543212890626,-11.464786625349522,12.41814299647212,-0.4254307768722996
2026-09-17T08:28:07.628503,1789633687628503300,61.30050341796875,-13.887526982247827,12.194739899277687,0.6599889263421297
2026-09-17T08:28:07.638462,1789633687638462200,61.31046215820312,-17.006929753369093,11.556554223942756,0.6490098516881465
2026-09-17T08:28:07.648421,1789633687648421400,61.32042138671875,-19.066361698776483,10.17131216418743,-0.9170657450795172
2026-09-17T08:28:07.658380,1789633687658380300,61.33038037109375,-20.93446910829544,9.031319707253576,-4.5171769801914685
2026-09-17T08:28:07.668340,1789633687668340200,61.34034033203125,-22.78828495761156,6.289140475729107,-8.262097668254375
2026-09-17T08:28:07.678299,1789633687678299100,61.35029907226563,-25.184918228828906,2.2220459351181985,-9.834131881165504
2026-09-17T08:28:07.688258,1789633687688258000,61.360258056640625,-29.17229041342735,-2.3440707248091694,-10.563463223803042
2026-09-17T08:28:07.698218,1789633687698218200,61.37021826171875,-32.567055601561066,-6.966082290437817,-11.439732848113774
2026-09-17T08:28:07.708177,1789633687708177400,61.380177490234374,-34.61114501640797,-9.428204809653758,-11.746406933712958
2026-09-17T08:28:07.718136,1789633687718136300,61.39013623046875,-34.49613916556835,-10.354307263147833,-10.645317331147194
2026-09-17T08:28:07.728095,1789633687728095200,61.40009521484375,-30.796856777608394,-9.20640037982762,-9.043832567346096
2026-09-17T08:28:07.738055,1789633687738055200,61.41005517578125,-14.687840325081348,1.0915554660230875,-0.37623233660236
2026-09-17T08:28:07.748014,1789633687748014300,61.42001440429687,16.103334899759293,3.681250472185015,4.053693207246065
2026-09-17T08:28:07.757973,1789633687757973200,61.42997314453125,16.908678637975452,1.0626473514467478,-0.0328011764921247
2026-09-17T08:28:07.767932,1789633687767932200,61.43993212890625,8.288573587247729,8.611133808764816,-5.992146657145023
2026-09-17T08:28:07.777892,1789633687777892400,61.44989233398437,-0.9924326823614538,4.335384242758154,-8.274682424539327
2026-09-17T08:28:07.787851,1789633687787851300,61.45985131835938,-9.425119703119991,10.685783781570196,-8.68490339385271
2026-09-17T08:28:07.797810,1789633687797810400,61.469810546875,-17.523547735130787,8.948462560346723,-1.13274847715497
2026-09-17T08:28:07.807770,1789633687807770400,61.479770263671874,-15.282787747192382,8.567601541030406,-4.237847997635603
2026-09-17T08:28:07.817729,1789633687817729300,61.48972924804688,-6.885241159528493,11.19007302763462,-4.6858688285112375
2026-09-17T08:28:07.827688,1789633687827688200,61.499688232421875,-2.229011244086176,3.897144216662645,-0.976183119958639
2026-09-17T08:28:07.837647,1789633687837647000,61.50964721679688,0.5532464614570141,0.0400502708375453,-3.618626550489664
2026-09-17T08:28:07.847607,1789633687847607300,61.51960717773437,0.7455280058093369,0.527213025534153,-4.304593383175135
2026-09-17T08:28:07.857566,1789633687857566500,61.52956640625,-1.0167151829637586,0.0990314521163702,-0.6700257517099381
2026-09-17T08:28:07.867525,1789633687867525400,61.539525390625,-0.3714452849889174,0.6892769801467656,1.2897779447317124
2026-09-17T08:28:07.877484,1789633687877484300,61.549484375,0.0641669681525789,-0.1690975065112114,1.7095418184161186
2026-09-17T08:28:07.887444,1789633687887444200,61.5594443359375,0.37741416679807,-1.1707120048463344,1.1434019731163978
2026-09-17T08:28:07.897403,1789633687897403100,61.569403076171874,0.3375048022685572,-1.0642138701111077,0.759967230854556
2026-09-17T08:28:07.907362,1789633687907362300,61.5793623046875,-0.1318128096631728,-0.7315595400810241,1.062449198526144
2026-09-17T08:28:07.917321,1789633687917321200,61.5893212890625,0.1921760381512343,-0.0979319664418697,0.6434802746117114
2026-09-17T08:28:07.927281,1789633687927281200,61.59928125,0.2206795174494385,-0.0403968923181295,0.0485597405076026
2026-09-17T08:28:07.937240,1789633687937240300,61.609240234375,0.0820952591562643,-0.0014010989695787,-0.3448457030832767
2026-09-17T08:28:07.947199,1789633687947199200,61.61919921875,-0.1633820149412378,0.1222077450424432,-0.2197101244280114
2026-09-17T08:28:07.957159,1789633687957159200,61.6291591796875,-0.1416604874007404,0.0982961235791444,0.0704021544814109
2026-09-17T08:28:07.967118,1789633687967118300,61.63911840820312,-0.0938754210600629,-0.0207955352693796,0.2385059737801551
2026-09-17T08:28:07.977077,1789633687977077200,61.6490771484375,-0.1360581738816574,-0.004901216045022,0.1887970632374286
2026-09-17T08:28:07.987036,1789633687987036200,61.6590361328125,-0.0026763065371662,-0.0596282470107078,0.154883103197813
2026-09-17T08:28:07.996996,1789633687996996000,61.66899609375,0.0578353722445666,-0.0382715707272291,0.1962251674115657
2026-09-17T08:28:08.006955,1789633688006955300,61.67895532226562,-0.015581526948139,-0.0683475600391626,0.2927531122744083
2026-09-17T08:28:08.016914,1789633688016914400,61.68891455078125,-0.0514156779279932,-0.0967103156924247,0.3994949926376342
2026-09-17T08:28:08.026873,1789633688026873300,61.69887329101562,-0.0952345075188204,0.0839654004096984,0.3195838360548019
2026-09-17T08:28:08.036833,1789633688036833300,61.70883325195312,-0.0677410455133765,0.138976509013772,0.1982557964563369
2026-09-17T08:28:08.046792,1789633688046792200,61.71879223632813,0.0026751374933868,0.2597451611638069,-0.0452022285069338
2026-09-17T08:28:08.056751,1789633688056751400,61.72875146484375,-0.0021360256480053,0.3964975643873214,-0.2505173140913247
2026-09-17T08:28:08.066710,1789633688066710300,61.73871020507813,-0.047594329541549,0.3813087630838155,-0.3041179713755846
2026-09-17T08:28:08.076670,1789633688076670200,61.74867016601563,0.0547918398302048,0.2887970681250095,-0.1170961376497522
2026-09-17T08:28:08.086629,1789633688086629000,61.758629150390625,0.3478546756409108,0.0671972209602594,0.3449094525018706
2026-09-17T08:28:08.096588,1789633688096588300,61.76858837890625,0.394486955217272,-0.1346037007570266,0.7997627232134342
2026-09-17T08:28:08.106547,1789633688106547500,61.77854736328125,0.0791740014147013,0.0401490550369024,0.7743406971871852
2026-09-17T08:28:08.116507,1789633688116507400,61.78850732421875,-0.10139569702968,0.2447276247739791,0.3201683944771066
2026-09-17T08:28:08.126466,1789633688126466300,61.79846630859375,-0.0413034127037972,0.3997165264338255,-0.1462226807497441
2026-09-17T08:28:08.136425,1789633688136425200,61.80842529296875,0.0247233031723648,0.3441840243041515,-0.2126238559614867
2026-09-17T08:28:08.146385,1789633688146385200,61.81838525390625,0.1734025832939893,0.4692892443537712,-0.007445055308938
2026-09-17T08:28:08.156344,1789633688156344000,61.828343994140624,0.3017465660691261,0.319098682886362,0.3046207332659512
2026-09-17T08:28:08.166303,1789633688166303200,61.83830322265625,0.1161794246636331,0.3548784367978572,0.2986667932976037
2026-09-17T08:28:08.176262,1789633688176262100,61.84826220703125,-0.0531445840798318,0.3627256431668996,-0.0251647633295506
2026-09-17T08:28:08.186222,1789633688186222300,61.85822241210938,-0.0744626819185912,0.4932236621707677,-0.3307990575522184
2026-09-17T08:28:08.196181,1789633688196181200,61.86818115234375,-0.0936750396497547,0.6516232490569352,-0.4528185865461826
2026-09-17T08:28:08.206140,1789633688206140200,61.87814013671875,-0.2372055587060749,0.5494336251705885,-0.4288572076570242
2026-09-17T08:28:08.216099,1789633688216099300,61.888099365234375,0.0847602040491998,0.8888993887811899,-0.1812368571162223
2026-09-17T08:28:08.226059,1789633688226059300,61.898059326171875,0.2053448779344558,0.6069891575604677,-0.0363367302071303
2026-09-17T08:28:08.236018,1789633688236018200,61.90801806640625,0.0698915746107697,0.7675742717921733,-0.3276934196870774
2026-09-17T08:28:08.245977,1789633688245977000,61.91797705078125,0.0996716497160494,0.9455798919022084,-0.649296267414093
2026-09-17T08:28:08.255936,1789633688255936300,61.92793627929687,0.2441334582731127,1.0399807616084813,-0.7187826222248375
2026-09-17T08:28:08.265896,1789633688265896400,61.937896484375,0.3874040112189948,1.1200526617109774,-0.6137338095150887
2026-09-17T08:28:08.275855,1789633688275855400,61.94785546875,0.4515757468782365,1.1340028611302375,-0.5133644598584621
2026-09-17T08:28:08.285814,1789633688285814300,61.957814208984374,0.5169036668352782,1.2900795580267903,-0.3427962232075631
2026-09-17T08:28:08.295774,1789633688295774200,61.967774169921874,0.7078842115916312,1.3164818272620438,-0.1830430297553539
2026-09-17T08:28:08.305733,1789633688305733000,61.97773315429688,0.6658405749797821,1.4773966118395327,-0.5332410536520182
2026-09-17T08:28:08.315692,1789633688315692500,61.98769262695313,0.7312235861249268,1.840944092783332,-0.959485594592616
2026-09-17T08:28:08.325651,1789633688325651700,61.99765161132812,1.0988155201539396,2.1010610098689795,-1.0369289728224278
2026-09-17T08:28:08.335611,1789633688335611600,62.007611572265624,1.4196581240981816,2.399992518517375,-0.7567633933119475
2026-09-17T08:28:08.345570,1789633688345570600,62.01757055664063,1.8247548822656272,2.7524492811262604,-0.3742978614084422
2026-09-17T08:28:08.355529,1789633688355529500,62.027529541015625,2.2232973964840173,3.160648389223218,-0.5190262119472027
2026-09-17T08:28:08.365488,1789633688365488600,62.03748852539063,2.636234346757829,4.255491206353903,-1.148238453362137
2026-09-17T08:28:08.375448,1789633688375448600,62.04744848632812,3.5837530977681276,5.281164625668525,-0.8973702800065279
2026-09-17T08:28:08.385407,1789633688385407700,62.05740771484375,4.608598249565064,4.794718494808674,0.3344909708727151
2026-09-17T08:28:08.395366,1789633688395366700,62.06736669921875,5.429209991800785,5.512441232717037,0.0637139088891446
2026-09-17T08:28:08.405325,1789633688405325600,62.07732568359375,6.527993070989846,6.356926894754171,-0.8098415610920637
2026-09-17T08:28:08.415285,1789633688415285500,62.08728540039063,8.20910316016972,7.0900061917483805,-0.4967547589063644
2026-09-17T08:28:08.425244,1789633688425244700,62.09724462890625,9.306168914046882,8.11934164070189,1.327700409760326
2026-09-17T08:28:08.435203,1789633688435203600,62.10720361328125,8.676643515029548,7.99287565369308,4.166019609743357
2026-09-17T08:28:08.445163,1789633688445163800,62.11716381835937,4.002993532100319,7.479802797192335,6.68453621635437
2026-09-17T08:28:08.455122,1789633688455122700,62.12712280273438,0.7336404380083084,10.672740760123729,5.702549963074922
2026-09-17T08:28:08.465081,1789633688465081600,62.13708154296875,-3.829359551203251,17.15134056239128,2.4433447535097597
2026-09-17T08:28:08.475040,1789633688475040800,62.14704077148438,-2.7809190042853356,16.51764518421292,0.6312585064202547
2026-09-17T08:28:08.485000,1789633688485000700,62.15700073242188,-0.243276841443777,14.965939473581312,0.4791185644507408
2026-09-17T08:28:08.494959,1789633688494959600,62.166959716796875,6.902600290608405,14.031044641822575,2.4566765287697314
2026-09-17T08:28:08.504918,1789633688504918500,62.17691845703125,10.670830542588233,15.213938082849978,4.42353248181045
2026-09-17T08:28:08.514877,1789633688514877400,62.18687744140625,11.953294949436186,13.606346234345436,3.5722096672296524
2026-09-17T08:28:08.524837,1789633688524837600,62.196837646484376,16.375233440053464,10.544347019922732,3.188267048510909
2026-09-17T08:28:08.534796,1789633688534796800,62.206796875,13.56107618303299,8.377635434013605,2.7341107836201783
2026-09-17T08:28:08.544755,1789633688544755700,62.216755615234376,4.87475240098834,12.128342888784408,4.601274774809181
2026-09-17T08:28:08.554715,1789633688554715600,62.22671557617188,5.176480846878886,8.987982085308433,4.040977518057823
2026-09-17T08:28:08.564674,1789633688564674600,62.236674560546874,8.355781329602003,3.362479121556878,4.166051758447289
2026-09-17T08:28:08.574633,1789633688574633500,62.24663354492188,9.442065577223897,2.593135794265568,4.875310619392991
2026-09-17T08:28:08.584592,1789633688584592600,62.256592529296874,9.321145533904431,2.6457033091098068,4.769018236362934
2026-09-17T08:28:08.594552,1789633688594552600,62.266552490234375,10.52579663323164,2.0412983228236437,4.282803868432342
2026-09-17T08:28:08.604511,1789633688604511700,62.27651171875,11.39194000032544,2.406415829563141,3.9328298625499007
2026-09-17T08:28:08.614470,1789633688614470700,62.286470703125,11.530887867766618,2.88646056894809,3.915208865663409
2026-09-17T08:28:08.624429,1789633688624429800,62.296429931640624,11.4358434394598,2.9337782004401087,3.9402176347136497
2026-09-17T08:28:08.634389,1789633688634389800,62.3063896484375,11.240514928627013,2.5707383767575025,4.006429351767897
2026-09-17T08:28:08.644348,1789633688644348700,62.3163486328125,10.85588198955655,2.1415297983795405,3.9532711775541305
2026-09-17T08:28:08.654307,1789633688654307600,62.3263076171875,10.221113429188728,2.0226409686267375,3.663964406341314
2026-09-17T08:28:08.664266,1789633688664266500,62.3362666015625,9.163540312266347,1.9872002374112605,3.24401056304276
2026-09-17T08:28:08.674226,1789633688674226400,62.34622631835938,7.741641131243109,2.1174095026016233,2.6899136222362516
2026-09-17T08:28:08.684185,1789633688684185900,62.356185791015626,6.4726739193499085,2.3409371029585597,2.1928525738596916
2026-09-17T08:28:08.694144,1789633688694144800,62.36614477539062,5.408898440656066,1.9206711249709127,1.6995308581419288
2026-09-17T08:28:08.704104,1789633688704104700,62.37610473632813,4.781264554473758,1.3789882600575685,1.2470597698591648
2026-09-17T08:28:08.714063,1789633688714063600,62.38606372070313,4.362223734366894,0.9407470649182796,0.9403357076384128
2026-09-17T08:28:08.724022,1789633688724022500,62.3960224609375,3.896885273465514,0.9707406366437672,0.7484153978139162
2026-09-17T08:28:08.733981,1789633688733981700,62.40598168945313,3.168344788944721,1.638185724210739,0.4257727587103843
2026-09-17T08:28:08.743941,1789633688743941600,62.41594165039062,2.3872104860946535,2.611484228643775,0.4236078357614576
2026-09-17T08:28:08.753900,1789633688753900500,62.425900634765625,1.3255848789110778,3.362174585652351,0.2607870714321732
2026-09-17T08:28:08.763859,1789633688763859700,62.43585961914062,0.4622337728843093,4.065981610932946,0.0242518132030963
2026-09-17T08:28:08.773818,1789633688773818600,62.445818603515626,-0.1781555499747395,4.895998602634668,-0.1909200467407703
2026-09-17T08:28:08.783778,1789633688783778600,62.45577856445313,-0.1712190287098288,6.236845055824518,-0.59551499286592
2026-09-17T08:28:08.793737,1789633688793737700,62.46573779296875,-0.8222226845636963,7.887450116625428,-1.2444652233213185
2026-09-17T08:28:08.803696,1789633688803696600,62.47569653320313,-1.5024439593344925,9.720265848010778,-1.1722077232968062
2026-09-17T08:28:08.813656,1789633688813656600,62.48565649414063,-3.2710423623532057,10.566935283827782,-1.1667839446824044
2026-09-17T08:28:08.823615,1789633688823615500,62.495615478515624,-5.273406266626715,10.96358833103776,-1.194756312778592
2026-09-17T08:28:08.833574,1789633688833574700,62.50557470703125,-7.498687530404329,12.196219908702371,-1.32422908038795
2026-09-17T08:28:08.843533,1789633688843533600,62.515533447265625,-10.098153404474258,12.042745503258704,-1.7700269745171069
2026-09-17T08:28:08.853493,1789633688853493800,62.52549365234375,-13.24805068258047,12.004732875728608,-1.6497686099767683
2026-09-17T08:28:08.863452,1789633688863452700,62.53545263671875,-17.17780537546873,13.237432257932424,-1.617290235698223
2026-09-17T08:28:08.873411,1789633688873411600,62.54541162109375,-21.10802534778118,13.05171913218498,-2.295464222550392
2026-09-17T08:28:08.883370,1789633688883370800,62.555370849609375,-24.767995131528377,10.414496651172636,-5.047574480980634
2026-09-17T08:28:08.893330,1789633688893330700,62.56533056640625,-27.534156127142904,7.781276391538977,-8.339567861425875
2026-09-17T08:28:08.903289,1789633688903289600,62.57528955078125,-31.087340775907037,3.3717361947238444,-10.727380697327852
2026-09-17T08:28:08.913248,1789633688913248500,62.58524853515625,-34.679838028883935,-2.0108686977684496,-11.43481818806529
2026-09-17T08:28:08.923208,1789633688923208700,62.595208740234376,-38.65185599248409,-7.670027262884378,-11.839499058908224
2026-09-17T08:28:08.933167,1789633688933167600,62.60516772460937,-40.120997986197466,-12.458373300051688,-12.28257483459711
2026-09-17T08:28:08.943126,1789633688943126800,62.61512670898438,-36.81926062585115,-10.47348075506091,-8.983009557592869
2026-09-17T08:28:08.953085,1789633688953085700,62.625085693359374,-20.912430294966697,2.443957916972041,-2.522957803928852
2026-09-17T08:28:08.963045,1789633688963045600,62.635045654296874,16.293986066430808,-6.3974693330228325,2.7956524630367756
2026-09-17T08:28:08.973004,1789633688973004500,62.64500463867188,17.06695196813345,10.838048226702211,0.4671943179011344
2026-09-17T08:28:08.982963,1789633688982963500,62.65496337890625,5.088759893327951,7.441576819172501,-3.8843607229351993
2026-09-17T08:28:08.992922,1789633688992922600,62.66492260742187,-2.505594581195712,3.568789045131206,-4.181559708702564
2026-09-17T08:28:09.002882,1789633689002882800,62.6748828125,-14.36921744301319,8.646028596535325,-0.9818564894199372
2026-09-17T08:28:09.012841,1789633689012841700,62.684841796875,-21.73703870562315,7.48033529663384,-0.4485970963936299
2026-09-17T08:28:09.022800,1789633689022800600,62.69480053710937,-16.932178756028414,15.210938316512108,-7.412310392677783
2026-09-17T08:28:09.032759,1789633689032759600,62.70475952148438,-5.615799315860867,9.529595976638792,-4.332145406967402
2026-09-17T08:28:09.042719,1789633689042719500,62.71471948242188,2.453103346458078,-0.1611421635925769,-5.7928889901697636
2026-09-17T08:28:09.052678,1789633689052678700,62.7246787109375,2.4323520887218413,-0.3770037593662738,-6.909522198826074
2026-09-17T08:28:09.062637,1789633689062637600,62.73463745117188,-1.9874365303851664,0.887895764696598,-2.432552141338587
2026-09-17T08:28:09.072597,1789633689072597800,62.74459765625,-0.8066241334155202,0.7091548160493374,1.6663631864249706
2026-09-17T08:28:09.082556,1789633689082556700,62.754556640625,0.3850339576194063,0.4115238686054944,2.2639748593091964
2026-09-17T08:28:09.092515,1789633689092515600,62.764515625,-0.0883006896676495,-0.6506617105484008,0.9169219526946544
2026-09-17T08:28:09.102474,1789633689102474800,62.77447485351563,0.1269731693459674,-1.0797943010807036,0.2009855502137914
2026-09-17T08:28:09.112434,1789633689112434700,62.7844345703125,0.0067415832147002,-0.835190594947338,0.9228034119486808
2026-09-17T08:28:09.122393,1789633689122393600,62.7943935546875,0.125348983943928,-0.5287187539219856,1.361745448833704
2026-09-17T08:28:09.132352,1789633689132352500,62.8043525390625,0.2222872997059486,-0.3395733156383037,0.785868637895584
2026-09-17T08:28:09.142311,1789633689142311700,62.814311767578126,0.1362322518069297,0.1022018988460302,-0.2515887427151203
2026-09-17T08:28:09.152272,1789633689152272000,62.82427197265625,-0.0228070577548816,0.4055599917650223,-0.7423848854780196
2026-09-17T08:28:09.162230,1789633689162230800,62.83423071289062,-0.0198787126854062,0.2467009706735611,-0.4832289223790168
2026-09-17T08:28:09.172189,1789633689172189700,62.84418969726563,0.0592153553608804,0.0225415021538734,0.0520692099332809
2026-09-17T08:28:09.182148,1789633689182148600,62.85414868164062,0.078214947124198,-0.2485077278345823,0.541028784918785
2026-09-17T08:28:09.192108,1789633689192108500,62.86410864257813,0.1432819145901128,-0.4167956715285777,0.7353074944376945
2026-09-17T08:28:09.202067,1789633689202067700,62.87406762695313,0.1409064906956628,-0.2576315300107002,0.5697568667531013
2026-09-17T08:28:09.212026,1789633689212026600,62.884026611328125,0.0069379825696349,-0.1709001720190048,0.4633914184868336
2026-09-17T08:28:09.221986,1789633689221986600,62.893986572265625,0.0072919836390763,-0.0794844556033611,0.3188531836926936
2026-09-17T08:28:09.231945,1789633689231945500,62.90394555664062,-0.1463936899350956,0.0737660779565572,0.26973580930233
2026-09-17T08:28:09.241904,1789633689241904600,62.913904541015626,0.0071819473933428,0.1002864206135272,0.2237871280759573
2026-09-17T08:28:09.251863,1789633689251863800,62.92386376953125,0.1543442105481401,-0.0368576122760772,0.2701204247057437
2026-09-17T08:28:09.261823,1789633689261823700,62.93382373046875,0.1361377784565091,0.1395376500278711,0.1593827527046203
2026-09-17T08:28:09.271782,1789633689271782700,62.94378271484375,-0.0270014772374182,0.3465285416036844,-0.10589837874379
2026-09-17T08:28:09.281741,1789633689281741600,62.95374145507813,-0.1267481649510562,0.4405418732970952,-0.324096929565072
2026-09-17T08:28:09.291700,1789633689291700500,62.96370043945313,-0.1325915572170168,0.3814671685159206,-0.3405798988649621
2026-09-17T08:28:09.301660,1789633689301660400,62.97366040039063,-0.0644836511526256,0.1926385410964488,0.0275865105837583
2026-09-17T08:28:09.311619,1789633689311619600,62.98361962890625,0.0751816438429057,0.0324701909720897,0.4684861112773418
2026-09-17T08:28:09.321578,1789633689321578500,62.99357861328125,0.2405418635219335,0.0170113405555486,0.7351683782279491
2026-09-17T08:28:09.331537,1789633689331537400,63.003537353515625,0.1979077867362648,0.014410802668333,0.7136386834651232
2026-09-17T08:28:09.341497,1789633689341497300,63.013497314453126,0.1343751526981592,0.0621375994831323,0.5503565852344036
2026-09-17T08:28:09.351456,1789633689351456500,63.02345654296875,0.1663912432271987,0.202170339551568,0.3509749996185302
2026-09-17T08:28:09.361415,1789633689361415700,63.03341577148438,-0.0064062868457287,0.2302577853947877,0.1603676720887422
2026-09-17T08:28:09.371375,1789633689371375600,63.04337573242187,-0.1141427312042564,0.3841337573766708,-0.1546194838255643
2026-09-17T08:28:09.381334,1789633689381334500,63.05333447265625,-0.2500267540954053,0.634298020246625,-0.6836521990675479
2026-09-17T08:28:09.391293,1789633689391293400,63.06329345703125,-0.3655938190143555,0.5970347497791052,-0.9889221169572324
2026-09-17T08:28:09.401252,1789633689401252600,63.07325268554688,-0.1978965346898883,0.500813678908348,-0.7567506068956107
2026-09-17T08:28:09.411212,1789633689411212500,63.08321264648438,-0.0922637115471065,0.4299854079693556,-0.3613538433570414
2026-09-17T08:28:09.421171,1789633689421171500,63.09317138671875,0.0544805088587105,0.3741372640192508,0.0117505704831331
2026-09-17T08:28:09.431130,1789633689431130400,63.10313037109375,0.1274278177782893,0.5357388618171215,0.1984603791177272
2026-09-17T08:28:09.441089,1789633689441089300,63.11308935546875,0.2166794880278408,0.4489116422355175,0.1696114473827183
2026-09-17T08:28:09.451049,1789633689451049500,63.123049560546875,0.0619176731221377,0.6503209342867136,-0.1308288583934307
2026-09-17T08:28:09.461008,1789633689461008600,63.13300854492188,-0.0368988210693001,0.4945914433926344,-0.3586047638446092
2026-09-17T08:28:09.470967,1789633689470967600,63.142967529296875,0.0939854207731783,0.5694055690973997,-0.1857937897682189
2026-09-17T08:28:09.480926,1789633689480926500,63.15292651367187,0.3478973457388579,0.7109013674557209,0.0446621485471725
2026-09-17T08:28:09.490886,1789633689490886400,63.16288647460937,0.3140402304530144,0.8502508014351129,-0.0839655465401709
2026-09-17T08:28:09.500845,1789633689500845300,63.17284521484375,0.3266929374076426,0.8985451690047979,-0.1951162563215941
2026-09-17T08:28:09.510804,1789633689510804500,63.18280444335937,0.4849624681733548,1.0848112524598836,-0.3312034736346453
2026-09-17T08:28:09.520764,1789633689520764700,63.1927646484375,0.4490744315817951,1.245782735660672,-0.5123847281061112
2026-09-17T08:28:09.530723,1789633689530723600,63.2027236328125,0.4967096045903861,1.7201877155929803,-0.7196347090095281
2026-09-17T08:28:09.540682,1789633689540682500,63.2126826171875,0.9885251535288988,1.964558197492361,-0.52466816335693
2026-09-17T08:28:09.550641,1789633689550641700,63.2226416015625,1.2265547419689595,2.2081740616321563,-0.1511434782780706
2026-09-17T08:28:09.560601,1789633689560601600,63.2326015625,1.5207356950893998,2.537656191366911,-0.2635860545009375
2026-09-17T08:28:09.570560,1789633689570560500,63.242560546875,1.6201140609472988,3.2821430175602435,-1.2427145802617072
2026-09-17T08:28:09.580519,1789633689580519400,63.25251953125,1.9732810176521536,4.3130736267507075,-2.0001630332283673
2026-09-17T08:28:09.590478,1789633689590478300,63.262478271484376,3.012617051616311,4.100317011255026,-0.7387725401997566
2026-09-17T08:28:09.600438,1789633689600438500,63.2724384765625,3.637689270617068,4.449429139611125,-0.0647802229464054
2026-09-17T08:28:09.610397,1789633689610397700,63.282397705078125,4.115314673900604,5.208724243357778,-1.0275457890577613
2026-09-17T08:28:09.620356,1789633689620356600,63.29235668945312,5.12484944384098,5.577102797719836,-1.2138788733344523
2026-09-17T08:28:09.630316,1789633689630316500,63.30231665039062,6.308352541199326,5.647246593526005,-0.3543471064001322
2026-09-17T08:28:09.640275,1789633689640275500,63.312275390625,7.756696661555766,5.814948261764645,0.7919664433140308
2026-09-17T08:28:09.650234,1789633689650234400,63.322234375,8.062220992597936,6.138732472118735,1.7229250316023823
2026-09-17T08:28:09.660193,1789633689660193500,63.33219360351563,7.242262453573942,7.4743030307322735,3.525431549441814
2026-09-17T08:28:09.670153,1789633689670153700,63.34215380859375,3.8206799856632943,6.651279258918762,6.236390297794341
2026-09-17T08:28:09.680112,1789633689680112600,63.35211254882813,0.678908730867505,9.005672640299796,5.946387945532798
2026-09-17T08:28:09.690071,1789633689690071600,63.36207153320313,-3.3092928902924057,14.476832599079607,3.1200030751019714
2026-09-17T08:28:09.700030,1789633689700030500,63.372030517578125,-1.5481687686771153,15.712280403208732,0.9818021288841964
2026-09-17T08:28:09.709990,1789633689709990400,63.381990478515625,0.3665530925005674,13.97656135648489,0.565498770917207
2026-09-17T08:28:09.719949,1789633689719949600,63.39194946289062,5.127174087396264,13.016011858987808,1.9169044659137724
2026-09-17T08:28:09.729908,1789633689729908500,63.401908447265626,9.260218479254842,13.41470722568035,4.076341676905751
2026-09-17T08:28:09.739868,1789633689739868400,63.41186840820313,10.162084901636838,12.920213397443291,4.0268063693642615
2026-09-17T08:28:09.749827,1789633689749827600,63.42182763671875,12.45557227115631,10.610645830738545,3.0274282517790794
2026-09-17T08:28:09.759786,1789633689759786500,63.43178637695313,14.448226097798347,7.875661479154228,3.207884479911625
2026-09-17T08:28:09.769745,1789633689769745700,63.44174560546875,8.633464298516511,8.79359816184938,3.2032027518361805
2026-09-17T08:28:09.779705,1789633689779705600,63.45170556640625,4.561681307828426,10.929821670514343,4.638344860792159
2026-09-17T08:28:09.789664,1789633689789664500,63.46166455078125,6.186787770235538,6.4168801359355445,3.3058857121974228
2026-09-17T08:28:09.799623,1789633689799623400,63.47162353515625,7.990164641168713,3.315367241770029,3.717144207865
2026-09-17T08:28:09.809582,1789633689809582600,63.48158251953125,8.23929956099093,3.1382635389357803,4.293718353417516
2026-09-17T08:28:09.819542,1789633689819542500,63.49154248046875,8.697365985062717,3.258954449674487,4.270212390145659
2026-09-17T08:28:09.829501,1789633689829501400,63.50150146484375,10.044778372639415,2.3586811417028306,4.284135117036104
2026-09-17T08:28:09.839460,1789633689839460600,63.511460693359375,10.88171434994936,2.1196116888210175,4.336561469843984
2026-09-17T08:28:09.849419,1789633689849419500,63.52141943359375,11.243016682314872,2.292196160665154,4.2415860151201485
2026-09-17T08:28:09.859379,1789633689859379500,63.53137939453125,11.324329522389172,2.3321350800827143,4.109361318454146
2026-09-17T08:28:09.869338,1789633689869338600,63.54133862304688,11.19520279173851,2.141727951300144,3.9052249395266174
2026-09-17T08:28:09.879297,1789633689879297500,63.55129760742187,10.875378132665157,1.9940350518673655,3.680689915692806
2026-09-17T08:28:09.889257,1789633689889257500,63.56125756835937,10.271254885929824,1.9103566517055033,3.5969425419479606
2026-09-17T08:28:09.899216,1789633689899216400,63.57121630859375,9.454315986987949,1.8558494009703397,3.5068010832518337
2026-09-17T08:28:09.909175,1789633689909175300,63.58117529296875,8.540821670654415,1.903697193816304,3.3874548651203513
2026-09-17T08:28:09.919134,1789633689919134700,63.591134765625,7.618281293556094,2.000700354975462,3.207741272048652
2026-09-17T08:28:09.929094,1789633689929094700,63.6010947265625,6.451571510088443,1.834513182953,2.6882451045021414
2026-09-17T08:28:09.939053,1789633689939053600,63.611053466796875,5.478983199751377,1.622329983431101,2.1053432172328232
2026-09-17T08:28:09.949012,1789633689949012500,63.62101245117187,4.743588611552119,1.6205699880212543,1.7114701561301946
2026-09-17T08:28:09.958971,1789633689958971400,63.63097143554688,4.008945133981109,2.1703490656286477,1.491877557134628
2026-09-17T08:28:09.968931,1789633689968931300,63.640931396484376,2.756381944400072,2.90045665333569,1.0757460486032069
2026-09-17T08:28:09.978890,1789633689978890500,63.65089038085937,1.5906863064110277,3.699878600287437,0.819896725834161
2026-09-17T08:28:09.988849,1789633689988849400,63.66084936523438,0.8440171677425503,4.540482452455163,0.7235558279760181
2026-09-17T08:28:09.998809,1789633689998809600,63.6708095703125,-0.3279609115168452,5.1997161765158175,0.5233277085334063
2026-09-17T08:28:10.008768,1789633690008768500,63.6807685546875,-0.959021265016496,6.1559770369082685,0.1185777179770171
2026-09-17T08:28:10.018727,1789633690018727400,63.6907275390625,-1.3496230493634938,7.521666254931688,-0.3546077300976961
2026-09-17T08:28:10.028686,1789633690028686600,63.7006865234375,-1.8315373820126055,9.629535775771735,-0.8382979133129119
2026-09-17T08:28:10.038646,1789633690038646500,63.710646484375,-3.1756857993572947,11.596542535459994,-1.310927700266242
2026-09-17T08:28:10.048605,1789633690048605400,63.72060546875,-5.217628265303373,12.633783642971515,-1.5379098249912262
2026-09-17T08:28:10.058564,1789633690058564400,63.730564453125,-7.450735108140111,13.424247791963817,-1.9183219314962623
2026-09-17T08:28:10.068523,1789633690068523500,63.7405234375,-9.61803998376727,13.960328014564514,-2.162510042566061
2026-09-17T08:28:10.078483,1789633690078483500,63.7504833984375,-13.407959504985808,13.757211334073542,-1.8813047447443008
2026-09-17T08:28:10.088442,1789633690088442600,63.76044262695312,-18.13574206011891,13.013895889747142,-2.187481986737251
2026-09-17T08:28:10.098401,1789633690098401500,63.770401611328126,-22.34499057073593,13.006604563695191,-3.060803282636404
2026-09-17T08:28:10.108360,1789633690108360400,63.7803603515625,-26.705610377037523,11.7411848151505,-6.132828216511011
2026-09-17T08:28:10.118320,1789633690118320400,63.7903203125,-30.515610563254356,8.425434127020836,-9.233038795906303
2026-09-17T08:28:10.128279,1789633690128279600,63.80027954101563,-33.95489527659416,1.5980781702280045,-10.02746600331068
2026-09-17T08:28:10.138238,1789633690138238500,63.81023852539062,-37.29013976974487,-5.071255216297507,-10.379997000199555
2026-09-17T08:28:10.148198,1789633690148198700,63.82019873046875,-40.52708638575077,-9.559743862143158,-12.17270810021162
2026-09-17T08:28:10.158157,1789633690158157600,63.83015747070313,-42.55750967881679,-11.880793192327022,-12.828643367248771
2026-09-17T08:28:10.168116,1789633690168116500,63.840116455078125,-38.672344653761385,-11.52021566710472,-9.002537264883518
2026-09-17T08:28:10.178075,1789633690178075600,63.85007568359375,-7.918616823783516,2.0038877528399226,-1.3789667788781226
2026-09-17T08:28:10.188035,1789633690188035600,63.86003564453125,23.918993453371524,-0.6775882959187031,8.500141869741677
2026-09-17T08:28:10.197994,1789633690197994500,63.869994384765626,14.550164377272129,6.572871492636203,-1.0470786109149457
2026-09-17T08:28:10.207953,1789633690207953400,63.87995336914062,5.424846535894274,-0.0339098683863878,-6.05986936328411
2026-09-17T08:28:10.217912,1789633690217912300,63.889912353515626,0.7778016512960195,2.072759044492245,-7.746967879223823
2026-09-17T08:28:10.227872,1789633690227872500,63.89987255859375,-10.194219577044247,9.977807361650466,-6.00466711602211
2026-09-17T08:28:10.237831,1789633690237831700,63.909831787109376,-20.697859323525428,5.798168391877413,2.815435021871328
2026-09-17T08:28:10.247790,1789633690247790600,63.91979052734375,-18.201569746291636,12.069114454746243,-7.153733106249571
2026-09-17T08:28:10.257750,1789633690257750500,63.92975048828125,-8.177909565004706,11.643069308835267,-3.966484879392385
2026-09-17T08:28:10.267709,1789633690267709400,63.93970947265625,-1.1128556628789752,4.4324546239346265,-2.627153506940603
2026-09-17T08:28:10.277668,1789633690277668400,63.94966845703125,0.7187072919663041,0.2479009941130876,-5.226130136188864
2026-09-17T08:28:10.287627,1789633690287627500,63.95962744140625,0.5722804304139688,-0.0424193380564451,-4.5936932336390015
2026-09-17T08:28:10.297587,1789633690297587500,63.96958740234375,-0.6872958893321454,-0.4629612103760242,-0.5655155759215355
2026-09-17T08:28:10.307546,1789633690307546600,63.979546630859375,0.2113208470715209,-0.0174392105787992,2.3696026409506796
2026-09-17T08:28:10.317505,1789633690317505800,63.989505859375,0.29101185809765,-0.5840455043464898,3.065364891463518
2026-09-17T08:28:10.327464,1789633690327464700,63.999464599609375,0.1426946892866864,-0.7366887196630238,1.3167360942840576
2026-09-17T08:28:10.337424,1789633690337424600,64.00942456054688,0.13540405735448,-0.5438987873971461,0.040578678625822
2026-09-17T08:28:10.347383,1789633690347383800,64.0193837890625,-0.3389783088872209,-0.3824398129403591,0.1496639072448015
2026-09-17T08:28:10.357342,1789633690357342700,64.0293427734375,-0.6417875722844153,0.1312637426793575,0.0740612660774262
2026-09-17T08:28:10.367303,1789633690367303000,64.03930297851562,-0.3971598276883363,0.3944090676754713,-0.3031383126884698
2026-09-17T08:28:10.377261,1789633690377261800,64.04926171875,0.3566236364973709,0.3532879527360201,-0.4188993658095598
2026-09-17T08:28:10.387220,1789633690387220700,64.059220703125,0.9965678824700416,-0.0875695623815059,-0.0504179264617618
2026-09-17T08:28:10.397180,1789633690397180000,64.06917993164062,0.2867179968286305,0.1254208618700504,0.2185919157867319
2026-09-17T08:28:10.407139,1789633690407139800,64.07913989257813,-0.1857392465693876,0.2358247718721628,0.0897948372155428
2026-09-17T08:28:10.417098,1789633690417098800,64.0890986328125,-0.1267113766046241,0.1162672490775585,-0.1303565647065639
2026-09-17T08:28:10.427057,1789633690427057700,64.0990576171875,-0.1556107233526185,0.0107020112782716,0.0357224707663059
2026-09-17T08:28:10.437016,1789633690437016800,64.10901684570312,-0.0650822015676647,-0.1107797575771808,0.4559907868415117
2026-09-17T08:28:10.446977,1789633690446977000,64.11897705078125,-0.1836822044417262,0.0902992796063423,0.4784703662076964
2026-09-17T08:28:10.456936,1789633690456936000,64.12893603515624,-0.2655851193636656,0.2907832735061645,0.0306236863225698
2026-09-17T08:28:10.466894,1789633690466894800,64.13889477539063,-0.0777950412116944,-0.0285322670012712,-0.0745452456355094
2026-09-17T08:28:10.476853,1789633690476853800,64.14885375976563,-0.0715207832477986,-0.0034428339302539,0.0478262020686641
2026-09-17T08:28:10.486813,1789633690486813700,64.15881372070312,-0.192392530446127,0.3019932343065739,-0.1018939288754016
2026-09-17T08:28:10.496772,1789633690496772900,64.16877294921875,-0.0492955074362456,0.498573791027069,-0.4552355480274185
2026-09-17T08:28:10.506731,1789633690506731800,64.17873168945313,0.1218779285661876,0.4630348601341247,-0.5883252640249207
2026-09-17T08:28:10.516691,1789633690516691700,64.18869165039062,-0.0129689332969486,0.3767114984214306,-0.3922690965047106
2026-09-17T08:28:10.526651,1789633690526651000,64.19865087890625,-0.0739218530401587,0.2057499516040086,-0.0450443527977913
2026-09-17T08:28:10.536609,1789633690536609800,64.20860986328125,-0.0522815375097096,-0.0167582425773143,0.2779728917717933
2026-09-17T08:28:10.546569,1789633690546569000,64.21856884765624,-0.1063651560053229,-0.1006523313164711,0.4210544980168342
2026-09-17T08:28:10.556529,1789633690556529000,64.22852880859375,-0.1277201517883688,-0.0407885219842195,0.3258844705689698
2026-09-17T08:28:10.566487,1789633690566487800,64.23848779296875,-0.1239114802204072,0.0051712651580572,0.1606904012370854
2026-09-17T08:28:10.576446,1789633690576446700,64.24844677734374,-0.1073318821456283,0.1066243914633989,0.0050304684478789
2026-09-17T08:28:10.586405,1789633690586405600,64.25840551757813,-0.0483035737894475,0.058255205091834,0.0254798936933279
2026-09-17T08:28:10.596365,1789633690596365600,64.26836547851562,-0.0613086743783205,-0.0016769933015108,0.1048889459729194
2026-09-17T08:28:10.606325,1789633690606325000,64.27832495117187,-0.2030977565947919,-0.0013467384338378,0.0808196497298777
2026-09-17T08:28:10.616284,1789633690616284000,64.28828393554687,-0.2792001685444265,0.0117418757200241,-0.0786310536444187
2026-09-17T08:28:10.626242,1789633690626242800,64.29824291992188,-0.2784760920535772,0.020748188996315,-0.1020902551651
2026-09-17T08:28:10.636202,1789633690636202800,64.30820263671875,-0.1869650985699147,-0.0970984382271766,0.0240769680928438
2026-09-17T08:28:10.646162,1789633690646162000,64.31816186523437,-0.2040911515463143,-0.1841273178607225,0.190855822398141
2026-09-17T08:28:10.656120,1789633690656120800,64.32812084960938,-0.0732477531708776,-0.2596457924425602,0.3656781362969428
2026-09-17T08:28:10.666080,1789633690666080800,64.33808081054687,0.0156331110049039,-0.3305734321027994,0.618300313713029
2026-09-17T08:28:10.676039,1789633690676039700,64.34803979492187,0.0694327979926019,-0.155899586763978,0.569506179927662
2026-09-17T08:28:10.685998,1789633690685998800,64.35799877929688,-0.1029891767662018,-0.070532502862811,0.3623019378621131
2026-09-17T08:28:10.695958,1789633690695958000,64.3679580078125,-0.0336315629016608,0.0212263279020786,0.1870534344404935
2026-09-17T08:28:10.705918,1789633690705918000,64.37791796875,-0.0664205374993383,0.326364874497056,-0.1085311018675565
2026-09-17T08:28:10.715876,1789633690715876900,64.387876953125,0.0918097572345286,0.1865764645785093,0.0122106622755527
2026-09-17T08:28:10.725835,1789633690725835800,64.39783569335937,0.3076283906493335,0.1472159295707941,0.2139630686759948
2026-09-17T08:28:10.735794,1789633690735794700,64.40779467773437,0.1336626205146312,0.4834639001786708,-0.1755931521408259
2026-09-17T08:28:10.745754,1789633690745754600,64.41775463867188,-0.0211586694933474,0.9435469247698784,-0.8813513845544307
2026-09-17T08:28:10.755713,1789633690755713800,64.4277138671875,0.2895492016665637,0.8665595466792583,-0.5658873318433761
2026-09-17T08:28:10.765672,1789633690765672700,64.43767260742187,0.5746921311981976,1.003404888883233,-0.054969023028016
2026-09-17T08:28:10.775633,1789633690775633000,64.4476328125,0.5260761304587126,1.0045254173457625,0.0096382545042783
2026-09-17T08:28:10.785591,1789633690785591800,64.457591796875,0.5890155478440224,1.3717460338443517,0.2776777812827378
2026-09-17T08:28:10.795550,1789633690795550700,64.46755078125,0.787401838812232,1.2693927438288926,0.2702938815765082
2026-09-17T08:28:10.805510,1789633690805510000,64.47751000976562,0.6342344534911215,1.6282476830422878,-0.0924671251647174
2026-09-17T08:28:10.815469,1789633690815469800,64.4874697265625,0.7039477489255368,1.9144570727616548,-0.3360298708777874
2026-09-17T08:28:10.825428,1789633690825428700,64.4974287109375,0.8187609998025,2.100393485870957,-0.4032429469943046
2026-09-17T08:28:10.835387,1789633690835387600,64.5073876953125,0.987606431248784,2.2505969068199394,-0.5358106849443167
2026-09-17T08:28:10.845346,1789633690845346800,64.51734692382813,1.1469286859378218,2.3940134441077707,-0.7622825220596045
2026-09-17T08:28:10.855306,1789633690855306800,64.527306640625,1.3522525210842489,3.531198442405462,-1.1271580367367715
2026-09-17T08:28:10.865266,1789633690865266000,64.53726586914063,2.0192653547137973,4.2933419213205575,-1.6777084640428424
2026-09-17T08:28:10.875224,1789633690875224800,64.54722485351563,2.9395374946191906,4.594278340050578,-1.0243699355006215
2026-09-17T08:28:10.885184,1789633690885184800,64.55718481445312,3.589424129141867,4.550574807402492,-0.4877401892583817
2026-09-17T08:28:10.895143,1789633690895143700,64.56714379882813,3.833961199779808,5.308972670048475,-1.386046361875534
2026-09-17T08:28:10.905102,1789633690905102800,64.57710278320313,4.826425592453777,6.305619901365041,-1.93378721165359
2026-09-17T08:28:10.915061,1789633690915061800,64.58706176757812,5.939595216652751,5.484302348947525,-1.169864375041053
2026-09-17T08:28:10.925022,1789633690925022000,64.59702197265625,7.1830071315288535,5.3044999085485935,-0.1523777693133801
2026-09-17T08:28:10.934980,1789633690934980900,64.60698095703125,8.429740299782157,5.348583380424976,0.716930710747838
2026-09-17T08:28:10.944939,1789633690944939800,64.61693969726562,8.124255131706596,5.204548418977856,2.506162736472487
2026-09-17T08:28:10.954899,1789633690954899000,64.62689892578125,6.486570927277207,5.891193297055363,5.0063276938349
2026-09-17T08:28:10.964859,1789633690964859000,64.63685888671876,2.300043367034197,6.681849169227481,6.243570564687252
2026-09-17T08:28:10.974817,1789633690974817800,64.64681787109375,-0.6627770957559347,8.61847072752416,4.513400092001259
2026-09-17T08:28:10.984776,1789633690984776700,64.65677661132813,-4.652038455101847,13.799509676098824,1.915568248873949
2026-09-17T08:28:10.994735,1789633690994735600,64.66673559570313,-1.2578221330225468,12.670052057182788,0.9653813015677034
2026-09-17T08:28:11.004695,1789633691004695800,64.67669580078125,0.9343184931755064,12.4127712403059,0.567565055797249
2026-09-17T08:28:11.014655,1789633691014655000,64.68665502929687,6.0798255251199,10.854866090512274,1.9921343328125771
2026-09-17T08:28:11.024614,1789633691024614000,64.69661376953125,9.740282215601203,10.84825397889614,3.8029157809138296
2026-09-17T08:28:11.034573,1789633691034573800,64.70657373046875,10.23403253199458,10.250811817359924,3.468050789096951
2026-09-17T08:28:11.044532,1789633691044532700,64.71653271484375,12.412151647102831,8.738044032409787,2.5505904917418953
2026-09-17T08:28:11.054491,1789633691054491600,64.72649169921876,14.722294383347034,6.8134361525118345,2.807026089966297
2026-09-17T08:28:11.064450,1789633691064450800,64.73645092773438,9.204040080437064,7.284575993168354,3.100673228470981
2026-09-17T08:28:11.074411,1789633691074411000,64.74641088867187,4.899207627809047,8.841195779326558,4.674542547854781
2026-09-17T08:28:11.084370,1789633691084370000,64.75636987304688,5.861379173550009,5.2102767334967846,3.4467709774419664
2026-09-17T08:28:11.094328,1789633691094328800,64.76632885742187,7.3651891605407,2.336295853023976,3.8449192316457625
2026-09-17T08:28:11.104287,1789633691104287700,64.77628784179687,7.1738003272444,2.0702114058360457,4.266877108243108
2026-09-17T08:28:11.114247,1789633691114247700,64.78624755859374,7.512235578763485,2.896380489937961,4.0669741291016335
2026-09-17T08:28:11.124206,1789633691124206800,64.79620678710937,8.66256179818511,2.6332535773813723,4.078881716777384
2026-09-17T08:28:11.134165,1789633691134165800,64.80616577148437,9.224418851599095,2.1519117839232087,4.296351332269609
2026-09-17T08:28:11.144125,1789633691144125700,64.81612573242188,9.506247249755262,2.1608675360560414,4.17358507656157
2026-09-17T08:28:11.154084,1789633691154084600,64.82608471679687,9.803487736576797,2.5247493635207414,3.998492713549733
2026-09-17T08:28:11.164043,1789633691164043800,64.83604370117187,9.884072262376549,2.586784087151289,3.91436890770793
2026-09-17T08:28:11.174003,1789633691174003000,64.8460029296875,9.60610463130176,2.278017120926082,3.797950851982832
2026-09-17T08:28:11.183963,1789633691183963000,64.855962890625,9.018343321302533,2.09811326597929,3.515861172541976
2026-09-17T08:28:11.193921,1789633691193921800,64.865921875,8.24271199978292,1.885170188000798,3.335335094043612
2026-09-17T08:28:11.203880,1789633691203880700,64.87588061523438,7.293354927429556,1.818854426050186,2.9645979938566684
2026-09-17T08:28:11.213840,1789633691213840000,64.88583984375,6.250540988221764,1.9899813925623893,2.7158897750139235
2026-09-17T08:28:11.223799,1789633691223799800,64.8957998046875,5.34893058642745,1.8505366815149784,2.5717671352833507
2026-09-17T08:28:11.233758,1789633691233758700,64.9057587890625,4.313201052522659,1.762474951702356,2.2578514079928396
2026-09-17T08:28:11.243718,1789633691243718000,64.9157177734375,3.164534875267744,1.3843477412641048,1.8921686685860155
2026-09-17T08:28:11.253677,1789633691253677800,64.925677734375,2.166616308841109,0.9957312855154276,1.6589381509907544
2026-09-17T08:28:11.263636,1789633691263636700,64.93563671875,1.341530343800783,1.3693874880194663,1.7637813581258055
2026-09-17T08:28:11.273596,1789633691273596000,64.94559594726563,0.3077905224084853,2.2259394354254005,1.7068465879827737
2026-09-17T08:28:11.283554,1789633691283554800,64.95555493164062,-0.7398267254278064,2.9910487784087656,1.5908431044079363
2026-09-17T08:28:11.293514,1789633691293514800,64.9655146484375,-1.406594644385576,3.698020405200124,1.3644713666662571
2026-09-17T08:28:11.303473,1789633691303473700,64.9754736328125,-1.9692609683558344,4.637919913378358,1.121791614332795
2026-09-17T08:28:11.313432,1789633691313432600,64.9854326171875,-2.5457600028455256,5.668093566721677,1.0039163455367088
2026-09-17T08:28:11.323391,1789633691323391200,64.99539111328124,-3.0166257027357815,6.7428820223391055,1.1555027452766895
2026-09-17T08:28:11.333351,1789633691333351200,65.00535107421875,-3.9393344221383337,7.577398079025745,1.356748955720663
2026-09-17T08:28:11.343310,1789633691343310000,65.01531005859376,-5.141891764056682,7.776517214313149,1.519169322555512
2026-09-17T08:28:11.353269,1789633691353269000,65.02526904296874,-5.719558381021023,8.458744275948405,1.8909646996237337
2026-09-17T08:28:11.363228,1789633691363228200,65.03522827148437,-6.344703957518935,8.863090215748548,2.1853483357094228
2026-09-17T08:28:11.373188,1789633691373188400,65.04518823242188,-6.741520086336135,9.306092341679332,2.551279643049836
2026-09-17T08:28:11.383147,1789633691383147300,65.05514721679687,-7.562688585671782,9.995265861451625,2.6447078683316705
2026-09-17T08:28:11.393106,1789633691393106200,65.06510620117187,-8.770281583669782,10.85685346493721,2.43698398630619
2026-09-17T08:28:11.403066,1789633691403066000,65.07506616210938,-10.015842201012372,10.754907002156973,1.9261083475887777
2026-09-17T08:28:11.413025,1789633691413025000,65.08502490234375,-11.242080278247592,9.663586513933538,1.2377771238595248
2026-09-17T08:28:11.422984,1789633691422984200,65.09498413085937,-12.54168286690116,8.478446170762181,0.2489789255429059
2026-09-17T08:28:11.432943,1789633691432943000,65.10494311523438,-14.3603584292531,6.682623076209426,-1.3568898254960775
2026-09-17T08:28:11.442903,1789633691442903300,65.1149033203125,-16.02769309105873,4.797350012356042,-3.0324411115050314
2026-09-17T08:28:11.452862,1789633691452862200,65.1248623046875,-18.21847528838515,2.7939743006914854,-4.188204553544521
2026-09-17T08:28:11.462821,1789633691462821000,65.13482104492188,-20.17121912944317,1.01060912117362,-4.715684121060371
2026-09-17T08:28:11.472780,1789633691472780300,65.1447802734375,-22.815095807647705,-2.274813064187765,-5.804537342387437
2026-09-17T08:28:11.482740,1789633691482740200,65.154740234375,-24.726459006047246,-5.40122659085393,-6.3057356366991995
2026-09-17T08:28:11.492699,1789633691492699100,65.16469921875,-26.40031225596666,-6.482296903219819,-6.016493162894249
2026-09-17T08:28:11.502658,1789633691502658000,65.17465795898437,-26.507712307977673,-6.567945142149925,-5.090604644411802
2026-09-17T08:28:11.512618,1789633691512618000,65.18461791992188,-24.98923432868719,-6.62159197666347,-3.859490485572815
2026-09-17T08:28:11.522577,1789633691522577400,65.19457739257813,-23.22244443639517,-5.562204503795504,-3.5887820318460464
2026-09-17T08:28:11.532536,1789633691532536300,65.20453637695313,-22.038464953696728,-2.776274393349886,-3.176705790054798
2026-09-17T08:28:11.542495,1789633691542495200,65.2144951171875,-5.9739493216753,5.904139872390031,1.6530875252664088
2026-09-17T08:28:11.552455,1789633691552455200,65.224455078125,23.641941768097876,16.190681174778938,0.4473790989059955
2026-09-17T08:28:11.562414,1789633691562414000,65.2344140625,15.259659385061264,-0.911029387524724,-5.487487993246317
2026-09-17T08:28:11.572373,1789633691572373200,65.24437329101562,4.834816696441173,-4.477160027101636,-5.529103613704443
2026-09-17T08:28:11.582332,1789633691582332200,65.25433227539062,-0.4817150106847286,5.755511737933754,-11.37075341991186
2026-09-17T08:28:11.592292,1789633691592292000,65.2642919921875,-3.7835564159274098,8.515589614242314,-12.223327695858478
2026-09-17T08:28:11.602251,1789633691602251300,65.27425122070312,-3.111415279498696,9.253159208393097,-9.511576335823536
2026-09-17T08:28:11.612210,1789633691612210200,65.28421020507812,-10.980315009433031,4.057458697259426,2.145641909873486
2026-09-17T08:28:11.622170,1789633691622170000,65.29417016601562,-13.418404911154507,1.2588514760702847,7.76976540196538
2026-09-17T08:28:11.632129,1789633691632129300,65.30412939453124,-6.119753630882501,7.541238970407843,6.099965226829052
2026-09-17T08:28:11.642088,1789633691642088200,65.31408813476563,-2.660136031349003,4.255246291682124,1.150529633039236
2026-09-17T08:28:11.652047,1789633691652047000,65.32404711914063,-1.298991763278842,0.7926748107790946,-5.147195715683698
2026-09-17T08:28:11.662007,1789633691662007000,65.33400708007812,1.9695257567718625,-0.3212310187399387,-4.6972646672725675
2026-09-17T08:28:11.671966,1789633691671966000,65.34396606445313,0.6729105864312499,-0.5336088640511035,-3.387721699362993
2026-09-17T08:28:11.681925,1789633691681925000,65.35392504882813,-0.6986272114899009,-0.4416413589715957,-0.2725157223444432
2026-09-17T08:28:11.691884,1789633691691884300,65.36388427734374,0.0952619435150176,-0.4431009101301431,2.7049545395016668
2026-09-17T08:28:11.701844,1789633691701844200,65.37384423828125,0.3806034278260544,-0.3024152591109275,3.775217626649141
2026-09-17T08:28:11.711803,1789633691711803100,65.38380322265625,0.162604710425809,-1.4727888257831334,2.155957552182674
2026-09-17T08:28:11.721762,1789633691721762300,65.39376220703124,0.4148332854144275,-0.7749608749121427,-0.4012602122118696
2026-09-17T08:28:11.731722,1789633691731722200,65.40372216796875,-0.1621428833340294,0.1698024399101734,-1.0023930814921855
2026-09-17T08:28:11.741681,1789633691741681200,65.41368115234376,-0.4014301254186779,0.5150637380570173,-0.4115209825286641
2026-09-17T08:28:11.751640,1789633691751640000,65.42364013671875,0.1626602400053292,0.295953954142332,-0.0035726343223825
2026-09-17T08:28:11.761599,1789633691761599000,65.43359887695313,0.2174750040533952,-0.0859726485788822,0.2073065151299349
2026-09-17T08:28:11.771559,1789633691771559200,65.44355908203126,0.0123397502816282,-0.0537222378373146,0.2467161682426929
2026-09-17T08:28:11.781518,1789633691781518300,65.45351831054687,-0.1280060195250436,0.1156552546590566,0.0710146968891844
2026-09-17T08:28:11.791477,1789633691791477200,65.46347729492187,-0.4083520336363464,0.3606178572326898,-0.2229424756790511
2026-09-17T08:28:11.801436,1789633691801436200,65.47343627929688,-0.4746067130494862,0.4860159227490425,-0.4199474135577678
2026-09-17T08:28:11.811396,1789633691811396000,65.48339599609375,-0.3471232560938224,0.4704664714395999,-0.4671604156315326
2026-09-17T08:28:11.821355,1789633691821355000,65.49335498046875,-0.2095216886950656,0.2252455101907253,-0.187946017632354
2026-09-17T08:28:11.831314,1789633691831314200,65.50331420898438,-0.0797825617671012,0.2543085230678319,-0.0638543494062963
2026-09-17T08:28:11.841274,1789633691841274400,65.5132744140625,-0.1319340796889737,0.1489613119333982,-0.0005903762417379
2026-09-17T08:28:11.851233,1789633691851233300,65.5232333984375,-0.1827731998380273,0.1324310328930616,0.0052431613504886
2026-09-17T08:28:11.861192,1789633691861192200,65.53319213867188,-0.1848072629489004,0.2292722814887761,-0.0361327959997113
2026-09-17T08:28:11.871151,1789633691871151000,65.54315112304687,-0.0787161015793681,0.003768997144699,0.0697603403133805
2026-09-17T08:28:11.881111,1789633691881111000,65.55311108398438,-0.0871553555574268,-0.0363783043265342,0.1774351267457008
2026-09-17T08:28:11.891070,1789633691891070200,65.5630703125,-0.0812459488505497,0.1095826567471027,0.0598971225133864
2026-09-17T08:28:11.901029,1789633691901029000,65.57302905273437,-0.1576150489123538,0.0662087944447994,-0.037180263792607
2026-09-17T08:28:11.910988,1789633691910988000,65.58298803710937,-0.1653024616098031,-0.0224234287321567,0.0214881937086582
2026-09-17T08:28:11.920948,1789633691920948200,65.5929482421875,-0.1652667692419141,0.0416565369904041,0.0823813460886478
2026-09-17T08:28:11.930907,1789633691930907100,65.6029072265625,-0.1475989375390112,-0.0590606762558221,0.1585527316212654
2026-09-17T08:28:11.940866,1789633691940866300,65.6128662109375,-0.081278609011136,-0.1419844586580991,0.2811398313701153
2026-09-17T08:28:11.950825,1789633691950825200,65.6228251953125,-0.0554024460092186,-0.2094710179537534,0.4475310015320777
2026-09-17T08:28:11.960785,1789633691960785200,65.63278515625,0.1406749469621107,-0.183458624818921,0.4623562302201986
2026-09-17T08:28:11.970744,1789633691970744000,65.642744140625,0.2112437997799366,-0.0964835211992263,0.2359188798964023
2026-09-17T08:28:11.980703,1789633691980703200,65.652703125,-0.0570779414733871,0.019742811346054,0.0739917079725535
2026-09-17T08:28:11.990663,1789633691990663200,65.6626630859375,-0.0278618934590369,0.0130319155305624,0.0766150467800442
2026-09-17T08:28:12.000622,1789633692000622300,65.67262231445312,-0.0227245305705815,0.0049205052673816,0.1358148392456118
2026-09-17T08:28:12.010581,1789633692010581200,65.68258129882813,-0.0943137759447097,0.016465981632471,0.1555290181522257
2026-09-17T08:28:12.020540,1789633692020540200,65.6925400390625,-0.048226124639064,0.0021948796957731,0.1332178176228888
2026-09-17T08:28:12.030500,1789633692030500000,65.7025,0.0006709580641239,-0.0146545482963323,0.1373655849521048
2026-09-17T08:28:12.040459,1789633692040459300,65.71245922851563,-0.0874165272442624,-0.0095586864620447,0.1769260264460928
2026-09-17T08:28:12.050418,1789633692050418200,65.72241821289063,-0.1020363330207765,0.0023854338318109,0.1884235720162279
2026-09-17T08:28:12.060377,1789633692060377000,65.73237719726562,0.1243988984111696,-0.0630716654628515,0.3218371314069256
2026-09-17T08:28:12.070337,1789633692070337000,65.7423369140625,0.2475345354208722,-0.2142413010954856,0.456715593984723
2026-09-17T08:28:12.080296,1789633692080296200,65.75229614257813,0.1979596630539745,-0.1032160443246364,0.3728759023139253
2026-09-17T08:28:12.090255,1789633692090255400,65.76225537109374,0.1636017586391419,-0.0705734193950891,0.2971177737573161
2026-09-17T08:28:12.100215,1789633692100215300,65.77221533203125,0.0787712658327072,-0.075901920941472,0.3530167711118236
2026-09-17T08:28:12.110174,1789633692110174200,65.78217431640626,-0.0201900071242824,-0.0235907189458608,0.2967997938493266
2026-09-17T08:28:12.120133,1789633692120133000,65.79213305664062,0.0444208871372044,-0.0540361260920763,0.383744977254793
2026-09-17T08:28:12.130092,1789633692130092000,65.80209204101563,0.3830171379042789,-0.1871481269866228,0.4987947403013706
2026-09-17T08:28:12.140052,1789633692140052000,65.81205200195312,0.4006217316452413,0.1269330199986696,-0.0002069938141852
2026-09-17T08:28:12.150011,1789633692150011100,65.82201123046875,-0.011889832823351,0.4064461269497871,-0.3512053012430667
2026-09-17T08:28:12.159970,1789633692159970300,65.83197021484375,0.1110880928739905,0.2153016238033771,-0.0299636880438774
2026-09-17T08:28:12.169929,1789633692169929200,65.84192919921875,0.3076118048407137,-0.0008095628172159,0.2783826416164636
2026-09-17T08:28:12.179889,1789633692179889200,65.85188916015625,0.4605700774557888,0.0634913521796464,0.2690741305232048
2026-09-17T08:28:12.189848,1789633692189848000,65.86184814453125,0.4457221254792064,0.320104060536623,-0.0833702109955251
2026-09-17T08:28:12.199807,1789633692199807200,65.87180712890626,0.1549583603911101,0.6743330935150385,-0.6242926129303872
2026-09-17T08:28:12.209767,1789633692209767200,65.88176708984375,0.0671062547411769,0.9011854543805122,-0.7496434783041477
2026-09-17T08:28:12.219726,1789633692219726000,65.89172607421875,0.5453087272603064,0.7631517791748046,0.0473171931006014
2026-09-17T08:28:12.229685,1789633692229685000,65.90168505859376,1.162556024789065,0.6460258674412965,0.5329788955844939
2026-09-17T08:28:12.239644,1789633692239644400,65.91164453125,0.5905458992164582,0.6252309166938066,0.4090549942739307
2026-09-17T08:28:12.249604,1789633692249604400,65.92160424804688,0.5729790436699986,2.0355600714325903,-0.4901636900782585
2026-09-17T08:28:12.259563,1789633692259563300,65.93156323242188,0.4560794880382716,2.6646780586928127,-0.9761807818710804
2026-09-17T08:28:12.269522,1789633692269522200,65.94152221679687,1.0004689815618095,3.8076755426615474,-1.104707354671508
2026-09-17T08:28:12.279481,1789633692279481000,65.95148120117187,1.227020313654095,3.4945506734877823,-1.478792303981632
2026-09-17T08:28:12.289441,1789633692289441000,65.96144091796874,1.0980772690072655,3.798884917962551,-1.5742593416146933
2026-09-17T08:28:12.299400,1789633692299400200,65.97140014648437,1.9652070167899132,4.040381305730342,-1.2373309875272214
2026-09-17T08:28:12.309359,1789633692309359000,65.98135913085937,2.4514231382861733,4.031556194239855,-1.5863307415500283
2026-09-17T08:28:12.319318,1789633692319318500,65.99131860351562,2.830506918796897,4.352527685260773,-1.3265633685544131
2026-09-17T08:28:12.329278,1789633692329278500,66.00127856445313,3.4262706257268785,4.203301584911346,-0.5608730108126998
2026-09-17T08:28:12.339237,1789633692339237400,66.0112373046875,3.879534617953002,4.061544505268335,0.2116922011345624
2026-09-17T08:28:12.349196,1789633692349196500,66.02119653320312,4.116434033319353,4.389551301753521,0.780182408952713
2026-09-17T08:28:12.359156,1789633692359156700,66.03115673828125,4.0834363113418215,3.917727570486068,1.667001045937091
2026-09-17T08:28:12.369115,1789633692369115600,66.04111572265624,4.392026751956343,3.499090070483088,3.6253771937936543
2026-09-17T08:28:12.379074,1789633692379074600,66.05107446289063,4.381715201300382,3.310810309118032,5.722931656846404
2026-09-17T08:28:12.389033,1789633692389033500,66.06103344726563,3.425426868379116,4.455134657776355,5.9584063001066445
2026-09-17T08:28:12.398993,1789633692398993400,66.07099340820312,2.0299206042408944,3.674070789813995,4.011214540217817
2026-09-17T08:28:12.408952,1789633692408952600,66.08095263671875,-0.1931739631474018,4.166656738603115,2.5909116884753107
2026-09-17T08:28:12.418911,1789633692418911500,66.09091137695313,-1.9937965669363735,6.397904801830649,2.5133821663320064
2026-09-17T08:28:12.428871,1789633692428871400,66.10087133789062,-1.401717978259921,5.685017813515663,3.3088094906896353
2026-09-17T08:28:12.438830,1789633692438830600,66.11083056640625,-1.322955407190323,6.039837798124552,4.045243066547811
2026-09-17T08:28:12.448789,1789633692448789500,66.12078955078125,0.3425391797065735,8.5285975643754,3.438340125966072
2026-09-17T08:28:12.458748,1789633692458748700,66.13074877929688,3.948545902597904,8.392159049406647,3.222127524797618
2026-09-17T08:28:12.468708,1789633692468708600,66.14070849609375,6.172020409214496,7.872429073104262,3.817626735572517
2026-09-17T08:28:12.478667,1789633692478667500,66.15066748046875,7.840303750047087,5.9156549536168574,3.9659322139456865
2026-09-17T08:28:12.488626,1789633692488626400,66.16062646484374,8.01993609457612,6.132592654189467,4.148568416465818
2026-09-17T08:28:12.498585,1789633692498585300,66.17058544921875,5.894726147356629,7.612749962913989,4.514466552188992
2026-09-17T08:28:12.508545,1789633692508545300,66.18054516601562,3.4779251173794266,9.682990887105465,5.173119261491299
2026-09-17T08:28:12.518504,1789633692518504700,66.19050463867187,3.778945122739672,10.108181462013722,5.361281533956527
2026-09-17T08:28:12.528463,1789633692528463600,66.20046362304687,5.514791595235467,7.035298450005054,5.435726241827011
2026-09-17T08:28:12.538422,1789633692538422500,66.21042260742188,5.711456907629967,5.036398422449827,6.298284151649475
2026-09-17T08:28:12.548382,1789633692548382500,66.22038256835937,5.327946835109591,4.551112567541003,6.665389617335796
2026-09-17T08:28:12.558341,1789633692558341400,66.23034130859375,6.043555357342958,3.038212972904742,6.554725595092773
2026-09-17T08:28:12.568300,1789633692568300500,66.24030053710938,7.004774132403731,2.056702228182554,6.3598740541219705
2026-09-17T08:28:12.578260,1789633692578260500,66.25026049804687,7.622599156755209,2.5889544169276952,6.028452480757236
2026-09-17T08:28:12.588219,1789633692588219400,66.26021948242187,8.029073340755701,3.048568070441484,5.650899270814657
2026-09-17T08:28:12.598178,1789633692598178600,66.27017846679688,8.349604686793684,3.378120927324891,5.348004703754186
2026-09-17T08:28:12.608137,1789633692608137700,66.2801376953125,8.320492574077845,3.403595852582157,5.38649196305871
2026-09-17T08:28:12.618097,1789633692618097700,66.29009765625,8.095857304739951,2.873390951755643,5.559411658206582
2026-09-17T08:28:12.628056,1789633692628056600,66.300056640625,7.865964845526218,2.500020580455661,5.499710930481553
2026-09-17T08:28:12.638015,1789633692638015500,66.31001538085937,7.215132454586029,2.4166420400232074,5.428817777612805
2026-09-17T08:28:12.647974,1789633692647974400,66.31997436523437,6.158514446431398,2.1250147169083355,5.510480161777139
2026-09-17T08:28:12.657934,1789633692657934300,66.32993432617188,5.14019781962037,1.9631547604352235,5.607222626173496
2026-09-17T08:28:12.667893,1789633692667893500,66.3398935546875,4.491467953917384,1.5651900461047887,5.789614498543739
2026-09-17T08:28:12.677852,1789633692677852400,66.34985229492187,4.306737993988395,1.1366308715462683,5.839350881615281
2026-09-17T08:28:12.687812,1789633692687812600,66.3598125,4.365063341706991,1.073091004049778,5.788911903232336
2026-09-17T08:28:12.697771,1789633692697771500,66.369771484375,4.256131842344999,1.5015677610218523,5.528751731526851
2026-09-17T08:28:12.707730,1789633692707730400,66.37973046875,3.511436341837048,2.2562533251464365,5.22175440532267
2026-09-17T08:28:12.717689,1789633692717689600,66.38968969726562,2.4723265178442,2.731073900142312,4.921294371932745
2026-09-17T08:28:12.727649,1789633692727649500,66.3996494140625,1.6834598671764134,2.595675834137201,4.751188857422769
2026-09-17T08:28:12.737608,1789633692737608400,66.4096083984375,1.1713149391755462,2.532593647280335,4.692884844753146
2026-09-17T08:28:12.747567,1789633692747567400,66.4195673828125,0.8100722280427813,2.5035645366728305,4.604379462826252
2026-09-17T08:28:12.757526,1789633692757526300,66.4295263671875,0.5035258604764938,2.749310398578644,4.318866823199391
2026-09-17T08:28:12.767486,1789633692767486500,66.43948657226562,0.2450552492931485,3.48817704680264,3.855036428773403
2026-09-17T08:28:12.777445,1789633692777445600,66.44944555664063,-0.074135788051784,4.512630568933487,3.3441958613693714
2026-09-17T08:28:12.787404,1789633692787404500,66.45940454101563,-0.5742496481277048,5.349753008726239,2.8149902007132765
2026-09-17T08:28:12.797364,1789633692797364500,66.46936450195312,-1.216898732612282,6.041006257382035,2.2412148920990527
2026-09-17T08:28:12.807323,1789633692807323400,66.47932348632813,-1.9291626205928625,6.5068158429265015,1.6779302900999784
2026-09-17T08:28:12.817282,1789633692817282600,66.48928247070313,-2.6754943440005183,6.938274246057867,1.2127685009397566
2026-09-17T08:28:12.827241,1789633692827241500,66.49924145507812,-3.2352772214889525,7.555931512627005,0.6947728010840714
2026-09-17T08:28:12.837201,1789633692837201700,66.50920166015625,-3.789193837292492,8.686707812926173,0.2240145070910453
2026-09-17T08:28:12.847160,1789633692847160600,66.51916064453125,-4.995802208167314,9.771429633536934,-0.0985644191265106
2026-09-17T08:28:12.857119,1789633692857119500,66.52911938476562,-6.5700248710334295,10.338934337449071,-0.0811133719794452
2026-09-17T08:28:12.867078,1789633692867078700,66.53907861328125,-8.280249995538592,10.559055928754804,0.2653099191514775
2026-09-17T08:28:12.877038,1789633692877038600,66.54903857421876,-9.690468675640226,10.54250460692644,0.2149333750128746
2026-09-17T08:28:12.886997,1789633692886997500,66.55899755859375,-11.459294457674028,10.315130268013476,-0.4007441159158945
2026-09-17T08:28:12.896956,1789633692896956400,66.56895629882813,-14.457950203955171,9.740521869575977,-2.25044668469429
2026-09-17T08:28:12.906916,1789633692906916600,66.57891650390626,-17.849292431902885,7.6671110831767315,-4.956166947871447
2026-09-17T08:28:12.916875,1789633692916875500,66.58887548828125,-21.102792707824705,4.218735300886631,-6.7626762716114515
2026-09-17T08:28:12.926834,1789633692926834700,66.59883471679687,-24.9417337418437,0.4521592458546161,-8.445728727030753
2026-09-17T08:28:12.936793,1789633692936793600,66.60879370117188,-29.68168019750118,-3.5609769100755453,-10.814977147716284
2026-09-17T08:28:12.946753,1789633692946753500,66.61875341796875,-34.22825278352499,-7.037980820956826,-11.93831131531596
2026-09-17T08:28:12.956712,1789633692956712400,66.62871240234375,-36.06244506396055,-9.941683908867835,-10.588162780773638
2026-09-17T08:28:12.966671,1789633692966671400,66.63867138671876,-33.004100280392166,-11.606350812768936,-8.82552299389839
2026-09-17T08:28:12.976630,1789633692976630500,66.64863061523438,-27.423078263401983,-9.628189621859788,-7.690659716546535
2026-09-17T08:28:12.986590,1789633692986590700,66.6585908203125,-9.559913958013055,2.2199638681471345,0.1583307594336569
2026-09-17T08:28:12.996549,1789633692996549600,66.66854956054688,20.94066270223856,13.211340369820594,6.03085252763629
2026-09-17T08:28:13.006508,1789633693006508500,66.67850854492187,21.74609879491329,-0.0040676878303289,-1.5531389583051205
2026-09-17T08:28:13.016468,1789633693016468500,66.68846850585938,5.123317996490002,-2.5981594676464796,-2.7422727550268173
2026-09-17T08:28:13.026427,1789633693026427400,66.69842749023438,-1.0669603923402726,6.266472716847062,-7.290197924703359
2026-09-17T08:28:13.036386,1789633693036386600,66.70838647460937,-6.671233667188883,10.449563288378714,-8.31395294317603
2026-09-17T08:28:13.046345,1789633693046345500,66.71834545898437,-10.56996193817258,8.729782984542846,-5.310840802007913
2026-09-17T08:28:13.056305,1789633693056305400,66.72830541992188,-15.27609380251169,6.194609842163324,2.5849475193738938
2026-09-17T08:28:13.066264,1789633693066264300,66.73826440429687,-12.560869213408232,7.371591428798436,-0.150947078923136
2026-09-17T08:28:13.076223,1789633693076223500,66.74822338867187,-7.044708667907118,11.819261742043494,-1.581445015335083
2026-09-17T08:28:13.086182,1789633693086182700,66.7581826171875,-2.5643670881599188,2.4761510445684194,-1.3766215309262275
2026-09-17T08:28:13.096142,1789633693096142600,66.768142578125,2.5952391962856054,-0.8781143753945827,-4.257013301354647
2026-09-17T08:28:13.106101,1789633693106101500,66.7781015625,2.6107123674884436,-1.7843097668915986,-3.135401135241985
2026-09-17T08:28:13.116060,1789633693116060400,66.78806030273438,-0.6253739053610712,-0.6261883635491132,-0.1800467705488204
2026-09-17T08:28:13.126020,1789633693126020400,66.79802026367187,-0.6206109287429601,0.5759036989450455,1.772811636799574
2026-09-17T08:28:13.135979,1789633693135979500,66.8079794921875,0.1206935228209011,0.2402648001462221,2.277664361965656
2026-09-17T08:28:13.145938,1789633693145938400,66.8179384765625,0.1322981089620851,-0.6960019044876098,1.0097112955510616
2026-09-17T08:28:13.155897,1789633693155897600,66.82789770507813,0.4750216139933094,-0.5234025273352861,-0.6235165139913559
2026-09-17T08:28:13.165857,1789633693165857500,66.837857421875,0.6468682365495712,-0.2202957788288593,-0.868065275067091
2026-09-17T08:28:13.175816,1789633693175816400,66.84781640625,0.4785022957159206,-0.1933271078824996,-0.1798059840628877
2026-09-17T08:28:13.185775,1789633693185775600,66.85777563476563,0.3465746457677334,-0.2597533444702625,0.4630009213319048
2026-09-17T08:28:13.195734,1789633693195734500,66.86773461914062,0.0950419440887868,-0.2979834141433238,0.6846259394705295
2026-09-17T08:28:13.205694,1789633693205694500,66.87769458007813,0.1209208105044439,-0.2584714879661798,0.5169733710706234
2026-09-17T08:28:13.215653,1789633693215653400,66.8876533203125,-0.0286156709684059,-0.0495505051106214,0.2216728758683428
2026-09-17T08:28:13.225612,1789633693225612300,66.8976123046875,-0.2249802103180438,0.2539063720077276,-0.1266647609839215
2026-09-17T08:28:13.235572,1789633693235572500,66.90757250976563,0.1220986221121624,0.2382645662397146,-0.3328618718335405
2026-09-17T08:28:13.245531,1789633693245531600,66.91753173828126,0.1431156911777332,0.1215028116434812,-0.228797065192461
2026-09-17T08:28:13.255490,1789633693255490600,66.92749047851562,-0.1264928384831175,0.1066933650463819,0.1058452237844467
2026-09-17T08:28:13.265449,1789633693265449500,66.93744946289063,0.0900352949079126,-0.0769546448647975,0.4229752734789624
2026-09-17T08:28:13.275409,1789633693275409400,66.94740942382812,0.2754122475035488,-0.2036836667239666,0.5445581280887126
2026-09-17T08:28:13.285368,1789633693285368300,66.95736840820312,0.0256939017701894,0.0352267962038517,0.3285270209670066
2026-09-17T08:28:13.295327,1789633693295327500,66.96732739257813,-0.0913655205983668,0.2684317409664392,-0.0840998404443263
2026-09-17T08:28:13.305286,1789633693305286400,66.97728637695313,-0.2054013573620468,0.3772060039401054,-0.3176864780008793
2026-09-17T08:28:13.315246,1789633693315246600,66.98724658203125,0.1888278237018734,0.112916769605875,-0.1318622748280875
2026-09-17T08:28:13.325205,1789633693325205500,66.99720556640625,0.2492866032525897,0.172248079496622,0.1074526772473938
2026-09-17T08:28:13.335164,1789633693335164700,67.00716455078125,0.0958818289790302,0.3510807980805635,0.0948889454841613
2026-09-17T08:28:13.345124,1789633693345124600,67.01712451171875,0.1240874213092029,0.3616220658391714,-0.1197404781460761
2026-09-17T08:28:13.355083,1789633693355083500,67.02708349609375,0.1273881433550268,0.3339028687864542,-0.2693780819058418
2026-09-17T08:28:13.365042,1789633693365042400,67.03704248046876,0.1998508836280554,0.2746878787517547,-0.1293599548846483
2026-09-17T08:28:13.375001,1789633693375001300,67.04700146484375,0.3379485639806837,0.2543430098593235,0.1894336075752973
2026-09-17T08:28:13.384961,1789633693384961500,67.05696142578125,0.5286040415011346,0.1952040076702833,0.3992711207538842
2026-09-17T08:28:13.394920,1789633693394920700,67.06692065429688,0.3507153988342732,0.1552273865908384,0.3532867836922407
2026-09-17T08:28:13.404879,1789633693404879600,67.07687963867187,-0.0504423393838107,0.1939244892537593,0.0270534266203641
2026-09-17T08:28:13.414838,1789633693414838500,67.08683862304687,-0.0583749590139836,0.2026519855886697,-0.1607119372154586
2026-09-17T08:28:13.424798,1789633693424798500,67.09679858398438,0.1776690816320479,0.107674192777276,-0.025721867489349
2026-09-17T08:28:13.434757,1789633693434757400,67.10675732421875,0.1307062549270689,0.1427408299833536,0.1520861659556627
2026-09-17T08:28:13.444716,1789633693444716500,67.11671655273437,0.1533302477326244,0.1338882459640502,0.2156523004045709
2026-09-17T08:28:13.454676,1789633693454676500,67.12667651367188,0.153271211021766,0.0854933406293392,0.2564285839617252
2026-09-17T08:28:13.464635,1789633693464635600,67.1366357421875,0.0782997758634388,0.0926022958517074,0.2048532950252294
2026-09-17T08:28:13.474594,1789633693474594600,67.14659448242188,0.1229575404964387,0.1974029790192842,0.1107897675145417
2026-09-17T08:28:13.484553,1789633693484553500,67.15655346679688,0.1516590265847742,0.2028980693042278,0.1158937395900487
2026-09-17T08:28:13.494513,1789633693494513400,67.16651342773437,0.0513401650063693,0.3390940076887607,-0.1729774897497147
2026-09-17T08:28:13.504472,1789633693504472600,67.17647265625,-0.0720205494634807,0.5301140076726675,-0.5236959573239087
2026-09-17T08:28:13.514431,1789633693514431500,67.18643139648438,0.0318899068661034,0.5446212564527988,-0.5447936173450202
2026-09-17T08:28:13.524390,1789633693524390400,67.19639038085937,0.3244360983915627,0.6616589053809643,-0.3401630982249975
2026-09-17T08:28:13.534350,1789633693534350300,67.20635034179688,0.3743677117742597,0.5919090773284434,-0.2099719532132148
2026-09-17T08:28:13.544309,1789633693544309500,67.2163095703125,0.2670600142218172,0.5978507423371077,-0.3261556156605482
2026-09-17T08:28:13.554268,1789633693554268700,67.2262685546875,0.2621235807329416,0.5956874268233776,-0.4134281678568571
2026-09-17T08:28:13.564228,1789633693564228600,67.236228515625,0.4164899665802717,0.7280097386449575,-0.3339109790276736
2026-09-17T08:28:13.574187,1789633693574187500,67.2461875,0.4419844733208418,0.8971306260317563,-0.3692412356059998
2026-09-17T08:28:13.584146,1789633693584146400,67.256146484375,0.4690738480374217,0.7814403000593185,-0.3259989637941122
2026-09-17T08:28:13.594105,1789633693594105600,67.26610571289062,0.4442416045978665,0.5679512786358595,-0.1408311969697475
2026-09-17T08:28:13.604065,1789633693604065500,67.2760654296875,0.4392153008684515,0.8887935903191566,-0.265882641005516
2026-09-17T08:28:13.614024,1789633693614024400,67.2860244140625,0.7448894156448542,1.3886416390657423,-0.2117354192217811
2026-09-17T08:28:13.623983,1789633693623983600,67.29598364257812,1.005041404043883,1.6571990522384643,-0.2034457663148641
2026-09-17T08:28:13.633942,1789633693633942500,67.30594262695313,1.156661852183938,1.8184920224785803,-0.2839876220166683
2026-09-17T08:28:13.643902,1789633693643902500,67.31590234375,1.407471427220106,2.252942008641362,-0.2452010509720072
2026-09-17T08:28:13.653861,1789633693653861600,67.32586157226562,1.8848709127932783,3.198268802565336,-0.3445983041934669
2026-09-17T08:28:13.663820,1789633693663820500,67.33582055664063,2.5333266377300023,4.265333970454335,-0.798746166582033
2026-09-17T08:28:13.673779,1789633693673779500,67.34577954101563,3.289371215248108,4.836321840307116,-0.679336016368866
2026-09-17T08:28:13.683739,1789633693683739400,67.35573950195312,3.8590938874706624,4.45576068072021,-0.4269594112116843
2026-09-17T08:28:13.693698,1789633693693698300,67.3656982421875,3.964700334063172,5.119884514909982,-1.2412293101400136
2026-09-17T08:28:13.703657,1789633693703657500,67.37565747070313,4.851320087474584,5.973302255943417,-1.855626698130369
2026-09-17T08:28:13.713617,1789633693713617700,67.38561767578125,5.935041206610203,5.300671874693036,-1.093834516870975
2026-09-17T08:28:13.723576,1789633693723576600,67.39557666015625,6.549326366397738,5.139256154856086,0.0297363090287894
2026-09-17T08:28:13.733535,1789633693733535500,67.40553540039062,6.9497525024056435,5.2650569559544325,1.2887988705664872
2026-09-17T08:28:13.743494,1789633693743494400,67.41549438476562,5.87555207580924,5.704508111405373,2.805952323254943
2026-09-17T08:28:13.753454,1789633693753454300,67.42545434570313,3.5098224768996236,8.241202179741858,4.129264288797974
2026-09-17T08:28:13.763413,1789633693763413500,67.43541357421876,1.7349170826911926,9.556752279111745,4.4900364598095415
2026-09-17T08:28:13.773372,1789633693773372400,67.44537231445312,-1.8109481829702856,12.85055943098068,2.832522934794426
2026-09-17T08:28:13.783332,1789633693783332600,67.45533251953125,-2.3959885435730217,13.189177637851238,0.5333020631242543
2026-09-17T08:28:13.793291,1789633693793291500,67.46529150390624,1.792436959245801,12.501529720211028,-0.5954652354400605
2026-09-17T08:28:13.803250,1789633693803250400,67.47525048828125,5.016107329571247,11.515876176595688,0.9246873259991408
2026-09-17T08:28:13.813209,1789633693813209600,67.48520971679687,8.557350196129082,10.800638825762272,2.3350351854383944
2026-09-17T08:28:13.823169,1789633693823169500,67.49516943359374,9.852480023282766,11.587874075835945,2.6003712984770533
2026-09-17T08:28:13.833128,1789633693833128400,67.50512841796875,10.294066437196731,9.582992635783553,1.7675082696944475
2026-09-17T08:28:13.843087,1789633693843087400,67.51508740234375,12.249460500502586,6.547504411667585,1.450717279228568
2026-09-17T08:28:13.853046,1789633693853046500,67.52504663085938,12.402614587950708,5.932510226827859,1.100382184948772
2026-09-17T08:28:13.863006,1789633693863006500,67.53500634765625,6.147087628009915,9.05408391224742,2.2968156371593476
2026-09-17T08:28:13.872965,1789633693872965600,67.54496557617188,6.807586257439851,7.713882186701893,2.0128648400217295
2026-09-17T08:28:13.882924,1789633693882924500,67.55492456054688,8.742225117486715,3.730498779478669,1.9456512524485587
2026-09-17T08:28:13.892884,1789633693892884500,67.56488452148437,8.828402348726987,2.723554026031494,2.3395168608970938
2026-09-17T08:28:13.902843,1789633693902843400,67.57484350585938,8.44677911286652,2.8438275881409645,2.524652332887053
2026-09-17T08:28:13.912802,1789633693912802600,67.58480249023438,9.126254245445132,1.912196434353292,2.83313025303781
2026-09-17T08:28:13.922761,1789633693922761500,67.59476147460937,9.818197814452647,1.4938926963493226,3.0586025577217337
2026-09-17T08:28:13.932721,1789633693932721700,67.6047216796875,10.100152469336988,1.786919657129049,3.0485134176447986
2026-09-17T08:28:13.942680,1789633693942680600,67.6146806640625,10.28709192200899,2.1080828713297843,3.028627690696716
2026-09-17T08:28:13.952639,1789633693952639500,67.62463940429687,10.240628276997803,2.2935294550955296,2.981868862131238
2026-09-17T08:28:13.962598,1789633693962598700,67.6345986328125,9.926453606510162,2.2771584582701325,2.9909242752462624
2026-09-17T08:28:13.972558,1789633693972558600,67.64455859375,9.357992624786496,2.0809464426010846,2.9230551463738084
2026-09-17T08:28:13.982517,1789633693982517500,67.654517578125,8.639177999988197,1.795437310105562,2.808444140070677
2026-09-17T08:28:13.992476,1789633693992476400,67.66447631835938,7.917265993696451,1.679160708677769,2.627116974322498
2026-09-17T08:28:14.002436,1789633694002436400,67.67443627929687,6.879044058454037,1.81668351175189,2.379271802049875
2026-09-17T08:28:14.012395,1789633694012395500,67.6843955078125,5.598386408767104,1.827199060547352,2.144465559570491
2026-09-17T08:28:14.022354,1789633694022354700,67.69435473632812,4.588637119293213,1.533238910570741,1.9236632925242183
2026-09-17T08:28:14.032313,1789633694032313600,67.70431372070313,3.8947324793457985,1.2679887222498654,1.7118064023472368
2026-09-17T08:28:14.042273,1789633694042273500,67.7142734375,3.4094419482618568,1.337692373073101,1.563101695523411
2026-09-17T08:28:14.052232,1789633694052232400,67.724232421875,2.694357157641649,1.874215078744292,1.3167403320677578
2026-09-17T08:28:14.062191,1789633694062191400,67.73419140625,2.082053527060151,2.5084622455865144,1.1035815655119716
2026-09-17T08:28:14.072150,1789633694072150500,67.74415063476563,1.467082430835068,3.229816617995501,0.9452385311186312
2026-09-17T08:28:14.082110,1789633694082110500,67.7541103515625,0.7364934893518685,4.006002650788426,0.7438257319360971
2026-09-17T08:28:14.092069,1789633694092069600,67.76406958007813,-0.0095420275881886,4.791542202860117,0.5417888095058501
2026-09-17T08:28:14.102028,1789633694102028500,67.77402856445312,-0.6513403404623269,5.702804814618825,0.4086427602112293
2026-09-17T08:28:14.111988,1789633694111988500,67.78398852539063,-1.562503875760734,6.250653216424584,0.2014532042581588
2026-09-17T08:28:14.121947,1789633694121947600,67.79394775390625,-2.2894510997407136,6.490626340147853,0.1755664102643728
2026-09-17T08:28:14.131906,1789633694131906600,67.80390649414062,-2.9076623469308016,6.96630148614645,0.0913310338068753
2026-09-17T08:28:14.141865,1789633694141865500,67.81386547851562,-3.5213837353557347,7.6889160877496,-0.0869212545406073
2026-09-17T08:28:14.151825,1789633694151825400,67.82382543945313,-4.53928330579847,8.557004159170388,-0.4920435124754905
2026-09-17T08:28:14.161784,1789633694161784300,67.83378442382812,-5.80484947707653,9.685415483903885,-1.1622177327454088
2026-09-17T08:28:14.171743,1789633694171743500,67.84374340820312,-7.789699936491251,10.426769272768496,-1.510074892604351
2026-09-17T08:28:14.181702,1789633694181702700,67.85370263671875,-10.09344917230606,10.41499583286643,-1.3037912725150584
2026-09-17T08:28:14.191662,1789633694191662600,67.86366259765624,-11.96718669666648,9.860238966846463,-0.9341431366086006
2026-09-17T08:28:14.201621,1789633694201621500,67.87362158203125,-13.471416370373964,8.883181402140854,-0.8838625636577606
2026-09-17T08:28:14.211580,1789633694211580400,67.88358032226563,-15.81409359499812,7.910551006227731,-1.5536533375680446
2026-09-17T08:28:14.221540,1789633694221540400,67.89354028320312,-18.52447600476742,6.865753784248232,-3.494142092686891
2026-09-17T08:28:14.231499,1789633694231499500,67.90349951171875,-21.39060661013126,4.6406075450271365,-6.076220778626203
2026-09-17T08:28:14.241458,1789633694241458400,67.91345849609375,-24.127141698288916,1.653559234431386,-7.849842562764883
2026-09-17T08:28:14.251417,1789633694251417300,67.92341723632812,-26.879952213943003,-0.919376944631338,-8.4444112146914
2026-09-17T08:28:14.261377,1789633694261377500,67.93337744140625,-30.01829933950901,-5.049560686361789,-8.910932163375616
2026-09-17T08:28:14.271336,1789633694271336400,67.94333642578125,-31.611432454550265,-7.970142428359389,-9.087719639867544
2026-09-17T08:28:14.281295,1789633694281295600,67.95329565429688,-31.88996181116104,-8.803547893455624,-9.52531143118739
2026-09-17T08:28:14.291254,1789633694291254500,67.96325463867187,-30.383775158166884,-7.278303488770127,-9.387797980463503
2026-09-17T08:28:14.301214,1789633694301214500,67.97321435546876,-27.361771269524095,-4.450714503246545,-8.754359791916608
2026-09-17T08:28:14.311173,1789633694311173400,67.98317333984374,-8.729807534462212,5.645203104999661,0.655237201770395
2026-09-17T08:28:14.321132,1789633694321132500,67.99313256835937,28.814869306409356,16.761092706048487,7.665927426350116
2026-09-17T08:28:14.331092,1789633694331092700,68.0030927734375,28.478353040254113,3.207971281412244,0.6210989314556121
2026-09-17T08:28:14.341052,1789633694341052000,68.01305200195313,6.1790884479045864,-6.864879339501261,-3.5943151160538194
2026-09-17T08:28:14.351010,1789633694351010800,68.0230107421875,1.4620913445495067,0.161908471789956,-6.2486032981574535
2026-09-17T08:28:14.360969,1789633694360969700,68.0329697265625,-6.120005559816956,8.432247898688912,-7.985709999847412
2026-09-17T08:28:14.370929,1789633694370929700,68.0429296875,-15.323572177523374,6.458716121146082,1.1691793884515762
2026-09-17T08:28:14.380888,1789633694380888600,68.052888671875,-18.344782285439965,9.185979523089529,-2.706082666748762
2026-09-17T08:28:14.390847,1789633694390847700,68.06284765625,-12.446103016543388,14.406421092247962,-4.69317535213232
2026-09-17T08:28:14.400808,1789633694400808000,68.07280786132813,-2.386770048850775,4.661372685158253,-0.1254629474461078
2026-09-17T08:28:14.410766,1789633694410766800,68.08276684570312,3.7006443239629263,-1.743310232505202,-3.100270200628042
2026-09-17T08:28:14.420725,1789633694420725800,68.09272583007812,1.760184064286202,-0.4011743240267038,-5.016653273016214
2026-09-17T08:28:14.430685,1789633694430685000,68.10268481445313,-1.7460867114812135,0.4212649258971214,-2.0158897408008576
2026-09-17T08:28:14.440644,1789633694440644900,68.11264477539062,-0.2884774442492053,0.6780027219384909,1.023136594313383
2026-09-17T08:28:14.450603,1789633694450603800,68.12260375976562,0.2951313674467615,0.281904970523715,1.770910771614313
2026-09-17T08:28:14.460562,1789633694460562700,68.13256274414063,-0.2073331108759157,-0.6308686303198338,0.9866238499522209
2026-09-17T08:28:14.470521,1789633694470521600,68.142521484375,0.0977413940395228,-0.5622673877805471,0.0418634394730441
2026-09-17T08:28:14.480481,1789633694480481800,68.15248168945313,0.1423275547410361,-0.43430385569036,0.2239385375116951
2026-09-17T08:28:14.490441,1789633694490441000,68.16244091796875,0.2040530480256304,-0.1841284869045019,0.4065864122033119
2026-09-17T08:28:14.500399,1789633694500399900,68.17239990234376,0.217111741965264,0.0258522341370582,0.0902642082929611
2026-09-17T08:28:14.510359,1789633694510359800,68.18235986328125,0.0721772378625348,0.160254274842143,-0.4243137920737266
2026-09-17T08:28:14.520318,1789633694520318700,68.19231860351563,-0.0950689782261848,0.1616957058221101,-0.4268786741256714
2026-09-17T08:28:14.530277,1789633694530277600,68.20227758789062,-0.01481039644517,0.2089315042495727,-0.1605681630969047
2026-09-17T08:28:14.540236,1789633694540236800,68.21223681640625,-0.0007500511823222,0.2061509336203336,0.0269897137343883
2026-09-17T08:28:14.550196,1789633694550196700,68.22219677734375,0.1560980319455266,0.1236772330731153,0.0305950447499752
2026-09-17T08:28:14.560156,1789633694560156000,68.23215600585938,0.2829873589329421,-0.1398661513298749,0.1380862913089338
2026-09-17T08:28:14.570114,1789633694570114800,68.24211474609375,0.3140757766904309,-0.2614414436876773,0.4242518327534199
2026-09-17T08:28:14.580073,1789633694580073700,68.25207373046875,0.3299658581310883,-0.2364046175867319,0.63164019921422
2026-09-17T08:28:14.590033,1789633694590033700,68.26203369140624,0.1993813664201646,-0.1147258648544549,0.565602085161209
2026-09-17T08:28:14.599992,1789633694599992800,68.27199291992187,0.0476016360651701,0.1254687926650047,0.1899532475352287
2026-09-17T08:28:14.609951,1789633694609951700,68.28195166015625,-0.1267476900270208,0.3720394149571657,-0.2372270398855209
2026-09-17T08:28:14.619911,1789633694619911700,68.29191162109375,-0.0313524024559184,0.3853600843012332,-0.4057382709413766
2026-09-17T08:28:14.629870,1789633694629870600,68.30187060546875,0.1537988881576806,0.1984580410301685,-0.2065589298993349
2026-09-17T08:28:14.639829,1789633694639829800,68.31182983398438,0.1843033320147544,0.1353805303484201,0.1023509519279003
2026-09-17T08:28:14.649789,1789633694649789000,68.32178881835938,0.3660422203689813,0.1015922425150871,0.3139589819103479
2026-09-17T08:28:14.659748,1789633694659748900,68.33174877929687,0.46197826375328,0.2132125425696373,0.2992991729170083
2026-09-17T08:28:14.669707,1789633694669707800,68.34170776367188,0.1984972770620137,0.3270668852865696,0.1067149923563003
2026-09-17T08:28:14.679666,1789633694679666700,68.35166674804688,0.1236295214738696,0.3124263655155897,-0.0208796698888763
2026-09-17T08:28:14.689626,1789633694689626600,68.36162670898437,0.3640045770615339,0.4010603422582149,0.0275099564825184
2026-09-17T08:28:14.699585,1789633694699585800,68.37158569335938,0.2914882069051265,0.4804454291403293,0.0877320594668388
2026-09-17T08:28:14.709544,1789633694709544700,68.38154467773437,0.3118073568344116,0.3837877204179764,0.1652870448449626
2026-09-17T08:28:14.719503,1789633694719503600,68.39150366210937,0.3762747144393623,0.1755348460823297,0.3594576178142801
2026-09-17T08:28:14.729463,1789633694729463800,68.4014638671875,0.1456583248652517,0.2300917811781168,0.1186234568148851
2026-09-17T08:28:14.739422,1789633694739422700,68.41142260742187,-0.0631655542913824,0.476924853798747,-0.2927449289679527
2026-09-17T08:28:14.749382,1789633694749382000,68.4213818359375,-0.1511767229605466,0.1490039820313453,-0.4085194260925054
2026-09-17T08:28:14.759340,1789633694759340800,68.4313408203125,-0.0815776284903287,0.2941828528165817,-0.2383966681867838
2026-09-17T08:28:14.769300,1789633694769300700,68.44130078125,0.0046818011406809,0.5234580569148063,-0.107724461659789
2026-09-17T08:28:14.779259,1789633694779259600,68.451259765625,0.1577091934692114,0.3617220190823078,-0.1678576625179499
2026-09-17T08:28:14.789218,1789633694789218600,68.46121850585938,0.0220076875381171,0.2161433353245258,-0.1726214428536593
2026-09-17T08:28:14.799178,1789633694799178800,68.4711787109375,0.0290095291242003,0.1117886423587799,-0.0637536563776433
2026-09-17T08:28:14.809138,1789633694809138000,68.48113793945312,0.2208604269742965,0.2080436154991388,0.1168384000290185
2026-09-17T08:28:14.819096,1789633694819096800,68.49109692382812,0.3383971114657819,0.2475987962961196,0.3424211062848568
2026-09-17T08:28:14.829055,1789633694829055700,68.5010556640625,0.2921021010197699,0.2767144161432981,0.3166325850337743
2026-09-17T08:28:14.839015,1789633694839015700,68.511015625,0.2025663531318307,0.5378887333273887,0.0051450347382575
2026-09-17T08:28:14.848974,1789633694848974600,68.520974609375,0.2142857247591018,0.8329056988805532,-0.4911362614374607
2026-09-17T08:28:14.858933,1789633694858933800,68.53093383789063,0.4334523534275591,0.952214215350151,-0.5790132823329418
2026-09-17T08:28:14.868892,1789633694868892700,68.540892578125,0.6100318862572311,1.287393095421791,-0.6304932942014188
2026-09-17T08:28:14.878852,1789633694878852900,68.55085278320313,0.5675369987465441,1.2157470783591269,-0.6894212839882821
2026-09-17T08:28:14.888811,1789633694888811800,68.56081176757813,0.4936985862061381,1.088107955917716,-0.6718184803456068
2026-09-17T08:28:14.898770,1789633694898770700,68.57077075195312,0.5553527860864996,1.4025146815955638,-0.7003034741390496
2026-09-17T08:28:14.908730,1789633694908730600,68.58073071289063,0.9178959122933448,1.6256676034212112,-0.6680488256137818
2026-09-17T08:28:14.918689,1789633694918689800,68.59068969726563,1.0477841288357972,1.936258570203185,-0.6634113020062447
2026-09-17T08:28:14.928648,1789633694928648700,68.60064868164062,1.3713324846073984,2.215783952113986,-0.4687660241972655
2026-09-17T08:28:14.938607,1789633694938607600,68.61060766601562,1.8907751684010028,2.5630542519956827,-0.271471108662337
2026-09-17T08:28:14.948567,1789633694948567800,68.62056787109375,2.315465100310743,3.6796278394192456,-0.8065116129517554
2026-09-17T08:28:14.958527,1789633694958527000,68.63052685546874,3.0333959280118346,5.00532114714086,-1.2781044580727814
2026-09-17T08:28:14.968486,1789633694968486000,68.64048583984375,4.075349158737064,4.944636084553599,-0.5791255836009979
2026-09-17T08:28:14.978444,1789633694978444800,68.65044482421875,4.636502740056812,5.0281858898997305,-0.4889695118576287
2026-09-17T08:28:14.988404,1789633694988404700,68.66040478515625,5.2730514618396755,6.0440925329595805,-1.5460381863892076
2026-09-17T08:28:14.998363,1789633694998363600,68.67036376953125,6.319842487984896,5.78420357941091,-1.7206091558754444
2026-09-17T08:28:15.008322,1789633695008322800,68.68032275390625,7.633012414219975,6.0438914574295275,-0.5828326214253902
2026-09-17T08:28:15.018282,1789633695018282800,68.69028271484375,7.871255353149771,6.497255987420678,0.7773714431852102
2026-09-17T08:28:15.028242,1789633695028242000,68.70024194335937,7.165640401664376,7.529082084146141,3.0244273163974285
2026-09-17T08:28:15.038200,1789633695038200800,68.71020092773438,3.8062820424765342,7.045671375459432,5.807578609779477
2026-09-17T08:28:15.048159,1789633695048159700,68.72015966796874,0.5644470699071884,9.67503671323061,5.423142070063948
2026-09-17T08:28:15.058119,1789633695058119700,68.73011962890625,-3.821859550836682,14.56076877339482,2.2991496330648657
2026-09-17T08:28:15.068078,1789633695068078800,68.74007885742188,-2.7571967679142952,14.200702120304106,-0.0159211341660469
2026-09-17T08:28:15.078037,1789633695078037800,68.75003784179688,2.150811421465874,13.774583324635028,0.1706471471060067
2026-09-17T08:28:15.087996,1789633695087996700,68.75999658203125,4.709941193494201,12.253764919698238,2.638414321145415
2026-09-17T08:28:15.097956,1789633695097956600,68.76995654296876,8.529647365689277,11.99937514808774,3.827293266323208
2026-09-17T08:28:15.107915,1789633695107915500,68.77991552734375,10.429776053369045,12.19042495868802,3.571518177834153
2026-09-17T08:28:15.117875,1789633695117875000,68.789875,10.655137298893928,8.306616024416684,2.539334353712201
2026-09-17T08:28:15.127835,1789633695127835000,68.7998349609375,15.134887342488764,5.6824003244936465,2.1793046716310083
2026-09-17T08:28:15.137793,1789633695137793800,68.80979370117187,8.036359990632533,7.843439709985256,2.7253508463203904
2026-09-17T08:28:15.147752,1789633695147752700,68.81975268554687,5.138137964481115,9.650899466317892,3.9566608199924223
2026-09-17T08:28:15.157712,1789633695157712000,68.8297119140625,8.058428030055762,3.984544267696142,3.2262972116976973
2026-09-17T08:28:15.167671,1789633695167671800,68.839671875,9.77065338846743,1.734179708327353,3.5984681440800426
2026-09-17T08:28:15.177630,1789633695177630700,68.84963061523437,9.091480453705788,1.7261811107888816,3.8883693740546703
2026-09-17T08:28:15.187589,1789633695187589600,68.85958959960938,9.460267588868737,1.3749039133533834,3.834441969034075
2026-09-17T08:28:15.197549,1789633695197549800,68.8695498046875,10.522520972561836,1.1810349536791442,3.690616266423464
2026-09-17T08:28:15.207508,1789633695207508700,68.8795087890625,11.0237134216547,1.6847528295964005,3.702594581247866
2026-09-17T08:28:15.217468,1789633695217468000,68.88946801757812,10.95698440272808,2.2089792405351996,3.793438927516341
2026-09-17T08:28:15.227426,1789633695227426800,68.8994267578125,10.53944872648716,2.56605197250694,3.7544443032115695
2026-09-17T08:28:15.237386,1789633695237386800,68.90938671875,9.98566918106675,2.674612592729926,3.652069970408082
2026-09-17T08:28:15.247345,1789633695247345700,68.919345703125,9.277744783595203,2.6511910928711293,3.5785371166855096
2026-09-17T08:28:15.257304,1789633695257304600,68.9293046875,8.34090349394381,2.3604417216345666,3.5759465156704184
2026-09-17T08:28:15.267263,1789633695267263700,68.939263671875,7.264062197449803,1.9080530509382485,3.5814760927468536
2026-09-17T08:28:15.277224,1789633695277224000,68.94922387695313,6.425103189879655,1.4454489834368227,3.671685355982184
2026-09-17T08:28:15.287182,1789633695287182800,68.95918286132813,5.9157338640719646,1.106024720880389,3.486810142363608
2026-09-17T08:28:15.297141,1789633695297141800,68.96914184570312,5.411945553267002,0.6287076528936624,3.002031067933142
2026-09-17T08:28:15.307101,1789633695307101700,68.97910180664063,4.834293549349904,0.8860971908420324,2.49264537551254
2026-09-17T08:28:15.317060,1789633695317060600,68.989060546875,4.212710049247741,1.6406757874608038,2.016116535294056
2026-09-17T08:28:15.327019,1789633695327019000,68.99901904296875,3.718758072802424,2.1704653854846954,1.6604804119966925
2026-09-17T08:28:15.336978,1789633695336978000,69.00897802734374,2.9192256512135266,2.7395658341556786,1.358708857616782
2026-09-17T08:28:15.346937,1789633695346937900,69.01893774414063,1.7779414009034633,3.18311741066277,1.208422580689937
2026-09-17T08:28:15.356897,1789633695356897000,69.02889697265626,0.8978180237740278,3.1229496499478815,1.2913830418407917
2026-09-17T08:28:15.366856,1789633695366856200,69.03885620117188,0.24749562818259,2.853146036106348,1.2573673749923706
2026-09-17T08:28:15.376815,1789633695376815000,69.04881518554687,-0.4488309782147407,3.0582682112008333,1.1041315275449306
2026-09-17T08:28:15.386775,1789633695386775000,69.05877514648438,-1.092190256795287,3.811242879754305,0.728248369706422
2026-09-17T08:28:15.396734,1789633695396734000,69.06873388671875,-1.6364873958602546,5.1991737402021885,0.278899505097419
2026-09-17T08:28:15.406692,1789633695406692900,69.07869287109375,-2.157670201319456,6.5767281680643555,0.1163343960296362
2026-09-17T08:28:15.416652,1789633695416652800,69.08865283203124,-2.8341794698297975,7.395129540774226,0.0640812078315764
2026-09-17T08:28:15.426612,1789633695426612000,69.09861206054687,-3.617264614486694,8.220304353141785,-0.122653698711656
2026-09-17T08:28:15.436571,1789633695436571100,69.10857104492187,-4.793326455928385,9.268560775664447,-0.5053256033748388
2026-09-17T08:28:15.446530,1789633695446530000,69.11853002929688,-6.6459145170152185,10.193573095834257,-1.2719710698843
2026-09-17T08:28:15.456490,1789633695456490000,69.12848999023437,-9.034660249853134,10.783104338115454,-1.5208254191994666
2026-09-17T08:28:15.466449,1789633695466449000,69.13844897460937,-12.021908466935155,10.852065061616896,-1.207391922467947
2026-09-17T08:28:15.476408,1789633695476408000,69.14840795898438,-14.97611132350564,9.654121935495734,-1.199500876957178
2026-09-17T08:28:15.486368,1789633695486368000,69.15836791992187,-17.715321183830497,8.470082247042656,-2.0476503221988676
2026-09-17T08:28:15.496327,1789633695496327000,69.16832690429688,-19.719418780028818,8.334215979003906,-3.6144612475037574
2026-09-17T08:28:15.506285,1789633695506285800,69.17828588867188,-22.993211317873,6.460636275553703,-6.502395688396692
2026-09-17T08:28:15.516245,1789633695516245000,69.18824487304687,-25.410674611151215,3.149071933197975,-8.584591254276036
2026-09-17T08:28:15.526205,1789633695526205200,69.198205078125,-27.462042492568493,0.3268909441977739,-9.234890561252833
2026-09-17T08:28:15.536164,1789633695536164000,69.2081640625,-30.725659673357008,-3.777996443712711,-10.146058480465411
2026-09-17T08:28:15.546123,1789633695546123000,69.218123046875,-32.48446733472347,-7.537106400647759,-10.598239938151837
2026-09-17T08:28:15.556082,1789633695556082000,69.22808203125,-33.0946497353673,-9.203455558547375,-10.586044473445416
2026-09-17T08:28:15.566041,1789633695566041900,69.23804174804687,-32.74599879478216,-6.697526630830764,-6.395508846604824
2026-09-17T08:28:15.576001,1789633695576001000,69.2480009765625,-3.1263883922249076,1.862292585760355,-2.947718170726299
2026-09-17T08:28:15.585960,1789633695585960000,69.2579599609375,15.133638803732394,-2.005169024822116,2.8338813636660576
2026-09-17T08:28:15.595920,1789633695595920100,69.26792016601563,14.357342296302315,12.557265051436424,-3.741440444731712
2026-09-17T08:28:15.605879,1789633695605879000,69.27787915039063,2.4385734474547207,-0.8338608076483011,-4.970465522336959
2026-09-17T08:28:15.615838,1789633695615838000,69.287837890625,-5.909468958458304,7.723053919672965,-7.1860314477860925
2026-09-17T08:28:15.625797,1789633695625797000,69.29779711914063,-13.794232612478732,10.622637881827352,-3.2100305520296093
2026-09-17T08:28:15.635757,1789633695635757000,69.30775708007812,-15.766434018200634,6.264616275325417,0.4001717959206551
2026-09-17T08:28:15.645716,1789633695645716000,69.31771606445312,-10.604656819456816,9.561932896620034,-4.8124014510154725
2026-09-17T08:28:15.655675,1789633695655675000,69.3276748046875,-5.141881242662668,8.762315134835243,-1.8717641784608363
2026-09-17T08:28:15.665635,1789633695665635000,69.33763500976562,-0.6604117548640817,0.516533810609579,-1.5908102250516414
2026-09-17T08:28:15.675594,1789633695675594000,69.34759399414062,2.21964618050009,-0.7276660397738218,-3.729219261062145
2026-09-17T08:28:15.685553,1789633695685553200,69.35755322265625,0.612912190933898,-0.6213081902921199,-2.197186219149828
2026-09-17T08:28:15.695512,1789633695695512000,69.36751196289063,-0.6509098400905728,-0.2980278378069401,0.988654478996992
2026-09-17T08:28:15.705472,1789633695705472000,69.37747192382812,0.1155665169296786,0.2536398300260305,2.0380454585075376
2026-09-17T08:28:15.715431,1789633695715431000,69.38743090820313,0.0843162231413647,-0.0646656566560268,1.3661585891008377
2026-09-17T08:28:15.725390,1789633695725390000,69.39739013671876,0.1243524837198667,-0.4478945741474628,0.0291138480152003
2026-09-17T08:28:15.735349,1789633695735349000,69.40734887695312,-0.1264694941401481,-0.3288034998208284,-0.3694412151575088
2026-09-17T08:28:15.745309,1789633695745309200,69.41730908203125,-0.1319254579911008,0.0541471852511167,-0.2222281899298541
2026-09-17T08:28:15.755268,1789633695755268000,69.42726806640626,0.0994782825684174,0.5158639485239982,-0.4434954624056816
2026-09-17T08:28:15.765227,1789633695765227000,69.43722705078125,-0.0453948832685127,0.5697971987634897,-0.7585878322601318
2026-09-17T08:28:15.775187,1789633695775187000,69.44718701171875,-0.0216298306690529,0.4599222810715436,-0.8006804225802421
2026-09-17T08:28:15.785146,1789633695785146000,69.45714599609374,0.0063528396254405,0.2430003625899553,-0.4168681522428989
2026-09-17T08:28:15.795105,1789633695795105000,69.46710498046875,-0.0499433038204908,-0.0051356093227863,0.1613771413922309
2026-09-17T08:28:15.805064,1789633695805064000,69.47706396484375,-0.05844926635921,-0.0364770885258913,0.3836754922151565
2026-09-17T08:28:15.815023,1789633695815023900,69.48702392578124,-0.0186194333393126,0.0272749604165554,0.1988332858170382
2026-09-17T08:28:15.824983,1789633695824983000,69.49698315429687,0.0258119021266698,0.0425824196636676,-0.0700082141272258
2026-09-17T08:28:15.834942,1789633695834942200,69.50694213867187,0.0320517463643103,0.0872708716958761,-0.1113081927649211
2026-09-17T08:28:15.844901,1789633695844901000,69.51690112304688,0.1330840534416958,-0.0008417115211486,0.0850654706060886
2026-09-17T08:28:15.854861,1789633695854861000,69.52686108398437,0.2099350918015465,-0.0185410343408584,0.2530944528366439
2026-09-17T08:28:15.864820,1789633695864820000,69.53682006835938,0.1746614607812836,-0.0239250654667615,0.2950000144183635
2026-09-17T08:28:15.874779,1789633695874779000,69.54677880859376,0.222973656268604,-0.0860726018220186,0.2882885158146731
2026-09-17T08:28:15.884738,1789633695884738800,69.55673876953125,0.0661390536768361,-0.0206821380227804,0.2191980467200279
2026-09-17T08:28:15.894698,1789633695894698000,69.56669799804688,-0.1248272433584555,0.2521826169550418,-0.0208370363235473
2026-09-17T08:28:15.904657,1789633695904657200,69.5766572265625,0.0343235637538135,0.2042734493106603,-0.125046767860651
2026-09-17T08:28:15.914616,1789633695914616000,69.58661596679687,0.1930618080098181,0.0805173057824373,0.0145417355716228
2026-09-17T08:28:15.924576,1789633695924576000,69.59657592773438,0.2470779872924089,0.113767248955369,0.2341033549070358
2026-09-17T08:28:15.934535,1789633695934535000,69.60653491210938,0.2686177650578319,0.1077741460204124,0.3104360684812068
2026-09-17T08:28:15.944494,1789633695944494000,69.616494140625,0.2527894237417727,0.1081026473224163,0.2169844623237848
2026-09-17T08:28:15.954454,1789633695954454000,69.6264541015625,0.1252526656962931,0.19090192656219,0.0447767148375511
2026-09-17T08:28:15.964413,1789633695964413000,69.63641284179687,0.1401801857151091,0.3010451398015022,-0.0632762481242418
2026-09-17T08:28:15.974371,1789633695974371800,69.64637182617187,0.2207484910324215,0.2659101135343313,-0.0046475152785889
2026-09-17T08:28:15.984331,1789633695984331000,69.6563310546875,0.296046454731375,0.3025882775902748,0.0668289904360659
2026-09-17T08:28:15.994291,1789633695994291000,69.666291015625,0.2585575588144362,0.1119248359590768,0.207873537895549
2026-09-17T08:28:16.004250,1789633696004250000,69.67625,0.3431772584144026,0.1887204908698797,0.2903010612134821
2026-09-17T08:28:16.014209,1789633696014209000,69.686208984375,0.2840909362606704,0.0677063395261764,0.29069851783216
2026-09-17T08:28:16.024168,1789633696024168000,69.69616796875,-0.0021198416981846,0.2159831763267517,0.0846265311995521
2026-09-17T08:28:16.034128,1789633696034128000,69.7061279296875,0.0074718702506273,0.3820984521567821,-0.2036754834175109
2026-09-17T08:28:16.044087,1789633696044087000,69.71608715820312,-0.0169551533889025,0.1973024412542581,-0.1586906787872314
2026-09-17T08:28:16.054046,1789633696054046000,69.7260458984375,0.0704982352670282,0.3385872272104024,0.0984918653469532
2026-09-17T08:28:16.064004,1789633696064004900,69.7360048828125,0.3990769864212721,0.3181488348156213,0.249230233422853
2026-09-17T08:28:16.073965,1789633696073965000,69.74596508789062,0.2065491391576826,0.4786082768410444,0.1655634871661662
2026-09-17T08:28:16.083924,1789633696083924000,69.75592407226563,0.0749997114047408,0.4810954174816608,-0.1785959872186183
2026-09-17T08:28:16.093883,1789633696093883100,69.76588305664062,0.0865636002093553,0.4992828160792589,-0.4024439055711031
2026-09-17T08:28:16.103843,1789633696103843000,69.77584301757813,0.1501068287067115,0.8867319816142321,-0.6594394757658243
2026-09-17T08:28:16.113802,1789633696113802000,69.78580200195313,0.2404186755336821,0.9352788626402616,-0.750054981714487
2026-09-17T08:28:16.123761,1789633696123761000,69.79576098632812,0.3522812599115073,0.8444283788919449,-0.6724193688482045
2026-09-17T08:28:16.133719,1789633696133719800,69.8057197265625,0.2712261939905583,0.6526134291380643,-0.4128822244118899
2026-09-17T08:28:16.143680,1789633696143680000,69.81567993164063,0.3746823306813835,0.7789584201157093,-0.3112356944262981
2026-09-17T08:28:16.153639,1789633696153639200,69.82563916015626,0.6063984981909394,0.9948077409297228,-0.2015489927828311
2026-09-17T08:28:16.163598,1789633696163598000,69.83559814453125,0.5925035360902547,1.079163601961732,-0.2299169726004823
2026-09-17T08:28:16.173558,1789633696173558000,69.84555810546875,0.7060990817405283,1.226228140363097,-0.363538128593564
2026-09-17T08:28:16.183517,1789633696183517000,69.85551684570312,0.8201628294244409,1.3993991799235344,-0.1054313822865486
2026-09-17T08:28:16.193475,1789633696193475800,69.86547583007813,1.1130462900802491,1.6272078186005352,-0.0810527278333902
2026-09-17T08:28:16.203435,1789633696203435000,69.87543505859375,1.2296817879483104,1.8669447954803704,-0.2539963153135031
2026-09-17T08:28:16.213395,1789633696213395200,69.88539526367188,1.4550842422664163,2.139706090083718,-0.4356475984495133
2026-09-17T08:28:16.223354,1789633696223354000,69.89535400390625,1.7245812743768094,2.952929767894745,-0.7889736181735992
2026-09-17T08:28:16.233313,1789633696233313000,69.90531298828125,2.3863734507486223,4.109854070407152,-1.2733990568608045
2026-09-17T08:28:16.243272,1789633696243272200,69.91527221679688,3.3629046534925697,4.689338550448418,-1.0615081913489848
2026-09-17T08:28:16.253232,1789633696253232000,69.92523217773437,4.2394422810897225,4.3932916573256255,-0.1857312093934044
2026-09-17T08:28:16.263191,1789633696263191000,69.93519091796875,4.467707139101624,4.877765026807785,-0.6602185703795402
2026-09-17T08:28:16.273150,1789633696273150000,69.94514990234374,5.356480855676532,6.018190029940008,-1.646602839422226
2026-09-17T08:28:16.283110,1789633696283110000,69.95510986328125,6.579173807650804,5.764506360772252,-1.285087741088867
2026-09-17T08:28:16.293069,1789633696293069000,69.96506909179688,7.659736755016445,6.313603301334381,-0.1549245677193626
2026-09-17T08:28:16.303028,1789633696303028200,69.9750283203125,7.672135633340478,6.9022460703432555,1.673439992943406
2026-09-17T08:28:16.312987,1789633696312987100,69.98498706054687,6.5328522014588115,7.234869420713186,4.928015204620361
2026-09-17T08:28:16.322947,1789633696322947000,69.99494702148438,2.828676780760288,7.354592947724461,5.995513503229618
2026-09-17T08:28:16.332906,1789633696332906800,70.00490673828125,0.3053343614280224,10.62051723641157,3.676341657355428
2026-09-17T08:28:16.342865,1789633696342865700,70.01486572265625,-3.6028204940706487,15.018841042685509,0.9202578191190958
2026-09-17T08:28:16.352824,1789633696352824600,70.02482446289062,-1.8349468981951471,12.734742263758182,-0.433000371876359
2026-09-17T08:28:16.362784,1789633696362784500,70.03478442382813,3.0061762049138543,12.74919749009013,0.6180285110343248
2026-09-17T08:28:16.372743,1789633696372743700,70.04474365234375,5.084561857116222,11.546256117290255,2.8126263941913843
2026-09-17T08:28:16.382702,1789633696382702600,70.05470263671874,8.90139393517971,11.509177555739878,3.801046479910612
2026-09-17T08:28:16.392662,1789633696392662800,70.06466284179687,10.610449431383609,11.675043825244902,3.1389351545870303
2026-09-17T08:28:16.402621,1789633696402621700,70.07462158203126,10.933919168961047,8.805978335472942,2.053202111107111
2026-09-17T08:28:16.412580,1789633696412580600,70.08458056640625,15.190571235787868,6.761219643062352,2.106826587658375
2026-09-17T08:28:16.422539,1789633696422539800,70.09453979492187,9.368944226911664,7.270017890983819,2.600801506587863
2026-09-17T08:28:16.432499,1789633696432499700,70.10449975585938,5.843963928368687,9.249917449992894,3.825059808182716
2026-09-17T08:28:16.442458,1789633696442458600,70.11445874023437,7.454917946782707,4.985203657263517,2.6726906847566365
2026-09-17T08:28:16.452417,1789633696452417500,70.12441748046875,8.808151587858795,1.8537360620781775,3.254515590444207
2026-09-17T08:28:16.462377,1789633696462377700,70.13437768554688,8.772349622115492,1.3197772155456244,3.809600373244286
2026-09-17T08:28:16.472337,1789633696472337000,70.1443369140625,8.881648201224207,1.702981729248166,3.765588797560334
2026-09-17T08:28:16.482295,1789633696482295800,70.1542958984375,9.614484337112309,0.9896513810798524,3.7048955516666178
2026-09-17T08:28:16.492254,1789633696492254700,70.16425463867188,10.292281307345627,1.0388330528780818,3.771763102281094
2026-09-17T08:28:16.502214,1789633696502214700,70.17421459960937,10.536844096946716,1.6625749000579118,3.703133218169212
2026-09-17T08:28:16.512173,1789633696512173600,70.18417358398438,10.47846205060482,2.373572713625431,3.5423356302306055
2026-09-17T08:28:16.522132,1789633696522132700,70.1941328125,9.892801512277126,2.621459386952221,3.646116614961624
2026-09-17T08:28:16.532091,1789633696532091600,70.20409155273437,9.123073277321458,2.2160154227823017,3.7496196595340967
2026-09-17T08:28:16.542051,1789633696542051800,70.2140517578125,8.522758775219321,2.103721753510833,3.6664828189030287
2026-09-17T08:28:16.552010,1789633696552010800,70.2240107421875,8.01605779183805,1.971389504817128,3.647905251944065
2026-09-17T08:28:16.561969,1789633696561969700,70.2339697265625,7.4019099946945905,1.6313836429804562,3.526938739134371
2026-09-17T08:28:16.571929,1789633696571929600,70.2439296875,6.549725010326505,1.474229672241211,3.1650597759246826
2026-09-17T08:28:16.581888,1789633696581888800,70.253888671875,5.381401946443319,1.5804869839578866,2.7121578950092196
2026-09-17T08:28:16.591847,1789633696591847700,70.26384765625,4.282321930134296,1.7886691311448812,2.451351680485159
2026-09-17T08:28:16.601806,1789633696601806600,70.273806640625,3.2538854758471247,1.6717402032881974,2.1568127077072856
2026-09-17T08:28:16.611766,1789633696611766500,70.2837666015625,2.300567098647356,1.824651129630208,1.9681237810194492
2026-09-17T08:28:16.621725,1789633696621725400,70.29372534179687,1.4006769447743892,2.29692260466516,1.7853876252561809
2026-09-17T08:28:16.631684,1789633696631684900,70.30368481445312,0.5882961475282907,2.7025124070465565,1.6018576887667175
2026-09-17T08:28:16.641643,1789633696641643800,70.31364379882812,-0.1574400942042469,3.3342215798437596,1.3411487971372902
2026-09-17T08:28:16.651603,1789633696651603700,70.32360375976563,-0.5702735841035843,4.3915293238282205,1.0247839231289924
2026-09-17T08:28:16.661562,1789633696661562600,70.33356274414062,-1.3052671902865172,5.371650952279567,0.6072112758785486
2026-09-17T08:28:16.671521,1789633696671521500,70.343521484375,-2.115919848565757,6.406822267779708,0.2771564608223736
2026-09-17T08:28:16.681481,1789633696681481500,70.3534814453125,-2.855365465721488,7.466112710013985,0.0913164938248694
2026-09-17T08:28:16.691440,1789633696691440600,70.36344067382812,-3.5486043352365493,8.105940307337045,-0.0166780900131911
2026-09-17T08:28:16.701399,1789633696701399600,70.37339965820313,-4.5164866598397495,8.78441941461563,-0.5052443548321723
2026-09-17T08:28:16.711358,1789633696711358700,70.38335864257813,-5.744534416845441,9.874370368051528,-1.189772167690471
2026-09-17T08:28:16.721318,1789633696721318700,70.39331860351562,-7.883504009348154,10.566470004403593,-1.4694973830223084
2026-09-17T08:28:16.731277,1789633696731277800,70.40327783203125,-10.077157378196716,10.052114122354984,-1.2332938409656284
2026-09-17T08:28:16.741236,1789633696741236700,70.41323681640625,-11.98670972778201,10.22435401854515,-0.9041162471354008
2026-09-17T08:28:16.751195,1789633696751195600,70.42319555664062,-13.701494707548616,8.896923511767387,-1.0610136127650738
2026-09-17T08:28:16.761155,1789633696761155600,70.43315551757813,-14.78522634807825,8.087603271135688,-1.3415560627639294
2026-09-17T08:28:16.771114,1789633696771114500,70.44311450195312,-16.97990964449644,7.708474190178513,-2.854337291717529
2026-09-17T08:28:16.781073,1789633696781073700,70.45307373046874,-19.151345336318016,6.7271729965537785,-5.221306077033281
2026-09-17T08:28:16.791033,1789633696791033900,70.46303393554687,-21.379524075102804,4.247788376891613,-7.650361608427763
2026-09-17T08:28:16.800992,1789633696800992800,70.47299267578126,-23.03929268556833,2.2735499123841523,-8.389926760309935
2026-09-17T08:28:16.810951,1789633696810951700,70.48295166015625,-26.4494424898386,-1.9051924008101224,-8.763721494501828
2026-09-17T08:28:16.820910,1789633696820910600,70.49291064453125,-28.664411033916473,-6.042579205787182,-8.656087633734941
2026-09-17T08:28:16.830870,1789633696830870500,70.50287060546874,-30.15997107895613,-8.136040262046455,-8.870760311985014
2026-09-17T08:28:16.840829,1789633696840829700,70.51282958984375,-29.92776858923435,-7.2684589711040255,-9.061363547861577
2026-09-17T08:28:16.850788,1789633696850788600,70.52278857421875,-27.635163847768304,-4.8614767398297785,-8.99775821391344
2026-09-17T08:28:16.860748,1789633696860748800,70.53274877929688,-13.853365184926986,3.293495601701736,-2.065606980780512
2026-09-17T08:28:16.870707,1789633696870707700,70.54270776367187,12.78366557688117,13.249811262512209,3.1819922060251233
2026-09-17T08:28:16.880666,1789633696880666600,70.55266650390625,22.3822339674592,-2.6700176661550996,1.1875626018822192
2026-09-17T08:28:16.890625,1789633696890625800,70.56262573242188,9.07392492327094,-4.002188645458221,-3.9070261437296865
2026-09-17T08:28:16.900585,1789633696900585700,70.57258569335937,2.942186255562305,0.6358645389109849,-5.1032607123672955
2026-09-17T08:28:16.910544,1789633696910544600,70.58254467773438,-1.9238744510568675,9.755789581334591,-7.18805038639307
2026-09-17T08:28:16.920503,1789633696920503600,70.59250366210938,-7.628698058152199,7.529765974757074,-3.056357409143448
2026-09-17T08:28:16.930462,1789633696930462700,70.60246264648437,-11.799675582563877,3.210460175618529,2.5881962920367716
2026-09-17T08:28:16.940422,1789633696940422700,70.61242260742188,-12.982371455192563,5.131501302945614,2.282056605575234
2026-09-17T08:28:16.950381,1789633696950381800,70.6223818359375,-8.500638128826022,8.57787100611031,0.4424842395365237
2026-09-17T08:28:16.960340,1789633696960340700,70.6323408203125,-3.6864997710153458,5.949716213172674,0.4552198024690151
2026-09-17T08:28:16.970300,1789633696970300700,70.64230078125,-0.1362624460157938,0.921428616464138,-3.244561767184734
2026-09-17T08:28:16.980259,1789633696980259600,70.65225952148438,2.6018606602519747,-0.7260457450956106,-5.183341380298137
2026-09-17T08:28:16.990218,1789633696990218800,70.66221875,0.9282336203038692,-0.7493050401300192,-3.534105854284763
2026-09-17T08:28:17.000177,1789633697000177700,70.672177734375,-1.3542000018902125,0.7577174791663884,-0.3072141838252544
2026-09-17T08:28:17.010137,1789633697010137600,70.6821376953125,-0.4753589196562767,0.6333493412196636,1.912168669563532
2026-09-17T08:28:17.020096,1789633697020096800,70.6920966796875,0.1737239790017716,-0.3152449300676584,1.869422583770752
2026-09-17T08:28:17.030055,1789633697030055700,70.7020556640625,0.2130509222671389,-0.5874322241753339,0.2505903793275356
2026-09-17T08:28:17.040014,1789633697040014800,70.71201489257813,0.0595014240269549,-0.3968465239554643,-0.50118309674263
2026-09-17T08:28:17.049974,1789633697049974800,70.72197485351562,-0.2869200222067535,-0.0430669883102178,-0.1159726683114655
2026-09-17T08:28:17.059933,1789633697059933700,70.73193359375,0.0256768593038432,0.2375198853522539,0.1675918146559968
2026-09-17T08:28:17.069892,1789633697069892600,70.741892578125,0.1336310928652063,0.1973456958740949,0.0570563324297778
2026-09-17T08:28:17.079852,1789633697079852500,70.7518525390625,-0.0497800395501777,0.190001178330183,-0.2379074233651161
2026-09-17T08:28:17.089811,1789633697089811500,70.7618115234375,-0.1668832279952243,0.2447258712083101,-0.3485176695942878
2026-09-17T08:28:17.099771,1789633697099771000,70.77177099609375,-0.1332124655943364,0.1348772570014,-0.2452992871820926
2026-09-17T08:28:17.109729,1789633697109729800,70.78172973632813,-0.1632750109028071,0.4748147297769785,-0.371540817785263
2026-09-17T08:28:17.119689,1789633697119689700,70.79168969726562,0.0636626536259427,0.4022141884684562,-0.4197159428894519
2026-09-17T08:28:17.129648,1789633697129648600,70.80164868164063,0.2812683896532282,0.0002215337961912,-0.203214898434747
2026-09-17T08:28:17.139607,1789633697139607600,70.81160766601562,0.1585647508526221,-0.0907405936330556,0.1818225480496883
2026-09-17T08:28:17.149566,1789633697149566700,70.82156665039062,-0.0230777279224246,0.0680944620609283,0.2837865464866161
2026-09-17T08:28:17.159526,1789633697159526700,70.83152661132813,-0.0647709436614066,0.0722545043498277,0.1444961583512369
2026-09-17T08:28:17.169485,1789633697169485600,70.84148559570312,-0.1096248884536326,0.1272293725967407,-0.0594786276732571
2026-09-17T08:28:17.179444,1789633697179444700,70.85144482421875,0.0091959175642579,0.2033189250648021,-0.1468003436403814
2026-09-17T08:28:17.189404,1789633697189404700,70.86140478515625,0.2351560057651251,0.072751932477951,-0.0540390487015247
2026-09-17T08:28:17.199363,1789633697199363600,70.87136352539062,0.1304874610772356,0.0019406126737594,0.1463350550830364
2026-09-17T08:28:17.209322,1789633697209322800,70.88132275390625,0.1626739762697368,-0.1116144548356533,0.331266090542078
2026-09-17T08:28:17.219281,1789633697219281700,70.89128173828125,0.2309839807774871,-0.1504845759779214,0.3749450732707977
2026-09-17T08:28:17.229241,1789633697229241600,70.90124169921874,0.1719645133148878,0.0105909521192312,0.2741407662630081
2026-09-17T08:28:17.239200,1789633697239200500,70.91120043945313,0.2419528993636369,0.0672030661791562,0.1499924085468053
2026-09-17T08:28:17.249159,1789633697249159700,70.92115966796875,0.0165346629545092,0.1906879915505647,-0.0256172540541156
2026-09-17T08:28:17.259118,1789633697259118600,70.93111865234376,-0.0283629748489707,0.2191466087937355,-0.1136304617000278
2026-09-17T08:28:17.269078,1789633697269078800,70.94107885742187,0.1204389087390154,0.0840431418210268,0.0378109766113106
2026-09-17T08:28:17.279037,1789633697279037700,70.95103759765625,0.2374344720911234,0.0369692559570074,0.2614876209169626
2026-09-17T08:28:17.288996,1789633697288996600,70.96099658203126,0.4051632475323974,-0.004246551528573,0.4277694854855537
2026-09-17T08:28:17.298956,1789633697298956500,70.97095654296875,0.3396915351904928,0.1234375790983438,0.295495086192619
2026-09-17T08:28:17.308915,1789633697308915700,70.98091577148438,0.0140227531988173,0.3530938914686441,-0.0625829868967644
2026-09-17T08:28:17.318874,1789633697318874600,70.99087451171874,-0.0145958038464188,0.4901654436439275,-0.353856656002067
2026-09-17T08:28:17.328833,1789633697328833500,71.00083349609375,0.084769994790852,0.3369955741047859,-0.3119230921685695
2026-09-17T08:28:17.338793,1789633697338793500,71.01079345703126,0.0986915526375174,0.4088444202631712,-0.0995756419956684
2026-09-17T08:28:17.348752,1789633697348752400,71.02075244140624,0.197570663736388,0.2176432184934616,0.1693564862409606
2026-09-17T08:28:17.358711,1789633697358711600,71.03071166992187,0.2344919888984412,0.1190016424775123,0.3627665596991777
2026-09-17T08:28:17.368670,1789633697368670500,71.04067041015625,0.2181470763623714,0.2055798557341098,0.220728909549117
2026-09-17T08:28:17.378630,1789633697378630700,71.05063061523437,0.1183630523130297,0.3430027055650949,-0.0074911960056051
2026-09-17T08:28:17.388589,1789633697388589600,71.06058959960937,0.094676033385843,0.3600397650837898,-0.150520816335082
2026-09-17T08:28:17.398548,1789633697398548500,71.07054858398438,0.0944145329054444,0.2840051576733589,-0.0747936674386262
2026-09-17T08:28:17.408508,1789633697408508400,71.08050830078125,0.168367511736229,0.4533253670245408,0.0677893416345119
2026-09-17T08:28:17.418467,1789633697418467600,71.09046752929687,0.4009852311953902,0.4565887527346611,0.179622407656908
2026-09-17T08:28:17.428426,1789633697428426500,71.10042651367188,0.1357287592642009,0.3312316037505864,-0.1276461367040872
2026-09-17T08:28:17.438385,1789633697438385400,71.11038549804688,-0.077568246718496,0.7148924829185008,-0.7219553339768201
2026-09-17T08:28:17.448345,1789633697448345600,71.120345703125,0.0867252205118536,0.9117243840515612,-0.910072525191307
2026-09-17T08:28:17.458304,1789633697458304800,71.1303046875,0.33132293529585,1.097147002419829,-0.8603407452296465
2026-09-17T08:28:17.468263,1789633697468263700,71.140263671875,0.3414997536562383,1.0459148278325796,-0.7322439421486109
2026-09-17T08:28:17.478222,1789633697478222600,71.15022265625,0.3392689258642494,0.832518160867691,-0.4851344637393951
2026-09-17T08:28:17.488182,1789633697488182500,71.1601826171875,0.4858586863607168,0.8818903868019581,-0.1157131953913718
2026-09-17T08:28:17.498141,1789633697498141400,71.17014135742187,0.6347064549170434,1.200230360275507,-0.1011374844849109
2026-09-17T08:28:17.508100,1789633697508100600,71.1801005859375,0.804086870022863,1.384642340296507,-0.391473525680229
2026-09-17T08:28:17.518060,1789633697518060500,71.190060546875,0.8631253344468772,1.469089386743307,-0.4909451227795332
2026-09-17T08:28:17.528019,1789633697528019700,71.20001977539063,1.1740439257480204,1.9560563266068696,-0.3027174569278955
2026-09-17T08:28:17.537978,1789633697537978600,71.209978515625,1.5824413328960536,2.4779525410324332,-0.20032726896815
2026-09-17T08:28:17.547937,1789633697547937500,71.2199375,2.0095950245708227,3.0735885299295185,-0.4030388757895678
2026-09-17T08:28:17.557897,1789633697557897500,71.2298974609375,2.4284902987271546,3.72326064491868,-0.5497375765532255
2026-09-17T08:28:17.567856,1789633697567856600,71.23985668945312,3.0070708156660197,3.833747557029128,-0.4105700019467622
2026-09-17T08:28:17.577815,1789633697577815600,71.24981567382812,3.237581114517152,4.0320618056744335,-1.1300853223603218
2026-09-17T08:28:17.587774,1789633697587774500,71.2597744140625,3.627425358495116,4.379750038707256,-1.5486884086370467
2026-09-17T08:28:17.597734,1789633697597734400,71.269734375,4.424210819463432,4.869909052610397,-1.2389344772011042
2026-09-17T08:28:17.607693,1789633697607693300,71.279693359375,5.617399152272939,4.891735099971294,-0.8483119423270225
2026-09-17T08:28:17.617652,1789633697617652700,71.28965283203125,6.353358973139524,5.0678556369870895,-0.4148994094531983
2026-09-17T08:28:17.627612,1789633697627612700,71.29961279296874,6.608259032359719,5.7433554361939425,0.7604326564092189
2026-09-17T08:28:17.637571,1789633697637571600,71.30957153320313,5.941511279407143,5.54755346263051,3.0733728413522243
2026-09-17T08:28:17.647530,1789633697647530500,71.31953051757813,3.426764254462719,5.541040135213732,5.172269951185584
2026-09-17T08:28:17.657489,1789633697657489700,71.32948974609376,1.1709154184639454,6.5822267654806375,4.2455081569999455
2026-09-17T08:28:17.667449,1789633697667449600,71.33944970703125,-1.4206792838394642,9.563058685779572,2.1175515414208173
2026-09-17T08:28:17.677408,1789633697677408500,71.34940844726563,-2.2555296870470047,11.54893673467636,0.8119833223611116
2026-09-17T08:28:17.687367,1789633697687367400,71.35936743164062,0.2821744351148605,10.191357757872344,0.4004238709855824
2026-09-17T08:28:17.697327,1789633697697327600,71.36932763671875,2.8571529336601493,9.526419100168347,0.623436872883886
2026-09-17T08:28:17.707286,1789633697707286500,71.37928662109375,5.861791846004128,8.293565404185653,2.2118758387595414
2026-09-17T08:28:17.717245,1789633697717245700,71.38924560546874,7.887160778290033,8.646748727503418,3.3467467148959633
2026-09-17T08:28:17.727204,1789633697727204600,71.39920458984375,9.083917324975133,8.622526724916696,3.1013679327368733
2026-09-17T08:28:17.737164,1789633697737164500,71.40916455078126,9.589666706719994,7.364101365303993,1.9723637566767631
2026-09-17T08:28:17.747123,1789633697747123500,71.41912353515625,12.8371317941308,5.758556512457132,2.2219909900605677
2026-09-17T08:28:17.757082,1789633697757082400,71.42908227539063,11.24165825344324,6.07165741623342,2.4955443118244407
2026-09-17T08:28:17.767041,1789633697767041500,71.43904150390625,5.849259112167358,8.199003790959715,3.6734991274058815
2026-09-17T08:28:17.777001,1789633697777001700,71.44900170898437,6.380892292231321,6.881247705978155,3.491861288273334
2026-09-17T08:28:17.786960,1789633697786960600,71.45896069335937,8.154839070540666,2.5665426786333323,3.3899434670656916
2026-09-17T08:28:17.796919,1789633697796919600,71.46891943359375,8.36210994810164,1.38964380184561,3.883610196828842
2026-09-17T08:28:17.806879,1789633697806879500,71.47887939453125,7.850068188214301,2.0834949580401183,4.0299581113934515
2026-09-17T08:28:17.816838,1789633697816838400,71.48883837890625,8.056887814876436,1.738918427287042,4.099401357714831
2026-09-17T08:28:17.826797,1789633697826797600,71.49879760742188,8.502157885739207,1.2337711030885576,4.146586594998836
2026-09-17T08:28:17.836756,1789633697836756500,71.50875659179688,8.555224290016293,1.3129033842533826,4.007440574637055
2026-09-17T08:28:17.846716,1789633697846716700,71.51871655273438,8.51460878651142,1.6184975656613707,3.967897084277868
2026-09-17T08:28:17.856675,1789633697856675600,71.52867553710938,8.641622470530868,1.7883213406205176,3.996005572909117
2026-09-17T08:28:17.866634,1789633697866634500,71.53863452148437,8.619793500560522,1.5604080725252627,4.076483131203055
2026-09-17T08:28:17.876593,1789633697876593700,71.54859375,8.379728606900573,1.2100351304531096,4.036117218545079
2026-09-17T08:28:17.886553,1789633697886553600,71.5585537109375,7.730296145886182,1.1301157905638215,3.7855472974836823
2026-09-17T08:28:17.896512,1789633697896512500,71.56851245117187,6.570591272744536,0.981601053354144,3.3550404959887263
2026-09-17T08:28:17.906471,1789633697906471400,71.57847143554687,5.456604779204726,0.8136164765208959,3.1833009505361316
2026-09-17T08:28:17.916431,1789633697916431600,71.588431640625,4.354973909369111,0.8880793045699595,3.038752486608922
2026-09-17T08:28:17.926390,1789633697926390500,71.598390625,3.1612942859113216,1.0578607016921042,2.8152757396563888
2026-09-17T08:28:17.936349,1789633697936349700,71.608349609375,1.9649661937713625,1.1890373506098986,2.5798411361455917
2026-09-17T08:28:17.946308,1789633697946308600,71.61830859375,0.9759627552062272,1.3649164800852536,2.552755560821294
2026-09-17T08:28:17.956268,1789633697956268500,71.6282685546875,0.1646644924998283,1.9793220513820649,2.4555384646505116
2026-09-17T08:28:17.966227,1789633697966227500,71.6382275390625,-0.3744669343650341,2.496476624238491,2.303723516851663
2026-09-17T08:28:17.976186,1789633697976186600,71.6481865234375,-0.5491819884970783,2.7264439022541045,2.2357542886056003
2026-09-17T08:28:17.986145,1789633697986145500,71.6581455078125,-1.045943469405174,3.052207888248563,2.0530719088561833
2026-09-17T08:28:17.996105,1789633697996105500,71.66810546875,-1.5953662809208031,3.5896430325895547,1.7875053480625152
2026-09-17T08:28:18.006064,1789633698006064600,71.67806469726563,-1.9001956154361368,4.171733895736932,1.497626768311113
2026-09-17T08:28:18.016023,1789633698016023600,71.6880234375,-2.040349351535738,4.780642038661242,1.3091490001559256
2026-09-17T08:28:18.025983,1789633698025983500,71.6979833984375,-2.3075208633080124,5.151881827673316,1.2926596376478672
2026-09-17T08:28:18.035942,1789633698035942700,71.70794262695313,-2.633504337272048,5.428003538620471,1.3824826780445874
2026-09-17T08:28:18.045901,1789633698045901600,71.71790161132813,-3.414130398339033,5.751748001486063,1.1632337048549204
2026-09-17T08:28:18.055860,1789633698055860500,71.72786059570312,-4.166828880299628,6.079318160119652,0.7232160015624016
2026-09-17T08:28:18.065820,1789633698065820400,71.7378203125,-4.948823599371313,6.846130799889564,0.1328921475987881
2026-09-17T08:28:18.075779,1789633698075779300,71.747779296875,-5.8052539662241935,7.517585123097896,-0.4000461967796087
2026-09-17T08:28:18.085738,1789633698085738800,71.75773876953124,-6.394553737837076,7.729433391577005,-0.8581798408687115
2026-09-17T08:28:18.095698,1789633698095698700,71.76769873046875,-7.0232239813297985,7.821996524462104,-1.3128928628593683
2026-09-17T08:28:18.105657,1789633698105657600,71.77765771484376,-7.875548666429519,7.857966832509637,-1.8585072220027443
2026-09-17T08:28:18.115616,1789633698115616500,71.78761645507812,-9.076475192275645,7.593973366251587,-2.904285856235027
2026-09-17T08:28:18.125575,1789633698125575400,71.79757543945313,-10.517075566637516,6.747123313170671,-4.277947368311882
2026-09-17T08:28:18.135535,1789633698135535400,71.80753540039062,-12.14708266056776,5.057798937875032,-5.162818816751241
2026-09-17T08:28:18.145494,1789633698145494500,71.81749462890625,-13.65230952861905,3.2700089276522397,-5.384190115857124
2026-09-17T08:28:18.155453,1789633698155453400,71.82745336914063,-14.89434489444494,1.3225456573456524,-5.464340926414728
2026-09-17T08:28:18.165412,1789633698165412600,71.83741259765625,-15.508946280574795,-0.4243997167915105,-5.151329454487562
2026-09-17T08:28:18.175372,1789633698175372500,71.84737255859375,-15.767728149664402,-1.8230203135579823,-4.764114097708464
2026-09-17T08:28:18.185331,1789633698185331500,71.85733154296875,-16.20848454249501,-2.4718536396354436,-4.6982197760403155
2026-09-17T08:28:18.195290,1789633698195290600,71.86729052734376,-17.03345769481063,-2.8818250181019303,-5.0825511018157
2026-09-17T08:28:18.205250,1789633698205250600,71.87725048828125,-18.22028146102428,-3.3599031335890293,-5.7486897829592225
2026-09-17T08:28:18.215209,1789633698215209500,71.88720947265625,-19.204624506562947,-3.4291672239512203,-5.782772085303068
2026-09-17T08:28:18.225168,1789633698225168400,71.89716845703126,-19.211286887061593,-3.6611364894390106,-5.408474662286043
2026-09-17T08:28:18.235127,1789633698235127600,71.90712744140625,-19.434383694785833,-2.596123577904701,-2.1744996094368396
2026-09-17T08:28:18.245087,1789633698245087700,71.91708764648438,-14.666459683400392,0.3637497255176306,-2.278608072556555
2026-09-17T08:28:18.255046,1789633698255046700,71.92704663085938,6.313563553845882,-11.436617346441745,-0.2914556198097765
2026-09-17T08:28:18.265005,1789633698265005600,71.93700561523437,9.926348392570018,3.4511814873605964,1.2123942607998848
2026-09-17T08:28:18.274964,1789633698274964500,71.94696459960937,8.12724963734746,10.205815322291851,-3.068462857478857
2026-09-17T08:28:18.284924,1789633698284924400,71.95692431640624,-2.7795272576659915,1.7524375418126583,-2.3285598519444464
2026-09-17T08:28:18.294883,1789633698294883600,71.96688354492187,-7.533634340623021,6.495073382684588,-1.632677189922333
2026-09-17T08:28:18.304842,1789633698304842500,71.97684252929687,-11.181182449692487,4.528464682403206,1.521969913059473
2026-09-17T08:28:18.314802,1789633698314802700,71.986802734375,-12.792571352392434,7.342692082050442,-3.190374249923229
2026-09-17T08:28:18.324761,1789633698324761600,71.99676171875,-7.917213386726379,9.86414708020091,-3.559249647891521
2026-09-17T08:28:18.334720,1789633698334720000,72.00671997070313,-1.5499851704493164,4.277912881520391,-3.0050644442796703
2026-09-17T08:28:18.344679,1789633698344679200,72.01667919921876,2.3646210531458256,0.3752846804887056,-5.304408138611913
2026-09-17T08:28:18.354639,1789633698354639000,72.02663916015625,1.604163481491059,0.6594926672577858,-5.3787599075019354
2026-09-17T08:28:18.364598,1789633698364598000,72.03659790039063,-0.1055509535456076,-1.9772294630169869,-0.0954746546839363
2026-09-17T08:28:18.374557,1789633698374557000,72.04655688476562,0.495978988760896,-1.1119196241378784,3.630218788605928
2026-09-17T08:28:18.384516,1789633698384516900,72.05651684570313,0.2894070897821337,0.4355184921771288,3.414594508719444
2026-09-17T08:28:18.394476,1789633698394476000,72.06647607421876,-0.6850275060087442,-0.7303349667221307,1.052768346989155
2026-09-17T08:28:18.404435,1789633698404435000,72.07643505859374,-0.0698436072831973,-0.7452315070807933,-0.8949217178106308
2026-09-17T08:28:18.414393,1789633698414393900,72.08639379882813,-0.2523446391163393,0.6152852767407894,-0.9186743493199347
2026-09-17T08:28:18.424354,1789633698424354000,72.09635400390626,-0.6739455555021763,0.652877048510313,-0.2341974629312753
2026-09-17T08:28:18.434313,1789633698434313000,72.10631298828125,-0.3124063456408679,0.7914104899317026,-0.4572212054193019
2026-09-17T08:28:18.444272,1789633698444272000,72.11627221679687,0.0508111726962029,0.7980313693761825,-0.9774638074189425
2026-09-17T08:28:18.454231,1789633698454231000,72.12623095703125,0.2089244169216603,0.4206634528726339,-0.8320160565644502
2026-09-17T08:28:18.464191,1789633698464191000,72.13619091796875,0.3324152605772018,0.1112315929979085,0.0649099959390703
2026-09-17T08:28:18.474150,1789633698474150000,72.14614990234375,0.0742921476572752,0.2181710417598485,0.5404191285878419
2026-09-17T08:28:18.484108,1789633698484108800,72.15610888671876,-0.152404438124597,0.3118441817134618,0.1517459924821741
2026-09-17T08:28:18.494068,1789633698494068000,72.16606787109374,-0.1067270481202751,0.3336860111653804,-0.4534375586947426
2026-09-17T08:28:18.504028,1789633698504028200,72.17602807617187,0.0219276080392301,0.3099514998346567,-0.4628647642642259
2026-09-17T08:28:18.513987,1789633698513987000,72.18598706054688,-0.1126444554705172,0.2789233243644237,-0.2936047424013726
2026-09-17T08:28:18.523946,1789633698523946000,72.19594604492187,-0.1469360897161066,0.1878711805641651,-0.2565828794742934
2026-09-17T08:28:18.533906,1789633698533906000,72.20590600585938,0.0155100691471248,0.0420943438857793,-0.0105155305291526
2026-09-17T08:28:18.543865,1789633698543865000,72.21586499023438,0.1493874283909797,-0.1082101993501186,0.4365770613193511
2026-09-17T08:28:18.553824,1789633698553824000,72.22582397460937,0.1862659373246133,-0.4013561103343963,0.737835551610589
2026-09-17T08:28:18.563783,1789633698563783000,72.23578295898437,-0.0387406495437026,-0.4809072014331817,0.6675391955912113
2026-09-17T08:28:18.573743,1789633698573743000,72.2457431640625,-0.1449949655856937,-0.1867079820036888,0.230822433540225
2026-09-17T08:28:18.583702,1789633698583702000,72.25570190429687,-0.1388871502298861,0.0194821145832538,-0.1549193070223554
2026-09-17T08:28:18.593661,1789633698593661200,72.2656611328125,-0.1134782028809189,0.2323901212483644,-0.4221194603672251
2026-09-17T08:28:18.603620,1789633698603620000,72.2756201171875,-0.1203380787130445,0.3726794664263725,-0.5082387874078005
2026-09-17T08:28:18.613580,1789633698613580000,72.285580078125,-0.0291720262095332,0.2142547450989484,-0.3219218870809301
2026-09-17T08:28:18.623539,1789633698623539000,72.2955390625,0.0377984002575278,0.0587695843547582,0.0665992915997281
2026-09-17T08:28:18.633497,1789633698633497900,72.30549780273438,-0.083326517984271,-0.0137140525758266,0.1216869360387325
2026-09-17T08:28:18.643457,1789633698643457800,72.31545776367187,-0.3938920580640435,-0.638723435473442,0.108619985727407
2026-09-17T08:28:18.653417,1789633698653417200,72.32541723632812,-0.5205521063402295,-1.030717843222618,0.3954916387477889
2026-09-17T08:28:18.663376,1789633698663376100,72.33537622070313,-0.2321420647714286,-0.1762935554951429,-0.0315524916052818
2026-09-17T08:28:18.673335,1789633698673335000,72.3453349609375,0.1684592816729098,0.4607306748449802,-0.4459527558973059
2026-09-17T08:28:18.683295,1789633698683295000,72.355294921875,0.2867789332356303,0.0183779527336359,0.3057137161344289
2026-09-17T08:28:18.693254,1789633698693254000,72.36525390625,-0.1856627837996929,-0.346919002225995,0.6642132660388946
2026-09-17T08:28:18.703213,1789633698703213000,72.37521313476563,-0.3329817353535443,-0.103261637032032,-0.1328951432734727
2026-09-17T08:28:18.713172,1789633698713172000,72.385171875,-0.1677794096499681,0.1662286730766296,-0.6214788706839084
2026-09-17T08:28:18.723132,1789633698723132000,72.3951318359375,0.0659195291746407,0.4394932410269975,-0.4075204416504129
2026-09-17T08:28:18.733091,1789633698733091000,72.40509106445313,0.3113182581432163,0.5059375977933407,-0.1697860732972621
2026-09-17T08:28:18.743050,1789633698743050000,72.41505004882812,0.2177968746852129,0.2115484087496995,-0.1086620165045373
2026-09-17T08:28:18.753010,1789633698753010000,72.42501000976563,-0.2026644066788256,-0.4111971208691596,0.0850099410265684
2026-09-17T08:28:18.762969,1789633698762969000,72.43496899414062,-0.0081776804324239,0.0920405703157186,0.0503875404566526
2026-09-17T08:28:18.772928,1789633698772928000,72.44492797851562,0.3482898521877825,0.6888140388101339,-0.1968161373083479
2026-09-17T08:28:18.782887,1789633698782887000,72.45488696289063,0.3226585673250258,0.5444336249262094,-0.1683504875361919
2026-09-17T08:28:18.792846,1789633698792846800,72.46484692382812,0.0138991268191486,-0.5220668948173522,0.4093623066574335
2026-09-17T08:28:18.802806,1789633698802806000,72.47480590820312,-0.6021089843034744,-0.9226765706986187,0.3556038284629583
2026-09-17T08:28:18.812765,1789633698812765200,72.48476513671875,-0.2724922684036195,-0.2678559869050979,-0.1405178749705664
2026-09-17T08:28:18.822724,1789633698822724000,72.49472412109375,0.010143135286495,-0.1377075119912624,0.0868032541841268
2026-09-17T08:28:18.832684,1789633698832684000,72.50468408203125,-0.2111735110227018,-0.1833382133096456,0.5244838928312063
2026-09-17T08:28:18.842643,1789633698842643000,72.51464282226563,0.3563165067769587,-0.0218406604081392,0.6149333945631981
2026-09-17T08:28:18.852602,1789633698852602000,72.52460205078125,0.431808897069469,0.3379559435695409,0.2251958258301019
2026-09-17T08:28:18.862562,1789633698862562000,72.53456201171875,0.0811661981452256,0.2351543252646923,-0.2238794825345277
2026-09-17T08:28:18.872521,1789633698872521000,72.54452099609375,-0.1447811767045408,-0.4634826039016246,0.0056271739657036
2026-09-17T08:28:18.882479,1789633698882479900,72.55447998046876,-0.2149273836635053,-0.3486141157060861,0.3575152150422334
2026-09-17T08:28:18.892438,1789633698892438800,72.56443872070312,0.0725476420775055,0.3608475743353366,-0.2515443190515041
2026-09-17T08:28:18.902399,1789633698902399000,72.57439892578125,0.1041211034055799,0.5845411789089441,-0.8491565764576197
2026-09-17T08:28:18.912358,1789633698912358100,72.58435815429688,0.1415812846846878,0.2569388715714216,-0.4316881202340126
2026-09-17T08:28:18.922317,1789633698922317000,72.59431713867187,0.2823630164895206,-0.215141464805603,0.5869225210875273
2026-09-17T08:28:18.932276,1789633698932276000,72.60427587890625,0.1130678685143589,-0.4133329638540745,0.8901222085744142
2026-09-17T08:28:18.942236,1789633698942236000,72.61423583984374,-0.0972523866798728,-0.4125029427707195,0.4545499403834342
2026-09-17T08:28:18.952194,1789633698952194800,72.62419482421875,-0.0674738459445536,-0.115548287153244,0.0110825350284576
2026-09-17T08:28:18.962154,1789633698962154000,72.63415405273437,0.0816066353891044,0.2254915939062833,-0.1578349387407302
2026-09-17T08:28:18.972114,1789633698972114200,72.6441142578125,0.2538156249843538,0.4579617946535348,-0.2212655006438493
2026-09-17T08:28:18.982073,1789633698982073000,72.65407299804687,0.0841878840539604,0.3294593333810567,-0.2222264546304941
2026-09-17T08:28:18.992032,1789633698992032000,72.66403198242188,0.0956279272831976,-0.081672321036458,0.0854699414874426
2026-09-17T08:28:19.001991,1789633699001991000,72.67399096679688,0.0716775081794709,-0.2905354362249374,0.5957704289317131
2026-09-17T08:28:19.011950,1789633699011950800,72.68395092773437,0.0097499712504446,-0.0059948565006256,0.3880828237960115
2026-09-17T08:28:19.021910,1789633699021910000,72.69390991210938,0.067609162762016,0.1519166546076536,-0.2317810311730019
2026-09-17T08:28:19.031869,1789633699031869000,72.70386889648438,0.1202680822167545,0.1589800171226263,-0.391662399315834
2026-09-17T08:28:19.041827,1789633699041827800,72.71382788085937,-0.0659416679412126,-0.1385112295895814,-0.0285030226404778
2026-09-17T08:28:19.051788,1789633699051788000,72.7237880859375,-0.229557089779526,-0.3865647839158773,0.212332873658277
2026-09-17T08:28:19.061747,1789633699061747200,72.73374731445313,-0.3497558330871164,-0.148965403586626,-0.0058639053310267
2026-09-17T08:28:19.071706,1789633699071706000,72.7437060546875,-0.2492051355142146,0.1152156941980123,-0.2991927351341583
2026-09-17T08:28:19.081666,1789633699081666000,72.753666015625,-0.1859727995969355,0.2286509347200393,-0.4495721519708633
2026-09-17T08:28:19.091625,1789633699091625000,72.763625,-0.2858686865229159,0.2302577853947877,-0.6234925485938787
2026-09-17T08:28:19.101584,1789633699101584000,72.773583984375,-0.1440469441458582,-0.0332733240485191,-0.3859691561102867
2026-09-17T08:28:19.111543,1789633699111543000,72.78354296875,-0.1674430173024535,-0.241758838096261,0.2756371605669148
2026-09-17T08:28:19.121503,1789633699121503200,72.79350317382813,-0.049770796797797,-0.0117038817971944,0.6779372554868459
2026-09-17T08:28:19.131462,1789633699131462100,72.80346215820313,0.1864783379662782,0.269774972268939,0.3195592861354351
2026-09-17T08:28:19.141421,1789633699141421000,72.81342114257812,-0.1645269837252795,0.4844494040846824,-0.4830424598962068
2026-09-17T08:28:19.151380,1789633699151380000,72.8233798828125,-0.0932430049080401,0.3496937276363372,-0.6652098758608103
2026-09-17T08:28:19.161340,1789633699161340000,72.83333984375,0.1017488213162869,-0.038659693261981,-0.184493813085556
2026-09-17T08:28:19.171299,1789633699171299000,72.84329907226562,0.0181178039601072,-0.058978843191266,0.209134333345294
2026-09-17T08:28:19.181258,1789633699181258000,72.85325805664063,-0.3087567736247554,0.1991647279947996,-0.0209656311392784
2026-09-17T08:28:19.191218,1789633699191218000,72.86321801757812,-0.2954609464609995,0.3794032217234372,-0.4322539374232292
2026-09-17T08:28:19.201177,1789633699201177000,72.87317700195312,0.1307481213074177,0.0982704046159982,-0.3400479474127292
2026-09-17T08:28:19.211136,1789633699211136000,72.88313598632813,0.2760742185436189,-0.1267664312601089,0.3385270214557647
2026-09-17T08:28:19.221095,1789633699221095200,72.89309521484375,0.2465829703170806,-0.1667161643326282,0.5365583615064621
2026-09-17T08:28:19.231055,1789633699231055000,72.90305517578125,0.2579580950839444,-0.2341781737089157,0.2101204217731952
2026-09-17T08:28:19.241014,1789633699241014000,72.91301391601563,-0.1190301744522526,0.0211199449181556,-0.1515314455491956
2026-09-17T08:28:19.250973,1789633699250973000,72.92297290039062,-0.1901537750760093,0.1400268948495387,0.0007458407980855
2026-09-17T08:28:19.260932,1789633699260932000,72.93293212890624,0.4816338717399164,-0.1428448748797178,0.1565150700475089
2026-09-17T08:28:19.270892,1789633699270892000,72.94289208984375,0.4558999302202835,-0.2813444140315055,0.3541232345163822
2026-09-17T08:28:19.280851,1789633699280851200,72.95285131835938,0.1036469830878078,-0.3130044576644897,0.5276654454767704
2026-09-17T08:28:19.290810,1789633699290810000,72.96281005859375,0.1562937737133354,-0.4187368687242269,0.5265349801421165
2026-09-17T08:28:19.300769,1789633699300769000,72.97276904296875,0.0884463452160358,-0.2544920629411936,0.3031646344398148
2026-09-17T08:28:19.310729,1789633699310729000,72.98272900390624,-0.1017446565978229,-0.0230856920331716,0.0658826312303543
2026-09-17T08:28:19.320688,1789633699320688000,72.99268823242187,0.0372081062141805,0.0810229172170162,-0.0667442347620613
2026-09-17T08:28:19.330647,1789633699330647300,73.00264721679687,0.1403758544176817,-0.1366495273709297,0.159482121425867
2026-09-17T08:28:19.340607,1789633699340607500,73.012607421875,-0.0899721665438264,-0.2186813293695449,0.4221183278560638
2026-09-17T08:28:19.350566,1789633699350566400,73.02256640625,-0.0194959969781339,-0.1596604006022214,0.41897360008955
2026-09-17T08:28:19.360525,1789633699360525300,73.032525390625,-0.0174727109896019,0.1117617543518543,-0.1401391230523586
2026-09-17T08:28:19.370484,1789633699370484500,73.042484375,-0.2187938498333096,0.4507815277606248,-0.6739362031519412
2026-09-17T08:28:19.380444,1789633699380444400,73.0524443359375,0.4640062624495476,0.0834153653115034,-0.3658393912732601
2026-09-17T08:28:19.390403,1789633699390403300,73.0624033203125,0.0488164186824113,0.090182375228405,-0.0661164445528062
2026-09-17T08:28:19.400362,1789633699400362200,73.0723623046875,-0.1162569834118708,0.2047638631761074,-0.1874246058404445
2026-09-17T08:28:19.410321,1789633699410321200,73.08232104492187,0.2195007925262674,-0.290953953897953,0.3281295460820198
2026-09-17T08:28:19.420281,1789633699420281300,73.09228125,-0.1027301605038344,-0.0181178404927253,0.381869319576025
2026-09-17T08:28:19.430240,1789633699430240500,73.10224047851563,0.0983117960723116,-0.1641869381159544,0.1569219155490398
2026-09-17T08:28:19.440199,1789633699440199400,73.11219946289063,0.1097753663076087,-0.3799433199495077,0.5069277778744697
2026-09-17T08:28:19.450159,1789633699450159400,73.12215942382812,0.3496710043478757,-0.8532371237695217,1.2520423805773258
2026-09-17T08:28:19.460118,1789633699460118300,73.1321181640625,0.2959836551608517,-0.8309528112471103,1.2299497912347317
2026-09-17T08:28:19.470077,1789633699470077200,73.1420771484375,-0.0033238106604665,-0.3862549873143434,0.5931143614649772
2026-09-17T08:28:19.480036,1789633699480036400,73.15203637695312,-0.168925839738734,0.0687023648262023,0.1274631630863062
2026-09-17T08:28:19.489996,1789633699489996300,73.16199633789063,-0.1742878051633015,0.174458156761527,-0.037369068929553
2026-09-17T08:28:19.499955,1789633699499955500,73.17195556640625,0.0741190926453098,0.4555009574979543,-0.3287719356387853
2026-09-17T08:28:19.509914,1789633699509914400,73.18191430664062,0.1619239981526508,0.6437281118929385,-0.8249082703858613
2026-09-17T08:28:19.519874,1789633699519874300,73.19187426757813,0.1588205887772142,0.3154021664559841,-0.6856120278984308
2026-09-17T08:28:19.529833,1789633699529833200,73.20183325195312,-0.115932646828331,0.1723492017835378,-0.1928776470819488
2026-09-17T08:28:19.539792,1789633699539792400,73.21179248046874,-0.1597651030857116,0.100210432767868,-0.1175959038654342
2026-09-17T08:28:19.549751,1789633699549751300,73.22175122070313,-0.0863316546170041,0.0837345142632722,-0.1014835214436054
2026-09-17T08:28:19.559711,1789633699559711200,73.23171118164062,0.0025823811760172,-0.0126747726559638,0.0493009142637252
2026-09-17T08:28:19.569670,1789633699569670100,73.24167016601562,0.1076070092925801,0.0786854141801595,-0.1061321874996647
2026-09-17T08:28:19.579629,1789633699579629000,73.25162915039063,0.0330548955248668,0.2871200748234987,-0.4318763728151097
2026-09-17T08:28:19.589588,1789633699589588500,73.26158837890625,-0.1070379772329702,0.2578776137262583,-0.4081447840938344
2026-09-17T08:28:19.599548,1789633699599548400,73.27154833984375,-0.1135652601098641,0.112603465873003,-0.1454711317300796
2026-09-17T08:28:19.609507,1789633699609507300,73.28150732421875,-0.0534840086346492,0.071890347212553,0.0514712805727496
2026-09-17T08:28:19.619466,1789633699619466200,73.29146630859375,-0.0370307768858969,-0.1436637900471687,0.2455909270724281
2026-09-17T08:28:19.629425,1789633699629425400,73.30142529296874,-0.0675410294292494,-0.141550158894062,0.2764362202564254
2026-09-17T08:28:19.639385,1789633699639385300,73.31138525390625,0.0896419116761535,-0.0670154346525669,0.2198755441227927
2026-09-17T08:28:19.649344,1789633699649344300,73.32134423828126,0.0670871116492897,-0.1077145247876644,0.1818599574506282
2026-09-17T08:28:19.659303,1789633699659303200,73.33130322265625,-0.0734927774405106,0.0126513917803764,0.1369856639901176
2026-09-17T08:28:19.669263,1789633699669263400,73.34126342773438,-0.0191180670438334,0.080185881870985,-0.0328922157764434
2026-09-17T08:28:19.679222,1789633699679222300,73.35122216796876,0.0386999522071331,0.021061492729187,-0.0901887319039553
2026-09-17T08:28:19.689181,1789633699689181400,73.36118139648437,0.1122929751517251,0.0797223560124635,-0.1563742916036397
2026-09-17T08:28:19.699140,1789633699699140400,73.37114038085937,0.1031162372119724,0.0782926154702901,-0.289829333782196
2026-09-17T08:28:19.709100,1789633699709100300,73.38110034179688,0.0744819346083328,0.1725198821753263,-0.3825135357636958
2026-09-17T08:28:19.719059,1789633699719059200,73.39105908203125,-0.069199573758617,0.2416758359879255,-0.3095019659688696
2026-09-17T08:28:19.729018,1789633699729018000,73.40101806640625,-0.0768704371800646,0.1215232699096202,-0.00934358240664
2026-09-17T08:28:19.738977,1789633699738977300,73.41097729492188,0.2040942568188533,-0.0473813443779945,0.3282610635071992
2026-09-17T08:28:19.748937,1789633699748937500,73.4209375,0.2758722296981141,-0.1907102033823728,0.27967618855834
2026-09-17T08:28:19.758896,1789633699758896400,73.430896484375,0.1505618789978325,-0.1657189699888229,0.1835919323423877
2026-09-17T08:28:19.768855,1789633699768855300,73.44085522460938,0.017453714028187,-0.0708785398215055,0.2114368016013875
2026-09-17T08:28:19.778815,1789633699778815200,73.45081518554687,-0.1354230908485129,0.1226490590691566,-0.0329850816916674
2026-09-17T08:28:19.788774,1789633699788774100,73.46077416992188,-0.0456981039987876,0.0573322450280189,-0.1128682177564129
2026-09-17T08:28:19.798733,1789633699798733300,73.4707333984375,0.0041004941213876,0.0135170686990022,-0.1519902313005179
2026-09-17T08:28:19.808692,1789633699808692200,73.48069213867187,0.0192564160685986,0.1383539932012558,-0.344143655761145
2026-09-17T08:28:19.818652,1789633699818652400,73.49065234375,-0.0524749411899596,0.1764461157083511,-0.3391326591987162
2026-09-17T08:28:19.828611,1789633699828611300,73.500611328125,-0.2467752414861694,0.2737847924321889,-0.4040507562458515
2026-09-17T08:28:19.838570,1789633699838570200,73.5105703125,-0.3091611531745642,0.3757312552124262,-0.4809007716923952
2026-09-17T08:28:19.848529,1789633699848529400,73.520529296875,-0.1806084595521911,0.2303594922035932,-0.1757418033638969
2026-09-17T08:28:19.858489,1789633699858489300,73.5304892578125,0.0858443825567141,-0.0485714309453964,0.0560159017324447
2026-09-17T08:28:19.868448,1789633699868448300,73.5404482421875,0.2762405880864709,-0.2463724693715572,0.2118131971657276
2026-09-17T08:28:19.878407,1789633699878407200,73.5504072265625,0.1054770480591803,-0.2061234610915183,0.2972106762051582
2026-09-17T08:28:19.888367,1789633699888367400,73.56036743164063,-0.1314435014267451,0.015281740283966,0.1494113937884569
2026-09-17T08:28:19.898326,1789633699898326300,73.570326171875,0.0557738731374964,0.1253138943642378,0.0662117535868659
2026-09-17T08:28:19.908285,1789633699908285400,73.58028540039062,0.4723639025587588,-0.273102070865035,0.4143067773222923
2026-09-17T08:28:19.918244,1789633699918244400,73.59024438476563,0.5090626710113137,-0.4709738364398479,0.476514519432187
2026-09-17T08:28:19.928204,1789633699928204300,73.60020434570312,0.1131435823653824,-0.1163075810879468,0.1275415072858333
2026-09-17T08:28:19.938163,1789633699938163200,73.6101630859375,-0.0715243999769911,0.1103928040862083,0.0053693815460428
2026-09-17T08:28:19.948122,1789633699948122400,73.62012231445313,-0.1228553587635979,0.1786141073971986,-0.0233534030586481
2026-09-17T08:28:19.958081,1789633699958081300,73.63008129882813,-0.32437695208285,0.2749947527438402,-0.1576642948815599
2026-09-17T08:28:19.968041,1789633699968041200,73.64004125976562,-0.3000834186298772,0.1641243942737579,-0.1748450737198814
2026-09-17T08:28:19.978000,1789633699978000400,73.65000048828125,0.0234290986433625,-0.1551315250009298,-0.0762725443521514
2026-09-17T08:28:19.987959,1789633699987959300,73.65995922851563,0.1272956427659839,-0.3082172233879566,0.2463420742332935
2026-09-17T08:28:19.997918,1789633699997918500,73.66991845703124,0.0929035255542956,-0.3471703466385603,0.4098743478327989
2026-09-17T08:28:20.007878,1789633700007878400,73.67987841796875,0.1316872287884354,-0.1578068816900253,0.2286053420126438
2026-09-17T08:28:20.017837,1789633700017837300,73.68983740234376,0.1371775880993344,0.2739998964875936,-0.0316980740884318
2026-09-17T08:28:20.027796,1789633700027796200,73.69979614257812,0.3134296973392367,-0.0192535665243864,0.0623860395525582
2026-09-17T08:28:20.037756,1789633700037756200,73.70975610351563,0.0915676555743441,-0.1713414860457182,0.20927228051126
2026-09-17T08:28:20.047715,1789633700047715000,73.71971508789062,-0.1277251932896673,0.0479787257492542,0.1232446503421291
2026-09-17T08:28:20.057674,1789633700057674500,73.72967456054687,-0.2035557842942885,0.1751671818137168,-0.1065057700524106
2026-09-17T08:28:20.067633,1789633700067633400,73.73963330078125,-0.2405495171054266,0.1854763943821191,-0.1933838065057992
2026-09-17T08:28:20.077593,1789633700077593300,73.74959326171874,-0.1064239369878545,0.0789127931952476,-0.2741197600075974
2026-09-17T08:28:20.087552,1789633700087552300,73.75955224609375,-0.0957006637258455,0.2222024892330169,-0.3831768950432538
2026-09-17T08:28:20.097511,1789633700097511200,73.76951123046875,-0.0660025495492853,0.1435392868846654,-0.1608353261331096
2026-09-17T08:28:20.107471,1789633700107471000,73.77947119140624,-0.1258447863705456,0.1226367841094732,-0.0826151548445224
2026-09-17T08:28:20.117430,1789633700117430300,73.78943017578125,-0.1503826682397164,0.1522983474016189,-0.1171001562377438
2026-09-17T08:28:20.127389,1789633700127389200,73.79938916015625,-0.0335161563610658,-0.0907633899867534,0.1952987184827216
2026-09-17T08:28:20.137348,1789633700137348400,73.80934838867188,0.0872502855655737,-0.3290343859672546,0.4879197105437516
2026-09-17T08:28:20.147308,1789633700147308300,73.81930834960937,0.0863800055370666,-0.2762847925543785,0.4023988973855972
2026-09-17T08:28:20.157267,1789633700157267500,73.82926733398438,-0.0410392270759679,-0.0982417630434036,0.2212239630570635
2026-09-17T08:28:20.167226,1789633700167226400,73.83922631835938,-0.0001448518307879,0.0612508797764778,-0.0172539171397686
2026-09-17T08:28:20.177185,1789633700177185300,73.84918530273437,-0.0657791434564162,0.042339258557558,-0.073610047144629
2026-09-17T08:28:20.187145,1789633700187145200,73.85914526367188,-0.0241080664840061,0.0618587825417518,-0.0542477230161428
2026-09-17T08:28:20.197104,1789633700197104000,73.86910424804688,0.2610727930383756,0.1182037700980901,-0.1064800328229553
2026-09-17T08:28:20.207063,1789633700207063300,73.87906323242187,0.3023788543569855,-0.0177139358669519,-0.0582709871828556
2026-09-17T08:28:20.217022,1789633700217022200,73.88902221679687,0.2031270922871306,0.0095183544516563,0.1062877068549394
2026-09-17T08:28:20.226982,1789633700226982400,73.898982421875,0.1747538517724722,-0.092474285557866,0.2019119808763265
2026-09-17T08:28:20.236941,1789633700236941300,73.90894140625,0.0113523284131661,-0.1757061109960079,0.2870253822773694
2026-09-17T08:28:20.246900,1789633700246900200,73.91890014648438,-0.045432922857115,-0.1650730733007192,0.2709106983006
2026-09-17T08:28:20.256860,1789633700256860200,73.92886010742187,-0.0304105093627702,-0.0640489860624074,0.1390396373778581
2026-09-17T08:28:20.266819,1789633700266819300,73.9388193359375,0.0851137758603785,-0.0412947179406881,0.0324356859142892
2026-09-17T08:28:20.276778,1789633700276778200,73.9487783203125,0.0442821819194126,-0.0414209746688604,0.0644447256480343
2026-09-17T08:28:20.286737,1789633700286737200,73.95873706054688,-0.1064763886942993,0.0006698620855808,0.1208551613897085
2026-09-17T08:28:20.296697,1789633700296697300,73.968697265625,-0.2004651430688798,0.0213572608053684,0.0982692355722189
2026-09-17T08:28:20.306656,1789633700306656300,73.97865625,-0.1572371920432895,-0.0490799649894237,0.1822194201464764
2026-09-17T08:28:20.316615,1789633700316615400,73.98861547851563,0.017574984053988,-0.0783218415647745,0.247982242655754
2026-09-17T08:28:20.326574,1789633700326574300,73.99857421875,0.1586318612720817,-0.0681727879941463,0.0783691878378391
2026-09-17T08:28:20.336534,1789633700336534800,74.00853466796875,0.1039258548281155,0.0742190824210643,-0.1460755090977065
2026-09-17T08:28:20.346493,1789633700346493700,74.01849365234375,0.0163568404358811,0.1745084256440401,-0.1812444559007883
2026-09-17T08:28:20.356452,1789633700356452600,74.02845263671875,-0.0103236886183265,0.1077864209800958,-0.0170885339776054
2026-09-17T08:28:20.366412,1789633700366412500,74.03841259765625,0.0096266097322572,-0.0208645088523626,0.1364449447095394
2026-09-17T08:28:20.376372,1789633700376372000,74.0483720703125,0.0387283745840191,0.0002986906856298,0.1394102242559194
2026-09-17T08:28:20.386331,1789633700386331000,74.05833081054688,0.1487534413363784,-0.0887923821747302,0.125391599242948
2026-09-17T08:28:20.396289,1789633700396289800,74.06828979492188,0.1305568821847904,-0.1480845290988683,0.1383031580631621
2026-09-17T08:28:20.406249,1789633700406249700,74.07824975585937,0.1601380280513316,-0.2634492763787507,0.2191928408219479
2026-09-17T08:28:20.416208,1789633700416208600,74.08820874023438,0.1029950402514077,-0.2645779881477356,0.2718763467286713
2026-09-17T08:28:20.426167,1789633700426167800,74.09816772460937,-0.014109974824544,-0.1181254441648721,0.1871773896137252
2026-09-17T08:28:20.436127,1789633700436127700,74.10812768554688,0.0071190838907379,0.0302992766737937,0.0833592512100935
2026-09-17T08:28:20.446086,1789633700446086700,74.11808666992188,-0.0108396753164473,0.1745288839101791,-0.0638029023468494
2026-09-17T08:28:20.456045,1789633700456045800,74.1280458984375,0.0006988689843565,0.2411947744727134,-0.2025754497537389
2026-09-17T08:28:20.466004,1789633700466004700,74.13800463867187,0.0990979140818584,0.0621229864358902,-0.1223947920471429
2026-09-17T08:28:20.475964,1789633700475964700,74.14796459960938,-0.026749785764981,-0.06279460208714,0.0219119355460628
2026-09-17T08:28:20.485923,1789633700485923800,74.157923828125,-0.0199929684485308,-0.0177852475374937,-0.0809884121592156
2026-09-17T08:28:20.495882,1789633700495882800,74.1678828125,-0.004008276660135,-0.0338619375914335,-0.0052998965064063
2026-09-17T08:28:20.505841,1789633700505841700,74.17784155273438,-0.1172014246551319,0.0033317747712135,0.101983835648559
2026-09-17T08:28:20.515801,1789633700515801600,74.18780151367187,-0.0006514405129011,-0.0225987852990627,0.1184281899711117
2026-09-17T08:28:20.525760,1789633700525760800,74.1977607421875,0.0715614988506771,-0.0332084421187639,0.1406377202242612
2026-09-17T08:28:20.535720,1789633700535720000,74.20771997070312,0.0084617215381935,0.0364075304210185,0.0829863627770915
2026-09-17T08:28:20.545680,1789633700545680000,74.21767993164063,0.0847350148090161,0.0671007748484611,-0.0392453841954469
2026-09-17T08:28:20.555638,1789633700555638800,74.227638671875,0.0148426273474935,0.0727741443097591,-0.0505371780604124
2026-09-17T08:28:20.565597,1789633700565597700,74.23759765625,-0.0394638675180263,0.154853292581439,-0.1306160558929666
2026-09-17T08:28:20.575556,1789633700575556900,74.24755688476563,0.0619937705656513,0.0978805285155773,-0.1291050668081268
2026-09-17T08:28:20.585516,1789633700585516800,74.25751684570312,0.0108319030019454,0.0033417116433382,0.0209153622567653
2026-09-17T08:28:20.595475,1789633700595475700,74.26747583007813,-0.0784692689451388,-0.0192301856487989,0.0670879518995061
2026-09-17T08:28:20.605434,1789633700605434600,74.2774345703125,-0.0825684113596565,-0.0367068056285381,0.0759130633899942
2026-09-17T08:28:20.615393,1789633700615393500,74.2873935546875,-0.0178086832120083,0.0316091902285814,0.191899705427885
2026-09-17T08:28:20.625353,1789633700625353700,74.29735375976563,0.1764324525091797,-0.0775105251818895,0.1179792771598324
2026-09-17T08:28:20.635313,1789633700635313000,74.30731298828125,0.1577195869990624,-0.0478974772065877,-0.0959896367350593
2026-09-17T08:28:20.645271,1789633700645271800,74.31727172851562,0.0420096430107019,-0.0324082316517829,0.0318476751595735
2026-09-17T08:28:20.655231,1789633700655231700,74.32723168945313,0.0158435571515001,-0.0325017551541328,0.0315168357700109
2026-09-17T08:28:20.665190,1789633700665190700,74.33719067382812,-0.0168824900114908,0.0577297199130058,-0.0721393535375595
2026-09-17T08:28:20.675149,1789633700675149600,74.34714965820312,-0.0068051134375855,0.1025070192724466,-0.1644698832431808
2026-09-17T08:28:20.685108,1789633700685108700,74.35710864257813,-0.0277573005734011,0.0050771571338176,0.0023503990510478
2026-09-17T08:28:20.695069,1789633700695069000,74.36706884765626,0.0326075536161661,-0.0218318925797939,0.1189251066425815
2026-09-17T08:28:20.705027,1789633700705027800,74.37702783203125,0.0365990709377452,-0.0105348380178213,0.0976122695008292
2026-09-17T08:28:20.714986,1789633700714986800,74.38698681640625,-0.0016741254909895,-0.0169604871511459,0.1295762279838323
2026-09-17T08:28:20.724945,1789633700724945700,74.39694555664063,-0.0328268589226529,0.006585223609209,0.1010486371576786
2026-09-17T08:28:20.734905,1789633700734905600,74.40690551757812,0.0236394899910315,0.0590220978111028,0.0311187763631343
2026-09-17T08:28:20.744864,1789633700744864800,74.41686474609375,0.0982713909966871,-0.0539905333846807,0.1245774333158507
2026-09-17T08:28:20.754823,1789633700754823700,74.42682373046875,0.0569188419215381,-0.0574129090487956,0.1757452739626169
2026-09-17T08:28:20.764783,1789633700764783900,74.43678393554687,0.0728942452917806,-0.0497439818561077,0.1031762968361377
2026-09-17T08:28:20.774742,1789633700774742800,74.44674267578125,-0.0355126822068355,-0.015320903250575,0.0235655479719862
2026-09-17T08:28:20.784702,1789633700784702000,74.45670190429688,-0.1049088745160959,0.0708200876325368,-0.1040857763638719
2026-09-17T08:28:20.794660,1789633700794660900,74.46666088867188,-0.0875895639899186,0.1124357080906629,-0.1184130289345979
2026-09-17T08:28:20.804620,1789633700804620800,74.47662084960938,0.0756244922395795,0.0045510874330997,0.0100239658862352
2026-09-17T08:28:20.814579,1789633700814579700,74.48657983398438,0.0773090295267291,-0.0476256745278835,0.1078197387278079
2026-09-17T08:28:20.824538,1789633700824538600,74.49653857421875,-0.0463298808299936,-0.0015121581286191,0.022419373611547
2026-09-17T08:28:20.834497,1789633700834497800,74.50649780273437,-0.0339585115673951,0.033808746099472,0.0067395373880863
2026-09-17T08:28:20.844458,1789633700844458000,74.5164580078125,-0.0370656472698785,-0.0013584288716316,0.0228711724996566
2026-09-17T08:28:20.854417,1789633700854417000,74.5264169921875,-0.0569976793114095,-0.0218821614623069,0.0137929264983162
2026-09-17T08:28:20.864375,1789633700864375800,74.53637573242187,0.0830312796310521,-0.1192956569880247,0.0909340703785419
2026-09-17T08:28:20.874335,1789633700874335700,74.54633569335938,0.0739733822979964,-0.0632955373466014,0.0984866411825642
2026-09-17T08:28:20.884294,1789633700884294700,74.55629467773437,-0.0017145488329231,0.0368365694880485,0.0402869656702503
2026-09-17T08:28:20.894253,1789633700894253800,74.56625390625,0.1084419074804522,0.0474865583181381,-0.0126192796090617
2026-09-17T08:28:20.904212,1789633700904212700,74.57621264648438,0.081846307630185,0.0690367113471031,-0.065368215434812
2026-09-17T08:28:20.914172,1789633700914172700,74.58617260742187,0.0402746724442578,0.0209726454019546,-0.05900518320892
2026-09-17T08:28:20.924131,1789633700924131800,74.5961318359375,0.0603263670763932,-0.0501496400475501,0.0106014735132455
2026-09-17T08:28:20.934090,1789633700934090800,74.6060908203125,-0.0262061804075725,-0.0464607224017381,0.0570253345033153
2026-09-17T08:28:20.944050,1789633700944050700,74.61605078125,-0.0378630081926472,0.0006020575463771,0.023200879378058
2026-09-17T08:28:20.954009,1789633700954009900,74.626009765625,-0.0523598999755457,0.0127998603403568,0.0385918521901592
2026-09-17T08:28:20.963968,1789633700963968800,74.63596875,-0.0735652946874499,0.036968086913228,0.0186976496746763
2026-09-17T08:28:20.973927,1789633700973927700,74.645927734375,-0.0286055879658088,0.0614198066025972,-0.0232616696545854
2026-09-17T08:28:20.983887,1789633700983887600,74.6558876953125,0.0608419336494058,0.0483013818323612,-0.0235766904205083
2026-09-17T08:28:20.993846,1789633700993846500,74.66584643554687,0.1746863577605225,0.0067687634825706,-0.0083235917091369
2026-09-17T08:28:21.003806,1789633701003806000,74.67580590820313,0.0800369566532783,-0.0503045383483171,0.0697691172748804
2026-09-17T08:28:21.013764,1789633701013764900,74.68576489257812,-0.0574023876547813,-0.0551204141974449,0.1530395211577415
2026-09-17T08:28:21.023724,1789633701023724800,74.69572485351563,-0.0641897462399676,-0.0599053103864192,0.1372240758558735
2026-09-17T08:28:21.033683,1789633701033683700,74.70568359375,-0.0553788276716135,-0.020134441012144,-0.0004764218727126
2026-09-17T08:28:21.043643,1789633701043643000,74.71564282226562,0.0565272670543752,0.001782791763544,-0.0668301777461543
2026-09-17T08:28:21.053602,1789633701053602800,74.72560278320313,0.1211205525939352,0.0323719912946224,-0.0196001880049705
2026-09-17T08:28:21.063561,1789633701063561700,74.73556176757812,0.0608509389397688,0.0387549703299999,0.0595037803808227
2026-09-17T08:28:21.073520,1789633701073520600,74.74552075195312,-0.0020787242365069,0.0189659817546606,0.0593757700869813
2026-09-17T08:28:21.083479,1789633701083479600,74.7554794921875,-0.0531770981099456,0.0005336684852838,0.0758078494498506
2026-09-17T08:28:21.093439,1789633701093439700,74.76543969726562,0.0202720502513926,-0.0285135623008012,0.0762666626006364
2026-09-17T08:28:21.103399,1789633701103399000,74.77539892578125,0.1477945331763476,-0.0882294875949621,0.0419511725554242
2026-09-17T08:28:21.113357,1789633701113357800,74.78535791015625,0.1185235583706758,-0.1221668285101652,0.1151707225451245
2026-09-17T08:28:21.123316,1789633701123316700,74.79531665039063,0.003811941237282,-0.0182779994904994,0.0845750567406415
2026-09-17T08:28:21.133276,1789633701133276700,74.80527661132813,-0.0754185030723921,0.0845177735954523,-0.0256669041654095
2026-09-17T08:28:21.143235,1789633701143235600,74.81523559570313,-0.0819917805154807,0.110052027824521,-0.0727566086530685
2026-09-17T08:28:21.153194,1789633701153194800,74.82519482421876,-0.0756235058588907,0.1214718319833278,-0.0802039655169472
2026-09-17T08:28:21.163155,1789633701163155000,74.83515502929687,0.0092017627831548,0.0871820243686437,-0.1158639289736747
2026-09-17T08:28:21.173113,1789633701173113900,74.84511376953125,0.0627879714169539,0.0800958654999732,-0.1061941468199715
2026-09-17T08:28:21.183072,1789633701183072800,74.85507275390626,0.0534114365887828,-0.0162988083720207,0.0598509133180603
2026-09-17T08:28:21.193031,1789633701193031700,74.86503173828125,0.0685648834511171,-0.0719172352194786,0.169344138216041
2026-09-17T08:28:21.202991,1789633701202991600,74.87499169921875,0.0283680620160419,-0.0490659364640712,0.1456201848119497
2026-09-17T08:28:21.212950,1789633701212950800,74.88495068359374,0.0424091728554572,-0.0505611434578895,0.0996060371339321
2026-09-17T08:28:21.222909,1789633701222909700,74.89490966796875,0.0440698086772114,-0.0400707291036844,0.0707114030936732
2026-09-17T08:28:21.232868,1789633701232868600,74.90486865234375,0.0522450870899949,-0.0258241770863533,0.0663233972677961
2026-09-17T08:28:21.242828,1789633701242828800,74.91482885742188,0.0579005007694941,-0.0211468329250812,0.037180889413692
2026-09-17T08:28:21.252787,1789633701252787700,74.92478759765625,0.0450919182665646,0.0159913498580455,-0.012681750386022
2026-09-17T08:28:21.262747,1789633701262747000,74.93474682617187,0.005750672481209,0.0762783530384302,-0.0724205085664987
2026-09-17T08:28:21.272706,1789633701272706800,74.94470678710937,-0.0716976924509741,0.0608007979214191,-0.0522474891096353
2026-09-17T08:28:21.282665,1789633701282665700,74.95466577148437,0.0263425201383419,-0.0221644855350255,0.0473526662727817
2026-09-17T08:28:21.292624,1789633701292624600,74.96462475585938,0.0400709848320111,-0.035686814931035,0.0856996768563985
2026-09-17T08:28:21.302583,1789633701302583800,74.97458374023438,0.0068419748492538,-0.034532384198904,0.0936357305526733
2026-09-17T08:28:21.312543,1789633701312543700,74.98454370117187,0.0661087681364268,-0.0248439338773488,0.0323304902404546
2026-09-17T08:28:21.322503,1789633701322503000,74.9945029296875,0.0575134650801308,-0.0181540808498859,-0.0033043022423982
2026-09-17T08:28:21.332462,1789633701332462000,75.00446215820313,-0.037730559185706,0.0118985275864601,0.0524059128080494
2026-09-17T08:28:21.342421,1789633701342421000,75.0144208984375,-0.07504311215505,0.0217447988182306,0.0181623006889596
2026-09-17T08:28:21.352381,1789633701352381000,75.024380859375,-0.0498320619983598,0.0537181461840867,-0.0228758304084651
2026-09-17T08:28:21.362340,1789633701362340000,75.03434008789063,0.067187028359808,0.0240478150635957,0.0127128031114116
2026-09-17T08:28:21.372299,1789633701372299000,75.04429907226563,0.1437094923524186,-0.0712666623562574,0.1167003980641253
2026-09-17T08:28:21.382259,1789633701382259000,75.05425903320312,0.0460201024947687,-0.056287704411149,0.0561410076831467
2026-09-17T08:28:21.392218,1789633701392218000,75.06421801757813,-0.0457652692171745,0.0008750292688608,0.0202531172220595
2026-09-17T08:28:21.402177,1789633701402177000,75.07417700195313,-0.0625075835729949,0.020611995396018,0.017654351166822
2026-09-17T08:28:21.412136,1789633701412136200,75.08413623046874,-0.0364376150320284,0.0314911168068647,-0.0196282450556755
2026-09-17T08:28:21.422096,1789633701422096100,75.09409619140625,0.0669329257345758,-0.0176157361894845,0.0471393523156642
2026-09-17T08:28:21.432055,1789633701432055000,75.10405493164062,0.0781805151316337,-0.0361842430591583,0.0613180997937917
2026-09-17T08:28:21.442014,1789633701442014000,75.11401391601562,0.0457856178854592,0.0119786070853471,-0.0070154317200183
2026-09-17T08:28:21.451972,1789633701451972900,75.12397290039063,-0.0211735200026072,0.0720832394361496,-0.0248783841362223
2026-09-17T08:28:21.461932,1789633701461932800,75.13393286132812,-0.0500682636407203,0.0413467403888702,-0.0052460474273189
2026-09-17T08:28:21.471892,1789633701471892200,75.14389233398437,-0.0511895592882297,0.0092459672510623,-0.005950980826281
2026-09-17T08:28:21.481851,1789633701481851100,75.15385107421875,0.0266030707706697,-0.0259884277373552,0.0713940881282091
2026-09-17T08:28:21.491811,1789633701491811000,75.16381103515624,0.1007572529956698,-0.0691080230176448,0.1214256730203516
2026-09-17T08:28:21.501770,1789633701501770000,75.17377001953125,0.0583385177274234,-0.0957324105709791,0.1311865857899189
2026-09-17T08:28:21.511729,1789633701511729000,75.18372900390625,-0.0136964438538998,-0.0153577281296253,0.0670996423372998
2026-09-17T08:28:21.521688,1789633701521688000,75.19368798828125,-0.0025382680396549,0.0358294382721185,0.0075456113402731
2026-09-17T08:28:21.531648,1789633701531648000,75.20364794921875,-0.0150120016981847,-0.0144347680658102,0.0570850105349905
2026-09-17T08:28:21.541607,1789633701541607000,75.21360693359375,0.0026132512383162,-0.0618441694945096,0.1070306707093492
2026-09-17T08:28:21.551566,1789633701551566000,75.22356616210938,0.0006921652489341,0.0349485637843608,0.0473696539402008
2026-09-17T08:28:21.561525,1789633701561525000,75.23352490234375,-0.0104354692965745,0.0395949282854795,0.167410612870194
2026-09-17T08:28:21.571485,1789633701571485000,75.24348486328125,0.0463639474963769,0.0540782116681337,-0.1051262253275141
2026-09-17T08:28:21.581444,1789633701581444000,75.25344409179688,-0.0546545502513647,0.1066945340901613,-0.1921598176687955
2026-09-17T08:28:21.591403,1789633701591403000,75.26340307617187,-0.0010074234768748,0.0650350744903087,-0.1050280621826648
2026-09-17T08:28:21.601363,1789633701601363000,75.27336303710938,0.1053079203036613,0.0090063132762908,-0.1164286136517301
2026-09-17T08:28:21.611321,1789633701611321900,75.28332177734374,0.0422649329460226,-0.0433311922043561,-0.1482523234138265
2026-09-17T08:28:21.621281,1789633701621281000,75.29328100585937,0.0475592216955497,-0.0206722011506557,0.0244435363829135
2026-09-17T08:28:21.631240,1789633701631240000,75.30323999023437,0.0100798242593184,-0.0112777653396129,0.2254015410026535
2026-09-17T08:28:21.641200,1789633701641200000,75.3132001953125,-0.0178661581534426,-0.0051975686430931,0.1813724661946296
2026-09-17T08:28:21.651159,1789633701651159000,75.32315893554687,0.0464176778444554,-0.0285989024966955,0.0124047600755468
2026-09-17T08:28:21.661118,1789633701661118000,75.33311791992188,0.0634915622422006,0.0011333879441022,0.0546949370606802
2026-09-17T08:28:21.671077,1789633701671077000,75.3430771484375,0.0815015858457423,-0.0569359391868114,0.1297141751497983
2026-09-17T08:28:21.681037,1789633701681037000,75.353037109375,0.0517873699177522,-0.0436029948830604,0.0746328873863443
2026-09-17T08:28:21.690996,1789633701690996000,75.36299584960938,-0.0153403294702526,-0.0414718280732631,0.097795188319683
2026-09-17T08:28:21.700955,1789633701700955000,75.37295483398438,-0.0257343707778956,-0.0387029478818178,0.1551209670742973
2026-09-17T08:28:21.710915,1789633701710915000,75.3829150390625,-0.0552668917297385,0.0523339983493089,-0.0211421384836547
2026-09-17T08:28:21.720874,1789633701720874000,75.3928740234375,-0.0092153894497081,0.032889293166995,-0.0688362203389406
2026-09-17T08:28:21.730833,1789633701730833200,75.40283325195313,0.0761038001891225,-0.036382395979762,0.0292886748591437
2026-09-17T08:28:21.740792,1789633701740792000,75.4127919921875,0.0839089666478801,-0.0230453600227832,0.0386164386421442
2026-09-17T08:28:21.750752,1789633701750752000,75.422751953125,-0.0092674392973538,0.0204904148429632,-0.0347270117218606
2026-09-17T08:28:21.760711,1789633701760711000,75.4327109375,-0.0191761082408484,0.0427361489206552,-0.06900861776378
2026-09-17T08:28:21.770669,1789633701770669800,75.442669921875,-0.0420385403116233,0.0700455961287021,-0.0357294667626731
2026-09-17T08:28:21.780630,1789633701780630000,75.45263012695312,0.0064606291151605,0.0292781169325113,0.034939247966744
2026-09-17T08:28:21.790589,1789633701790589200,75.46258911132813,0.0273403264035005,-0.0333101489275693,0.0794768568187952
2026-09-17T08:28:21.800548,1789633701800548000,75.47254809570312,0.0041118192330002,-0.1211567746847867,0.1693383295297622
2026-09-17T08:28:21.810507,1789633701810507000,75.48250708007812,0.0135754660890437,-0.105424952545762,0.1639700439622625
2026-09-17T08:28:21.820467,1789633701820467000,75.49246704101563,-0.0065083133149426,-0.0114180505931377,0.0696685977761633
2026-09-17T08:28:21.830425,1789633701830425900,75.50242578125,-0.0185770737686194,0.0638712914079427,-0.0167728373582474
2026-09-17T08:28:21.840385,1789633701840385000,75.51238500976562,0.0318469079745933,0.0803191528618335,-0.0916483378614299
2026-09-17T08:28:21.850344,1789633701850344000,75.52234399414063,0.0807720111958682,0.0475181225001812,-0.061287704655528
2026-09-17T08:28:21.860304,1789633701860304100,75.53230419921876,0.0569644894278608,0.0286228678941726,-0.0256979020918719
2026-09-17T08:28:21.870263,1789633701870263000,75.54226293945312,0.0382026884757913,0.0231616798788309,-0.0558106980165466
2026-09-17T08:28:21.880222,1789633701880222200,75.55222216796875,0.0484331093200948,0.0003203179955482,-0.0257335579271428
2026-09-17T08:28:21.890182,1789633701890182100,75.56218212890624,-0.0094287308062892,0.012639116820693,0.0039186712810769
2026-09-17T08:28:21.900141,1789633701900141000,75.57214111328125,-0.0241592669482808,0.0412602311491966,-0.0017991583764553
2026-09-17T08:28:21.910100,1789633701910100000,75.58209985351563,0.0107689207683317,0.0115524906277656,0.099781393700838
2026-09-17T08:28:21.920059,1789633701920059000,75.59205883789062,0.0562480299878865,-0.0540308653950691,0.1168055937379598
2026-09-17T08:28:21.930018,1789633701930018800,75.60201879882813,0.0474547749403864,-0.0603442863255739,0.076597501990199
2026-09-17T08:28:21.939978,1789633701939978200,75.61197827148438,0.0390388561721425,-0.0455389313817024,0.0904231617143377
2026-09-17T08:28:21.949937,1789633701949937200,75.62193725585938,-0.0071731612986885,0.0129682026445865,0.0215957640026696
2026-09-17T08:28:21.959896,1789633701959896000,75.63189599609375,-0.0680755198984406,0.0594756867974996,-0.0303261464144103
2026-09-17T08:28:21.969856,1789633701969856000,75.64185595703125,-0.0945948853078763,0.0522305379748344,-0.024817630392313
2026-09-17T08:28:21.979815,1789633701979815000,75.65181494140624,-0.0394794578128028,0.0282090263962745,-0.0112614352593198
2026-09-17T08:28:21.989774,1789633701989774000,75.66177416992187,0.0553681053481996,0.0475870960831642,0.0022094927430152
2026-09-17T08:28:21.999734,1789633701999734000,75.67173413085938,0.0468089330512098,0.0548392591685056,-0.0486199462622404
2026-09-17T08:28:22.009693,1789633702009693000,75.68169287109374,0.0083164678486064,-0.0631634353995323,0.0497720754394307
2026-09-17T08:28:22.019651,1789633702019651800,75.69165185546875,0.0540008721156045,-0.1205237374782562,0.148141245988477
2026-09-17T08:28:22.029611,1789633702029611000,75.70161108398437,-0.0091824644276406,-0.04962766200006,0.0912654942899942
2026-09-17T08:28:22.039571,1789633702039571000,75.71157104492187,-0.0431005617862567,0.0632891076058149,-0.0205570868710055
2026-09-17T08:28:22.049530,1789633702049530000,75.72153002929687,0.0174125509007368,0.0828027863711118,-0.0973936217814683
2026-09-17T08:28:22.059489,1789633702059489000,75.73148901367188,0.0090862740441691,0.0413730438739061,-0.0622544855947606
2026-09-17T08:28:22.069448,1789633702069448000,75.74144799804688,0.0348519532757811,-0.0272907425075769,0.0589168838709592
2026-09-17T08:28:22.079407,1789633702079407900,75.75140795898437,-0.0130139962813816,-0.049508419534564,0.1836287206888198
2026-09-17T08:28:22.089367,1789633702089367000,75.76136694335938,-0.0905534187641926,-0.0294826995939016,0.2057324342136271
2026-09-17T08:28:22.099326,1789633702099326000,75.77132592773438,-0.1040111676245462,0.0447258614331483,0.0786421778266318
2026-09-17T08:28:22.109286,1789633702109286100,75.7812861328125,-0.065907943768124,0.1172661969870328,-0.077996262872219
2026-09-17T08:28:22.119245,1789633702119245000,75.7912451171875,0.0572904517129063,0.0233686006277799,-0.1158294787148013
2026-09-17T08:28:22.129204,1789633702129204000,75.80120385742188,0.0446229536145227,0.0006739537388086,-0.047564847718738
2026-09-17T08:28:22.139163,1789633702139163100,75.8111630859375,-0.0447976069285301,0.1184738192111253,-0.0841249566192738
2026-09-17T08:28:22.149123,1789633702149123000,75.821123046875,-0.1318227282689884,0.0779237821578979,-0.007651976057887
2026-09-17T08:28:22.159082,1789633702159082000,75.83108203125,-0.1375575364607852,0.0556494065076112,0.0656026452451944
2026-09-17T08:28:22.169041,1789633702169041000,75.841041015625,0.0006017401692573,-0.0255833540678024,0.0311216989725828
2026-09-17T08:28:22.178999,1789633702178999800,75.85099975585938,0.1064058350755833,0.013648001602292,-0.0161894845123402
2026-09-17T08:28:22.188960,1789633702188960000,75.8609599609375,0.0832808522116392,-0.0197720374405384,0.1141764142781496
2026-09-17T08:28:22.198919,1789633702198919200,75.87091918945312,0.1724372271268628,-0.1817126579344272,0.1897691231399774
2026-09-17T08:28:22.208878,1789633702208878000,75.88087817382812,0.0751581442363094,0.0223655610650777,-0.0208416942323558
2026-09-17T08:28:22.218838,1789633702218838000,75.89083813476563,-0.2060250970172695,0.1635761127412319,-0.075769197939895
2026-09-17T08:28:22.228797,1789633702228797000,75.900796875,-0.1791587904668413,0.1250847617834806,-0.0110129586572758
2026-09-17T08:28:22.238755,1789633702238755800,75.910755859375,0.0537444496691226,-0.0440226815998554,0.0550029435639269
2026-09-17T08:28:22.248715,1789633702248715000,75.92071508789063,0.1430766378089785,-0.0247322901964187,0.0273678811307065
2026-09-17T08:28:22.258675,1789633702258675200,75.93067529296874,0.0493266971589531,-0.0368733943670988,0.0314636260117404
2026-09-17T08:28:22.268634,1789633702268634000,75.94063403320312,-0.0638872241960139,0.0773088651299476,-0.0292570924107916
2026-09-17T08:28:22.278593,1789633702278593000,75.95059301757813,0.0847687892144545,0.016544307565689,-0.0826244889284484
2026-09-17T08:28:22.288552,1789633702288552000,75.96055200195312,0.0470834071776131,0.0084404960870742,-0.0376958166658878
2026-09-17T08:28:22.298512,1789633702298512000,75.97051196289063,0.0583859918646514,-0.0255488672763109,0.0035147301226854
2026-09-17T08:28:22.308471,1789633702308471000,75.98047094726563,0.1847408831818029,-0.0977232921272516,0.0275865105837583
2026-09-17T08:28:22.318430,1789633702318430000,75.99042993164062,0.0297412043996155,-0.0557183800905942,0.1002624552160501
2026-09-17T08:28:22.328390,1789633702328390100,76.00039013671875,-0.0116534211184363,0.0038332945525646,0.1431289707844145
2026-09-17T08:28:22.338348,1789633702338348000,76.01034814453125,0.0285131330425385,-0.0504705425649881,0.1215618483543395
2026-09-17T08:28:22.348307,1789633702348307200,76.02030712890625,-0.0437562583491671,-0.0710521428227424,0.1540308520163409
2026-09-17T08:28:22.358266,1789633702358266000,76.03026611328124,-0.0705465770539361,0.0183989955216646,0.1141524306143633
2026-09-17T08:28:22.368226,1789633702368226000,76.04022607421875,0.1221775873661972,-0.1202595335841178,-0.0524105707168579
2026-09-17T08:28:22.378185,1789633702378185000,76.05018505859375,0.3083528324663639,-0.1971644940882921,0.0583089811056852
2026-09-17T08:28:22.388144,1789633702388144000,76.06014404296874,0.1286679357661865,-0.1094628297597169,0.1683230150073766
2026-09-17T08:28:22.398104,1789633702398104000,76.07010400390625,-0.0802645365977659,0.1175479365378618,-0.0312122998654842
2026-09-17T08:28:22.408063,1789633702408063200,76.08006323242188,-0.0213438990002963,0.0642471389830112,-0.0992798739194869
2026-09-17T08:28:22.418022,1789633702418022100,76.09002221679688,0.0196159609628375,-0.1157820959091186,0.2134001740962267
2026-09-17T08:28:22.427981,1789633702427981000,76.09998095703125,0.1021449444944039,-0.1250333238571882,0.2503267599552869
2026-09-17T08:28:22.437941,1789633702437941000,76.10994091796876,0.224059807537496,-0.1743833379596471,0.1724584891106002
2026-09-17T08:28:22.447900,1789633702447900200,76.11990014648437,0.0019299999481998,-0.3242453981250524,-0.3081482498049736
2026-09-17T08:28:22.457859,1789633702457859000,76.12985913085937,0.3179747934229672,-0.2054670430094003,0.2387807173346169
2026-09-17T08:28:22.467818,1789633702467818000,76.13981787109375,-0.0615976382543798,-0.0756119980841875,0.7974889330625533
2026-09-17T08:28:22.477778,1789633702477778200,76.14977807617187,-0.3377218425527215,0.2010714383989572,-0.06122981872214
2026-09-17T08:28:22.487737,1789633702487737000,76.15973706054687,-0.052257531013037,0.3279448371648788,-0.3541366419872269
2026-09-17T08:28:22.497696,1789633702497696300,76.1696962890625,-0.1195035732508171,0.23101824837327,-0.3597200316101312
2026-09-17T08:28:22.507656,1789633702507656200,76.17965625,0.0320326398050412,0.1614613125443458,-0.1917003651971928
2026-09-17T08:28:22.517615,1789633702517615000,76.18961499023438,0.0607955006917938,0.0522562569379806,-0.0182680626183748
2026-09-17T08:28:22.527574,1789633702527574000,76.19957397460938,-0.0901060677223373,0.1562678355544805,-0.1639730031043291
2026-09-17T08:28:22.537533,1789633702537533000,76.20953295898437,-0.2046307748483493,0.2853945662051439,-0.332453802489303
2026-09-17T08:28:22.547493,1789633702547493000,76.2194931640625,-0.2027572908603586,0.2098860284954309,0.1717903988569974
2026-09-17T08:28:22.557452,1789633702557452300,76.22945239257812,-0.0966019873465877,-0.132599959719181,0.554270543807745
2026-09-17T08:28:22.567411,1789633702567411200,76.2394111328125,0.3061677800448611,-0.2240536700576543,-0.0057954980036243
2026-09-17T08:28:22.577370,1789633702577370000,76.2493701171875,0.1536404827255755,-0.2011152775406837,0.0552495935350656
2026-09-17T08:28:22.587330,1789633702587330000,76.259330078125,0.1903845881571993,-0.1687602373808622,0.1965501798485405
2026-09-17T08:28:22.597289,1789633702597289000,76.2692890625,0.14579391567735,-0.0429027376592159,0.0431178782472386
2026-09-17T08:28:22.607248,1789633702607248100,76.279248046875,-0.0619737872235477,0.0537491258442401,-0.004701273026131
2026-09-17T08:28:22.617208,1789633702617208300,76.28920825195313,-0.0961665459382347,0.1868248863816261,-0.07024135616282
2026-09-17T08:28:22.627167,1789633702627167200,76.29916723632813,0.0335199466201942,-0.1282686525166034,0.0448158960704691
2026-09-17T08:28:22.637126,1789633702637126100,76.30912622070312,0.1301465021524578,0.1075479360491037,0.2827022949138656
2026-09-17T08:28:22.647085,1789633702647085300,76.31908520507812,0.1310292398037388,0.0371989730596542,0.0216419594982638
2026-09-17T08:28:22.657045,1789633702657045200,76.32904516601562,-0.0814066923702135,0.1237754327505826,-0.1021480862995609
2026-09-17T08:28:22.667004,1789633702667004200,76.33900415039062,-0.2673252775618806,0.3279647109091281,-0.137152179663442
2026-09-17T08:28:22.676963,1789633702676963000,76.34896313476563,-0.1630209265438839,0.1682674854278564,-0.110680352323316
2026-09-17T08:28:22.686923,1789633702686923000,76.35892309570312,0.1413518963756039,-0.1790624356865882,0.0329080344000831
2026-09-17T08:28:22.696882,1789633702696882200,76.36888208007812,0.2702875066346489,-0.3326110754102468,0.1756307442048564
2026-09-17T08:28:22.706841,1789633702706841300,76.37884130859375,0.1110808411492966,-0.2309451831370592,0.1834550446223467
2026-09-17T08:28:22.716800,1789633702716800300,76.38880029296875,-0.0384319306544028,0.0055114568978548,-0.0007651026209816
2026-09-17T08:28:22.726760,1789633702726760200,76.39876025390625,-0.1073428236647509,0.0728957248628139,0.0413246016222983
2026-09-17T08:28:22.736719,1789633702736719000,76.40871899414063,-0.0262827527751214,-0.016122867283225,0.1542243835607543
2026-09-17T08:28:22.746678,1789633702746678000,76.41867797851563,-0.1446999098955653,0.1122778871804475,0.1661340170631185
2026-09-17T08:28:22.756637,1789633702756637200,76.42863720703124,-0.2709780279157683,0.4240764761865139,0.039243667162396
2026-09-17T08:28:22.766597,1789633702766597000,76.43859716796875,-0.2189529859177768,0.1898737525582313,-0.0571878681212663
2026-09-17T08:28:22.776556,1789633702776556000,76.44855615234376,0.1181353445043787,-0.1583586703538894,0.0294750277440994
2026-09-17T08:28:22.786515,1789633702786515200,76.45851513671874,0.2520334177426994,-0.1549795493096113,-0.0248258136987686
2026-09-17T08:28:22.796475,1789633702796475100,76.46847509765625,0.2750821387663483,-0.3677612992465496,-0.0150151983022689
2026-09-17T08:28:22.806434,1789633702806434000,76.47843408203126,0.2335279296392574,-0.0602262129038572,0.1919710170984268
2026-09-17T08:28:22.816393,1789633702816393200,76.48839331054687,-0.1571816624637693,0.2087625774234533,-0.0240096750102937
2026-09-17T08:28:22.826352,1789633702826352000,76.49835205078125,-0.0927476591391488,0.1113531735509634,-0.3404103509843349
2026-09-17T08:28:22.836312,1789633702836312000,76.50831201171874,-0.1067563107473775,0.1939285809069871,0.0258423703301697
2026-09-17T08:28:22.846271,1789633702846271000,76.51827099609375,0.2997945917511359,-0.2148644014298915,0.1756898174483329
2026-09-17T08:28:22.856230,1789633702856230100,76.52823022460937,0.5271973895736038,-0.2690636091291904,0.3272135272156447
2026-09-17T08:28:22.866190,1789633702866190000,76.53819018554688,0.3865523262931034,-0.1686906792759895,0.6253689369250088
2026-09-17T08:28:22.876149,1789633702876149200,76.54814916992187,-0.1895773999601602,0.1136205339610576,0.473016886574775
2026-09-17T08:28:22.886108,1789633702886108200,76.55810815429687,-0.4304393988145515,0.0654173518061637,0.3208195153295993
2026-09-17T08:28:22.896067,1789633702896067000,76.56806713867188,-0.125055791417323,0.0407511125832796,0.0588246755428612
2026-09-17T08:28:22.906027,1789633702906027000,76.57802709960937,-0.076203424638696,0.0283680163502693,-0.0676718527346849
2026-09-17T08:28:22.915986,1789633702915986200,76.58798608398438,-0.0497618463063612,0.0202630358278751,-0.0996842169366776
2026-09-17T08:28:22.925945,1789633702925945000,76.59794506835938,0.0508480341078713,0.0103811087608337,-0.0407850148528814
2026-09-17T08:28:22.935904,1789633702935904000,76.60790405273437,0.0849926610982045,-0.076899699807167,0.067739803404361
2026-09-17T08:28:22.945864,1789633702945864200,76.6178642578125,-0.0618556407365947,-0.0916331585586071,0.1266623863637447
2026-09-17T08:28:22.955823,1789633702955823000,76.62782299804688,-0.0232740907447412,-0.1477320623993873,0.1722663458056748
2026-09-17T08:28:22.965782,1789633702965782300,76.6377822265625,0.0506609871031716,-0.1862088003098964,0.2428742519922554
2026-09-17T08:28:22.975742,1789633702975742200,76.6477421875,0.0684161682959646,-0.1097603514015674,0.1913140144944191
2026-09-17T08:28:22.985701,1789633702985701000,76.657701171875,0.1393834458468481,-0.1136748944967985,0.1653339161939919
2026-09-17T08:28:22.995660,1789633702995660000,76.66765991210937,0.1427710059259087,-0.141257313427329,0.2213800669342279
2026-09-17T08:28:23.005619,1789633703005619000,76.67761889648438,0.0235832297591492,-0.0130284083992242,0.1326157418102025
2026-09-17T08:28:23.015579,1789633703015579100,76.6875791015625,-0.1453403814898803,0.0504588521271944,-0.0213163442730903
2026-09-17T08:28:23.025538,1789633703025538300,76.69753833007813,-0.1536589682303369,0.1196948854386806,-0.2036350052766501
2026-09-17T08:28:23.035497,1789633703035497200,76.70749731445312,5.24608395993e-05,0.1967956607758998,-0.2909527848541736
2026-09-17T08:28:23.045457,1789633703045457200,76.71745703125,0.183232999369502,0.0619318477779626,-0.1821621552675962
2026-09-17T08:28:23.055416,1789633703055416000,76.727416015625,0.0636272169863805,0.0784568661212921,-0.066898676405102
2026-09-17T08:28:23.065375,1789633703065375000,76.737375,-0.0950040962964296,0.059780807223916,0.0304962605506181
2026-09-17T08:28:23.075334,1789633703075334100,76.74733422851563,-0.0317427534803748,-0.0070779755622148,0.0663426499575376
2026-09-17T08:28:23.085294,1789633703085294300,76.75729443359376,0.0752361139765009,-0.0456979213356971,0.0213292037546634
2026-09-17T08:28:23.095253,1789633703095253200,76.76725317382812,0.1238026860836893,-0.01133914013803,0.1328122872956097
2026-09-17T08:28:23.105212,1789633703105212200,76.77721215820313,0.0682666402900591,0.0410264223933219,0.09690554600358
2026-09-17T08:28:23.115171,1789633703115171000,76.78717114257813,-0.0392871775105595,0.0481874000638723,-0.0117516664616763
2026-09-17T08:28:23.125131,1789633703125131000,76.79713110351562,-0.0415441991897299,0.0421978042602539,-0.0197118316859006
2026-09-17T08:28:23.135090,1789633703135090200,76.80709008789063,-0.0355125178100541,0.0556593433797359,-0.0513740672759711
2026-09-17T08:28:23.145049,1789633703145049000,76.81704907226562,-0.0672630527380853,0.0054237786144018,0.0155552965283393
2026-09-17T08:28:23.155009,1789633703155009000,76.82700903320313,0.0125628001814708,-0.0649567485570907,0.1029044941574335
2026-09-17T08:28:23.164968,1789633703164968000,76.83696801757813,-0.0221609418710693,-0.04507715908885,0.1671411117464304
2026-09-17T08:28:23.174927,1789633703174927400,76.84692724609376,-0.0857651433080434,0.0211234520494937,0.1879828242450952
2026-09-17T08:28:23.184886,1789633703184886300,76.85688623046875,-0.0147327280990779,-0.0164297412753105,0.2646624515607952
2026-09-17T08:28:23.194846,1789633703194846200,76.86684619140625,0.1369717450626194,-0.0303261646807193,0.2569004392571747
2026-09-17T08:28:23.204805,1789633703204805000,76.87680517578124,0.1239720147686079,-0.0150187054336071,0.0729042004302144
2026-09-17T08:28:23.214764,1789633703214764000,76.88676391601562,0.0344802521528676,0.0232949508696794,0.084423081049323
2026-09-17T08:28:23.224724,1789633703224724000,76.89672387695313,0.0660242681907489,0.0475935258239507,-0.0461965185075998
2026-09-17T08:28:23.234683,1789633703234683100,76.90668310546874,-0.0459739617981016,0.0706166740149259,-0.1915324795506894
2026-09-17T08:28:23.244642,1789633703244642000,76.91664208984375,-0.078195877097547,0.1636655445903539,-0.326780761821568
2026-09-17T08:28:23.254601,1789633703254601200,76.92660131835937,0.0833784308345988,-0.1997311297059059,0.1907838531404733
2026-09-17T08:28:23.264561,1789633703264561200,76.93656103515625,0.0564268206208944,-0.0674678545951843,0.0402346874937415
2026-09-17T08:28:23.274520,1789633703274520000,76.94652001953125,0.0512783152839168,0.0080330843299627,-0.0446964892081916
2026-09-17T08:28:23.284479,1789633703284479200,76.95647924804688,-0.0486572095327079,0.0626151538670062,-0.0199944480195641
2026-09-17T08:28:23.294439,1789633703294439200,76.96643920898437,-0.0324906127056106,0.0341986221998929,0.0562742604076862
2026-09-17T08:28:23.304398,1789633703304398000,76.97639819335937,0.1385503925561904,-0.0620370617181062,0.1275526132017373
2026-09-17T08:28:23.314357,1789633703314357000,76.98635693359375,0.1548270621616393,-0.0996761797606945,-0.0458522351145744
2026-09-17T08:28:23.324316,1789633703324316000,76.99631591796874,0.0354241454068571,0.0114881932199001,-0.0807686501950025
2026-09-17T08:28:23.334275,1789633703334275800,77.00627587890625,-0.059152482725121,0.0771095431655645,-0.1889506463639438
2026-09-17T08:28:23.344235,1789633703344235000,77.01623510742188,-0.0739736928252503,0.086377722248435,-0.0729237819135189
2026-09-17T08:28:23.354194,1789633703354194000,77.02619384765624,-0.0349685836590826,0.033202596899867,0.0212977857030928
2026-09-17T08:28:23.364152,1789633703364152800,77.03615283203125,0.0380864234186708,-0.0345177711516618,0.1432844353407621
2026-09-17T08:28:23.374112,1789633703374112800,77.04611279296876,0.0953503889834508,-0.0471142178744077,0.1426882230132818
2026-09-17T08:28:23.384072,1789633703384072000,77.05607202148437,0.0883712341532111,-0.0175151984244585,0.0603181289710104
2026-09-17T08:28:23.394030,1789633703394030800,77.06603076171875,0.0522422466789372,0.0341828401088714,0.0145984341949224
2026-09-17T08:28:23.403991,1789633703403991000,77.07599096679688,-0.0035793015251867,0.1191203004211187,-0.0167597038820385
2026-09-17T08:28:23.413950,1789633703413950000,77.08594995117187,-0.0272852808811701,0.070620181146264,0.0976753613322973
2026-09-17T08:28:23.423908,1789633703423908900,77.09590893554687,0.0653342948989011,-0.0243722247123718,0.1178115559101104
2026-09-17T08:28:23.433868,1789633703433868000,77.10586791992188,0.1266418367660604,-0.089294486477971,0.1310429395355284
2026-09-17T08:28:23.443828,1789633703443828000,77.11582788085937,0.0660463521583937,-0.0757166275024414,0.0926578254312276
2026-09-17T08:28:23.453787,1789633703453787000,77.12578686523437,-0.0406947062209248,0.0205962133049964,-0.0014671499431133
2026-09-17T08:28:23.463745,1789633703463745800,77.13574584960938,-0.0771043920664116,0.1021954691052436,-0.1466203017652034
2026-09-17T08:28:23.473706,1789633703473706000,77.1457060546875,-0.1005269879037514,0.1710766976296901,-0.2695496390804648
2026-09-17T08:28:23.483665,1789633703483665000,77.15566479492188,-0.0011657193111255,0.1274643503963947,-0.1879230568818748
2026-09-17T08:28:23.493624,1789633703493624000,77.1656240234375,0.0966356612873263,-0.0065296940296888,-0.0469949754089117
2026-09-17T08:28:23.503583,1789633703503583000,77.1755830078125,0.0056294937869533,-0.0517599978536367,0.0090185882359743
2026-09-17T08:28:23.513543,1789633703513543000,77.18554296875,-0.0012773447257466,-0.0475198760658502,0.0625651772454381
2026-09-17T08:28:23.523501,1789633703523501800,77.19550170898438,0.0438896480710245,-0.0731330407500267,0.1187047053575515
2026-09-17T08:28:23.533460,1789633703533460700,77.20546069335937,-0.0145728430959396,-0.0580628973901271,0.1551376624807715
2026-09-17T08:28:23.543421,1789633703543421000,77.2154208984375,-0.0396406123244203,-0.0167582425773143,0.1006606607533991
2026-09-17T08:28:23.553380,1789633703553380000,77.22538012695313,0.0110900424814783,0.002045826613903,0.0523436429604887
2026-09-17T08:28:23.563339,1789633703563339000,77.23533911132813,0.0604526055382564,0.0421674091219902,0.0286667070358991
2026-09-17T08:28:23.573298,1789633703573298000,77.2452978515625,0.0706342827368527,0.0789484490305185,-0.0001991758339107
2026-09-17T08:28:23.583257,1789633703583257900,77.2552578125,0.0648867520608007,0.0166232180207967,-0.0507768320351839
2026-09-17T08:28:23.593217,1789633703593217000,77.26521704101563,-0.0314061602034606,0.0163444010794162,-0.0730890554778277
2026-09-17T08:28:23.603176,1789633703603176000,77.27517602539062,-0.1869303377837874,0.0680985537141561,-0.0134486796379089
2026-09-17T08:28:23.613134,1789633703613134800,77.285134765625,-0.1112263505672104,0.0508598341435194,0.0733659727230668
2026-09-17T08:28:23.623095,1789633703623095000,77.29509497070312,-0.0078651986834593,-0.0032084406524896,0.0653840340584516
2026-09-17T08:28:23.633054,1789633703633054000,77.30505395507812,0.045820561334677,-0.0304670344561338,0.0937520504087209
2026-09-17T08:28:23.643013,1789633703643013000,77.31501318359375,0.0627214089867658,-0.0064355860054492,0.1152175938941538
2026-09-17T08:28:23.652973,1789633703652973000,77.32497314453126,0.0855184568042866,-0.0064297407865524,0.1030497478470206
2026-09-17T08:28:23.662932,1789633703662932000,77.33493188476562,0.087609803060349,-0.0062613984823226,0.0360974415585398
2026-09-17T08:28:23.672891,1789633703672891000,77.34489086914063,-0.0081802377156913,0.0461409889280796,-0.0941410497263073
2026-09-17T08:28:23.682849,1789633703682849800,77.35484985351563,-0.0520527337225154,0.0824859755069017,-0.1625555375218391
2026-09-17T08:28:23.692809,1789633703692809700,77.36480981445312,-0.0125362409681081,0.077662500873208,-0.0698249391153454
2026-09-17T08:28:23.702769,1789633703702769200,77.37476904296875,0.0531116499246098,0.0440086530745029,0.1024649336963891
2026-09-17T08:28:23.712728,1789633703712728000,77.38472802734375,0.0575912064914591,-0.052100774115324,0.2295402847751975
2026-09-17T08:28:23.722688,1789633703722688000,77.39468798828125,0.0445501578063704,-0.1042448028504848,0.2150941185325384
2026-09-17T08:28:23.732647,1789633703732647000,77.40464697265625,0.1253958552929572,-0.1006190135687589,0.0137777654618024
2026-09-17T08:28:23.742605,1789633703742605800,77.41460571289062,0.114240346359834,-0.0500450106292962,-0.1537847865670919
2026-09-17T08:28:23.752565,1789633703752565000,77.42456494140625,0.0110029121872968,-0.0149468092411756,-0.0886225785657763
2026-09-17T08:28:23.762525,1789633703762525000,77.43452490234375,-0.1191800677843391,0.0285889656245708,0.0078537822403013
2026-09-17T08:28:23.772483,1789633703772483800,77.44448388671876,-0.0976892619934864,0.0269429519832134,-0.0269075884088873
2026-09-17T08:28:23.782442,1789633703782442800,77.45444287109375,-0.0493496487762779,0.0284334828019142,-0.0790821584127843
2026-09-17T08:28:23.792402,1789633703792402000,77.46440185546875,0.0209312356793321,0.0628542233198881,-0.1288781627170741
2026-09-17T08:28:23.802361,1789633703802361900,77.47436181640624,2.17003751546e-05,0.0707189653456211,0.0119148941993713
2026-09-17T08:28:23.812321,1789633703812321000,77.48432104492187,0.0046800841076299,0.0910030439615249,0.1525702962107956
2026-09-17T08:28:23.822280,1789633703822280000,77.49428002929687,0.0651247620677575,-0.0055833530902862,0.2227110232770442
2026-09-17T08:28:23.832239,1789633703832239900,77.50423999023438,0.0414482462682761,-0.0782756643354892,0.2652174550950527
2026-09-17T08:28:23.842198,1789633703842198800,77.51419873046875,0.0029757278751581,-0.054782560545206,0.1342871821537613
2026-09-17T08:28:23.852158,1789633703852158000,77.52415795898438,-0.0023575411778874,-0.0322843130111694,0.0173994630903005
2026-09-17T08:28:23.862116,1789633703862116900,77.53411694335938,-0.0346593350468203,0.0144067110151052,-0.1037760162949562
2026-09-17T08:28:23.872077,1789633703872077000,77.5440771484375,-0.0444160830979235,0.1454553496390581,-0.2060691005557775
2026-09-17T08:28:23.882036,1789633703882036000,77.55403588867188,-0.0408628841283731,0.1615565896123647,-0.0838634013399481
2026-09-17T08:28:23.891995,1789633703891995000,77.56399487304688,0.0043243842714466,0.0849450590968132,0.0496674094885587
2026-09-17T08:28:23.901954,1789633703901954800,77.57395483398437,0.0848207203310914,-0.0523603018343448,0.0355611427247524
2026-09-17T08:28:23.911914,1789633703911914000,77.5839140625,0.0022213658438995,-0.0757791713446378,0.1093766127809882
2026-09-17T08:28:23.921873,1789633703921873000,77.59387280273438,-0.0383183690110221,-0.0885480520248413,0.1785588700786232
2026-09-17T08:28:23.931831,1789633703931831800,77.60383178710937,0.0852264881203882,-0.1257213061213493,0.1653122888840734
2026-09-17T08:28:23.941792,1789633703941792000,77.6137919921875,0.1293914460014552,-0.0908878931492567,0.0861352917946875
2026-09-17T08:28:23.951751,1789633703951751000,77.6237509765625,0.0106851332087069,-0.0025572832673788,-0.01771744299829
2026-09-17T08:28:23.961710,1789633703961710000,77.6337099609375,-0.0187112398086115,0.0875368291556835,-0.0718313105016946
2026-09-17T08:28:23.971670,1789633703971670000,77.643669921875,-0.0079317976462654,0.0820236186921596,-0.0490443091541528
2026-09-17T08:28:23.981629,1789633703981629000,77.65362890625,-0.0506540276394225,0.0728594845056533,-0.0503511539690196
2026-09-17T08:28:23.991587,1789633703991587800,77.663587890625,-0.0690921678613871,0.0855120453298091,-0.0959947147689759
2026-09-17T08:28:24.001546,1789633704001546800,77.67354663085938,0.0089008253415115,0.0109819972634315,-0.0550596239209175
2026-09-17T08:28:24.011507,1789633704011507000,77.6835068359375,0.0103261637032032,-0.0068628715068101,0.0439094304837286
2026-09-17T08:28:24.021466,1789633704021466000,77.69346606445312,-0.0476082667353563,0.0151204122424125,0.0640310120142996
2026-09-17T08:28:24.031425,1789633704031425000,77.70342504882812,-0.005669917128887,0.0117962362557649,0.1131985091567039
2026-09-17T08:28:24.041384,1789633704041384000,77.71338403320313,-0.0017147862949408,-0.0097135847628116,0.1864361793249845
2026-09-17T08:28:24.051344,1789633704051344000,77.72334375,0.0135842887163162,-0.0343617038071155,0.1556372825659811
2026-09-17T08:28:24.061302,1789633704061302800,77.733302734375,-0.0196347478616982,0.0019295067578554,0.076254387640953
2026-09-17T08:28:24.071262,1789633704071262000,77.74326196289063,-0.0112956663224846,0.039580899760127,0.009099252256751
2026-09-17T08:28:24.081222,1789633704081222000,77.75322192382812,0.034404154709354,0.01115267765522,-0.066261693675816
2026-09-17T08:28:24.091181,1789633704091181000,77.76318115234375,0.0288696457294747,-0.0148579619139432,-0.0775045338325202
2026-09-17T08:28:24.101140,1789633704101140000,77.77313989257813,0.0776110994795337,-0.0423667310863733,-0.0137378718428313
2026-09-17T08:28:24.111099,1789633704111099000,77.78309887695312,0.128711427848041,-0.0292260944843292,-0.0609235475182533
2026-09-17T08:28:24.121058,1789633704121058800,77.79305883789063,0.0086444211613386,0.0221054488241672,-0.0430382006071507
2026-09-17T08:28:24.131018,1789633704131018000,77.80301806640625,-0.0321350042009726,0.0300970320999622,0.0293014978080987
2026-09-17T08:28:24.140977,1789633704140977000,77.81297680664062,0.0352417380446568,0.0019797756403684,0.1049672719061374
2026-09-17T08:28:24.150936,1789633704150936800,77.82293676757813,0.0541106526330113,-0.0266699802607297,0.11385843437016
2026-09-17T08:28:24.160895,1789633704160895700,77.83289575195313,0.0556370950153097,-0.0010427870512008,0.0826557791158556
2026-09-17T08:28:24.170855,1789633704170855000,77.84285498046874,-0.0027286212462931,0.0348836818546056,0.0482664566494524
2026-09-17T08:28:24.180814,1789633704180814000,77.85281396484375,-0.0315940657246857,0.0226917242795228,-0.0319090499579906
2026-09-17T08:28:24.190774,1789633704190774000,77.86277392578126,-0.0151904452713206,0.0155067812114953,0.0129315238960087
2026-09-17T08:28:24.200733,1789633704200733000,77.87273291015624,0.0451466075958684,-0.0013923311412334,0.0938403132140636
2026-09-17T08:28:24.210691,1789633704210691800,77.88269189453125,0.0490788324782624,-0.0108890582829713,0.1712333494961261
2026-09-17T08:28:24.220651,1789633704220651800,77.89265185546876,0.100293617539294,-0.0456201799243688,0.1731226703740656
2026-09-17T08:28:24.230611,1789633704230611000,77.90261083984375,0.0305458718460053,-0.0028133038550615,0.0538071396417915
2026-09-17T08:28:24.240569,1789633704240569900,77.91256982421875,0.0116651572220027,0.0295686243116855,-0.0872648803465068
2026-09-17T08:28:24.250528,1789633704250528800,77.92252880859375,-0.0113980307184159,0.0531225183784961,-0.1198082826852798
2026-09-17T08:28:24.260489,1789633704260489000,77.93248901367187,-0.0232908957490697,0.0375029244422912,-0.1315589262336492
2026-09-17T08:28:24.270447,1789633704270447900,77.94244775390625,-0.0809648668868467,0.0138350486069917,-0.0531941223099827
2026-09-17T08:28:24.280407,1789633704280407000,77.95240698242188,-0.0225077094821259,0.0298988791793584,0.0035568156987428
2026-09-17T08:28:24.290366,1789633704290366000,77.96236596679688,0.0737433912007138,-0.0124672673851251,0.0117839612960815
2026-09-17T08:28:24.300326,1789633704300326000,77.97232592773437,0.0489125725332647,-0.0143301386475563,0.1634668071478605
2026-09-17T08:28:24.310284,1789633704310284800,77.98228491210938,-0.013085508881323,-0.0079611881375312,0.2495081370487809
2026-09-17T08:28:24.320243,1789633704320243700,77.99224365234375,0.0182706564342603,-0.0123100309967994,0.1987504481054842
2026-09-17T08:28:24.330204,1789633704330204000,78.00220385742188,-0.0022369287392124,0.0447603482246398,0.077716569148004
2026-09-17T08:28:24.340163,1789633704340163000,78.0121630859375,0.0349606926135718,0.0453337641984224,-0.0299056011810898
2026-09-17T08:28:24.350122,1789633704350122000,78.0221220703125,0.0050610827818512,0.0407569578021764,-0.1163746549747884
2026-09-17T08:28:24.360081,1789633704360081000,78.03208081054687,0.0138146268734708,0.0647363838046789,-0.18471008618474
2026-09-17T08:28:24.370041,1789633704370041000,78.042041015625,0.0545480211369693,0.0238671977996826,-0.1477247558757662
2026-09-17T08:28:24.380000,1789633704380000000,78.052,0.0465504099791869,-0.0216477681845426,0.0066688102394342
2026-09-17T08:28:24.389959,1789633704389959200,78.06195922851562,0.000493884464167,0.0187140528202056,0.0866848885014653
2026-09-17T08:28:24.399919,1789633704399919000,78.07191918945313,-0.002793393578194,-0.0303875394791364,0.1278401979714632
2026-09-17T08:28:24.409878,1789633704409878000,78.0818779296875,0.0231095478327944,-0.0614578005254268,0.1367556180939078
2026-09-17T08:28:24.419837,1789633704419837000,78.0918369140625,-0.0024233912220224,-0.0290419700890779,0.1228168168514966
2026-09-17T08:28:24.429796,1789633704429796000,78.10179614257812,-0.0020210574988275,-0.0353776028513908,0.1066477723389864
2026-09-17T08:28:24.439756,1789633704439756000,78.11175610351563,0.0244604509850963,-0.0128682494014501,0.0967886416256427
2026-09-17T08:28:24.449715,1789633704449715200,78.12171508789062,0.0107476770509034,0.0366816711872816,-0.0202447695188224
2026-09-17T08:28:24.459674,1789633704459674000,78.13167407226562,-0.0745311805775389,0.0974339537918567,-0.0884445916503667
2026-09-17T08:28:24.469634,1789633704469634000,78.14163403320312,-0.1166801772600039,0.1430921276390552,-0.0871164117865264
2026-09-17T08:28:24.479593,1789633704479593000,78.15159301757812,-0.059165305674076,0.1041039330750703,-0.0828068780243396
2026-09-17T08:28:24.489552,1789633704489552100,78.16155224609375,0.0455188749743625,0.0283078105956316,-0.0303805252164602
2026-09-17T08:28:24.499511,1789633704499511000,78.17151098632813,0.1132261278159916,-0.075059040376544,0.0760517046757042
2026-09-17T08:28:24.509471,1789633704509471000,78.18147094726562,0.1021449810270219,-0.1322346335381269,0.1557582785971462
2026-09-17T08:28:24.519430,1789633704519430100,78.19143017578125,0.0119683779522776,-0.1021802715361118,0.1636988623380661
2026-09-17T08:28:24.529389,1789633704529389000,78.20138916015625,-0.0381929525330662,-0.0162953012406826,0.1604929059036076
2026-09-17T08:28:24.539348,1789633704539348200,78.21134814453124,0.0079851900676265,0.0164729958951473,0.1328241238638758
2026-09-17T08:28:24.549308,1789633704549308200,78.22130810546875,0.0771012502612546,-0.011818448087573,0.0283604175657033
2026-09-17T08:28:24.559267,1789633704559267000,78.23126708984375,0.0338187560368329,0.0476268435716629,-0.0939933118186891
2026-09-17T08:28:24.569226,1789633704569226000,78.24122607421874,0.0221022339537739,0.0632592969894409,-0.1702174504518508
2026-09-17T08:28:24.579186,1789633704579186000,78.25118603515625,-0.0003099427320063,0.0510445430606603,-0.157918379240483
2026-09-17T08:28:24.589144,1789633704589144800,78.26114477539062,-0.0534320957843214,0.0362374345511198,-0.0589244826555252
2026-09-17T08:28:24.599104,1789633704599104300,78.27110424804688,-0.0273002409882843,0.0018149404674768,0.0277023920483887
2026-09-17T08:28:24.609063,1789633704609063200,78.28106323242187,0.0212152950514107,-0.022577742511034,0.1021411085695028
2026-09-17T08:28:24.619023,1789633704619023000,78.29102319335938,-0.0370650079490616,0.004492635244131,0.1011522436626255
2026-09-17T08:28:24.628982,1789633704628982000,78.30098193359375,-0.0116379038888961,-0.0168324768573045,0.1262412383422255
2026-09-17T08:28:24.638941,1789633704638941000,78.31094091796875,0.0297817556057125,-0.0161146839767694,0.1511608678042888
2026-09-17T08:28:24.648900,1789633704648900900,78.32090087890624,0.0193423407863825,0.0025543606579303,0.0959080593988299
2026-09-17T08:28:24.658860,1789633704658860000,78.33086010742187,0.0138018404571339,-0.0190554136037826,0.0389858564764261
2026-09-17T08:28:24.668819,1789633704668819000,78.34081884765625,-0.0193711284894496,0.006928337958455,0.0454484766192734
2026-09-17T08:28:24.678777,1789633704678777900,78.35077783203126,0.0341952246664091,-0.007603460741043,0.0457107808172702
2026-09-17T08:28:24.688738,1789633704688738000,78.36073803710937,0.0399545919107273,0.0037555531412363,0.0672083268761634
2026-09-17T08:28:24.698697,1789633704698697200,78.370697265625,-0.0171772351743653,0.0338607685476541,0.0078974752515554
2026-09-17T08:28:24.708656,1789633704708656000,78.38065625,-0.0210454914424568,0.0163216047257184,0.0837299842186272
2026-09-17T08:28:24.718616,1789633704718616000,78.39061596679687,-0.0008326148992404,-0.0099503161281347,0.0186038704439997
2026-09-17T08:28:24.728575,1789633704728575000,78.40057495117188,-0.0370641311662271,0.0338373876720666,-0.0634837533950805
2026-09-17T08:28:24.738534,1789633704738534000,78.41053393554688,-0.0268722248345613,0.0324497327059507,-0.066959320551157
2026-09-17T08:28:24.748493,1789633704748493000,78.4204931640625,-0.0414157139718532,0.0408411289542913,-0.0392550288066268
2026-09-17T08:28:24.758453,1789633704758453200,78.43045336914062,-0.0163236505523324,0.0086556001424789,0.022559037810564
2026-09-17T08:28:24.768412,1789633704768412200,78.440412109375,0.0223543455513194,-0.0084299746930599,0.0710055272020399
2026-09-17T08:28:24.778371,1789633704778371000,78.45037109375,0.1095951143698766,-0.0408534039139747,0.0382845763392746
2026-09-17T08:28:24.788330,1789633704788330000,78.460330078125,0.0296011018091812,0.0448176313698291,-0.0557012828253209
2026-09-17T08:28:24.798290,1789633704798290000,78.4702900390625,-0.0344864992305636,0.0934960298210382,-0.0320133871152997
2026-09-17T08:28:24.808249,1789633704808249000,78.4802490234375,0.0450673683471977,0.0511520950883626,-0.0688993487030267
2026-09-17T08:28:24.818208,1789633704818208000,78.4902080078125,-0.0182923568094149,0.0518102667361497,-0.0070632163845002
2026-09-17T08:28:24.828168,1789633704828168200,78.50016821289063,-0.061489072446525,0.0471551344066858,0.0746814392358064
2026-09-17T08:28:24.838127,1789633704838127000,78.51012719726563,0.0401462054926902,-0.0286824891269206,0.1031016241647303
2026-09-17T08:28:24.848086,1789633704848086000,78.5200859375,0.0910877996355295,-0.0423725763052701,0.126727998945862
2026-09-17T08:28:24.858045,1789633704858045200,78.53004516601563,0.0553883078860118,-0.0187467860460281,0.1169903026551008
2026-09-17T08:28:24.868005,1789633704868005000,78.54000512695312,0.018208879777044,-0.0260667536705732,0.0337578926950693
2026-09-17T08:28:24.877964,1789633704877964000,78.54996411132812,-0.0053299628511071,-0.0323345818936824,0.0942262437917292
2026-09-17T08:28:24.887923,1789633704887923000,78.5599228515625,-0.0176216910062357,-0.0128185650408267,0.0575469106920063
2026-09-17T08:28:24.897883,1789633704897883000,78.5698828125,0.0143267776466906,-0.0123100309967994,0.0365600906342268
2026-09-17T08:28:24.907842,1789633704907842000,78.57984204101562,-0.0196576903458684,0.033838556715846,0.0544382771521806
2026-09-17T08:28:24.917801,1789633704917801200,78.58980126953125,-0.0188507578771561,0.0214297415196895,0.039185470701754
2026-09-17T08:28:24.927760,1789633704927760100,78.59976000976563,0.0157223236583173,0.0064028527796268,0.014299889639765
2026-09-17T08:28:24.937720,1789633704937720000,78.60971997070313,0.0970169339561835,-0.0427332263112068,-0.0066354924917221
2026-09-17T08:28:24.947679,1789633704947679000,78.61967895507813,0.1180514656132087,-0.0257587106347084,-0.033797640183568
2026-09-17T08:28:24.957638,1789633704957638100,78.62963818359376,0.0191063400734215,0.0487584779500961,-0.0446497274570167
2026-09-17T08:28:24.967598,1789633704967598000,78.63959814453125,0.0065833969783037,0.064143094086647,0.0063683659881353
2026-09-17T08:28:24.977557,1789633704977557000,78.64955688476563,-0.0014849413281306,0.0362882879555225,0.0480408312000334
2026-09-17T08:28:24.987516,1789633704987516200,78.65951611328126,-0.0498771067164838,0.0101788641870021,0.0313441095516085
2026-09-17T08:28:24.997475,1789633704997475000,78.66947509765625,-0.0214895819481462,-0.0089689038753509,0.04906827455163
2026-09-17T08:28:25.007435,1789633705007435000,78.67943505859375,0.0405663671335205,-0.0831342102825641,0.087123572179675
2026-09-17T08:28:25.017394,1789633705017394200,78.68939428710938,0.0025340850548818,-0.0295440743923187,0.0759055742032825
2026-09-17T08:28:25.027353,1789633705027353000,78.69935302734375,-0.0248550032606348,0.0395002357393503,0.0471745697595179
2026-09-17T08:28:25.037312,1789633705037312000,78.70931201171875,-0.0277934313327074,0.0674357058912515,0.0198347274132072
2026-09-17T08:28:25.047272,1789633705047272000,78.71927197265624,-0.0327246406571939,0.0765782127678394,-0.037497663745284
2026-09-17T08:28:25.057230,1789633705057230800,78.72923095703125,-0.0030195670168846,0.0524544098585844,-0.0244803612619638
2026-09-17T08:28:25.067190,1789633705067190000,78.73918994140625,-0.0222073017634451,-0.0185936413109302,0.0234603705644607
2026-09-17T08:28:25.077150,1789633705077150200,78.74915014648437,-0.0556855737995356,-0.015134440767765,0.0507850153416395
2026-09-17T08:28:25.087109,1789633705087109000,78.75910913085937,-0.0192022016633301,-0.0064969608038663,0.0780474085375666
2026-09-17T08:28:25.097068,1789633705097068000,78.76906811523438,0.0849199977207928,-0.0268488439589738,0.0708572047725319
2026-09-17T08:28:25.107027,1789633705107027000,78.77902685546874,0.0326873043214902,0.0139823481231927,0.0183817521259188
2026-09-17T08:28:25.116987,1789633705116987000,78.78898681640625,-0.0256805308319628,0.0833200882434845,-0.049315381180495
2026-09-17T08:28:25.126946,1789633705126946000,78.79894604492188,-0.0128923974620178,0.0360778600752353,0.0429760951563715
2026-09-17T08:28:25.136905,1789633705136905000,78.80890502929688,0.0314523191664367,-0.0339940395385026,0.0438521473385393
2026-09-17T08:28:25.146865,1789633705146865200,78.818865234375,0.0621217077942565,-0.0805798496246337,0.029929566578567
2026-09-17T08:28:25.156824,1789633705156824000,78.82882397460938,0.0420167120723053,-0.031598668834567,0.0712123018205165
2026-09-17T08:28:25.166783,1789633705166783000,78.83878295898438,0.004699519460462,-0.0014466916769742,0.0896703340530395
2026-09-17T08:28:25.176742,1789633705176742100,78.8487421875,-0.0339822029702365,0.0109697223037481,0.0570031592041254
2026-09-17T08:28:25.186702,1789633705186702000,78.8587021484375,-0.0445598572164773,0.0394113884121179,0.0201548992782831
2026-09-17T08:28:25.196661,1789633705196661000,78.86866088867187,0.0093476375272497,0.023842063358426,-0.0065045595884323
2026-09-17T08:28:25.206620,1789633705206620000,78.87861987304687,0.0578348973205313,-0.0113935006737709,-0.0229886613994836
2026-09-17T08:28:25.216580,1789633705216580000,78.888580078125,0.044355274555087,0.0139922849953174,-0.00257364988029
2026-09-17T08:28:25.226539,1789633705226539000,78.8985390625,0.0074840356124565,0.000734744015336,0.0666191288113594
2026-09-17T08:28:25.236498,1789633705236498200,78.90849829101562,-0.0142382956456392,-0.0331698636740446,0.1805029898837208
2026-09-17T08:28:25.246457,1789633705246457000,78.91845703125,-0.0697522757379338,1.69511348009e-05,0.1576679116107523
2026-09-17T08:28:25.256417,1789633705256417000,78.9284169921875,-0.0800872438021004,0.0312719210982322,0.0654956777393817
2026-09-17T08:28:25.266376,1789633705266376000,78.9383759765625,0.0224974438164383,0.0223129540950059,-0.0611963731102645
2026-09-17T08:28:25.276335,1789633705276335000,78.94833520507812,0.0871191517328843,0.0301239201068878,-0.0905842340275645
2026-09-17T08:28:25.286294,1789633705286294000,78.9582939453125,0.081608571617864,0.0288999312698841,-0.0504246575966477
2026-09-17T08:28:25.296254,1789633705296254200,78.96825415039062,0.0226656399901956,0.0305447758674621,-0.0008799977049231
2026-09-17T08:28:25.306213,1789633705306213000,78.97821313476562,-0.1090829635966569,0.0602811579614877,0.0373632237106561
2026-09-17T08:28:25.316172,1789633705316172000,78.98817211914063,-0.0437479928443208,0.0181125797957181,0.0090673958137631
2026-09-17T08:28:25.326132,1789633705326132000,78.99813208007812,0.0044385304367169,-0.0134907652139663,0.0084545246124267
2026-09-17T08:28:25.336091,1789633705336091400,79.00809130859375,0.0359960270106792,-0.057208910909295,0.0686035806268453
2026-09-17T08:28:25.346050,1789633705346050600,79.01805053710937,0.0928609102552756,-0.0216547824472188,0.0939082638837397
2026-09-17T08:28:25.356009,1789633705356009500,79.02800952148438,0.0788662871723994,-0.0290326177388429,0.1351297704577446
2026-09-17T08:28:25.365969,1789633705365969400,79.03796948242187,0.02897270424515,-0.0239496153861284,0.0522873827286064
2026-09-17T08:28:25.375928,1789633705375928300,79.04792822265625,-0.0265285624960437,0.0150222125649452,-0.0200578686445951
2026-09-17T08:28:25.385887,1789633705385887500,79.05788745117188,-0.0531208744106814,-0.0084878423601388,0.0079395608276128
2026-09-17T08:28:25.395847,1789633705395847400,79.06784741210937,-0.053401481450349,0.0012263269245624,0.0321989728152751
2026-09-17T08:28:25.405806,1789633705405806300,79.07780639648438,-0.0443185592738911,0.0597270312100648,0.0330184725046157
2026-09-17T08:28:25.415765,1789633705415765200,79.08776513671874,0.0492492571417242,0.047583588951826,-0.0416945309132337
2026-09-17T08:28:25.425724,1789633705425724200,79.09772412109375,0.0639854558395221,0.0381289473861455,-0.0200166598513722
2026-09-17T08:28:25.435684,1789633705435684400,79.10768432617188,0.0653939709305763,0.0365659358531236,0.0158288527727127
2026-09-17T08:28:25.445643,1789633705445643500,79.1176435546875,-0.0215541716169565,0.045949850270152,0.0136339730769395
2026-09-17T08:28:25.455602,1789633705455602400,79.1276025390625,-0.0460225867127999,0.0417874698936939,0.0499611317381262
