timestamp_utc,time_ns,seconds_elapsed,x,y,z
2026-09-17T08:27:06.389282,1789633626389282000,0.061281982421875,-0.0074924672953784,0.0223504938185215,0.0249671433120965
2026-09-17T08:27:06.399241,1789633626399241000,0.071240966796875,-0.0024915835820138,0.0206647124141454,0.0219311397522687
2026-09-17T08:27:06.409201,1789633626409201000,0.081200927734375,0.004641693085432,0.0166507959365844,0.0124604059383273
2026-09-17T08:27:06.419159,1789633626419159800,0.091159912109375,0.017866151407361,0.0174183193594217,-0.0054576084949076
2026-09-17T08:27:06.429119,1789633626429119200,0.101119140625,0.037211887538433,0.0234250798821449,-0.0097538195550441
2026-09-17T08:27:06.439078,1789633626439078100,0.111078125,0.0428764298558235,0.0330646596848964,-0.0143080912530422
2026-09-17T08:27:06.449037,1789633626449037000,0.121037109375,0.0308365449309349,0.0330207161605358,-0.0049233785830438
2026-09-17T08:27:06.458996,1789633626458996000,0.130995849609375,0.0205801799893379,0.0311455838382244,0.0009885728359222
2026-09-17T08:27:06.468955,1789633626468955100,0.140955078125,0.0188714955002069,0.0293250456452369,0.0054757329635322
2026-09-17T08:27:06.478914,1789633626478914000,0.1509140625,0.0290916413068771,0.0271505750715732,0.0138218132779002
2026-09-17T08:27:06.488873,1789633626488873000,0.160873046875,0.0430322252213954,0.0309583619236946,0.0158838983625173
2026-09-17T08:27:06.498833,1789633626498833000,0.1708330078125,0.0567608214914798,0.0356460586190223,0.0173387844115495
2026-09-17T08:27:06.508791,1789633626508791800,0.180791748046875,0.0676198601722717,0.0354055762290954,0.0134803969413042
2026-09-17T08:27:06.518751,1789633626518751000,0.1907509765625,0.072667084634304,0.0440581850707531,0.0247775260359048
2026-09-17T08:27:06.528710,1789633626528710000,0.2007099609375,0.0559996888041496,0.0424419119954109,0.0235282368957996
2026-09-17T08:27:06.538669,1789633626538669000,0.2106689453125,0.019070966169238,0.0324244350194931,0.0148527231067419
2026-09-17T08:27:06.548628,1789633626548628000,0.2206279296875,-0.0219718087464571,0.023948922753334,0.0085860388353466
2026-09-17T08:27:06.558587,1789633626558587100,0.230587158203125,-0.041321538388729,0.0220652688294649,0.0080283731222152
2026-09-17T08:27:06.568546,1789633626568546000,0.240546142578125,-0.0391577184200286,0.0255699884146451,0.0103562418371438
2026-09-17T08:27:06.578505,1789633626578505000,0.2505048828125,-0.0308894030749797,0.0378223955631256,0.014112364500761
2026-09-17T08:27:06.588464,1789633626588464000,0.260464111328125,-0.0211417004466056,0.0407601259648799,-0.0006407491164281
2026-09-17T08:27:06.598424,1789633626598424000,0.270424072265625,0.0057652806863188,0.0469618290662765,-0.0030772751197218
2026-09-17T08:27:06.608383,1789633626608383000,0.280383056640625,0.0399690568447113,0.0580230019986629,-0.0139080844819545
2026-09-17T08:27:06.618342,1789633626618342000,0.290341796875,0.0706281661987304,0.0583867914974689,-0.0400249063968658
2026-09-17T08:27:06.628300,1789633626628300800,0.30030078125,0.0834164023399353,0.0576203353703022,-0.0325611308217048
2026-09-17T08:27:06.638260,1789633626638260000,0.310260009765625,0.0907057374715805,0.0579151436686515,-0.022135654464364
2026-09-17T08:27:06.648219,1789633626648219100,0.32021923828125,0.0942272320389747,0.0512061119079589,-0.0099423713982105
2026-09-17T08:27:06.658178,1789633626658178000,0.330177978515625,0.0646080896258354,0.045277114957571,-0.0145051656290888
2026-09-17T08:27:06.668137,1789633626668137000,0.340136962890625,0.0672510117292404,0.036763522773981,-0.0202754363417625
2026-09-17T08:27:06.678096,1789633626678096100,0.35009619140625,0.075707346200943,0.0404461398720741,-0.0047220434062182
2026-09-17T08:27:06.688056,1789633626688056000,0.36005615234375,0.0594298392534256,0.0547387935221195,0.0038549331948161
2026-09-17T08:27:06.698015,1789633626698015000,0.370014892578125,0.0646120905876159,0.052858866751194,-0.00509222317487
2026-09-17T08:27:06.707974,1789633626707974000,0.379973876953125,0.0407477654516696,0.0421817228198051,0.0040365606546401
2026-09-17T08:27:06.717933,1789633626717933000,0.38993310546875,0.029858099296689,0.0393494516611099,0.0092196054756641
2026-09-17T08:27:06.727892,1789633626727892000,0.39989208984375,0.0046286438591778,0.0210319627076387,-0.0174879059195518
2026-09-17T08:27:06.737851,1789633626737851000,0.409850830078125,0.0080534685403108,0.011245378293097,-0.0013598025543615
2026-09-17T08:27:06.747810,1789633626747810000,0.41981005859375,0.0281643290072679,0.0173610616475343,0.0114031312987208
2026-09-17T08:27:06.757769,1789633626757769200,0.429769287109375,0.0430980063974857,0.0199022497981786,0.0227905418723821
2026-09-17T08:27:06.767728,1789633626767728000,0.43972802734375,0.0339316725730896,0.0257508177310228,0.0374792069196701
2026-09-17T08:27:06.777688,1789633626777688000,0.44968798828125,0.015286348760128,0.0242796875536441,0.0303027853369712
2026-09-17T08:27:06.787647,1789633626787647000,0.45964697265625,-0.0011501493863761,0.0231374576687812,0.0183542482554912
2026-09-17T08:27:06.797606,1789633626797606000,0.46960595703125,-0.0060234679840505,0.0194058362394571,0.0059931850992143
2026-09-17T08:27:06.807565,1789633626807565000,0.47956494140625,-0.0113846771419048,0.0121937301009893,0.00126234581694
2026-09-17T08:27:06.817524,1789633626817524000,0.48952392578125,0.0012799850665032,0.0142595442011952,0.0117314988747239
2026-09-17T08:27:06.827483,1789633626827483000,0.49948291015625,0.0080201793462038,0.016584750264883,0.0168466325849294
2026-09-17T08:27:06.837442,1789633626837442000,0.509442138671875,0.0185170285403728,0.0148600870743393,0.0160380955785512
2026-09-17T08:27:06.847401,1789633626847401000,0.51940087890625,0.0208185315132141,0.0172899551689624,0.0130905099213123
2026-09-17T08:27:06.857360,1789633626857360100,0.529360107421875,0.0160762425512075,0.0127631137147545,0.0144796147942543
2026-09-17T08:27:06.867320,1789633626867320000,0.539320068359375,-0.0052311778999865,0.0070367846637964,0.0210048910230398
2026-09-17T08:27:06.877279,1789633626877279000,0.549279052734375,-0.0244016759097576,0.0068684732541441,0.0391775034368038
2026-09-17T08:27:06.887238,1789633626887238100,0.559238037109375,-0.0448254570364952,0.0066168047487735,0.0426827557384967
2026-09-17T08:27:06.897197,1789633626897197000,0.569197021484375,-0.0546919368207454,0.0017378934426233,0.0251317266374826
2026-09-17T08:27:06.907156,1789633626907156000,0.579156005859375,-0.0442281104624271,0.0048117139376699,0.0158612616360187
2026-09-17T08:27:06.917115,1789633626917115000,0.589114990234375,-0.0277655161917209,0.0103215277194976,0.0171419773250818
2026-09-17T08:27:06.927074,1789633626927074000,0.599073974609375,-0.018145378679037,0.0202069152146577,0.0181619673967361
2026-09-17T08:27:06.937033,1789633626937033000,0.609032958984375,-0.0052335741929709,0.0182598773390054,0.0169209334999322
2026-09-17T08:27:06.946993,1789633626946993200,0.6189931640625,0.0016280601266771,0.0145437028259038,0.0062155588530004
2026-09-17T08:27:06.956952,1789633626956952000,0.6289521484375,-0.0214261263608932,0.0006305511342361,-0.009365264326334
2026-09-17T08:27:06.966911,1789633626966911000,0.638910888671875,-0.0392887480556964,-0.0060555813834071,-0.0075511196628212
2026-09-17T08:27:06.976870,1789633626976870100,0.6488701171875,-0.046005506068468,-0.0077557433396577,0.0064499173313379
2026-09-17T08:27:06.986829,1789633626986829000,0.6588291015625,-0.0294558219611644,-0.0045037567615509,0.0116486744955182
2026-09-17T08:27:06.996788,1789633626996788000,0.6687880859375,6.13224692642e-05,0.0015061984304338,0.0164695288985967
2026-09-17T08:27:07.006747,1789633627006747000,0.678746826171875,0.0072459983639419,0.0093409521505236,0.0169073529541492
2026-09-17T08:27:07.016706,1789633627016706000,0.6887060546875,-0.0209614057093858,0.0107090175151824,0.007180422078818
2026-09-17T08:27:07.026665,1789633627026665000,0.6986650390625,-0.0495802648365497,0.0084280204027891,0.0144135681912302
2026-09-17T08:27:07.036625,1789633627036625000,0.708625,-0.0744858831167221,0.0032071594614535,0.0188426710665226
2026-09-17T08:27:07.046583,1789633627046583800,0.718583740234375,-0.0871132612228393,-0.0040472913533449,0.0306748300790786
2026-09-17T08:27:07.056543,1789633627056543200,0.728543212890625,-0.0854285433888435,0.003750710748136,0.0479800514876842
2026-09-17T08:27:07.066502,1789633627066502100,0.738502197265625,-0.0778760835528373,0.0052522011101245,0.0359926298260688
2026-09-17T08:27:07.076461,1789633627076461000,0.7484609375,-0.0406757220625877,0.0151282669976353,0.0289392471313476
2026-09-17T08:27:07.086420,1789633627086420000,0.758419921875,-0.0026508406735956,0.0206263624131679,0.0073926760815083
2026-09-17T08:27:07.096379,1789633627096379100,0.768379150390625,0.0220462493598461,0.0283979997038841,-0.0016777840210124
2026-09-17T08:27:07.106338,1789633627106338000,0.778338134765625,0.0160618610680103,0.0366442129015922,0.0048602763563394
2026-09-17T08:27:07.116297,1789633627116297000,0.788296875,-0.0021530957892537,0.0319341458380222,0.015928640961647
2026-09-17T08:27:07.126257,1789633627126257000,0.7982568359375,-0.0269154347479343,0.0328529365360736,0.0220549758523702
2026-09-17T08:27:07.136215,1789633627136215800,0.8082158203125,-0.0231196302920579,0.0258877035230398,-0.005819265730679
2026-09-17T08:27:07.146175,1789633627146175000,0.818175048828125,-0.0478606633841991,0.0158521141856908,0.011086480692029
2026-09-17T08:27:07.156134,1789633627156134000,0.8281337890625,-0.0207214541733264,0.0194077007472515,0.0017241379246115
2026-09-17T08:27:07.166093,1789633627166093000,0.838093017578125,-0.0080730374902486,0.029354341328144,0.0041729141958057
2026-09-17T08:27:07.176052,1789633627176052000,0.848052001953125,0.0310029927641153,0.0303703360259532,0.0075990711338818
2026-09-17T08:27:07.186011,1789633627186011100,0.85801123046875,0.0204462222754955,0.0479258932173252,0.0205505564808845
2026-09-17T08:27:07.195970,1789633627195970000,0.867969970703125,0.0090715959668159,0.0599620528519153,0.0121120642870664
2026-09-17T08:27:07.205930,1789633627205930000,0.877929931640625,-0.0041459393687546,0.0290387570858001,-0.011736542917788
2026-09-17T08:27:07.215889,1789633627215889000,0.887888916015625,-0.0224245451390743,0.0116238137707114,-0.0310993231832981
2026-09-17T08:27:07.225848,1789633627225848000,0.89784814453125,0.002352173672989,0.0122669665142893,-0.0136002227663993
2026-09-17T08:27:07.235807,1789633627235807000,0.907806884765625,0.0095994342118501,0.0138467540964484,0.0104246856644749
2026-09-17T08:27:07.245766,1789633627245766000,0.917765869140625,0.0044028079137206,0.0114557677879929,0.0150852175429463
2026-09-17T08:27:07.255724,1789633627255724800,0.927724853515625,-0.0043627205304801,0.0113851940259337,0.0016354545950889
2026-09-17T08:27:07.265683,1789633627265683700,0.93768359375,-0.0287761837244033,0.0079768812283873,-8.89421498868e-05
2026-09-17T08:27:07.275643,1789633627275643000,0.947642822265625,-0.0413287281990051,0.0063912346959114,-0.0151459220796823
2026-09-17T08:27:07.285601,1789633627285601800,0.957601806640625,-0.0503930635750293,-0.0039735222235322,-0.0113493194803595
2026-09-17T08:27:07.295561,1789633627295561700,0.967561767578125,-0.0382551737129688,0.0011016642674803,0.006043785251677
2026-09-17T08:27:07.305521,1789633627305521000,0.97752099609375,-0.0146145597100257,0.0131194442510604,0.0024498491548001
2026-09-17T08:27:07.315479,1789633627315479800,0.987479736328125,0.0080129886046051,0.0071289306506514,0.0156322307884693
2026-09-17T08:27:07.325438,1789633627325438700,0.997438720703125,0.011999474838376,0.0153767401352524,0.0310926791280508
2026-09-17T08:27:07.335397,1789633627335397600,1.007397705078125,-0.0052809785120189,0.0228178780525922,0.0390765704214572
2026-09-17T08:27:07.345356,1789633627345356800,1.017356689453125,-0.0295279957354068,0.0236839391291141,0.0490940511226654
2026-09-17T08:27:07.355315,1789633627355315700,1.027315673828125,-0.0421170257031917,0.0144193340092897,0.046356588602066
2026-09-17T08:27:07.365274,1789633627365274600,1.037274658203125,-0.0418264716863632,0.0213440842926502,0.0428731739521026
2026-09-17T08:27:07.375234,1789633627375234800,1.04723486328125,-0.0388277545571327,0.0197722874581813,0.0237285066395998
2026-09-17T08:27:07.385193,1789633627385193700,1.05719384765625,-0.0244506783783435,0.0191416516900062,0.0102507807314395
2026-09-17T08:27:07.395153,1789633627395153000,1.06715283203125,-0.0202367585152387,0.0235686227679252,-0.001553414389491
2026-09-17T08:27:07.405111,1789633627405111800,1.07711181640625,-0.0181054305285215,0.0237236190587282,0.0058661522343754
2026-09-17T08:27:07.415070,1789633627415070700,1.08707080078125,-0.025741247460246,0.0258280485868453,0.0103663625195622
2026-09-17T08:27:07.425029,1789633627425029600,1.097029541015625,-0.0317911505699157,0.0284043904393911,0.0115362890064716
2026-09-17T08:27:07.434988,1789633627434988800,1.10698876953125,-0.034197848290205,0.036377627402544,0.0180330704897642
2026-09-17T08:27:07.444947,1789633627444947700,1.11694775390625,-0.0415234044194221,0.0404541306197643,0.0187127087265253
2026-09-17T08:27:07.454906,1789633627454906600,1.12690673828125,-0.0381811372935771,0.0402506627142429,0.0219580363482236
2026-09-17T08:27:07.464866,1789633627464866600,1.136866455078125,-0.0265844035893678,0.0370492786169052,0.0194155164062976
2026-09-17T08:27:07.474826,1789633627474826000,1.146825927734375,-0.0249984916299581,0.0395904667675495,0.0180570390075445
2026-09-17T08:27:07.484785,1789633627484785000,1.156784912109375,-0.0251055508852005,0.0439146421849727,0.0169899109750986
2026-09-17T08:27:07.494743,1789633627494743800,1.166743896484375,-0.0244911592453718,0.0445415489375591,0.0196397546678781
2026-09-17T08:27:07.504702,1789633627504702700,1.17670263671875,-0.0163517389446496,0.0484188459813594,0.0102478517219424
2026-09-17T08:27:07.514662,1789633627514662000,1.186661865234375,0.0027401419356465,0.0565894320607185,0.0069689135998487
2026-09-17T08:27:07.524620,1789633627524620800,1.196620849609375,0.0110489381477236,0.0475211031734943,0.0004020910710096
2026-09-17T08:27:07.534579,1789633627534579700,1.206579833984375,-0.0078770825639367,0.0436501987278461,-0.0102055454626679
2026-09-17T08:27:07.544538,1789633627544538600,1.21653857421875,-0.0318007916212081,0.0441820323467254,-0.0106787895783782
2026-09-17T08:27:07.554498,1789633627554498600,1.22649853515625,-0.0557719022035598,0.0334857106208801,-0.0102870380505919
2026-09-17T08:27:07.564457,1789633627564457700,1.236457763671875,-0.0771877095103263,0.0380809977650642,-0.0070140133611857
2026-09-17T08:27:07.574417,1789633627574417000,1.2464169921875,-0.0751714333891868,0.0357451364398002,0.0054897940717637
2026-09-17T08:27:07.584375,1789633627584375800,1.256375732421875,-0.0719071999192237,0.0313509218394756,0.0207952465862035
2026-09-17T08:27:07.594334,1789633627594334700,1.266334716796875,-0.0807345137000083,0.0290060061961412,0.0281178746372461
2026-09-17T08:27:07.604294,1789633627604294000,1.2762939453125,-0.0952729731798172,0.0197690986096858,0.0312867686152458
2026-09-17T08:27:07.614252,1789633627614252800,1.286252685546875,-0.1022203639149665,0.0309834033250808,0.0338338166475296
2026-09-17T08:27:07.624211,1789633627624211700,1.296211669921875,-0.1082324460148811,0.0314718298614025,0.0279109477996826
2026-09-17T08:27:07.634171,1789633627634171000,1.3061708984375,-0.1088276654481887,0.0219038892537355,0.0373537167906761
2026-09-17T08:27:07.644130,1789633627644130800,1.316130859375,-0.0775911808013916,0.0220985654741525,0.0012489762157201
2026-09-17T08:27:07.654089,1789633627654089700,1.32608984375,-0.0664253458380699,0.0290062725543975,0.0320409759879112
2026-09-17T08:27:07.664048,1789633627664048600,1.336048583984375,-0.0426212139427661,0.0337751992046833,0.0163435079157352
2026-09-17T08:27:07.674007,1789633627674007600,1.346007568359375,-0.0379939712584018,0.0251404289156198,0.0070541347377002
2026-09-17T08:27:07.683967,1789633627683967000,1.355967041015625,-0.0051172487437725,0.0310100354254245,-0.0023436280898749
2026-09-17T08:27:07.693926,1789633627693926000,1.36592578125,0.0134236793965101,0.0338239334523677,-0.0314503833651542
2026-09-17T08:27:07.703884,1789633627703884800,1.375884765625,0.0075293043628335,0.0352031849324703,-0.0235471837222576
2026-09-17T08:27:07.713843,1789633627713843700,1.38584375,-0.0141839794814586,0.034303568303585,-0.019219547510147
2026-09-17T08:27:07.723803,1789633627723803600,1.3958037109375,-0.0373444259166717,0.0288712512701749,-0.0197468530386686
2026-09-17T08:27:07.733762,1789633627733762800,1.4057626953125,-0.0409831032156944,0.0330601371824741,-0.0099600022658705
2026-09-17T08:27:07.743721,1789633627743721700,1.4157216796875,-0.0324050635099411,0.0339925102889537,-0.0116545716300606
2026-09-17T08:27:07.753680,1789633627753680600,1.4256806640625,-0.0349646247923374,0.0341586917638778,-0.0137933567166328
2026-09-17T08:27:07.763639,1789633627763639800,1.435639892578125,-0.0345667488873004,0.0377065576612949,-0.0067101465538144
2026-09-17T08:27:07.773598,1789633627773598700,1.4455986328125,-0.0383329913020134,0.0348013117909431,0.0039102733135223
2026-09-17T08:27:07.783557,1789633627783557600,1.4555576171875,-0.0267786011099815,0.0291849710047245,0.0096166282892227
2026-09-17T08:27:07.793516,1789633627793516800,1.465516845703125,-0.0085926735773682,0.0225078947842121,0.0120414365082979
2026-09-17T08:27:07.803476,1789633627803476000,1.47547607421875,3.33050265908e-05,0.0261540282517671,0.0041773882694542
2026-09-17T08:27:07.813436,1789633627813436000,1.485435791015625,-0.0050014005973935,0.0254165977239608,0.0047917794436216
2026-09-17T08:27:07.823394,1789633627823394800,1.495394775390625,-0.0211747772991657,0.0339765325188636,0.0307536050677299
2026-09-17T08:27:07.833353,1789633627833353700,1.505353759765625,-0.0141432341188192,0.0047073261812329,0.0236424319446086
2026-09-17T08:27:07.843312,1789633627843312600,1.515312744140625,-0.0131541360169649,-0.0055458443239331,0.0326628237962722
2026-09-17T08:27:07.853271,1789633627853271800,1.525271728515625,-0.0173440873622894,-0.0078966161236166,0.0317104756832122
2026-09-17T08:27:07.863230,1789633627863230700,1.535230712890625,-0.0295480228960514,-0.0010203344281762,0.0250445865094661
2026-09-17T08:27:07.873189,1789633627873189600,1.545189697265625,-0.0426102951169014,0.0006404127925634,0.0261194389313459
2026-09-17T08:27:07.883148,1789633627883148500,1.5551484375,-0.0562225095927715,0.004293737001717,0.0299437381327152
2026-09-17T08:27:07.893107,1789633627893107700,1.565107666015625,-0.0698110237717628,0.0063310554251074,0.0359981656074523
2026-09-17T08:27:07.903068,1789633627903068000,1.57506787109375,-0.0757631883025169,0.0106160817667841,0.0246088933199644
2026-09-17T08:27:07.913026,1789633627913026800,1.58502685546875,-0.0616433769464492,0.0108762728050351,0.0130712809041142
2026-09-17T08:27:07.922985,1789633627922985700,1.59498583984375,-0.0227825287729501,0.0142459701746702,-0.0001957885979209
2026-09-17T08:27:07.932945,1789633627932945000,1.60494482421875,0.0065268906764686,0.0161197707056999,-0.0108500309288501
2026-09-17T08:27:07.942903,1789633627942903800,1.61490380859375,0.0163672715425491,0.020205857232213,-0.0126798888668417
2026-09-17T08:27:07.952862,1789633627952862700,1.62486279296875,0.0111107230186462,0.0174177940934896,-0.0089325550943613
2026-09-17T08:27:07.962821,1789633627962821600,1.634821533203125,0.002271159319207,0.0123026613146066,-0.0159332063049078
2026-09-17T08:27:07.972780,1789633627972780800,1.64478076171875,-0.0024330480955541,0.01097241230309,-0.0188064910471439
2026-09-17T08:27:07.982739,1789633627982739700,1.65473974609375,0.0008303893264383,0.0110544376075267,-0.014639176428318
2026-09-17T08:27:07.992700,1789633627992700000,1.664699951171875,0.0067793587222695,0.0172292422503232,-0.0163696985691785
2026-09-17T08:27:08.002658,1789633628002658800,1.674658935546875,0.0063396706245839,0.0179690681397914,-0.0175606645643711
2026-09-17T08:27:08.012617,1789633628012617700,1.68461767578125,-0.0013981438241899,0.0189746785908937,-0.0088846180588006
2026-09-17T08:27:08.022577,1789633628022577000,1.694576904296875,-0.0193060375750064,0.0154268154874444,-0.0005590437795035
2026-09-17T08:27:08.032535,1789633628032535800,1.704535888671875,-0.0309283398091793,0.0077534494921565,-0.0010421412298455
2026-09-17T08:27:08.042494,1789633628042494700,1.71449462890625,-0.0269359946250915,0.0007029970875009,0.0030295657925307
2026-09-17T08:27:08.052453,1789633628052453600,1.72445361328125,-0.0141184665262699,-0.0003380326088517,0.0034660580568015
2026-09-17T08:27:08.062412,1789633628062412800,1.734412841796875,0.0156215857714414,0.0005258967867121,0.0051723453216254
2026-09-17T08:27:08.072371,1789633628072371700,1.744371826171875,0.0201801192015409,-0.000793166924268,0.0065878154709935
2026-09-17T08:27:08.082331,1789633628082331600,1.75433154296875,0.0059846714138984,-0.0080007454380393,0.0056751500815153
2026-09-17T08:27:08.092290,1789633628092290600,1.76429052734375,-0.0157911982387304,-0.0151334898546338,0.0038543469272553
2026-09-17T08:27:08.102250,1789633628102250000,1.77425,-0.020737487822771,-0.0121890995651483,-0.002622727304697
2026-09-17T08:27:08.112209,1789633628112209000,1.784208984375,-0.0243167746812105,-0.0075112571939826,-0.0031167436391115
2026-09-17T08:27:08.122167,1789633628122167800,1.794167724609375,-0.0351340025663375,-0.0015098236035555,0.0035496810451149
2026-09-17T08:27:08.132126,1789633628132126700,1.804126708984375,-0.0455243252217769,-0.0003540115430951,0.0103756291791796
2026-09-17T08:27:08.142086,1789633628142086000,1.8140859375,-0.0514647737145423,-0.0037884239573031,0.0105484686791896
2026-09-17T08:27:08.152044,1789633628152044800,1.824044921875,-0.0426334664225578,-0.0089411083608865,0.0078474907204508
2026-09-17T08:27:08.162004,1789633628162004700,1.834004638671875,-0.014242835342884,-0.0146309519186615,0.0037845717743039
2026-09-17T08:27:08.171963,1789633628171963600,1.843963623046875,0.0169158820062875,-0.0109438048675656,-0.0073293317109346
2026-09-17T08:27:08.181922,1789633628181922600,1.853922607421875,0.0289187487214803,-0.0060294736176729,-0.012660713866353
2026-09-17T08:27:08.191881,1789633628191881700,1.8638818359375,0.0239833798259496,-0.002976692514494,-0.0120452577248215
2026-09-17T08:27:08.201840,1789633628201840600,1.873840576171875,0.0075583327561616,-0.0009457659907639,-0.0091858217492699
2026-09-17T08:27:08.211799,1789633628211799800,1.8837998046875,-0.0149981081485748,-0.0084585435688495,-0.0138958878815174
2026-09-17T08:27:08.221758,1789633628221758700,1.8937587890625,-0.0297890380024909,-0.0012056904379278,-0.0300183985382318
2026-09-17T08:27:08.231718,1789633628231718000,1.9037177734375,-0.0274305418133735,0.0039448630996048,-0.0362057238817215
2026-09-17T08:27:08.241676,1789633628241676800,1.9136767578125,-0.0099972244352102,0.0087883537635207,-0.0414950251579284
2026-09-17T08:27:08.251636,1789633628251636700,1.92363671875,0.010544535703957,0.0157983265817165,-0.0399999283254146
2026-09-17T08:27:08.261595,1789633628261595400,1.933595458984375,0.011353338137269,0.0160100478678941,-0.034421406686306
2026-09-17T08:27:08.271554,1789633628271554600,1.943554443359375,0.0157859027385711,0.0125865545123815,-0.0408396236598491
2026-09-17T08:27:08.281513,1789633628281513500,1.953513427734375,0.0027987314388155,0.0286315660923719,-0.0064313136972486
2026-09-17T08:27:08.291472,1789633628291472400,1.963472412109375,-0.0346975103020668,0.0118041178211569,-0.020985223352909
2026-09-17T08:27:08.301431,1789633628301431300,1.973431396484375,-0.0362695753574371,0.017250282689929,-0.0106417713686823
2026-09-17T08:27:08.311390,1789633628311390500,1.983390380859375,-0.0314694941043853,0.018840454518795,-0.0056416867300868
2026-09-17T08:27:08.321349,1789633628321349600,1.993349609375,-0.0191249437630176,0.0130954850465059,-0.0142154674977064
2026-09-17T08:27:08.331308,1789633628331308500,2.00330859375,-0.0099354395642876,0.0078794173896312,-0.0280428659170866
2026-09-17T08:27:08.341268,1789633628341268500,2.0132685546875,-0.0232453849166631,0.0577894523739814,-0.0123062469065189
2026-09-17T08:27:08.351227,1789633628351227600,2.0232275390625,0.050392348319292,0.0067712757736444,-0.0625102967023849
2026-09-17T08:27:08.361186,1789633628361186600,2.0331865234375,0.00904783885926,0.0428816117346286,-0.0331622622907161
2026-09-17T08:27:08.371145,1789633628371145500,2.0431455078125,0.0425421483814716,0.0121588511392474,-0.0520850867033004
2026-09-17T08:27:08.381104,1789633628381104400,2.0531044921875,0.0030304265674203,0.0205882880836725,-0.0283754952251911
2026-09-17T08:27:08.391063,1789633628391063600,2.0630634765625,0.0311398245394229,0.0103833209723234,-0.0148101514205336
2026-09-17T08:27:08.401022,1789633628401022500,2.0730224609375,0.0145451361313462,-0.0010094156023114,-0.0035529695451259
2026-09-17T08:27:08.410981,1789633628410981400,2.0829814453125,0.0168660804629325,-0.0041178567335009,-0.0049657761119306
2026-09-17T08:27:08.420941,1789633628420941600,2.092941650390625,0.0103320153430104,-0.0020507115405052,-0.0059543414972722
2026-09-17T08:27:08.430900,1789633628430900500,2.102900390625,0.0088427755981683,0.0042551215738058,-0.003073067869991
2026-09-17T08:27:08.440859,1789633628440859600,2.112859619140625,0.0190591942518949,0.0074642300605773,-0.0043210252188146
2026-09-17T08:27:08.450818,1789633628450818600,2.122818603515625,0.0207055602222681,0.0106616215780377,-0.0059476839378476
2026-09-17T08:27:08.460777,1789633628460777500,2.132777587890625,0.0092995073646307,0.007512966170907,-0.0024371049366891
2026-09-17T08:27:08.470736,1789633628470736400,2.142736328125,-0.0076347347348928,-0.0018216797616332,-0.0012421446153894
2026-09-17T08:27:08.480695,1789633628480695600,2.152695556640625,-0.0175797771662473,-0.0081040766090154,-0.0051604532636702
2026-09-17T08:27:08.490654,1789633628490654500,2.162654541015625,-0.0180855114012956,-0.0112351551651954,-0.0041700238361954
2026-09-17T08:27:08.500613,1789633628500613400,2.17261328125,-0.0128004681318998,-0.0111667113378643,-0.0024517523124814
2026-09-17T08:27:08.510573,1789633628510573600,2.182573486328125,-0.0089788315817713,-0.0127496942877769,-0.0031985025852918
2026-09-17T08:27:08.520532,1789633628520532700,2.19253271484375,-0.0062038181349635,-0.0148245627060532,-0.0008645083289593
2026-09-17T08:27:08.530491,1789633628530491600,2.20249169921875,0.0037927883677184,-0.0156198795884847,-0.0026013231836259
2026-09-17T08:27:08.540450,1789633628540450600,2.212450439453125,0.0181640051305294,-0.007654364220798,-0.0068991323933005
2026-09-17T08:27:08.550409,1789633628550409500,2.222409423828125,0.0161112397909164,-0.0043829372152686,-0.0118507482111454
2026-09-17T08:27:08.560368,1789633628560368600,2.23236865234375,0.0012369528412818,-0.0028779853601008,-0.0175829362124204
2026-09-17T08:27:08.570327,1789633628570327600,2.24232763671875,-0.0036600674502551,0.0034632675815373,-0.0108744334429502
2026-09-17T08:27:08.580286,1789633628580286500,2.252286376953125,-0.0137310773134231,0.006095003336668,-0.01409712433815
2026-09-17T08:27:08.590245,1789633628590245400,2.262245361328125,-0.0133345331996679,0.0017015865305438,-0.018433017656207
2026-09-17T08:27:08.600205,1789633628600205300,2.272205322265625,-0.0183300897479057,0.0045687453821301,-0.02051667496562
2026-09-17T08:27:08.610164,1789633628610164500,2.28216455078125,-0.0300301574170589,0.0003449722426012,-0.0227065905928611
2026-09-17T08:27:08.620123,1789633628620123600,2.29212353515625,-0.0383149832487106,-0.0001114935148507,-0.0193856302648782
2026-09-17T08:27:08.630082,1789633628630082600,2.30208251953125,-0.0331684239208698,0.0013830724637955,-0.0033025336451828
2026-09-17T08:27:08.640041,1789633628640041500,2.31204150390625,-0.0222718343138694,-0.0046636350452899,-0.002605584450066
2026-09-17T08:27:08.650000,1789633628650000600,2.322000732421875,-0.0129997730255126,-0.0051416717469692,0.0060182637535035
2026-09-17T08:27:08.659959,1789633628659959600,2.33195947265625,-0.0100202281028032,-0.0019389546941965,0.0020501539111137
2026-09-17T08:27:08.669918,1789633628669918500,2.34191845703125,-0.0104750972241163,0.001012094086036,-0.0009839856065809
2026-09-17T08:27:08.679877,1789633628679877600,2.351877685546875,-0.0167420469224452,0.0035564783029258,0.0012695812620222
2026-09-17T08:27:08.689837,1789633628689837600,2.361837646484375,-0.0105957388877868,0.0038536870852112,0.0042637735605239
2026-09-17T08:27:08.699796,1789633628699796500,2.37179638671875,-0.0037213205359876,0.0058156377635896,0.0136719224974513
2026-09-17T08:27:08.709755,1789633628709755400,2.38175537109375,-0.0011186129413545,0.0063328240066766,0.0231983158737421
2026-09-17T08:27:08.719714,1789633628719714300,2.39171435546875,-0.0007146117277443,0.0041138776578009,0.0184331219643354
2026-09-17T08:27:08.729673,1789633628729673700,2.401673828125,-0.0059546469710767,0.0043373173102736,0.015968631953001
2026-09-17T08:27:08.739632,1789633628739632600,2.411632568359375,-0.0091160852462053,0.0042856517247855,0.0107174115255475
2026-09-17T08:27:08.749591,1789633628749591600,2.421591552734375,-0.0099105071276426,0.0061860838904976,0.0029947771690785
2026-09-17T08:27:08.759550,1789633628759550500,2.431550537109375,-0.0021125050261616,0.0058718305081129,-0.0047036227770149
2026-09-17T08:27:08.769510,1789633628769510400,2.441510498046875,0.0028937053866684,0.0063842227682471,0.0040232897736132
2026-09-17T08:27:08.779469,1789633628779469600,2.451469482421875,-0.00419003656134,0.012838926166296,0.0058528818190097
2026-09-17T08:27:08.789428,1789633628789428500,2.461428466796875,-0.0155220534652471,0.014916724525392,0.0078079081140458
2026-09-17T08:27:08.799387,1789633628799387400,2.471387451171875,-0.0251898597925901,0.0141023295000195,0.0076822070404887
2026-09-17T08:27:08.809346,1789633628809346600,2.4813466796875,-0.01154675334692,0.0176802854984998,0.0126311592757701
2026-09-17T08:27:08.819305,1789633628819305500,2.491305419921875,0.0066966991871595,0.0081179402768611,0.0105477683246135
2026-09-17T08:27:08.829264,1789633628829264400,2.501264404296875,0.0302829854190349,0.0077778548002243,0.013290025293827
2026-09-17T08:27:08.839223,1789633628839223600,2.5112236328125,0.0473879352211952,0.007290762849152,0.0081591792404651
2026-09-17T08:27:08.849182,1789633628849182700,2.5211826171875,0.0502753369510173,0.0178376790136098,-0.0020553753711283
2026-09-17T08:27:08.859142,1789633628859142700,2.531142578125,0.0418775901198387,0.0226803719997406,-0.0248371195048093
2026-09-17T08:27:08.869101,1789633628869101600,2.5411015625,0.0336761176586151,0.0256692375987768,-0.0390986166894435
2026-09-17T08:27:08.879060,1789633628879060500,2.551060546875,0.0279929339885711,0.0262881554663181,-0.0311647895723581
2026-09-17T08:27:08.889019,1789633628889019400,2.561019287109375,0.0293295737355947,0.0229906309396028,-0.0182953309267759
2026-09-17T08:27:08.898978,1789633628898978600,2.570978515625,0.032413512468338,0.0246037058532238,-0.0048349164426326
2026-09-17T08:27:08.908937,1789633628908937500,2.5809375,0.0420882478356361,0.0320254042744636,-0.0019110318971797
2026-09-17T08:27:08.918896,1789633628918896400,2.590896484375,0.0469040386378765,0.0367328077554702,-0.0074887564405798
2026-09-17T08:27:08.928855,1789633628928855300,2.600855224609375,0.0629301443696022,0.0417552627623081,-0.008521263487637
2026-09-17T08:27:08.938814,1789633628938814500,2.610814453125,0.0785903334617614,0.0450860783457756,0.0192174222320318
2026-09-17T08:27:08.948774,1789633628948774700,2.620774658203125,0.1018256098031997,0.0178467333316802,-0.032590914517641
2026-09-17T08:27:08.958733,1789633628958733600,2.630733642578125,0.1150436773896217,0.0152000850066542,-0.0102595090866088
2026-09-17T08:27:08.968692,1789633628968692500,2.6406923828125,0.110948272049427,0.0150884985923767,-0.0117293074727058
2026-09-17T08:27:08.978651,1789633628978651600,2.650651611328125,0.1057756096124649,0.0204422511160373,-0.0251929182559251
2026-09-17T08:27:08.988610,1789633628988610600,2.660610595703125,0.0929817855358123,0.0163859892636537,-0.018917977809906
2026-09-17T08:27:08.998569,1789633628998569500,2.670569580078125,0.0784750133752822,0.0130447885021567,-0.0195062700659036
2026-09-17T08:27:09.008528,1789633629008528400,2.6805283203125,0.0793783590197563,0.0066657187417149,-0.0111759025603532
2026-09-17T08:27:09.018487,1789633629018487600,2.690487548828125,0.0706719532608985,0.0009359277319163,-0.0027957339771091
2026-09-17T08:27:09.028446,1789633629028446500,2.700446533203125,0.0424126200377941,-0.0033536257687956,0.0053578000515699
2026-09-17T08:27:09.038406,1789633629038406700,2.71040673828125,0.0217392984777688,-0.0064623337239027,0.0121262241154909
2026-09-17T08:27:09.048365,1789633629048365600,2.720365478515625,0.008859185501933,-0.0082961861044168,0.0152714168652892
2026-09-17T08:27:09.058324,1789633629058324500,2.730324462890625,0.0084365420043468,-0.012006502598524,0.0186632182449102
2026-09-17T08:27:09.068283,1789633629068283600,2.74028369140625,0.0121274180710315,-0.0222365036606788,0.0202139783650636
2026-09-17T08:27:09.078242,1789633629078242600,2.75024267578125,0.0382074862718582,-0.0172484014183282,0.0132338320836424
2026-09-17T08:27:09.088201,1789633629088201500,2.760201416015625,0.051619965583086,-0.0092184385284781,0.0054523423314094
2026-09-17T08:27:09.098160,1789633629098160400,2.770160400390625,0.0561918132007122,-0.0078676836565136,-0.0011594878742471
2026-09-17T08:27:09.108119,1789633629108119600,2.78011962890625,0.0401838198304176,-0.0148851126432418,-0.0013517681509256
2026-09-17T08:27:09.118078,1789633629118078500,2.790078369140625,0.0289974771440029,-0.0165764857083559,-0.0001410951372236
2026-09-17T08:27:09.128038,1789633629128038400,2.800038330078125,0.0223164055496454,-0.0243555810302495,0.0050360900349915
2026-09-17T08:27:09.137997,1789633629137997300,2.809997314453125,0.0157871339470148,-0.0289785601198673,0.0012690486619248
2026-09-17T08:27:09.147956,1789633629147956700,2.819956787109375,-9.88887622952e-05,-0.0337623991072177,-0.0047438363544642
2026-09-17T08:27:09.157915,1789633629157915600,2.82991552734375,-0.0238841120153665,-0.0337160602211952,-0.007230962626636
2026-09-17T08:27:09.167874,1789633629167874600,2.83987451171875,-0.0236809123307466,-0.0315186828374862,-0.0013957102783024
2026-09-17T08:27:09.177833,1789633629177833500,2.84983349609375,-0.0184499323368072,-0.0295077301561832,0.0036107660271227
2026-09-17T08:27:09.187792,1789633629187792600,2.859792724609375,-0.009651381522417,-0.0336332358419895,0.0031633549369871
2026-09-17T08:27:09.197751,1789633629197751600,2.86975146484375,0.0003985897637903,-0.0357523113489151,0.0017739839386194
2026-09-17T08:27:09.207710,1789633629207710500,2.87971044921875,0.0089060571044683,-0.0344710648059845,-0.0043299812823534
2026-09-17T08:27:09.217670,1789633629217670400,2.88967041015625,0.0026297860313206,-0.0371312946081161,-0.0015754736959934
2026-09-17T08:27:09.227629,1789633629227629300,2.89962939453125,-0.0002307151444256,-0.0320896655321121,0.0033945175819098
2026-09-17T08:27:09.237588,1789633629237588500,2.90958837890625,-0.0109874885529279,-0.0277812033891677,0.008293935097754
2026-09-17T08:27:09.247547,1789633629247547400,2.91954736328125,-0.0194912273436784,-0.0225014872848987,0.0180424358695745
2026-09-17T08:27:09.257506,1789633629257506600,2.929506591796875,-0.0310743823647499,-0.0249566547572612,0.0150921866297721
2026-09-17T08:27:09.267466,1789633629267466800,2.939466796875,-0.041713710874319,-0.0278376638889312,0.0171854309737682
2026-09-17T08:27:09.277425,1789633629277425700,2.94942578125,-0.0305864885449409,-0.0385318510234355,0.0149102928116917
2026-09-17T08:27:09.287384,1789633629287384800,2.959384765625,-0.0134676899760961,-0.0361123718321323,0.0197798833250999
2026-09-17T08:27:09.297343,1789633629297343700,2.96934375,0.0092528015375137,-0.0339869037270545,0.0219716634601354
2026-09-17T08:27:09.307304,1789633629307304000,2.979303955078125,0.0113596282899379,-0.0259849019348621,0.0243285614997148
2026-09-17T08:27:09.317262,1789633629317262800,2.989262939453125,-1.81947834789e-05,-0.01755359955132,0.0103411069139838
2026-09-17T08:27:09.327221,1789633629327221800,2.9992216796875,-0.0124761965125799,-0.0117066306993365,-0.0042346399277448
2026-09-17T08:27:09.337181,1789633629337181000,3.009180908203125,-0.0106950737535953,-0.0064839050173759,-0.0099897310137748
2026-09-17T08:27:09.347139,1789633629347139800,3.019139892578125,-0.00539245409891,-0.0030564169865101,-0.0101569779217243
2026-09-17T08:27:09.357098,1789633629357098800,3.0290986328125,-0.0151239112019538,-0.0027930305805057,-0.0019941227510571
2026-09-17T08:27:09.367058,1789633629367058000,3.039057861328125,-0.0190297029912471,-0.0061086658388376,-0.0031488691456615
2026-09-17T08:27:09.377016,1789633629377016800,3.049016845703125,-0.0153510775417089,-0.0033858499955385,-0.0038434215821325
2026-09-17T08:27:09.386976,1789633629386976800,3.058976806640625,-0.0038044112734496,-0.0036574925761669,-0.0028777592815458
2026-09-17T08:27:09.396935,1789633629396935700,3.068935791015625,-0.0327673517167568,0.0032462198287248,-0.0013163480907678
2026-09-17T08:27:09.406894,1789633629406894600,3.07889453125,-0.0100378058850765,0.0088300695642828,0.0008440081728622
2026-09-17T08:27:09.416854,1789633629416854000,3.08885400390625,-0.0038627344183623,0.0064651826396584,0.0027825231663882
2026-09-17T08:27:09.426813,1789633629426813000,3.09881298828125,-0.000143629964441,0.003593229688704,-0.0068234987556934
2026-09-17T08:27:09.436771,1789633629436771800,3.108771728515625,0.0260147377848625,0.0065125869587063,-0.0189858898520469
2026-09-17T08:27:09.446730,1789633629446730800,3.118730712890625,0.0402448065578937,0.0085254041478037,-0.0292553044855594
2026-09-17T08:27:09.456690,1789633629456690000,3.12868994140625,0.0461631491780281,0.0027846940793097,-0.0364152155816555
2026-09-17T08:27:09.466648,1789633629466648800,3.13864892578125,0.0373893640935421,0.0045980405993759,-0.0364943109452724
2026-09-17T08:27:09.476608,1789633629476608800,3.14860888671875,0.034801036119461,0.0060715675354003,-0.0229476075619459
2026-09-17T08:27:09.486567,1789633629486567700,3.158567626953125,0.0313410572707653,0.0040094819851219,-0.0113668516278266
2026-09-17T08:27:09.496526,1789633629496526600,3.168526611328125,0.0338596105575561,-0.0019791682716459,-0.0036087972111999
2026-09-17T08:27:09.506485,1789633629506485800,3.17848583984375,0.0423010326921939,-0.0020177841652184,-0.0059851356782019
2026-09-17T08:27:09.516444,1789633629516444700,3.188444580078125,0.0500668101012706,-0.0016353542450815,-0.0185073185712099
2026-09-17T08:27:09.526403,1789633629526403800,3.19840380859375,0.0476936660706996,6.05466775596e-05,-0.033472154289484
2026-09-17T08:27:09.536363,1789633629536363000,3.208363037109375,0.0392503812909126,0.0008858602959662,-0.0543888881802558
2026-09-17T08:27:09.546322,1789633629546322000,3.218322021484375,0.0198936536908149,-0.0026062328834086,-0.0470173321664333
2026-09-17T08:27:09.556280,1789633629556280800,3.22828076171875,0.0022709835320711,-0.0058731324970722,-0.0379069223999977
2026-09-17T08:27:09.566240,1789633629566240800,3.23824072265625,-0.0086080292239785,-0.0033074433449655,-0.0288519095629453
2026-09-17T08:27:09.576199,1789633629576199700,3.24819970703125,0.005613250657916,-0.0110417958348989,-0.0276585482060909
2026-09-17T08:27:09.586158,1789633629586158800,3.258158935546875,0.0166286174207925,-0.0119885494932532,-0.0181012619286775
2026-09-17T08:27:09.596117,1789633629596117800,3.26811767578125,0.031324740499258,-0.0127685889601707,-0.0098680993542075
2026-09-17T08:27:09.606076,1789633629606076700,3.27807666015625,0.0373016707599163,-0.0115699004381895,-0.0007587568834424
2026-09-17T08:27:09.616035,1789633629616035600,3.28803564453125,0.0378337688744068,-0.00767582654953,-0.0026408126577734
2026-09-17T08:27:09.625994,1789633629625994800,3.297994873046875,0.033560462296009,-0.0032083734404295,-0.0117677319794893
2026-09-17T08:27:09.635954,1789633629635954000,3.307953857421875,0.018512537702918,-0.0018147414084523,-0.0235716607421636
2026-09-17T08:27:09.645912,1789633629645912800,3.317912841796875,0.002334100427106,0.0020191452931612,-0.0286108944565057
2026-09-17T08:27:09.655872,1789633629655872800,3.327872802734375,-0.0004214723594486,-0.002508228411898,-0.0207804013043642
2026-09-17T08:27:09.665831,1789633629665831700,3.337831787109375,-0.0100583871826529,-0.0051386328414082,-0.0157475601881742
2026-09-17T08:27:09.675790,1789633629675790800,3.347790771484375,-0.008661026135087,-0.0050424924120306,-0.0127946464344859
2026-09-17T08:27:09.685749,1789633629685749800,3.357749755859375,0.0037287976592779,0.0045709861442446,-0.0170826017856597
2026-09-17T08:27:09.695708,1789633629695708700,3.367708740234375,0.0223735868930816,0.0081260399892926,-0.0243572928011417
2026-09-17T08:27:09.705667,1789633629705667800,3.377667724609375,0.0369546599686145,0.0187957286834716,-0.0361737385392189
2026-09-17T08:27:09.715626,1789633629715626800,3.387626708984375,0.0484555214643478,0.0188788194209337,-0.041526161134243
2026-09-17T08:27:09.725585,1789633629725585700,3.397585693359375,0.0436269454658031,0.0171168707311153,-0.0283320602029562
2026-09-17T08:27:09.735545,1789633629735545900,3.4075458984375,0.0337918922305107,0.0043595312163233,-0.0263733062893152
2026-09-17T08:27:09.745504,1789633629745504800,3.4175048828125,0.0261052101850509,-0.0088569382205605,-0.0226174499839544
2026-09-17T08:27:09.755464,1789633629755464000,3.4274638671875,0.0394564345479011,-0.0129699241369962,-0.0248731467872858
2026-09-17T08:27:09.765422,1789633629765422800,3.4374228515625,0.0410969406366348,-0.0049098674207925,-0.0365979820489883
2026-09-17T08:27:09.775381,1789633629775381800,3.4473818359375,0.054412480443716,-0.0095770563930273,-0.0593435056507587
2026-09-17T08:27:09.785340,1789633629785340700,3.457340576171875,0.0289864838123321,0.0091569498181343,-0.0407402627170085
2026-09-17T08:27:09.795299,1789633629795299800,3.4672998046875,0.0254266373813152,-0.001316996756941,-0.0420532003045082
2026-09-17T08:27:09.805258,1789633629805258800,3.4772587890625,-0.0181083232164382,-0.0036504582967609,-0.0177707634866237
2026-09-17T08:27:09.815217,1789633629815217700,3.4872177734375,-0.0290376730263233,-0.0127291744574904,-0.0142836198210716
2026-09-17T08:27:09.825177,1789633629825177900,3.497177734375,-0.0204244740307331,-0.0149840731173753,-0.0092241466045379
2026-09-17T08:27:09.835136,1789633629835136800,3.50713671875,-0.0117505593225359,-0.0108130294829607,-0.0066560609266161
2026-09-17T08:27:09.845096,1789633629845096000,3.517095947265625,-0.0060423398390412,-0.013789378106594,-0.0154410302639007
2026-09-17T08:27:09.855054,1789633629855054800,3.527054931640625,-0.012922883965075,-0.0158376153558492,-0.0053170234896242
2026-09-17T08:27:09.865013,1789633629865013800,3.537013671875,-0.0144834956154227,-0.0055847121402621,0.0097410222515463
2026-09-17T08:27:09.874973,1789633629874973000,3.546972900390625,-0.0229480862617492,0.0044207838363945,0.0174005404114723
2026-09-17T08:27:09.884931,1789633629884931800,3.556931884765625,-0.0245976485311985,0.007923106662929,0.0105785867199301
2026-09-17T08:27:09.894890,1789633629894890800,3.566890869140625,-0.0226860307157039,0.0088080754503607,-0.0039028851315379
2026-09-17T08:27:09.904849,1789633629904849700,3.576849609375,-0.013836613856256,0.0079731745645403,-0.0042349812574684
2026-09-17T08:27:09.914809,1789633629914809600,3.5868095703125,-0.0101864850148558,0.0036034598015248,-0.0162000302225351
2026-09-17T08:27:09.924768,1789633629924768800,3.596768798828125,-0.002630298025906,0.0030921327415853,-0.0060515231452882
2026-09-17T08:27:09.934728,1789633629934728000,3.60672802734375,0.0088726934045553,0.0088216578587889,-0.0047606891021132
2026-09-17T08:27:09.944686,1789633629944686800,3.616686767578125,0.0196963138878345,0.006044247187674,-0.0090747429057955
2026-09-17T08:27:09.954645,1789633629954645800,3.626645751953125,0.0217461474239826,0.0081111257895827,-0.0086715407669544
2026-09-17T08:27:09.964605,1789633629964605000,3.63660498046875,0.0171777606010437,0.0092288544401526,-0.0094877993687987
2026-09-17T08:27:09.974563,1789633629974563800,3.646563720703125,-0.1440952718257904,0.1101163253188133,0.044004987925291
2026-09-17T08:27:09.984522,1789633629984522800,3.656522705078125,-0.1066480427980423,0.0262653622776269,0.0322465971112251
2026-09-17T08:27:09.994482,1789633629994482700,3.666482666015625,-0.0826425775885582,0.0128243891522288,-0.0069588623009622
2026-09-17T08:27:10.004441,1789633630004441900,3.67644189453125,-0.0095135038718581,0.0253945086151361,0.0030871140770614
2026-09-17T08:27:10.014400,1789633630014400800,3.68640087890625,0.0111592840403318,0.0382165610790252,0.0127874119207263
2026-09-17T08:27:10.024359,1789633630024359700,3.696359619140625,0.0584479682147502,0.0387201644480228,0.005995019339025
2026-09-17T08:27:10.034318,1789633630034318600,3.706318603515625,0.0867094323039054,0.0342625677585601,-0.0043154084123671
2026-09-17T08:27:10.044278,1789633630044278000,3.716278076171875,0.0727147907018661,0.0476026087999343,0.0106638073921203
2026-09-17T08:27:10.054237,1789633630054237000,3.72623681640625,0.0852913036942482,0.0274483393877744,0.0159073062241077
2026-09-17T08:27:10.064195,1789633630064195800,3.73619580078125,0.0436367988586425,-0.0085626589134335,0.0084190294146537
2026-09-17T08:27:10.074154,1789633630074154800,3.74615478515625,0.0158954486250877,-0.0062774000689387,0.0083822775632143
2026-09-17T08:27:10.084114,1789633630084114700,3.75611474609375,0.0249571204185485,-0.0002517323009669,0.0291570648550987
2026-09-17T08:27:10.094073,1789633630094073900,3.766073974609375,0.0360960587859153,0.022571824491024,0.0673175007104873
2026-09-17T08:27:10.104032,1789633630104032800,3.77603271484375,0.0189578179270029,0.0287141390144824,0.0700581595301628
2026-09-17T08:27:10.113991,1789633630113991700,3.78599169921875,0.0057639852166175,0.0158188473433256,0.0362530574202537
2026-09-17T08:27:10.123950,1789633630123950600,3.79595068359375,0.00876803137362,0.0275660511106252,0.0337451584637165
2026-09-17T08:27:10.133909,1789633630133909800,3.80590966796875,0.0142610669136047,0.035491082817316,0.0243106447160244
2026-09-17T08:27:10.143868,1789633630143868700,3.81586865234375,-0.0062700407579541,0.0600981600582599,0.0277490504086017
2026-09-17T08:27:10.153827,1789633630153827800,3.825827880859375,-0.0010244119912385,0.0400448217988014,0.0129607841372489
2026-09-17T08:27:10.163787,1789633630163787000,3.835787109375,0.0041631595231592,0.0264022499322891,0.0174540691077709
2026-09-17T08:27:10.173747,1789633630173747000,3.845746826171875,0.0200273431837558,0.0884083658456802,0.0633885413408279
2026-09-17T08:27:10.183705,1789633630183705900,3.855705810546875,0.0349375829100608,0.0676620751619339,0.0467682816088199
2026-09-17T08:27:10.193664,1789633630193664800,3.865664794921875,-0.0053773485124111,0.0871899649500846,0.0748158991336822
2026-09-17T08:27:10.203623,1789633630203623700,3.875623779296875,-0.0091174924746155,0.0649890601634979,0.0530626624822616
2026-09-17T08:27:10.213582,1789633630213582800,3.885582763671875,-0.0615386217832565,0.0163102000951766,0.0200610384345054
2026-09-17T08:27:10.223541,1789633630223541800,3.895541748046875,-0.0649570599198341,-0.009262004867196,0.0288167130202054
2026-09-17T08:27:10.233500,1789633630233500700,3.905500732421875,-0.0304707176983356,-0.0222784709185361,0.021634966135025
2026-09-17T08:27:10.243459,1789633630243459600,3.91545947265625,-0.0583316460251808,-0.0249040815979242,0.0408360920846462
2026-09-17T08:27:10.253418,1789633630253418800,3.925418701171875,-0.0799096375703811,-0.0122215757146477,0.0429130904376506
2026-09-17T08:27:10.263377,1789633630263377700,3.935377685546875,-0.1181310638785362,0.0056239999830722,0.0360040515661239
2026-09-17T08:27:10.273336,1789633630273336600,3.945336669921875,-0.1495515555143356,0.0197994746267795,0.0447477437555789
2026-09-17T08:27:10.283295,1789633630283295700,3.955295654296875,-0.1355417370796203,0.0188287515193223,0.0575458295643329
2026-09-17T08:27:10.293254,1789633630293254700,3.965254638671875,-0.0945682153105735,0.0062527721747756,0.0422220006585121
2026-09-17T08:27:10.303213,1789633630303213600,3.975213623046875,-0.0536841638386249,-0.0105389906093478,0.0086589800193905
2026-09-17T08:27:10.313172,1789633630313172500,3.98517236328125,-0.0274091474711895,-0.0187447220087051,-0.0267637260258197
2026-09-17T08:27:10.323131,1789633630323131600,3.995131591796875,-0.0119433728978037,-0.0025492410641163,-0.0399048291146755
2026-09-17T08:27:10.333090,1789633630333090600,4.005090576171875,0.0175308957695961,-0.0072305453941226,-0.0552188009023666
2026-09-17T08:27:10.343050,1789633630343050800,4.01505078125,0.0008070438634604,-0.0140548963099718,-0.0313757881522178
2026-09-17T08:27:10.353009,1789633630353009700,4.025009765625,-0.0157535560429096,-0.0173678677529096,-0.0205076932907104
2026-09-17T08:27:10.362968,1789633630362968600,4.034968505859375,-0.0359408520162105,-0.009440703317523,-0.053914651274681
2026-09-17T08:27:10.372927,1789633630372927700,4.044927734375,-0.0355525612831115,-0.0231836792081594,-0.0508291125297546
2026-09-17T08:27:10.382886,1789633630382886700,4.05488671875,-0.0469884425401687,-0.0284636616706848,-0.0496962070465087
2026-09-17T08:27:10.392845,1789633630392845600,4.064845458984375,-0.0019730301573872,-0.0559903644025325,-0.0686597749590873
2026-09-17T08:27:10.402804,1789633630402804700,4.0748046875,-0.0059131765738129,-0.0537953861057758,-0.0669071525335311
2026-09-17T08:27:10.412763,1789633630412763600,4.084763671875,0.0306107439100742,-0.080216072499752,-0.1214066073298454
2026-09-17T08:27:10.422722,1789633630422722600,4.09472265625,0.0165915992110967,-0.0566407069563865,-0.1299327164888382
2026-09-17T08:27:10.432682,1789633630432682500,4.1046826171875,-0.0414855517446994,-0.0624019242823123,-0.0521766729652881
2026-09-17T08:27:10.442641,1789633630442641700,4.1146416015625,-0.0559172220528125,-0.0507367439568042,-0.0781249180436134
2026-09-17T08:27:10.452600,1789633630452600800,4.124600830078125,-0.0229680612683296,-0.0336674824357032,-0.0478815287351608
2026-09-17T08:27:10.462559,1789633630462559700,4.134559814453125,0.0159859955310821,-0.0427800193428993,-0.0420609228312969
2026-09-17T08:27:10.472518,1789633630472518700,4.1445185546875,0.0361794158816337,-0.0370435714721679,-0.0381817631423473
2026-09-17T08:27:10.482477,1789633630482477600,4.1544775390625,0.0256162546575069,-0.0260095596313476,-0.0071447510272264
2026-09-17T08:27:10.492436,1789633630492436700,4.164436767578125,0.0039485087618231,-0.0186533760279417,-0.0026480033993721
2026-09-17T08:27:10.502395,1789633630502395600,4.174395751953125,0.0003369958139955,-0.010453769005835,0.0017890892922878
2026-09-17T08:27:10.512354,1789633630512354600,4.1843544921875,-0.0238775312900543,-0.0082420138642191,0.0129687739536166
2026-09-17T08:27:10.522314,1789633630522314500,4.194314453125,-0.0376740358769893,-0.0099323224276304,0.0288659799844026
2026-09-17T08:27:10.532273,1789633630532273400,4.2042734375,-0.0285649597644805,-0.0122250374406576,0.0354812741279602
2026-09-17T08:27:10.542232,1789633630542232600,4.214232666015625,-0.0151274474337697,-0.014803510159254,0.0312345959246158
2026-09-17T08:27:10.552191,1789633630552191700,4.224191650390625,-0.0116845136508345,-0.017425924539566,0.023112753406167
2026-09-17T08:27:10.562150,1789633630562150700,4.234150634765625,-0.0134322345256805,-0.0097193578258156,0.0143366176635026
2026-09-17T08:27:10.572109,1789633630572109800,4.24410986328125,0.0179627053439617,-0.0075723174959421,0.0043785260058939
2026-09-17T08:27:10.582068,1789633630582068700,4.25406884765625,0.0248222090303897,-0.0168776698410511,0.0008703438797965
2026-09-17T08:27:10.592027,1789633630592027600,4.264027587890625,0.0410672277212142,0.0038281423039734,0.0045039607211947
2026-09-17T08:27:10.601987,1789633630601987600,4.273987548828125,0.025776419788599,-0.0247254706919193,-0.0084666991606354
2026-09-17T08:27:10.611946,1789633630611946500,4.283946533203125,0.0119468914344906,-0.0225264988839626,0.0012218811316415
2026-09-17T08:27:10.621905,1789633630621905700,4.29390576171875,0.0119551476091146,-0.0150494081899523,-0.0155800022184848
2026-09-17T08:27:10.631864,1789633630631864600,4.303864501953125,0.0291192196309566,-0.0059475228190422,-0.0101431589573621
2026-09-17T08:27:10.641823,1789633630641823500,4.313823486328125,0.0402403138577938,0.0032257353886961,-0.0030583513434976
2026-09-17T08:27:10.651782,1789633630651782400,4.323782470703125,0.0423237048089504,0.0062928977422416,0.0024506635963916
2026-09-17T08:27:10.661741,1789633630661741800,4.333741943359375,0.0433197282254695,0.0109342550858855,0.0031316338572651
2026-09-17T08:27:10.671700,1789633630671700700,4.34370068359375,0.0335421971976757,0.0188920460641384,-0.0163091756403446
2026-09-17T08:27:10.681659,1789633630681659600,4.35365966796875,0.0143200336024165,0.0185503624379634,-0.0250427462160587
2026-09-17T08:27:10.691619,1789633630691619600,4.36361962890625,-0.0004061814397573,0.0149756018072366,-0.0306361839175224
2026-09-17T08:27:10.701578,1789633630701578500,4.37357861328125,-0.0062470259144902,0.0115723479539155,-0.0209401454776525
2026-09-17T08:27:10.711537,1789633630711537700,4.38353759765625,0.0029683099128305,0.0028984327800571,-0.0001307383645325
2026-09-17T08:27:10.721496,1789633630721496600,4.39349658203125,0.0234940908849239,0.00785936973989,0.0073468852788209
2026-09-17T08:27:10.731455,1789633630731455500,4.40345556640625,0.0336822792887687,0.0032121532130986,0.024605767801404
2026-09-17T08:27:10.741414,1789633630741414700,4.41341455078125,0.0223561227321624,0.0038811392150819,0.0424843691289424
2026-09-17T08:27:10.751373,1789633630751373600,4.42337353515625,0.0156857036054134,0.0063022188842296,0.0425972864031791
2026-09-17T08:27:10.761332,1789633630761332700,4.433332763671875,0.0034495431464165,0.0057858321815729,0.039910688996315
2026-09-17T08:27:10.771291,1789633630771291600,4.443291748046875,0.0180330127477645,0.0132892886176705,0.0192331057041883
2026-09-17T08:27:10.781251,1789633630781251600,4.45325146484375,0.0268669854849576,0.0215509459376335,0.0026005995459854
2026-09-17T08:27:10.791210,1789633630791210800,4.463210693359375,0.016752565279603,0.0159386005252599,-0.0147227309644222
2026-09-17T08:27:10.801169,1789633630801169700,4.473169677734375,-0.0100380359217524,-0.0134357986971735,-0.0132721066474914
2026-09-17T08:27:10.811128,1789633630811128600,4.483128662109375,-0.0266918465495109,0.0020659286528825,-0.0116715468466281
2026-09-17T08:27:10.821087,1789633630821087500,4.49308740234375,-0.0541660822927951,-0.0190052688121795,0.0084744673222303
2026-09-17T08:27:10.831046,1789633630831046700,4.503046630859375,-0.0316538475453853,-0.0084639443084597,0.0213958583772182
2026-09-17T08:27:10.841005,1789633630841005600,4.513005615234375,-0.0215351693332195,-0.0015293387696146,0.0307731144130229
2026-09-17T08:27:10.850964,1789633630850964500,4.522964599609375,-0.0455901697278022,-0.014324496500194,0.0415738336741924
2026-09-17T08:27:10.860924,1789633630860924700,4.532924560546875,-0.0263712033629417,-0.0055059711448848,0.0474932417273521
2026-09-17T08:27:10.870883,1789633630870883600,4.542883544921875,-0.0114487130194902,-0.0193072706460952,0.0248148255050182
2026-09-17T08:27:10.880842,1789633630880842800,4.5528427734375,-0.0113456472754478,-0.0083968322724103,0.0062523260712623
2026-09-17T08:27:10.890801,1789633630890801700,4.5628017578125,-0.0301326513290405,-0.0280501618981361,-0.0176860298961401
2026-09-17T08:27:10.900760,1789633630900760600,4.572760498046875,0.0039454237557947,-0.0098631689324975,-0.0280249528586864
2026-09-17T08:27:10.910719,1789633630910719700,4.5827197265625,-0.0409405566751956,-0.0219238251447677,-0.0350951105356216
2026-09-17T08:27:10.920678,1789633630920678700,4.5926787109375,-0.0367191806435585,-0.0423870235681533,-0.0330846905708313
2026-09-17T08:27:10.930637,1789633630930637600,4.602637451171875,-0.0203074514865875,-0.0437247306108474,-0.0322511233389377
2026-09-17T08:27:10.940596,1789633630940596500,4.612596435546875,-0.0471140332520008,-0.040809366852045,-0.0230970401316881
2026-09-17T08:27:10.950556,1789633630950556400,4.622556396484375,-0.0592188984155654,-0.0509072765707969,-0.015485992655158
2026-09-17T08:27:10.960515,1789633630960515800,4.632515869140625,-0.030897244811058,-0.0371107682585716,-0.008439534343779
2026-09-17T08:27:10.970474,1789633630970474800,4.642474853515625,-0.011433532461524,-0.018881432712078,-0.0048602460883557
2026-09-17T08:27:10.980433,1789633630980433700,4.65243359375,0.0124861812219023,-0.0056718857958912,0.0038618727121502
2026-09-17T08:27:10.990392,1789633630990392600,4.662392578125,0.0442217402160167,0.0083717610687017,0.0046914471313357
2026-09-17T08:27:11.000351,1789633631000351700,4.672351806640625,0.0655278265476226,0.0257502198219299,-0.0045550479553639
2026-09-17T08:27:11.010310,1789633631010310700,4.682310546875,0.0616979375481605,0.0241967961192131,-0.0082355365157127
2026-09-17T08:27:11.020269,1789633631020269600,4.69226953125,0.0502719096839427,0.0236660279333591,-0.002799225738272
2026-09-17T08:27:11.030229,1789633631030229500,4.7022294921875,0.0380650460720062,0.0164304859936237,-0.0045111058279871
2026-09-17T08:27:11.040188,1789633631040188700,4.712188720703125,0.0196852385997772,0.0249848254024982,0.0040118088945746
2026-09-17T08:27:11.050147,1789633631050147600,4.722147705078125,0.0041097407229244,0.0273590348660945,0.011182103306055
2026-09-17T08:27:11.060106,1789633631060106500,4.7321064453125,0.004017861559987,0.033544223755598,0.0307464841753244
2026-09-17T08:27:11.070065,1789633631070065700,4.742065673828125,0.0156462881714105,0.0282445363700389,0.0306913554668426
2026-09-17T08:27:11.080024,1789633631080024800,4.75202490234375,0.0324676111340522,0.0314006470143795,0.0360056944191455
2026-09-17T08:27:11.089983,1789633631089983700,4.761983642578125,0.0390472188591957,0.0363983362913131,0.037633154541254
2026-09-17T08:27:11.099942,1789633631099942700,4.771942626953125,0.0332074388861656,0.0438732951879501,0.0350283160805702
2026-09-17T08:27:11.109901,1789633631109901600,4.781901611328125,0.0110787004232406,0.0464786663651466,0.0392158702015876
2026-09-17T08:27:11.119861,1789633631119861500,4.791861572265625,-0.0225058905780315,0.0398974604904651,0.0422942191362381
2026-09-17T08:27:11.129820,1789633631129820700,4.801820556640625,-0.0140934977680444,0.0379541553556919,0.041297398507595
2026-09-17T08:27:11.139779,1789633631139779600,4.811779541015625,0.0112070646136999,0.0238884016871452,0.0139736291021108
2026-09-17T08:27:11.149738,1789633631149738500,4.821738525390625,0.0150702465325593,0.025058064609766,0.0063604502938687
2026-09-17T08:27:11.159697,1789633631159697400,4.831697509765625,-0.0004392047412693,0.0658475756645202,0.0218187682330608
2026-09-17T08:27:11.169656,1789633631169656600,4.841656494140625,0.0152947511523962,0.042936660349369,0.0304199792444705
2026-09-17T08:27:11.179615,1789633631179615700,4.85161572265625,0.0312215201556682,0.0340374410152435,0.0166794005781412
2026-09-17T08:27:11.189574,1789633631189574700,4.86157470703125,0.0434944294393062,0.0292719826102256,-0.0109303891658782
2026-09-17T08:27:11.199533,1789633631199533800,4.871533935546875,0.0473392382264137,0.0142283188179135,-0.008257906883955
2026-09-17T08:27:11.209493,1789633631209493800,4.88149365234375,0.0258496571332216,0.0021279803477227,-0.0014892168110236
2026-09-17T08:27:11.219452,1789633631219452700,4.89145263671875,-0.0041716247797012,-0.0089917825534939,-0.0023952242918312
2026-09-17T08:27:11.229411,1789633631229411600,4.90141162109375,-0.0077104335650801,-0.0006086840294301,0.0199457667768001
2026-09-17T08:27:11.239370,1789633631239370500,4.91137060546875,-0.0125043895095586,0.0045400052331388,0.0208531059324741
2026-09-17T08:27:11.249329,1789633631249329700,4.92132958984375,-0.0170775689184665,0.0160283483564853,-0.0155384559184312
2026-09-17T08:27:11.259288,1789633631259288600,4.93128857421875,-0.0120974592864513,0.0190134868025779,-0.0553207546472549
2026-09-17T08:27:11.269247,1789633631269247700,4.941247802734375,-0.0004421342164278,0.0233917236328125,-0.0492181219160556
2026-09-17T08:27:11.279207,1789633631279207000,4.95120703125,0.009617157280445,0.0277656987309455,-0.0312524363398551
2026-09-17T08:27:11.289166,1789633631289166800,4.961166748046875,-0.0010024630464613,0.0162898711860179,-0.0074967755936086
2026-09-17T08:27:11.299126,1789633631299126000,4.9711259765625,0.012657156214118,0.018628392368555,-0.0002210195234511
2026-09-17T08:27:11.309085,1789633631309085000,4.9810849609375,0.0269050672650337,0.0137340361252427,-0.0086488593369722
2026-09-17T08:27:11.319043,1789633631319043800,4.9910439453125,0.0251258108764886,0.0110967075452208,0.0110081993043422
2026-09-17T08:27:11.329002,1789633631329002800,5.001002685546875,0.0215550437569618,0.0251605957746505,0.0340554639697074
2026-09-17T08:27:11.338962,1789633631338962000,5.0109619140625,0.0179158337414264,0.0388649553060531,0.0677617639303207
2026-09-17T08:27:11.348920,1789633631348920800,5.0209208984375,0.0235446915030479,0.0382004976272583,0.0732792988419532
2026-09-17T08:27:11.358879,1789633631358879700,5.030879638671875,0.0187541972845792,0.0345168113708496,0.047158483415842
2026-09-17T08:27:11.368839,1789633631368839000,5.0408388671875,0.0114014763385057,0.0194976478815078,0.0160945709794759
2026-09-17T08:27:11.378798,1789633631378798800,5.050798828125,-0.0162610448896884,0.0109052266925573,-0.0008122413419187
2026-09-17T08:27:11.388758,1789633631388758000,5.060758056640625,-0.0433959923684597,-0.006255118176341,-0.0031129461713135
2026-09-17T08:27:11.398717,1789633631398717000,5.070717041015625,-0.0528952218592166,-0.0125534944236278,0.0020290852990001
2026-09-17T08:27:11.408675,1789633631408675800,5.08067578125,-0.0327004715800285,-0.0092442501336336,0.0151566052809357
2026-09-17T08:27:11.418635,1789633631418635000,5.090635009765625,-0.0046928049996495,-0.0160832479596138,0.004699969664216
2026-09-17T08:27:11.428594,1789633631428594000,5.100593994140625,0.0313642621040344,-0.0330731496214866,-0.0235013086348772
2026-09-17T08:27:11.438552,1789633631438552800,5.110552734375,0.040486391633749,-0.019569057971239,-0.0279687605798244
2026-09-17T08:27:11.448511,1789633631448511700,5.12051171875,0.0614838190376758,-0.0138864060863852,-0.0333254411816597
2026-09-17T08:27:11.458471,1789633631458471700,5.1304716796875,0.0666804462671279,-0.0085478331893682,-0.0229138154536485
2026-09-17T08:27:11.468431,1789633631468431000,5.14043115234375,0.073689617216587,-0.0125257968902587,-0.013990893959999
2026-09-17T08:27:11.478390,1789633631478390000,5.15039013671875,0.0508852340281009,-0.0307873599231243,-0.005497274454683
2026-09-17T08:27:11.488349,1789633631488349000,5.160348876953125,0.0254573728889226,-0.027539100497961,2.21270747715e-05
2026-09-17T08:27:11.498307,1789633631498307800,5.170307861328125,0.0123189352452754,-0.0347237773239612,-0.00941052287817
2026-09-17T08:27:11.508267,1789633631508267000,5.18026708984375,-0.0143678039312362,-0.0166877843439579,-0.0091298259794712
2026-09-17T08:27:11.518226,1789633631518226000,5.190225830078125,-0.0423459075391292,-0.0114554725587368,-0.0080826710909605
2026-09-17T08:27:11.528184,1789633631528184800,5.200184814453125,-0.0432063750922679,-0.0165202729403972,-0.0226605478674173
2026-09-17T08:27:11.538144,1789633631538144000,5.21014404296875,-0.0293448902666568,-0.0249092280864715,-0.0067793200723826
2026-09-17T08:27:11.548104,1789633631548104000,5.22010400390625,-0.0383857861161232,-0.0123937046155333,0.0081785907968878
2026-09-17T08:27:11.558062,1789633631558062800,5.230062744140625,-0.032613918185234,-0.0120384385809302,0.0037465577479451
2026-09-17T08:27:11.568021,1789633631568021800,5.240021728515625,-0.0144042894244194,-0.0130539024248719,0.0002935031952802
2026-09-17T08:27:11.577981,1789633631577981000,5.24998095703125,-0.0071511045098304,-0.0148397432640194,-0.0036272718571126
2026-09-17T08:27:11.587940,1789633631587940000,5.259940185546875,-0.0120079107582569,-0.0290295984596014,0.0027027959004044
2026-09-17T08:27:11.597899,1789633631597899000,5.26989892578125,-0.0037236157804727,-0.0396585389971733,0.0163349844515323
2026-09-17T08:27:11.607858,1789633631607858000,5.27985791015625,-0.022083980962634,-0.0392457507550716,0.0269181206822395
2026-09-17T08:27:11.617816,1789633631617816800,5.28981689453125,-0.0212304387241601,-0.0355727188289165,0.0259234309196472
2026-09-17T08:27:11.627776,1789633631627776800,5.29977685546875,-0.0285882204771041,-0.0333503112196922,0.0170013085007667
2026-09-17T08:27:11.637736,1789633631637736000,5.30973583984375,-0.05176517739892,-0.0296969879418611,0.0167472418397665
2026-09-17T08:27:11.647694,1789633631647694800,5.31969482421875,-0.0723210498690605,-0.0245221983641386,0.0155682610347867
2026-09-17T08:27:11.657653,1789633631657653800,5.32965380859375,-0.0683513432741165,-0.0209554266184568,0.013174345716834
2026-09-17T08:27:11.667612,1789633631667612700,5.33961279296875,-0.051276221871376,-0.017838729545474,-0.0030879816040396
2026-09-17T08:27:11.677571,1789633631677571800,5.34957177734375,-0.029164794832468,-0.0250761359930038,-0.0230334606021642
2026-09-17T08:27:11.687531,1789633631687531000,5.359531005859375,-0.0315192937850952,-0.0360491573810577,-0.0337462946772575
2026-09-17T08:27:11.697490,1789633631697490000,5.369489990234375,-0.0304692089557647,-0.04789649695158,-0.0363231673836708
2026-09-17T08:27:11.707448,1789633631707448800,5.37944873046875,-0.0142822507768869,-0.0415911935269832,-0.0260329786688089
2026-09-17T08:27:11.717408,1789633631717408800,5.38940869140625,-0.0004343460313975,-0.0256175566464662,-0.0167398769408464
2026-09-17T08:27:11.727368,1789633631727368000,5.399367919921875,0.0306202434003353,-0.0124703291803598,-0.0178895648568868
2026-09-17T08:27:11.737326,1789633631737326800,5.409326904296875,0.05476526170969,-0.0060931239277124,-0.0280774869024753
2026-09-17T08:27:11.747285,1789633631747285800,5.41928564453125,0.0594396404922008,-0.015936167910695,-0.046026661992073
2026-09-17T08:27:11.757245,1789633631757245000,5.429244873046875,0.0395788513123989,-0.015690891072154,-0.0462003014981746
2026-09-17T08:27:11.767203,1789633631767203800,5.439203857421875,0.0088963052257895,-0.0180565770715475,-0.031781680881977
2026-09-17T08:27:11.777162,1789633631777162800,5.449162841796875,-0.031011164188385,-0.0198547430336475,-0.0304224006831645
2026-09-17T08:27:11.787121,1789633631787121700,5.45912158203125,-0.0589993894100189,-0.0208342541009187,-0.0297265164554119
2026-09-17T08:27:11.797081,1789633631797081900,5.469081787109375,-0.06248439848423,-0.0239080749452114,-0.0281315483152866
2026-09-17T08:27:11.807041,1789633631807041000,5.479041015625,-0.0476940050721168,-0.0170783977955579,-0.0217793770134449
2026-09-17T08:27:11.817000,1789633631817000000,5.489,-0.007891995832324,-0.0059857983142137,-0.0010778275318443
2026-09-17T08:27:11.826958,1789633631826958800,5.498958740234375,0.021506106480956,0.0095875682309269,0.0232996828854084
2026-09-17T08:27:11.836917,1789633631836917800,5.508917724609375,0.0227852221578359,0.0154574420303106,0.0356381088495254
2026-09-17T08:27:11.846877,1789633631846877000,5.518876953125,0.0243024248629808,0.0160462670028209,0.0275346431881189
2026-09-17T08:27:11.856835,1789633631856835800,5.5288359375,0.0261237621307373,0.0085044614970684,-0.0002293444122187
2026-09-17T08:27:11.866794,1789633631866794800,5.538794677734375,0.0229266360402107,0.0030335292685776,-0.0148769961670041
2026-09-17T08:27:11.876754,1789633631876754000,5.54875390625,0.0197319090366363,0.000704594887793,-0.0129331555217504
2026-09-17T08:27:11.886713,1789633631886713900,5.5587138671875,0.0236126668751239,0.0046268985606729,-0.0003276150673627
2026-09-17T08:27:11.896673,1789633631896673000,5.568673095703125,0.0197518821805715,0.0119780218228697,0.00046041427413
2026-09-17T08:27:11.906632,1789633631906632000,5.5786318359375,-0.000364304985851,0.0221387799829244,-0.0160732883960008
2026-09-17T08:27:11.916590,1789633631916590800,5.5885908203125,-0.0188125539571046,0.0178494937717914,-0.0321870110929012
2026-09-17T08:27:11.926550,1789633631926550000,5.598550048828125,-0.021889304742217,0.020412253215909,-0.030595239251852
2026-09-17T08:27:11.936509,1789633631936509000,5.608509033203125,-0.0107410456985235,0.0027379184029996,-0.0290737748146057
2026-09-17T08:27:11.946467,1789633631946467800,5.6184677734375,-0.0299150049686431,0.0021693333983421,-0.0036994433030486
2026-09-17T08:27:11.956426,1789633631956426800,5.6284267578125,-0.0269114933907985,-0.0225123111158609,0.0093556391075253
2026-09-17T08:27:11.966386,1789633631966386700,5.63838671875,-0.0770694687962532,-0.0179993193596601,0.0245335269719362
2026-09-17T08:27:11.976345,1789633631976345900,5.648345947265625,-0.0734401121735572,-0.0230260342359542,0.0366413183510303
2026-09-17T08:27:11.986305,1789633631986305000,5.658304931640625,-0.0546110309660434,-0.0285110808908939,0.0576557926833629
2026-09-17T08:27:11.996264,1789633631996264000,5.668263916015625,-0.0483922846615314,-0.0306682419031858,0.0769296213984489
2026-09-17T08:27:12.006222,1789633632006222800,5.678222900390625,-0.0478924103081226,-0.0245813205838203,0.0772257670760154
2026-09-17T08:27:12.016182,1789633632016182000,5.68818212890625,-0.0385899879038333,-0.0117568681016564,0.0437112152576446
2026-09-17T08:27:12.026141,1789633632026141000,5.698140869140625,-0.0475459322333335,-0.0148112466558814,0.0046112174168229
2026-09-17T08:27:12.036099,1789633632036099800,5.708099853515625,-0.0733277276158332,-0.0188821572810411,-0.015896987169981
2026-09-17T08:27:12.046059,1789633632046059800,5.718059814453125,-0.0743320062756538,-0.0196376945823431,-0.036409456282854
2026-09-17T08:27:12.056019,1789633632056019000,5.72801904296875,-0.0561266355216503,-0.0239368360489606,-0.0274495128542184
2026-09-17T08:27:12.065977,1789633632065977900,5.737977783203125,-0.06681789457798,-0.0213847290724515,-0.0182464271783828
2026-09-17T08:27:12.075936,1789633632075936800,5.747936767578125,-0.063631422817707,-0.0188155770301818,-0.005697080399841
2026-09-17T08:27:12.085895,1789633632085895700,5.757895751953125,-0.0648897662758827,-0.0229365527629852,-0.0067077497951686
2026-09-17T08:27:12.095855,1789633632095855000,5.767855224609375,-0.058068610727787,-0.023995691910386,0.0053475811146199
2026-09-17T08:27:12.105814,1789633632105814000,5.77781396484375,-0.0187792647629976,-0.0376734174787998,0.0273599382489919
2026-09-17T08:27:12.115773,1789633632115773000,5.78777294921875,-0.0020104045979678,-0.0461529232561588,0.0477533601224422
2026-09-17T08:27:12.125731,1789633632125731800,5.79773193359375,-0.0268515720963478,-0.0588572658598423,0.0450153648853302
2026-09-17T08:27:12.135691,1789633632135691800,5.80769189453125,-0.0644138604402542,-0.0603995025157928,0.0233074072748422
2026-09-17T08:27:12.145651,1789633632145651000,5.81765087890625,-0.0993705168366432,-0.0710878372192382,-0.0171340256929397
2026-09-17T08:27:12.155609,1789633632155609900,5.82760986328125,-0.1131971105933189,-0.087320864200592,-0.0280876066535711
2026-09-17T08:27:12.165568,1789633632165568800,5.83756884765625,-0.0947232991456985,-0.0918809995055198,-0.0319840796291828
2026-09-17T08:27:12.175528,1789633632175528000,5.84752783203125,-0.0524725131690502,-0.0993831232190132,-0.0313025787472724
2026-09-17T08:27:12.185486,1789633632185486800,5.85748681640625,-0.0532171316444873,-0.0877645462751388,-0.0120599046349525
2026-09-17T08:27:12.195445,1789633632195445800,5.86744580078125,-0.0456758588552475,-0.0715592131018638,-0.0038096979260444
2026-09-17T08:27:12.205405,1789633632205405000,5.877405029296875,-0.0761117935180664,-0.0588314346969127,-0.0132090589031577
2026-09-17T08:27:12.215364,1789633632215364000,5.887364013671875,-0.1138892695307731,-0.0610514432191848,0.001645520911552
2026-09-17T08:27:12.225324,1789633632225324000,5.897323974609375,-0.1264199614524841,-0.0700223073363304,0.0243987701833248
2026-09-17T08:27:12.235283,1789633632235283000,5.907282958984375,-0.1300823390483856,-0.0736647099256515,0.0521382540464401
2026-09-17T08:27:12.245241,1789633632245241900,5.917241943359375,-0.1181937381625175,-0.0790592059493064,0.046706736087799
2026-09-17T08:27:12.255200,1789633632255200800,5.92720068359375,-0.1001537516713142,-0.0754362419247627,0.0153197878971695
2026-09-17T08:27:12.265159,1789633632265159700,5.93715966796875,-0.1013654842972755,-0.0776155069470405,-0.0293006766587495
2026-09-17T08:27:12.275118,1789633632275118600,5.94711865234375,-0.110058844089508,-0.0973015949130058,-0.0465169511735439
2026-09-17T08:27:12.285077,1789633632285077500,5.957077392578125,-0.0970743373036384,-0.1134611219167709,-0.0452053435146808
2026-09-17T08:27:12.295036,1789633632295036700,5.96703662109375,-0.0428622290492057,-0.1323014050722122,-0.0415634699165821
2026-09-17T08:27:12.304996,1789633632304996600,5.97699658203125,-0.0246118530631065,-0.1408581286668777,-0.0162565130740404
2026-09-17T08:27:12.314955,1789633632314955800,5.986955810546875,-0.0677015334367752,-0.1095063313841819,-0.0032182103022933
2026-09-17T08:27:12.324914,1789633632324914700,5.996914794921875,-0.0925799831748008,-0.0804072991013526,-0.0079743489623069
2026-09-17T08:27:12.334873,1789633632334873600,6.00687353515625,-0.1554273962974548,-0.0645194128155708,0.016787989065051
2026-09-17T08:27:12.344832,1789633632344832800,6.016832763671875,-0.173647403717041,-0.0363069511950016,0.0526847355067729
2026-09-17T08:27:12.354791,1789633632354791700,6.026791748046875,-0.1612615883350372,0.0058370390906929,0.0928659811615943
2026-09-17T08:27:12.364750,1789633632364750600,6.03675048828125,-0.1374699473381042,0.0077494550496339,0.1089725121855735
2026-09-17T08:27:12.374709,1789633632374709500,6.04670947265625,-0.1338645815849304,-0.0128471665084362,0.0751008316874504
2026-09-17T08:27:12.384669,1789633632384669700,6.056669677734375,-0.1345170438289642,-0.0289289318025112,0.0189869608730077
2026-09-17T08:27:12.394628,1789633632394628900,6.06662890625,-0.1420777738094329,-0.0400090105831623,-0.0046741599217057
2026-09-17T08:27:12.404587,1789633632404587800,6.076587890625,-0.1450511813163757,-0.0483463034033775,0.0173102337867021
2026-09-17T08:27:12.414546,1789633632414546700,6.086546630859375,-0.1476368308067321,-0.0885949209332466,0.0332409963011741
2026-09-17T08:27:12.424505,1789633632424505600,6.096505615234375,-0.1715653538703918,-0.0738798901438713,0.0716501772403717
2026-09-17T08:27:12.434464,1789633632434464800,6.10646484375,-0.1681314706802368,-0.0273169204592704,0.0967153161764144
2026-09-17T08:27:12.444423,1789633632444423700,6.116423583984375,-0.1300565302371978,0.0378639474511146,0.0995651632547378
2026-09-17T08:27:12.454382,1789633632454382600,6.126382568359375,-0.1505335569381714,0.0594006665050983,0.1170386970043182
2026-09-17T08:27:12.464341,1789633632464341800,6.136341796875,-0.1608383953571319,0.0577705465257167,0.1510469913482666
2026-09-17T08:27:12.474301,1789633632474301700,6.1463017578125,-0.1402798593044281,0.0574222020804882,0.1748364716768264
2026-09-17T08:27:12.484260,1789633632484260600,6.156260498046875,-0.1758647561073303,-0.0073940772563219,0.1363479346036911
2026-09-17T08:27:12.494219,1789633632494219800,6.1662197265625,-0.2392879426479339,-0.0742783024907112,0.0402046293020248
2026-09-17T08:27:12.504178,1789633632504178700,6.1761787109375,-0.2439697682857513,-0.0750237181782722,-0.0142045486718416
2026-09-17T08:27:12.514137,1789633632514137900,6.186137939453125,-0.2028636038303375,-0.0679666101932525,-0.0185079500079154
2026-09-17T08:27:12.524096,1789633632524096800,6.1960966796875,-0.1341775059700012,-0.057569894939661,-0.0410984829068183
2026-09-17T08:27:12.534055,1789633632534055700,6.2060556640625,-0.0004252912476658,-0.0350494049489498,-0.0591560453176498
2026-09-17T08:27:12.544014,1789633632544014600,6.2160146484375,0.1353711485862732,0.0069017708301544,-0.0381026938557624
2026-09-17T08:27:12.553974,1789633632553974500,6.225974609375,0.1384979784488678,0.0550293549895286,-0.0051095867529511
2026-09-17T08:27:12.563933,1789633632563933700,6.23593359375,0.0115133933722972,0.0334196649491786,0.0206426475197076
2026-09-17T08:27:12.573892,1789633632573892600,6.245892578125,-0.1034861654043197,-0.0099501796066761,0.0218093786388635
2026-09-17T08:27:12.583851,1789633632583851500,6.2558515625,-0.1407336592674255,-0.0237959548830986,0.0321837216615676
2026-09-17T08:27:12.593810,1789633632593810400,6.265810546875,-0.0904932543635368,0.0002187683712691,0.06695157289505
2026-09-17T08:27:12.603769,1789633632603769900,6.275769775390625,-0.0604653172194957,-0.0336987189948558,0.0379846356809139
2026-09-17T08:27:12.613728,1789633632613728800,6.285728759765625,-0.0237834639847278,-0.0493437238037586,-0.0487537235021591
2026-09-17T08:27:12.623687,1789633632623687700,6.295687744140625,-0.0170288905501365,-0.0590421594679355,-0.0571442767977714
2026-09-17T08:27:12.633646,1789633632633646800,6.305646728515625,-0.0433734133839607,-0.0896847620606422,-0.074923537671566
2026-09-17T08:27:12.643606,1789633632643606800,6.315606689453125,-0.0408071912825107,-0.1216810420155525,-0.094510294497013
2026-09-17T08:27:12.653565,1789633632653565700,6.325565673828125,0.0845829546451568,-0.1010370180010795,-0.0820224657654762
2026-09-17T08:27:12.663524,1789633632663524600,6.335524658203125,0.1681050211191177,-0.0046625398099422,-0.0198094230145216
2026-09-17T08:27:12.673483,1789633632673483500,6.3454833984375,0.0089265443384647,0.0056201918050646,0.0010977247729897
2026-09-17T08:27:12.683442,1789633632683442700,6.355442626953125,-0.1496175527572631,-0.0122386999428272,0.0018178434111177
2026-09-17T08:27:12.693401,1789633632693401600,6.365401611328125,-0.2079892605543136,-0.0126520227640867,0.0177294313907623
2026-09-17T08:27:12.703360,1789633632703360500,6.375360595703125,-0.168511614203453,0.0114141646772623,0.0387700013816356
2026-09-17T08:27:12.713319,1789633632713319700,6.385319580078125,-0.1295831352472305,0.0283161830157041,0.0362016484141349
2026-09-17T08:27:12.723278,1789633632723278800,6.39527880859375,-0.0853552147746086,0.0129518741741776,-0.0320514403283596
2026-09-17T08:27:12.733238,1789633632733238800,6.40523876953125,-0.1205382347106933,-0.0080050732940435,-0.043045237660408
2026-09-17T08:27:12.743197,1789633632743197700,6.41519775390625,-0.1958537548780441,-0.0554729886353015,-0.0563754215836524
2026-09-17T08:27:12.753156,1789633632753156600,6.425156494140625,-0.1801597476005554,-0.0804169550538063,-0.067373476922512
2026-09-17T08:27:12.763115,1789633632763115500,6.435115478515625,-0.0769494771957397,-0.0621380843222141,-0.0521487183868885
2026-09-17T08:27:12.773074,1789633632773074700,6.44507470703125,0.0210692249238491,-0.0300746895372867,-0.0336706414818763
2026-09-17T08:27:12.783033,1789633632783033600,6.45503369140625,0.0191477555781602,-0.0131210051476955,-0.0086201503872871
2026-09-17T08:27:12.792992,1789633632792992500,6.464992431640625,-0.0512225478887558,-0.0396114699542522,-0.0188126005232334
2026-09-17T08:27:12.802951,1789633632802951700,6.47495166015625,-0.0897174701094627,-0.0508856959640979,-0.0252238940447568
2026-09-17T08:27:12.812911,1789633632812911900,6.484911865234375,-0.0961263701319694,-0.0511477477848529,-0.0193228628486394
2026-09-17T08:27:12.822870,1789633632822870800,6.494870849609375,-0.0763779655098915,-0.0290871895849704,-0.0003497033030726
2026-09-17T08:27:12.832829,1789633632832829700,6.50482958984375,-0.0536380335688591,-0.0332622267305851,0.0032634073868393
2026-09-17T08:27:12.842788,1789633632842788600,6.51478857421875,-0.0664555579423904,-0.0497685000300407,-0.0325108356773853
2026-09-17T08:27:12.852747,1789633632852747800,6.524747802734375,-0.1119679138064384,-0.0612746886909008,-0.0338221751153469
2026-09-17T08:27:12.862706,1789633632862706700,6.534706787109375,-0.1149674355983734,-0.0687075704336166,-0.0373503342270851
2026-09-17T08:27:12.872665,1789633632872665600,6.54466552734375,-0.0902786031365394,-0.0611870698630809,-0.0356214083731174
2026-09-17T08:27:12.882624,1789633632882624500,6.55462451171875,-0.0072521595284342,-0.0362433679401874,-0.0265277791768312
2026-09-17T08:27:12.892584,1789633632892584400,6.56458447265625,0.0424466840922832,-0.007965924218297,0.000264155329205
2026-09-17T08:27:12.902544,1789633632902544000,6.5745439453125,-0.0353072322905063,-0.0239273142069578,-0.0002983043086715
2026-09-17T08:27:12.912502,1789633632912502800,6.584502685546875,-0.0922900885343551,-0.0352934189140796,-0.0029971515759825
2026-09-17T08:27:12.922461,1789633632922461700,6.594461669921875,-0.0720785558223724,-0.0270104557275772,0.0009440603316761
2026-09-17T08:27:12.932420,1789633632932420600,6.604420654296875,-0.0073187388479709,-0.0011301226913928,0.0203949883580207
2026-09-17T08:27:12.942379,1789633632942379800,6.6143798828125,0.0373643077909946,0.0160659085959196,0.0415364913642406
2026-09-17T08:27:12.952338,1789633632952338700,6.624338623046875,0.0709648802876472,-0.0097646228969097,0.0115378489717841
2026-09-17T08:27:12.962297,1789633632962297600,6.634297607421875,0.1023385152220726,-0.0227179732173681,-0.0354736037552356
2026-09-17T08:27:12.972257,1789633632972257500,6.644257568359375,0.0938699319958686,-0.037193052470684,-0.0452577918767929
2026-09-17T08:27:12.982216,1789633632982216700,6.654216796875,0.0189943574368953,-0.0654180347919464,-0.0515132881700992
2026-09-17T08:27:12.992175,1789633632992175600,6.664175537109375,0.008360356092453,-0.0688354074954986,-0.055415354669094
2026-09-17T08:27:13.002134,1789633633002134500,6.674134521484375,0.0524676293134689,-0.0583209730684757,-0.0407953970134258
2026-09-17T08:27:13.012093,1789633633012093700,6.68409375,0.0337978042662143,-0.0560823194682598,-0.0299597941339015
2026-09-17T08:27:13.022052,1789633633022052900,6.694052978515625,-0.0047418642789125,-0.0515549480915069,-0.0222896244376897
2026-09-17T08:27:13.032011,1789633633032011800,6.70401171875,0.044298380613327,-0.0286459028720855,-0.0208624359220266
2026-09-17T08:27:13.041970,1789633633041970700,6.713970703125,0.1064280718564987,-0.0085536837577819,-0.0274050235748291
2026-09-17T08:27:13.051929,1789633633051929600,6.7239296875,0.1335555613040924,0.0105254678055644,-0.016481002792716
2026-09-17T08:27:13.061889,1789633633061889500,6.7338896484375,0.1854485869407653,0.0258394423872232,-0.0194072853773832
2026-09-17T08:27:13.071848,1789633633071848700,6.7438486328125,0.2019884139299392,0.0293731912970542,-0.0536249093711376
2026-09-17T08:27:13.081807,1789633633081807600,6.7538076171875,0.1682831794023513,0.0235842783004045,-0.0687881484627723
2026-09-17T08:27:13.091766,1789633633091766500,6.7637666015625,0.1459453850984573,0.0152919935062527,-0.0739602744579315
2026-09-17T08:27:13.101725,1789633633101725700,6.7737255859375,0.1585714370012283,-0.0035578606184571,-0.1011836379766464
2026-09-17T08:27:13.111684,1789633633111684600,6.7836845703125,0.1949198544025421,-0.0259318761527538,-0.12000472843647
2026-09-17T08:27:13.121643,1789633633121643800,6.793643798828125,0.190627634525299,-0.0515086092054843,-0.1441265791654586
2026-09-17T08:27:13.131602,1789633633131602700,6.803602783203125,0.2339031994342804,-0.0563691444694995,-0.198491021990776
2026-09-17T08:27:13.141562,1789633633141562600,6.813562744140625,0.3291378319263458,-0.0510406903922557,-0.2708903849124908
2026-09-17T08:27:13.151521,1789633633151521800,6.823521728515625,0.4414843618869781,-0.0474848374724388,-0.3292517066001892
2026-09-17T08:27:13.161480,1789633633161480700,6.833480712890625,0.5072963833808899,-0.0592091381549835,-0.3980302214622497
2026-09-17T08:27:13.171439,1789633633171439600,6.843439697265625,0.539043664932251,-0.0828044861555099,-0.4975038170814514
2026-09-17T08:27:13.181398,1789633633181398500,6.8533984375,0.5344709753990173,-0.0879704803228378,-0.6656534075737
2026-09-17T08:27:13.191357,1789633633191357700,6.863357666015625,0.4695980250835418,-0.0539129078388214,-0.8602979779243469
2026-09-17T08:27:13.201316,1789633633201316600,6.873316650390625,0.4248760938644409,-0.0627652630209922,-1.0292657613754272
2026-09-17T08:27:13.211275,1789633633211275500,6.883275634765625,0.3111615180969238,-0.0467388853430748,-1.161535620689392
2026-09-17T08:27:13.221235,1789633633221235700,6.893235595703125,0.2657913565635681,-0.0660028681159019,-1.341910481452942
2026-09-17T08:27:13.231194,1789633633231194600,6.903194580078125,0.1847971826791763,-0.0704045370221138,-1.5137025117874146
2026-09-17T08:27:13.241153,1789633633241153800,6.91315380859375,0.1081953421235084,-0.0733486637473106,-1.6093498468399048
2026-09-17T08:27:13.251112,1789633633251112700,6.92311279296875,0.0769577920436859,-0.0733633115887641,-1.7281079292297363
2026-09-17T08:27:13.261071,1789633633261071600,6.933071533203125,0.0186825022101402,-0.0986188650131225,-1.8781683444976809
2026-09-17T08:27:13.271030,1789633633271030800,6.94303076171875,-0.0102538084611296,-0.0998590961098671,-2.00577974319458
2026-09-17T08:27:13.280990,1789633633280990000,6.952989990234375,-0.0510547682642936,-0.1204035207629203,-2.097465991973877
2026-09-17T08:27:13.290948,1789633633290948900,6.962948974609375,0.0390370413661003,-0.1390991657972335,-2.18086576461792
2026-09-17T08:27:13.300909,1789633633300909000,6.972908935546875,-0.0130250947549939,-0.1184460967779159,-2.3093647956848145
2026-09-17T08:27:13.310868,1789633633310868000,6.982867919921875,0.0158363804221153,-0.1093229055404663,-2.404030084609986
2026-09-17T08:27:13.320827,1789633633320827000,6.992826904296875,0.039366740733385,-0.080295518040657,-2.525193691253662
2026-09-17T08:27:13.330786,1789633633330786000,7.0027861328125,0.0571862161159515,-0.0760909169912338,-2.6037046909332275
2026-09-17T08:27:13.340745,1789633633340745000,7.012744873046875,0.2500142455101013,-0.1586787402629852,-2.6873550415039062
2026-09-17T08:27:13.350703,1789633633350703900,7.022703857421875,0.2619058191776275,-0.1673782169818878,-2.779672384262085
2026-09-17T08:27:13.360663,1789633633360663000,7.0326630859375,0.2100303620100021,-0.1361918002367019,-2.9124693870544434
2026-09-17T08:27:13.370622,1789633633370622000,7.0426220703125,0.3015424311161041,-0.1368796974420547,-3.036949872970581
2026-09-17T08:27:13.380580,1789633633380580900,7.052580810546875,0.4811180531978607,-0.1310407072305679,-3.0919301509857178
2026-09-17T08:27:13.390540,1789633633390540800,7.062540771484375,0.5825967192649841,-0.1290555894374847,-3.150107145309448
2026-09-17T08:27:13.400499,1789633633400499700,7.072499755859375,0.6093529462814331,-0.0988518893718719,-3.2460756301879883
2026-09-17T08:27:13.410459,1789633633410459100,7.082459228515625,0.5669690370559692,-0.0076809665188193,-3.3187546730041504
2026-09-17T08:27:13.420418,1789633633420418000,7.09241796875,0.6040735244750977,0.0963008254766464,-3.2869629859924316
2026-09-17T08:27:13.430377,1789633633430377000,7.102376953125,0.7361955642700195,0.1387217938899994,-3.1635797023773193
2026-09-17T08:27:13.440336,1789633633440336000,7.1123359375,0.7951350808143616,0.1808852255344391,-2.9493494033813477
2026-09-17T08:27:13.450295,1789633633450295000,7.122294921875,0.8058183193206787,0.1918718218803405,-2.380044937133789
2026-09-17T08:27:13.460254,1789633633460254000,7.13225390625,0.7737756967544556,0.2449736595153808,-1.707566499710083
2026-09-17T08:27:13.470214,1789633633470214000,7.1422138671875,0.6808122396469116,0.3781314492225647,-1.1316221952438354
2026-09-17T08:27:13.480172,1789633633480172800,7.1521728515625,0.6171717047691345,0.4176466464996338,-0.859619140625
2026-09-17T08:27:13.490132,1789633633490132000,7.162132080078125,0.4493380188941955,0.382027119398117,-0.2129639685153961
2026-09-17T08:27:13.500091,1789633633500091000,7.1720908203125,0.5212984681129456,0.4000540673732757,0.1709221750497818
2026-09-17T08:27:13.510049,1789633633510049800,7.1820498046875,0.558322012424469,0.3133063912391662,0.2663786709308624
2026-09-17T08:27:13.520009,1789633633520009000,7.192009033203125,0.5363852977752686,0.3097987174987793,0.368843525648117
2026-09-17T08:27:13.529968,1789633633529968000,7.201968017578125,0.4316040277481079,0.3072471618652344,0.4288370907306671
2026-09-17T08:27:13.539927,1789633633539927000,7.211927001953125,0.2295268326997757,0.3182848989963531,0.5320748090744019
2026-09-17T08:27:13.549887,1789633633549887000,7.221886962890625,-0.0023471498861908,0.3260099291801452,0.6871716976165771
2026-09-17T08:27:13.559846,1789633633559846000,7.231845947265625,-0.1650130301713943,0.3207917213439941,0.8486285209655762
2026-09-17T08:27:13.569804,1789633633569804800,7.2418046875,-0.2260257750749588,0.2793433666229248,1.0064343214035034
2026-09-17T08:27:13.579764,1789633633579764000,7.251763916015625,-0.2214555293321609,0.2246673256158828,1.1565042734146118
2026-09-17T08:27:13.589723,1789633633589723000,7.261722900390625,-0.2024879604578018,0.1612558662891388,1.3277508020401
2026-09-17T08:27:13.599681,1789633633599681800,7.271681884765625,-0.1851686239242553,0.1179278194904327,1.5888993740081787
2026-09-17T08:27:13.609641,1789633633609641000,7.281640869140625,-0.211595818400383,0.1000404804944992,1.966779708862305
2026-09-17T08:27:13.619600,1789633633619600000,7.291599853515625,-0.2926068007946014,0.0680569857358932,2.4235751628875732
2026-09-17T08:27:13.629560,1789633633629560000,7.30156005859375,-0.352188378572464,0.0311492998152971,2.8735339641571045
2026-09-17T08:27:13.639519,1789633633639519000,7.31151904296875,-0.3692823946475982,-0.022502476349473,3.2173891067504883
2026-09-17T08:27:13.649478,1789633633649478000,7.321477783203125,-0.3607980906963348,-0.0653522089123725,3.4462857246398926
2026-09-17T08:27:13.659437,1789633633659437000,7.33143701171875,-0.3738755583763122,-0.0879448652267456,3.5757665634155273
2026-09-17T08:27:13.669396,1789633633669396000,7.34139599609375,-0.4436168074607849,-0.0869094282388687,3.645671844482422
2026-09-17T08:27:13.679355,1789633633679355000,7.35135498046875,-0.5560426712036133,-0.0608304217457771,3.683137893676758
2026-09-17T08:27:13.689313,1789633633689313800,7.361313720703125,-0.7056609392166138,-0.0239022336900234,3.710914373397827
2026-09-17T08:27:13.699273,1789633633699273000,7.37127294921875,-0.8620726466178894,0.0159602276980876,3.7245724201202393
2026-09-17T08:27:13.709233,1789633633709233000,7.38123291015625,-0.9966144561767578,0.046738114207983,3.725889444351196
2026-09-17T08:27:13.719192,1789633633719192000,7.391192138671875,-1.1054437160491943,0.067402109503746,3.719675302505493
2026-09-17T08:27:13.729151,1789633633729151000,7.40115087890625,-1.1607820987701416,0.0386333167552948,3.692332983016968
2026-09-17T08:27:13.739110,1789633633739110000,7.41110986328125,-1.1883138418197632,-0.0013228887692093,3.674315929412842
2026-09-17T08:27:13.749069,1789633633749069000,7.421069091796875,-1.1938215494155884,-0.0689530670642852,3.666191101074219
2026-09-17T08:27:13.759028,1789633633759028000,7.431028076171875,-1.1382898092269895,-0.1407502889633178,3.6706111431121826
2026-09-17T08:27:13.768987,1789633633768987000,7.44098681640625,-1.058086395263672,-0.1866541355848312,3.699409246444702
2026-09-17T08:27:13.778946,1789633633778946000,7.450946044921875,-0.9485591053962708,-0.2089724838733673,3.707937240600586
2026-09-17T08:27:13.788906,1789633633788906000,7.460906005859375,-0.8173299431800842,-0.2314644753932953,3.6545255184173584
2026-09-17T08:27:13.798865,1789633633798865000,7.470864990234375,-0.7146339416503906,-0.2142908126115799,3.5464272499084473
2026-09-17T08:27:13.808823,1789633633808823800,7.48082373046875,-0.692348062992096,-0.1552109867334365,3.4344208240509033
2026-09-17T08:27:13.818782,1789633633818782700,7.49078271484375,-0.7287737131118774,-0.0358808673918247,3.3115758895874023
2026-09-17T08:27:13.828742,1789633633828742100,7.5007421875,-0.7732828855514526,0.1244459599256515,3.1147148609161377
2026-09-17T08:27:13.838701,1789633633838701000,7.510701171875,-0.8374722599983215,0.2576317191123962,2.79024338722229
2026-09-17T08:27:13.848660,1789633633848660000,7.520659912109375,-0.9154877066612244,0.3109023571014404,2.346845865249634
2026-09-17T08:27:13.858619,1789633633858619000,7.530618896484375,-0.9743467569351196,0.2906618118286133,1.8788371086120603
2026-09-17T08:27:13.868578,1789633633868578800,7.540578857421875,-1.0139518976211548,0.2105621993541717,1.5064142942428589
2026-09-17T08:27:13.878538,1789633633878538000,7.5505380859375,-0.9546118974685668,0.0686521977186203,1.2350308895111084
2026-09-17T08:27:13.888497,1789633633888497000,7.560496826171875,-0.7412447929382324,-0.0794504508376121,1.024852991104126
2026-09-17T08:27:13.898455,1789633633898455800,7.570455810546875,-0.4771843552589416,-0.2401197552680969,0.7766170501708984
2026-09-17T08:27:13.908414,1789633633908414700,7.580414794921875,-0.3068224787712097,-0.3623623251914978,0.46406951546669
2026-09-17T08:27:13.918374,1789633633918374000,7.590373779296875,-0.2295646965503692,-0.406360924243927,0.0950739085674285
2026-09-17T08:27:13.928332,1789633633928332800,7.600332763671875,-0.196871742606163,-0.3946342468261719,-0.3445700407028198
2026-09-17T08:27:13.938292,1789633633938292000,7.6102919921875,-0.1473875343799591,-0.3795732259750366,-0.8219558000564575
2026-09-17T08:27:13.948252,1789633633948252000,7.620251953125,-0.2793503701686859,0.0870655626058578,-1.538096308708191
2026-09-17T08:27:13.958211,1789633633958211000,7.630211181640625,-0.1586883962154388,-0.5927931070327759,-2.0922088623046875
2026-09-17T08:27:13.968170,1789633633968170000,7.640169921875,0.135541632771492,-0.1749756336212158,-1.8305678367614744
2026-09-17T08:27:13.978129,1789633633978129000,7.65012890625,0.7440057396888733,-0.3856716156005859,-2.3678808212280273
2026-09-17T08:27:13.988087,1789633633988087800,7.660087890625,1.484466791152954,-0.0482784137129783,-3.3629541397094727
2026-09-17T08:27:13.998047,1789633633998047000,7.670046875,1.5002700090408323,-0.2157198786735534,-4.118923187255859
2026-09-17T08:27:14.008006,1789633634008006000,7.680005859375,0.2749852538108825,-1.088224172592163,-4.2030181884765625
2026-09-17T08:27:14.017964,1789633634017964800,7.68996484375,-0.7603660225868225,-1.9148021936416624,-3.105292797088623
2026-09-17T08:27:14.027925,1789633634027925000,7.699925048828125,0.1204428374767303,-0.9524748921394348,-1.2425389289855957
2026-09-17T08:27:14.037884,1789633634037884000,7.7098837890625,1.2807350158691406,0.190740555524826,0.1205086931586265
2026-09-17T08:27:14.047843,1789633634047843000,7.719843017578125,0.9248900413513184,0.0971477553248405,0.1387436091899871
2026-09-17T08:27:14.057802,1789633634057802000,7.729802001953125,-0.1583120971918106,-0.2486149817705154,-0.2102745622396469
2026-09-17T08:27:14.067761,1789633634067761000,7.739760986328125,-0.890498697757721,-0.2640762329101562,-0.0599846541881561
2026-09-17T08:27:14.077719,1789633634077719800,7.7497197265625,-0.8855335116386414,-0.203407809138298,0.0612743943929672
2026-09-17T08:27:14.087679,1789633634087679000,7.759678955078125,-0.4636062383651733,-0.0926213786005973,0.0091273039579391
2026-09-17T08:27:14.097638,1789633634097638000,7.769637939453125,-0.2027200311422348,-0.0748357251286506,-0.0446451157331466
2026-09-17T08:27:14.107597,1789633634107597800,7.779597900390625,-0.1552143096923828,-0.0887336954474449,-0.0998692139983177
2026-09-17T08:27:14.117556,1789633634117556700,7.789556640625,-0.0757285356521606,-0.0800853446125984,-0.1311429888010025
2026-09-17T08:27:14.127516,1789633634127516000,7.799515869140625,0.1500422805547714,-0.015848034992814,-0.111285388469696
2026-09-17T08:27:14.137475,1789633634137475000,7.80947509765625,0.3053660690784454,0.0423684008419513,-0.0934579223394393
2026-09-17T08:27:14.147434,1789633634147434000,7.81943408203125,0.2277181595563888,0.0310118813067674,-0.0945346429944038
2026-09-17T08:27:14.157393,1789633634157393000,7.829392822265625,0.0348461791872978,-0.0229336414486169,-0.0969514548778534
2026-09-17T08:27:14.167352,1789633634167352000,7.83935205078125,-0.1117003858089447,-0.0740807130932807,-0.0995616242289543
2026-09-17T08:27:14.177311,1789633634177311000,7.84931103515625,-0.1357173025608062,-0.0922317579388618,-0.1187576875090599
2026-09-17T08:27:14.187271,1789633634187271000,7.85927099609375,-0.0879995822906494,-0.0799114406108856,-0.1354751586914062
2026-09-17T08:27:14.197229,1789633634197229800,7.869229736328125,-0.0330513827502727,-0.0723536536097526,-0.1328471451997757
2026-09-17T08:27:14.207188,1789633634207188700,7.879188720703125,0.0014109883923083,-0.0672699511051178,-0.1262813955545425
2026-09-17T08:27:14.217148,1789633634217148000,7.88914794921875,0.035993468016386,-0.0712244734168052,-0.1345595568418502
2026-09-17T08:27:14.227106,1789633634227106800,7.89910693359375,0.0800613313913345,-0.0661466270685195,-0.1529388278722763
2026-09-17T08:27:14.237066,1789633634237066000,7.90906591796875,0.1329341381788253,-0.0631588250398635,-0.1826954036951065
2026-09-17T08:27:14.247025,1789633634247025000,7.91902490234375,0.1834226101636886,-0.0584146715700626,-0.2118021547794342
2026-09-17T08:27:14.256984,1789633634256984800,7.92898486328125,0.2024711370468139,-0.0493063926696777,-0.1943741589784622
2026-09-17T08:27:14.266943,1789633634266943500,7.938943603515625,0.1612757593393325,-0.0480062365531921,-0.1458684056997299
2026-09-17T08:27:14.276902,1789633634276902400,7.94890234375,0.0877400189638137,-0.0560188926756382,-0.1257524937391281
2026-09-17T08:27:14.286861,1789633634286861300,7.958861328125,0.0532882995903492,-0.0760629028081893,-0.1568297147750854
2026-09-17T08:27:14.296820,1789633634296820500,7.968820556640625,0.0735123455524444,-0.0585310496389865,-0.1856496483087539
2026-09-17T08:27:14.306779,1789633634306779600,7.978779541015625,0.1129534989595413,-0.0403086356818676,-0.1803478151559829
2026-09-17T08:27:14.316738,1789633634316738600,7.988738525390625,0.127672791481018,-0.0291539877653121,-0.1645949631929397
2026-09-17T08:27:14.326697,1789633634326697500,7.998697509765625,0.1331911236047744,-0.0392601527273654,-0.1556278318166732
2026-09-17T08:27:14.336656,1789633634336656600,8.00865673828125,0.1390559375286102,-0.0549224689602851,-0.158095508813858
2026-09-17T08:27:14.346616,1789633634346616600,8.018616455078124,0.1294459253549575,-0.048361238092184,-0.1477384865283966
2026-09-17T08:27:14.356575,1789633634356575500,8.028575439453125,0.1204670667648315,-0.032030202448368,-0.1345422565937042
2026-09-17T08:27:14.366534,1789633634366534400,8.038534423828125,0.111009657382965,-0.0306581407785415,-0.1295080780982971
2026-09-17T08:27:14.376493,1789633634376493600,8.04849365234375,0.1119952946901321,-0.0292330831289291,-0.1093484759330749
2026-09-17T08:27:14.386452,1789633634386452500,8.058452392578126,0.0791254937648773,-0.0183812342584133,-0.0768834725022316
2026-09-17T08:27:14.396411,1789633634396411400,8.068411376953126,0.0456407666206359,-0.0218814276158809,-0.0775718986988067
2026-09-17T08:27:14.406370,1789633634406370300,8.078370361328124,0.0590037107467651,-0.0116298552602529,-0.0903702527284622
2026-09-17T08:27:14.416330,1789633634416330500,8.08833056640625,0.0918130576610565,-0.0011585718020796,-0.0909700021147728
2026-09-17T08:27:14.426289,1789633634426289700,8.09828955078125,0.1129175424575805,0.0013554522302001,-0.0871454328298568
2026-09-17T08:27:14.436248,1789633634436248600,8.10824853515625,0.1028449386358261,-0.004591919016093,-0.0720064267516136
2026-09-17T08:27:14.446207,1789633634446207500,8.11820751953125,0.0364837534725666,-0.0169601719826459,-0.0564213469624519
2026-09-17T08:27:14.456166,1789633634456166400,8.12816650390625,-0.0094927921891212,-0.0221136547625064,-0.043163064867258
2026-09-17T08:27:14.466125,1789633634466125600,8.13812548828125,0.0070571564137935,-0.0033487556502223,-0.0373089052736759
2026-09-17T08:27:14.476084,1789633634476084500,8.14808447265625,0.0339193940162658,0.011882928200066,-0.0509871654212474
2026-09-17T08:27:14.486043,1789633634486043400,8.15804345703125,0.0402230992913246,0.0157575607299804,-0.05509003251791
2026-09-17T08:27:14.496003,1789633634496003300,8.16800341796875,0.0168080553412437,0.0077196080237627,-0.0460201054811477
2026-09-17T08:27:14.505962,1789633634505962500,8.17796240234375,-0.0219055190682411,-0.0041290614753961,-0.0528338029980659
2026-09-17T08:27:14.515921,1789633634515921700,8.187921630859375,-0.0152481496334075,-0.0072034150362014,-0.0660124495625495
2026-09-17T08:27:14.525880,1789633634525880600,8.197880615234375,0.0100084710866212,0.0056474022567272,-0.0804734155535698
2026-09-17T08:27:14.535839,1789633634535839500,8.207839599609375,0.0342586860060691,0.0213768314570188,-0.0775527283549308
2026-09-17T08:27:14.545798,1789633634545798700,8.217798583984376,0.0267653465270996,0.022331042215228,-0.066298209130764
2026-09-17T08:27:14.555757,1789633634555757600,8.227757568359374,0.0032618853729218,0.0167104396969079,-0.0571241527795791
2026-09-17T08:27:14.565716,1789633634565716500,8.237716552734375,-0.0107665816321969,0.0211235638707876,-0.0555313192307949
2026-09-17T08:27:14.575676,1789633634575676400,8.247676513671875,0.019523411989212,0.034721665084362,-0.0673469603061676
2026-09-17T08:27:14.585635,1789633634585635300,8.25763525390625,0.0677673816680908,0.0488239005208015,-0.08527322858572
2026-09-17T08:27:14.595594,1789633634595594500,8.267594482421876,0.0957923531532287,0.043978814035654,-0.1039409264922142
2026-09-17T08:27:14.605553,1789633634605553400,8.277553466796874,0.0901986509561538,0.0412717089056968,-0.116578422486782
2026-09-17T08:27:14.615512,1789633634615512600,8.2875126953125,0.0750809460878372,0.0360875986516475,-0.1315682977437973
2026-09-17T08:27:14.625471,1789633634625471500,8.297471435546875,0.0629282444715499,0.0326982922852039,-0.1290679425001144
2026-09-17T08:27:14.635430,1789633634635430700,8.3074306640625,0.0528769418597221,0.0340623632073402,-0.1326578855514526
2026-09-17T08:27:14.645389,1789633634645389600,8.3173896484375,0.0886708870530128,0.0496173538267612,-0.149404376745224
2026-09-17T08:27:14.655349,1789633634655349500,8.327349609375,0.1750121712684631,0.0711458176374435,-0.1846355944871902
2026-09-17T08:27:14.665308,1789633634665308400,8.337308349609375,0.2073413431644439,0.0793243795633316,-0.1866654604673385
2026-09-17T08:27:14.675267,1789633634675267600,8.347267578125,0.2160384356975555,0.0889426544308662,-0.171442836523056
2026-09-17T08:27:14.685226,1789633634685226500,8.3572265625,0.2546716034412384,0.1010664328932762,-0.1644847840070724
2026-09-17T08:27:14.695185,1789633634695185400,8.367185302734375,0.3228490352630615,0.1240391209721565,-0.1707365661859512
2026-09-17T08:27:14.705144,1789633634705144300,8.377144287109376,0.3686871230602264,0.1507703363895416,-0.1916423738002777
2026-09-17T08:27:14.715103,1789633634715103500,8.387103515625,0.4352714717388153,0.1700255125761032,-0.2405657023191452
2026-09-17T08:27:14.725062,1789633634725062700,8.397062744140625,0.4927347600460052,0.1738375723361969,-0.3274028599262237
2026-09-17T08:27:14.735022,1789633634735022600,8.407022705078125,0.5476797819137573,0.1939590722322464,-0.4346683323383331
2026-09-17T08:27:14.744981,1789633634744981500,8.4169814453125,0.5996825098991394,0.2546631991863251,-0.5505978465080261
2026-09-17T08:27:14.754940,1789633634754940400,8.4269404296875,0.6081564426422119,0.2808838784694671,-0.7080066800117493
2026-09-17T08:27:14.764899,1789633634764899600,8.436899658203124,0.5639469027519226,0.3002367913722992,-0.9145835638046264
2026-09-17T08:27:14.774858,1789633634774858500,8.4468583984375,0.548004150390625,0.2801778614521026,-1.1530369520187378
2026-09-17T08:27:14.784817,1789633634784817400,8.4568173828125,0.4840701520442962,0.272975355386734,-1.3554052114486694
2026-09-17T08:27:14.794776,1789633634794776300,8.4667763671875,0.3914438188076019,0.2486726641654968,-1.5798572301864624
2026-09-17T08:27:14.804735,1789633634804735500,8.476735595703126,0.3900685608386993,0.1886854916810989,-1.827792763710022
2026-09-17T08:27:14.814695,1789633634814695700,8.48669580078125,0.241570696234703,0.1868939846754074,-2.027660846710205
2026-09-17T08:27:14.824654,1789633634824654600,8.496654541015625,0.1318340748548507,0.1884985268115997,-2.207595109939575
2026-09-17T08:27:14.834613,1789633634834613500,8.506613525390625,0.0343264266848564,0.2050924301147461,-2.386038064956665
2026-09-17T08:27:14.844572,1789633634844572700,8.51657275390625,-0.4165009260177612,0.3207010626792907,-2.529492139816284
2026-09-17T08:27:14.854531,1789633634854531600,8.526531494140626,-0.7788543701171875,0.5343696475028992,-2.704317092895508
2026-09-17T08:27:14.864490,1789633634864490500,8.536490478515624,-0.8193519711494446,0.782207727432251,-2.823697090148926
2026-09-17T08:27:14.874449,1789633634874449400,8.546449462890624,-0.792934238910675,0.99155455827713,-2.853489398956299
2026-09-17T08:27:14.884408,1789633634884408600,8.55640869140625,-0.7881357073783875,1.0737431049346924,-2.8047850131988525
2026-09-17T08:27:14.894368,1789633634894368500,8.566368408203125,-0.686249315738678,1.256905436515808,-2.6702609062194824
2026-09-17T08:27:14.904327,1789633634904327400,8.576327392578126,-0.7342849969863892,1.424274444580078,-2.5929040908813477
2026-09-17T08:27:14.914286,1789633634914286600,8.58628662109375,-0.7918865084648132,1.5871981382369995,-2.536660671234131
2026-09-17T08:27:14.924245,1789633634924245500,8.59624560546875,-0.8168978691101074,1.747520923614502,-2.448394298553467
2026-09-17T08:27:14.934204,1789633634934204700,8.60620458984375,-0.7733224034309387,1.8661141395568848,-2.334312677383423
2026-09-17T08:27:14.944163,1789633634944163600,8.61616357421875,-0.7489861845970154,1.905117750167847,-2.255410671234131
2026-09-17T08:27:14.954122,1789633634954122500,8.62612255859375,-0.8040488958358765,1.9608193635940552,-2.2891733646392822
2026-09-17T08:27:14.964081,1789633634964081400,8.636081298828126,-0.9894232749938964,2.052501916885376,-2.280712604522705
2026-09-17T08:27:14.974041,1789633634974041300,8.646041259765624,-1.116211175918579,2.2291245460510254,-2.176096200942993
2026-09-17T08:27:14.984000,1789633634984000500,8.65600048828125,-1.0652462244033811,2.2947072982788086,-2.0725393295288086
2026-09-17T08:27:14.993959,1789633634993959400,8.66595947265625,-0.9441961646080016,2.274137258529663,-2.0537869930267334
2026-09-17T08:27:15.003918,1789633635003918300,8.67591845703125,-0.8721951842308044,2.292431116104126,-2.0533151626586914
2026-09-17T08:27:15.013877,1789633635013877500,8.68587744140625,-0.8918112516403198,2.3464999198913574,-2.0077860355377197
2026-09-17T08:27:15.023836,1789633635023836700,8.695836669921874,-0.9383239150047302,2.3459198474884033,-1.956154704093933
2026-09-17T08:27:15.033795,1789633635033795600,8.705795654296875,-0.9526381492614746,2.3369803428649902,-1.9245961904525757
2026-09-17T08:27:15.043755,1789633635043755500,8.715755615234375,-0.928482472896576,2.3343889713287354,-1.9465372562408447
2026-09-17T08:27:15.053714,1789633635053714400,8.72571435546875,-0.8794179558753967,2.3347573280334473,-1.997045874595642
2026-09-17T08:27:15.063673,1789633635063673600,8.735673583984376,-0.8502283692359924,2.3458192348480225,-1.9775904417037964
2026-09-17T08:27:15.073632,1789633635073632500,8.745632568359374,-0.8590714335441589,2.367182731628418,-1.8925535678863523
2026-09-17T08:27:15.083591,1789633635083591400,8.75559130859375,-0.8536351323127747,2.3922901153564453,-1.8108123540878296
2026-09-17T08:27:15.093550,1789633635093550300,8.76555029296875,-0.8076084852218628,2.4480159282684326,-1.7619823217391968
2026-09-17T08:27:15.103509,1789633635103509500,8.775509521484375,-0.7932769656181335,2.533780813217163,-1.7046306133270264
2026-09-17T08:27:15.113468,1789633635113468400,8.785468505859376,-0.9009195566177368,2.6322154998779297,-1.577204942703247
2026-09-17T08:27:15.123428,1789633635123428600,8.7954287109375,-1.0998188257217407,2.677363395690918,-1.412613868713379
2026-09-17T08:27:15.133387,1789633635133387500,8.805387451171875,-1.3232862949371338,2.6720545291900635,-1.2888429164886477
2026-09-17T08:27:15.143346,1789633635143346400,8.815346435546875,-1.5044249296188354,2.5857908725738525,-1.161314845085144
2026-09-17T08:27:15.153305,1789633635153305600,8.8253056640625,-1.6020513772964478,2.4716365337371826,-1.0348669290542605
2026-09-17T08:27:15.163264,1789633635163264500,8.835264404296876,-1.6169708967208862,2.2799816131591797,-0.8080232739448547
2026-09-17T08:27:15.173223,1789633635173223400,8.845223388671876,-1.5252745151519775,2.076592445373535,-0.5423250198364258
2026-09-17T08:27:15.183182,1789633635183182600,8.8551826171875,-1.3690394163131714,1.8326281309127808,-0.3392603397369385
2026-09-17T08:27:15.193142,1789633635193142500,8.865142578125,-1.2638767957687378,1.585153579711914,-0.1830563396215438
2026-09-17T08:27:15.203101,1789633635203101400,8.875101318359375,-1.2307875156402588,1.3885241746902466,-0.0461067557334899
2026-09-17T08:27:15.213060,1789633635213060600,8.885060546875,-1.3058079481124878,1.1953654289245603,0.1146802604198455
2026-09-17T08:27:15.223019,1789633635223019500,8.89501953125,-1.441251516342163,1.03321373462677,0.3343473672866821
2026-09-17T08:27:15.232978,1789633635232978700,8.904978759765624,-1.5389370918273926,0.9382209777832032,0.5883700847625732
2026-09-17T08:27:15.242937,1789633635242937600,8.9149375,-1.5945457220077517,0.8618572354316711,0.8388017416000366
2026-09-17T08:27:15.252896,1789633635252896500,8.924896484375,-1.603864669799805,0.8167589902877808,1.0605119466781616
2026-09-17T08:27:15.262855,1789633635262855400,8.93485546875,-1.5852822065353394,0.7851496934890747,1.2164030075073242
2026-09-17T08:27:15.272815,1789633635272815000,8.944815185546876,-1.5695245265960691,0.7432696223258972,1.324431538581848
2026-09-17T08:27:15.282774,1789633635282774000,8.95477392578125,-1.543182373046875,0.7211824059486389,1.4406217336654663
2026-09-17T08:27:15.292733,1789633635292733000,8.96473291015625,-1.5254958868026731,0.7367550134658813,1.5627950429916382
2026-09-17T08:27:15.302691,1789633635302691800,8.97469189453125,-1.55406653881073,0.7591471076011658,1.667708396911621
2026-09-17T08:27:15.312651,1789633635312651000,8.984651123046875,-1.6139039993286133,0.8087548613548279,1.7365117073059082
2026-09-17T08:27:15.322610,1789633635322610000,8.99460986328125,-1.6917500495910645,0.8805060386657715,1.7629731893539429
2026-09-17T08:27:15.332568,1789633635332568800,9.00456884765625,-1.796900987625122,0.9487181305885316,1.768477439880371
2026-09-17T08:27:15.342527,1789633635342527700,9.01452783203125,-1.899412989616394,1.011250376701355,1.7842148542404177
2026-09-17T08:27:15.352488,1789633635352488000,9.024488037109377,-1.956932783126831,1.0645503997802734,1.8166300058364868
2026-09-17T08:27:15.362447,1789633635362447000,9.034447021484375,-1.963836431503296,1.095458984375,1.8584266901016235
2026-09-17T08:27:15.372406,1789633635372406000,9.044406005859376,-1.9389142990112305,1.0956635475158691,1.9045729637145996
2026-09-17T08:27:15.382365,1789633635382365000,9.054364990234374,-1.8987804651260376,1.0792760848999023,1.9674501419067385
2026-09-17T08:27:15.392324,1789633635392324000,9.064323974609374,-1.8794078826904297,1.0392918586730957,2.0463006496429443
2026-09-17T08:27:15.402283,1789633635402283000,9.074282958984377,-1.8840359449386597,0.979392945766449,2.118309259414673
2026-09-17T08:27:15.412242,1789633635412242000,9.084241943359377,-1.89464271068573,0.9007588624954224,2.1709563732147217
2026-09-17T08:27:15.422201,1789633635422201900,9.094201904296876,-1.8915231227874756,0.8220837116241455,2.2013492584228516
2026-09-17T08:27:15.432160,1789633635432160800,9.104160888671874,-1.886625051498413,0.7288757562637329,2.214567184448242
2026-09-17T08:27:15.442120,1789633635442120000,9.114119873046874,-1.8676300048828125,0.6374220252037048,2.2248246669769287
2026-09-17T08:27:15.452078,1789633635452078800,9.124078857421877,-1.8159817457199097,0.5496170520782471,2.2360262870788574
2026-09-17T08:27:15.462038,1789633635462038000,9.1340380859375,-1.7474689483642578,0.4665014147758484,2.2596724033355713
2026-09-17T08:27:15.471997,1789633635471997000,9.143996826171875,-1.6634970903396606,0.3944136202335357,2.3014276027679443
2026-09-17T08:27:15.481956,1789633635481956000,9.1539560546875,-1.5442016124725342,0.3428260684013366,2.345667839050293
2026-09-17T08:27:15.491915,1789633635491915000,9.1639150390625,-1.4216804504394531,0.3097234964370727,2.392980575561523
2026-09-17T08:27:15.501875,1789633635501875000,9.173875,-1.3101491928100586,0.2836732566356659,2.415548324584961
2026-09-17T08:27:15.511833,1789633635511833900,9.183833740234377,-1.1618154048919678,0.2808849513530731,2.4564454555511475
2026-09-17T08:27:15.521792,1789633635521792800,9.193792724609375,-0.9976306557655334,0.3080275952816009,2.5462489128112793
2026-09-17T08:27:15.531752,1789633635531752000,9.203751953125,-0.8170959949493408,0.3469297289848327,2.641468048095703
2026-09-17T08:27:15.541710,1789633635541710800,9.2137109375,-0.631107747554779,0.3907262086868286,2.7151832580566406
2026-09-17T08:27:15.551669,1789633635551669800,9.223669677734376,-0.4559133052825928,0.4201259315013885,2.7506072521209717
2026-09-17T08:27:15.561629,1789633635561629000,9.23362890625,-0.2906372547149658,0.4486787319183349,2.7351698875427246
2026-09-17T08:27:15.571588,1789633635571588000,9.243588134765623,-0.143773004412651,0.4590573310852051,2.6986355781555176
2026-09-17T08:27:15.581548,1789633635581548000,9.253548095703126,0.0053376532159745,0.4703973531723022,2.659231185913086
2026-09-17T08:27:15.591507,1789633635591507000,9.2635068359375,0.1534935683012008,0.5187843441963196,2.61996078491211
2026-09-17T08:27:15.601465,1789633635601465900,9.2734658203125,0.2527961730957031,0.5820119976997375,2.552779197692871
2026-09-17T08:27:15.611425,1789633635611425000,9.283425048828123,0.2725520431995392,0.6650967597961426,2.4401214122772217
2026-09-17T08:27:15.621384,1789633635621384000,9.293384033203123,0.2175276726484298,0.7681776285171509,2.2726428508758545
2026-09-17T08:27:15.631342,1789633635631342800,9.3033427734375,0.0862093269824981,0.8748601078987122,2.0887856483459473
2026-09-17T08:27:15.641301,1789633635641301800,9.3133017578125,-0.0944494009017944,1.0040711164474487,1.9521113634109497
2026-09-17T08:27:15.651261,1789633635651261700,9.32326171875,-0.2708587646484375,1.120832085609436,1.8205931186676023
2026-09-17T08:27:15.661221,1789633635661221000,9.33322119140625,-0.4065870344638824,1.168773174285889,1.6399165391921997
2026-09-17T08:27:15.671180,1789633635671180000,9.343179931640623,-0.433582454919815,1.1808146238327026,1.3767540454864502
2026-09-17T08:27:15.681139,1789633635681139000,9.353138916015626,-0.3812449276447296,1.1553466320037842,1.063539743423462
2026-09-17T08:27:15.691097,1789633635691097900,9.363097900390626,-0.3093259930610657,1.0944920778274536,0.7257715463638306
2026-09-17T08:27:15.701057,1789633635701057000,9.37305712890625,-0.2127110660076141,1.0230612754821775,0.4079442918300628
2026-09-17T08:27:15.711016,1789633635711016000,9.383015869140625,-0.1263697743415832,0.9136282205581664,0.0890411362051963
2026-09-17T08:27:15.720974,1789633635720974800,9.392974853515623,-0.0008169161155819,0.7535203099250793,-0.2740766108036041
2026-09-17T08:27:15.730934,1789633635730934800,9.402934814453126,0.1659859120845794,0.5552583932876587,-0.6286349296569824
2026-09-17T08:27:15.740894,1789633635740894000,9.41289404296875,-0.8105236291885376,0.8206250667572021,-1.5146821737289429
2026-09-17T08:27:15.750852,1789633635750852900,9.422852783203124,-0.151082843542099,0.5315397381782532,-0.8732614517211914
2026-09-17T08:27:15.760811,1789633635760811800,9.432811767578125,1.017595887184143,0.4007225930690765,-1.8133347034454343
2026-09-17T08:27:15.770771,1789633635770771000,9.44277099609375,2.103715181350708,0.2187847644090652,-3.793225049972534
2026-09-17T08:27:15.780730,1789633635780730000,9.452730224609375,1.6681296825408936,-0.3319279253482818,-4.692756175994873
2026-09-17T08:27:15.790689,1789633635790689000,9.46268896484375,-0.014682131819427,-1.6850619316101074,-3.827993154525757
2026-09-17T08:27:15.800649,1789633635800649000,9.47264892578125,-0.1506442278623581,-1.5958715677261353,-2.0100224018096924
2026-09-17T08:27:15.810607,1789633635810607900,9.48260791015625,1.5552949905395508,-0.4559974074363708,-0.8545021414756775
2026-09-17T08:27:15.820566,1789633635820566800,9.49256689453125,1.6810702085494995,-0.1241478249430656,-0.486023485660553
2026-09-17T08:27:15.830526,1789633635830526000,9.50252587890625,0.3824127614498138,-0.2876344919204712,-0.2465051710605621
2026-09-17T08:27:15.840484,1789633635840484900,9.51248486328125,-0.6300473213195801,-0.3755132257938385,-0.1462651193141937
2026-09-17T08:27:15.850443,1789633635850443800,9.52244384765625,-0.666367769241333,-0.2525758445262909,-0.0574913062155246
2026-09-17T08:27:15.860403,1789633635860403000,9.53240283203125,-0.3037176430225372,-0.1444653421640396,-0.026622075587511
2026-09-17T08:27:15.870361,1789633635870361900,9.54236181640625,-0.0334347821772098,-0.1026398688554763,-0.0872553288936615
2026-09-17T08:27:15.880322,1789633635880322000,9.552322021484375,0.04181469976902,-0.1291747987270355,-0.1615814864635467
2026-09-17T08:27:15.890281,1789633635890281000,9.562281005859376,0.1550387293100357,-0.1196886301040649,-0.1991621553897857
2026-09-17T08:27:15.900240,1789633635900240000,9.572239990234374,0.3426227569580078,-0.0463824532926082,-0.1899662613868713
2026-09-17T08:27:15.910199,1789633635910199000,9.582198974609376,0.4497116506099701,0.0125343920662999,-0.1945940256118774
2026-09-17T08:27:15.920158,1789633635920158000,9.592157958984377,0.3671363592147827,0.0115716597065329,-0.2039220184087753
2026-09-17T08:27:15.930116,1789633635930116900,9.602116943359375,0.2427906841039657,-0.0106433648616075,-0.1942286491394043
2026-09-17T08:27:15.940075,1789633635940075800,9.61207568359375,0.1643158495426178,-0.0188187379390001,-0.1617735028266906
2026-09-17T08:27:15.950035,1789633635950035000,9.622034912109376,0.0963482484221458,-0.0266771931201219,-0.1346289664506912
2026-09-17T08:27:15.959995,1789633635959995100,9.6319951171875,-0.0074798790737986,-0.0526459403336048,-0.1466960161924362
2026-09-17T08:27:15.969954,1789633635969954000,9.6419541015625,-0.1090890616178512,-0.0701847225427627,-0.1644846051931381
2026-09-17T08:27:15.979913,1789633635979913000,9.651912841796875,-0.0935548469424247,-0.064856007695198,-0.1609740257263183
2026-09-17T08:27:15.989871,1789633635989871900,9.661871826171875,0.0037386871408671,-0.0347625501453876,-0.1605745404958725
2026-09-17T08:27:15.999831,1789633635999831000,9.6718310546875,0.0978321582078933,0.0001664054580032,-0.1582575887441635
2026-09-17T08:27:16.009790,1789633636009790000,9.6817900390625,0.1453488171100616,0.0169925224035978,-0.1451838761568069
2026-09-17T08:27:16.019748,1789633636019748900,9.691748779296876,0.1259578019380569,0.0177869442850351,-0.1187914237380027
2026-09-17T08:27:16.029708,1789633636029708800,9.701708740234375,0.0623993352055549,0.006176627241075,-0.1017000526189804
2026-09-17T08:27:16.039668,1789633636039668000,9.71166796875,0.0139532415196299,-0.0154945785179734,-0.1050369888544082
2026-09-17T08:27:16.049627,1789633636049627000,9.721626953125,0.0125023508444428,-0.0278122331947088,-0.117315761744976
2026-09-17T08:27:16.059585,1789633636059585800,9.731585693359374,0.0373557694256305,-0.0277701541781425,-0.1247837916016578
2026-09-17T08:27:16.069545,1789633636069545000,9.741544921875,0.0720551609992981,-0.0358520485460758,-0.1452208906412124
2026-09-17T08:27:16.079504,1789633636079504100,9.751504150390623,0.0994284600019455,-0.0447584576904773,-0.1869707256555557
2026-09-17T08:27:16.089463,1789633636089463000,9.761463134765624,0.1315254122018814,-0.0465720705687999,-0.2175494134426117
2026-09-17T08:27:16.099422,1789633636099422000,9.771421875,0.1794521957635879,-0.038027849048376,-0.2231737375259399
2026-09-17T08:27:16.109382,1789633636109382000,9.7813818359375,0.2542723715305328,-0.0310346577316522,-0.2473552525043487
2026-09-17T08:27:16.119340,1789633636119340800,9.7913408203125,0.3156547844409942,-0.0307329203933477,-0.2591655850410461
2026-09-17T08:27:16.129300,1789633636129300000,9.801300048828123,0.3191112875938415,-0.0307116154581308,-0.2356855422258377
2026-09-17T08:27:16.139259,1789633636139259000,9.8112587890625,0.2302029877901077,-0.0481665059924125,-0.1889108419418335
2026-09-17T08:27:16.149217,1789633636149217800,9.8212177734375,0.1274071037769317,-0.0754375457763671,-0.1888786256313324
2026-09-17T08:27:16.159176,1789633636159176700,9.8311767578125,0.1327230334281921,-0.073432981967926,-0.2046780884265899
2026-09-17T08:27:16.169135,1789633636169135900,9.841135986328124,0.2053482383489608,-0.0499204620718956,-0.207980677485466
2026-09-17T08:27:16.179096,1789633636179096000,9.851095947265623,0.2760525047779083,-0.0303339790552854,-0.2211936861276626
2026-09-17T08:27:16.189055,1789633636189055000,9.861054931640624,0.3179019689559936,-0.0203686971217393,-0.2331552654504776
2026-09-17T08:27:16.199014,1789633636199014000,9.871013916015626,0.3153264224529266,-0.0164647698402404,-0.2210243046283722
2026-09-17T08:27:16.208973,1789633636208973000,9.88097314453125,0.2709400355815887,-0.0202970579266548,-0.2110166847705841
2026-09-17T08:27:16.218932,1789633636218932000,9.890931884765624,0.2452330738306045,-0.0153422458097338,-0.2114004492759704
2026-09-17T08:27:16.228891,1789633636228891000,9.900890869140625,0.2434793710708618,-0.0031329847406595,-0.221805140376091
2026-09-17T08:27:16.238849,1789633636238849800,9.910849853515623,0.2636461853981018,0.0159387104213237,-0.2266177386045456
2026-09-17T08:27:16.248809,1789633636248809000,9.92080908203125,0.2653902769088745,0.0138478633016347,-0.2072637528181076
2026-09-17T08:27:16.258769,1789633636258769200,9.93076904296875,0.1997827589511871,0.0046809958294034,-0.1908418983221054
2026-09-17T08:27:16.268728,1789633636268728000,9.94072802734375,0.1441059112548828,-0.0039942506700754,-0.199137657880783
2026-09-17T08:27:16.278687,1789633636278687000,9.95068701171875,0.1301496177911758,0.0064394818618893,-0.2022514194250106
2026-09-17T08:27:16.288646,1789633636288646000,9.96064599609375,0.127476081252098,0.0217254925519227,-0.2010066509246826
2026-09-17T08:27:16.298605,1789633636298605000,9.97060498046875,0.1425397098064422,0.0457820929586887,-0.2131639868021011
2026-09-17T08:27:16.308564,1789633636308564000,9.98056396484375,0.1796620488166809,0.0576547347009182,-0.2381556183099746
2026-09-17T08:27:16.318523,1789633636318523000,9.99052294921875,0.1896198689937591,0.0602374672889709,-0.2520216405391693
2026-09-17T08:27:16.328481,1789633636328481800,10.000481689453125,0.1663510352373123,0.0534003339707851,-0.2638333141803741
2026-09-17T08:27:16.338442,1789633636338442000,10.01044189453125,0.1400842815637588,0.0361622236669063,-0.2881724536418915
2026-09-17T08:27:16.348401,1789633636348401200,10.020401123046875,0.1149216666817665,0.0407878682017326,-0.3075469732284546
2026-09-17T08:27:16.358360,1789633636358360000,10.030360107421876,0.1146207302808761,0.0441418550908565,-0.353655070066452
2026-09-17T08:27:16.368319,1789633636368319000,10.040319091796874,0.1655922979116439,0.0487334094941616,-0.3847490847110748
2026-09-17T08:27:16.378278,1789633636378278100,10.050278076171876,0.1815350502729416,0.0560331344604492,-0.425350546836853
2026-09-17T08:27:16.388237,1789633636388237000,10.060237060546877,0.1316476464271545,0.0578531399369239,-0.4504689574241638
2026-09-17T08:27:16.398196,1789633636398196000,10.070196044921875,0.0757577493786811,0.0403662919998168,-0.4845763444900512
2026-09-17T08:27:16.408156,1789633636408156000,10.080156005859376,0.0436719879508018,0.021345192566514,-0.517856240272522
2026-09-17T08:27:16.418114,1789633636418114800,10.09011474609375,0.0459300801157951,-0.0005140320863574,-0.564032256603241
2026-09-17T08:27:16.428074,1789633636428074200,10.10007421875,0.0745390877127647,-0.0202975906431674,-0.6198601126670837
2026-09-17T08:27:16.438033,1789633636438033200,10.110033203125,0.0896535962820053,-0.0170852858573198,-0.6719584465026855
2026-09-17T08:27:16.447992,1789633636447992000,10.119991943359375,0.0872476920485496,-0.0373487435281276,-0.7327362895011902
2026-09-17T08:27:16.457951,1789633636457951000,10.129950927734376,0.0375280752778053,-0.0863730162382125,-0.7890986800193787
2026-09-17T08:27:16.467910,1789633636467910100,10.13991015625,-0.0355192385613918,-0.1310746967792511,-0.8479523658752441
2026-09-17T08:27:16.477869,1789633636477869000,10.149869140625,-0.0345035083591938,-0.1275798380374908,-0.9334044456481934
2026-09-17T08:27:16.487829,1789633636487829000,10.1598291015625,0.0421190969645977,-0.0875056609511375,-1.0296260118484497
2026-09-17T08:27:16.497788,1789633636497788000,10.169787841796875,0.1166407391428947,-0.0707687586545944,-1.1460524797439575
2026-09-17T08:27:16.507746,1789633636507746800,10.179746826171876,0.1234632208943367,-0.1161895021796226,-1.285419464111328
2026-09-17T08:27:16.517706,1789633636517706000,10.1897060546875,0.0385829545557498,-0.1763606816530227,-1.4789607524871826
2026-09-17T08:27:16.527665,1789633636527665000,10.199664794921874,-0.0226037055253982,-0.2164710909128189,-1.722212791442871
2026-09-17T08:27:16.537624,1789633636537624000,10.2096240234375,0.0010675366502255,-0.1686252653598785,-1.9559909105300903
2026-09-17T08:27:16.547583,1789633636547583000,10.2195830078125,0.1217020750045776,-0.1349229663610458,-2.2261803150177
2026-09-17T08:27:16.557543,1789633636557543000,10.22954296875,0.1511300057172775,-0.1483562141656875,-2.549561023712158
2026-09-17T08:27:16.567502,1789633636567502000,10.239502197265624,0.0882008373737335,-0.1400045454502105,-2.9000301361083984
2026-09-17T08:27:16.577461,1789633636577461000,10.2494609375,0.0779777616262435,-0.1231933459639549,-3.2459113597869873
2026-09-17T08:27:16.587420,1789633636587420000,10.259419921875,-0.0007436792366206,0.0057910019531846,-3.6240527629852295
2026-09-17T08:27:16.597379,1789633636597379000,10.269379150390623,-0.2388161718845367,0.0884648412466049,-4.010448932647705
2026-09-17T08:27:16.607338,1789633636607338000,10.279337890625,-0.4774356484413147,0.1148146912455558,-4.435622692108154
2026-09-17T08:27:16.617297,1789633636617297000,10.289296875,-0.6357629895210266,0.059582594782114,-4.934720516204834
2026-09-17T08:27:16.627255,1789633636627255800,10.299255859375,-0.5710593461990356,0.0874054357409477,-5.2624592781066895
2026-09-17T08:27:16.637216,1789633636637216000,10.309216064453125,-0.5319132804870605,0.28408944606781,-5.4037184715271
2026-09-17T08:27:16.647175,1789633636647175200,10.319175048828123,-0.349678486585617,0.343787133693695,-5.340613842010498
2026-09-17T08:27:16.657134,1789633636657134000,10.329134033203124,-0.10064397752285,0.4239964485168457,-5.3972368240356445
2026-09-17T08:27:16.667093,1789633636667093000,10.339093017578126,-0.0093974219635128,0.4254742264747619,-5.342425346374512
2026-09-17T08:27:16.677052,1789633636677052000,10.349052001953124,0.1104387044906616,0.5278083086013794,-5.300041675567627
2026-09-17T08:27:16.687011,1789633636687011000,10.359010986328125,0.1457354426383972,0.6471919417381287,-5.209878921508789
2026-09-17T08:27:16.696970,1789633636696970000,10.368969970703125,-0.0003474676050245,0.8602387309074402,-5.194748878479004
2026-09-17T08:27:16.706930,1789633636706930000,10.378929931640624,-0.2716335654258728,1.0430163145065308,-5.019411563873291
2026-09-17T08:27:16.716888,1789633636716888800,10.388888916015626,-0.6958964467048645,1.1430619955062866,-4.558684825897217
2026-09-17T08:27:16.726848,1789633636726848000,10.398847900390624,-1.149023175239563,1.3197389841079712,-4.136866092681885
2026-09-17T08:27:16.736807,1789633636736807200,10.40880712890625,-1.3143346309661863,1.5574463605880735,-3.259899616241455
2026-09-17T08:27:16.746766,1789633636746766000,10.41876611328125,-1.2069308757781982,1.4866621494293213,-1.9536525011062624
2026-09-17T08:27:16.756725,1789633636756725000,10.42872509765625,-0.8327629566192627,1.338821530342102,-0.8998480439186096
2026-09-17T08:27:16.766684,1789633636766684200,10.43868408203125,-0.3201222717761993,1.0806525945663452,0.0756021067500114
2026-09-17T08:27:16.776643,1789633636776643000,10.44864306640625,0.0729437917470932,0.8240413069725037,0.8740673065185547
2026-09-17T08:27:16.786603,1789633636786603000,10.45860302734375,0.3141545355319977,0.5825455784797668,1.4231970310211182
2026-09-17T08:27:16.796562,1789633636796562000,10.46856201171875,0.3869270086288452,0.4376941323280334,1.8378318548202517
2026-09-17T08:27:16.806520,1789633636806520800,10.478520751953123,0.2834973037242889,0.3353752195835113,2.1347413063049316
2026-09-17T08:27:16.816480,1789633636816480000,10.48847998046875,0.0287986993789672,0.2171742767095565,2.3736138343811035
2026-09-17T08:27:16.826439,1789633636826439000,10.49843896484375,-0.2465947866439819,0.1378722786903381,2.581402540206909
2026-09-17T08:27:16.836398,1789633636836398000,10.508398193359374,-0.4525532722473144,0.1079505831003189,2.74654221534729
2026-09-17T08:27:16.846357,1789633636846357000,10.51835693359375,-0.5936108231544495,0.0553100109100341,2.8545870780944824
2026-09-17T08:27:16.856317,1789633636856317000,10.52831689453125,-0.6697924137115479,-0.0190963111817836,2.958918333053589
2026-09-17T08:27:16.866276,1789633636866276000,10.538276123046876,-0.6514160633087158,-0.094444066286087,3.1194405555725098
2026-09-17T08:27:16.876235,1789633636876235000,10.548235107421876,-0.5269263386726379,-0.1637192666530609,3.351078510284424
2026-09-17T08:27:16.886194,1789633636886194000,10.55819384765625,-0.3820919096469879,-0.2084704935550689,3.616677045822144
2026-09-17T08:27:16.896153,1789633636896153000,10.568153076171876,-0.2920943796634674,-0.2483819723129272,3.844609498977661
2026-09-17T08:27:16.906112,1789633636906112000,10.578112060546877,-0.2471191585063934,-0.2863335907459259,3.9892995357513423
2026-09-17T08:27:16.916071,1789633636916071000,10.58807080078125,-0.2471138536930084,-0.2757608592510223,4.131895542144775
2026-09-17T08:27:16.926031,1789633636926031000,10.598031005859376,-0.2994095385074615,-0.2283169031143188,4.311479091644287
2026-09-17T08:27:16.935990,1789633636935990000,10.607989990234374,-0.3492220938205719,-0.1798700094223022,4.506213665008545
2026-09-17T08:27:16.945949,1789633636945949200,10.61794921875,-0.3328559100627899,-0.1221790239214897,4.658782482147217
2026-09-17T08:27:16.955908,1789633636955908000,10.627908203125,-0.2559352815151214,-0.0581837967038154,4.738105773925781
2026-09-17T08:27:16.965867,1789633636965867000,10.637866943359375,-0.155973806977272,-0.0184981673955917,4.706607818603516
2026-09-17T08:27:16.975826,1789633636975826000,10.647825927734376,-0.0776513069868087,0.0083627421408891,4.579555034637451
2026-09-17T08:27:16.985785,1789633636985785000,10.65778515625,-0.0631677061319351,0.0359733290970325,4.409500598907471
2026-09-17T08:27:16.995745,1789633636995745000,10.6677451171875,-0.125242531299591,0.0649181604385376,4.2342705726623535
2026-09-17T08:27:17.005704,1789633637005704000,10.677703857421877,-0.2543661594390869,0.1021768525242805,4.102360725402832
2026-09-17T08:27:17.015662,1789633637015662800,10.687662841796875,-0.3917855322360992,0.1410438269376754,3.997094869613647
2026-09-17T08:27:17.025622,1789633637025622000,10.6976220703125,-0.5154390931129456,0.1705484539270401,3.909453630447388
2026-09-17T08:27:17.035581,1789633637035581200,10.707581298828124,-0.6172437071800232,0.1844682693481445,3.8835370540618896
2026-09-17T08:27:17.045540,1789633637045540000,10.7175400390625,-0.6768165230751038,0.1830416172742843,3.901970863342285
2026-09-17T08:27:17.055499,1789633637055499000,10.7274990234375,-0.6972759962081909,0.1722739189863205,3.917760848999023
2026-09-17T08:27:17.065458,1789633637065458200,10.737458251953123,-0.7032340168952942,0.1706414073705673,3.903348684310913
2026-09-17T08:27:17.075418,1789633637075418000,10.747418212890626,-0.737839937210083,0.1810929775238037,3.828956365585327
2026-09-17T08:27:17.085377,1789633637085377000,10.757376953125,-0.8243154287338257,0.2081096768379211,3.7188990116119385
2026-09-17T08:27:17.095336,1789633637095336000,10.7673359375,-0.9214406609535216,0.2466781139373779,3.590019702911377
2026-09-17T08:27:17.105294,1789633637105294800,10.777294921875,-1.0113602876663208,0.2789905071258545,3.4334475994110107
2026-09-17T08:27:17.115254,1789633637115254000,10.78725390625,-1.0700337886810305,0.3019421696662903,3.2615442276000977
2026-09-17T08:27:17.125213,1789633637125213000,10.797212890625,-1.1009597778320312,0.3145290613174438,3.070510149002075
2026-09-17T08:27:17.135171,1789633637135171800,10.807171875,-1.1515132188796997,0.2988497018814087,2.8991096019744873
2026-09-17T08:27:17.145131,1789633637145131000,10.817131103515624,-1.187464475631714,0.272748053073883,2.7748870849609375
2026-09-17T08:27:17.155091,1789633637155091000,10.827091064453125,-1.1906158924102783,0.2302631884813308,2.6460464000701904
2026-09-17T08:27:17.165050,1789633637165050000,10.837050048828123,-1.168856501579285,0.1688054203987121,2.483139991760254
2026-09-17T08:27:17.175009,1789633637175009000,10.847009033203124,-1.1274919509887695,0.1084640398621559,2.286355972290039
2026-09-17T08:27:17.184968,1789633637184968000,10.856968017578126,-1.0993642807006836,0.0457226298749446,2.122239589691162
2026-09-17T08:27:17.194927,1789633637194927000,10.866927001953124,-1.0655567646026611,0.0159418322145938,2.0734505653381348
2026-09-17T08:27:17.204886,1789633637204886000,10.876885986328125,-0.9959196448326112,0.0317881740629673,2.0472323894500732
2026-09-17T08:27:17.214845,1789633637214845000,10.886844970703123,-0.889968991279602,0.0413148328661918,1.894002914428711
2026-09-17T08:27:17.224805,1789633637224805000,10.89680517578125,-0.7695826888084412,0.0346212424337863,1.6126700639724731
2026-09-17T08:27:17.234764,1789633637234764000,10.906763916015626,-0.6289699077606201,0.0335794128477573,1.216545581817627
2026-09-17T08:27:17.244723,1789633637244723200,10.91672314453125,-0.4819710850715637,0.0424663834273815,0.7327189445495605
2026-09-17T08:27:17.254682,1789633637254682000,10.92668212890625,-0.3395436406135559,0.0401667430996894,0.2135152220726013
2026-09-17T08:27:17.264641,1789633637264641000,10.93664111328125,-0.1767475306987762,-0.0033104256726801,-0.2734964787960052
2026-09-17T08:27:17.274601,1789633637274601000,10.94660107421875,-0.0143953757360577,-0.0945934653282165,-0.6539615988731384
2026-09-17T08:27:17.284560,1789633637284560000,10.956559814453126,0.1182646676898002,-0.2338834404945373,-0.8610936999320984
2026-09-17T08:27:17.294519,1789633637294519800,10.966519775390625,0.2440646737813949,-0.4253420829772949,-0.9614195227622986
2026-09-17T08:27:17.304479,1789633637304479200,10.976479248046877,0.3409656584262848,-0.6385608911514282,-1.0563513040542605
2026-09-17T08:27:17.314438,1789633637314438100,10.986438232421875,0.4056791365146637,-0.8716087937355042,-1.2571104764938354
2026-09-17T08:27:17.324397,1789633637324397000,10.99639697265625,-0.0984908118844032,-0.4530543982982635,-1.4070709943771362
2026-09-17T08:27:17.334356,1789633637334356000,11.00635595703125,0.3686683773994446,-1.5605320930480957,-1.9447815418243408
2026-09-17T08:27:17.344315,1789633637344315100,11.016315185546874,1.39793062210083,-0.8711209297180176,-2.138169050216675
2026-09-17T08:27:17.354274,1789633637354274000,11.026274169921876,2.279577255249023,-0.7187087535858154,-4.929863452911377
2026-09-17T08:27:17.364234,1789633637364234000,11.03623388671875,2.010645627975464,-0.945874273777008,-6.299954414367676
2026-09-17T08:27:17.374193,1789633637374193000,11.04619287109375,0.1392751485109329,-1.0952157974243164,-6.3996076583862305
2026-09-17T08:27:17.384151,1789633637384151800,11.05615185546875,-2.1069700717926025,-1.8521814346313477,-6.05320930480957
2026-09-17T08:27:17.394111,1789633637394111000,11.066111083984374,-2.955169677734375,-2.17155122756958,-4.2306623458862305
2026-09-17T08:27:17.404070,1789633637404070000,11.07606982421875,0.934778094291687,-0.5984534621238708,-0.8956698179244995
2026-09-17T08:27:17.414029,1789633637414029000,11.086029052734377,3.7564139366149902,0.2719981074333191,0.8243540525436401
2026-09-17T08:27:17.423988,1789633637423988200,11.09598828125,2.548466682434082,0.0749593451619148,0.278950423002243
2026-09-17T08:27:17.433947,1789633637433947100,11.105947021484376,-0.4545738101005554,-0.4331597983837127,-0.3345100581645965
2026-09-17T08:27:17.443907,1789633637443907000,11.115906982421874,-1.9906734228134155,-0.5061983466148376,-0.0718528628349304
2026-09-17T08:27:17.453866,1789633637453866000,11.125865966796876,-1.237537503242493,-0.2274154275655746,0.0625699236989021
2026-09-17T08:27:17.463825,1789633637463825000,11.135824951171877,-0.1547895073890686,0.0092306658625602,0.0013971120351925
2026-09-17T08:27:17.473784,1789633637473784000,11.1457841796875,-0.0787959396839141,-0.0337735265493392,-0.0527164563536644
2026-09-17T08:27:17.483743,1789633637483743000,11.155742919921876,-0.2093891054391861,-0.0985916703939437,-0.1595177352428436
2026-09-17T08:27:17.493702,1789633637493702000,11.165701904296874,0.0512518100440502,-0.0386963784694671,-0.1855679899454116
2026-09-17T08:27:17.503660,1789633637503660800,11.175660888671874,0.3180800378322601,-0.0094037381932139,-0.2469964623451233
2026-09-17T08:27:17.513621,1789633637513621000,11.18562109375,0.2263613045215606,-0.0123489275574684,-0.2376953661441803
2026-09-17T08:27:17.523580,1789633637523580200,11.195580078125,-0.0070727486163377,-0.0479362159967422,-0.2120238244533538
2026-09-17T08:27:17.533539,1789633637533539000,11.2055390625,-0.1006096228957176,-0.0960430279374122,-0.243054986000061
2026-09-17T08:27:17.543498,1789633637543498000,11.215498046875,-0.0552298910915851,-0.121609903872013,-0.2685134410858154
2026-09-17T08:27:17.553457,1789633637553457000,11.225456787109374,-0.0406288430094718,-0.1316769123077392,-0.2936976253986358
2026-09-17T08:27:17.563416,1789633637563416000,11.235416015625,-0.0418826602399349,-0.1352836340665817,-0.3123940825462341
2026-09-17T08:27:17.573375,1789633637573375000,11.245375,0.0207953676581382,-0.1215824782848358,-0.3334897756576538
2026-09-17T08:27:17.583335,1789633637583335000,11.2553349609375,0.0838678106665611,-0.1093319356441497,-0.3383969366550445
2026-09-17T08:27:17.593293,1789633637593293800,11.2652939453125,0.1364335566759109,-0.0919241830706596,-0.3461765646934509
2026-09-17T08:27:17.603253,1789633637603253000,11.2752529296875,0.2026091068983078,-0.082230806350708,-0.34034264087677
2026-09-17T08:27:17.613212,1789633637613212200,11.285212158203125,0.2155318260192871,-0.0864471271634101,-0.3384986519813537
2026-09-17T08:27:17.623171,1789633637623171000,11.295171142578123,0.1797288209199905,-0.0871432721614837,-0.3108121752738952
2026-09-17T08:27:17.633130,1789633637633130000,11.3051298828125,0.1595609784126281,-0.0771937072277069,-0.2950033843517303
2026-09-17T08:27:17.643089,1789633637643089200,11.315089111328126,0.133905678987503,-0.0535211339592933,-0.2627703547477722
2026-09-17T08:27:17.653048,1789633637653048000,11.325048095703124,0.1076708808541297,-0.0420586206018924,-0.280232697725296
2026-09-17T08:27:17.663008,1789633637663008000,11.335008056640625,0.1189080849289894,-0.016900535672903,-0.270561158657074
2026-09-17T08:27:17.672967,1789633637672967000,11.344966796875,0.1481451839208603,0.0049897199496626,-0.240058422088623
2026-09-17T08:27:17.682925,1789633637682925800,11.35492578125,0.2232929319143295,0.0135405976325273,-0.2535790205001831
2026-09-17T08:27:17.692885,1789633637692885000,11.364885009765626,0.3103905320167541,0.0147848268970847,-0.2881433665752411
2026-09-17T08:27:17.702844,1789633637702844000,11.374843994140624,0.3181243538856506,0.018280491232872,-0.3053101003170013
2026-09-17T08:27:17.712803,1789633637712803000,11.384802978515625,0.2595502436161041,0.010239609517157,-0.298163503408432
2026-09-17T08:27:17.722762,1789633637722762000,11.394761962890623,0.190907821059227,0.0070360926911234,-0.3113911747932434
2026-09-17T08:27:17.732722,1789633637732722000,11.404721923828124,0.2064170092344284,0.0132298069074749,-0.3454870879650116
2026-09-17T08:27:17.742681,1789633637742681000,11.41468115234375,0.2579326331615448,0.0266971457749605,-0.3882926106452942
2026-09-17T08:27:17.752640,1789633637752640000,11.424639892578124,0.2516582608222961,0.0168567653745412,-0.4187623560428619
2026-09-17T08:27:17.762599,1789633637762599000,11.434598876953125,0.1989029049873352,0.0153134642168879,-0.4254240095615387
2026-09-17T08:27:17.772558,1789633637772558000,11.44455810546875,0.1480852514505386,0.0126361884176731,-0.4411750137805938
2026-09-17T08:27:17.782517,1789633637782517000,11.45451708984375,0.1306157261133194,0.0027609204407781,-0.465108573436737
2026-09-17T08:27:17.792476,1789633637792476000,11.464475830078126,0.1191848888993263,-0.0068712001666426,-0.4827365577220917
2026-09-17T08:27:17.802436,1789633637802436000,11.47443603515625,0.12586410343647,-0.0029603487346321,-0.5101674199104309
2026-09-17T08:27:17.812395,1789633637812395000,11.48439501953125,0.1707484871149063,-0.0051095196977257,-0.5313648581504822
2026-09-17T08:27:17.822354,1789633637822354200,11.494354248046877,0.1978994160890579,0.0004871134879067,-0.5205803513526917
2026-09-17T08:27:17.832313,1789633637832313000,11.50431298828125,0.2172395586967468,-0.0077340649440884,-0.5132265686988831
2026-09-17T08:27:17.842272,1789633637842272000,11.51427197265625,0.2523261606693268,-0.0108880465850234,-0.5151198506355286
2026-09-17T08:27:17.852231,1789633637852231000,11.52423095703125,0.3489419221878052,0.0073298392817378,-0.5517318844795227
2026-09-17T08:27:17.862190,1789633637862190000,11.534190185546874,0.4495814442634582,0.0281328558921813,-0.5861721634864807
2026-09-17T08:27:17.872150,1789633637872150000,11.54414990234375,0.4009923338890075,0.0119019551202654,-0.6099914908409119
2026-09-17T08:27:17.882109,1789633637882109000,11.55410888671875,0.2701192796230316,-0.0234059691429138,-0.6311156749725342
2026-09-17T08:27:17.892067,1789633637892067800,11.56406787109375,0.1954865902662277,-0.0520914085209369,-0.6815950870513916
2026-09-17T08:27:17.902027,1789633637902027000,11.574027099609374,0.2154555022716522,-0.0412598028779029,-0.7582456469535828
2026-09-17T08:27:17.911986,1789633637911986200,11.583986083984374,0.2856891751289367,-0.0212591961026191,-0.8466711044311523
2026-09-17T08:27:17.921945,1789633637921945000,11.593945068359377,0.2677115201950073,-0.0224211327731609,-0.9062505960464478
2026-09-17T08:27:17.931904,1789633637931904000,11.603904052734377,0.1949177384376526,-0.0387372560799121,-0.9795690178871156
2026-09-17T08:27:17.941863,1789633637941863200,11.61386328125,0.1476618200540542,-0.0581945776939392,-1.0750893354415894
2026-09-17T08:27:17.951823,1789633637951823000,11.623822998046874,0.0907434001564979,-0.0823792740702629,-1.1794335842132568
2026-09-17T08:27:17.961782,1789633637961782000,11.633781982421874,0.0109385810792446,-0.1159649267792701,-1.2849363088607788
2026-09-17T08:27:17.971741,1789633637971741000,11.643740966796877,-0.0842214897274971,-0.1438945680856704,-1.3887308835983276
2026-09-17T08:27:17.981699,1789633637981699800,11.653699951171877,-0.1673246324062347,-0.143889233469963,-1.4957315921783447
2026-09-17T08:27:17.991659,1789633637991659000,11.663658935546875,-0.2154519408941269,-0.1674084067344665,-1.620396375656128
2026-09-17T08:27:18.001618,1789633638001618000,11.673617919921876,-0.2373489886522293,-0.2084365338087082,-1.8287487030029297
2026-09-17T08:27:18.011576,1789633638011576800,11.683576904296874,-0.2695210576057434,-0.2693979144096374,-2.135338306427002
2026-09-17T08:27:18.021537,1789633638021537000,11.693537109375,-0.3148360550403595,-0.2264959663152694,-2.4382784366607666
2026-09-17T08:27:18.031496,1789633638031496000,11.703495849609377,-0.1734821200370788,-0.1697378754615783,-2.7772488594055176
2026-09-17T08:27:18.041455,1789633638041455000,11.713455078125,0.0512678921222686,-0.0894134789705276,-3.196080207824707
2026-09-17T08:27:18.051414,1789633638051414000,11.7234140625,-0.0094071701169013,-0.0007043848745524,-3.651304483413696
2026-09-17T08:27:18.061373,1789633638061373000,11.733373046875,-0.1589684188365936,0.1354031264781952,-4.146458148956299
2026-09-17T08:27:18.071332,1789633638071332000,11.74333203125,-0.2335742264986038,0.1651932448148727,-4.691503524780273
2026-09-17T08:27:18.081291,1789633638081291000,11.753291015625,-0.3234873414039612,0.116611860692501,-5.333683490753174
2026-09-17T08:27:18.091250,1789633638091250000,11.76325,-0.4299573302268982,0.2292190939188003,-5.687804222106934
2026-09-17T08:27:18.101210,1789633638101210000,11.773210205078126,-0.6340084075927734,0.2956098318099975,-5.850249290466309
2026-09-17T08:27:18.111169,1789633638111169000,11.7831689453125,-0.3015516996383667,0.3629614412784576,-5.914332389831543
2026-09-17T08:27:18.121128,1789633638121128200,11.793128173828125,-0.1182929053902626,0.4469276964664459,-5.861031532287598
2026-09-17T08:27:18.131087,1789633638131087000,11.803087158203123,-0.1931468993425369,0.7303999066352844,-5.898110866546631
2026-09-17T08:27:18.141046,1789633638141046000,11.8130458984375,-0.1767271757125854,0.912433922290802,-5.830065727233887
2026-09-17T08:27:18.151005,1789633638151005000,11.8230048828125,-0.3373075425624847,1.3168392181396484,-5.674786567687988
2026-09-17T08:27:18.160964,1789633638160964000,11.832964111328126,-0.7809084057807922,1.4956976175308228,-5.076446056365967
2026-09-17T08:27:18.170924,1789633638170924000,11.842924072265625,-1.1246315240859983,1.5665576457977295,-3.997622013092041
2026-09-17T08:27:18.180883,1789633638180883000,11.852883056640623,-0.9563792943954468,1.9589678049087524,-2.957763433456421
2026-09-17T08:27:18.190841,1789633638190841900,11.862841796875,-0.5834429860115051,1.811275839805603,-1.0983296632766724
2026-09-17T08:27:18.200800,1789633638200800800,11.87280078125,0.0985139682888984,1.6308304071426392,0.210052028298378
2026-09-17T08:27:18.210760,1789633638210760200,11.88276025390625,0.739346981048584,1.4004528522491455,0.8940876126289368
2026-09-17T08:27:18.220719,1789633638220719000,11.892718994140624,0.9499154090881348,1.2351301908493042,1.1662118434906006
2026-09-17T08:27:18.230678,1789633638230678000,11.902677978515625,0.9279800057411194,1.166778802871704,1.1626229286193848
2026-09-17T08:27:18.240638,1789633638240638000,11.912637939453123,0.6600321531295776,1.1129417419433594,1.0696834325790403
2026-09-17T08:27:18.250597,1789633638250597000,11.92259716796875,0.1612045168876648,1.0091335773468018,1.0249005556106567
2026-09-17T08:27:18.260556,1789633638260556000,11.93255615234375,-0.3207594752311706,0.8737701177597046,1.0989190340042114
2026-09-17T08:27:18.270515,1789633638270515000,11.942514892578124,-0.6627165079116821,0.673791229724884,1.2813293933868408
2026-09-17T08:27:18.280473,1789633638280473900,11.952473876953125,-0.7136878371238708,0.4886986017227173,1.5873515605926514
2026-09-17T08:27:18.290433,1789633638290433000,11.96243310546875,-0.5569826364517212,0.3343542814254761,2.0509889125823975
2026-09-17T08:27:18.300392,1789633638300392000,11.972391845703124,-0.4643877446651459,0.1309878677129745,2.643209457397461
2026-09-17T08:27:18.310352,1789633638310352100,11.98235205078125,-0.4260307550430298,-0.0397689640522003,3.3035879135131836
2026-09-17T08:27:18.320311,1789633638320311000,11.99231103515625,-0.4465187191963196,-0.1481774598360061,3.9458158016204834
2026-09-17T08:27:18.330270,1789633638330270000,12.00227001953125,-0.4933389723300934,-0.2340060770511627,4.429730415344238
2026-09-17T08:27:18.340229,1789633638340229000,12.01222900390625,-0.5074683427810669,-0.2728480398654938,4.700039863586426
2026-09-17T08:27:18.350188,1789633638350188000,12.02218798828125,-0.520015299320221,-0.2674407362937927,4.783016681671143
2026-09-17T08:27:18.360147,1789633638360147000,12.03214697265625,-0.6051688194274902,-0.2088464051485061,4.783459186553955
2026-09-17T08:27:18.370105,1789633638370105900,12.04210595703125,-0.739762544631958,-0.1578415334224701,4.79330587387085
2026-09-17T08:27:18.380065,1789633638380065800,12.052065673828125,-0.8711724877357483,-0.0859894528985023,4.894473075866699
2026-09-17T08:27:18.390025,1789633638390025000,12.06202490234375,-0.939250111579895,-0.0148694710806012,5.06793212890625
2026-09-17T08:27:18.399984,1789633638399984000,12.071984130859375,-0.9131207466125488,0.0256273541599512,5.209205627441406
2026-09-17T08:27:18.409943,1789633638409943000,12.081943115234376,-0.8225224018096924,0.0543452836573123,5.319146156311035
2026-09-17T08:27:18.419902,1789633638419902200,12.091902099609374,-0.7308785319328308,0.0277730617672204,5.3453593254089355
2026-09-17T08:27:18.429861,1789633638429861000,12.101861083984376,-0.6858042478561401,-0.0411799065768718,5.290541172027588
2026-09-17T08:27:18.439820,1789633638439820000,12.111820068359377,-0.7285882234573364,-0.1362054795026779,5.186888217926025
2026-09-17T08:27:18.449780,1789633638449780000,12.121780029296875,-0.8670126795768738,-0.2229587584733963,5.000651836395264
2026-09-17T08:27:18.459739,1789633638459739000,12.13173876953125,-1.037440061569214,-0.3324610292911529,4.696160793304443
2026-09-17T08:27:18.469698,1789633638469698000,12.141697998046874,-1.1577377319335938,-0.4504798054695129,4.386012077331543
2026-09-17T08:27:18.479657,1789633638479657000,12.151656982421876,-1.2375255823135376,-0.5373409390449524,4.215917587280273
2026-09-17T08:27:18.489616,1789633638489616000,12.161615966796877,-1.186800837516785,-0.5852836966514587,4.170942306518555
2026-09-17T08:27:18.499574,1789633638499574800,12.17157470703125,-1.0769436359405518,-0.5798718333244324,4.2339043617248535
2026-09-17T08:27:18.509534,1789633638509534200,12.1815341796875,-1.0090728998184204,-0.5025885105133057,4.387157440185547
2026-09-17T08:27:18.519493,1789633638519493000,12.1914931640625,-1.046747088432312,-0.3262571990489959,4.530655384063721
2026-09-17T08:27:18.529453,1789633638529453000,12.201453125,-1.1722911596298218,-0.1577201038599014,4.549145221710205
2026-09-17T08:27:18.539412,1789633638539412000,12.211411865234377,-1.318215012550354,-0.0391993150115013,4.430149555206299
2026-09-17T08:27:18.549371,1789633638549371000,12.221370849609375,-1.420850396156311,0.0511670671403408,4.248297691345215
2026-09-17T08:27:18.559330,1789633638559330000,12.231330078125,-1.4268203973770142,0.1095259860157966,4.028676986694336
2026-09-17T08:27:18.569289,1789633638569289000,12.2412890625,-1.3345996141433716,0.1734684854745865,3.7736217975616455
2026-09-17T08:27:18.579247,1789633638579247900,12.251247802734374,-1.2379846572875977,0.2642185986042022,3.4458706378936768
2026-09-17T08:27:18.589207,1789633638589207000,12.26120703125,-1.255596160888672,0.3463313281536102,2.9676694869995117
2026-09-17T08:27:18.599167,1789633638599167200,12.271167236328123,-1.3605483770370483,0.493989497423172,2.3964531421661377
2026-09-17T08:27:18.609126,1789633638609126100,12.281126220703126,-1.4692871570587158,0.6808355450630188,1.778200626373291
2026-09-17T08:27:18.619085,1789633638619085000,12.2910849609375,-1.379632592201233,0.8469678163528442,1.1048022508621216
2026-09-17T08:27:18.629044,1789633638629044000,12.3010439453125,-0.8260923624038696,0.6756908893585205,0.228359118103981
2026-09-17T08:27:18.639003,1789633638639003100,12.311003173828125,0.3370122909545898,0.1597191095352172,-0.7356937527656555
2026-09-17T08:27:18.648962,1789633638648962000,12.320962158203123,1.4252333641052246,-0.3967784941196441,-1.426499605178833
2026-09-17T08:27:18.658921,1789633638658921000,12.3309208984375,2.001800537109375,-0.6886217594146729,-1.797416090965271
2026-09-17T08:27:18.668881,1789633638668881000,12.340880859375,2.0535473823547363,-0.7044020891189575,-1.973965048789978
2026-09-17T08:27:18.678839,1789633638678839800,12.35083984375,1.5342320203781128,-0.4618000984191894,-1.8112916946411133
2026-09-17T08:27:18.688799,1789633638688799000,12.360799072265625,-0.4755332469940185,0.1752293407917022,-2.349337100982666
2026-09-17T08:27:18.698758,1789633638698758100,12.370758056640623,0.5971302390098572,-0.098579041659832,-1.2601064443588257
2026-09-17T08:27:18.708717,1789633638708717000,12.380717041015624,1.5241636037826538,0.1904730051755905,-4.573017120361328
2026-09-17T08:27:18.718676,1789633638718676000,12.390676025390626,1.7386753559112549,-0.6516499519348145,-7.438563823699951
2026-09-17T08:27:18.728635,1789633638728635100,12.40063525390625,0.4809578359127044,-0.9285180568695068,-6.768616676330566
2026-09-17T08:27:18.738595,1789633638738595000,12.410594970703125,-1.487293720245361,-2.0654234886169434,-4.950740337371826
2026-09-17T08:27:18.748554,1789633638748554000,12.420553955078123,-1.02245831489563,-1.7127007246017456,-2.826655387878418
2026-09-17T08:27:18.758513,1789633638758513000,12.430512939453124,2.0754995346069336,-0.183144524693489,-0.5976410508155823
2026-09-17T08:27:18.768472,1789633638768472000,12.44047216796875,2.727797031402588,0.0946197137236595,0.0086309826001524
2026-09-17T08:27:18.778431,1789633638778431000,12.450430908203124,1.1485170125961304,-0.2733340859413147,-0.5767051577568054
2026-09-17T08:27:18.788390,1789633638788390000,12.460389892578124,-0.5392573475837708,-0.6303734183311462,-0.8138394355773926
2026-09-17T08:27:18.798348,1789633638798348800,12.470348876953125,-0.6313305497169495,-0.4270594716072082,-0.4481032788753509
2026-09-17T08:27:18.808309,1789633638808309000,12.48030908203125,0.4045735597610473,-0.1298123300075531,-0.2522959411144256
2026-09-17T08:27:18.818268,1789633638818268200,12.49026806640625,0.7611601948738098,-0.0213886518031358,-0.2730504870414734
2026-09-17T08:27:18.828227,1789633638828227000,12.50022705078125,0.3706206679344177,-0.0595450922846794,-0.242083802819252
2026-09-17T08:27:18.838186,1789633638838186000,12.51018603515625,0.1059762313961982,-0.0729999169707298,-0.1418983340263366
2026-09-17T08:27:18.848145,1789633638848145000,12.520144775390625,0.1376015245914459,-0.0617110431194305,-0.1576394885778427
2026-09-17T08:27:18.858104,1789633638858104000,12.53010400390625,0.169870525598526,-0.0496756844222545,-0.1798715591430664
2026-09-17T08:27:18.868063,1789633638868063000,12.54006298828125,0.0985023379325866,-0.0596968904137611,-0.1616816371679306
2026-09-17T08:27:18.878022,1789633638878022000,12.55002197265625,-0.0203044731169939,-0.0813417360186576,-0.1616251766681671
2026-09-17T08:27:18.887981,1789633638887981800,12.55998193359375,-0.156525433063507,-0.1035514324903488,-0.1629455685615539
2026-09-17T08:27:18.897941,1789633638897941000,12.56994091796875,-0.2171728014945984,-0.1046947240829467,-0.1776177287101745
2026-09-17T08:27:18.907900,1789633638907900200,12.579900146484375,-0.1838595867156982,-0.0894494578242302,-0.1865004301071167
2026-09-17T08:27:18.917859,1789633638917859000,12.589859130859375,-0.1046550422906875,-0.0651007145643234,-0.1728930026292801
2026-09-17T08:27:18.927818,1789633638927818000,12.59981787109375,-0.0303182266652584,-0.0378568395972251,-0.1713622212409973
2026-09-17T08:27:18.937777,1789633638937777200,12.609777099609374,0.0442835725843906,-0.0370512343943119,-0.2110755443572998
2026-09-17T08:27:18.947736,1789633638947736000,12.619736083984376,0.1100881546735763,-0.0316564701497554,-0.2408060133457183
2026-09-17T08:27:18.957696,1789633638957696000,12.629696044921875,0.1843187063932418,-0.0213710740208625,-0.2840959727764129
2026-09-17T08:27:18.967655,1789633638967655000,12.639655029296875,0.2797845005989074,-0.0017507683951407,-0.2947680354118347
2026-09-17T08:27:18.977613,1789633638977613800,12.64961376953125,0.3300465941429138,0.0323241129517555,-0.2624883949756622
2026-09-17T08:27:18.987573,1789633638987573000,12.659572998046874,0.2568983733654022,0.0198003314435482,-0.2287791818380355
2026-09-17T08:27:18.997532,1789633638997532000,12.669531982421876,0.1313478946685791,-0.0173329226672649,-0.2299110144376754
2026-09-17T08:27:19.007491,1789633639007491000,12.679490966796877,0.0347534529864788,-0.0462090447545051,-0.2364514768123626
2026-09-17T08:27:19.017450,1789633639017450000,12.689449951171875,-0.016972592100501,-0.0590918213129043,-0.2395026683807373
2026-09-17T08:27:19.027410,1789633639027410000,12.699409912109376,-0.0156348869204521,-0.060177057981491,-0.2497007101774215
2026-09-17T08:27:19.037369,1789633639037369000,12.709369140625,0.0357753075659275,-0.0414888598024845,-0.2709567248821258
2026-09-17T08:27:19.047328,1789633639047328000,12.719327880859376,0.1180166527628898,-0.0231926757842302,-0.2853881418704986
2026-09-17T08:27:19.057287,1789633639057287000,12.729286865234377,0.1565342098474502,-0.0033414743375033,-0.2849617600440979
2026-09-17T08:27:19.067246,1789633639067246000,12.73924609375,0.1428479552268982,0.0093490211293101,-0.2804399728775024
2026-09-17T08:27:19.077205,1789633639077205000,12.749205078125,0.1513892412185669,0.0319829583168029,-0.2569746077060699
2026-09-17T08:27:19.087164,1789633639087164000,12.759163818359376,0.1752290725708007,0.0426151007413864,-0.2546872198581695
2026-09-17T08:27:19.097122,1789633639097122800,12.769122802734374,0.1818214505910873,0.0510943382978439,-0.2519590556621551
2026-09-17T08:27:19.107083,1789633639107083000,12.7790830078125,0.1980441063642501,0.051196601241827,-0.2625688314437866
2026-09-17T08:27:19.117042,1789633639117042200,12.789042236328124,0.1925750374794006,0.0541969202458858,-0.2886734008789062
2026-09-17T08:27:19.127001,1789633639127001000,12.7990009765625,0.1758096367120742,0.0617259442806243,-0.3102433979511261
2026-09-17T08:27:19.136960,1789633639136960000,12.8089599609375,0.1920682340860366,0.0608372464776039,-0.3452735543251037
2026-09-17T08:27:19.146919,1789633639146919000,12.8189189453125,0.2165908813476562,0.0670621171593666,-0.3862769305706024
2026-09-17T08:27:19.156878,1789633639156878000,12.828878173828125,0.2318899482488632,0.083020843565464,-0.4523432850837707
2026-09-17T08:27:19.166837,1789633639166837000,12.8388369140625,0.2174313813447952,0.0505244210362434,-0.5291895866394043
2026-09-17T08:27:19.176797,1789633639176797000,12.848796875,0.1499713808298111,0.0060743978247046,-0.567919909954071
2026-09-17T08:27:19.186755,1789633639186755800,12.858755859375,0.0851844027638435,-0.0405157394707202,-0.6066473722457886
2026-09-17T08:27:19.196715,1789633639196715000,12.868715087890624,0.0655270740389823,-0.0595163293182849,-0.6519978046417236
2026-09-17T08:27:19.206674,1789633639206674200,12.878674072265625,0.0691188797354698,-0.0351092554628849,-0.6927396059036255
2026-09-17T08:27:19.216633,1789633639216633000,12.888633056640623,0.1001252681016922,0.0127141904085874,-0.7424672245979309
2026-09-17T08:27:19.226592,1789633639226592000,12.898592041015624,0.1350054740905761,0.02908038161695,-0.7995936274528503
2026-09-17T08:27:19.236551,1789633639236551200,12.90855126953125,0.0946977436542511,0.0011661921162158,-0.8517447113990784
2026-09-17T08:27:19.246511,1789633639246511000,12.918510986328124,-0.0125970188528299,-0.0208719968795776,-0.9163937568664552
2026-09-17T08:27:19.256470,1789633639256470000,12.928469970703125,-0.0543647035956382,-0.0284047480672597,-1.0186775922775269
2026-09-17T08:27:19.266429,1789633639266429000,12.938428955078123,-0.0257546324282884,-0.0298108980059623,-1.133122444152832
2026-09-17T08:27:19.276387,1789633639276387300,12.94838720703125,0.0138905141502618,-0.0399261154234409,-1.2468721866607666
2026-09-17T08:27:19.286346,1789633639286346200,12.95834619140625,0.0296678803861141,-0.082995019853115,-1.3616738319396973
2026-09-17T08:27:19.296305,1789633639296305200,12.96830517578125,-0.0305440612137317,-0.1228721290826797,-1.4958637952804563
2026-09-17T08:27:19.306264,1789633639306264000,12.97826416015625,-0.0714377015829086,-0.156121164560318,-1.616692304611206
2026-09-17T08:27:19.316224,1789633639316224000,12.98822412109375,-0.0714310407638549,-0.1749260127544403,-1.7327951192855835
2026-09-17T08:27:19.326183,1789633639326183200,12.99818310546875,-0.0541774854063987,-0.205415204167366,-1.8737413883209229
2026-09-17T08:27:19.336142,1789633639336142000,13.00814208984375,-0.0617421939969062,-0.2438728511333465,-2.0508105754852295
2026-09-17T08:27:19.346101,1789633639346101200,13.018101318359374,-0.0796636715531349,-0.2891322374343872,-2.306864023208618
2026-09-17T08:27:19.356060,1789633639356060200,13.02806005859375,-0.0950956270098686,-0.2440052181482315,-2.5980756282806396
2026-09-17T08:27:19.366019,1789633639366019300,13.038019287109377,0.0098470374941825,-0.166931465268135,-2.9124860763549805
2026-09-17T08:27:19.375978,1789633639375978200,13.047978271484377,0.0797496885061264,-0.1487985402345657,-3.279628276824951
2026-09-17T08:27:19.385938,1789633639385938200,13.057938232421876,-0.0318511389195919,-0.0280193891376256,-3.670100688934326
2026-09-17T08:27:19.395897,1789633639395897000,13.06789697265625,-0.1884143948554992,0.0641265138983726,-4.10107946395874
2026-09-17T08:27:19.405856,1789633639405856300,13.077856201171874,-0.1806736439466476,0.0579634271562099,-4.565852642059326
2026-09-17T08:27:19.415815,1789633639415815200,13.087815185546877,-0.1335490196943283,0.0043630506843328,-5.046238899230957
2026-09-17T08:27:19.425774,1789633639425774000,13.097774169921877,-0.1388487070798874,-0.0465267598628997,-5.507783889770508
2026-09-17T08:27:19.435733,1789633639435733000,13.10773291015625,0.0250776559114456,0.0181124191731214,-5.726694583892822
2026-09-17T08:27:19.445692,1789633639445692200,13.117692138671876,0.1402244716882705,0.0753573328256607,-5.686853885650635
2026-09-17T08:27:19.455652,1789633639455652400,13.12765234375,0.4558202624320984,0.2012715935707092,-5.583766937255859
2026-09-17T08:27:19.465611,1789633639465611300,13.137611328125,0.3058485984802246,0.3941347599029541,-5.438849449157715
2026-09-17T08:27:19.475570,1789633639475570200,13.147570068359377,-0.0477238483726978,0.8358615636825562,-5.398805618286133
2026-09-17T08:27:19.485529,1789633639485529000,13.157529052734375,-0.224747896194458,1.0832213163375854,-5.41340446472168
2026-09-17T08:27:19.495488,1789633639495488300,13.16748828125,-0.4018728733062744,1.309104561805725,-5.404836654663086
2026-09-17T08:27:19.505447,1789633639505447200,13.177447265625,-0.6727520227432251,1.456897497177124,-5.276752471923828
2026-09-17T08:27:19.515406,1789633639515406000,13.187406005859376,-1.029987096786499,1.6011955738067627,-5.002655982971191
2026-09-17T08:27:19.525366,1789633639525366000,13.197365966796877,-1.4346400499343872,1.8707175254821775,-4.4857916831970215
2026-09-17T08:27:19.535325,1789633639535325200,13.2073251953125,-1.5534687042236328,2.3459632396698,-3.9271011352539062
2026-09-17T08:27:19.545284,1789633639545284400,13.217284423828126,-1.448175072669983,2.282846450805664,-2.776984691619873
2026-09-17T08:27:19.555243,1789633639555243300,13.2272431640625,-1.1370136737823486,2.064483165740967,-1.5611722469329834
2026-09-17T08:27:19.565202,1789633639565202200,13.2372021484375,-0.5259697437286377,1.8172132968902588,-0.4513848125934601
2026-09-17T08:27:19.575161,1789633639575161300,13.247161376953123,0.0455941148102283,1.411703109741211,0.4907334446907043
2026-09-17T08:27:19.585120,1789633639585120300,13.257120361328123,0.4981237649917602,1.0543806552886963,1.2572239637374878
2026-09-17T08:27:19.595080,1789633639595080200,13.267080078125,0.778319239616394,0.7736389636993408,1.8973729610443115
2026-09-17T08:27:19.605039,1789633639605039000,13.2770390625,0.8901943564414978,0.5507222414016724,2.5481479167938232
2026-09-17T08:27:19.614998,1789633639614998000,13.286998046875,0.8380193114280701,0.4053227007389068,3.221607208251953
2026-09-17T08:27:19.624957,1789633639624957200,13.296957275390625,0.6620826125144958,0.2889036834239959,3.854057788848877
2026-09-17T08:27:19.634916,1789633639634916000,13.306916015625,0.4057903587818146,0.1911465227603912,4.3326826095581055
2026-09-17T08:27:19.644875,1789633639644875300,13.316875244140626,0.1490113139152526,0.0608212687075138,4.567517280578613
2026-09-17T08:27:19.654834,1789633639654834200,13.326834228515626,-0.0744675770401954,-0.0562534257769584,4.614650726318359
2026-09-17T08:27:19.664794,1789633639664794000,13.336794189453125,-0.3010450601577759,-0.1453926265239715,4.592863082885742
2026-09-17T08:27:19.674753,1789633639674753300,13.346753173828125,-0.5522423982620239,-0.2003402858972549,4.535567283630371
2026-09-17T08:27:19.684712,1789633639684712200,13.356712158203123,-0.8231928944587708,-0.2434065341949463,4.418677806854248
2026-09-17T08:27:19.694671,1789633639694671000,13.366671142578124,-1.0629669427871704,-0.3145118951797485,4.259739398956299
2026-09-17T08:27:19.704630,1789633639704630000,13.376630126953126,-1.1974047422409058,-0.4048103392124176,4.163390636444092
2026-09-17T08:27:19.714589,1789633639714589200,13.386589111328124,-1.202378511428833,-0.5417143702507019,4.230433940887451
2026-09-17T08:27:19.724548,1789633639724548000,13.396548095703125,-1.10040283203125,-0.7034939527511597,4.480744361877441
2026-09-17T08:27:19.734508,1789633639734508300,13.40650830078125,-0.9316883087158204,-0.818982720375061,4.846014976501465
2026-09-17T08:27:19.744467,1789633639744467200,13.41646728515625,-0.7796463370323181,-0.8851007223129272,5.186857223510742
2026-09-17T08:27:19.754426,1789633639754426400,13.42642626953125,-0.6752496361732483,-0.941969871520996,5.3335862159729
2026-09-17T08:27:19.764385,1789633639764385300,13.43638525390625,-0.6257877945899963,-0.9116303324699402,5.370834827423096
2026-09-17T08:27:19.774344,1789633639774344200,13.44634423828125,-0.6306341886520386,-0.8974764347076416,5.279360771179199
2026-09-17T08:27:19.784303,1789633639784303000,13.45630322265625,-0.6802065372467041,-0.8388999700546265,5.135806560516357
2026-09-17T08:27:19.794262,1789633639794262300,13.46626220703125,-0.7736569046974182,-0.7575952410697937,5.039123058319092
2026-09-17T08:27:19.804222,1789633639804222200,13.47622216796875,-0.8688579797744751,-0.6547455787658691,5.018683910369873
2026-09-17T08:27:19.814181,1789633639814181000,13.48618115234375,-0.9302480816841124,-0.549701452255249,5.056573390960693
2026-09-17T08:27:19.824140,1789633639824140000,13.49614013671875,-0.9764459133148192,-0.4352467954158783,5.088428020477295
2026-09-17T08:27:19.834099,1789633639834099000,13.506098876953123,-1.0344208478927612,-0.3555157482624054,5.092615604400635
2026-09-17T08:27:19.844058,1789633639844058400,13.516058349609375,-1.0604794025421145,-0.3102505207061767,5.084418773651123
2026-09-17T08:27:19.854017,1789633639854017300,13.526017333984376,-1.0607481002807615,-0.3081013560295105,5.101876735687256
2026-09-17T08:27:19.863976,1789633639863976200,13.53597607421875,-1.0155612230300903,-0.305860310792923,5.114165782928467
2026-09-17T08:27:19.873936,1789633639873936100,13.54593603515625,-0.9511509537696838,-0.2825243473052978,5.022401332855225
2026-09-17T08:27:19.883895,1789633639883895000,13.55589501953125,-0.934474527835846,-0.2023261785507202,4.836759090423584
2026-09-17T08:27:19.893854,1789633639893854200,13.565854248046875,-1.0006059408187866,-0.0797312930226326,4.57696008682251
2026-09-17T08:27:19.903813,1789633639903813000,13.575813232421876,-1.1754094362258911,0.0420598573982715,4.252425670623779
2026-09-17T08:27:19.913772,1789633639913772000,13.58577197265625,-1.3935062885284424,0.1805213391780853,3.908795118331909
2026-09-17T08:27:19.923731,1789633639923731200,13.595731201171876,-1.6025493144989014,0.2344655245542526,3.503743886947632
2026-09-17T08:27:19.933690,1789633639933690000,13.605690185546877,-1.7445740699768066,0.2022545933723449,3.0542612075805664
2026-09-17T08:27:19.943650,1789633639943650300,13.615650390625,-1.813212275505066,0.1844020932912826,2.5485596656799316
2026-09-17T08:27:19.953609,1789633639953609200,13.625609130859376,-1.805885434150696,0.1496270596981048,2.0576794147491455
2026-09-17T08:27:19.963568,1789633639963568000,13.635568115234374,-1.6240413188934326,0.165156751871109,1.520857810974121
2026-09-17T08:27:19.973527,1789633639973527300,13.64552734375,-1.175153732299805,0.114925280213356,0.9283581972122192
2026-09-17T08:27:19.983486,1789633639983486200,13.655486328125,-0.4367137551307678,0.0403077639639377,0.1887126415967941
2026-09-17T08:27:19.993445,1789633639993445000,13.665445068359375,0.5036026239395142,-0.1369375884532928,-0.481588214635849
2026-09-17T08:27:20.003404,1789633640003404000,13.675404052734375,1.2568010091781616,-0.1133012324571609,-0.9931846857070924
2026-09-17T08:27:20.013364,1789633640013364000,13.685364013671874,0.9896998405456544,0.4830857217311859,-3.3617939949035645
2026-09-17T08:27:20.023323,1789633640023323100,13.6953232421875,1.8315294981002808,0.4494047164916992,-2.661007881164551
2026-09-17T08:27:20.033282,1789633640033282300,13.7052822265625,2.7644553184509277,0.4228098392486572,-3.5488827228546143
2026-09-17T08:27:20.043241,1789633640043241200,13.7152412109375,3.1969947814941406,-0.3546579480171203,-6.110273361206055
2026-09-17T08:27:20.053200,1789633640053200100,13.7252001953125,2.394692897796631,-0.8143048882484436,-6.742685317993164
2026-09-17T08:27:20.063159,1789633640063159300,13.7351591796875,-0.0076393638737499,-0.8679084181785583,-5.106559753417969
2026-09-17T08:27:20.073118,1789633640073118200,13.7451181640625,-2.287987470626831,-1.2847213745117188,-3.1209254264831543
2026-09-17T08:27:20.083078,1789633640083078100,13.755078125,-2.8635244369506836,-1.850216507911682,-2.039825677871704
2026-09-17T08:27:20.093037,1789633640093037000,13.765037109375,-0.7864016890525818,-1.1935222148895264,-1.418983817100525
2026-09-17T08:27:20.102996,1789633640102996200,13.774996337890624,1.7849441766738892,-0.1570620238780975,-1.0212152004241943
2026-09-17T08:27:20.112955,1789633640112955100,13.784955078125,1.5781028270721436,-0.4110724925994873,-0.902806282043457
2026-09-17T08:27:20.122914,1789633640122914000,13.7949140625,0.4386361241340637,-0.7085430026054382,-1.0520825386047363
2026-09-17T08:27:20.132873,1789633640132873000,13.804873046875,-0.0169487092643976,-0.5512476563453674,-0.9337890148162842
2026-09-17T08:27:20.142832,1789633640142832400,13.814832275390623,0.3067121803760528,-0.3307994902133941,-0.6226755976676941
2026-09-17T08:27:20.152792,1789633640152792300,13.824792236328124,0.9345241785049438,-0.1328469663858413,-0.592268168926239
2026-09-17T08:27:20.162751,1789633640162751200,13.834751220703126,1.1659762859344482,-0.0873093158006668,-0.6451891660690308
2026-09-17T08:27:20.172710,1789633640172710100,13.844710205078124,0.9238369464874268,-0.1122077405452728,-0.5926074385643005
2026-09-17T08:27:20.182669,1789633640182669000,13.8546689453125,0.5324172377586365,-0.1114788353443145,-0.4869936108589172
2026-09-17T08:27:20.192628,1789633640192628200,13.864628173828123,0.1784194558858871,-0.1276053339242935,-0.4182094931602478
2026-09-17T08:27:20.202587,1789633640202587100,13.874587158203123,0.0416424311697483,-0.1677032262086868,-0.3938210606575012
2026-09-17T08:27:20.212546,1789633640212546000,13.884546142578126,0.008095390163362,-0.1735286265611648,-0.3612418174743652
2026-09-17T08:27:20.222506,1789633640222506200,13.89450634765625,-0.0710020959377288,-0.1808232814073562,-0.358835905790329
2026-09-17T08:27:20.232465,1789633640232465200,13.904465087890625,-0.0676150843501091,-0.1426668465137481,-0.3453193008899688
2026-09-17T08:27:20.242424,1789633640242424300,13.91442431640625,0.0411132611334323,-0.0939967781305313,-0.3048480451107025
2026-09-17T08:27:20.252383,1789633640252383200,13.92438330078125,0.1663087308406829,-0.0585501082241535,-0.2882267236709595
2026-09-17T08:27:20.262342,1789633640262342100,13.934342041015626,0.283278226852417,-0.0049103153869509,-0.2716096639633178
2026-09-17T08:27:20.272301,1789633640272301600,13.944301513671874,0.3442880511283874,0.0065940078347921,-0.2680652737617492
2026-09-17T08:27:20.282260,1789633640282260700,13.9542607421875,0.3045488893985748,0.0148977441713213,-0.2369696795940399
2026-09-17T08:27:20.292220,1789633640292220700,13.964220703125,0.2747028470039367,0.0072491457685828,-0.2262259572744369
2026-09-17T08:27:20.302179,1789633640302179600,13.9741796875,0.247820645570755,0.0097820786759257,-0.2060732841491699
2026-09-17T08:27:20.312138,1789633640312138500,13.984138427734376,0.1990285962820053,-0.0218996852636337,-0.2214823365211486
2026-09-17T08:27:20.322097,1789633640322097700,13.99409765625,0.1402411758899688,-0.0447629243135452,-0.2458198964595794
2026-09-17T08:27:20.332056,1789633640332056600,14.004056640625,0.1591048836708068,-0.0379913039505481,-0.2668838798999786
2026-09-17T08:27:20.342015,1789633640342015700,14.014015625,0.2512497305870056,-0.001372305676341,-0.2749681770801544
2026-09-17T08:27:20.351975,1789633640351975700,14.0239755859375,0.3019744157791137,0.0159965641796588,-0.2703571915626526
2026-09-17T08:27:20.361934,1789633640361934600,14.0339345703125,0.2704055607318878,0.0188544020056724,-0.2582725584506988
2026-09-17T08:27:20.371893,1789633640371893800,14.043893798828124,0.2179034799337387,0.0096414629369974,-0.2481890469789505
2026-09-17T08:27:20.381852,1789633640381852700,14.053852783203125,0.2412839084863662,0.0171129610389471,-0.2522231936454773
2026-09-17T08:27:20.391811,1789633640391811600,14.0638115234375,0.2789961099624634,0.0370517820119857,-0.2565079629421234
2026-09-17T08:27:20.401770,1789633640401770500,14.0737705078125,0.2949037253856659,0.0417306907474994,-0.2696061730384826
2026-09-17T08:27:20.411729,1789633640411729700,14.083729736328126,0.2846430838108063,0.0284495055675506,-0.2853606343269348
2026-09-17T08:27:20.421688,1789633640421688600,14.0936884765625,0.2587345242500305,0.0130942519754171,-0.2937639653682709
2026-09-17T08:27:20.431648,1789633640431648800,14.103648681640625,0.2539381682872772,0.0180687699466943,-0.3154210746288299
2026-09-17T08:27:20.441607,1789633640441607700,14.113607666015625,0.2826587557792663,0.023593496531248,-0.3401682376861572
2026-09-17T08:27:20.451566,1789633640451566600,14.123566650390623,0.2723336815834045,0.0329630300402641,-0.3616399765014648
2026-09-17T08:27:20.461525,1789633640461525800,14.13352587890625,0.2729515433311462,0.0436929054558277,-0.4047403037548065
2026-09-17T08:27:20.471484,1789633640471484700,14.143484619140626,0.2781745493412018,0.0499998033046722,-0.4520372450351715
2026-09-17T08:27:20.481443,1789633640481443600,14.153443603515624,0.2955639064311981,0.0553551539778709,-0.4754799902439117
2026-09-17T08:27:20.491403,1789633640491403500,14.163403564453125,0.2742905914783478,0.030699610710144,-0.5032413601875305
2026-09-17T08:27:20.501362,1789633640501362700,14.17336279296875,0.1779241114854812,-0.0192128214985132,-0.5631025433540344
2026-09-17T08:27:20.511321,1789633640511321600,14.183321533203124,0.0924166589975357,-0.0502567589282989,-0.6365107297897339
2026-09-17T08:27:20.521280,1789633640521280500,14.193280517578126,0.0619964376091957,-0.0568675212562084,-0.6955958604812622
2026-09-17T08:27:20.531239,1789633640531239700,14.20323974609375,0.0167602505534887,-0.0508538372814655,-0.7459415793418884
2026-09-17T08:27:20.541198,1789633640541198800,14.21319873046875,-0.036621481180191,-0.0365425422787666,-0.8042123317718506
2026-09-17T08:27:20.551157,1789633640551157800,14.22315771484375,-0.0203152112662792,-0.0114619573578238,-0.890688419342041
2026-09-17T08:27:20.561117,1789633640561117700,14.23311767578125,0.0164694339036941,0.0001046834513545,-0.9869848489761353
2026-09-17T08:27:20.571076,1789633640571076600,14.24307666015625,0.0259715933352708,0.0025814233813434,-1.0827951431274414
2026-09-17T08:27:20.581035,1789633640581035500,14.253035400390624,0.0263271257281303,-0.0063462909311056,-1.188625454902649
2026-09-17T08:27:20.590994,1789633640590994700,14.26299462890625,0.0076240110211074,-0.0479211658239364,-1.2981021404266355
2026-09-17T08:27:20.600953,1789633640600953600,14.27295361328125,-0.0146003346890211,-0.1021612286567688,-1.404476761817932
2026-09-17T08:27:20.610912,1789633640610912500,14.28291259765625,-0.0403517708182334,-0.1655862778425216,-1.512004852294922
2026-09-17T08:27:20.620871,1789633640620871400,14.292871337890626,-0.0616400167346,-0.2180383056402206,-1.633764386177063
2026-09-17T08:27:20.630831,1789633640630831600,14.30283154296875,-0.0546135306358337,-0.2272722721099853,-1.7788901329040527
2026-09-17T08:27:20.640790,1789633640640790800,14.312790771484377,0.0061121345497667,-0.2483993917703628,-1.9630903005599976
2026-09-17T08:27:20.650749,1789633640650749700,14.322749755859377,0.0653070136904716,-0.2794286906719208,-2.2122538089752197
2026-09-17T08:27:20.660708,1789633640660708600,14.33270849609375,0.0806673243641853,-0.2532564997673034,-2.462225914001465
2026-09-17T08:27:20.670667,1789633640670667800,14.342667724609376,0.1565964519977569,-0.1715943664312362,-2.7616100311279297
2026-09-17T08:27:20.680626,1789633640680626700,14.352626708984374,0.2130064666271209,-0.1026070415973663,-3.115123748779297
2026-09-17T08:27:20.690586,1789633640690586600,14.362586669921876,0.1425144523382187,-0.0288263019174337,-3.473534345626831
2026-09-17T08:27:20.700545,1789633640700545500,14.372545654296877,0.0122472587972879,0.0630298554897308,-3.898188591003418
2026-09-17T08:27:20.710504,1789633640710504400,14.38250439453125,-0.0829264000058174,0.1035186946392059,-4.380913734436035
2026-09-17T08:27:20.720463,1789633640720463600,14.392463623046876,-0.0944932028651237,0.1867125183343887,-4.929699897766113
2026-09-17T08:27:20.730422,1789633640730422800,14.4024228515625,-0.2680926620960235,0.1985571980476379,-5.4589033126831055
2026-09-17T08:27:20.740381,1789633640740381700,14.412381591796876,-0.3684967756271362,0.0805248245596885,-5.80784273147583
2026-09-17T08:27:20.750340,1789633640750340600,14.422340576171877,-0.0696208775043487,0.0935729891061782,-5.953538417816162
2026-09-17T08:27:20.760300,1789633640760300500,14.432300537109375,0.2810604572296142,0.211983248591423,-5.663061618804932
2026-09-17T08:27:20.770259,1789633640770259700,14.442259765625,0.324415922164917,0.4117887616157532,-5.515102863311768
2026-09-17T08:27:20.780218,1789633640780218600,14.452218505859374,0.2209861874580383,0.623839259147644,-5.373898506164551
2026-09-17T08:27:20.790177,1789633640790177500,14.462177490234374,0.2970066666603088,0.730686604976654,-5.3093390464782715
2026-09-17T08:27:20.800136,1789633640800136400,14.472136474609377,0.2893434166908264,1.0150402784347534,-5.287900447845459
2026-09-17T08:27:20.810095,1789633640810095600,14.482095703125,0.1439063251018524,1.1607362031936646,-5.274356842041016
2026-09-17T08:27:20.820055,1789633640820055800,14.492055908203126,-0.0665276125073432,1.2424920797348022,-5.274966716766357
2026-09-17T08:27:20.830014,1789633640830014700,14.5020146484375,-0.5108720064163208,1.2024579048156738,-4.592377185821533
2026-09-17T08:27:20.839973,1789633640839973600,14.5119736328125,-1.1719471216201782,1.4831486940383911,-3.432324171066284
2026-09-17T08:27:20.849932,1789633640849932500,14.5219326171875,-1.6004481315612793,1.6324042081832886,-2.0206046104431152
2026-09-17T08:27:20.859891,1789633640859891700,14.5318916015625,-1.1893346309661863,1.636571168899536,-0.3572455048561096
2026-09-17T08:27:20.869850,1789633640869850600,14.5418505859375,-0.3924228847026825,1.467795491218567,0.7331002950668335
2026-09-17T08:27:20.879809,1789633640879809500,14.5518095703125,0.1810928434133529,1.0690851211547852,1.4841610193252563
2026-09-17T08:27:20.889769,1789633640889769500,14.56176953125,0.613202691078186,0.8007578253746033,2.0312540531158447
2026-09-17T08:27:20.899728,1789633640899728600,14.571728759765625,0.8610492944717407,0.6653409004211426,2.378612279891968
2026-09-17T08:27:20.909687,1789633640909687600,14.5816875,0.8512325882911682,0.5167838931083679,2.622178077697754
2026-09-17T08:27:20.919646,1789633640919646700,14.591646728515624,0.6298102140426636,0.387963056564331,2.935150146484375
2026-09-17T08:27:20.929605,1789633640929605600,14.601605712890626,0.3153747618198395,0.273157924413681,3.300117015838623
2026-09-17T08:27:20.939564,1789633640939564800,14.611564697265624,0.0371377989649772,0.1730662137269973,3.6095292568206783
2026-09-17T08:27:20.949523,1789633640949523700,14.621523681640625,-0.1480142176151275,0.0980508252978324,3.853269577026367
2026-09-17T08:27:20.959483,1789633640959483600,14.631483642578123,-0.2580054104328155,0.0452134422957897,3.9836952686309814
2026-09-17T08:27:20.969442,1789633640969442600,14.641442626953124,-0.3399429023265838,-0.0243288837373256,3.989837884902954
2026-09-17T08:27:20.979401,1789633640979401500,14.6514013671875,-0.4355295896530151,-0.1250935792922973,3.92094349861145
2026-09-17T08:27:20.989360,1789633640989360600,14.661360595703124,-0.5595263838768005,-0.2728042006492615,3.887400150299072
2026-09-17T08:27:20.999319,1789633640999319600,14.671319580078125,-0.6410457491874695,-0.3838087618350982,3.960471153259278
2026-09-17T08:27:21.009278,1789633641009278500,14.681278564453123,-0.6469310522079468,-0.4189278483390808,4.119959354400635
2026-09-17T08:27:21.019238,1789633641019238700,14.69123876953125,-0.6666477918624878,-0.435196578502655,4.324454307556152
2026-09-17T08:27:21.029197,1789633641029197600,14.701197509765626,-0.720432698726654,-0.4054629206657409,4.544771194458008
2026-09-17T08:27:21.039156,1789633641039156700,14.71115673828125,-0.7987653613090515,-0.347287505865097,4.745322227478027
2026-09-17T08:27:21.049115,1789633641049115600,14.72111572265625,-0.9095667004585266,-0.2987564504146576,4.920426368713379
2026-09-17T08:27:21.059074,1789633641059074600,14.731074462890623,-1.004688382148743,-0.2632884681224823,5.040206432342529
2026-09-17T08:27:21.069033,1789633641069033700,14.74103369140625,-1.014942646026611,-0.2108340412378311,5.08174467086792
2026-09-17T08:27:21.078993,1789633641078993700,14.75099365234375,-0.9427595138549804,-0.1623682379722595,5.044729709625244
2026-09-17T08:27:21.088952,1789633641088952600,14.76095263671875,-0.862394392490387,-0.1106416657567024,4.953105449676514
2026-09-17T08:27:21.098911,1789633641098911500,14.770911376953125,-0.8490141034126282,-0.0652462244033813,4.850151062011719
2026-09-17T08:27:21.108870,1789633641108870700,14.78087060546875,-0.8721482157707214,-0.0210388135164976,4.750901222229004
2026-09-17T08:27:21.118829,1789633641118829800,14.790829833984375,-0.8923410773277283,0.0445921272039413,4.698739528656006
2026-09-17T08:27:21.128788,1789633641128788700,14.800788818359376,-0.8950199484825134,0.1101484969258308,4.716401100158691
2026-09-17T08:27:21.138747,1789633641138747600,14.81074755859375,-0.8850911855697632,0.1790037304162979,4.783039093017578
2026-09-17T08:27:21.148707,1789633641148707600,14.82070751953125,-0.8699479103088379,0.2352078855037689,4.831645965576172
2026-09-17T08:27:21.158666,1789633641158666500,14.83066650390625,-0.8775832056999207,0.296958863735199,4.84339714050293
2026-09-17T08:27:21.168625,1789633641168625700,14.840625732421875,-0.9283766150474548,0.3827419579029083,4.798795700073242
2026-09-17T08:27:21.178584,1789633641178584600,14.85058447265625,-1.0415396690368652,0.509003221988678,4.6773223876953125
2026-09-17T08:27:21.188543,1789633641188543500,14.86054345703125,-1.2007561922073364,0.6794228553771973,4.47640323638916
2026-09-17T08:27:21.198502,1789633641198502700,14.870502685546874,-1.4109339714050293,0.8463271856307983,4.208508014678955
2026-09-17T08:27:21.208462,1789633641208462600,14.880462646484377,-1.6157413721084597,0.9707037210464478,3.885941982269287
2026-09-17T08:27:21.218421,1789633641218421800,14.890421875,-1.7879719734191897,1.0189980268478394,3.589895486831665
2026-09-17T08:27:21.228380,1789633641228380700,14.900380615234376,-1.8904623985290527,0.959478795528412,3.285519599914551
2026-09-17T08:27:21.238339,1789633641238339600,14.910339599609374,-1.9027351140975952,0.8079156279563904,2.969543933868408
2026-09-17T08:27:21.248298,1789633641248298800,14.920298828125,-1.817798852920532,0.6059688925743103,2.6434056758880615
2026-09-17T08:27:21.258257,1789633641258257700,14.930257568359377,-1.6653989553451538,0.4430947601795196,2.2961292266845703
2026-09-17T08:27:21.268216,1789633641268216600,14.940216552734377,-1.5092761516571045,0.3331344425678253,1.919169783592224
2026-09-17T08:27:21.278176,1789633641278176800,14.9501767578125,-1.3484615087509155,0.2315082103013992,1.4661284685134888
2026-09-17T08:27:21.288135,1789633641288135700,14.9601357421875,-1.0710924863815308,0.1940263509750366,0.9810290932655334
2026-09-17T08:27:21.298095,1789633641298095000,14.97009521484375,-0.7082002758979797,0.1820727586746215,0.4170938730239868
2026-09-17T08:27:21.308054,1789633641308054000,14.980053955078125,-0.2526383399963379,0.0778885632753372,-0.2731660604476928
2026-09-17T08:27:21.318013,1789633641318013000,14.990012939453123,0.3026621639728546,-0.0973287895321846,-0.9516060948371888
2026-09-17T08:27:21.327971,1789633641327971800,14.999971923828124,0.7652289867401123,-0.2654818594455719,-1.474162459373474
2026-09-17T08:27:21.337931,1789633641337931800,15.009931884765624,1.0075377225875854,-0.3626065254211426,-1.8097550868988037
2026-09-17T08:27:21.347891,1789633641347891000,15.019890869140625,1.0168300867080688,-0.227033793926239,-1.8623725175857544
2026-09-17T08:27:21.357849,1789633641357849900,15.029849853515625,-0.1852835565805435,0.0592512302100658,-2.1034176349639893
2026-09-17T08:27:21.367808,1789633641367808800,15.039808837890623,1.2857190370559692,-0.3922741413116455,-0.8308508992195129
2026-09-17T08:27:21.377767,1789633641377767700,15.049767578125,2.537991762161255,0.492042064666748,-3.907991647720337
2026-09-17T08:27:21.387726,1789633641387726800,15.059726806640626,2.858672618865967,-0.5998616814613342,-7.026942729949951
2026-09-17T08:27:21.397685,1789633641397685800,15.069685791015624,1.45271897315979,-0.6886983513832092,-6.728137969970703
2026-09-17T08:27:21.407646,1789633641407646000,15.07964599609375,-1.0211166143417358,-1.216421604156494,-4.840084075927734
2026-09-17T08:27:21.417604,1789633641417604900,15.08960498046875,-2.2863574028015137,-1.7637243270874023,-3.4822540283203125
2026-09-17T08:27:21.427564,1789633641427564000,15.09956396484375,-1.524519920349121,-1.8435512781143188,-2.4283742904663086
2026-09-17T08:27:21.437523,1789633641437523000,15.10952294921875,1.1929036378860474,-0.4148707985877991,-1.0999161005020142
2026-09-17T08:27:21.447481,1789633641447481900,15.11948193359375,1.9132906198501587,-0.1791592091321945,-0.5054736137390137
2026-09-17T08:27:21.457440,1789633641457440800,15.129440673828125,1.0110504627227783,-0.5536009669303894,-0.8217898011207581
2026-09-17T08:27:21.467400,1789633641467400700,15.139400634765623,0.1374635994434356,-0.6327650547027588,-1.102650165557861
2026-09-17T08:27:21.477359,1789633641477359900,15.14935986328125,0.1401478052139282,-0.4470822811126709,-0.7745333313941956
2026-09-17T08:27:21.487319,1789633641487319000,15.159319091796876,0.7639557719230652,-0.2017622590065002,-0.5596335530281067
2026-09-17T08:27:21.497278,1789633641497278000,15.16927783203125,1.11410653591156,-0.0831740871071815,-0.5942647457122803
2026-09-17T08:27:21.507236,1789633641507236900,15.17923681640625,0.980952262878418,-0.0758320242166519,-0.5510464310646057
2026-09-17T08:27:21.517196,1789633641517196000,15.189196044921877,0.7379657030105591,-0.0315252766013145,-0.4274885058403015
2026-09-17T08:27:21.527155,1789633641527155000,15.199155029296875,0.4733926355838775,-0.0533368326723575,-0.3719213902950287
2026-09-17T08:27:21.537115,1789633641537115000,15.209114990234376,0.2803398072719574,-0.0633758828043937,-0.3430154323577881
2026-09-17T08:27:21.547073,1789633641547073800,15.21907373046875,0.1969319880008697,-0.0531083345413208,-0.2655211687088012
2026-09-17T08:27:21.557032,1789633641557032700,15.22903271484375,0.0880164206027984,-0.060828574001789,-0.2066480070352554
2026-09-17T08:27:21.566992,1789633641566992000,15.238991943359377,-0.0349097624421119,-0.0798842906951904,-0.1855179518461227
2026-09-17T08:27:21.576950,1789633641576950800,15.24895068359375,-0.0969505012035369,-0.0633583068847656,-0.1522734463214874
2026-09-17T08:27:21.586909,1789633641586909700,15.25890966796875,-0.0595519952476024,-0.0290352217853069,-0.1217661499977111
2026-09-17T08:27:21.596870,1789633641596870000,15.268869873046874,0.0169070959091186,-0.0066628046333789,-0.1313109099864959
2026-09-17T08:27:21.606828,1789633641606828800,15.278828857421876,0.0780964121222496,0.0022851505782455,-0.1637375652790069
2026-09-17T08:27:21.616788,1789633641616788000,15.2887880859375,0.144756406545639,0.0197099465876817,-0.1763257980346679
2026-09-17T08:27:21.626747,1789633641626747000,15.298746826171875,0.2261029183864593,0.037252988666296,-0.1640699207782745
2026-09-17T08:27:21.636705,1789633641636705800,15.308705810546876,0.2366285324096679,0.0243164170533418,-0.153157353401184
2026-09-17T08:27:21.646665,1789633641646665000,15.3186650390625,0.1545781344175338,0.0009823322761803,-0.139261245727539
2026-09-17T08:27:21.656623,1789633641656623900,15.328623779296874,0.0644871294498443,-0.0076127536594867,-0.1267465204000473
2026-09-17T08:27:21.666583,1789633641666583800,15.338583740234377,0.0893711745738983,0.003451348748058,-0.1257749944925308
2026-09-17T08:27:21.676543,1789633641676543000,15.34854296875,0.1210984736680984,0.0307391621172428,-0.1167767196893692
2026-09-17T08:27:21.686502,1789633641686502000,15.358501953125,0.1014107912778854,0.041432287544012,-0.097501553595066
2026-09-17T08:27:21.696461,1789633641696461000,15.3684609375,0.0254718214273452,0.0412117764353752,-0.0738928988575935
2026-09-17T08:27:21.706420,1789633641706420000,15.378419921875,-0.0338077470660209,0.0331400036811828,-0.0668030306696891
2026-09-17T08:27:21.716379,1789633641716379000,15.38837890625,-0.0087828207761049,0.0300805624574422,-0.0871405303478241
2026-09-17T08:27:21.726338,1789633641726338800,15.3983388671875,0.1053962111473083,0.0305793732404708,-0.130460038781166
2026-09-17T08:27:21.736297,1789633641736297700,15.408297607421876,0.2619810402393341,0.0642348900437355,-0.1548754870891571
2026-09-17T08:27:21.746257,1789633641746257000,15.4182568359375,0.3450106978416443,0.0757269561290741,-0.1686166077852249
2026-09-17T08:27:21.756215,1789633641756215800,15.4282158203125,0.2784756124019623,0.0509270690381526,-0.1694927811622619
2026-09-17T08:27:21.766174,1789633641766174700,15.4381748046875,0.1953330487012863,0.0252901501953601,-0.17415651679039
2026-09-17T08:27:21.776134,1789633641776134000,15.4481337890625,0.1917391121387481,0.0129621112719178,-0.1899394690990448
2026-09-17T08:27:21.786093,1789633641786093800,15.45809375,0.2106677889823913,0.0199955198913812,-0.2046787291765213
2026-09-17T08:27:21.796053,1789633641796053000,15.468052978515624,0.2481150329113006,0.0259447563439607,-0.2346251755952835
2026-09-17T08:27:21.806012,1789633641806012000,15.478011962890625,0.2680855393409729,0.0230304580181837,-0.2314488291740417
2026-09-17T08:27:21.815970,1789633641815970800,15.487970703125,0.283577412366867,0.0231529641896486,-0.2345910966396331
2026-09-17T08:27:21.825930,1789633641825930000,15.497929931640623,0.2706120908260345,0.0143059426918625,-0.246895432472229
2026-09-17T08:27:21.835889,1789633641835889000,15.507888916015624,0.2328213006258011,0.0204708948731422,-0.2710550725460052
2026-09-17T08:27:21.845847,1789633641845847800,15.517847900390626,0.2564320862293243,0.0503443703055381,-0.3157961964607239
2026-09-17T08:27:21.855807,1789633641855807700,15.527807861328125,0.3474818468093872,0.0930143371224403,-0.3522253036499023
2026-09-17T08:27:21.865766,1789633641865766700,15.5377666015625,0.3799100816249847,0.1050299853086471,-0.3976838588714599
2026-09-17T08:27:21.875726,1789633641875726000,15.54772607421875,0.3530502319335937,0.1059746071696281,-0.434814989566803
2026-09-17T08:27:21.885685,1789633641885685000,15.55768505859375,0.3199468851089477,0.0810069441795349,-0.492940604686737
2026-09-17T08:27:21.895644,1789633641895644000,15.567643798828126,0.2527771592140198,0.0578536875545978,-0.5693219304084778
2026-09-17T08:27:21.905602,1789633641905602800,15.577602783203124,0.141763299703598,0.0579932369291782,-0.6743247509002686
2026-09-17T08:27:21.915562,1789633641915562800,15.587562744140625,0.119115762412548,0.0422912389039993,-0.7842786908149719
2026-09-17T08:27:21.925522,1789633641925522000,15.59752197265625,0.1590003371238708,0.0392592288553714,-0.8875342607498169
2026-09-17T08:27:21.935480,1789633641935480800,15.607480712890624,0.12307108938694,-0.0021246958058327,-1.0115933418273926
2026-09-17T08:27:21.945439,1789633641945439700,15.617439697265626,0.0371292866766452,-0.0726428031921386,-1.1003426313400269
2026-09-17T08:27:21.955399,1789633641955399000,15.62739892578125,-0.023648576810956,-0.1340481042861938,-1.179085373878479
2026-09-17T08:27:21.965357,1789633641965357800,15.63735791015625,0.0025769020430743,-0.1689179390668869,-1.2715812921524048
2026-09-17T08:27:21.975316,1789633641975316700,15.647316650390623,0.0525465905666351,-0.1873981356620788,-1.377652287483215
2026-09-17T08:27:21.985277,1789633641985277000,15.65727685546875,0.0977289825677871,-0.1648124009370803,-1.4904518127441406
2026-09-17T08:27:21.995235,1789633641995235800,15.66723583984375,0.1403861790895462,-0.1256961673498153,-1.6452009677886963
2026-09-17T08:27:22.005195,1789633642005195000,15.677195068359374,0.1965399831533432,-0.1066348627209663,-1.805885910987854
2026-09-17T08:27:22.015154,1789633642015154000,15.68715380859375,0.2028580754995346,-0.1490334421396255,-2.0088369846343994
2026-09-17T08:27:22.025112,1789633642025112800,15.69711279296875,0.1438413560390472,-0.208768144249916,-2.274078369140625
2026-09-17T08:27:22.035071,1789633642035071700,15.70707177734375,0.1059312522411346,-0.1915460079908371,-2.549551248550415
2026-09-17T08:27:22.045031,1789633642045031700,15.71703173828125,0.1905627846717834,-0.1754711717367172,-2.838909387588501
2026-09-17T08:27:22.054990,1789633642054990800,15.726990966796874,0.2206391990184784,-0.1648654043674469,-3.221616506576538
2026-09-17T08:27:22.064950,1789633642064950000,15.736949951171876,0.0990986451506614,-0.1487452834844589,-3.6229755878448486
2026-09-17T08:27:22.074909,1789633642074909000,15.746908935546877,0.0416819602251052,-0.008858498185873,-4.0265984535217285
2026-09-17T08:27:22.084867,1789633642084867800,15.756867919921875,0.003460538573563,0.1335157006978988,-4.510376930236816
2026-09-17T08:27:22.094827,1789633642094827000,15.766826904296876,-0.0689782425761222,0.2225816547870636,-5.090574264526367
2026-09-17T08:27:22.104786,1789633642104786000,15.776785888671874,-0.2535643279552459,0.2012324333190918,-5.645640850067139
2026-09-17T08:27:22.114745,1789633642114745900,15.786745849609376,-0.2987629771232605,0.1425387561321258,-6.0441694259643555
2026-09-17T08:27:22.124704,1789633642124704800,15.796704833984377,-0.0500050857663154,0.2101643979549408,-6.226517677307129
2026-09-17T08:27:22.134664,1789633642134664000,15.806663818359375,0.2800402045249939,0.2718719840049743,-5.951681137084961
2026-09-17T08:27:22.144622,1789633642144622800,15.816622802734376,0.3071589171886444,0.5934712886810303,-5.758378505706787
2026-09-17T08:27:22.154581,1789633642154581800,15.826581787109374,0.0646677017211914,0.6977649331092834,-5.586479663848877
2026-09-17T08:27:22.164540,1789633642164540700,15.836540771484374,0.2106856405735016,0.6749581694602966,-5.626134395599365
2026-09-17T08:27:22.174500,1789633642174500900,15.8465009765625,0.3872947692871094,0.8555105924606323,-5.63951301574707
2026-09-17T08:27:22.184460,1789633642184460000,15.8564599609375,0.3261493742465973,1.050144076347351,-5.572544574737549
2026-09-17T08:27:22.194419,1789633642194419000,15.8664189453125,0.1611130237579345,1.2138876914978027,-5.488429546356201
2026-09-17T08:27:22.204377,1789633642204377900,15.8763779296875,-0.3078560531139374,1.2657171487808228,-4.6970744132995605
2026-09-17T08:27:22.214336,1789633642214336800,15.886336669921874,-1.0124549865722656,1.6314455270767212,-3.623390913009643
2026-09-17T08:27:22.224296,1789633642224296000,15.8962958984375,-1.5439367294311523,1.5479665994644165,-1.9267055988311768
2026-09-17T08:27:22.234256,1789633642234256000,15.906255859375,-1.169331192970276,1.5559656620025637,-0.2861727774143219
2026-09-17T08:27:22.244214,1789633642244214800,15.91621484375,-0.2875755429267883,1.3355339765548706,0.8083347678184509
2026-09-17T08:27:22.254174,1789633642254174000,15.926174072265624,0.3034635186195373,0.9218965768814088,1.5958421230316162
2026-09-17T08:27:22.264132,1789633642264132900,15.9361328125,0.6639851927757263,0.6619659066200256,2.1400656700134277
2026-09-17T08:27:22.274091,1789633642274091300,15.94609130859375,0.8986365795135498,0.474757969379425,2.428626775741577
2026-09-17T08:27:22.284050,1789633642284050200,15.95605029296875,0.9527440667152404,0.3892942070960998,2.587531566619873
2026-09-17T08:27:22.294009,1789633642294009000,15.966009033203123,0.7154055237770081,0.3316543400287628,2.7069551944732666
2026-09-17T08:27:22.303969,1789633642303969000,15.975968994140626,0.333300769329071,0.2877446711063385,2.816577196121216
2026-09-17T08:27:22.313928,1789633642313928200,15.98592822265625,-0.1659979969263076,0.1959396600723266,2.9941928386688232
2026-09-17T08:27:22.323887,1789633642323887000,15.99588720703125,-0.6481161713600159,0.0491789728403091,3.2992732524871826
2026-09-17T08:27:22.333846,1789633642333846000,16.005845947265627,-0.9441270232200624,-0.0772375538945198,3.7217509746551514
2026-09-17T08:27:22.343805,1789633642343805200,16.01580517578125,-1.0049906969070437,-0.1784110367298126,4.156273365020752
2026-09-17T08:27:22.353764,1789633642353764000,16.02576416015625,-0.8619075417518616,-0.2480705380439758,4.497141361236572
2026-09-17T08:27:22.363724,1789633642363724300,16.035724365234376,-0.710128128528595,-0.309510737657547,4.696132659912109
2026-09-17T08:27:22.373683,1789633642373683200,16.04568310546875,-0.6847698092460632,-0.3777025640010834,4.815105438232422
2026-09-17T08:27:22.383642,1789633642383642000,16.05564208984375,-0.7437657117843628,-0.4385265111923218,4.945156097412109
2026-09-17T08:27:22.393601,1789633642393601300,16.065601318359374,-0.8266105651855469,-0.4652428030967712,5.089702129364014
2026-09-17T08:27:22.403560,1789633642403560200,16.075560302734374,-0.9129102826118468,-0.4637900590896606,5.2133026123046875
2026-09-17T08:27:22.413519,1789633642413519000,16.08551904296875,-0.9718412160873412,-0.4517373740673065,5.255797863006592
2026-09-17T08:27:22.423479,1789633642423479000,16.09547900390625,-0.9808539152145386,-0.4571337401866913,5.204786777496338
2026-09-17T08:27:22.433438,1789633642433438000,16.10543798828125,-0.9409360289573668,-0.4654254913330078,5.120532035827637
2026-09-17T08:27:22.443397,1789633642443397000,16.115397216796875,-0.9040539264678956,-0.4993070065975189,5.042827129364014
2026-09-17T08:27:22.453356,1789633642453356000,16.12535595703125,-0.8758859634399414,-0.5403887033462524,4.989803791046143
2026-09-17T08:27:22.463315,1789633642463315200,16.135315185546876,-0.877188503742218,-0.5345407128334045,4.959994316101074
2026-09-17T08:27:22.473274,1789633642473274000,16.145274169921876,-0.909163236618042,-0.5039827823638916,4.930817604064941
2026-09-17T08:27:22.483234,1789633642483234000,16.155234130859377,-0.9341740012168884,-0.4676907956600189,4.854640960693359
2026-09-17T08:27:22.493193,1789633642493193200,16.165193115234374,-0.9445273280143738,-0.4143489897251129,4.774278163909912
2026-09-17T08:27:22.503152,1789633642503152000,16.175152099609374,-0.9584484696388244,-0.3668725490570068,4.690518856048584
2026-09-17T08:27:22.513111,1789633642513111000,16.185111083984374,-0.9372398257255554,-0.3371769785881042,4.582376956939697
2026-09-17T08:27:22.523070,1789633642523070200,16.1950703125,-0.8932713270187378,-0.2958306074142456,4.485373020172119
2026-09-17T08:27:22.533029,1789633642533029000,16.205029052734375,-0.8967006802558899,-0.2446398586034774,4.399089336395264
2026-09-17T08:27:22.542988,1789633642542988000,16.214988037109375,-0.9537062048912048,-0.1176233291625976,4.297055721282959
2026-09-17T08:27:22.552948,1789633642552948200,16.2249482421875,-1.155589580535889,0.0865865275263786,4.142733573913574
2026-09-17T08:27:22.562907,1789633642562907100,16.2349072265625,-1.464082956314087,0.3588913083076477,3.947232246398926
2026-09-17T08:27:22.572866,1789633642572866300,16.2448662109375,-1.7671027183532717,0.657380223274231,3.731968402862549
2026-09-17T08:27:22.582825,1789633642582825200,16.2548251953125,-1.992915630340576,0.8879321813583374,3.459831476211548
2026-09-17T08:27:22.592784,1789633642592784100,16.2647841796875,-2.103233337402344,0.9888628125190736,3.0848159790039062
2026-09-17T08:27:22.602743,1789633642602743000,16.274742919921874,-2.1340749263763428,0.8746283650398254,2.678206443786621
2026-09-17T08:27:22.612703,1789633642612703000,16.284702880859374,-1.9839104413986208,0.5863444209098816,2.2201790809631348
2026-09-17T08:27:22.622662,1789633642622662100,16.294662109375,-1.617028832435608,0.1904804408550262,1.7749639749526978
2026-09-17T08:27:22.632621,1789633642632621000,16.30462109375,-1.174996256828308,-0.1603859663009643,1.3946025371551514
2026-09-17T08:27:22.642580,1789633642642580000,16.314580078125,-0.7628517746925354,-0.4609708189964294,1.1209571361541748
2026-09-17T08:27:22.652539,1789633642652539100,16.3245390625,-0.3978035151958465,-0.6745726466178894,0.7879615426063538
2026-09-17T08:27:22.662498,1789633642662498300,16.334498291015624,-0.1296037584543228,-0.8366968035697937,0.2270215451717376
2026-09-17T08:27:22.672458,1789633642672458200,16.344458251953125,0.0758985206484794,-0.929622232913971,-0.4718944430351257
2026-09-17T08:27:22.682417,1789633642682417200,16.354417236328125,0.2283069789409637,-1.018715500831604,-1.1260192394256592
2026-09-17T08:27:22.692376,1789633642692376000,16.3643759765625,0.3694401383399963,-1.0328595638275146,-1.5656520128250122
2026-09-17T08:27:22.702335,1789633642702335200,16.374335205078125,-0.4338898956775665,-0.7154598832130432,-2.1390457153320312
2026-09-17T08:27:22.712294,1789633642712294100,16.384294189453126,0.375824511051178,-1.2705957889556885,-1.089124321937561
2026-09-17T08:27:22.722253,1789633642722253000,16.394253173828126,2.044184446334839,0.3263818323612213,-3.3197543621063232
2026-09-17T08:27:22.732213,1789633642732213000,16.404212890625,2.992579698562622,0.120044358074665,-6.695399284362793
2026-09-17T08:27:22.742172,1789633642742172200,16.414172119140623,1.9313645362854004,-0.2384839653968811,-7.37842321395874
2026-09-17T08:27:22.752131,1789633642752131300,16.42413134765625,-0.5305285453796387,-2.031393527984619,-6.241993427276611
2026-09-17T08:27:22.762090,1789633642762090200,16.43409033203125,-1.869072198867798,-2.9854471683502197,-4.015505313873291
2026-09-17T08:27:22.772049,1789633642772049200,16.444049072265624,1.3535953760147097,-0.7758724689483643,-1.0086791515350342
2026-09-17T08:27:22.782008,1789633642782008000,16.454008056640625,3.214022159576416,0.2037595808506012,0.3036693036556244
2026-09-17T08:27:22.791967,1789633642791967200,16.46396728515625,1.942493796348572,-0.2391605973243713,-0.1585382521152496
2026-09-17T08:27:22.801927,1789633642801927200,16.47392724609375,-0.1745113134384155,-0.6145075559616089,-0.6538609266281128
2026-09-17T08:27:22.811886,1789633642811886000,16.483885986328126,-1.2520099878311155,-0.5896176695823669,-0.3927859365940094
2026-09-17T08:27:22.821845,1789633642821845000,16.493844970703126,-0.7909204363822937,-0.4440884292125702,-0.2335629612207412
2026-09-17T08:27:22.831804,1789633642831804200,16.50380419921875,0.2370301634073257,-0.1731496155261993,-0.2863646745681762
2026-09-17T08:27:22.841763,1789633642841763000,16.51376318359375,0.4640388190746307,-0.1742750704288482,-0.3643425703048706
2026-09-17T08:27:22.851722,1789633642851722200,16.52372216796875,0.3391195237636566,-0.1851386427879333,-0.4215187728404999
2026-09-17T08:27:22.861682,1789633642861682200,16.53368212890625,0.401928037405014,-0.1418689340353012,-0.35844686627388
2026-09-17T08:27:22.871641,1789633642871641000,16.54364111328125,0.5444090366363525,-0.0792942345142364,-0.3016674518585205
2026-09-17T08:27:22.881600,1789633642881600300,16.553600341796876,0.6030611395835876,-0.0590885654091835,-0.3730439245700836
2026-09-17T08:27:22.891559,1789633642891559200,16.56355908203125,0.5616984963417053,-0.0139903267845511,-0.3720665276050567
2026-09-17T08:27:22.901518,1789633642901518000,16.57351806640625,0.4043733477592468,-0.0011493633501231,-0.2735428810119629
2026-09-17T08:27:22.911477,1789633642911477000,16.58347705078125,0.2678501307964325,-0.0240181945264339,-0.271587073802948
2026-09-17T08:27:22.921437,1789633642921437000,16.59343701171875,0.2485344856977462,-0.0111607182770967,-0.2954058349132538
2026-09-17T08:27:22.931396,1789633642931396400,16.603396240234375,0.2968159914016723,0.0095786489546298,-0.2693846225738525
2026-09-17T08:27:22.941355,1789633642941355300,16.613355224609375,0.2973496913909912,0.0052920244634151,-0.2701534926891327
2026-09-17T08:27:22.951314,1789633642951314200,16.623314208984375,0.2809067964553833,-0.0046141357161104,-0.2723553776741028
2026-09-17T08:27:22.961273,1789633642961273000,16.633273193359376,0.3238566815853119,0.0140309212729334,-0.238641083240509
2026-09-17T08:27:22.971232,1789633642971232300,16.643232177734376,0.3417768180370331,0.0160671733319759,-0.2150057852268219
2026-09-17T08:27:22.981192,1789633642981192200,16.653192138671876,0.3605603575706482,0.0034387307241559,-0.2601772844791412
2026-09-17T08:27:22.991151,1789633642991151000,16.663151123046877,0.4248527884483337,0.0011630593799054,-0.2591407895088196
2026-09-17T08:27:23.001110,1789633643001110000,16.673110107421873,0.4497032761573791,0.0083647798746824,-0.2304121851921081
2026-09-17T08:27:23.011069,1789633643011069200,16.683069091796874,0.4092027246952057,0.0189047716557979,-0.213424414396286
2026-09-17T08:27:23.021028,1789633643021028000,16.693028076171874,0.3572878539562225,0.0088739758357405,-0.2218647599220276
2026-09-17T08:27:23.030987,1789633643030987000,16.702987060546874,0.2715612351894378,-0.0173658840358257,-0.2277407646179199
2026-09-17T08:27:23.040947,1789633643040947200,16.712947265625,0.1912650763988495,-0.0401114113628864,-0.2185315489768982
2026-09-17T08:27:23.050906,1789633643050906000,16.722906005859375,0.1659493297338485,-0.0605775341391563,-0.2286614179611206
2026-09-17T08:27:23.060865,1789633643060865300,16.732865234375,0.2241700291633606,-0.059301882982254,-0.2409092932939529
2026-09-17T08:27:23.070824,1789633643070824200,16.74282421875,0.304200142621994,-0.0421114452183246,-0.2410365939140319
2026-09-17T08:27:23.080783,1789633643080783000,16.752783203125,0.3292239904403686,-0.024508748203516,-0.227694422006607
2026-09-17T08:27:23.090742,1789633643090742000,16.762741943359377,0.3117347657680511,-0.0107724294066429,-0.2125287801027298
2026-09-17T08:27:23.100702,1789633643100702000,16.772701904296873,0.296132355928421,-0.0158673226833343,-0.2165150046348571
2026-09-17T08:27:23.110661,1789633643110661000,16.7826611328125,0.2930169999599457,-0.0386959388852119,-0.2329198122024536
2026-09-17T08:27:23.120620,1789633643120620300,16.792620361328126,0.3150312304496765,-0.0556368418037891,-0.2462329566478729
2026-09-17T08:27:23.130579,1789633643130579200,16.8025791015625,0.3449052274227142,-0.0589436888694763,-0.258735716342926
2026-09-17T08:27:23.140538,1789633643140538000,16.8125380859375,0.3666435480117798,-0.0546594597399234,-0.2638396620750427
2026-09-17T08:27:23.150497,1789633643150497300,16.822497314453123,0.3658038377761841,-0.045206569135189,-0.2744502127170563
2026-09-17T08:27:23.160457,1789633643160457200,16.832457275390624,0.3446873724460602,-0.0438614077866077,-0.273794561624527
2026-09-17T08:27:23.170416,1789633643170416000,16.842416015625,0.3132402300834656,-0.048518743366003,-0.2808042466640472
2026-09-17T08:27:23.180375,1789633643180375000,16.852375,0.3011835813522339,-0.0394868999719619,-0.2839595675468445
2026-09-17T08:27:23.190334,1789633643190334200,16.862334228515625,0.2994250953197479,-0.0277849696576595,-0.2784537672996521
2026-09-17T08:27:23.200293,1789633643200293000,16.872293212890625,0.2598643600940704,-0.0079686539247632,-0.2764710187911987
2026-09-17T08:27:23.210252,1789633643210252000,16.882251953125,0.2311914414167404,0.0053165256977081,-0.2947376668453216
2026-09-17T08:27:23.220212,1789633643220212200,16.892212158203126,0.2019717693328857,0.0056938952766358,-0.3329785168170929
2026-09-17T08:27:23.230171,1789633643230171100,16.902171142578126,0.139675110578537,0.0178797207772731,-0.3874569237232208
2026-09-17T08:27:23.240130,1789633643240130300,16.91213037109375,0.1239872276782989,0.0208946876227855,-0.4649621248245239
2026-09-17T08:27:23.250089,1789633643250089200,16.922089111328123,0.1315556615591049,0.0305539704859256,-0.5324189066886902
2026-09-17T08:27:23.260048,1789633643260048100,16.932048095703124,0.1195408180356025,0.0112292757257819,-0.5969933867454529
2026-09-17T08:27:23.270007,1789633643270007000,16.942007080078124,0.0746513679623603,-0.0226471982896327,-0.6590090990066528
2026-09-17T08:27:23.279967,1789633643279967000,16.951967041015624,0.0478469207882881,-0.0537995249032974,-0.7374663352966309
2026-09-17T08:27:23.289926,1789633643289926100,16.961926025390625,0.0340062044560909,-0.0968737602233886,-0.8387545943260193
2026-09-17T08:27:23.299885,1789633643299885000,16.971885009765625,0.0199617613106966,-0.1358643025159835,-0.9349389672279358
2026-09-17T08:27:23.309844,1789633643309844000,16.981843994140625,0.0496139302849769,-0.17759470641613,-1.0351579189300537
2026-09-17T08:27:23.319803,1789633643319803000,16.991802978515626,0.0891911685466766,-0.2107097804546356,-1.1588503122329712
2026-09-17T08:27:23.329762,1789633643329762000,17.001761962890626,0.0711479857563972,-0.2373930513858795,-1.3128817081451416
2026-09-17T08:27:23.339722,1789633643339722200,17.01172216796875,0.0647002011537551,-0.2557528614997864,-1.4597238302230835
2026-09-17T08:27:23.349681,1789633643349681200,17.02168115234375,0.0756713598966598,-0.2617417871952057,-1.621141791343689
2026-09-17T08:27:23.359640,1789633643359640000,17.03164013671875,0.1031099110841751,-0.2706207633018493,-1.8176289796829224
2026-09-17T08:27:23.369599,1789633643369599000,17.041598876953124,0.1446962356567382,-0.2717363536357879,-2.0739400386810303
2026-09-17T08:27:23.379558,1789633643379558100,17.05155810546875,0.1564831137657165,-0.2551182508468628,-2.352233648300171
2026-09-17T08:27:23.389517,1789633643389517000,17.06151708984375,0.2037038952112198,-0.2232841551303863,-2.613481044769287
2026-09-17T08:27:23.399477,1789633643399477000,17.07147705078125,0.2191744595766067,-0.1910172998905182,-2.945746421813965
2026-09-17T08:27:23.409436,1789633643409436000,17.081435791015625,0.1203946247696876,-0.1626594364643097,-3.308676481246948
2026-09-17T08:27:23.419395,1789633643419395000,17.09139501953125,0.036399058997631,-0.0445634163916111,-3.689396858215332
2026-09-17T08:27:23.429354,1789633643429354000,17.10135400390625,0.0163430571556091,0.0705759525299072,-4.169313907623291
2026-09-17T08:27:23.439313,1789633643439313000,17.11131298828125,-0.0275016278028488,0.1482941806316375,-4.694329738616943
2026-09-17T08:27:23.449272,1789633643449272000,17.12127197265625,-0.0994818136096,0.2044932693243026,-5.275571823120117
2026-09-17T08:27:23.459232,1789633643459232000,17.13123193359375,-0.179425373673439,0.1745106130838394,-5.878784656524658
2026-09-17T08:27:23.469191,1789633643469191200,17.141191162109376,0.0932386368513107,0.1031336337327957,-6.209231376647949
2026-09-17T08:27:23.479150,1789633643479150000,17.151150146484376,0.5581114888191223,0.1539954841136932,-6.285279273986816
2026-09-17T08:27:23.489109,1789633643489109000,17.16110888671875,0.7547036409378052,0.3488163948059082,-5.8803510665893555
2026-09-17T08:27:23.499068,1789633643499068000,17.17106787109375,0.7846205234527588,0.5973332524299622,-5.691887378692627
2026-09-17T08:27:23.509027,1789633643509027000,17.181027099609373,0.6487612724304199,0.7738124132156372,-5.401953220367432
2026-09-17T08:27:23.518987,1789633643518987000,17.190987060546874,0.6254311800003052,0.9015549421310424,-5.225197792053223
2026-09-17T08:27:23.528946,1789633643528946200,17.2009462890625,0.6271784901618958,1.1501446962356567,-4.989789962768555
2026-09-17T08:27:23.538905,1789633643538905000,17.210905029296875,0.6090860366821289,1.3921154737472534,-4.898911952972412
2026-09-17T08:27:23.548864,1789633643548864000,17.220864013671875,0.4030486941337585,1.334221601486206,-4.043361663818359
2026-09-17T08:27:23.558823,1789633643558823200,17.2308232421875,-0.219488650560379,1.3872275352478027,-2.8856565952301025
2026-09-17T08:27:23.568782,1789633643568782000,17.240781982421876,-1.0049285888671875,1.2667285203933716,-1.3789914846420288
2026-09-17T08:27:23.578742,1789633643578742000,17.250741943359376,-0.7518028616905212,1.226554274559021,0.2640007436275482
2026-09-17T08:27:23.588701,1789633643588701000,17.260700927734376,0.169277474284172,1.177923321723938,1.1600505113601685
2026-09-17T08:27:23.598660,1789633643598660000,17.27066015625,0.4550442397594452,0.8593166470527649,1.6038283109664917
2026-09-17T08:27:23.608619,1789633643608619000,17.280618896484373,0.5163824558258057,0.6655501127243042,1.83686101436615
2026-09-17T08:27:23.618578,1789633643618578000,17.290577880859374,0.5536006689071655,0.5746186375617981,1.9094688892364504
2026-09-17T08:27:23.628536,1789633643628536800,17.300536865234374,0.3803950548171997,0.4960076808929443,1.873330354690552
2026-09-17T08:27:23.638497,1789633643638497000,17.3104970703125,-0.0471067540347576,0.3787385821342468,1.9188780784606936
2026-09-17T08:27:23.648456,1789633643648456200,17.320456298828127,-0.5921125411987305,0.2637044191360473,2.1309781074523926
2026-09-17T08:27:23.658415,1789633643658415000,17.3304150390625,-1.0249789953231812,0.1618323624134063,2.418841600418091
2026-09-17T08:27:23.668374,1789633643668374000,17.3403740234375,-1.2079041004180908,0.1150094643235206,2.743112802505493
2026-09-17T08:27:23.678333,1789633643678333000,17.3503330078125,-1.218413472175598,0.0973076969385147,3.11777925491333
2026-09-17T08:27:23.688292,1789633643688292000,17.3602919921875,-1.1766122579574585,0.0760863050818443,3.478858709335327
2026-09-17T08:27:23.698252,1789633643698252000,17.370251953125,-1.1401114463806152,0.0201553925871849,3.7990105152130127
2026-09-17T08:27:23.708211,1789633643708211000,17.3802109375,-1.1192325353622437,-0.0570216849446296,4.122906684875488
2026-09-17T08:27:23.718170,1789633643718170000,17.390170166015626,-1.1214027404785156,-0.1031670719385147,4.471420764923096
2026-09-17T08:27:23.728129,1789633643728129000,17.40012890625,-1.1326069831848145,-0.1366419494152069,4.748673915863037
2026-09-17T08:27:23.738088,1789633643738088200,17.410088134765626,-1.154474139213562,-0.133772924542427,4.895223617553711
2026-09-17T08:27:23.748047,1789633643748047000,17.420047119140627,-1.234133005142212,-0.1096151173114776,4.962815761566162
2026-09-17T08:27:23.758007,1789633643758007000,17.430007080078123,-1.3732651472091677,-0.1169039234519004,4.974914073944092
2026-09-17T08:27:23.767966,1789633643767966000,17.439966064453124,-1.4895726442337036,-0.1200478374958038,4.978052139282227
2026-09-17T08:27:23.777925,1789633643777925000,17.449925048828124,-1.5072578191757202,-0.1446674317121505,4.998067378997803
2026-09-17T08:27:23.787884,1789633643787884000,17.459884033203124,-1.4201037883758545,-0.1904511749744415,5.017363548278809
2026-09-17T08:27:23.797843,1789633643797843000,17.469843017578125,-1.3294827938079834,-0.2597074508666992,5.027769088745117
2026-09-17T08:27:23.807803,1789633643807803100,17.47980322265625,-1.285084247589111,-0.323788970708847,5.048946380615234
2026-09-17T08:27:23.817762,1789633643817762000,17.489761962890626,-1.287077784538269,-0.3683367371559143,5.073113918304443
2026-09-17T08:27:23.827721,1789633643827721200,17.49972119140625,-1.3132926225662231,-0.4163889586925506,5.068505764007568
2026-09-17T08:27:23.837680,1789633643837680000,17.50968017578125,-1.318585753440857,-0.455146461725235,5.049517631530762
2026-09-17T08:27:23.847639,1789633643847639000,17.51963916015625,-1.309634566307068,-0.4833813011646271,5.0028462409973145
2026-09-17T08:27:23.857598,1789633643857598000,17.529597900390623,-1.3133938312530518,-0.4932176768779754,4.92284631729126
2026-09-17T08:27:23.867558,1789633643867558000,17.539557861328124,-1.314094305038452,-0.4827980697154999,4.836240768432617
2026-09-17T08:27:23.877517,1789633643877517000,17.54951708984375,-1.297379970550537,-0.4507229626178741,4.775402545928955
2026-09-17T08:27:23.887476,1789633643887476000,17.55947607421875,-1.3084694147109983,-0.3487228155136108,4.7298903465271
2026-09-17T08:27:23.897435,1789633643897435000,17.569434814453125,-1.3839335441589355,-0.171583205461502,4.62380838394165
2026-09-17T08:27:23.907394,1789633643907394000,17.57939404296875,-1.537566304206848,0.046680424362421,4.401815891265869
2026-09-17T08:27:23.917353,1789633643917353200,17.589353271484374,-1.734476923942566,0.3141592741012573,4.051178932189941
2026-09-17T08:27:23.927313,1789633643927313200,17.599313232421874,-1.9729610681533811,0.5276427865028381,3.553964138031006
2026-09-17T08:27:23.937272,1789633643937272000,17.60927197265625,-2.1823298931121826,0.6160898208618164,3.017915725708008
2026-09-17T08:27:23.947231,1789633643947231000,17.61923095703125,-2.2429606914520264,0.5909869074821472,2.536409378051758
2026-09-17T08:27:23.957190,1789633643957190100,17.629190185546875,-2.0747745037078857,0.4597231447696686,2.1702024936676025
2026-09-17T08:27:23.967149,1789633643967149000,17.639149169921875,-1.6515530347824097,0.3096713125705719,1.8212263584136963
2026-09-17T08:27:23.977108,1789633643977108000,17.64910791015625,-1.147633075714111,0.1521317511796951,1.3471717834472656
2026-09-17T08:27:23.987068,1789633643987068000,17.65906787109375,-0.6998435854911804,0.0436801053583622,0.8212211728096008
2026-09-17T08:27:23.997027,1789633643997027000,17.669027099609377,-0.3423994183540344,0.0558334402740001,0.3322594761848449
2026-09-17T08:27:24.006986,1789633644006986200,17.678986328125,-0.0456005111336708,0.1176150515675544,-0.1656746715307235
2026-09-17T08:27:24.016945,1789633644016945200,17.688945068359374,0.3048533797264099,0.1862380504608154,-0.7910195589065552
2026-09-17T08:27:24.026904,1789633644026904000,17.698904052734374,0.5882483124732971,0.1688537299633026,-1.445189118385315
2026-09-17T08:27:24.036864,1789633644036864000,17.708864013671874,0.7405742406845093,0.153596743941307,-1.9068230390548704
2026-09-17T08:27:24.046823,1789633644046823000,17.718822998046875,0.303834468126297,0.0073609827086329,-2.2427327632904053
2026-09-17T08:27:24.056782,1789633644056782000,17.728781982421875,0.961546003818512,-0.5839523673057556,-1.3593820333480835
2026-09-17T08:27:24.066741,1789633644066741000,17.738740966796875,2.434283971786499,-0.2293221354484558,-3.0530683994293213
2026-09-17T08:27:24.076700,1789633644076700000,17.748699951171876,3.49955153465271,-0.0983726382255554,-5.435538291931152
2026-09-17T08:27:24.086659,1789633644086659000,17.7586591796875,2.9089508056640625,-0.325881153345108,-6.124242305755615
2026-09-17T08:27:24.096619,1789633644096619000,17.768618896484377,0.828763484954834,-0.9039351940155028,-5.840451240539551
2026-09-17T08:27:24.106578,1789633644106578200,17.778578125,-1.7396684885025024,-2.3074071407318115,-4.628965854644775
2026-09-17T08:27:24.116537,1789633644116537000,17.788537109375,-2.3352582454681396,-2.5105552673339844,-3.165529489517212
2026-09-17T08:27:24.126496,1789633644126496000,17.79849609375,0.6833261251449585,-1.0182663202285769,-1.40109121799469
2026-09-17T08:27:24.136455,1789633644136455200,17.808455078125,2.845481634140014,0.0764910504221916,-0.1562830358743667
2026-09-17T08:27:24.146414,1789633644146414000,17.8184140625,2.048024892807007,-0.2454363852739334,-0.1591187715530395
2026-09-17T08:27:24.156374,1789633644156374000,17.8283740234375,0.3847948312759399,-0.4251251816749573,-0.5674072504043579
2026-09-17T08:27:24.166333,1789633644166333000,17.8383330078125,-0.7815362811088562,-0.5036474466323853,-0.4862755835056305
2026-09-17T08:27:24.176291,1789633644176291800,17.848291748046876,-0.6986813545227051,-0.3572086989879608,-0.2089225500822067
2026-09-17T08:27:24.186251,1789633644186251300,17.858251220703124,0.040204145014286,-0.17650206387043,-0.2156350463628769
2026-09-17T08:27:24.196210,1789633644196210200,17.868210205078125,0.3850494027137756,-0.1130852699279785,-0.2761034369468689
2026-09-17T08:27:24.206170,1789633644206170000,17.878170166015625,0.3810663819313049,-0.1137955337762832,-0.3124718368053436
2026-09-17T08:27:24.216129,1789633644216129000,17.88812890625,0.3318157494068146,-0.1222574636340141,-0.3066022396087646
2026-09-17T08:27:24.226088,1789633644226088000,17.898087890625,0.3133778870105743,-0.111884981393814,-0.216390311717987
2026-09-17T08:27:24.236047,1789633644236047000,17.908047119140626,0.2857281565666199,-0.0961675345897674,-0.2044644206762313
2026-09-17T08:27:24.246006,1789633644246006000,17.918006103515626,0.2467061877250671,-0.0954245179891586,-0.223430648446083
2026-09-17T08:27:24.255965,1789633644255965000,17.92796484375,0.1899222731590271,-0.0937642976641655,-0.1905669718980789
2026-09-17T08:27:24.265924,1789633644265924900,17.9379248046875,0.1131934002041816,-0.088895246386528,-0.1641217917203903
2026-09-17T08:27:24.275884,1789633644275884000,17.947884033203124,0.0485395714640617,-0.0633299648761749,-0.1544174998998642
2026-09-17T08:27:24.285843,1789633644285843000,17.957843017578124,0.0416611582040786,-0.0328676663339138,-0.1240918189287185
2026-09-17T08:27:24.295801,1789633644295801900,17.9678017578125,0.0161595270037651,-0.0240778997540473,-0.0864810645580291
2026-09-17T08:27:24.305760,1789633644305760800,17.9777607421875,-0.0711298361420631,-0.0431911423802375,-0.089072585105896
2026-09-17T08:27:24.315720,1789633644315720000,17.987719970703125,-0.1444357484579086,-0.0680440217256546,-0.1081618592143058
2026-09-17T08:27:24.325679,1789633644325679900,17.997679931640626,-0.1493071913719177,-0.0803153365850448,-0.1214547604322433
2026-09-17T08:27:24.335638,1789633644335638800,18.007638671875,-0.1119025647640228,-0.0710134506225586,-0.1204049438238143
2026-09-17T08:27:24.345597,1789633644345597700,18.01759765625,-0.056061141192913,-0.0585365444421768,-0.1354973316192627
2026-09-17T08:27:24.355556,1789633644355556600,18.027556640625,-0.0023382571525871,-0.0549292899668216,-0.1617118865251541
2026-09-17T08:27:24.365515,1789633644365515800,18.037515869140623,-0.0055335173383355,-0.0572100207209587,-0.1682099997997284
2026-09-17T08:27:24.375476,1789633644375476000,18.04747607421875,-0.0283456239849329,-0.0547977313399314,-0.1668392717838287
2026-09-17T08:27:24.385435,1789633644385435000,18.057434814453124,-0.0557924285531044,-0.0525207296013832,-0.1577744036912918
2026-09-17T08:27:24.395393,1789633644395393800,18.067393798828125,-0.0662940666079521,-0.0496610254049301,-0.151700809597969
2026-09-17T08:27:24.405352,1789633644405352700,18.077352783203125,-0.0756074115633964,-0.0430153720080852,-0.1464610397815704
2026-09-17T08:27:24.415312,1789633644415312000,18.087311767578125,-0.0633933544158935,-0.0314287580549716,-0.1508778929710388
2026-09-17T08:27:24.425270,1789633644425270800,18.09727075195313,-0.0655180215835571,-0.0215462986379861,-0.1627111136913299
2026-09-17T08:27:24.435230,1789633644435230700,18.107230712890622,-0.0918486937880516,-0.0286737158894538,-0.1701458543539047
2026-09-17T08:27:24.445189,1789633644445189600,18.117189697265623,-0.0782375484704971,-0.0350163020193576,-0.1800557523965835
2026-09-17T08:27:24.455148,1789633644455148800,18.127148681640627,-0.028286499902606,-0.0259644836187362,-0.1890130192041397
2026-09-17T08:27:24.465107,1789633644465107700,18.137107666015623,0.0073274197056889,-0.0232315473258495,-0.2005122900009155
2026-09-17T08:27:24.475067,1789633644475067000,18.14706689453125,-0.0066286092624068,-0.0358802340924739,-0.212131917476654
2026-09-17T08:27:24.485026,1789633644485026800,18.15702685546875,-0.0219788029789924,-0.0407703295350074,-0.2197120785713195
2026-09-17T08:27:24.494985,1789633644494985700,18.16698583984375,0.0076709678396582,-0.0290894377976655,-0.212002232670784
2026-09-17T08:27:24.504945,1789633644504945000,18.17694482421875,0.0658554434776306,0.0004061376675963,-0.2078468948602676
2026-09-17T08:27:24.514903,1789633644514903800,18.18690380859375,0.1360896676778793,0.0354932844638824,-0.2138613760471344
2026-09-17T08:27:24.524862,1789633644524862700,18.19686279296875,0.2060804665088653,0.0578334778547287,-0.221137136220932
2026-09-17T08:27:24.534821,1789633644534821600,18.20682153320313,0.2502569854259491,0.0656280219554901,-0.2320382595062255
2026-09-17T08:27:24.544781,1789633644544781600,18.216781494140623,0.2768481075763702,0.0734723582863807,-0.2393052279949188
2026-09-17T08:27:24.554741,1789633644554741000,18.226740966796875,0.2771450579166412,0.0845058336853981,-0.2423297762870788
2026-09-17T08:27:24.564700,1789633644564700000,18.236699951171875,0.2664793729782104,0.0913586840033531,-0.2525107860565185
2026-09-17T08:27:24.574658,1789633644574658800,18.246658935546876,0.2567553520202636,0.08977010846138,-0.2437846660614013
2026-09-17T08:27:24.584617,1789633644584617700,18.25661767578125,0.2450182735919952,0.0875349193811416,-0.2294901460409164
2026-09-17T08:27:24.594577,1789633644594577700,18.26657763671875,0.2528349161148071,0.0786426216363906,-0.2245228141546249
2026-09-17T08:27:24.604536,1789633644604536800,18.276536865234377,0.2951746582984924,0.0834512263536453,-0.2229145318269729
2026-09-17T08:27:24.614495,1789633644614495700,18.286495849609373,0.2771407961845398,0.0827324390411377,-0.201617494225502
2026-09-17T08:27:24.624454,1789633644624454700,18.29645458984375,0.2110041230916977,0.0714286491274833,-0.2045839875936508
2026-09-17T08:27:24.634413,1789633644634413800,18.306413818359378,0.1770030111074447,0.0718539580702781,-0.2370577752590179
2026-09-17T08:27:24.644372,1789633644644372700,18.316372802734374,0.1595795452594757,0.0689218193292617,-0.2699129283428192
2026-09-17T08:27:24.654333,1789633644654333000,18.3263330078125,0.1440282762050628,0.0491917841136455,-0.3007581830024719
2026-09-17T08:27:24.664291,1789633644664291800,18.336291748046875,0.1029815077781677,0.0247839149087667,-0.3184892535209656
2026-09-17T08:27:24.674250,1789633644674250800,18.346250732421876,0.0399538055062294,0.0053979670628905,-0.337322324514389
2026-09-17T08:27:24.684210,1789633644684210000,18.3562099609375,0.0078438073396682,-0.0003912127576768,-0.3614399135112762
2026-09-17T08:27:24.694168,1789633644694168800,18.3661689453125,0.0065668211318552,-0.0025688793975859,-0.3818964660167694
2026-09-17T08:27:24.704128,1789633644704128800,18.376128662109377,0.0112843438982963,-0.0030157577712088,-0.4036369025707245
2026-09-17T08:27:24.714087,1789633644714087700,18.386087646484373,0.0513462796807289,-0.0205803699791431,-0.4467359185218811
2026-09-17T08:27:24.724046,1789633644724046600,18.396046630859377,0.0912971571087837,-0.0128952860832214,-0.4891355633735657
2026-09-17T08:27:24.734005,1789633644734005800,18.406005859375,0.1447268277406692,0.0076344897970557,-0.5224530696868896
2026-09-17T08:27:24.743965,1789633644743965000,18.41596484375,0.1995285600423813,0.0089327804744243,-0.5644066333770752
2026-09-17T08:27:24.753923,1789633644753923800,18.425923828125,0.2167312502861023,0.0151829533278942,-0.6118236780166626
2026-09-17T08:27:24.763883,1789633644763883800,18.4358837890625,0.2453612834215164,0.0215612240135669,-0.6722457408905029
2026-09-17T08:27:24.773842,1789633644773842700,18.4458427734375,0.2636129856109619,0.030752059072256,-0.746656060218811
2026-09-17T08:27:24.783801,1789633644783801900,18.4558017578125,0.2566378712654114,0.0502602383494377,-0.825516939163208
2026-09-17T08:27:24.793760,1789633644793760800,18.4657607421875,0.2528300881385803,0.0472766980528831,-0.941866934299469
2026-09-17T08:27:24.803719,1789633644803719700,18.4757197265625,0.2613916099071502,0.0275325551629066,-1.0994051694869995
2026-09-17T08:27:24.813679,1789633644813679600,18.4856796875,0.2855086624622345,0.039056584239006,-1.2723209857940674
2026-09-17T08:27:24.823639,1789633644823639000,18.49563916015625,0.2931069433689117,0.0818405374884605,-1.4496313333511353
2026-09-17T08:27:24.833598,1789633644833598000,18.505597900390622,0.2600033283233642,0.1048806086182594,-1.6351330280303955
2026-09-17T08:27:24.843556,1789633644843556900,18.515556884765623,0.2045006453990936,0.0494359880685806,-1.8264458179473877
2026-09-17T08:27:24.853515,1789633644853515800,18.525515869140627,0.0843659713864326,0.0110899321734905,-2.008131980895996
2026-09-17T08:27:24.863475,1789633644863475700,18.535475830078123,0.0415788292884826,-0.0047982204705476,-2.2172646522521973
2026-09-17T08:27:24.873435,1789633644873435000,18.545434814453124,0.0654348954558372,-0.0114124473184347,-2.426506757736206
2026-09-17T08:27:24.883393,1789633644883393800,18.555393798828124,0.0731175765395164,-0.0655590370297432,-2.6043033599853516
2026-09-17T08:27:24.893352,1789633644893352700,18.565352783203124,0.0158654768019914,-0.0573503784835338,-2.8039817810058594
2026-09-17T08:27:24.903311,1789633644903311600,18.5753115234375,-0.0403186976909637,-0.0175454411655664,-3.021023750305176
2026-09-17T08:27:24.913270,1789633644913270800,18.585270751953125,-0.0741075575351715,0.0748779624700546,-3.2668521404266357
2026-09-17T08:27:24.923231,1789633644923231000,18.59523095703125,-0.161192387342453,0.1742293238639831,-3.4632656574249268
2026-09-17T08:27:24.933190,1789633644933190000,18.60518994140625,-0.2338386327028274,0.1822369247674942,-3.688179492950439
2026-09-17T08:27:24.943148,1789633644943148800,18.615148681640623,-0.2226754575967788,0.2586464583873749,-3.872565269470215
2026-09-17T08:27:24.953107,1789633644953107700,18.625107666015627,-0.3490765392780304,0.5118406414985657,-4.086004257202148
2026-09-17T08:27:24.963067,1789633644963067000,18.63506689453125,-0.5712571740150452,0.6706721186637878,-4.250192165374756
2026-09-17T08:27:24.973026,1789633644973026800,18.64502685546875,-0.4711502492427826,0.8877480030059814,-4.193173885345459
2026-09-17T08:27:24.982985,1789633644982985700,18.65498583984375,-0.435443639755249,1.1072033643722534,-4.284424781799316
2026-09-17T08:27:24.992944,1789633644992944600,18.664944580078124,-0.58106929063797,1.2431625127792358,-4.423559188842773
2026-09-17T08:27:25.002903,1789633645002903800,18.67490380859375,-0.5314834117889404,1.5916043519973757,-4.434603214263916
2026-09-17T08:27:25.012862,1789633645012862700,18.68486279296875,-0.4737676084041595,1.8739272356033323,-4.358189582824707
2026-09-17T08:27:25.022823,1789633645022823000,18.69482299804687,-0.5845274329185486,2.1691858768463135,-4.330437183380127
2026-09-17T08:27:25.032781,1789633645032781800,18.70478173828125,-0.7568555474281311,2.5173351764678955,-4.203711032867432
2026-09-17T08:27:25.042740,1789633645042740700,18.71474072265625,-0.924444019794464,2.804072618484497,-4.047768592834473
2026-09-17T08:27:25.052700,1789633645052700000,18.724699951171875,-1.058864951133728,3.11418080329895,-3.7695422172546382
2026-09-17T08:27:25.062658,1789633645062658800,18.734658935546875,-1.1273664236068726,3.3214049339294434,-3.031507730484009
2026-09-17T08:27:25.072618,1789633645072618800,18.74461865234375,-1.5146007537841797,3.486050605773926,-1.7236090898513794
2026-09-17T08:27:25.082577,1789633645082577700,18.75457763671875,-1.7886450290679932,3.616933584213257,-0.602928876876831
2026-09-17T08:27:25.092536,1789633645092536600,18.76453662109375,-1.555310845375061,3.3878040313720703,0.5219656229019165
2026-09-17T08:27:25.102496,1789633645102496000,18.77449609375,-1.1742929220199585,3.08107852935791,1.3228896856307983
2026-09-17T08:27:25.112455,1789633645112455000,18.784454833984373,-0.9997669458389282,2.6577558517456055,1.7800551652908323
2026-09-17T08:27:25.122413,1789633645122413800,18.794413818359377,-0.9057576656341552,2.2119762897491455,2.0118825435638428
2026-09-17T08:27:25.132373,1789633645132373800,18.80437377929687,-0.8837511539459229,1.8199918270111084,2.1272377967834473
2026-09-17T08:27:25.142332,1789633645142332700,18.81433276367187,-1.059269666671753,1.5415968894958496,2.1450655460357666
2026-09-17T08:27:25.152291,1789633645152291800,18.824291748046875,-1.4176169633865356,1.333714485168457,2.179234504699707
2026-09-17T08:27:25.162250,1789633645162250800,18.834250732421875,-1.8276153802871704,1.2195117473602295,2.268815755844116
2026-09-17T08:27:25.172209,1789633645172209700,18.844209716796875,-2.2404239177703857,1.1025234460830688,2.397691488265991
2026-09-17T08:27:25.182169,1789633645182169900,18.854169921875,-2.56815505027771,0.9884557127952576,2.5632152557373047
2026-09-17T08:27:25.192129,1789633645192129000,18.86412890625,-2.725879907608032,0.9401022791862488,2.879138708114624
2026-09-17T08:27:25.202088,1789633645202088000,18.874087890625,-2.6968202590942383,1.0087894201278689,3.3348898887634277
2026-09-17T08:27:25.212046,1789633645212046800,18.884046875,-2.534621000289917,1.1604868173599243,3.754680156707764
2026-09-17T08:27:25.222005,1789633645222005800,18.894005859375,-2.3947930335998535,1.2672418355941772,3.9964370727539062
2026-09-17T08:27:25.231965,1789633645231965700,18.90396557617187,-2.3635811805725098,1.400265097618103,4.000662803649902
2026-09-17T08:27:25.241924,1789633645241924900,18.9139248046875,-2.433863401412964,1.5425859689712524,3.854966640472412
2026-09-17T08:27:25.251883,1789633645251883800,18.9238837890625,-2.6063389778137207,1.676055073738098,3.6136534214019775
2026-09-17T08:27:25.261842,1789633645261842700,18.9338427734375,-2.871140956878662,1.7254629135131836,3.4122836589813232
2026-09-17T08:27:25.271801,1789633645271801600,18.943801513671875,-3.0718936920166016,1.7122431993484497,3.3015637397766113
2026-09-17T08:27:25.281762,1789633645281762600,18.953762451171876,-3.019460439682007,1.681445837020874,3.2379074096679688
2026-09-17T08:27:25.291721,1789633645291721500,18.963721435546876,-2.7628374099731445,1.658719778060913,3.204876184463501
2026-09-17T08:27:25.301680,1789633645301680600,18.9736806640625,-2.5777347087860107,1.6653127670288086,3.1922714710235596
2026-09-17T08:27:25.311639,1789633645311639600,18.9836396484375,-2.5526998043060303,1.7076183557510376,3.195763349533081
2026-09-17T08:27:25.321598,1789633645321598500,18.99359838867187,-2.648996353149414,1.8635120391845703,3.2848706245422363
2026-09-17T08:27:25.331558,1789633645331558400,19.003558349609374,-2.769531488418579,2.0996081829071045,3.361168146133423
2026-09-17T08:27:25.341517,1789633645341517600,19.013517578125,-2.8251421451568604,2.374644041061402,3.353626012802124
2026-09-17T08:27:25.351476,1789633645351476500,19.0234765625,-2.8010904788970947,2.6300854682922363,3.282573699951172
2026-09-17T08:27:25.361435,1789633645361435400,19.033435302734375,-2.669546127319336,2.8030788898468018,3.1783244609832764
2026-09-17T08:27:25.371394,1789633645371394300,19.043394287109376,-2.445619583129883,2.87493896484375,3.0531327724456787
2026-09-17T08:27:25.381354,1789633645381354500,19.0533544921875,-2.2178165912628174,2.8604438304901123,2.9154441356658936
2026-09-17T08:27:25.391313,1789633645391313700,19.063313720703125,-1.9411829710006712,2.826266288757324,2.7973408699035645
2026-09-17T08:27:25.401272,1789633645401272600,19.0732724609375,-1.7015291452407837,2.7898316383361816,2.6710751056671143
2026-09-17T08:27:25.411231,1789633645411231500,19.0832314453125,-1.5408142805099487,2.689136028289795,2.5204598903656006
2026-09-17T08:27:25.421190,1789633645421190400,19.0931904296875,-1.389108657836914,2.532911539077759,2.3841030597686768
2026-09-17T08:27:25.431150,1789633645431150300,19.103150390625,-1.0948737859725952,2.397957563400269,2.288116455078125
2026-09-17T08:27:25.441109,1789633645441109500,19.113109619140623,-0.6801407933235168,2.319453001022339,2.201709270477295
2026-09-17T08:27:25.451068,1789633645451068400,19.123068359375,-0.2956244945526123,2.328454971313477,2.0661356449127197
2026-09-17T08:27:25.461027,1789633645461027600,19.133027587890624,-0.0892982259392738,2.327437162399292,1.867898941040039
2026-09-17T08:27:25.470986,1789633645470986500,19.142986572265624,-0.0756607130169868,2.2178032398223877,1.5462781190872192
2026-09-17T08:27:25.480946,1789633645480946400,19.152946533203124,-0.0993013307452201,2.0034048557281494,1.146920084953308
2026-09-17T08:27:25.490905,1789633645490905600,19.162905517578125,-0.1015351861715316,1.6593598127365112,0.7292298674583435
2026-09-17T08:27:25.500864,1789633645500864500,19.172864501953125,-0.0423461645841598,1.1854199171066284,0.314282476902008
2026-09-17T08:27:25.510823,1789633645510823400,19.182823486328125,0.6664117574691772,0.2534570097923279,-0.8162800073623657
2026-09-17T08:27:25.520782,1789633645520782600,19.19278247070313,1.6714544296264648,0.9498880505561828,-1.3058429956436155
2026-09-17T08:27:25.530742,1789633645530742500,19.202742431640623,1.272765874862671,1.4106812477111816,-1.0247418880462646
2026-09-17T08:27:25.540701,1789633645540701400,19.212701416015623,0.2279292643070221,0.5211401581764221,-0.8333277106285095
2026-09-17T08:27:25.550660,1789633645550660600,19.22266064453125,0.5219659209251404,-0.2414962351322174,-1.3630988597869873
2026-09-17T08:27:25.560619,1789633645560619500,19.23261962890625,2.121518850326538,-0.6148053407669067,-2.4670562744140625
2026-09-17T08:27:25.570578,1789633645570578700,19.24257861328125,2.856067419052124,-0.8847473859786987,-2.8354170322418213
2026-09-17T08:27:25.580537,1789633645580537600,19.25253759765625,2.560830593109131,-0.7400088310241699,-1.955916166305542
2026-09-17T08:27:25.590497,1789633645590497500,19.26249755859375,1.3596251010894775,-0.4271380305290222,-0.8439542651176453
2026-09-17T08:27:25.600456,1789633645600456400,19.27245654296875,0.2696695327758789,-0.4043147265911102,-0.455146312713623
2026-09-17T08:27:25.610415,1789633645610415400,19.282415283203125,-0.1091270595788955,-0.3526278436183929,-0.3392934799194336
2026-09-17T08:27:25.620374,1789633645620374500,19.29237451171875,-0.097454160451889,-0.3334088623523712,-0.3043000698089599
2026-09-17T08:27:25.630334,1789633645630334700,19.30233471679687,-0.0137246400117874,-0.2637000977993011,-0.2287715077400207
2026-09-17T08:27:25.640293,1789633645640293600,19.312293701171875,0.0093364706262946,-0.2071111053228378,-0.1745210587978363
2026-09-17T08:27:25.650252,1789633645650252500,19.32225244140625,0.0258600525557994,-0.1785918474197387,-0.1854519993066787
2026-09-17T08:27:25.660211,1789633645660211500,19.33221142578125,0.0946095511317253,-0.1375850290060043,-0.1838072389364242
2026-09-17T08:27:25.670170,1789633645670170600,19.342170654296876,0.200584203004837,-0.0947864353656768,-0.1809970587491989
2026-09-17T08:27:25.680129,1789633645680129500,19.352129638671876,0.2758371531963348,-0.0702933445572853,-0.18955859541893
2026-09-17T08:27:25.690089,1789633645690089500,19.36208935546875,0.3153347373008728,-0.0467169098556041,-0.179811954498291
2026-09-17T08:27:25.700048,1789633645700048400,19.37204833984375,0.3400264978408813,-0.020616864785552,-0.1576376855373382
2026-09-17T08:27:25.710007,1789633645710007600,19.382007568359377,0.3528685271739959,-0.0111586479470133,-0.166154995560646
2026-09-17T08:27:25.719966,1789633645719966500,19.391966552734377,0.3210411071777344,-0.0189201645553112,-0.1632335186004638
2026-09-17T08:27:25.729925,1789633645729925400,19.40192529296875,0.2445609718561172,-0.0254507679492235,-0.1310153901576995
2026-09-17T08:27:25.739885,1789633645739885600,19.411885498046875,0.1666147857904434,-0.0486511625349521,-0.1210490390658378
2026-09-17T08:27:25.749844,1789633645749844500,19.421844482421875,0.0885945409536361,-0.0600694641470909,-0.1095186099410057
2026-09-17T08:27:25.759803,1789633645759803600,19.4318037109375,0.0436347909271717,-0.0653739497065544,-0.0844084694981575
2026-09-17T08:27:25.769762,1789633645769762600,19.441762451171876,0.0531827546656131,-0.0550893545150756,-0.0730029493570327
2026-09-17T08:27:25.779721,1789633645779721500,19.451721435546876,0.0664066821336746,-0.0484189353883266,-0.061484508216381
2026-09-17T08:27:25.789681,1789633645789681400,19.461681396484376,0.0159283261746168,-0.0478562079370021,-0.0546180792152881
2026-09-17T08:27:25.799640,1789633645799640300,19.471640380859377,-0.1094677373766899,-0.0670974552631378,-0.0719423741102218
2026-09-17T08:27:25.809599,1789633645809599500,19.481599609375,-0.1823994666337967,-0.0575617402791976,-0.0805305391550064
2026-09-17T08:27:25.819558,1789633645819558700,19.49155859375,-0.1288084089756012,-0.0242991242557764,-0.0582457371056079
2026-09-17T08:27:25.829517,1789633645829517600,19.501517578125,-0.0649671182036399,-0.0061033423990011,-0.0434864982962608
2026-09-17T08:27:25.839477,1789633645839477500,19.5114775390625,-0.0921119153499603,-0.0171655807644128,-0.039850752800703
2026-09-17T08:27:25.849436,1789633645849436400,19.5214365234375,-0.1375414431095123,-0.0373544730246067,-0.056993518024683
2026-09-17T08:27:25.859395,1789633645859395600,19.5313955078125,-0.1574794650077819,-0.0381720662117004,-0.058823112398386
2026-09-17T08:27:25.869354,1789633645869354500,19.5413544921875,-0.1524253189563751,-0.0286344848573207,-0.058097131550312
2026-09-17T08:27:25.879313,1789633645879313400,19.5513134765625,-0.1297772675752639,-0.0215067993849515,-0.0774521902203559
2026-09-17T08:27:25.889273,1789633645889273300,19.5612734375,-0.0955934673547744,-0.0049342149868607,-0.077725164592266
2026-09-17T08:27:25.899232,1789633645899232500,19.571232421875,-0.0516611635684967,0.000642710365355,-0.0889506563544273
2026-09-17T08:27:25.909191,1789633645909191700,19.581191650390625,-0.0485335439443588,0.0032627282198518,-0.126551553606987
2026-09-17T08:27:25.919150,1789633645919150600,19.591150634765626,-0.0898383781313896,0.0050521059893071,-0.1458139419555664
2026-09-17T08:27:25.929110,1789633645929110500,19.60111059570313,-0.0932818427681922,0.0165172796696424,-0.1475319415330886
2026-09-17T08:27:25.939069,1789633645939069400,19.6110693359375,-0.0432154759764671,0.028437590226531,-0.1543054282665252
2026-09-17T08:27:25.949028,1789633645949028600,19.621028564453123,0.0265486892312765,0.0397253967821598,-0.1620855778455734
2026-09-17T08:27:25.958987,1789633645958987500,19.630987548828124,0.0739806517958641,0.0487537793815135,-0.1615407019853592
2026-09-17T08:27:25.968946,1789633645968946400,19.640946533203124,0.0806263014674186,0.0449326746165752,-0.1464565545320511
2026-09-17T08:27:25.978906,1789633645978906400,19.65090625,0.0550777986645698,0.0349170602858066,-0.1345639377832412
2026-09-17T08:27:25.988865,1789633645988865500,19.660865478515625,0.0590741410851478,0.0356725975871086,-0.1304477602243423
2026-09-17T08:27:25.998824,1789633645998824700,19.67082470703125,0.1103495806455612,0.0487979874014854,-0.11676736921072
2026-09-17T08:27:26.008783,1789633646008783600,19.68078369140625,0.1793222576379776,0.0676209405064582,-0.1126400008797645
2026-09-17T08:27:26.018742,1789633646018742500,19.690742431640626,0.2116796672344207,0.0657085254788398,-0.1316421926021576
2026-09-17T08:27:26.028702,1789633646028702500,19.70070239257813,0.202320247888565,0.0481098257005214,-0.1458024829626083
2026-09-17T08:27:26.038661,1789633646038661400,19.710661376953126,0.1377519071102142,0.0298549234867095,-0.1399682909250259
2026-09-17T08:27:26.048620,1789633646048620500,19.72062060546875,0.0741372480988502,0.0098708299919962,-0.1421640664339065
2026-09-17T08:27:26.058579,1789633646058579500,19.730579345703124,0.054477259516716,0.005009495653212,-0.1336667239665985
2026-09-17T08:27:26.068538,1789633646068538400,19.740538330078124,0.0718525201082229,0.0106269009411335,-0.1231144815683364
2026-09-17T08:27:26.078498,1789633646078498600,19.75049853515625,0.09892488270998,0.0178382080048322,-0.1165694966912269
2026-09-17T08:27:26.088457,1789633646088457500,19.76045751953125,0.0960151106119155,0.0176904033869504,-0.1089808195829391
2026-09-17T08:27:26.098416,1789633646098416600,19.770416748046873,0.0575590655207634,0.0120953684672713,-0.1003958508372306
2026-09-17T08:27:26.108375,1789633646108375600,19.78037548828125,0.0343237891793251,0.0161247309297323,-0.0949784517288208
2026-09-17T08:27:26.118334,1789633646118334500,19.79033447265625,0.0551622211933136,0.0181580539792776,-0.103823073208332
2026-09-17T08:27:26.128294,1789633646128294400,19.80029443359375,0.0705406442284584,0.0179058536887168,-0.1145356446504592
2026-09-17T08:27:26.138253,1789633646138253600,19.810253662109375,0.0865976437926292,0.0142333544790744,-0.1386215388774871
2026-09-17T08:27:26.148212,1789633646148212500,19.82021240234375,0.1114364117383956,0.0114386333152651,-0.1567992120981216
2026-09-17T08:27:26.158171,1789633646158171400,19.83017138671875,0.1210933029651641,0.0157066136598587,-0.1715248972177505
2026-09-17T08:27:26.168130,1789633646168130300,19.84013037109375,0.1168708577752113,0.0185503382235765,-0.1901214718818664
2026-09-17T08:27:26.178090,1789633646178090500,19.850090576171876,0.1124907582998275,0.0299140457063913,-0.1943127661943435
2026-09-17T08:27:26.188049,1789633646188049700,19.860049560546877,0.1178469061851501,0.0481106266379356,-0.1984174847602844
2026-09-17T08:27:26.198008,1789633646198008600,19.870008544921873,0.1286452263593673,0.0443779379129409,-0.212474450469017
2026-09-17T08:27:26.207967,1789633646207967500,19.879967529296874,0.1356256455183029,0.0305042024701833,-0.2145911306142807
2026-09-17T08:27:26.217927,1789633646217927400,19.889927490234378,0.104056529700756,0.020860631018877,-0.197529599070549
2026-09-17T08:27:26.227886,1789633646227886300,19.89988623046875,0.0566413402557373,0.0050422521308064,-0.1992207020521164
2026-09-17T08:27:26.237845,1789633646237845500,19.909845458984375,0.0525243654847145,-0.004156838171184,-0.2112581878900528
2026-09-17T08:27:26.247804,1789633646247804400,19.919804443359375,0.0945375934243202,0.0041897743940353,-0.2300734221935272
2026-09-17T08:27:26.257763,1789633646257763600,19.929763671875,0.1676413714885711,0.0268828365951776,-0.2661520540714264
2026-09-17T08:27:26.267723,1789633646267723500,19.9397236328125,0.2394425868988037,0.0449867360293865,-0.3044576346874237
2026-09-17T08:27:26.277682,1789633646277682700,19.9496826171875,0.2545858323574066,0.0414228960871696,-0.330059677362442
2026-09-17T08:27:26.287641,1789633646287641900,19.959641845703125,0.2088002562522888,0.022584494203329,-0.3428407311439514
2026-09-17T08:27:26.297601,1789633646297601000,19.96960107421875,0.162607729434967,-0.0046947970986366,-0.3653867840766907
2026-09-17T08:27:26.307560,1789633646307560000,19.979559814453125,0.1400433033704757,-0.0316044427454471,-0.3987218141555786
2026-09-17T08:27:26.317520,1789633646317520000,19.989519775390622,0.1237266361713409,-0.0475661009550094,-0.4278285801410675
2026-09-17T08:27:26.327478,1789633646327478800,19.999478759765623,0.159380242228508,-0.0400538556277751,-0.455357939004898
2026-09-17T08:27:26.337438,1789633646337438000,20.00943798828125,0.2067211270332336,-0.0183749217540025,-0.4679211378097534
2026-09-17T08:27:26.347396,1789633646347396900,20.01939697265625,0.1723748743534088,-0.0072884494438767,-0.47553351521492
2026-09-17T08:27:26.357355,1789633646357355800,20.029355712890624,0.1145179569721221,0.0043074861168861,-0.5042514204978943
2026-09-17T08:27:26.367315,1789633646367315700,20.039315673828124,0.1191550567746162,0.0249832030385732,-0.5526123046875
2026-09-17T08:27:26.377275,1789633646377275000,20.04927490234375,0.1365513652563095,0.0532380081713199,-0.5841214656829834
2026-09-17T08:27:26.387234,1789633646387234000,20.059234130859377,0.0959051251411438,0.0456946045160293,-0.615162193775177
2026-09-17T08:27:26.397193,1789633646397193000,20.06919287109375,0.0067717884667217,0.0132192224264144,-0.6426109075546265
2026-09-17T08:27:26.407151,1789633646407151900,20.07915185546875,-0.0685173720121383,-0.0407838262617588,-0.6906298398971558
2026-09-17T08:27:26.417111,1789633646417111800,20.08911181640625,-0.0648214370012283,-0.070263423025608,-0.7639458179473877
2026-09-17T08:27:26.427071,1789633646427071000,20.099071044921875,-0.0115920379757881,-0.0737388506531715,-0.8269919157028198
2026-09-17T08:27:26.437030,1789633646437030000,20.10902978515625,-0.0051767500117421,-0.0816774666309356,-0.87457674741745
2026-09-17T08:27:26.446988,1789633646446988800,20.11898876953125,-0.051785796880722,-0.0845123976469039,-0.9156512022018432
2026-09-17T08:27:26.456947,1789633646456947700,20.12894775390625,-0.0755752846598625,-0.076898954808712,-0.970363974571228
2026-09-17T08:27:26.466908,1789633646466908000,20.138907958984376,-0.1047944203019142,-0.0939674228429794,-1.0412774085998535
2026-09-17T08:27:26.476867,1789633646476867000,20.1488671875,-0.1366652548313141,-0.1230408772826194,-1.129109263420105
2026-09-17T08:27:26.486826,1789633646486826000,20.158825927734377,-0.1347579061985016,-0.1589591950178146,-1.2546753883361816
2026-09-17T08:27:26.496785,1789633646496785000,20.168784912109373,-0.1584222167730331,-0.1747019439935684,-1.4501307010650637
2026-09-17T08:27:26.506743,1789633646506743800,20.178743896484377,-0.1887167394161224,-0.1161070764064788,-1.6082433462142944
2026-09-17T08:27:26.516703,1789633646516703700,20.18870385742187,-0.1034066453576088,-0.067200519144535,-1.812183618545532
2026-09-17T08:27:26.526663,1789633646526663000,20.198662841796875,-0.0605470687150955,-0.0668018460273742,-2.0261991024017334
2026-09-17T08:27:26.536621,1789633646536621800,20.208621826171875,-0.2037843763828277,-0.1149379462003707,-2.221468687057495
2026-09-17T08:27:26.546580,1789633646546580700,20.218580810546875,-0.3457958698272705,-0.1738947331905365,-2.4371838569641113
2026-09-17T08:27:26.556541,1789633646556541000,20.228541015625,-0.3884554505348205,-0.2324730902910232,-2.6652066707611084
2026-09-17T08:27:26.566499,1789633646566499800,20.238499755859376,-0.4248920083045959,-0.311366319656372,-2.8755030632019043
2026-09-17T08:27:26.576459,1789633646576459000,20.248458984375,-0.5189814567565918,-0.3120097517967224,-3.089799165725708
2026-09-17T08:27:26.586418,1789633646586418000,20.25841796875,-0.5639824867248535,-0.2469162195920944,-3.354564666748047
2026-09-17T08:27:26.596376,1789633646596376800,20.268376953125,-0.5219545960426331,-0.1601770520210266,-3.622313261032105
2026-09-17T08:27:26.606336,1789633646606336800,20.27833666992187,-0.5490536093711853,-0.0796843543648719,-3.845795392990112
2026-09-17T08:27:26.616296,1789633646616296000,20.2882958984375,-0.6204673647880554,-0.044601734727621,-4.00651741027832
2026-09-17T08:27:26.626254,1789633646626254800,20.2982548828125,-0.6640449166297913,-0.1289126127958297,-4.208715438842773
2026-09-17T08:27:26.636213,1789633646636213800,20.3082138671875,-0.6416181921958923,-0.0361240953207016,-4.1585917472839355
2026-09-17T08:27:26.646173,1789633646646173000,20.3181728515625,-0.5742686986923218,0.0697610601782798,-4.156867504119873
2026-09-17T08:27:26.656132,1789633646656132900,20.3281328125,-0.4487438201904297,0.1385206878185272,-4.205118179321289
2026-09-17T08:27:26.666092,1789633646666092000,20.338092041015624,-0.3554601967334747,0.2148037403821945,-4.292577743530273
2026-09-17T08:27:26.676051,1789633646676051000,20.348051025390625,-0.4896441102027893,0.3212180435657501,-4.195877552032471
2026-09-17T08:27:26.686009,1789633646686009900,20.358009765625,-0.561407208442688,0.7195196747779846,-4.177003383636475
2026-09-17T08:27:26.695968,1789633646695968800,20.36796875,-0.5826038718223572,0.928793489933014,-4.187857151031494
2026-09-17T08:27:26.705928,1789633646705928700,20.3779287109375,-0.7833207249641418,1.1658313274383545,-4.160484313964844
2026-09-17T08:27:26.715887,1789633646715887900,20.38788793945313,-1.1484800577163696,1.350698947906494,-4.010228157043457
2026-09-17T08:27:26.725846,1789633646725846800,20.3978466796875,-1.552689790725708,1.4552741050720217,-3.902538299560547
2026-09-17T08:27:26.735806,1789633646735806000,20.407805908203127,-1.734250545501709,1.5859376192092896,-3.5371158123016357
2026-09-17T08:27:26.745764,1789633646745764900,20.417764892578123,-1.4704564809799194,1.926398754119873,-2.6659128665924072
2026-09-17T08:27:26.755724,1789633646755724800,20.427724853515624,-1.0100691318511963,2.2495076656341553,-1.6770669221878052
2026-09-17T08:27:26.765684,1789633646765684000,20.43768408203125,-0.6771090626716614,2.160501718521118,-0.313655138015747
2026-09-17T08:27:26.775643,1789633646775643000,20.447642822265625,-0.250264823436737,2.080538272857666,0.6444450616836548
2026-09-17T08:27:26.785601,1789633646785601800,20.457601806640625,0.0765282288193702,1.9024553298950195,1.1646934747695925
2026-09-17T08:27:26.795561,1789633646795561700,20.467561767578125,0.1988512277603149,1.709290623664856,1.4014352560043335
2026-09-17T08:27:26.805521,1789633646805521000,20.47752099609375,0.200491189956665,1.5712143182754517,1.453884840011597
2026-09-17T08:27:26.815480,1789633646815480000,20.48747998046875,0.0675401836633682,1.4286119937896729,1.4095866680145264
2026-09-17T08:27:26.825439,1789633646825439000,20.49743896484375,-0.2092216312885284,1.257289171218872,1.4623420238494873
2026-09-17T08:27:26.835398,1789633646835398000,20.50739794921875,-0.5749567747116089,1.0470092296600342,1.7639445066452026
2026-09-17T08:27:26.845357,1789633646845357800,20.51735791015625,-0.8191031217575073,0.8047300577163696,2.239708185195923
2026-09-17T08:27:26.855317,1789633646855317000,20.52731689453125,-0.8116713166236877,0.6221826076507568,2.741971254348755
2026-09-17T08:27:26.865276,1789633646865276000,20.53727587890625,-0.6025886535644531,0.4660609066486358,3.1690151691436768
2026-09-17T08:27:26.875234,1789633646875234800,20.54723486328125,-0.4175628423690796,0.3187702596187591,3.4316210746765137
2026-09-17T08:27:26.885193,1789633646885193700,20.55719384765625,-0.2890986204147339,0.2366697788238525,3.506596326828003
2026-09-17T08:27:26.895154,1789633646895154000,20.56715380859375,-0.2303769886493683,0.1989048272371292,3.4696621894836426
2026-09-17T08:27:26.905113,1789633646905113000,20.577113037109378,-0.2611705958843231,0.2494385689496994,3.5145721435546875
2026-09-17T08:27:26.915072,1789633646915072000,20.587072021484374,-0.3378027677536011,0.334808886051178,3.7150957584381104
2026-09-17T08:27:26.925031,1789633646925031000,20.597031005859375,-0.4446618556976318,0.4929777383804321,4.114985942840576
2026-09-17T08:27:26.934990,1789633646934990800,20.606990966796875,-0.5140758156776428,0.6047804355621338,4.520512104034424
2026-09-17T08:27:26.944949,1789633646944949800,20.61694970703125,-0.458550751209259,0.7711520791053772,4.728315353393555
2026-09-17T08:27:26.954909,1789633646954909000,20.626908935546876,-0.384021133184433,0.8974376320838928,4.71159553527832
2026-09-17T08:27:26.964867,1789633646964867800,20.636867919921876,-0.4267105460166931,1.0404921770095823,4.508709907531738
2026-09-17T08:27:26.974826,1789633646974826800,20.64682666015625,-0.6156943440437317,1.2037400007247925,4.27591609954834
2026-09-17T08:27:26.984787,1789633646984787000,20.656786865234373,-0.8890672922134399,1.323648452758789,4.0981292724609375
2026-09-17T08:27:26.994745,1789633646994745900,20.666745849609377,-1.1127701997756958,1.4232031106948853,4.040696144104004
2026-09-17T08:27:27.004705,1789633647004705000,20.676705078125,-1.2119945287704468,1.467068791389465,4.090857982635498
2026-09-17T08:27:27.014664,1789633647014664000,20.686663818359374,-1.188315749168396,1.4540376663208008,4.147610187530518
2026-09-17T08:27:27.024622,1789633647024622800,20.696622802734375,-1.1161017417907717,1.3844285011291504,4.154003620147705
2026-09-17T08:27:27.034582,1789633647034582800,20.706582763671875,-1.0736435651779177,1.2916862964630127,4.096919536590576
2026-09-17T08:27:27.044542,1789633647044542000,20.7165419921875,-1.0669249296188354,1.217904806137085,3.976830244064331
2026-09-17T08:27:27.054500,1789633647054500900,20.7265009765625,-1.122053623199463,1.179876446723938,3.8224592208862305
2026-09-17T08:27:27.064459,1789633647064459800,20.736459716796876,-1.2912474870681765,1.1593767404556274,3.764932155609131
2026-09-17T08:27:27.074420,1789633647074420000,20.746419921875,-1.531638503074646,1.1093714237213137,3.7415950298309326
2026-09-17T08:27:27.084379,1789633647084379000,20.75637890625,-1.7781721353530884,1.011549949645996,3.721731185913086
2026-09-17T08:27:27.094338,1789633647094338000,20.766338134765626,-1.923290491104126,0.9211008548736572,3.659085273742676
2026-09-17T08:27:27.104297,1789633647104297000,20.776296875,-1.9624927043914795,0.8191662430763245,3.543358087539673
2026-09-17T08:27:27.114256,1789633647114256000,20.786255859375,-1.9718670845031736,0.680304765701294,3.388059139251709
2026-09-17T08:27:27.124215,1789633647124215800,20.7962158203125,-1.908054232597351,0.5438805818557739,3.249337673187256
2026-09-17T08:27:27.134174,1789633647134174700,20.8061748046875,-1.6764609813690186,0.421515554189682,3.138408899307251
2026-09-17T08:27:27.144134,1789633647144134000,20.8161337890625,-1.3632756471633911,0.3172418773174286,3.1003973484039307
2026-09-17T08:27:27.154092,1789633647154092800,20.8260927734375,-1.1161688566207886,0.3175806105136871,3.1488656997680664
2026-09-17T08:27:27.164053,1789633647164053000,20.836052978515625,-0.9558937549591064,0.3959867358207702,3.1271860599517822
2026-09-17T08:27:27.174012,1789633647174012000,20.846011962890625,-0.83100825548172,0.5080586671829224,2.846053123474121
2026-09-17T08:27:27.183970,1789633647183970800,20.855970703125,-0.7427305579185486,0.535575270652771,2.3395659923553467
2026-09-17T08:27:27.193930,1789633647193930000,20.865929931640625,-0.5953477621078491,0.5175472497940063,1.7177258729934692
2026-09-17T08:27:27.203889,1789633647203889000,20.875888916015622,-0.3188599646091461,0.4667394757270813,1.080106258392334
2026-09-17T08:27:27.213848,1789633647213848800,20.885848876953126,-0.0147096794098615,0.4265321493148803,0.4643521904945373
2026-09-17T08:27:27.223807,1789633647223807700,20.895807861328127,0.154473215341568,0.3946325182914734,-0.1135439127683639
2026-09-17T08:27:27.233767,1789633647233767000,20.905766845703123,0.2101556658744812,0.3181082010269165,-0.6413001418113708
2026-09-17T08:27:27.243725,1789633647243725800,20.915725830078124,-0.2213557958602905,1.0125558376312256,-2.058282375335694
2026-09-17T08:27:27.253686,1789633647253686000,20.92568603515625,-0.1376643776893615,0.4345309436321258,-2.1738219261169434
2026-09-17T08:27:27.263645,1789633647263645000,20.93564501953125,-0.0001017088070511,1.7768296003341677,-2.307964324951172
2026-09-17T08:27:27.273603,1789633647273603800,20.945603759765625,1.0203962326049805,0.4821703732013702,-3.320561408996582
2026-09-17T08:27:27.283563,1789633647283563000,20.95556298828125,2.231496810913086,0.3859335780143738,-5.044255256652832
2026-09-17T08:27:27.293522,1789633647293522000,20.96552197265625,2.065793991088867,-0.6852566599845886,-5.295580863952637
2026-09-17T08:27:27.303481,1789633647303481900,20.97548193359375,0.7906701564788818,-2.0136210918426514,-4.3491411209106445
2026-09-17T08:27:27.313440,1789633647313440800,20.985440673828126,0.8067042231559753,-1.8568878173828125,-2.523970127105713
2026-09-17T08:27:27.323399,1789633647323399700,20.995399658203127,2.1768367290496826,-0.6504510045051575,-1.2644643783569336
2026-09-17T08:27:27.333358,1789633647333358800,21.00535888671875,2.137127161026001,-0.1515458673238754,-0.5744412541389465
2026-09-17T08:27:27.343319,1789633647343319000,21.015319091796876,0.7343855500221252,-0.2569095492362976,-0.2568616569042206
2026-09-17T08:27:27.353278,1789633647353278000,21.02527783203125,-0.531550943851471,-0.4155559241771698,-0.3027596473693847
2026-09-17T08:27:27.363236,1789633647363236900,21.03523681640625,-0.8295264840126038,-0.3460476994514465,-0.1946342438459396
2026-09-17T08:27:27.373195,1789633647373195800,21.04519580078125,-0.4579507410526275,-0.2216988652944564,-0.0747326016426086
2026-09-17T08:27:27.383155,1789633647383155700,21.05515576171875,-0.0939246043562889,-0.135321095585823,-0.1094764694571495
2026-09-17T08:27:27.393115,1789633647393115000,21.065114990234378,-0.0843542739748954,-0.1568825840950012,-0.1546836346387863
2026-09-17T08:27:27.403073,1789633647403073800,21.07507373046875,-0.1098686829209327,-0.1570535451173782,-0.1712490320205688
2026-09-17T08:27:27.413032,1789633647413032700,21.08503271484375,0.0199668072164058,-0.1014589890837669,-0.152875080704689
2026-09-17T08:27:27.422992,1789633647422992000,21.094991943359375,0.1410386264324188,-0.0525953136384487,-0.1341211050748825
2026-09-17T08:27:27.432951,1789633647432951800,21.104951904296875,0.1019644737243652,-0.0428473465144634,-0.1454922705888748
2026-09-17T08:27:27.442911,1789633647442911000,21.114910888671876,0.0075479550287127,-0.0545982755720615,-0.1810326874256134
2026-09-17T08:27:27.452870,1789633647452870000,21.124869873046876,0.0009790020994842,-0.0548715181648731,-0.2033534348011016
2026-09-17T08:27:27.462828,1789633647462828800,21.134828857421876,0.0424470826983451,-0.0347731746733188,-0.1843142360448837
2026-09-17T08:27:27.472788,1789633647472788700,21.144788818359373,0.0763885378837585,-0.0035697154235094,-0.1617183685302734
2026-09-17T08:27:27.482748,1789633647482748000,21.154747802734377,0.0804011225700378,0.0085135791450738,-0.1524204760789871
2026-09-17T08:27:27.492706,1789633647492706800,21.164706787109377,0.0293485913425683,0.0054679880850017,-0.1377326101064682
2026-09-17T08:27:27.502666,1789633647502666000,21.174666015625,-0.0524575896561145,-0.0037737132515758,-0.1420504003763198
2026-09-17T08:27:27.512625,1789633647512625000,21.184625,-0.095861792564392,-0.0132156852632761,-0.169443130493164
2026-09-17T08:27:27.522584,1789633647522584800,21.194584716796875,-0.0545529648661613,-0.01040019094944,-0.1858700513839721
2026-09-17T08:27:27.532544,1789633647532544000,21.2045439453125,0.0368275456130504,0.0005898759700357,-0.2103636711835861
2026-09-17T08:27:27.542503,1789633647542503000,21.2145029296875,0.1101656779646873,0.0029148156754672,-0.2431599646806717
2026-09-17T08:27:27.552461,1789633647552461800,21.2244619140625,0.1493216156959533,-0.0001534123439341,-0.2605423927307129
2026-09-17T08:27:27.562421,1789633647562421800,21.234421875,0.1549677550792694,-0.0040722535923123,-0.2538549304008484
2026-09-17T08:27:27.572380,1789633647572380700,21.244380615234373,0.1504409313201904,-0.0008652752730995,-0.240837961435318
2026-09-17T08:27:27.582339,1789633647582339800,21.25433984375,0.1614648103713989,0.0024873781949281,-0.2410885691642761
2026-09-17T08:27:27.592299,1789633647592299000,21.264299072265626,0.2140180468559265,0.0027153447736054,-0.2522999346256256
2026-09-17T08:27:27.602259,1789633647602259000,21.274259033203126,0.2582305073738098,0.0137885017320513,-0.2635805308818817
2026-09-17T08:27:27.612217,1789633647612217900,21.2842177734375,0.2632684111595154,0.0156527142971754,-0.2609221637248993
2026-09-17T08:27:27.622176,1789633647622176800,21.2941767578125,0.233709454536438,0.0061779869720339,-0.2680876851081848
2026-09-17T08:27:27.632136,1789633647632136000,21.304135986328124,0.2168689668178558,0.0065865153446793,-0.2790612280368805
2026-09-17T08:27:27.642094,1789633647642094800,21.3140947265625,0.2405425906181335,0.0038019143976271,-0.3018530905246734
2026-09-17T08:27:27.652054,1789633647652054800,21.3240546875,0.2954737544059753,0.0131213804706931,-0.3304181694984436
2026-09-17T08:27:27.662013,1789633647662013700,21.334013671875,0.3650270104408264,0.0320572555065155,-0.3455385267734527
2026-09-17T08:27:27.671972,1789633647671972900,21.343972900390625,0.3968677520751953,0.0521119236946105,-0.3432071805000305
2026-09-17T08:27:27.681932,1789633647681932000,21.35393212890625,0.3693352043628692,0.0580124221742153,-0.3377703428268432
2026-09-17T08:27:27.691892,1789633647691892000,21.36389208984375,0.3121669888496399,0.0448023453354835,-0.3460543751716614
2026-09-17T08:27:27.701851,1789633647701851000,21.373850830078126,0.2576201260089874,0.0199593119323253,-0.360130250453949
2026-09-17T08:27:27.711809,1789633647711809800,21.383809814453127,0.2167166173458099,0.010699501261115,-0.3723834455013275
2026-09-17T08:27:27.721769,1789633647721769000,21.39376904296875,0.1969578266143798,-0.0067170392721891,-0.3821729719638824
2026-09-17T08:27:27.731728,1789633647731728000,21.403727783203124,0.1322249174118042,0.0083492621779441,-0.402486503124237
2026-09-17T08:27:27.741687,1789633647741687800,21.413687744140624,0.0966442748904228,0.0031241399701684,-0.435628205537796
2026-09-17T08:27:27.751647,1789633647751647000,21.42364697265625,0.1124456077814102,0.0135251153260469,-0.453223705291748
2026-09-17T08:27:27.761606,1789633647761606000,21.43360595703125,0.1075901314616203,0.0225425790995359,-0.4674734771251678
2026-09-17T08:27:27.771565,1789633647771565000,21.44356494140625,0.092826634645462,0.034489519894123,-0.4787173569202423
2026-09-17T08:27:27.781525,1789633647781525000,21.45352490234375,0.0966826230287551,0.0434723645448684,-0.4884834289550781
2026-09-17T08:27:27.791484,1789633647791484000,21.46348388671875,0.1074050441384315,0.0480615235865116,-0.4864226877689361
2026-09-17T08:27:27.801442,1789633647801442800,21.47344287109375,0.0965968742966651,0.0447512120008468,-0.4911007881164551
2026-09-17T08:27:27.811401,1789633647811401700,21.483401611328127,0.0888185799121856,0.0240022577345371,-0.5169169902801514
2026-09-17T08:27:27.821361,1789633647821361700,21.493361572265623,0.0998368710279464,0.0133466832339763,-0.5590332746505737
2026-09-17T08:27:27.831320,1789633647831320800,21.50332080078125,0.1234753653407096,0.0263635404407978,-0.5881520509719849
2026-09-17T08:27:27.841280,1789633647841280000,21.513280029296876,0.1581356078386306,0.0225525572896003,-0.6124967932701111
2026-09-17T08:27:27.851239,1789633647851239000,21.523239013671876,0.1464661657810211,0.0104823121801018,-0.6356556415557861
2026-09-17T08:27:27.861198,1789633647861198800,21.53319873046875,0.0804834216833114,-0.0087507702410221,-0.6608283519744873
2026-09-17T08:27:27.871157,1789633647871157800,21.54315771484375,-0.0008985181339085,-0.0327716842293739,-0.7145485877990723
2026-09-17T08:27:27.881117,1789633647881117000,21.553116943359377,-0.0131186982616782,-0.0215656347572803,-0.7772452235221863
2026-09-17T08:27:27.891075,1789633647891075800,21.563075927734378,0.0005790037102997,-0.0233060102909803,-0.8195666074752808
2026-09-17T08:27:27.901034,1789633647901034800,21.57303466796875,-0.0207779519259929,-0.0536399483680725,-0.855722188949585
2026-09-17T08:27:27.910994,1789633647910994700,21.58299462890625,-0.0649701803922653,-0.0795325264334678,-0.8921563625335693
2026-09-17T08:27:27.920954,1789633647920954000,21.5929541015625,-0.0559423267841339,-0.0955927222967147,-0.9528117179870604
2026-09-17T08:27:27.930913,1789633647930913000,21.6029130859375,0.004290385171771,-0.0685669630765914,-1.04124653339386
2026-09-17T08:27:27.940872,1789633647940872000,21.612871826171876,0.1108945906162262,-0.0187956821173429,-1.170599102973938
2026-09-17T08:27:27.950831,1789633647950831900,21.622831787109376,0.2112491577863693,0.0081909289583563,-1.3180514574050903
2026-09-17T08:27:27.960790,1789633647960790800,21.632790771484373,0.1925758719444275,0.0070018274709582,-1.4349013566970823
2026-09-17T08:27:27.970750,1789633647970750000,21.64275,0.1015229225158691,-0.0096216239035129,-1.5566471815109253
2026-09-17T08:27:27.980708,1789633647980708900,21.652708984375,0.0100806299597024,-0.0249254796653985,-1.7005060911178589
2026-09-17T08:27:27.990668,1789633647990668800,21.66266870117187,-0.0155139463022351,-0.0674202069640159,-1.892444372177124
2026-09-17T08:27:28.000628,1789633648000628000,21.6726279296875,-0.0794026479125022,-0.1249045431613922,-2.139922857284546
2026-09-17T08:27:28.010587,1789633648010587000,21.6825869140625,-0.210805132985115,-0.1814487725496292,-2.4379823207855225
2026-09-17T08:27:28.020546,1789633648020546000,21.692546142578124,-0.2948475778102875,-0.1613730639219284,-2.762892007827759
2026-09-17T08:27:28.030505,1789633648030505000,21.7025048828125,-0.2193272560834884,-0.1793496757745742,-3.128190755844116
2026-09-17T08:27:28.040465,1789633648040465000,21.71246484375,-0.2039986401796341,-0.1681140661239624,-3.5444207191467285
2026-09-17T08:27:28.050423,1789633648050423800,21.722423828125,-0.3457719981670379,-0.1146961078047752,-3.95054292678833
2026-09-17T08:27:28.060382,1789633648060382700,21.7323828125,-0.4701211154460907,-0.0193948931992054,-4.4201979637146
2026-09-17T08:27:28.070342,1789633648070342000,21.742341796875,-0.5436201095581055,0.0529562681913375,-4.903327941894531
2026-09-17T08:27:28.080302,1789633648080302000,21.75230200195313,-0.5973312854766846,-0.0447673611342906,-5.432711124420166
2026-09-17T08:27:28.090261,1789633648090261000,21.76226098632813,-0.5251129865646362,-0.2304767668247223,-5.910704612731934
2026-09-17T08:27:28.100220,1789633648100220000,21.772219970703127,-0.2735340297222137,-0.1041246876120567,-5.928706645965576
2026-09-17T08:27:28.110179,1789633648110179000,21.782178955078123,-0.0359473153948783,-0.0486949905753135,-5.8346734046936035
2026-09-17T08:27:28.120139,1789633648120139000,21.792138916015624,0.0897842422127723,0.0395989194512367,-5.71604585647583
2026-09-17T08:27:28.130098,1789633648130098000,21.802097900390624,-0.1216020360589027,0.4552784264087677,-5.340311050415039
2026-09-17T08:27:28.140056,1789633648140056800,21.812056884765624,-0.2306587398052215,0.8351738452911377,-5.259781837463379
2026-09-17T08:27:28.150015,1789633648150015700,21.822015625,-0.1919180005788803,1.0476181507110596,-5.1981377601623535
2026-09-17T08:27:28.159975,1789633648159975700,21.8319755859375,-0.3831116557121277,1.1524220705032349,-4.817608833312988
2026-09-17T08:27:28.169935,1789633648169935000,21.84193505859375,-0.6777624487876892,1.2408427000045776,-4.3728766441345215
2026-09-17T08:27:28.179894,1789633648179894000,21.85189404296875,-0.7696777582168579,1.6159369945526123,-3.6578121185302734
2026-09-17T08:27:28.189853,1789633648189853000,21.86185302734375,-0.588028609752655,2.0175747871398926,-2.952101469039917
2026-09-17T08:27:28.199812,1789633648199812900,21.871812744140627,-0.4937313795089721,1.960496187210083,-1.3654876947402954
2026-09-17T08:27:28.209771,1789633648209771800,21.881771728515623,-0.1489537507295608,1.8899195194244385,-0.1687313169240951
2026-09-17T08:27:28.219731,1789633648219731000,21.89173095703125,0.4104157984256744,1.677833080291748,0.6905801892280579
2026-09-17T08:27:28.229689,1789633648229689900,21.90168994140625,0.7767122983932495,1.4113337993621826,1.3631964921951294
2026-09-17T08:27:28.239648,1789633648239648800,21.911648681640624,0.9987826347351074,1.249700665473938,1.840931415557861
2026-09-17T08:27:28.249609,1789633648249609000,21.92160888671875,1.0996078252792358,1.1198909282684326,2.138564348220825
2026-09-17T08:27:28.259567,1789633648259567900,21.93156787109375,0.9898701310157776,0.9879806637763976,2.445307731628418
2026-09-17T08:27:28.269527,1789633648269527000,21.941527099609377,0.77115797996521,0.9183475375175476,2.853182554244995
2026-09-17T08:27:28.279485,1789633648279485200,21.95148510742187,0.5636721849441528,0.8922091126441956,3.2972097396850586
2026-09-17T08:27:28.289445,1789633648289445000,21.961445068359374,0.3476011455059051,0.833667516708374,3.6622512340545654
2026-09-17T08:27:28.299404,1789633648299404000,21.971404052734375,0.1596629321575164,0.7158641815185547,3.887566804885864
2026-09-17T08:27:28.309363,1789633648309363200,21.98136328125,0.0361553728580474,0.5708073973655701,3.976503372192383
2026-09-17T08:27:28.319322,1789633648319322000,21.991322021484375,-0.0688911527395248,0.3850271701812744,4.007237434387207
2026-09-17T08:27:28.329282,1789633648329282300,22.0012822265625,-0.1679234504699707,0.1864925026893615,4.041848659515381
2026-09-17T08:27:28.339241,1789633648339241200,22.0112412109375,-0.2458861768245697,0.0179234500974416,4.085444927215576
2026-09-17T08:27:28.349200,1789633648349200100,22.0212001953125,-0.3299792110919952,-0.1484535336494445,4.108964920043945
2026-09-17T08:27:28.359159,1789633648359159300,22.0311591796875,-0.4535520076751709,-0.3047851026058197,4.169616222381592
2026-09-17T08:27:28.369119,1789633648369119200,22.041119140625,-0.6037524342536926,-0.4198315143585205,4.311849117279053
2026-09-17T08:27:28.379078,1789633648379078100,22.051078125,-0.7534465789794922,-0.5023671388626099,4.50689172744751
2026-09-17T08:27:28.389037,1789633648389037000,22.061037109375,-0.8615155220031738,-0.5910248160362244,4.690197467803955
2026-09-17T08:27:28.398996,1789633648398996200,22.070996337890627,-0.8453410863876343,-0.6212500929832458,4.850566387176514
2026-09-17T08:27:28.408956,1789633648408956400,22.080956298828124,-0.7182276248931885,-0.6786817312240601,4.952670097351074
2026-09-17T08:27:28.418915,1789633648418915300,22.090915283203124,-0.577725887298584,-0.7194041013717651,4.975024700164795
2026-09-17T08:27:28.428874,1789633648428874200,22.100874267578124,-0.4771537482738495,-0.7418354153633118,4.970468997955322
2026-09-17T08:27:28.438833,1789633648438833200,22.110833251953125,-0.4287292063236236,-0.744448184967041,4.934469223022461
2026-09-17T08:27:28.448793,1789633648448793000,22.12079296875,-0.4281683564186096,-0.7380377054214478,4.89968729019165
2026-09-17T08:27:28.458752,1789633648458752300,22.130752197265625,-0.4640957117080688,-0.6950931549072266,4.878355026245117
2026-09-17T08:27:28.468711,1789633648468711200,22.140711181640626,-0.5334987640380859,-0.6355171799659729,4.851692199707031
2026-09-17T08:27:28.478670,1789633648478670000,22.150670166015622,-0.6049753427505493,-0.5560181140899658,4.80603551864624
2026-09-17T08:27:28.488629,1789633648488629000,22.16062890625,-0.7039898037910461,-0.4538190364837646,4.765305042266846
2026-09-17T08:27:28.498589,1789633648498589200,22.170589111328123,-0.8595075011253357,-0.335881233215332,4.724747180938721
2026-09-17T08:27:28.508548,1789633648508548400,22.18054833984375,-1.010172963142395,-0.1926042288541793,4.672699928283691
2026-09-17T08:27:28.518507,1789633648518507300,22.19050732421875,-1.176203727722168,-0.0176313482224941,4.6003851890563965
2026-09-17T08:27:28.528466,1789633648528466200,22.200466064453124,-1.3319863080978394,0.1978415548801422,4.461726665496826
2026-09-17T08:27:28.538426,1789633648538426000,22.210426025390625,-1.4673799276351929,0.4322335422039032,4.2281494140625
2026-09-17T08:27:28.548385,1789633648548385000,22.220385009765625,-1.6601897478103638,0.714867889881134,3.9480316638946538
2026-09-17T08:27:28.558344,1789633648558344200,22.23034423828125,-1.9397120475769043,0.9936507940292358,3.6344680786132817
2026-09-17T08:27:28.568303,1789633648568303000,22.24030322265625,-2.2275683879852295,1.2014631032943726,3.2608776092529297
2026-09-17T08:27:28.578263,1789633648578263300,22.25026318359375,-2.4216201305389404,1.231986403465271,2.793247699737549
2026-09-17T08:27:28.588222,1789633648588222200,22.26022216796875,-2.4188618659973145,1.0784881114959717,2.35244083404541
2026-09-17T08:27:28.598181,1789633648598181000,22.27018115234375,-2.067681789398194,0.7605299353599548,1.958750367164612
2026-09-17T08:27:28.608140,1789633648608140300,22.280140380859375,-1.496355056762695,0.3771058619022369,1.6904606819152832
2026-09-17T08:27:28.618100,1789633648618100200,22.290100341796876,-1.0333833694458008,0.0326645821332931,1.538503646850586
2026-09-17T08:27:28.628059,1789633648628059100,22.30005908203125,-0.7449313998222351,-0.2500286400318146,1.221565008163452
2026-09-17T08:27:28.638018,1789633648638018000,22.31001806640625,-0.4811897575855255,-0.5518411993980408,0.5444453954696655
2026-09-17T08:27:28.647977,1789633648647977200,22.319977294921873,-0.236544594168663,-0.7982488870620728,-0.2824461758136749
2026-09-17T08:27:28.657937,1789633648657937400,22.3299375,-0.1633505374193191,-0.6809544563293457,-1.0604443550109863
2026-09-17T08:27:28.667896,1789633648667896300,22.339896240234378,0.2656511664390564,-1.322004318237305,-3.050175666809082
2026-09-17T08:27:28.677855,1789633648677855200,22.349855224609374,0.4685552716255188,-0.259151816368103,-2.0243988037109375
2026-09-17T08:27:28.687814,1789633648687814100,22.359814208984375,1.6175670623779297,-0.4818711876869201,-2.486847162246704
2026-09-17T08:27:28.697774,1789633648697774000,22.369774169921875,3.051849126815796,0.3489285409450531,-5.499183654785156
2026-09-17T08:27:28.707733,1789633648707733200,22.379733154296876,2.499086856842041,0.2406609207391739,-6.639124870300293
2026-09-17T08:27:28.717692,1789633648717692200,22.389692138671876,0.1589984744787216,-1.010190725326538,-6.026580333709717
2026-09-17T08:27:28.727651,1789633648727651000,22.399651123046876,-2.312361717224121,-3.0091259479522705,-4.446142673492432
2026-09-17T08:27:28.737611,1789633648737611000,22.409611083984377,-0.9830062985420228,-2.0539896488189697,-2.0788791179656982
2026-09-17T08:27:28.747570,1789633648747570200,22.419570068359373,2.422795295715332,-0.0478265322744846,-0.4031009376049042
2026-09-17T08:27:28.757529,1789633648757529300,22.429529296875,2.7095611095428467,-0.0579574666917324,-0.0731360837817192
2026-09-17T08:27:28.767488,1789633648767488300,22.43948828125,1.0814766883850098,-0.4524475038051605,-0.3341636955738067
2026-09-17T08:27:28.777447,1789633648777447200,22.449447265625,-0.5254075527191162,-0.5901800990104675,-0.5236737132072449
2026-09-17T08:27:28.787407,1789633648787407000,22.459406982421875,-1.066523551940918,-0.5171133279800415,-0.3459867835044861
2026-09-17T08:27:28.797366,1789633648797366000,22.469365966796875,-0.3863117098808288,-0.3224852681159973,-0.2872595489025116
2026-09-17T08:27:28.807325,1789633648807325200,22.4793251953125,0.4018252491950989,-0.0881776809692382,-0.2934468984603882
2026-09-17T08:27:28.817284,1789633648817284000,22.4892841796875,0.4255947470664978,-0.0980846434831619,-0.2989457845687866
2026-09-17T08:27:28.827244,1789633648827244300,22.499244384765625,0.209344744682312,-0.1364064663648605,-0.3101986944675445
2026-09-17T08:27:28.837203,1789633648837203200,22.509203125,0.1300067752599716,-0.1156178265810012,-0.2697567343711853
2026-09-17T08:27:28.847162,1789633648847162400,22.519162353515625,0.2444326877593994,-0.0819845646619796,-0.2860716581344604
2026-09-17T08:27:28.857121,1789633648857121300,22.529121337890626,0.3696324229240417,-0.0457261577248573,-0.3115477263927459
2026-09-17T08:27:28.867081,1789633648867081200,22.53908129882813,0.3510124087333679,-0.0275048092007637,-0.2884266972541809
2026-09-17T08:27:28.877040,1789633648877040000,22.5490400390625,0.2447653263807296,-0.0220887381583452,-0.2593982517719269
2026-09-17T08:27:28.886999,1789633648886999000,22.5589990234375,0.181267037987709,-0.0210815295577049,-0.2696349024772644
2026-09-17T08:27:28.896958,1789633648896958200,22.568958251953124,0.2446220368146896,-0.0094421859830617,-0.3155531287193298
2026-09-17T08:27:28.906918,1789633648906918400,22.57891845703125,0.3846340179443359,0.0306570306420326,-0.3353233635425567
2026-09-17T08:27:28.916877,1789633648916877300,22.588877197265624,0.4549537003040313,0.0534457005560398,-0.3282697200775146
2026-09-17T08:27:28.926836,1789633648926836200,22.598836181640625,0.4762294292449951,0.0547929927706718,-0.3408164083957672
2026-09-17T08:27:28.936795,1789633648936795100,22.608795166015625,0.4567441642284393,0.0416526906192302,-0.3230528533458709
2026-09-17T08:27:28.946755,1789633648946755000,22.61875512695313,0.4260421693325043,0.0165784955024719,-0.3155840337276459
2026-09-17T08:27:28.956714,1789633648956714200,22.62871435546875,0.4366796314716339,-0.0137581042945384,-0.3778215646743774
2026-09-17T08:27:28.966673,1789633648966673200,22.63867309570313,0.5470257997512817,-0.0174039714038372,-0.4136173725128174
2026-09-17T08:27:28.976632,1789633648976632000,22.648632080078126,0.7501690983772278,0.0172560047358274,-0.4146733283996582
2026-09-17T08:27:28.986592,1789633648986592000,22.658592041015623,0.8761174082756042,0.0647918283939361,-0.4058825075626373
2026-09-17T08:27:28.996551,1789633648996551200,22.66855126953125,0.7798478603363037,0.0487654618918895,-0.378336101770401
2026-09-17T08:27:29.006510,1789633649006510300,22.67851025390625,0.5770564079284668,0.0134080033749341,-0.3139211535453796
2026-09-17T08:27:29.016469,1789633649016469200,22.68846923828125,0.4007623791694641,0.0021119390148669,-0.2671632170677185
2026-09-17T08:27:29.026429,1789633649026429200,22.69842919921875,0.4373259842395782,0.0179348438978195,-0.267231673002243
2026-09-17T08:27:29.036388,1789633649036388000,22.70838818359375,0.5332759022712708,0.0461627542972564,-0.2328785061836242
2026-09-17T08:27:29.046347,1789633649046347300,22.71834716796875,0.5092693567276001,0.0363010689616203,-0.2068170756101608
2026-09-17T08:27:29.056306,1789633649056306200,22.72830615234375,0.3916762173175812,0.0182813219726085,-0.187221810221672
2026-09-17T08:27:29.066266,1789633649066266000,22.73826611328125,0.3025473952293396,0.0111507084220647,-0.1799700111150741
2026-09-17T08:27:29.076225,1789633649076225300,22.748225341796875,0.2767046093940735,0.0042254235595464,-0.1904178708791732
2026-09-17T08:27:29.086184,1789633649086184200,22.75818408203125,0.1935279667377472,0.003520218655467,-0.1834941804409027
2026-09-17T08:27:29.096143,1789633649096143400,22.768143310546876,0.1009282618761062,-0.0058290748856961,-0.1796959787607193
2026-09-17T08:27:29.106103,1789633649106103300,22.778103271484376,0.0724601298570633,-0.0239079426974058,-0.1967484652996063
2026-09-17T08:27:29.116062,1789633649116062200,22.788062255859376,0.0714561194181442,-0.0440896451473236,-0.2145178765058517
2026-09-17T08:27:29.126021,1789633649126021000,22.798021240234377,-0.0020324783399701,-0.0621384195983409,-0.2232860624790191
2026-09-17T08:27:29.135980,1789633649135980000,22.80797998046875,-0.1162176355719566,-0.050569113343954,-0.2124786972999572
2026-09-17T08:27:29.145939,1789633649145939200,22.817939208984377,-0.1773912459611892,-0.0457474626600742,-0.2288760393857956
2026-09-17T08:27:29.155899,1789633649155899400,22.8278994140625,-0.0691934078931808,-0.0219220239669084,-0.3346719741821289
2026-09-17T08:27:29.165858,1789633649165858300,22.8378583984375,0.2085122466087341,0.0680997371673584,-0.4228588044643402
2026-09-17T08:27:29.175817,1789633649175817200,22.847817138671875,0.3307873010635376,0.1159120053052902,-0.4635290205478668
2026-09-17T08:27:29.185776,1789633649185776000,22.857776123046875,0.2563018798828125,0.0965867787599563,-0.5206354856491089
2026-09-17T08:27:29.195736,1789633649195736000,22.867736083984376,0.195913091301918,0.0561895556747913,-0.5889455676078796
2026-09-17T08:27:29.205695,1789633649205695200,22.8776953125,0.1821232438087463,0.0291078705340623,-0.6184608340263367
2026-09-17T08:27:29.215654,1789633649215654100,22.887654052734376,0.1389675140380859,0.0067556928843259,-0.6552079319953918
2026-09-17T08:27:29.225613,1789633649225613000,22.897613037109377,0.1186806261539459,0.0007984678959473,-0.7267521619796753
2026-09-17T08:27:29.235573,1789633649235573200,22.9075732421875,0.1106288209557533,-0.0313229821622371,-0.8049750328063965
2026-09-17T08:27:29.245532,1789633649245532200,22.9175322265625,0.0413842387497425,-0.0921053737401962,-0.8667407035827637
2026-09-17T08:27:29.255491,1789633649255491300,22.9274912109375,-0.065398134291172,-0.1644682437181472,-0.9389302134513856
2026-09-17T08:27:29.265450,1789633649265450200,22.9374501953125,-0.1436479389667511,-0.2235635221004486,-1.0288562774658203
2026-09-17T08:27:29.275410,1789633649275410200,22.94741015625,-0.1489878296852111,-0.2830265760421753,-1.1325416564941406
2026-09-17T08:27:29.285370,1789633649285370000,22.9573701171875,-0.1314269453287124,-0.3166258335113525,-1.2204896211624146
2026-09-17T08:27:29.295329,1789633649295329000,22.9673291015625,-0.1099951639771461,-0.3338689804077148,-1.3135684728622437
2026-09-17T08:27:29.305288,1789633649305288200,22.9772880859375,-0.0976775139570236,-0.3649083971977234,-1.4204981327056885
2026-09-17T08:27:29.315248,1789633649315248000,22.987248046875,-0.0752369165420532,-0.3795467317104339,-1.5302586555480957
2026-09-17T08:27:29.325207,1789633649325207000,22.99720703125,-0.0346956141293048,-0.375993549823761,-1.638791561126709
2026-09-17T08:27:29.335166,1789633649335166000,23.007166015625,-0.0191510114818811,-0.364226371049881,-1.7668509483337402
2026-09-17T08:27:29.345124,1789633649345124900,23.017124755859378,-0.0088746715337038,-0.3303323090076446,-1.9095863103866575
2026-09-17T08:27:29.355084,1789633649355084800,23.027084716796875,-0.0070352260954678,-0.2923348546028137,-2.0664255619049072
2026-09-17T08:27:29.365044,1789633649365044200,23.037044189453123,-0.0066685094498097,-0.2840225994586944,-2.255455255508423
2026-09-17T08:27:29.375003,1789633649375003100,23.047003173828124,-0.0215268172323703,-0.3259162604808807,-2.4900996685028076
2026-09-17T08:27:29.384962,1789633649384962000,23.056962158203124,-0.0369102992117404,-0.316630095243454,-2.800255298614502
2026-09-17T08:27:29.394922,1789633649394922000,23.066921875,-0.0532197654247283,-0.210900992155075,-3.12398624420166
2026-09-17T08:27:29.404881,1789633649404881000,23.076880859375,-0.0377840846776962,-0.0725380703806877,-3.5010476112365723
2026-09-17T08:27:29.414840,1789633649414840000,23.086840087890625,-0.1246779710054397,0.0802938193082809,-3.9375534057617183
2026-09-17T08:27:29.424799,1789633649424799000,23.096799072265625,-0.2237622141838073,0.1519277989864349,-4.406574726104736
2026-09-17T08:27:29.434759,1789633649434759000,23.10675903320313,-0.1858862042427063,0.1103220283985138,-4.915255069732666
2026-09-17T08:27:29.444718,1789633649444718000,23.11671801757813,-0.062597818672657,0.022389780730009,-5.444882869720459
2026-09-17T08:27:29.454677,1789633649454677000,23.126677001953126,0.1735880821943283,-0.0436678007245063,-5.826592445373535
2026-09-17T08:27:29.464636,1789633649464636200,23.13663623046875,0.461173266172409,-0.0489951856434345,-5.987057209014893
2026-09-17T08:27:29.474596,1789633649474596000,23.14659619140625,0.6962515115737915,-0.0265388805419206,-5.923487186431885
2026-09-17T08:27:29.484555,1789633649484555000,23.156554931640624,0.8172035217285156,0.2295147329568863,-5.703460216522217
2026-09-17T08:27:29.494514,1789633649494514000,23.166513916015624,0.6554577350616455,0.3681053817272186,-5.512393474578857
2026-09-17T08:27:29.504473,1789633649504473000,23.17647314453125,0.5424292087554932,0.5929083824157715,-5.362875938415527
2026-09-17T08:27:29.514433,1789633649514433000,23.18643310546875,0.4175845086574554,0.7835637927055359,-5.314326763153076
2026-09-17T08:27:29.524392,1789633649524392000,23.19639184570313,0.3243347108364105,0.7643163204193115,-5.255263805389404
2026-09-17T08:27:29.534351,1789633649534351000,23.20635107421875,0.2991390824317932,0.780052661895752,-5.395020484924316
2026-09-17T08:27:29.544310,1789633649544310000,23.21631005859375,0.0571900978684425,0.6884492635726929,-4.981196880340576
2026-09-17T08:27:29.554270,1789633649554270000,23.22627001953125,-0.33736652135849,0.8560073971748352,-4.254641532897949
2026-09-17T08:27:29.564229,1789633649564229000,23.23622900390625,-0.6681591272354126,1.077100396156311,-2.718997001647949
2026-09-17T08:27:29.574188,1789633649574188000,23.24618798828125,-0.4128205478191376,1.037089228630066,-0.473490834236145
2026-09-17T08:27:29.584147,1789633649584147000,23.25614697265625,0.2558350265026092,0.8990229964256287,0.9746525287628174
2026-09-17T08:27:29.594107,1789633649594107000,23.26610693359375,0.9124780893325806,0.5085844397544861,1.914193630218506
2026-09-17T08:27:29.604065,1789633649604065800,23.276065673828125,1.4156339168548584,0.3202859163284302,2.596637725830078
2026-09-17T08:27:29.614025,1789633649614025200,23.286025146484373,1.6531050205230713,0.2441805005073547,2.998976469039917
2026-09-17T08:27:29.623984,1789633649623984000,23.295984130859377,1.6401280164718628,0.2087114602327346,3.2452173233032227
2026-09-17T08:27:29.633944,1789633649633944000,23.30594409179687,1.4522813558578491,0.2672842144966125,3.512432098388672
2026-09-17T08:27:29.643903,1789633649643903000,23.315903076171875,1.094364047050476,0.3045754134654999,3.749987363815307
2026-09-17T08:27:29.653862,1789633649653862000,23.32586181640625,0.7123417854309082,0.2812951207160949,3.883972406387329
2026-09-17T08:27:29.663821,1789633649663821000,23.335821044921875,0.443433940410614,0.2808181345462799,3.948001146316528
2026-09-17T08:27:29.673781,1789633649673781000,23.345781005859376,0.2839502692222595,0.2739498615264892,3.9697482585906982
2026-09-17T08:27:29.683740,1789633649683740000,23.355739990234376,0.1409033685922622,0.2245026677846908,4.020127773284912
2026-09-17T08:27:29.693699,1789633649693699000,23.365698974609376,-0.0146135166287422,0.1277830451726913,4.171748638153076
2026-09-17T08:27:29.703658,1789633649703658000,23.375657958984377,-0.1564217805862426,-0.0011706734076142,4.442516803741455
2026-09-17T08:27:29.713618,1789633649713618000,23.385617919921874,-0.1865288168191909,-0.1462213397026062,4.746486663818359
2026-09-17T08:27:29.723577,1789633649723577000,23.3955771484375,-0.0655432790517807,-0.2978129982948303,4.957563877105713
2026-09-17T08:27:29.733536,1789633649733536000,23.40553588867187,0.1143082454800605,-0.4814227521419525,5.027514934539795
2026-09-17T08:27:29.743495,1789633649743495000,23.415494873046875,0.2222727984189987,-0.6230486631393433,5.003812789916992
2026-09-17T08:27:29.753454,1789633649753454800,23.425454833984375,0.198076918721199,-0.721098780632019,4.99416971206665
2026-09-17T08:27:29.763414,1789633649763414000,23.4354140625,0.1018856614828109,-0.771165668964386,5.034137725830078
2026-09-17T08:27:29.773373,1789633649773373000,23.445373046875,-0.0046359845437109,-0.7881747484207153,5.1212358474731445
2026-09-17T08:27:29.783332,1789633649783332000,23.45533203125,-0.0929176434874534,-0.7772858738899231,5.196934700012207
2026-09-17T08:27:29.793292,1789633649793292000,23.4652919921875,-0.1809425801038742,-0.7798563838005066,5.213008403778076
2026-09-17T08:27:29.803251,1789633649803251000,23.4752509765625,-0.2741710543632507,-0.8094877600669861,5.18941068649292
2026-09-17T08:27:29.813210,1789633649813210000,23.48521020507813,-0.3642133176326751,-0.81241774559021,5.158106803894043
2026-09-17T08:27:29.823169,1789633649823169000,23.4951689453125,-0.4843229651451111,-0.7831826210021973,5.126559257507324
2026-09-17T08:27:29.833129,1789633649833129000,23.50512890625,-0.6660299301147461,-0.7205365896224976,5.083115100860596
2026-09-17T08:27:29.843088,1789633649843088000,23.515087890625,-0.8800098896026611,-0.6287259459495544,5.016178607940674
2026-09-17T08:27:29.853046,1789633649853046800,23.525046875,-1.0763362646102903,-0.5044791102409363,4.935366153717041
2026-09-17T08:27:29.863006,1789633649863006200,23.535006103515624,-1.2492506504058838,-0.3758803904056549,4.829865455627441
2026-09-17T08:27:29.872966,1789633649872966100,23.544966064453124,-1.4205780029296875,-0.2341842353343963,4.690816402435303
2026-09-17T08:27:29.882925,1789633649882925000,23.554925048828125,-1.6524463891983032,-0.0488820187747478,4.509916305541992
2026-09-17T08:27:29.892884,1789633649892884000,23.564884033203125,-1.9706469774246216,0.2191105484962463,4.330229759216309
2026-09-17T08:27:29.902843,1789633649902843000,23.5748427734375,-2.3618099689483643,0.5429701209068298,4.151486396789551
2026-09-17T08:27:29.912802,1789633649912802800,23.584802734375,-2.836480617523194,0.9312931299209596,3.9964075088500977
2026-09-17T08:27:29.922762,1789633649922762000,23.594761962890622,-3.273362636566162,1.148629903793335,3.802156686782837
2026-09-17T08:27:29.932721,1789633649932721000,23.604720947265623,-3.4847114086151123,1.229391098022461,3.5761570930480957
2026-09-17T08:27:29.942680,1789633649942680000,23.61468017578125,-3.3946762084960938,1.1469433307647705,3.343531847000122
2026-09-17T08:27:29.952640,1789633649952640000,23.624639892578124,-2.9179928302764893,0.8825213313102722,3.0017342567443848
2026-09-17T08:27:29.962599,1789633649962599000,23.634598876953124,-2.0160648822784424,0.4346042275428772,2.517524242401123
2026-09-17T08:27:29.972558,1789633649972558000,23.64455810546875,-1.2642592191696167,0.1723004281520843,2.041804552078247
2026-09-17T08:27:29.982517,1789633649982517000,23.65451708984375,-1.0096668004989624,0.1762586832046508,1.6198300123214722
2026-09-17T08:27:29.992477,1789633649992477000,23.664476806640625,-1.0195032358169556,0.2793131470680237,1.0285009145736694
2026-09-17T08:27:30.002435,1789633650002435800,23.674435791015625,-1.0738117694854736,0.2966988086700439,0.2413816601037979
2026-09-17T08:27:30.012395,1789633650012395000,23.68439501953125,-0.8993392586708069,0.1971450746059417,-0.6146195530891418
2026-09-17T08:27:30.022354,1789633650022354200,23.69435424804687,0.0610716715455055,-0.8822756409645081,-2.6300485134124756
2026-09-17T08:27:30.032314,1789633650032314000,23.704314208984375,1.861717939376831,-1.6331853866577148,-2.1269755363464355
2026-09-17T08:27:30.042273,1789633650042273000,23.71427294921875,1.5386229753494265,-0.6953752636909485,-1.7207297086715698
2026-09-17T08:27:30.052232,1789633650052232000,23.72423193359375,3.3391408920288086,-1.160146951675415,-3.2306888103485107
2026-09-17T08:27:30.062191,1789633650062191000,23.734191162109376,4.234041213989258,-0.5344774723052979,-6.165716171264648
2026-09-17T08:27:30.072151,1789633650072151000,23.744151123046876,2.8262743949890137,-0.4007465839385986,-7.049638748168945
2026-09-17T08:27:30.082110,1789633650082110000,23.75410986328125,-0.1682153195142746,-1.0911204814910889,-6.147094249725342
2026-09-17T08:27:30.092068,1789633650092068900,23.76406884765625,-3.263695240020752,-2.982419013977051,-4.284914493560791
2026-09-17T08:27:30.102027,1789633650102027800,23.77402783203125,-2.453155040740967,-2.048830032348633,-1.6697171926498413
2026-09-17T08:27:30.111988,1789633650111988000,23.783988037109378,1.4024630784988403,-0.0746733993291854,0.0102136908099055
2026-09-17T08:27:30.121947,1789633650121947100,23.793947021484374,2.6744496822357178,0.0903613567352294,-0.0249075461179018
2026-09-17T08:27:30.131906,1789633650131906000,23.803906005859375,1.4807453155517578,-0.1902380883693695,-0.2524168491363525
2026-09-17T08:27:30.141865,1789633650141865000,23.813864990234375,-0.2282118052244186,-0.3692187666893005,-0.40689617395401
2026-09-17T08:27:30.151825,1789633650151825000,23.823824951171876,-0.8855656981468201,-0.4245637655258178,-0.3432932198047638
2026-09-17T08:27:30.161783,1789633650161783800,23.83378369140625,-0.1881472170352935,-0.1904306411743164,-0.2373716086149215
2026-09-17T08:27:30.171743,1789633650171743000,23.843742919921876,0.6310691237449646,0.0013039195910096,-0.226653978228569
2026-09-17T08:27:30.181702,1789633650181702000,23.853701904296877,0.6211310029029846,-0.0181901529431343,-0.2284731864929199
2026-09-17T08:27:30.191662,1789633650191662000,23.863662109375,0.2357609122991562,-0.0885146483778953,-0.2298796027898788
2026-09-17T08:27:30.201621,1789633650201621000,23.87362109375,0.0020003612153232,-0.108861468732357,-0.1425122171640396
2026-09-17T08:27:30.211580,1789633650211580200,23.883580078125,0.0483683943748474,-0.0686386823654174,-0.0957758575677871
2026-09-17T08:27:30.221539,1789633650221539000,23.8935390625,0.1313951015472412,-0.0588600859045982,-0.1185549348592758
2026-09-17T08:27:30.231499,1789633650231499000,23.9034990234375,0.0947188436985015,-0.0887697786092758,-0.1465935111045837
2026-09-17T08:27:30.241458,1789633650241458000,23.9134580078125,0.0174304507672786,-0.0965440794825553,-0.1456683278083801
2026-09-17T08:27:30.251416,1789633650251416800,23.923416748046876,-0.0328428409993648,-0.0829153507947921,-0.1266107410192489
2026-09-17T08:27:30.261376,1789633650261376000,23.9333759765625,-0.0106872040778398,-0.051446110010147,-0.114092543721199
2026-09-17T08:27:30.271336,1789633650271336200,23.943336181640625,0.0631425455212593,-0.0106792403385043,-0.095281571149826
2026-09-17T08:27:30.281294,1789633650281294800,23.953294921875,0.1025988683104515,0.0102907568216323,-0.0757158622145652
2026-09-17T08:27:30.291253,1789633650291253800,23.963253662109373,0.055936299264431,-0.0154598802328109,-0.0894684270024299
2026-09-17T08:27:30.301212,1789633650301212700,23.973212646484377,-0.0026002493686974,-0.0452787615358829,-0.1158411800861358
2026-09-17T08:27:30.311172,1789633650311172900,23.9831728515625,0.0340059660375118,-0.0521446578204631,-0.1223938837647438
2026-09-17T08:27:30.321132,1789633650321132000,23.993132080078126,0.1291423290967941,-0.0351606160402298,-0.1165202856063842
2026-09-17T08:27:30.331091,1789633650331091000,24.003091064453123,0.1880107074975967,-0.0170431304723024,-0.1176377460360527
2026-09-17T08:27:30.341049,1789633650341049900,24.0130498046875,0.1895910203456878,0.0020075268112123,-0.1143809631466865
2026-09-17T08:27:30.351009,1789633650351009800,24.023009765625,0.1657027453184127,0.012970695272088,-0.106160320341587
2026-09-17T08:27:30.360968,1789633650360968700,24.03296875,0.1635674089193344,0.0064150583930313,-0.1210471242666244
2026-09-17T08:27:30.370927,1789633650370927900,24.042927978515625,0.1868876516819,0.005622767843306,-0.1454864293336868
2026-09-17T08:27:30.380886,1789633650380886800,24.05288671875,0.2247013449668884,0.0151768578216433,-0.166297435760498
2026-09-17T08:27:30.390847,1789633650390847000,24.06284692382813,0.271574318408966,0.0206150338053703,-0.1776084154844284
2026-09-17T08:27:30.400806,1789633650400806000,24.07280590820313,0.3322192728519439,0.0172181725502014,-0.1932334452867508
2026-09-17T08:27:30.410765,1789633650410765000,24.08276513671875,0.40020552277565,0.0098015340045094,-0.2354365587234497
2026-09-17T08:27:30.420724,1789633650420724000,24.092723876953126,0.4395212233066559,0.0060731084086,-0.2614130079746246
2026-09-17T08:27:30.430684,1789633650430684000,24.102683837890623,0.4391891360282898,0.0029383015353232,-0.2574694156646728
2026-09-17T08:27:30.440642,1789633650440642800,24.112642822265624,0.4445732533931732,-0.0035512894392013,-0.2724331617355346
2026-09-17T08:27:30.450601,1789633650450601700,24.122601806640624,0.4736360609531402,-0.0099830897524952,-0.2710499167442322
2026-09-17T08:27:30.460561,1789633650460561000,24.132560791015624,0.4850527644157409,-0.0146481487900018,-0.2487952411174774
2026-09-17T08:27:30.470521,1789633650470521000,24.14252099609375,0.4625788927078247,-0.029257982969284,-0.2659166753292084
2026-09-17T08:27:30.480480,1789633650480480000,24.15247998046875,0.4413260519504547,-0.0352849848568439,-0.2807299792766571
2026-09-17T08:27:30.490439,1789633650490439000,24.16243896484375,0.4557143151760101,-0.0227745193988084,-0.285925030708313
2026-09-17T08:27:30.500397,1789633650500397800,24.17239770507813,0.5287944078445435,0.0015904756728559,-0.3028651177883148
2026-09-17T08:27:30.510357,1789633650510357800,24.182357666015623,0.6039538979530334,0.0119171487167477,-0.3219035267829895
2026-09-17T08:27:30.520317,1789633650520317000,24.19231689453125,0.6044101119041443,0.006727713625878,-0.3240481615066528
2026-09-17T08:27:30.530275,1789633650530275800,24.20227587890625,0.5417008996009827,-0.0007286048494279,-0.3255067765712738
2026-09-17T08:27:30.540234,1789633650540234800,24.21223486328125,0.4883907735347748,-0.0033454271033406,-0.3310727775096893
2026-09-17T08:27:30.550195,1789633650550195000,24.22219482421875,0.4662005305290222,-0.0016298186965286,-0.3337554037570953
2026-09-17T08:27:30.560153,1789633650560153900,24.23215380859375,0.4829917550086975,0.0038357868324965,-0.3458157777786255
2026-09-17T08:27:30.570113,1789633650570113000,24.242113037109377,0.4860551953315735,-0.0033845752477645,-0.3490158319473266
2026-09-17T08:27:30.580072,1789633650580072000,24.252072021484373,0.4526831209659576,0.0058893505483865,-0.3673229217529297
2026-09-17T08:27:30.590032,1789633650590032000,24.26203198242187,0.4153961837291717,0.0047750836238265,-0.4146718084812164
2026-09-17T08:27:30.599990,1789633650599990800,24.27199072265625,0.3662459552288055,0.020630745217204,-0.4467735588550567
2026-09-17T08:27:30.609950,1789633650609950000,24.281949951171875,0.3580649793148041,0.0423195287585258,-0.5194402933120728
2026-09-17T08:27:30.619908,1789633650619908900,24.291908935546875,0.3604682385921478,0.0799681022763252,-0.58636075258255
2026-09-17T08:27:30.629869,1789633650629869000,24.301869140625,0.3508709967136383,0.0855490267276763,-0.6432085633277893
2026-09-17T08:27:30.639828,1789633650639828000,24.311827880859376,0.2610590755939483,0.0741917118430137,-0.7424350380897522
2026-09-17T08:27:30.649787,1789633650649787000,24.321786865234376,0.1670766621828079,0.0186360385268926,-0.8490949273109436
2026-09-17T08:27:30.659746,1789633650659746000,24.33174609375,0.0993021428585052,-0.0375508032739162,-0.9532668590545654
2026-09-17T08:27:30.669706,1789633650669706000,24.3417060546875,0.0694225430488586,-0.087741270661354,-1.0547863245010376
2026-09-17T08:27:30.679665,1789633650679665000,24.351664794921874,0.0587842836976051,-0.1190824136137962,-1.164210081100464
2026-09-17T08:27:30.689623,1789633650689623800,24.36162377929687,0.1145985424518585,-0.1492645442485809,-1.3114335536956787
2026-09-17T08:27:30.699582,1789633650699582700,24.37158276367187,0.1866900473833084,-0.19072225689888,-1.5080957412719729
2026-09-17T08:27:30.709543,1789633650709543000,24.38154296875,0.2318103909492492,-0.2506186068058014,-1.749045491218567
2026-09-17T08:27:30.719502,1789633650719502000,24.391502197265623,0.2829465270042419,-0.2640425264835357,-2.031304836273194
2026-09-17T08:27:30.729461,1789633650729461000,24.4014609375,0.3735696375370025,-0.2221518158912658,-2.310817241668701
2026-09-17T08:27:30.739420,1789633650739420000,24.411419921875,0.4324691891670227,-0.2458470165729522,-2.6568944454193115
2026-09-17T08:27:30.749379,1789633650749379800,24.4213798828125,0.4220272004604339,-0.2507038414478302,-3.0070695877075195
2026-09-17T08:27:30.759338,1789633650759338800,24.4313388671875,0.3705315291881561,-0.1562553346157074,-3.38245153427124
2026-09-17T08:27:30.769298,1789633650769298000,24.4412978515625,0.3118367791175842,-0.0111434292048215,-3.808284282684326
2026-09-17T08:27:30.779256,1789633650779256800,24.4512568359375,0.2546890676021576,0.0712028443813324,-4.25459098815918
2026-09-17T08:27:30.789217,1789633650789217000,24.461217041015622,0.2023598253726959,0.1435108482837677,-4.731179237365723
2026-09-17T08:27:30.799176,1789633650799176000,24.471176025390623,0.0862848758697509,0.3307558596134186,-5.176120758056641
2026-09-17T08:27:30.809134,1789633650809134800,24.481134765625,-0.1230896413326263,0.4366982579231262,-5.631350994110107
2026-09-17T08:27:30.819094,1789633650819094000,24.491093994140623,-0.1542060226202011,0.4471596777439117,-5.934099197387695
2026-09-17T08:27:30.829054,1789633650829054000,24.501053955078124,0.0789542645215988,0.5599802732467651,-6.010820388793945
2026-09-17T08:27:30.839012,1789633650839012900,24.511012939453124,0.1918254196643829,0.8406401872634888,-5.677055835723877
2026-09-17T08:27:30.848971,1789633650848971800,24.5209716796875,0.0859498530626297,1.1237927675247192,-5.580291271209717
2026-09-17T08:27:30.858931,1789633650858931000,24.530930908203125,-0.1070803254842758,1.0694538354873655,-5.490363121032715
2026-09-17T08:27:30.868891,1789633650868891000,24.540890869140625,0.0004320256412029,1.1293646097183228,-5.443706512451172
2026-09-17T08:27:30.878850,1789633650878850000,24.55085009765625,0.0665480196475982,1.2330505847930908,-5.363235950469971
2026-09-17T08:27:30.888809,1789633650888809000,24.56080908203125,0.0736216381192207,1.4309251308441162,-5.521457195281982
2026-09-17T08:27:30.898768,1789633650898768000,24.570767822265623,0.0629668682813644,1.6301146745681765,-5.762345314025879
2026-09-17T08:27:30.908727,1789633650908727800,24.580727783203123,-0.346657931804657,1.437543869018555,-5.5909423828125
2026-09-17T08:27:30.918687,1789633650918687000,24.59068701171875,-1.184994101524353,1.3515748977661133,-5.35767936706543
2026-09-17T08:27:30.928646,1789633650928646000,24.60064599609375,-1.9386918544769287,1.0165009498596191,-4.577024936676025
2026-09-17T08:27:30.938604,1789633650938604800,24.610604736328124,-1.9640926122665403,0.9758678078651428,-3.2093327045440674
2026-09-17T08:27:30.948564,1789633650948564700,24.620564697265625,-1.13917338848114,1.0001931190490725,-1.801429033279419
2026-09-17T08:27:30.958524,1789633650958524000,24.63052392578125,-0.5860033631324768,0.501099705696106,-0.575408935546875
2026-09-17T08:27:30.968483,1789633650968483000,24.640483154296874,-0.2165782302618026,0.0151729192584753,0.5976229906082153
2026-09-17T08:27:30.978442,1789633650978442000,24.65044189453125,0.3282200992107391,-0.3514847159385681,1.5520042181015017
2026-09-17T08:27:30.988402,1789633650988402000,24.66040185546875,0.7372366786003113,-0.6680194735527039,2.290395021438598
2026-09-17T08:27:30.998360,1789633650998360800,24.67036083984375,0.8808284401893616,-0.8763790726661682,2.908416271209717
2026-09-17T08:27:31.008319,1789633651008319700,24.68031982421875,0.8658835887908936,-0.951101005077362,3.409668445587158
2026-09-17T08:27:31.018279,1789633651018279000,24.69027880859375,0.7409871816635132,-0.9420105814933776,3.7564914226531982
2026-09-17T08:27:31.028238,1789633651028238800,24.70023876953125,0.5126517415046692,-0.8787162899971008,3.987574338912964
2026-09-17T08:27:31.038198,1789633651038198000,24.710197998046876,0.1961752474308014,-0.7589086294174194,4.200026988983154
2026-09-17T08:27:31.048157,1789633651048157000,24.720156982421877,-0.1747042834758758,-0.7088116407394409,4.467089653015137
2026-09-17T08:27:31.058115,1789633651058115800,24.73011572265625,-0.4345182776451111,-0.6598424911499023,4.767782211303711
2026-09-17T08:27:31.068075,1789633651068075800,24.74007568359375,-0.4892771244049072,-0.5661258697509766,5.023558139801025
2026-09-17T08:27:31.078035,1789633651078035000,24.750034912109378,-0.3884812891483307,-0.4964933097362518,5.15293025970459
2026-09-17T08:27:31.087993,1789633651087993900,24.759993896484374,-0.3262586593627929,-0.4781135022640228,5.158628463745117
2026-09-17T08:27:31.097953,1789633651097953800,24.769953857421875,-0.2953878343105316,-0.4812009036540985,5.049715518951416
2026-09-17T08:27:31.107912,1789633651107912700,24.77991259765625,-0.2764104008674621,-0.4858467876911163,4.857503414154053
2026-09-17T08:27:31.117871,1789633651117871900,24.789871826171876,-0.3425199091434479,-0.4900809228420257,4.658526420593262
2026-09-17T08:27:31.127831,1789633651127831000,24.7998310546875,-0.4920617341995239,-0.5653591752052307,4.56349515914917
2026-09-17T08:27:31.137791,1789633651137791000,24.809791015625,-0.5926138758659363,-0.6425144076347351,4.600834369659424
2026-09-17T08:27:31.147750,1789633651147750000,24.81975,-0.6035299301147461,-0.7323561310768127,4.729641437530518
2026-09-17T08:27:31.157708,1789633651157708800,24.829708740234373,-0.5442754030227661,-0.828496515750885,4.904469966888428
2026-09-17T08:27:31.167668,1789633651167668000,24.83966796875,-0.47136390209198,-0.9029023051261902,5.102736473083496
2026-09-17T08:27:31.177628,1789633651177628000,24.8496279296875,-0.4603658616542816,-0.9132025837898254,5.2708048820495605
2026-09-17T08:27:31.187586,1789633651187586800,24.8595869140625,-0.526280403137207,-0.867656946182251,5.3652849197387695
2026-09-17T08:27:31.197545,1789633651197545700,24.869545654296875,-0.6645197868347168,-0.764472246170044,5.360092639923096
2026-09-17T08:27:31.207505,1789633651207505000,24.8795048828125,-0.8487729430198669,-0.6080251336097717,5.276142597198486
2026-09-17T08:27:31.217464,1789633651217464800,24.88946484375,-1.031365990638733,-0.4316692948341369,5.163995742797852
2026-09-17T08:27:31.227424,1789633651227424000,24.899424072265624,-1.162053108215332,-0.2518305480480194,5.056905269622803
2026-09-17T08:27:31.237383,1789633651237383000,24.9093828125,-1.2375463247299194,-0.0705635622143745,4.95456075668335
2026-09-17T08:27:31.247341,1789633651247341800,24.919341796875,-1.2890180349349976,0.1049813628196716,4.88812255859375
2026-09-17T08:27:31.257301,1789633651257301800,24.9293017578125,-1.3727937936782837,0.2930298447608948,4.847247123718262
2026-09-17T08:27:31.267260,1789633651267260700,24.9392607421875,-1.477450251579285,0.5298988819122314,4.843555927276611
2026-09-17T08:27:31.277219,1789633651277219800,24.9492197265625,-1.6168445348739624,0.7837830781936646,4.87015438079834
2026-09-17T08:27:31.287178,1789633651287178500,24.959178466796875,-1.752759337425232,1.0386252403259275,4.852824687957764
2026-09-17T08:27:31.297138,1789633651297138700,24.969138671875,-1.903287053108215,1.2652796506881714,4.666216850280762
2026-09-17T08:27:31.307097,1789633651307097600,24.97909765625,-2.041978359222412,1.4136276245117188,4.273660659790039
2026-09-17T08:27:31.317056,1789633651317056800,24.989056884765624,-2.1087775230407715,1.4540293216705322,3.625407934188843
2026-09-17T08:27:31.327015,1789633651327015700,24.999015625,-2.031442880630493,1.3210923671722412,2.817178249359131
2026-09-17T08:27:31.336975,1789633651336975600,25.0089755859375,-1.6442759037017822,1.053105354309082,2.033169984817505
2026-09-17T08:27:31.346934,1789633651346934500,25.0189345703125,-1.0084809064865112,0.7514930367469788,1.3580033779144287
2026-09-17T08:27:31.356893,1789633651356893400,25.0288935546875,-0.4284484088420868,0.415405809879303,0.7590484023094177
2026-09-17T08:27:31.366852,1789633651366852600,25.0388525390625,0.0703930854797363,0.0334983952343463,0.1051458939909935
2026-09-17T08:27:31.376812,1789633651376812800,25.048812744140623,0.5760893225669861,-0.4060989618301391,-0.6044317483901978
2026-09-17T08:27:31.386771,1789633651386771700,25.058771728515627,0.6318953037261963,-0.2899004518985748,-1.0882149934768677
2026-09-17T08:27:31.396730,1789633651396730600,25.068730712890623,-0.4292987585067749,-0.595831573009491,-1.691071629524231
2026-09-17T08:27:31.406689,1789633651406689500,25.078689453125,0.6486226320266724,-0.8819743990898132,-0.5504297614097595
2026-09-17T08:27:31.416649,1789633651416649500,25.0886494140625,2.424643278121948,-0.0882179215550422,-3.8701603412628174
2026-09-17T08:27:31.426608,1789633651426608600,25.098608642578125,3.321136474609375,-0.8275793194770813,-7.50081205368042
2026-09-17T08:27:31.436567,1789633651436567600,25.108567626953125,2.4335968494415283,-0.2829501330852508,-7.321039199829102
2026-09-17T08:27:31.446526,1789633651446526500,25.1185263671875,-0.0167327541857957,-0.5903704762458801,-5.631110191345215
2026-09-17T08:27:31.456486,1789633651456486700,25.128486572265626,-2.6996755599975586,-2.2131447792053223,-4.249752521514893
2026-09-17T08:27:31.466445,1789633651466445600,25.138445556640622,-2.844762802124023,-2.3976497650146484,-2.694530963897705
2026-09-17T08:27:31.476404,1789633651476404700,25.14840478515625,0.6900638341903687,-0.6424036026000977,-0.7399347424507141
2026-09-17T08:27:31.486363,1789633651486363600,25.15836376953125,2.8430352210998535,0.0954893231391906,0.016564629971981
2026-09-17T08:27:31.496323,1789633651496323600,25.168323486328124,2.0838077068328857,-0.1247493028640747,-0.0069159278646111
2026-09-17T08:27:31.506282,1789633651506282500,25.178282470703124,0.3835688531398773,-0.2436226904392242,-0.3505254983901977
2026-09-17T08:27:31.516241,1789633651516241700,25.18824169921875,-0.971907675266266,-0.5378289818763733,-0.4945031702518463
2026-09-17T08:27:31.526201,1789633651526201600,25.19820166015625,-1.0048298835754397,-0.4491955637931824,-0.2871193587779999
2026-09-17T08:27:31.536160,1789633651536160800,25.208160888671873,-0.1436632722616195,-0.2115592956542968,-0.2144006788730621
2026-09-17T08:27:31.546119,1789633651546119700,25.21811962890625,0.4404728710651397,-0.1238544732332229,-0.2692668437957763
2026-09-17T08:27:31.556078,1789633651556078600,25.22807861328125,0.4442809224128723,-0.1894934028387069,-0.3269290924072265
2026-09-17T08:27:31.566038,1789633651566038500,25.23803857421875,0.318406343460083,-0.1877892464399337,-0.3463627099990845
2026-09-17T08:27:31.575997,1789633651575997700,25.247997802734375,0.2943316400051117,-0.1491774171590805,-0.316884696483612
2026-09-17T08:27:31.585956,1789633651585956600,25.25795654296875,0.281530350446701,-0.104552149772644,-0.2693030834197998
2026-09-17T08:27:31.595915,1789633651595915500,25.26791552734375,0.1703023761510849,-0.081063874065876,-0.2285889387130737
2026-09-17T08:27:31.605875,1789633651605875700,25.277875732421876,0.0569318793714046,-0.0585716068744659,-0.2061818987131118
2026-09-17T08:27:31.615834,1789633651615834600,25.287834716796876,0.0333301462233066,-0.0271449759602546,-0.182147666811943
2026-09-17T08:27:31.625793,1789633651625793800,25.297793701171877,0.0486768782138824,-0.0204082448035478,-0.165807843208313
2026-09-17T08:27:31.635752,1789633651635752700,25.307752685546873,0.0140627082437276,-0.0300933606922626,-0.1612780690193176
2026-09-17T08:27:31.645712,1789633651645712600,25.317712646484377,-0.0532737225294113,-0.051617294549942,-0.1811934560537338
2026-09-17T08:27:31.655671,1789633651655671600,25.327671630859378,-0.0565566010773181,-0.0430578961968421,-0.1864515990018844
2026-09-17T08:27:31.665630,1789633651665630500,25.33763037109375,0.0189623925834894,-0.0274951811879873,-0.1881642788648605
2026-09-17T08:27:31.675589,1789633651675589600,25.347589599609375,0.1101183965802192,-0.014490433037281,-0.1929963231086731
2026-09-17T08:27:31.685549,1789633651685549800,25.3575498046875,0.1783120930194854,-0.0020888922736048,-0.2011091113090515
2026-09-17T08:27:31.695508,1789633651695508700,25.3675087890625,0.2168568223714828,-0.0103353708982467,-0.2470347881317138
2026-09-17T08:27:31.705467,1789633651705467600,25.377467529296876,0.235690176486969,-0.0199397932738065,-0.2675515115261078
2026-09-17T08:27:31.715426,1789633651715426600,25.387426513671876,0.269689679145813,-0.0134249031543731,-0.2736983597278595
2026-09-17T08:27:31.725386,1789633651725386500,25.397386474609377,0.2938112616539001,0.0017489892197772,-0.2679272890090942
2026-09-17T08:27:31.735345,1789633651735345700,25.407345703125,0.3082421422004699,0.0169122293591499,-0.2640449404716491
2026-09-17T08:27:31.745304,1789633651745304600,25.4173046875,0.3143551647663116,0.0152296442538499,-0.2618257105350494
2026-09-17T08:27:31.755263,1789633651755263500,25.427263427734378,0.3144574165344238,0.0213642362505197,-0.2460949569940567
2026-09-17T08:27:31.765223,1789633651765223700,25.4372236328125,0.260795533657074,0.0157225951552391,-0.2110434919595718
2026-09-17T08:27:31.775182,1789633651775182800,25.447182861328123,0.2152213752269745,-0.0048900051042437,-0.2174862176179886
2026-09-17T08:27:31.785141,1789633651785141800,25.457141845703124,0.2315012812614441,-0.0192156806588172,-0.2403662353754043
2026-09-17T08:27:31.795101,1789633651795101700,25.467101806640624,0.2814169228076935,-0.0228466335684061,-0.2604826986789703
2026-09-17T08:27:31.805060,1789633651805060600,25.477060546875,0.3109473884105682,-0.026557482779026,-0.278559148311615
2026-09-17T08:27:31.815019,1789633651815019500,25.48701953125,0.3161240220069885,-0.0117830652743577,-0.3021520972251892
2026-09-17T08:27:31.824978,1789633651824978700,25.496978759765625,0.3197299540042877,0.0037367725744843,-0.3416036367416382
2026-09-17T08:27:31.834937,1789633651834937600,25.5069375,0.3203901350498199,0.0181018635630607,-0.3445022106170654
2026-09-17T08:27:31.844897,1789633651844897800,25.51689770507813,0.3345890641212463,0.0405515134334564,-0.3355734348297119
2026-09-17T08:27:31.854856,1789633651854856700,25.52685668945313,0.3428163528442383,0.0657428801059722,-0.3334849774837494
2026-09-17T08:27:31.864815,1789633651864815600,25.536815673828126,0.3406570553779602,0.0780016779899597,-0.338741272687912
2026-09-17T08:27:31.874774,1789633651874774800,25.54677490234375,0.3235699534416199,0.0753241404891014,-0.3362078070640564
2026-09-17T08:27:31.884734,1789633651884734700,25.556734619140624,0.3044686913490295,0.0814960151910781,-0.3291320502758026
2026-09-17T08:27:31.894693,1789633651894693600,25.566693603515624,0.3104703426361084,0.0762856379151344,-0.3454736173152923
2026-09-17T08:27:31.904652,1789633651904652500,25.576652587890624,0.3140717148780823,0.0748533904552459,-0.3607244789600372
2026-09-17T08:27:31.914612,1789633651914612500,25.586612548828125,0.3477173149585724,0.0643120631575584,-0.3935982584953308
2026-09-17T08:27:31.924571,1789633651924571400,25.5965712890625,0.4154468178749084,0.0691973641514778,-0.4241500496864319
2026-09-17T08:27:31.934530,1789633651934530800,25.60653076171875,0.4337677657604217,0.0651826485991478,-0.4431738257408142
2026-09-17T08:27:31.944489,1789633651944489700,25.61648974609375,0.3435646295547485,0.0596312917768955,-0.4510144293308258
2026-09-17T08:27:31.954449,1789633651954449700,25.62644970703125,0.2478748559951782,0.0473511889576911,-0.4886344969272613
2026-09-17T08:27:31.964408,1789633651964408600,25.63640869140625,0.1996556669473648,0.0332958251237869,-0.5461398959159851
2026-09-17T08:27:31.974367,1789633651974367700,25.64636767578125,0.1452179849147796,0.0257287193089723,-0.602486789226532
2026-09-17T08:27:31.984326,1789633651984326700,25.65632666015625,0.1062873750925064,0.0126909483224153,-0.6571942567825317
2026-09-17T08:27:31.994286,1789633651994286600,25.66628662109375,0.1203605830669403,-0.0094553660601377,-0.7182008624076843
2026-09-17T08:27:32.004245,1789633652004245500,25.67624560546875,0.1111985072493553,-0.0285675413906574,-0.7669713497161865
2026-09-17T08:27:32.014204,1789633652014204700,25.68620458984375,0.1043949350714683,-0.0485913157463073,-0.8255979418754578
2026-09-17T08:27:32.024163,1789633652024163800,25.696163818359373,0.1700836569070816,-0.061848796904087,-0.925420105457306
2026-09-17T08:27:32.034123,1789633652034123800,25.70612377929687,0.2214672267436981,-0.0562020987272262,-1.0208836793899536
2026-09-17T08:27:32.044082,1789633652044082700,25.71608276367187,0.2480338513851165,-0.048374269157648,-1.1108237504959106
2026-09-17T08:27:32.054041,1789633652054041600,25.72604150390625,0.2887977957725525,-0.0608759447932243,-1.219525933265686
2026-09-17T08:27:32.064000,1789633652064000500,25.73600048828125,0.3016366362571716,-0.0719320625066757,-1.3152780532836914
2026-09-17T08:27:32.073960,1789633652073960400,25.74596044921875,0.267092227935791,-0.0632794499397277,-1.4361376762390137
2026-09-17T08:27:32.083919,1789633652083919600,25.755919677734376,0.2705772519111633,-0.0635044872760772,-1.6021498441696167
2026-09-17T08:27:32.093878,1789633652093878800,25.765878662109376,0.3217749297618866,-0.1360521912574768,-1.8599629402160645
2026-09-17T08:27:32.103837,1789633652103837700,25.775837646484376,0.2634910941123962,-0.1550562381744384,-2.144380569458008
2026-09-17T08:27:32.113797,1789633652113797600,25.785797607421873,0.2500626444816589,-0.0909273251891136,-2.407182455062866
2026-09-17T08:27:32.123756,1789633652123756500,25.795756591796874,0.3024227917194366,-0.0776290968060493,-2.7364656925201416
2026-09-17T08:27:32.133715,1789633652133715700,25.8057158203125,0.2650533020496368,-0.1458475589752197,-3.0987353324890137
2026-09-17T08:27:32.143674,1789633652143674600,25.81567456054687,0.1723808944225311,-0.0718444436788559,-3.4811904430389404
2026-09-17T08:27:32.153634,1789633652153634600,25.825634521484375,0.0414053127169609,0.0844887048006057,-3.8754782676696777
2026-09-17T08:27:32.163593,1789633652163593500,25.835593505859375,-0.0623591654002666,0.1385484635829925,-4.35940408706665
2026-09-17T08:27:32.173552,1789633652173552600,25.845552734375,-0.1025939360260963,0.1152580678462982,-4.882277965545654
2026-09-17T08:27:32.183511,1789633652183511800,25.85551171875,-0.2003143727779388,0.0737532377243042,-5.431352138519287
2026-09-17T08:27:32.193471,1789633652193471700,25.8654716796875,-0.1823500245809555,0.0235707610845565,-5.897775173187256
2026-09-17T08:27:32.203430,1789633652203430700,25.8754306640625,0.2121733278036117,0.032125100493431,-6.120072364807129
2026-09-17T08:27:32.213389,1789633652213389600,25.8853896484375,0.4513997435569763,0.1852304935455322,-6.029013156890869
2026-09-17T08:27:32.223349,1789633652223349500,25.895349609375,0.6038439273834229,0.4421509504318237,-5.769006252288818
2026-09-17T08:27:32.233308,1789633652233308700,25.90530859375,0.3133915364742279,0.419145256280899,-5.740934371948242
2026-09-17T08:27:32.243267,1789633652243267600,25.915267578125,0.3412966728210449,0.6299256682395935,-5.749361515045166
2026-09-17T08:27:32.253226,1789633652253226500,25.9252265625,0.5849546194076538,0.6254749894142151,-5.667499542236328
2026-09-17T08:27:32.263186,1789633652263186700,25.935186767578124,0.6458731293678284,0.851786732673645,-5.516621112823486
2026-09-17T08:27:32.273145,1789633652273145600,25.9451455078125,0.5616035461425781,1.0271683931350708,-5.5292181968688965
2026-09-17T08:27:32.283104,1789633652283104300,25.955104248046876,0.2925461828708648,1.098525881767273,-5.319514274597168
2026-09-17T08:27:32.293063,1789633652293063200,25.965063232421876,-0.0934350565075874,1.23241925239563,-4.662295341491699
2026-09-17T08:27:32.303023,1789633652303023000,25.975023193359377,-0.5960390567779541,1.3897398710250854,-3.386288642883301
2026-09-17T08:27:32.312982,1789633652312982000,25.98498193359375,-0.7501801252365112,1.453326940536499,-1.696354627609253
2026-09-17T08:27:32.322941,1789633652322941200,25.994941162109377,-0.4365402162075043,1.418159008026123,-0.3955154716968536
2026-09-17T08:27:32.332900,1789633652332900400,26.004900390625,0.0124596804380416,1.1187925338745115,0.7397288084030151
2026-09-17T08:27:32.342860,1789633652342860300,26.0148603515625,0.345500499010086,0.8205478191375732,1.8111600875854492
2026-09-17T08:27:32.352819,1789633652352819200,26.024819091796875,0.5994174480438232,0.5469666123390198,2.5999107360839844
2026-09-17T08:27:32.362778,1789633652362778000,26.034778076171875,0.7523231506347656,0.3344287574291229,3.1203017234802246
2026-09-17T08:27:32.372737,1789633652372737300,26.0447373046875,0.7933355569839478,0.2010001242160797,3.422654390335083
2026-09-17T08:27:32.382697,1789633652382697200,26.054697265625,0.702318549156189,0.1227990761399269,3.5497257709503174
2026-09-17T08:27:32.392656,1789633652392656100,26.06465625,0.5152410864830017,0.0927245318889617,3.5813639163970947
2026-09-17T08:27:32.402615,1789633652402615000,26.074614990234377,0.2423035204410553,0.1108707785606384,3.5993244647979736
2026-09-17T08:27:32.412574,1789633652412574200,26.08457421875,-0.1040184572339057,0.0808276608586311,3.6511552333831783
2026-09-17T08:27:32.422534,1789633652422534100,26.0945341796875,-0.4856310784816742,0.0006111160619184,3.7745015621185303
2026-09-17T08:27:32.432493,1789633652432493300,26.10449340820313,-0.7908306121826172,-0.0855938121676445,3.974030733108521
2026-09-17T08:27:32.442452,1789633652442452200,26.1144521484375,-0.9380565881729126,-0.1513440608978271,4.180819988250732
2026-09-17T08:27:32.452411,1789633652452411100,26.1244111328125,-0.9348453283309937,-0.219229370355606,4.34311580657959
2026-09-17T08:27:32.462371,1789633652462371000,26.13437109375,-0.8640771508216858,-0.2920213043689728,4.529238700866699
2026-09-17T08:27:32.472330,1789633652472330000,26.144330078125,-0.8109843730926514,-0.3443771600723266,4.759251594543457
2026-09-17T08:27:32.482289,1789633652482289200,26.1542890625,-0.8192931413650513,-0.3541688323020935,4.9752631187438965
2026-09-17T08:27:32.492248,1789633652492248000,26.164248046875,-0.9006404876708984,-0.3572884500026703,5.11965274810791
2026-09-17T08:27:32.502208,1789633652502208300,26.174208251953125,-1.0469460487365725,-0.3322579264640808,5.214446544647217
2026-09-17T08:27:32.512167,1789633652512167200,26.184167236328125,-1.184727907180786,-0.2778194546699524,5.262452602386475
2026-09-17T08:27:32.522126,1789633652522126000,26.1941259765625,-1.268255591392517,-0.2229420840740203,5.272899150848389
2026-09-17T08:27:32.532085,1789633652532085200,26.20408520507813,-1.3118590116500854,-0.1664758622646331,5.2936201095581055
2026-09-17T08:27:32.542045,1789633652542045200,26.214045166015627,-1.305837631225586,-0.1844825744628906,5.293417453765869
2026-09-17T08:27:32.552004,1789633652552004000,26.224004150390623,-1.2812265157699585,-0.1559425294399261,5.296972751617432
2026-09-17T08:27:32.561963,1789633652561963000,26.233962890625,-1.295776128768921,-0.1211251690983772,5.2972283363342285
2026-09-17T08:27:32.571923,1789633652571923200,26.243923095703124,-1.3614635467529297,-0.0467295013368129,5.306064128875732
2026-09-17T08:27:32.581882,1789633652581882000,26.253882080078125,-1.4225878715515137,0.0590291507542133,5.289856433868408
2026-09-17T08:27:32.591841,1789633652591841300,26.26384130859375,-1.4748042821884155,0.1727160215377807,5.24670934677124
2026-09-17T08:27:32.601800,1789633652601800200,26.27380029296875,-1.46506929397583,0.297055035829544,5.205911636352539
2026-09-17T08:27:32.611760,1789633652611760000,26.283760009765626,-1.4389543533325195,0.4560635685920715,5.191064357757568
2026-09-17T08:27:32.621719,1789633652621719000,26.293718994140622,-1.4584044218063354,0.6715333461761475,5.1935625076293945
2026-09-17T08:27:32.631678,1789633652631678200,26.30367822265625,-1.5584986209869385,0.957302749156952,5.126521587371826
2026-09-17T08:27:32.641637,1789633652641637000,26.31363720703125,-1.764633059501648,1.2626807689666748,4.985370635986328
2026-09-17T08:27:32.651597,1789633652651597300,26.323597412109375,-1.9979499578475952,1.548307180404663,4.716441631317139
2026-09-17T08:27:32.661556,1789633652661556200,26.33355615234375,-2.1775596141815186,1.7396020889282229,4.236856460571289
2026-09-17T08:27:32.671515,1789633652671515100,26.34351513671875,-2.2721190452575684,1.7515984773635864,3.5316200256347656
2026-09-17T08:27:32.681474,1789633652681474300,26.353474365234376,-2.253803253173828,1.545753002166748,2.6878159046173096
2026-09-17T08:27:32.691434,1789633652691434200,26.363434326171873,-2.09525203704834,1.1817986965179443,1.8639391660690308
2026-09-17T08:27:32.701393,1789633652701393200,26.37339306640625,-1.708357810974121,0.690625786781311,1.165891408920288
2026-09-17T08:27:32.711352,1789633652711352000,26.38335205078125,-1.0586349964141846,0.2333439588546753,0.5669349431991577
2026-09-17T08:27:32.721311,1789633652721311000,26.39331103515625,-0.4421323239803314,-0.2485744953155517,0.1121671721339225
2026-09-17T08:27:32.731271,1789633652731271200,26.403271240234375,0.0542041957378387,-0.6916804909706116,-0.2517519295215606
2026-09-17T08:27:32.741230,1789633652741230300,26.413230224609375,0.2220384627580642,-0.7790918350219727,-2.246892213821411
2026-09-17T08:27:32.751189,1789633652751189200,26.423189208984375,0.5713956952095032,-0.7800015807151794,-1.5330677032470703
2026-09-17T08:27:32.761148,1789633652761148200,26.433148193359376,0.8890919089317322,-0.030574232339859,-1.1668901443481443
2026-09-17T08:27:32.771108,1789633652771108000,26.443108154296876,2.9932475090026855,-0.5603973269462585,-3.323143720626831
2026-09-17T08:27:32.781067,1789633652781067000,26.45306689453125,4.58120059967041,0.2229864001274109,-6.124393463134766
2026-09-17T08:27:32.791026,1789633652791026200,26.463026123046873,3.355170249938965,0.0719223171472549,-6.103389263153076
2026-09-17T08:27:32.800986,1789633652800986400,26.472986328125,0.4304851591587066,-0.9572003483772278,-4.404707431793213
2026-09-17T08:27:32.810945,1789633652810945300,26.4829453125,-2.2262797355651855,-2.5804431438446045,-2.349830150604248
2026-09-17T08:27:32.820904,1789633652820904200,26.492904296875,-1.7452043294906616,-1.604705810546875,-0.9981891512870787
2026-09-17T08:27:32.830863,1789633652830863400,26.50286328125,0.1796145737171173,-0.6032918095588684,-0.893206775188446
2026-09-17T08:27:32.840823,1789633652840823300,26.5128232421875,0.9656338095664978,-0.5191113948822021,-0.76774662733078
2026-09-17T08:27:32.850782,1789633652850782200,26.5227822265625,0.6845669746398926,-0.5996749401092529,-0.5539685487747192
2026-09-17T08:27:32.860741,1789633652860741000,26.5327412109375,0.2396385073661804,-0.5014708638191223,-0.6169344782829285
2026-09-17T08:27:32.870700,1789633652870700000,26.542699951171876,-0.011175075545907,-0.5528358221054077,-0.7159201502799988
2026-09-17T08:27:32.880660,1789633652880660000,26.552659912109377,0.2704938948154449,-0.4001509547233581,-0.6344974637031555
2026-09-17T08:27:32.890619,1789633652890619400,26.562619384765625,0.6829656362533569,-0.2280375063419342,-0.5458216667175293
2026-09-17T08:27:32.900578,1789633652900578300,26.572578369140626,0.7863913774490356,-0.2351657152175903,-0.5550066232681274
2026-09-17T08:27:32.910537,1789633652910537200,26.582537109375,0.6364918351173401,-0.2300290614366531,-0.5192273855209351
2026-09-17T08:27:32.920497,1789633652920497200,26.5924970703125,0.4089526832103729,-0.2031857222318649,-0.4937420189380646
2026-09-17T08:27:32.930456,1789633652930456000,26.6024560546875,0.2476873695850372,-0.1892789602279663,-0.4869733154773712
2026-09-17T08:27:32.940415,1789633652940415200,26.612415283203124,0.1889617443084716,-0.15493243932724,-0.4204928278923034
2026-09-17T08:27:32.950374,1789633652950374100,26.6223740234375,0.1503158062696457,-0.0899305492639541,-0.3726541996002197
2026-09-17T08:27:32.960334,1789633652960334000,26.632333984375,0.1611133366823196,-0.0787684395909309,-0.3913415968418121
2026-09-17T08:27:32.970293,1789633652970293200,26.642293212890625,0.2271828949451446,-0.0591377429664135,-0.397739827632904
2026-09-17T08:27:32.980252,1789633652980252200,26.652252197265625,0.2869293093681335,-0.0412072129547596,-0.3705830574035644
2026-09-17T08:27:32.990211,1789633652990211300,26.66221142578125,0.3206492066383362,-0.0120482621714472,-0.3506969511508941
2026-09-17T08:27:33.000171,1789633653000171300,26.67217114257813,0.3100127875804901,-0.0047533307224512,-0.3051092326641083
2026-09-17T08:27:33.010130,1789633653010130200,26.68213012695313,0.2061652243137359,-0.021448154002428,-0.2589505314826965
2026-09-17T08:27:33.020089,1789633653020089000,26.692089111328126,0.0707914307713508,-0.0371293798089027,-0.2574213445186615
2026-09-17T08:27:33.030048,1789633653030048300,26.70204833984375,0.0343868173658847,-0.0557834915816783,-0.2637830972671509
2026-09-17T08:27:33.040008,1789633653040008200,26.71200830078125,0.104337140917778,-0.0388883985579013,-0.257489264011383
2026-09-17T08:27:33.049967,1789633653049967400,26.72196728515625,0.1906640380620956,-0.0219626780599355,-0.2674151360988617
2026-09-17T08:27:33.059926,1789633653059926300,26.73192626953125,0.2526935935020447,-0.012353460304439,-0.2906554639339447
2026-09-17T08:27:33.069885,1789633653069885200,26.74188525390625,0.262052983045578,0.0077193174511194,-0.294816642999649
2026-09-17T08:27:33.079845,1789633653079845000,26.75184521484375,0.2464410066604614,0.0079478165134787,-0.3176367580890655
2026-09-17T08:27:33.089804,1789633653089804300,26.76180419921875,0.2362181991338729,0.0065789520740509,-0.3296225666999817
2026-09-17T08:27:33.099763,1789633653099763200,26.77176318359375,0.2437245845794677,0.0236098673194646,-0.314021497964859
2026-09-17T08:27:33.109722,1789633653109722000,26.78172216796875,0.2236411571502685,0.0307982712984085,-0.3146558701992035
2026-09-17T08:27:33.119682,1789633653119682000,26.79168212890625,0.1981674879789352,0.0369469784200191,-0.3396943807601928
2026-09-17T08:27:33.129641,1789633653129641000,26.801640869140623,0.2013238668441772,0.0397105403244495,-0.3641195595264435
2026-09-17T08:27:33.139600,1789633653139600400,26.811600341796876,0.2319821715354919,0.0599383153021335,-0.4008658528327942
2026-09-17T08:27:33.149560,1789633653149560300,26.821560302734376,0.252552717924118,0.0653032511472702,-0.4578761458396911
2026-09-17T08:27:33.159519,1789633653159519200,26.831519287109376,0.2200352400541305,0.045927956700325,-0.4956301748752594
2026-09-17T08:27:33.169478,1789633653169478100,26.84147802734375,0.137773647904396,0.0020957866217941,-0.5206537842750549
2026-09-17T08:27:33.179437,1789633653179437000,26.85143701171875,0.0828808546066284,-0.0235208924859762,-0.526394784450531
2026-09-17T08:27:33.189397,1789633653189397000,26.86139697265625,0.0916762053966522,-0.026822680607438,-0.5375259518623352
2026-09-17T08:27:33.199356,1789633653199356200,26.87135620117187,0.1219638064503669,-0.018237181007862,-0.5627780556678772
2026-09-17T08:27:33.209315,1789633653209315000,26.881315185546875,0.187009111046791,-0.0216441638767719,-0.5743433833122253
2026-09-17T08:27:33.219274,1789633653219274200,26.891274169921875,0.2268550544977188,-0.0147034330293536,-0.5637381076812744
2026-09-17T08:27:33.229234,1789633653229234200,26.901234130859375,0.2488650232553482,-0.0280163083225488,-0.547920286655426
2026-09-17T08:27:33.239193,1789633653239193000,26.911193115234376,0.3031863272190094,-0.0233070403337478,-0.5552732944488525
2026-09-17T08:27:33.249152,1789633653249152300,26.92115234375,0.3484829664230346,-0.0015306398272514,-0.5562794208526611
2026-09-17T08:27:33.259111,1789633653259111200,26.931111083984376,0.3032001554965973,0.0136965159326791,-0.5457417964935303
2026-09-17T08:27:33.269071,1789633653269071000,26.941071044921873,0.265565425157547,0.0330483764410018,-0.5589290261268616
2026-09-17T08:27:33.279030,1789633653279030000,26.951030029296874,0.2525114417076111,0.0226114485412836,-0.5775759220123291
2026-09-17T08:27:33.288989,1789633653288989200,26.9609892578125,0.222928762435913,-0.0095214545726776,-0.6145209074020386
2026-09-17T08:27:33.298948,1789633653298948600,26.97094848632813,0.1855595558881759,-0.0399379506707191,-0.6510589122772217
2026-09-17T08:27:33.308908,1789633653308908500,26.980908447265627,0.1465093493461609,-0.0594850182533264,-0.6954394578933716
2026-09-17T08:27:33.318867,1789633653318867500,26.990867431640623,0.0989753976464271,-0.0836907625198364,-0.7521040439605713
2026-09-17T08:27:33.328826,1789633653328826400,27.000826416015624,0.0613630376756191,-0.1296374648809433,-0.8198298215866089
2026-09-17T08:27:33.338785,1789633653338785500,27.01078564453125,0.0844419971108436,-0.1649826765060424,-0.9006450772285461
2026-09-17T08:27:33.348745,1789633653348745500,27.020745361328125,0.1524178385734558,-0.1817920207977295,-1.0045301914215088
2026-09-17T08:27:33.358704,1789633653358704400,27.030704345703125,0.155071422457695,-0.1660372912883758,-1.1034716367721558
2026-09-17T08:27:33.368663,1789633653368663300,27.040663330078125,0.1271564364433288,-0.1559921205043792,-1.222789287567139
2026-09-17T08:27:33.378622,1789633653378622500,27.05062255859375,0.1401033848524093,-0.1525172144174575,-1.370320439338684
2026-09-17T08:27:33.388582,1789633653388582400,27.06058251953125,0.175969511270523,-0.1427998840808868,-1.523961305618286
2026-09-17T08:27:33.398541,1789633653398541600,27.07054150390625,0.1950819492340088,-0.1473144739866256,-1.680261254310608
2026-09-17T08:27:33.408500,1789633653408500500,27.08050048828125,0.1831081062555313,-0.1459541320800781,-1.848660588264465
2026-09-17T08:27:33.418459,1789633653418459400,27.09045947265625,0.1586946547031402,-0.1600105613470077,-2.0420453548431396
2026-09-17T08:27:33.428419,1789633653428419300,27.10041943359375,0.1354207545518875,-0.2033425867557525,-2.280820369720459
2026-09-17T08:27:33.438378,1789633653438378200,27.110378173828124,0.1136398315429687,-0.2318240255117416,-2.6115307807922363
2026-09-17T08:27:33.448337,1789633653448337400,27.12033740234375,0.0376981906592845,-0.1438595503568649,-2.933708906173706
2026-09-17T08:27:33.458297,1789633653458297600,27.130297607421873,0.0725395306944847,-0.0458467043936252,-3.325199842453003
2026-09-17T08:27:33.468256,1789633653468256500,27.140256591796874,0.0382284261286258,0.0703310295939445,-3.775174856185913
2026-09-17T08:27:33.478215,1789633653478215400,27.15021533203125,-0.1467949599027633,0.1974463760852813,-4.263509750366211
2026-09-17T08:27:33.488174,1789633653488174300,27.16017431640625,-0.2376931756734848,0.2267206460237503,-4.8377275466918945
2026-09-17T08:27:33.498134,1789633653498134300,27.17013427734375,-0.1423291116952896,0.1540509611368179,-5.4462971687316895
2026-09-17T08:27:33.508093,1789633653508093400,27.180093505859375,-0.1209503039717674,0.0737281590700149,-6.0769267082214355
2026-09-17T08:27:33.518052,1789633653518052400,27.19005224609375,0.1929705888032913,0.0008701998740434,-6.2556867599487305
2026-09-17T08:27:33.528011,1789633653528011300,27.20001123046875,0.5506933331489563,0.1533830463886261,-6.123723030090332
2026-09-17T08:27:33.537971,1789633653537971500,27.209971435546876,0.7776404619216919,0.2728559076786041,-6.046628952026367
2026-09-17T08:27:33.547930,1789633653547930400,27.219930419921877,0.6164923310279846,0.4692067801952362,-5.796392917633057
2026-09-17T08:27:33.557889,1789633653557889500,27.2298896484375,0.332615315914154,0.9006521701812744,-5.608865737915039
2026-09-17T08:27:33.567848,1789633653567848400,27.239848388671874,0.2065588384866714,1.041540265083313,-5.5348358154296875
2026-09-17T08:27:33.577808,1789633653577808400,27.249808349609378,0.2156261056661605,1.1080186367034912,-5.457249164581299
2026-09-17T08:27:33.587767,1789633653587767300,27.259767333984374,0.269218772649765,1.2667782306671145,-5.656019687652588
2026-09-17T08:27:33.597726,1789633653597726500,27.2697265625,0.0903912335634231,1.341822862625122,-5.6390204429626465
2026-09-17T08:27:33.607685,1789633653607685400,27.279685302734375,-0.2837879657745361,1.5538067817687988,-5.470906734466553
2026-09-17T08:27:33.617645,1789633653617645600,27.2896455078125,-0.879816472530365,1.7137415409088137,-4.388594627380371
2026-09-17T08:27:33.627604,1789633653627604500,27.2996044921875,-1.2283324003219604,1.5325931310653689,-2.696597099304199
2026-09-17T08:27:33.637563,1789633653637563400,27.3095634765625,-0.9320077896118164,1.4836924076080322,-1.3198755979537964
2026-09-17T08:27:33.647522,1789633653647522600,27.3195224609375,-0.3665387630462646,1.162115216255188,-0.0675022602081298
2026-09-17T08:27:33.657482,1789633653657482500,27.329482421875,0.0666278451681137,0.7454444766044617,1.029000759124756
2026-09-17T08:27:33.667441,1789633653667441400,27.33944140625,0.464569628238678,0.3742451071739197,1.8613680601119995
2026-09-17T08:27:33.677400,1789633653677400300,27.349400390625,0.7480149269104004,0.0692908018827438,2.497697353363037
2026-09-17T08:27:33.687359,1789633653687359200,27.359359130859374,0.8669018745422363,-0.1342745721340179,3.0241405963897705
2026-09-17T08:27:33.697319,1789633653697319400,27.3693193359375,0.8431962728500366,-0.2822698950767517,3.518083333969116
2026-09-17T08:27:33.707278,1789633653707278600,27.379278564453124,0.6902549266815186,-0.332154631614685,4.016600131988525
2026-09-17T08:27:33.717237,1789633653717237500,27.389237548828124,0.4538964629173279,-0.2694417238235473,4.496149063110352
2026-09-17T08:27:33.727197,1789633653727197400,27.399197509765624,0.1796366870403289,-0.1422627121210098,4.838480472564697
2026-09-17T08:27:33.737156,1789633653737156400,27.40915625,-0.1413871496915817,-0.037805289030075,5.019752502441406
2026-09-17T08:27:33.747115,1789633653747115300,27.419115234375,-0.4668749570846557,0.1020024046301841,5.058548450469971
2026-09-17T08:27:33.757074,1789633653757074400,27.429074462890625,-0.7379099130630493,0.2433568835258484,5.0128560066223145
2026-09-17T08:27:33.767034,1789633653767034600,27.43903466796875,-0.9645776748657228,0.3079715669155121,4.942883014678955
2026-09-17T08:27:33.776993,1789633653776993500,27.44899365234375,-1.0996196269989014,0.2768456041812897,4.871463298797607
2026-09-17T08:27:33.786952,1789633653786952400,27.458952392578126,-1.0798393487930298,0.1864640414714813,4.811127662658691
2026-09-17T08:27:33.796911,1789633653796911400,27.468911376953123,-0.946691632270813,0.0647106990218162,4.7564592361450195
2026-09-17T08:27:33.806871,1789633653806871300,27.478871337890624,-0.8206106424331665,-0.0425598323345184,4.737876892089844
2026-09-17T08:27:33.816830,1789633653816830500,27.48883056640625,-0.8102046251296997,-0.1564451158046722,4.769255638122559
2026-09-17T08:27:33.826789,1789633653826789400,27.498789306640624,-0.885044276714325,-0.2361127883195877,4.86827278137207
2026-09-17T08:27:33.836748,1789633653836748300,27.508748291015625,-0.9720308184623718,-0.2911504805088043,5.01616907119751
2026-09-17T08:27:33.846708,1789633653846708500,27.51870849609375,-0.9962698221206664,-0.3877995014190674,5.139941215515137
2026-09-17T08:27:33.856667,1789633653856667400,27.52866748046875,-0.9461813569068908,-0.464403748512268,5.202396392822266
2026-09-17T08:27:33.866626,1789633653866626600,27.53862646484375,-0.8811829090118408,-0.5460589528083801,5.211177349090576
2026-09-17T08:27:33.876585,1789633653876585500,27.54858544921875,-0.8721566796302795,-0.6092578768730164,5.1771674156188965
2026-09-17T08:27:33.886545,1789633653886545400,27.55854541015625,-0.9433190226554872,-0.6322236061096191,5.121327877044678
2026-09-17T08:27:33.896504,1789633653896504300,27.56850439453125,-1.0816127061843872,-0.6242240071296692,5.06744909286499
2026-09-17T08:27:33.906463,1789633653906463500,27.57846337890625,-1.2436519861221311,-0.5635321736335754,5.043124198913574
2026-09-17T08:27:33.916422,1789633653916422400,27.58842236328125,-1.3668668270111084,-0.4660088419914245,5.013777256011963
2026-09-17T08:27:33.926382,1789633653926382600,27.598382568359376,-1.4640989303588867,-0.365719586610794,4.968810558319092
2026-09-17T08:27:33.936341,1789633653936341500,27.608341552734377,-1.5771194696426392,-0.2090602070093155,4.955970764160156
2026-09-17T08:27:33.946300,1789633653946300400,27.618300537109373,-1.7638696432113647,-0.0377646312117576,4.983970642089844
2026-09-17T08:27:33.956260,1789633653956260400,27.62826025390625,-1.9184476137161257,0.1466528922319412,4.994821548461914
2026-09-17T08:27:33.966219,1789633653966219500,27.63821948242187,-1.999630331993103,0.3226684033870697,4.900620460510254
2026-09-17T08:27:33.976178,1789633653976178400,27.648178466796875,-2.0196094512939453,0.4557071328163147,4.689481735229492
2026-09-17T08:27:33.986137,1789633653986137300,27.658137451171875,-1.9636433124542236,0.5796687602996826,4.377507209777832
2026-09-17T08:27:33.996097,1789633653996097300,27.66809716796875,-1.8452873229980469,0.6728090643882751,4.002291679382324
2026-09-17T08:27:34.006056,1789633654006056200,27.67805615234375,-1.6842821836471558,0.7223819494247437,3.526944875717163
2026-09-17T08:27:34.016015,1789633654016015600,27.688015625,-1.4863406419754028,0.7833686470985413,2.872891902923584
2026-09-17T08:27:34.025974,1789633654025974500,27.697974609375,-1.33033287525177,0.7228903770446777,2.2923874855041504
2026-09-17T08:27:34.035934,1789633654035934500,27.7079345703125,-1.1116026639938354,0.6953167915344238,1.5214585065841677
2026-09-17T08:27:34.045893,1789633654045893400,27.717893310546874,-0.826888918876648,0.5292410254478455,0.6645283699035645
2026-09-17T08:27:34.055852,1789633654055852300,27.72785229492187,-0.4822937846183777,0.3102503418922424,-0.1532711684703827
2026-09-17T08:27:34.065811,1789633654065811500,27.7378115234375,-0.0567158348858356,0.0457012355327606,-0.8324957489967346
2026-09-17T08:27:34.075771,1789633654075771400,27.747771484375,0.1282902359962463,0.3160624206066131,-1.2694432735443115
2026-09-17T08:27:34.085730,1789633654085730300,27.757730224609375,-0.6171583533287048,0.2343782037496566,-1.7357257604599
2026-09-17T08:27:34.095689,1789633654095689500,27.767689453125,-0.245344877243042,0.6894232034683228,-0.5736926794052124
2026-09-17T08:27:34.105648,1789633654105648600,27.777648681640624,1.51790189743042,0.5389509201049805,-2.5786664485931396
2026-09-17T08:27:34.115608,1789633654115608600,27.787608642578125,2.6983346939086914,0.2648575603961944,-6.2165608406066895
2026-09-17T08:27:34.125567,1789633654125567500,27.7975673828125,2.7435193061828613,0.1721041798591613,-6.899660110473633
2026-09-17T08:27:34.135526,1789633654135526400,27.8075263671875,0.839478611946106,-1.129794359207153,-5.391658306121826
2026-09-17T08:27:34.145485,1789633654145485300,27.8174853515625,-1.095329761505127,-2.3423056602478027,-4.056045055389404
2026-09-17T08:27:34.155445,1789633654155445200,27.8274453125,-0.6984199285507202,-2.2879371643066406,-2.6592421531677246
2026-09-17T08:27:34.165404,1789633654165404400,27.837404296875,1.534557580947876,-0.6859024167060852,-1.1862484216690063
2026-09-17T08:27:34.175363,1789633654175363600,27.847363525390627,2.388877868652344,-0.1634652912616729,-0.2864518761634826
2026-09-17T08:27:34.185323,1789633654185323500,27.857323486328124,1.443347692489624,-0.3198514282703399,-0.0819426551461219
2026-09-17T08:27:34.195282,1789633654195282400,27.867282470703124,0.0402075164020061,-0.3979387879371643,-0.3433029055595398
2026-09-17T08:27:34.205241,1789633654205241300,27.877241455078124,-0.8648264408111572,-0.516978919506073,-0.4291919767856598
2026-09-17T08:27:34.215200,1789633654215200500,27.887200439453125,-0.7571141123771667,-0.3593197464942932,-0.2159193605184555
2026-09-17T08:27:34.225160,1789633654225160400,27.897160400390625,-0.0911686196923255,-0.140947476029396,-0.1384541392326355
2026-09-17T08:27:34.235119,1789633654235119400,27.907119384765625,0.2017545998096466,-0.0977858826518058,-0.1533230990171432
2026-09-17T08:27:34.245078,1789633654245078300,27.917078369140626,0.0387078896164894,-0.1397064328193664,-0.1533164381980896
2026-09-17T08:27:34.255037,1789633654255037200,27.927037109375,-0.1270714998245239,-0.1459619402885437,-0.1435500979423523
2026-09-17T08:27:34.264997,1789633654264997400,27.936997314453127,-0.0890942811965942,-0.1292958706617355,-0.1709984987974167
2026-09-17T08:27:34.274956,1789633654274956500,27.94695654296875,0.0265593491494655,-0.0884317979216575,-0.1991505026817321
2026-09-17T08:27:34.284915,1789633654284915500,27.95691552734375,0.0776459649205207,-0.0426784306764602,-0.204966589808464
2026-09-17T08:27:34.294874,1789633654294874400,27.966874267578124,0.0279750861227512,-0.0104688256978988,-0.1783717274665832
2026-09-17T08:27:34.304834,1789633654304834300,27.976834228515624,-0.0550119429826736,0.0092667955905199,-0.1573047935962677
2026-09-17T08:27:34.314793,1789633654314793500,27.98679345703125,-0.0988507717847824,0.0226086992770433,-0.1380954086780548
2026-09-17T08:27:34.324752,1789633654324752400,27.99675244140625,-0.120255134999752,0.0075578452087938,-0.1369611620903015
2026-09-17T08:27:34.334711,1789633654334711300,28.006711181640625,-0.1313818246126175,-0.0161349680274724,-0.1838503777980804
2026-09-17T08:27:34.344671,1789633654344671500,28.01667138671875,-0.0879022553563118,-0.0316124632954597,-0.2634008824825287
2026-09-17T08:27:34.354630,1789633654354630400,28.02663037109375,0.0484886169433593,-0.0256957150995731,-0.3149855136871338
2026-09-17T08:27:34.364589,1789633654364589600,28.036589599609375,0.2132442742586136,-0.0119005413725972,-0.3505922555923462
2026-09-17T08:27:34.374549,1789633654374549500,28.046549560546875,0.3397454917430877,-0.0167581476271152,-0.4018618166446686
2026-09-17T08:27:34.384508,1789633654384508400,28.05650830078125,0.3765541017055511,-0.0338801443576812,-0.4190501272678375
2026-09-17T08:27:34.394467,1789633654394467300,28.06646728515625,0.3332015573978424,-0.0252219401299953,-0.413634330034256
2026-09-17T08:27:34.404426,1789633654404426200,28.07642626953125,0.2512012422084808,-0.0240245815366506,-0.3764467537403106
2026-09-17T08:27:34.414386,1789633654414386200,28.08638623046875,0.2060374915599823,-0.0189970657229423,-0.3398296236991882
2026-09-17T08:27:34.424345,1789633654424345600,28.096345703125,0.2186270505189895,-0.0135801974684,-0.3210040032863617
2026-09-17T08:27:34.434304,1789633654434304500,28.106304443359377,0.2740586102008819,-0.0076783653348684,-0.3381829857826233
2026-09-17T08:27:34.444263,1789633654444263400,28.116263427734378,0.3232296407222748,-0.0036394158378243,-0.3661722540855407
2026-09-17T08:27:34.454223,1789633654454223400,28.126223388671875,0.3513022661209106,0.0209886990487575,-0.362902969121933
2026-09-17T08:27:34.464182,1789633654464182300,28.136182373046875,0.3927799463272095,0.0378190800547599,-0.4027369320392608
2026-09-17T08:27:34.474141,1789633654474141400,28.146141357421875,0.4423632025718689,0.0399235114455223,-0.4356152713298797
2026-09-17T08:27:34.484100,1789633654484100400,28.156100341796876,0.4951574504375458,0.0537751391530036,-0.4420526623725891
2026-09-17T08:27:34.494060,1789633654494060300,28.166060302734376,0.4802778363227844,0.0452761948108673,-0.4482077360153198
2026-09-17T08:27:34.504019,1789633654504019500,28.17601953125,0.3960079550743103,0.0203596595674753,-0.4555761814117431
2026-09-17T08:27:34.513978,1789633654513978400,28.185978271484377,0.287767231464386,0.017738576978445,-0.4519508183002472
2026-09-17T08:27:34.523937,1789633654523937500,28.1959375,0.2475423216819763,0.0264891926199197,-0.4694459140300751
2026-09-17T08:27:34.533897,1789633654533897500,28.2058974609375,0.262995570898056,0.0425800085067749,-0.5130442380905151
2026-09-17T08:27:34.543856,1789633654543856400,28.2158564453125,0.2604258954524994,0.0543727576732635,-0.5497071743011475
2026-09-17T08:27:34.553815,1789633654553815300,28.225815185546875,0.2375602722167968,0.0490219295024871,-0.5720990300178528
2026-09-17T08:27:34.563775,1789633654563775200,28.235775146484375,0.2129683643579483,0.025104347616434,-0.5962384343147278
2026-09-17T08:27:34.573734,1789633654573734400,28.245734375,0.2215754389762878,0.0180621519684791,-0.6118134260177612
2026-09-17T08:27:34.583693,1789633654583693300,28.255693359375,0.2614714503288269,0.0325454846024513,-0.6130834817886353
2026-09-17T08:27:34.593652,1789633654593652500,28.265652587890624,0.2521251142024994,0.0383455827832222,-0.6079041957855225
2026-09-17T08:27:34.603612,1789633654603612400,28.2756123046875,0.234693631529808,0.0364392921328544,-0.6126222014427185
2026-09-17T08:27:34.613571,1789633654613571300,28.2855712890625,0.2301377654075622,0.0162890180945396,-0.6105985045433044
2026-09-17T08:27:34.623530,1789633654623530500,28.29553051757813,0.2417262494564056,-0.0007200585678219,-0.6297921538352966
2026-09-17T08:27:34.633489,1789633654633489400,28.30548950195313,0.2656398415565491,-0.0129620777443051,-0.6390637159347534
2026-09-17T08:27:34.643449,1789633654643449300,28.315449462890623,0.2494699209928512,-0.0279460866004228,-0.634094774723053
2026-09-17T08:27:34.653408,1789633654653408300,28.325408203125,0.158719778060913,-0.0591769739985466,-0.6552826166152954
2026-09-17T08:27:34.663367,1789633654663367200,28.3353671875,0.1034578531980514,-0.0901234373450279,-0.7222581505775452
2026-09-17T08:27:34.673326,1789633654673326600,28.34532666015625,0.1360285878181457,-0.0942745059728622,-0.8090876340866089
2026-09-17T08:27:34.683286,1789633654683286500,28.35528662109375,0.1858776360750198,-0.0918880477547645,-0.8897523880004883
2026-09-17T08:27:34.693245,1789633654693245400,28.365245361328125,0.1647326648235321,-0.1041737422347068,-0.9575732350349426
2026-09-17T08:27:34.703204,1789633654703204400,28.375204345703125,0.1593805104494094,-0.1360890716314315,-1.034136414527893
2026-09-17T08:27:34.713163,1789633654713163300,28.385163330078125,0.1440052837133407,-0.1675399392843246,-1.1135529279708862
2026-09-17T08:27:34.723123,1789633654723123200,28.395123291015626,0.1599147319793701,-0.183557778596878,-1.2194197177886963
2026-09-17T08:27:34.733082,1789633654733082400,28.405082275390622,0.1977851539850235,-0.1736625432968139,-1.3516483306884766
2026-09-17T08:27:34.743041,1789633654743041300,28.415041259765623,0.1939288973808288,-0.1397501081228256,-1.4756150245666504
2026-09-17T08:27:34.753000,1789633654753000400,28.42500048828125,0.1737746298313141,-0.1032757237553596,-1.6116935014724731
2026-09-17T08:27:34.762960,1789633654762960400,28.43496044921875,0.1620609760284423,-0.0513685867190361,-1.760673999786377
2026-09-17T08:27:34.772919,1789633654772919300,28.444919189453124,0.1192807629704475,0.0039913398213684,-1.93717360496521
2026-09-17T08:27:34.782878,1789633654782878500,28.45487841796875,0.1227921396493911,-0.0046887011267244,-2.1841936111450195
2026-09-17T08:27:34.792838,1789633654792838400,28.46483837890625,0.1276422888040542,-0.0979382172226905,-2.5449700355529785
2026-09-17T08:27:34.802797,1789633654802797300,28.47479736328125,0.0097958147525787,-0.0072019258514046,-2.862879514694214
2026-09-17T08:27:34.812756,1789633654812756200,28.484756103515625,0.0201368704438209,0.1220751032233238,-3.1765878200531006
2026-09-17T08:27:34.822715,1789633654822715400,28.49471533203125,0.0325466655194759,0.1503845006227493,-3.60870361328125
2026-09-17T08:27:34.832675,1789633654832675600,28.504675537109375,-0.1694850027561187,0.2334599494934082,-4.077030658721924
2026-09-17T08:27:34.842634,1789633654842634500,28.514634521484375,-0.3837293684482574,0.2658807337284088,-4.619174480438232
2026-09-17T08:27:34.852593,1789633654852593400,28.524593505859375,-0.3653562366962433,0.2427240312099456,-5.227416515350342
2026-09-17T08:27:34.862552,1789633654862552300,28.53455224609375,-0.2141243666410446,0.1787674129009246,-5.782818794250488
2026-09-17T08:27:34.872512,1789633654872512300,28.54451220703125,-0.148770123720169,0.01680114492774,-6.380202293395996
2026-09-17T08:27:34.882471,1789633654882471400,28.554471435546876,0.256045252084732,0.0313848815858364,-6.427327632904053
2026-09-17T08:27:34.892430,1789633654892430300,28.564430419921877,0.6454444527626038,0.1731713116168975,-6.45813512802124
2026-09-17T08:27:34.902389,1789633654902389200,28.57438916015625,0.826385498046875,0.2408403754234314,-6.5181145668029785
2026-09-17T08:27:34.912349,1789633654912349400,28.584349365234377,0.5793575644493103,0.7341169118881226,-6.183261394500732
2026-09-17T08:27:34.922308,1789633654922308400,28.594308349609378,0.4164285361766815,1.1445369720458984,-6.04412317276001
2026-09-17T08:27:34.932267,1789633654932267500,28.604267578125,0.4857498407363891,1.283458590507507,-5.887621879577637
2026-09-17T08:27:34.942226,1789633654942226400,28.614226318359375,0.4763207137584686,1.2878130674362185,-5.461038589477539
2026-09-17T08:27:34.952186,1789633654952186400,28.624186279296875,0.2049826830625534,1.537076115608215,-5.267134666442871
2026-09-17T08:27:34.962145,1789633654962145300,28.634145263671876,-0.0435717292129993,1.737465739250183,-4.563955307006836
2026-09-17T08:27:34.972104,1789633654972104200,28.644104248046876,-0.3226577043533325,2.0454471111297607,-3.028322458267212
2026-09-17T08:27:34.982064,1789633654982064400,28.654064453125,-0.5251322388648987,1.951325535774231,-0.7729459404945374
2026-09-17T08:27:34.992023,1789633654992023600,28.6640234375,-0.192766010761261,1.858126878738403,0.5776093602180481
2026-09-17T08:27:35.001982,1789633655001982500,28.673982421875,0.4814371764659881,1.4832690954208374,1.355486512184143
2026-09-17T08:27:35.011941,1789633655011941400,28.68394140625,0.9329774975776672,1.2023048400878906,1.943203806877136
2026-09-17T08:27:35.021901,1789633655021901300,28.6939013671875,1.143073558807373,1.0151687860488892,2.2913172245025635
2026-09-17T08:27:35.031860,1789633655031860200,28.703860107421875,1.2035530805587769,0.8571794629096985,2.42294979095459
2026-09-17T08:27:35.041819,1789633655041819400,28.7138193359375,1.0842125415802002,0.7883018255233765,2.4690966606140137
2026-09-17T08:27:35.051778,1789633655051778300,28.7237783203125,0.739715576171875,0.7660764455795288,2.5338220596313477
2026-09-17T08:27:35.061738,1789633655061738500,28.733738525390624,0.2165179103612899,0.7007101774215698,2.682698965072632
2026-09-17T08:27:35.071697,1789633655071697400,28.743697509765624,-0.3671748340129852,0.524210512638092,2.945366382598877
2026-09-17T08:27:35.081656,1789633655081656600,28.753656494140625,-0.783329427242279,0.342272937297821,3.300572156906128
2026-09-17T08:27:35.091615,1789633655091615500,28.763615478515625,-0.9165412783622742,0.2590829730033874,3.736839532852173
2026-09-17T08:27:35.101575,1789633655101575400,28.77357543945313,-0.8990184664726257,0.1937098205089569,4.1675944328308105
2026-09-17T08:27:35.111534,1789633655111534300,28.78353442382813,-0.8604303598403931,0.0692256838083267,4.473450183868408
2026-09-17T08:27:35.121493,1789633655121493200,28.7934931640625,-0.8276098370552063,-0.1135649010539054,4.697286605834961
2026-09-17T08:27:35.131452,1789633655131452400,28.803452392578127,-0.8147286176681519,-0.2927373349666595,4.906702995300293
2026-09-17T08:27:35.141412,1789633655141412600,28.81341259765625,-0.8203622698783875,-0.4450842440128326,5.0858330726623535
2026-09-17T08:27:35.151371,1789633655151371500,28.82337158203125,-0.8669676184654236,-0.5780377388000488,5.223446369171143
2026-09-17T08:27:35.161330,1789633655161330400,28.833330322265624,-0.9605894088745116,-0.6904436349868774,5.3100409507751465
2026-09-17T08:27:35.171290,1789633655171290400,28.843290283203125,-1.097287893295288,-0.7424730062484741,5.394505023956299
2026-09-17T08:27:35.181249,1789633655181249300,28.853249267578125,-1.2496107816696167,-0.8216893076896667,5.4818010330200195
2026-09-17T08:27:35.191208,1789633655191208400,28.86320849609375,-1.329973816871643,-0.9023705720901488,5.5972700119018555
2026-09-17T08:27:35.201167,1789633655201167400,28.87316748046875,-1.292837142944336,-1.0046809911727903,5.715745449066162
2026-09-17T08:27:35.211127,1789633655211127300,28.883127197265622,-1.1652482748031616,-1.020921230316162,5.816409111022949
2026-09-17T08:27:35.221086,1789633655221086200,28.893086181640623,-1.125616431236267,-0.9535700678825378,5.892350196838379
2026-09-17T08:27:35.231045,1789633655231045400,28.90304541015625,-1.2358249425888062,-0.8973845839500427,5.845610618591309
2026-09-17T08:27:35.241004,1789633655241004500,28.913004638671875,-1.3707809448242188,-0.7369637489318848,5.818211078643799
2026-09-17T08:27:35.250964,1789633655250964500,28.922964599609376,-1.4607094526290894,-0.5205062627792358,5.841389179229736
2026-09-17T08:27:35.260923,1789633655260923400,28.93292333984375,-1.453726053237915,-0.2963837385177612,5.813457012176514
2026-09-17T08:27:35.270882,1789633655270882300,28.94288232421875,-1.3595516681671145,-0.1217280253767967,5.715735912322998
2026-09-17T08:27:35.280841,1789633655280841500,28.952841552734377,-1.2389405965805054,0.0359137952327728,5.592843055725098
2026-09-17T08:27:35.290801,1789633655290801400,28.962801513671874,-1.2220009565353394,0.2604001760482788,5.462367057800293
2026-09-17T08:27:35.300760,1789633655300760300,28.97276025390625,-1.406657099723816,0.5468947887420654,5.324799060821533
2026-09-17T08:27:35.310719,1789633655310719200,28.98271923828125,-1.7403680086135864,0.8874281644821167,5.13770866394043
2026-09-17T08:27:35.320679,1789633655320679200,28.99267919921875,-2.120312213897705,1.1670796871185305,4.752354145050049
2026-09-17T08:27:35.330638,1789633655330638000,29.00263818359375,-2.453941345214844,1.2267649173736572,4.192407608032227
2026-09-17T08:27:35.340597,1789633655340597200,29.01259716796875,-2.614060163497925,1.146855115890503,3.423161029815674
2026-09-17T08:27:35.350556,1789633655350556400,29.022556396484376,-2.4911394119262695,0.7076621055603027,2.633437395095825
2026-09-17T08:27:35.360516,1789633655360516400,29.032516357421876,-1.9488236904144287,0.2470641136169433,1.8552182912826536
2026-09-17T08:27:35.370475,1789633655370475300,29.042475341796877,-1.2526459693908691,-0.1730564683675766,1.273684859275818
2026-09-17T08:27:35.380434,1789633655380434200,29.05243408203125,-0.73394376039505,-0.4765907824039459,0.76911860704422
2026-09-17T08:27:35.390393,1789633655390393300,29.062393310546874,-0.3562358915805816,-0.6691436767578125,0.1591807007789611
2026-09-17T08:27:35.400353,1789633655400353300,29.072353271484378,0.0694741383194923,-0.8078719973564148,-0.6787791848182678
2026-09-17T08:27:35.410312,1789633655410312200,29.082312255859375,0.4067887663841247,-0.5769221782684326,-1.4161735773086548
2026-09-17T08:27:35.420271,1789633655420271000,29.09227099609375,-0.667369544506073,0.2569993138313293,-2.4472105503082275
2026-09-17T08:27:35.430230,1789633655430230000,29.10222998046875,-0.3376781940460205,-0.2343480587005615,-0.7492808103561401
2026-09-17T08:27:35.440190,1789633655440190200,29.112190185546876,2.009521961212158,-0.1002059578895568,-2.742298126220703
2026-09-17T08:27:35.450149,1789633655450149400,29.1221494140625,3.386265754699707,0.0213942434638738,-6.615701675415039
2026-09-17T08:27:35.460108,1789633655460108300,29.1321083984375,3.2547011375427246,0.1795338094234466,-7.249271869659424
2026-09-17T08:27:35.470067,1789633655470067200,29.142067138671877,1.0208280086517334,-1.3656314611434937,-6.215982437133789
2026-09-17T08:27:35.480027,1789633655480027100,29.152027099609377,-1.3754438161849976,-3.007624626159668,-4.5941057205200195
2026-09-17T08:27:35.489986,1789633655489986300,29.161986328125,-0.4853081405162811,-2.103916645050049,-2.432916164398194
2026-09-17T08:27:35.499945,1789633655499945200,29.1719453125,2.1390511989593506,-0.1089744120836258,-0.5255398750305176
2026-09-17T08:27:35.509905,1789633655509905400,29.181905517578127,2.379871129989624,0.0574965849518775,0.1788254976272583
2026-09-17T08:27:35.519864,1789633655519864300,29.1918642578125,0.8993646502494812,-0.2342409938573837,-0.0339922234416008
2026-09-17T08:27:35.529823,1789633655529823200,29.2018232421875,-0.6889531016349792,-0.4664553105831146,-0.3779021799564361
2026-09-17T08:27:35.539782,1789633655539782400,29.211782470703124,-1.2727696895599363,-0.4713374376296997,-0.2462243288755417
2026-09-17T08:27:35.549742,1789633655549742300,29.221742431640624,-0.6438703536987305,-0.289005696773529,-0.1394997388124466
2026-09-17T08:27:35.559701,1789633655559701200,29.231701171875,0.2406570613384246,-0.106296606361866,-0.1933509856462478
2026-09-17T08:27:35.569660,1789633655569660200,29.24166015625,0.4226897060871124,-0.1233062073588371,-0.2264476865530014
2026-09-17T08:27:35.579619,1789633655579619000,29.251619140625,0.2265393733978271,-0.1687530577182769,-0.253873735666275
2026-09-17T08:27:35.589579,1789633655589579300,29.26157934570313,0.1299699693918228,-0.1551994383335113,-0.2455390989780426
2026-09-17T08:27:35.599538,1789633655599538400,29.27153833007813,0.2224679440259933,-0.0974501147866249,-0.2563959956169128
2026-09-17T08:27:35.609497,1789633655609497300,29.281497314453127,0.3014578223228454,-0.0631853491067886,-0.2541855871677398
2026-09-17T08:27:35.619456,1789633655619456300,29.291456298828123,0.1998497098684311,-0.063028760254383,-0.2252942770719528
2026-09-17T08:27:35.629416,1789633655629416200,29.301416259765624,0.0153895933181047,-0.0620612390339374,-0.192798912525177
2026-09-17T08:27:35.639375,1789633655639375000,29.311375,-0.089233748614788,-0.0447144694626331,-0.155811071395874
2026-09-17T08:27:35.649334,1789633655649334300,29.321334228515624,-0.0805313363671302,-0.0157704353332519,-0.1143587008118629
2026-09-17T08:27:35.659293,1789633655659293200,29.331293212890625,-0.0504751726984977,-0.0271439962089061,-0.1136979758739471
2026-09-17T08:27:35.669253,1789633655669253400,29.34125341796875,-0.0656133741140365,-0.0408518202602863,-0.164140373468399
2026-09-17T08:27:35.679212,1789633655679212300,29.35121240234375,-0.0615062527358531,-0.0501260124146938,-0.2038891166448593
2026-09-17T08:27:35.689171,1789633655689171200,29.36117114257813,0.0367955490946769,-0.0500466525554657,-0.2478302121162414
2026-09-17T08:27:35.699131,1789633655699131100,29.371131103515623,0.1866303086280822,-0.0432566553354263,-0.2920290827751159
2026-09-17T08:27:35.709090,1789633655709090300,29.38109033203125,0.2983658909797668,-0.0421887263655662,-0.3152031302452087
2026-09-17T08:27:35.719049,1789633655719049200,29.39104931640625,0.3428116738796234,-0.0365329720079898,-0.3234101831912994
2026-09-17T08:27:35.729008,1789633655729008000,29.401008056640624,0.3123621344566345,-0.0224062334746122,-0.3336495161056518
2026-09-17T08:27:35.738968,1789633655738968300,29.41096826171875,0.2832335531711578,-0.011725359596312,-0.3362197279930115
2026-09-17T08:27:35.748927,1789633655748927200,29.42092724609375,0.2851355671882629,0.0192674435675144,-0.3141517043113708
2026-09-17T08:27:35.758886,1789633655758886400,29.430886474609373,0.3041830360889435,0.0288689378648996,-0.3078831732273102
2026-09-17T08:27:35.768845,1789633655768845300,29.44084521484375,0.3309523463249206,0.0344762206077575,-0.3180521726608276
2026-09-17T08:27:35.778805,1789633655778805200,29.45080517578125,0.3396547436714172,0.0468727052211761,-0.3061324059963226
2026-09-17T08:27:35.788764,1789633655788764200,29.46076416015625,0.3062459230422973,0.0475257113575935,-0.2835661172866821
2026-09-17T08:27:35.798723,1789633655798723300,29.470723388671875,0.3104191124439239,0.029728339985013,-0.3126949667930603
2026-09-17T08:27:35.808682,1789633655808682200,29.48068212890625,0.3474330306053161,0.0472966805100441,-0.3278068006038666
2026-09-17T08:27:35.818642,1789633655818642200,29.49064208984375,0.3967702388763428,0.0545218363404274,-0.3647637665271759
2026-09-17T08:27:35.828601,1789633655828601300,29.500601318359376,0.4262583553791046,0.0560305155813694,-0.3827645778656006
2026-09-17T08:27:35.838560,1789633655838560300,29.510560302734376,0.4297180771827698,0.0567671470344066,-0.390236347913742
2026-09-17T08:27:35.848519,1789633655848519400,29.52051953125,0.3899725079536438,0.0573818050324916,-0.3972945213317871
2026-09-17T08:27:35.858479,1789633655858479400,29.530479248046873,0.360595703125,0.0541300848126411,-0.4086406528949737
2026-09-17T08:27:35.868438,1789633655868438300,29.540438232421874,0.3464218378067016,0.062517449259758,-0.4077357351779938
2026-09-17T08:27:35.878397,1789633655878397200,29.55039721679687,0.3471899032592773,0.0562310516834259,-0.4261685311794281
2026-09-17T08:27:35.888356,1789633655888356000,29.56035620117187,0.3325299918651581,0.0554861649870872,-0.4573219120502472
2026-09-17T08:27:35.898316,1789633655898316000,29.57031591796875,0.3423346877098083,0.0516786463558673,-0.5312414169311523
2026-09-17T08:27:35.908275,1789633655908275500,29.580275390625,0.4156121015548706,0.0543575175106525,-0.599260687828064
2026-09-17T08:27:35.918234,1789633655918234400,29.590234375,0.4678798317909241,0.0583714358508586,-0.6179068088531494
2026-09-17T08:27:35.928194,1789633655928194300,29.6001943359375,0.4234793484210968,0.0405125431716442,-0.618911862373352
2026-09-17T08:27:35.938153,1789633655938153200,29.6101533203125,0.3682397902011871,0.0198317673057317,-0.6241503357887268
2026-09-17T08:27:35.948112,1789633655948112100,29.620112060546877,0.3336234986782074,0.0118582630529999,-0.6365270614624023
2026-09-17T08:27:35.958071,1789633655958071300,29.6300712890625,0.2878981828689575,0.035551480948925,-0.6974455714225769
2026-09-17T08:27:35.968031,1789633655968031200,29.64003125,0.2560659348964691,0.0433697253465652,-0.7702156901359558
2026-09-17T08:27:35.977990,1789633655977990100,29.649990234375,0.211221769452095,0.0145077146589756,-0.8348367214202881
2026-09-17T08:27:35.987949,1789633655987949300,29.65994921875,0.0980757847428321,-0.0277641080319881,-0.8793179392814636
2026-09-17T08:27:35.997908,1789633655997908500,29.669908447265627,0.0085592130199074,-0.0814803391695022,-0.9471039175987244
2026-09-17T08:27:36.007868,1789633656007868400,29.679868408203124,-0.0352631025016307,-0.117690272629261,-1.0527006387710571
2026-09-17T08:27:36.017827,1789633656017827300,29.689827392578124,-0.0226988419890403,-0.134963259100914,-1.1807440519332886
2026-09-17T08:27:36.027786,1789633656027786200,29.6997861328125,-0.0083883460611104,-0.1580936163663864,-1.301153540611267
2026-09-17T08:27:36.037745,1789633656037745200,29.7097451171875,-0.0474033877253532,-0.1756337285041809,-1.4186309576034546
2026-09-17T08:27:36.047705,1789633656047705000,29.719705078125,-0.0498865209519863,-0.2116124927997589,-1.5712026357650757
2026-09-17T08:27:36.057664,1789633656057664300,29.729664306640625,-0.0391558445990085,-0.2360741645097732,-1.7375295162200928
2026-09-17T08:27:36.067623,1789633656067623200,29.739623046875,-0.0441356897354126,-0.2335015535354614,-1.9007259607315063
2026-09-17T08:27:36.077582,1789633656077582300,29.749582275390622,-0.0131383594125509,-0.20160673558712,-2.0848779678344727
2026-09-17T08:27:36.087542,1789633656087542300,29.759542236328127,0.0134498421102762,-0.1664487421512603,-2.2830650806427
2026-09-17T08:27:36.097501,1789633656097501200,29.769501220703123,0.0169234033674001,-0.2009193748235702,-2.5296294689178467
2026-09-17T08:27:36.107460,1789633656107460400,29.77946044921875,-0.0408789105713367,-0.247359037399292,-2.8285210132598877
2026-09-17T08:27:36.117419,1789633656117419300,29.789419189453124,-0.1559759378433227,-0.1350838989019394,-3.1067230701446533
2026-09-17T08:27:36.127379,1789633656127379200,29.799379150390624,-0.1080899015069007,0.044727936387062,-3.4743924140930176
2026-09-17T08:27:36.137338,1789633656137338000,29.809338134765625,-0.0931503698229789,0.1259149312973022,-3.945605993270874
2026-09-17T08:27:36.147297,1789633656147297000,29.819297119140625,-0.2974563837051391,0.253064900636673,-4.422882556915283
2026-09-17T08:27:36.157257,1789633656157257200,29.82925732421875,-0.5074692368507385,0.3843496739864349,-4.95630407333374
2026-09-17T08:27:36.167216,1789633656167216400,29.83921630859375,-0.5486526489257812,0.4497193694114685,-5.5857038497924805
2026-09-17T08:27:36.177175,1789633656177175300,29.84917529296875,-0.5379643440246582,0.3137224018573761,-6.195169448852539
2026-09-17T08:27:36.187134,1789633656187134200,29.85913427734375,-0.2689632177352905,0.1696115583181381,-6.603011608123779
2026-09-17T08:27:36.197094,1789633656197094100,29.86909423828125,0.3244548439979553,0.2333061099052429,-6.527758598327637
2026-09-17T08:27:36.207053,1789633656207053300,29.87905322265625,0.6458009481430054,0.3349432647228241,-6.508401870727539
2026-09-17T08:27:36.217012,1789633656217012200,29.88901220703125,0.5966677069664001,0.6118267774581909,-6.399356842041016
2026-09-17T08:27:36.226971,1789633656226971100,29.89897119140625,0.1782888621091842,1.3107160329818726,-6.023707389831543
2026-09-17T08:27:36.236931,1789633656236931300,29.908931396484373,-0.273931086063385,1.3633707761764526,-5.855706691741943
2026-09-17T08:27:36.246890,1789633656246890200,29.91889013671875,-0.2963583469390869,1.2576589584350586,-5.790655612945557
2026-09-17T08:27:36.256849,1789633656256849400,29.928849365234377,-0.0781322717666626,1.3080118894577026,-5.781454086303711
2026-09-17T08:27:36.266808,1789633656266808300,29.938808349609378,-0.1804804801940918,1.5952236652374268,-5.921156883239746
2026-09-17T08:27:36.276768,1789633656276768300,29.948768310546875,-0.5319940447807312,1.8054590225219729,-5.657566070556641
2026-09-17T08:27:36.286728,1789633656286728000,29.95872802734375,-0.9675779938697816,1.9388058185577393,-4.864975929260254
2026-09-17T08:27:36.296686,1789633656296686800,29.968686767578124,-1.1578257083892822,1.6990537643432615,-2.873983383178711
2026-09-17T08:27:36.306646,1789633656306646000,29.97864599609375,-0.8432941436767578,1.5939501523971558,-1.0878971815109253
2026-09-17T08:27:36.316606,1789633656316606000,29.98860595703125,-0.2857845425605774,1.1358054876327517,0.3653982877731323
2026-09-17T08:27:36.326565,1789633656326565000,29.998565185546877,0.2750374972820282,0.6683973670005798,1.5980972051620483
2026-09-17T08:27:36.336524,1789633656336524000,30.00852392578125,0.7269362807273865,0.3155096471309662,2.548151969909668
2026-09-17T08:27:36.346484,1789633656346484000,30.01848388671875,0.990049123764038,0.0386647172272205,3.2466344833374023
2026-09-17T08:27:36.356443,1789633656356443000,30.02844287109375,1.080765962600708,-0.1099013239145279,3.794273376464844
2026-09-17T08:27:36.366401,1789633656366401800,30.03840185546875,1.054903507232666,-0.1359923034906387,4.220137596130371
2026-09-17T08:27:36.376361,1789633656376361000,30.04836083984375,0.8735920190811157,-0.0874018743634224,4.528236389160156
2026-09-17T08:27:36.386321,1789633656386321200,30.058321044921875,0.5606215596199036,0.0216151606291532,4.767695903778076
2026-09-17T08:27:36.396280,1789633656396280000,30.068280029296876,0.1412554681301117,0.1108062863349914,4.976500988006592
2026-09-17T08:27:36.406239,1789633656406239000,30.078239013671876,-0.2612144947052002,0.1789296865463256,5.150577545166016
2026-09-17T08:27:36.416198,1789633656416198000,30.088197998046876,-0.54388028383255,0.2632312476634979,5.260880947113037
2026-09-17T08:27:36.426157,1789633656426157800,30.09815771484375,-0.7167849540710449,0.3190431296825409,5.320908069610596
2026-09-17T08:27:36.436117,1789633656436117000,30.108116943359377,-0.8423066139221191,0.3340678811073303,5.358343601226807
2026-09-17T08:27:36.446076,1789633656446076000,30.118075927734377,-0.9708731174468994,0.2898626029491424,5.374975681304932
2026-09-17T08:27:36.456034,1789633656456034800,30.128034912109374,-1.081238031387329,0.1723383665084839,5.361221790313721
2026-09-17T08:27:36.465995,1789633656465995000,30.1379951171875,-1.123976707458496,0.0170369185507297,5.290709972381592
2026-09-17T08:27:36.475954,1789633656475954200,30.1479541015625,-1.1273738145828247,-0.1404368579387664,5.188940048217773
2026-09-17T08:27:36.485913,1789633656485913000,30.1579130859375,-1.148188233375549,-0.2986230254173279,5.083157062530518
2026-09-17T08:27:36.495872,1789633656495872000,30.1678720703125,-1.1765564680099487,-0.4796492755413055,5.0167951583862305
2026-09-17T08:27:36.505832,1789633656505832000,30.17783203125,-1.172031044960022,-0.6714000701904297,5.106709003448486
2026-09-17T08:27:36.515790,1789633656515790800,30.187790771484377,-1.1141139268875122,-0.8885084390640259,5.388787269592285
2026-09-17T08:27:36.525750,1789633656525750000,30.19775,-1.0347919464111328,-1.0267832279205322,5.671633720397949
2026-09-17T08:27:36.535710,1789633656535710200,30.20771020507813,-0.98508483171463,-1.1108970642089844,5.85093355178833
2026-09-17T08:27:36.545669,1789633656545669000,30.21766918945313,-0.9997210502624512,-1.1650524139404297,5.870028018951416
2026-09-17T08:27:36.555628,1789633656555628000,30.2276279296875,-1.0606045722961426,-1.144471526145935,5.8087968826293945
2026-09-17T08:27:36.565587,1789633656565587000,30.2375869140625,-1.1237764358520508,-0.988857924938202,5.724791526794434
2026-09-17T08:27:36.575547,1789633656575547000,30.247546875,-1.209993839263916,-0.8077925443649292,5.638910293579102
2026-09-17T08:27:36.585506,1789633656585506000,30.257506103515624,-1.2964190244674685,-0.5457241535186768,5.509230613708496
2026-09-17T08:27:36.595465,1789633656595465000,30.26746484375,-1.3802396059036257,-0.2829505801200866,5.368569850921631
2026-09-17T08:27:36.605423,1789633656605423900,30.277423828125,-1.4148659706115725,-0.0217866413295269,5.2060651779174805
2026-09-17T08:27:36.615384,1789633656615384000,30.287384033203125,-1.4253392219543457,0.3165349662303924,5.032248020172119
2026-09-17T08:27:36.625343,1789633656625343000,30.297343017578125,-1.5671279430389404,0.7092974185943604,4.77754020690918
2026-09-17T08:27:36.635302,1789633656635302100,30.30730224609375,-1.8448370695114136,1.0589812994003296,4.533847808837891
2026-09-17T08:27:36.645261,1789633656645261000,30.31726098632813,-2.1573541164398193,1.3175095319747925,4.321949481964111
2026-09-17T08:27:36.655221,1789633656655221000,30.327220947265623,-2.351235628128052,1.560843586921692,3.795130729675293
2026-09-17T08:27:36.665180,1789633656665180000,30.337179931640627,-2.3743739128112793,1.5251836776733398,2.9040956497192383
2026-09-17T08:27:36.675139,1789633656675139000,30.34713916015625,-2.2557568550109863,1.207842230796814,2.2208752632141113
2026-09-17T08:27:36.685098,1789633656685098000,30.357097900390624,-1.7343302965164185,0.92863267660141,1.4142576456069946
2026-09-17T08:27:36.695058,1789633656695058200,30.36705810546875,-0.9712587594985962,0.5681333541870117,0.6087960004806519
2026-09-17T08:27:36.705017,1789633656705017000,30.37701708984375,-0.3154596090316772,0.2536334991455078,-0.1340280175209045
2026-09-17T08:27:36.714976,1789633656714976000,30.38697607421875,0.2864123880863189,-0.1129218786954879,-0.8761325478553772
2026-09-17T08:27:36.724936,1789633656724936000,30.39693603515625,0.2874211966991424,0.460174947977066,-1.649164795875549
2026-09-17T08:27:36.734895,1789633656734895000,30.40689501953125,-0.3494631052017212,0.3315399885177612,-1.6193320751190186
2026-09-17T08:27:36.744854,1789633656744854000,30.41685400390625,0.8198480606079102,0.022563511505723,-1.0497788190841677
2026-09-17T08:27:36.754813,1789633656754813000,30.42681298828125,2.995670795440674,-0.1707912981510162,-3.927938222885132
2026-09-17T08:27:36.764772,1789633656764772900,30.43677294921875,4.376676559448242,-0.1108936220407486,-6.894259452819824
2026-09-17T08:27:36.774732,1789633656774732000,30.44673193359375,3.5358760356903076,-0.0387738831341266,-6.701201915740967
2026-09-17T08:27:36.784691,1789633656784691200,30.456691162109376,0.803486168384552,-1.270377516746521,-4.695734024047852
2026-09-17T08:27:36.794650,1789633656794650000,30.466650146484376,-1.501162052154541,-2.577094078063965,-2.5358150005340576
2026-09-17T08:27:36.804610,1789633656804610000,30.476610107421877,-1.0461950302124023,-1.6596094369888306,-1.2187540531158447
2026-09-17T08:27:36.814569,1789633656814569000,30.48656884765625,0.6872029304504395,-0.600549042224884,-0.9487130045890808
2026-09-17T08:27:36.824528,1789633656824528000,30.49652783203125,1.1602396965026855,-0.3727976679801941,-0.6205928921699524
2026-09-17T08:27:36.834487,1789633656834487000,30.50648706054687,0.5035284757614136,-0.4713008105754852,-0.3524858057498932
2026-09-17T08:27:36.844447,1789633656844447000,30.516447021484375,-0.0921058729290962,-0.4524679780006408,-0.4526132047176361
2026-09-17T08:27:36.854406,1789633656854406100,30.52640625,-0.2664774060249328,-0.4675212502479553,-0.5452036261558533
2026-09-17T08:27:36.864365,1789633656864365000,30.536364990234375,0.0702135264873504,-0.3320704698562622,-0.4584740400314331
2026-09-17T08:27:36.874324,1789633656874324000,30.546323974609376,0.4381286799907684,-0.2050019949674606,-0.3790585696697235
2026-09-17T08:27:36.884284,1789633656884284000,30.556283935546876,0.468380331993103,-0.2079687565565109,-0.3852379024028778
2026-09-17T08:27:36.894243,1789633656894243000,30.5662431640625,0.400121659040451,-0.2226904481649398,-0.418435275554657
2026-09-17T08:27:36.904202,1789633656904202000,30.576201904296877,0.431055873632431,-0.1807813495397567,-0.4150759577751159
2026-09-17T08:27:36.914161,1789633656914161000,30.586160888671873,0.4892403483390808,-0.1090264767408371,-0.3634558916091919
2026-09-17T08:27:36.924120,1789633656924120800,30.596120849609378,0.3942983746528625,-0.0859073102474212,-0.2921828031539917
2026-09-17T08:27:36.934080,1789633656934080000,30.606080078125,0.1629122942686081,-0.0810947120189666,-0.2296035438776016
2026-09-17T08:27:36.944039,1789633656944039200,30.6160390625,-0.0542373284697532,-0.0786360800266265,-0.2156837433576584
2026-09-17T08:27:36.953999,1789633656953999000,30.6259990234375,-0.1394518315792083,-0.0741840749979019,-0.2075869292020797
2026-09-17T08:27:36.963958,1789633656963958000,30.6359580078125,-0.0615599565207958,-0.0436972677707672,-0.2032345235347747
2026-09-17T08:27:36.973917,1789633656973917000,30.6459169921875,0.0572392269968986,-0.01847730204463,-0.2085351049900055
2026-09-17T08:27:36.983876,1789633656983876000,30.6558759765625,0.1556203812360763,-0.0181515961885452,-0.2498921304941177
2026-09-17T08:27:36.993836,1789633656993836000,30.6658359375,0.2218369543552398,-0.0274787861853837,-0.3187290132045746
2026-09-17T08:27:37.003795,1789633657003795000,30.675794921875,0.3048218488693237,-0.0283717438578605,-0.360802948474884
2026-09-17T08:27:37.013753,1789633657013753900,30.68575390625,0.4066837728023529,-0.0024743669200688,-0.3643308281898498
2026-09-17T08:27:37.023713,1789633657023713000,30.695713134765622,0.470447301864624,0.0041502462700009,-0.3507204949855804
2026-09-17T08:27:37.033673,1789633657033673000,30.7056728515625,0.4818674623966217,0.0002641617320477,-0.3608516752719879
2026-09-17T08:27:37.043632,1789633657043632000,30.715632080078127,0.4823878407478332,-0.0075143985450267,-0.3775185346603393
2026-09-17T08:27:37.053591,1789633657053591000,30.725591064453123,0.5206543207168579,0.0013480682391673,-0.3517921566963196
2026-09-17T08:27:37.063550,1789633657063550000,30.735550048828124,0.4945981800556183,-0.0018360072281211,-0.2989822030067444
2026-09-17T08:27:37.073510,1789633657073510000,30.745510009765624,0.4180533289909363,-0.0024962045717984,-0.29351606965065
2026-09-17T08:27:37.083468,1789633657083468800,30.75546875,0.412806898355484,-0.008657693862915,-0.3323212265968323
2026-09-17T08:27:37.093428,1789633657093428000,30.765427978515625,0.5117995738983154,-0.0031220477540045,-0.3738718926906585
2026-09-17T08:27:37.103387,1789633657103387100,30.77538720703125,0.6412531733512878,0.0281170979142189,-0.4110884964466095
2026-09-17T08:27:37.113347,1789633657113347000,30.78534716796875,0.7110218405723572,0.0527135208249092,-0.4507850408554077
2026-09-17T08:27:37.123306,1789633657123306000,30.79530590820313,0.6980993747711182,0.0681710392236709,-0.4588187336921692
2026-09-17T08:27:37.133265,1789633657133265000,30.805264892578126,0.6153419613838196,0.064998410642147,-0.4636198878288269
2026-09-17T08:27:37.143224,1789633657143224000,30.81522412109375,0.497529536485672,0.0594614371657371,-0.4524625539779663
2026-09-17T08:27:37.153184,1789633657153184000,30.82518408203125,0.4262369573116302,0.05149432644248,-0.4697723090648651
2026-09-17T08:27:37.163143,1789633657163143000,30.835142822265624,0.4213332831859588,0.0447778329253196,-0.4977528154850006
2026-09-17T08:27:37.173101,1789633657173101800,30.845101806640624,0.4002676904201507,0.0370075292885303,-0.4972934126853943
2026-09-17T08:27:37.183062,1789633657183062000,30.85506201171875,0.3559721112251282,0.0208072531968355,-0.5011435747146606
2026-09-17T08:27:37.193021,1789633657193021200,30.865021240234373,0.3108035922050476,0.02714104950428,-0.5342932343482971
2026-09-17T08:27:37.202980,1789633657202980000,30.87497998046875,0.3048143982887268,0.0292524043470621,-0.6008989214897156
2026-09-17T08:27:37.212939,1789633657212939000,30.88493896484375,0.3574235439300537,0.0393465831875801,-0.6572183966636658
2026-09-17T08:27:37.222899,1789633657222899000,30.89489892578125,0.3578131794929504,0.0579128116369247,-0.6913132071495056
2026-09-17T08:27:37.232857,1789633657232857900,30.90485791015625,0.3386333584785461,0.059265162795782,-0.7425657510757446
2026-09-17T08:27:37.242817,1789633657242817000,30.914817138671875,0.2878479361534118,0.0305227320641279,-0.7809493541717529
2026-09-17T08:27:37.252776,1789633657252776000,30.92477587890625,0.1095466464757919,-0.0092917922884225,-0.8279163241386414
2026-09-17T08:27:37.262736,1789633657262736100,30.934736083984376,-0.0335796251893043,-0.0498168468475341,-0.9308496713638306
2026-09-17T08:27:37.272695,1789633657272695000,30.944695068359376,-0.064230740070343,-0.081775851547718,-1.0589807033538818
2026-09-17T08:27:37.282654,1789633657282654000,30.954654052734377,-0.1042988002300262,-0.1346955299377441,-1.1880148649215698
2026-09-17T08:27:37.292612,1789633657292612000,30.964612060546877,-0.1506886780261993,-0.1978744864463806,-1.3088195323944092
2026-09-17T08:27:37.302572,1789633657302572000,30.974572021484377,-0.1861438751220703,-0.2375199049711227,-1.4466441869735718
2026-09-17T08:27:37.312531,1789633657312531000,30.984531005859377,-0.1776265501976013,-0.2915208339691162,-1.6064985990524292
2026-09-17T08:27:37.322489,1789633657322489900,30.99448974609375,-0.14374341070652,-0.3407544195652008,-1.772444486618042
2026-09-17T08:27:37.332449,1789633657332449000,31.004448974609375,-0.1265894621610641,-0.3530771136283874,-1.9350274801254272
2026-09-17T08:27:37.342409,1789633657342409000,31.014408935546875,-0.0721166282892227,-0.3297747373580932,-2.145463228225708
2026-09-17T08:27:37.352368,1789633657352368000,31.0243681640625,-0.0056225601583719,-0.2699731886386871,-2.381051540374756
2026-09-17T08:27:37.362327,1789633657362327000,31.0343271484375,0.0333389565348625,-0.246578112244606,-2.6369025707244873
2026-09-17T08:27:37.372286,1789633657372286200,31.0442861328125,0.0350223407149314,-0.2775331139564514,-2.967489242553711
2026-09-17T08:27:37.382246,1789633657382246100,31.05424609375,-0.0397163480520248,-0.2435642182826995,-3.3446247577667236
2026-09-17T08:27:37.392205,1789633657392205000,31.064205078125,-0.104653000831604,-0.0340139158070087,-3.763238668441773
2026-09-17T08:27:37.402164,1789633657402164000,31.0741640625,-0.1064849942922592,0.213588684797287,-4.2686591148376465
2026-09-17T08:27:37.412124,1789633657412124000,31.0841240234375,-0.2714305520057678,0.4603220224380493,-4.831532001495361
2026-09-17T08:27:37.422082,1789633657422082800,31.09408276367187,-0.528681218624115,0.6415424346923828,-5.5820088386535645
2026-09-17T08:27:37.432042,1789633657432042200,31.104042236328127,-0.7035318613052368,0.5349347591400146,-6.4056549072265625
2026-09-17T08:27:37.442001,1789633657442001200,31.114001220703123,-0.5777806043624878,0.2891625463962555,-7.209678649902344
2026-09-17T08:27:37.451961,1789633657451961000,31.123961181640624,0.0811259150505065,0.1331779956817627,-7.396037101745605
2026-09-17T08:27:37.461920,1789633657461920000,31.133919921875,0.638176679611206,0.3322210609912872,-7.212812900543213
2026-09-17T08:27:37.471879,1789633657471879000,31.14387890625,0.9176192283630372,0.5924119353294373,-7.1770148277282715
2026-09-17T08:27:37.481838,1789633657481838000,31.153838134765625,0.604193925857544,1.2033900022506714,-6.532001495361328
2026-09-17T08:27:37.491798,1789633657491798000,31.163798095703125,-0.0220396164804697,1.5217448472976685,-5.860445976257324
2026-09-17T08:27:37.501757,1789633657501757000,31.1737568359375,-0.1185264736413955,1.395224928855896,-5.518054008483887
2026-09-17T08:27:37.511715,1789633657511715800,31.1837158203125,0.2603997886180877,1.274317502975464,-5.22545051574707
2026-09-17T08:27:37.521675,1789633657521675000,31.193675048828126,0.3578470051288605,1.3803682327270508,-4.849874496459961
2026-09-17T08:27:37.531635,1789633657531635000,31.203635009765627,0.3120472729206085,1.55241858959198,-4.1251630783081055
2026-09-17T08:27:37.541594,1789633657541594000,31.213593994140624,-0.0063637178391218,1.408061146736145,-2.199521541595459
2026-09-17T08:27:37.551553,1789633657551553000,31.223552978515624,-0.0437864549458026,1.1709245443344116,0.1068926155567169
2026-09-17T08:27:37.561512,1789633657561512000,31.233511962890624,0.6117043495178223,0.9245169162750244,1.495753049850464
2026-09-17T08:27:37.571472,1789633657571472000,31.243471923828125,1.1893905401229858,0.456003725528717,2.302067995071411
2026-09-17T08:27:37.581431,1789633657581431000,31.25343115234375,1.4758681058883667,0.1568718701601028,2.7907934188842773
2026-09-17T08:27:37.591390,1789633657591390000,31.263389892578125,1.6160666942596436,0.010178311727941,3.071524143218994
2026-09-17T08:27:37.601349,1789633657601349000,31.27334912109375,1.545206904411316,-0.0775787085294723,3.2063233852386475
2026-09-17T08:27:37.611309,1789633657611309000,31.28330908203125,1.3062220811843872,-0.0510874427855014,3.2739713191986084
2026-09-17T08:27:37.621268,1789633657621268000,31.29326806640625,0.9094942212104796,-0.0037279168609529,3.3167314529418945
2026-09-17T08:27:37.631227,1789633657631227100,31.30322705078125,0.4204219579696655,-0.0090265413746237,3.3626558780670166
2026-09-17T08:27:37.641187,1789633657641187000,31.31318701171875,-0.0671232044696807,-0.0611619167029857,3.4281535148620605
2026-09-17T08:27:37.651146,1789633657651146000,31.32314599609375,-0.4513342678546905,-0.1281880885362625,3.5127012729644775
2026-09-17T08:27:37.661105,1789633657661105000,31.33310498046875,-0.7072879672050476,-0.2029643207788467,3.644578456878662
2026-09-17T08:27:37.671063,1789633657671063800,31.343063720703125,-0.879039466381073,-0.3084779679775238,3.8634018898010254
2026-09-17T08:27:37.681024,1789633657681024000,31.35302392578125,-0.9709513187408448,-0.3756503462791443,4.186020374298096
2026-09-17T08:27:37.690983,1789633657690983200,31.36298315429687,-0.9830029010772704,-0.3737155497074127,4.512719631195068
2026-09-17T08:27:37.700942,1789633657700942000,31.37294213867187,-0.957552969455719,-0.2558397948741913,4.7779130935668945
2026-09-17T08:27:37.710901,1789633657710901000,31.38290087890625,-0.9918770790100098,-0.1392212957143783,4.925971031188965
2026-09-17T08:27:37.720861,1789633657720861000,31.39286083984375,-1.0802652835845947,-0.032592587172985,4.974050998687744
2026-09-17T08:27:37.730819,1789633657730819800,31.40281982421875,-1.1594805717468262,0.1206219941377639,5.000826835632324
2026-09-17T08:27:37.740779,1789633657740779000,31.412779052734376,-1.2369457483291626,0.2675464749336242,5.063056945800781
2026-09-17T08:27:37.750738,1789633657750738000,31.422738037109376,-1.2792463302612305,0.3565732836723327,5.123438835144043
2026-09-17T08:27:37.760698,1789633657760698000,31.432697998046876,-1.2757381200790403,0.4229352474212646,5.252222061157227
2026-09-17T08:27:37.770657,1789633657770657000,31.442656982421877,-1.2291499376296997,0.3658900856971741,5.370877742767334
2026-09-17T08:27:37.780616,1789633657780616000,31.452615966796873,-1.130038499832153,0.2795445322990417,5.5071635246276855
2026-09-17T08:27:37.790575,1789633657790575000,31.4625751953125,-1.0714439153671265,0.1722276657819748,5.637733459472656
2026-09-17T08:27:37.800535,1789633657800535000,31.47253515625,-1.0841461420059204,0.0887141302227974,5.702210903167725
2026-09-17T08:27:37.810494,1789633657810494000,31.482493896484375,-1.1866298913955688,0.0479033216834068,5.699371814727783
2026-09-17T08:27:37.820452,1789633657820452900,31.492452880859375,-1.3500419855117798,0.0926460176706314,5.663121700286865
2026-09-17T08:27:37.830412,1789633657830412000,31.502412109375,-1.5872385501861572,0.1912077516317367,5.618757724761963
2026-09-17T08:27:37.840372,1789633657840372000,31.5123720703125,-1.811823487281799,0.3070528507232666,5.577678203582764
2026-09-17T08:27:37.850331,1789633657850331100,31.5223310546875,-1.983858108520508,0.4306757152080536,5.587741851806641
2026-09-17T08:27:37.860290,1789633657860290000,31.5322900390625,-2.0669093132019043,0.6306575536727905,5.644625186920166
2026-09-17T08:27:37.870249,1789633657870249000,31.5422490234375,-2.126239776611328,0.8656964898109436,5.419275760650635
2026-09-17T08:27:37.880209,1789633657880209000,31.552208984375,-2.2652151584625244,0.9210848808288574,5.32266902923584
2026-09-17T08:27:37.890168,1789633657890168000,31.56216796875,-2.4417853355407715,0.994180142879486,5.183069705963135
2026-09-17T08:27:37.900127,1789633657900127000,31.572126953125,-2.611360788345337,1.0553970336914062,4.45118522644043
2026-09-17T08:27:37.910087,1789633657910087200,31.582087158203127,-2.6238322257995605,0.8210224509239197,3.415834426879883
2026-09-17T08:27:37.920046,1789633657920046000,31.592046142578123,-2.371812343597412,0.575916588306427,2.315432071685791
2026-09-17T08:27:37.930005,1789633657930005000,31.6020048828125,-1.9717209339141848,0.342881441116333,1.42851459980011
2026-09-17T08:27:37.939964,1789633657939964200,31.611964111328124,-1.4627413749694824,0.2996865510940552,0.5616641044616699
2026-09-17T08:27:37.949924,1789633657949924000,31.621924072265625,-0.9357728362083436,0.2444968074560165,-0.2398935556411743
2026-09-17T08:27:37.959883,1789633657959883000,31.631883056640625,-0.0441835336387157,0.0225119441747665,-0.9325724244117736
2026-09-17T08:27:37.969842,1789633657969842000,31.641842041015625,1.2595890760421753,-0.3691245317459106,-1.854119062423706
2026-09-17T08:27:37.979800,1789633657979800800,31.65180078125,0.4582263231277466,0.8197763562202454,-2.1975882053375244
2026-09-17T08:27:37.989761,1789633657989761000,31.66176098632813,-0.683875322341919,0.9324628710746764,-0.1722970902919769
2026-09-17T08:27:37.999720,1789633657999720200,31.67172021484375,1.893894910812378,-0.2530843019485473,-0.969788372516632
2026-09-17T08:27:38.009679,1789633658009679000,31.68167919921875,3.3309171199798584,-0.0552268773317337,-5.208676815032959
2026-09-17T08:27:38.019638,1789633658019638000,31.691637939453123,4.0168843269348145,-0.3345226943492889,-6.939339637756348
2026-09-17T08:27:38.029598,1789633658029598000,31.701597900390624,2.6483426094055176,-0.762608528137207,-6.106446743011475
2026-09-17T08:27:38.039556,1789633658039556900,31.711556884765624,0.3057017624378204,-2.0009238719940186,-4.371914386749268
2026-09-17T08:27:38.049516,1789633658049516000,31.72151611328125,-0.347525030374527,-2.266996145248413,-2.391684293746948
2026-09-17T08:27:38.059475,1789633658059475000,31.731474853515625,0.7096071839332581,-1.1047285795211792,-1.289184331893921
2026-09-17T08:27:38.069435,1789633658069435100,31.74143505859375,1.4275970458984375,-0.4426483809947967,-0.908218502998352
2026-09-17T08:27:38.079394,1789633658079394000,31.75139404296875,0.711409330368042,-0.4632969200611114,-0.4143358469009399
2026-09-17T08:27:38.089353,1789633658089353000,31.76135302734375,-0.1415697485208511,-0.4904963374137878,-0.3640566766262054
2026-09-17T08:27:38.099313,1789633658099313000,31.77131298828125,-0.5349777340888977,-0.4811190664768219,-0.5074335336685181
2026-09-17T08:27:38.109272,1789633658109272000,31.78127197265625,-0.3838404417037964,-0.4599448144435882,-0.4714404046535492
2026-09-17T08:27:38.119231,1789633658119231000,31.79123095703125,0.0361629649996757,-0.3050779998302459,-0.3911412954330444
2026-09-17T08:27:38.129190,1789633658129190000,31.80118994140625,0.2713270187377929,-0.2485129684209823,-0.3570334017276764
2026-09-17T08:27:38.139149,1789633658139149800,31.81114990234375,0.2927207052707672,-0.2582457661628723,-0.4375516772270202
2026-09-17T08:27:38.149109,1789633658149109200,31.821109130859377,0.3229531943798065,-0.2372954785823822,-0.4619629979133606
2026-09-17T08:27:38.159068,1789633658159068200,31.831068115234373,0.361617237329483,-0.1459269523620605,-0.3967962563037872
2026-09-17T08:27:38.169027,1789633658169027000,31.841027099609377,0.3529843091964721,-0.0966568738222122,-0.3427977263927459
2026-09-17T08:27:38.178987,1789633658178987000,31.85098706054687,0.2826243937015533,-0.0875957384705543,-0.3219265341758728
2026-09-17T08:27:38.188946,1789633658188946000,31.86094580078125,0.1602364480495453,-0.0774541571736335,-0.3200010657310486
2026-09-17T08:27:38.198905,1789633658198905000,31.870905029296875,0.0715286806225776,-0.0804526060819625,-0.314063012599945
2026-09-17T08:27:38.208864,1789633658208864000,31.880864013671875,0.0647695809602737,-0.0366955362260341,-0.2764309644699096
2026-09-17T08:27:38.218824,1789633658218824000,31.890823974609376,0.1106140315532684,-0.0030377085786312,-0.2452919334173202
2026-09-17T08:27:38.228782,1789633658228782800,31.900782958984376,0.1203489527106285,0.0095760878175497,-0.2301992624998092
2026-09-17T08:27:38.238742,1789633658238742000,31.910741943359376,0.0979304611682891,-0.0215421505272388,-0.2516867220401764
2026-09-17T08:27:38.248701,1789633658248701200,31.920701171875,0.1053391098976135,-0.0343122743070125,-0.2896849811077118
2026-09-17T08:27:38.258661,1789633658258661000,31.9306611328125,0.1665132492780685,-0.0210926085710525,-0.308050125837326
2026-09-17T08:27:38.268620,1789633658268620000,31.9406201171875,0.2579123973846435,-0.008370422758162,-0.3109175562858581
2026-09-17T08:27:38.278579,1789633658278579000,31.95057885742187,0.3416128754615783,-0.0078196804970502,-0.3297101557254791
2026-09-17T08:27:38.288538,1789633658288538000,31.9605380859375,0.4001542329788208,0.0042657442390918,-0.3307834267616272
2026-09-17T08:27:38.298498,1789633658298498000,31.970498046875,0.4069439470767975,0.0003216026816517,-0.3127460777759552
2026-09-17T08:27:38.308457,1789633658308457200,31.980457275390624,0.382618635892868,0.0014864692930132,-0.297102153301239
2026-09-17T08:27:38.318416,1789633658318416100,31.990416015625,0.3720003664493561,0.0084868548437953,-0.2931071519851684
2026-09-17T08:27:38.328375,1789633658328375000,32.000375,0.3876863718032837,0.0279801283031702,-0.2885163724422455
2026-09-17T08:27:38.338335,1789633658338335000,32.0103349609375,0.4135549962520599,0.0427399016916751,-0.3036154508590698
2026-09-17T08:27:38.348294,1789633658348294100,32.020294189453125,0.4692062735557556,0.0434126146137714,-0.3790494799613952
2026-09-17T08:27:38.358253,1789633658358253300,32.03025341796875,0.5373965501785278,0.0569324195384979,-0.4124380648136139
2026-09-17T08:27:38.368212,1789633658368212200,32.040212158203126,0.5579097867012024,0.0725752934813499,-0.3949794471263885
2026-09-17T08:27:38.378172,1789633658378172200,32.050172119140626,0.5039240717887878,0.0624720603227615,-0.3914459645748138
2026-09-17T08:27:38.388131,1789633658388131000,32.06013110351562,0.4379878938198089,0.0475378520786762,-0.4037785232067108
2026-09-17T08:27:38.398090,1789633658398090200,32.07009033203125,0.4037473797798157,0.0490736961364746,-0.4100225865840912
2026-09-17T08:27:38.408050,1789633658408050200,32.08005029296875,0.3855805993080139,0.0469831153750419,-0.4196656048297882
2026-09-17T08:27:38.418009,1789633658418009000,32.090009033203124,0.3999214768409729,0.0390362441539764,-0.4315134882926941
2026-09-17T08:27:38.427968,1789633658427968000,32.09996801757813,0.382467120885849,0.0396956428885459,-0.4427323341369629
2026-09-17T08:27:38.437927,1789633658437927200,32.10992724609375,0.3010867834091186,0.0215382073074579,-0.436969518661499
2026-09-17T08:27:38.447887,1789633658447887000,32.11988720703125,0.2417672574520111,0.0230852384120225,-0.4589312672615051
2026-09-17T08:27:38.457846,1789633658457846300,32.12984619140625,0.2514824867248535,0.02872128598392,-0.4967566728591919
2026-09-17T08:27:38.467805,1789633658467805200,32.13980517578125,0.2705230116844177,0.0427369698882103,-0.5573549866676331
2026-09-17T08:27:38.477764,1789633658477764000,32.14976416015625,0.3425889313220978,0.0478017702698707,-0.6143980622291565
2026-09-17T08:27:38.487724,1789633658487724000,32.15972412109375,0.3851736783981323,0.0223549995571374,-0.6239430904388428
2026-09-17T08:27:38.497683,1789633658497683000,32.16968286132813,0.3187912106513977,-0.0150006283074617,-0.6249196529388428
2026-09-17T08:27:38.507642,1789633658507642000,32.17964208984375,0.2292991280555725,-0.0608107261359691,-0.6537768840789795
2026-09-17T08:27:38.517601,1789633658517601000,32.18960107421875,0.1561926901340484,-0.097235582768917,-0.6864861249923706
2026-09-17T08:27:38.527561,1789633658527561200,32.19956127929687,0.0869433283805847,-0.1299309432506561,-0.7270234227180481
2026-09-17T08:27:38.537520,1789633658537520000,32.20952001953125,0.035135518759489,-0.144475519657135,-0.7942541241645813
2026-09-17T08:27:38.547479,1789633658547479000,32.21947900390625,0.0300611313432455,-0.1538647711277008,-0.8729273676872253
2026-09-17T08:27:38.557438,1789633658557438200,32.22943823242188,0.0369014590978622,-0.1613407880067825,-0.954233944416046
2026-09-17T08:27:38.567398,1789633658567398100,32.23939819335938,0.0070136035792529,-0.1720648109912872,-1.0483617782592771
2026-09-17T08:27:38.577357,1789633658577357000,32.249357177734375,0.0025490804109722,-0.1831763088703155,-1.177546739578247
2026-09-17T08:27:38.587316,1789633658587316000,32.25931591796875,0.0583705343306064,-0.1968521773815155,-1.3300899267196655
2026-09-17T08:27:38.597275,1789633658597275100,32.269275146484375,0.0493727773427963,-0.2133946716785431,-1.465056538581848
2026-09-17T08:27:38.607235,1789633658607235000,32.279235107421876,0.0128129031509161,-0.2522496879100799,-1.598147749900818
2026-09-17T08:27:38.617194,1789633658617194200,32.2891943359375,-0.0109526142477989,-0.2793129682540893,-1.7311244010925293
2026-09-17T08:27:38.627153,1789633658627153200,32.299153076171876,0.0082980459555983,-0.261254608631134,-1.888059377670288
2026-09-17T08:27:38.637112,1789633658637112000,32.30911206054687,0.0525600500404834,-0.2220448851585388,-2.067214250564575
2026-09-17T08:27:38.647072,1789633658647072000,32.319072021484374,0.0729494765400886,-0.1750267744064331,-2.259615421295166
2026-09-17T08:27:38.657031,1789633658657031200,32.32903125,0.1042490825057029,-0.1770417243242263,-2.5282559394836426
2026-09-17T08:27:38.666990,1789633658666990000,32.338989990234374,0.0608805641531944,-0.2193273901939392,-2.8578972816467285
2026-09-17T08:27:38.676949,1789633658676949000,32.34894897460938,-0.0637082308530807,-0.1005964949727058,-3.191725254058838
2026-09-17T08:27:38.686909,1789633658686909200,32.3589091796875,-0.0552388504147529,0.0423305742442607,-3.5831315517425537
2026-09-17T08:27:38.696868,1789633658696868000,32.3688681640625,-0.092177428305149,0.1545218229293823,-4.055859088897705
2026-09-17T08:27:38.706827,1789633658706827300,32.3788271484375,-0.2923738956451416,0.2661548554897308,-4.559144496917725
2026-09-17T08:27:38.716787,1789633658716787200,32.388787109375,-0.44610196352005,0.3372567296028137,-5.166764259338379
2026-09-17T08:27:38.726746,1789633658726746000,32.39874609375,-0.4402861297130584,0.3219438195228576,-5.846441268920898
2026-09-17T08:27:38.736705,1789633658736705000,32.408705078125,-0.3405824601650238,0.1874526143074035,-6.4622273445129395
2026-09-17T08:27:38.746664,1789633658746664000,32.41866381835938,0.1164000183343887,0.0130991833284497,-6.759140491485596
2026-09-17T08:27:38.756624,1789633658756624100,32.4286240234375,0.5897529721260071,0.1701583117246627,-6.6145853996276855
2026-09-17T08:27:38.766583,1789633658766583300,32.438583251953126,0.8974719047546387,0.3547342717647552,-6.542210102081299
2026-09-17T08:27:38.776542,1789633658776542200,32.44854223632812,0.6523356437683105,0.6810284852981567,-6.185215473175049
2026-09-17T08:27:38.786501,1789633658786501000,32.45850122070313,0.3089300394058227,1.02357816696167,-5.819547653198242
2026-09-17T08:27:38.796461,1789633658796461000,32.4684609375,0.4050294160842895,1.2060621976852417,-5.521328926086426
2026-09-17T08:27:38.806420,1789633658806420000,32.478419921875,0.5429468154907227,1.1465858221054075,-5.065577983856201
2026-09-17T08:27:38.816379,1789633658816379100,32.48837915039063,0.4861548840999603,1.3531213998794556,-4.628903388977051
2026-09-17T08:27:38.826338,1789633658826338000,32.498338134765625,0.3482771813869476,1.4041353464126587,-3.622980833053589
2026-09-17T08:27:38.836298,1789633658836298200,32.50829833984375,0.0445703007280826,1.2776565551757812,-1.82058584690094
2026-09-17T08:27:38.846257,1789633658846257200,32.51825708007812,0.084398940205574,1.232162594795227,0.1711476296186447
2026-09-17T08:27:38.856216,1789633658856216300,32.52821630859375,0.631386935710907,1.0826071500778198,1.1984230279922483
2026-09-17T08:27:38.866175,1789633658866175200,32.53817529296875,1.0102347135543823,0.8707166910171509,1.6352736949920654
2026-09-17T08:27:38.876135,1789633658876135200,32.54813525390625,1.069962739944458,0.7710976600646973,1.8409596681594849
2026-09-17T08:27:38.886094,1789633658886094000,32.55809399414063,0.9686312675476074,0.7707594633102417,1.895196795463562
2026-09-17T08:27:38.896053,1789633658896053000,32.568052978515624,0.6981965899467468,0.7947129607200623,1.8678733110427856
2026-09-17T08:27:38.906012,1789633658906012200,32.57801220703125,0.2104649841785431,0.7451906800270081,1.9309828281402588
2026-09-17T08:27:38.915972,1789633658915972400,32.58797241210937,-0.339519053697586,0.5957229137420654,2.1931192874908447
2026-09-17T08:27:38.925931,1789633658925931300,32.59793115234375,-0.6752344369888306,0.4485965967178345,2.580780029296875
2026-09-17T08:27:38.935890,1789633658935890200,32.60789013671875,-0.7078278064727783,0.3529331684112549,3.054600477218628
2026-09-17T08:27:38.945849,1789633658945849000,32.61784912109375,-0.5619862079620361,0.2218132466077804,3.489426374435425
2026-09-17T08:27:38.955809,1789633658955809000,32.62780908203125,-0.4331667125225067,0.0241294633597135,3.849691390991211
2026-09-17T08:27:38.965768,1789633658965768200,32.637768310546875,-0.3880490362644195,-0.1635386943817138,4.170180320739746
2026-09-17T08:27:38.975727,1789633658975727000,32.64772705078125,-0.3984920978546142,-0.2796935439109802,4.432936668395996
2026-09-17T08:27:38.985687,1789633658985687000,32.65768701171875,-0.5118290185928345,-0.3616933524608612,4.6404852867126465
2026-09-17T08:27:38.995646,1789633658995646200,32.667646240234376,-0.7126883268356323,-0.4459019601345062,4.802192211151123
2026-09-17T08:27:39.005605,1789633659005605000,32.67760522460937,-0.911746382713318,-0.4970325827598572,4.946563243865967
2026-09-17T08:27:39.015564,1789633659015564300,32.68756420898438,-1.0497828722000122,-0.4834485948085785,5.08217191696167
2026-09-17T08:27:39.025524,1789633659025524200,32.69752416992188,-1.182209610939026,-0.4735821187496185,5.20444917678833
2026-09-17T08:27:39.035483,1789633659035483100,32.707483154296874,-1.306760549545288,-0.4936021566390991,5.324996471405029
2026-09-17T08:27:39.045442,1789633659045442000,32.71744213867188,-1.353772521018982,-0.5070697665214539,5.508411407470703
2026-09-17T08:27:39.055401,1789633659055401000,32.72740087890625,-1.3007255792617798,-0.5101709961891174,5.676490306854248
2026-09-17T08:27:39.065361,1789633659065361000,32.73736083984375,-1.2360448837280271,-0.4717977941036224,5.856998920440674
2026-09-17T08:27:39.075320,1789633659075320300,32.7473203125,-1.241598129272461,-0.3396448194980621,6.064657688140869
2026-09-17T08:27:39.085279,1789633659085279200,32.757279296875,-1.3582674264907837,-0.2020382136106491,6.163259029388428
2026-09-17T08:27:39.095238,1789633659095238100,32.76723803710937,-1.510751247406006,-0.0161373205482959,6.143563747406006
2026-09-17T08:27:39.105198,1789633659105198000,32.77719799804687,-1.6855299472808838,0.2089269608259201,6.093180179595947
2026-09-17T08:27:39.115157,1789633659115157200,32.7871572265625,-1.807798147201538,0.4923219084739685,6.043999671936035
2026-09-17T08:27:39.125116,1789633659125116200,32.7971162109375,-1.8420127630233765,0.7136396169662476,5.964877605438232
2026-09-17T08:27:39.135075,1789633659135075000,32.80707495117188,-1.732131838798523,0.8559919595718384,5.864639759063721
2026-09-17T08:27:39.145035,1789633659145035000,32.81703491210938,-1.4661803245544434,0.9570490717887878,5.75012731552124
2026-09-17T08:27:39.154994,1789633659154994200,32.826994140625,-1.2303614616394043,1.0875226259231567,5.597448348999023
2026-09-17T08:27:39.164953,1789633659164953300,32.83695336914062,-1.192814588546753,1.2566750049591064,5.192722797393799
2026-09-17T08:27:39.174912,1789633659174912300,32.84691235351563,-1.4088035821914673,1.3495553731918335,4.9700822830200195
2026-09-17T08:27:39.184872,1789633659184872200,32.8568720703125,-1.7561115026474,1.563444972038269,4.488638401031494
2026-09-17T08:27:39.194831,1789633659194831000,32.8668310546875,-2.1102826595306396,1.4203320741653442,3.5518128871917725
2026-09-17T08:27:39.204790,1789633659204790000,32.8767900390625,-2.2138359546661377,1.028964877128601,2.544604778289795
2026-09-17T08:27:39.214749,1789633659214749200,32.886749267578125,-1.9365794658660889,0.4506421089172363,1.639313817024231
2026-09-17T08:27:39.224709,1789633659224709000,32.896709228515626,-1.326183557510376,-0.2120546251535415,0.8778340816497803
2026-09-17T08:27:39.234668,1789633659234668000,32.90666796875,-0.516392171382904,-0.8432546854019165,0.3238156139850616
2026-09-17T08:27:39.244627,1789633659244627200,32.916627197265626,0.2362054139375686,-1.3536192178726196,-0.2077593058347702
2026-09-17T08:27:39.254586,1789633659254586000,32.92658618164062,0.7110888957977295,-1.6728754043579102,-0.9614181518554688
2026-09-17T08:27:39.264546,1789633659264546000,32.93654614257812,0.0191657822579145,-0.5969056487083435,-1.709009885787964
2026-09-17T08:27:39.274505,1789633659274505200,32.94650512695313,-0.8182835578918457,-0.923306405544281,-1.592893123626709
2026-09-17T08:27:39.284464,1789633659284464000,32.956464111328124,0.9625186920166016,-1.0330400466918943,-1.3155577182769775
2026-09-17T08:27:39.294424,1789633659294424300,32.96642431640625,2.9018900394439697,-0.0586853139102458,-4.9332966804504395
2026-09-17T08:27:39.304383,1789633659304383200,32.97638330078125,3.811807870864868,-0.2477502971887588,-7.673433780670166
2026-09-17T08:27:39.314342,1789633659314342100,32.986342041015625,2.5924806594848633,-0.2402817457914352,-7.348116397857666
2026-09-17T08:27:39.324301,1789633659324301300,32.99630126953125,-0.2988385558128357,-1.4635488986968994,-5.2852864265441895
2026-09-17T08:27:39.334261,1789633659334261200,33.00626123046875,-2.4876065254211426,-3.07453989982605,-3.2006373405456543
2026-09-17T08:27:39.344220,1789633659344220200,33.01622021484375,-0.7312901020050049,-1.623266577720642,-1.4475226402282717
2026-09-17T08:27:39.354179,1789633659354179000,33.02617895507812,2.0588929653167725,-0.0685078501701355,-0.4632773697376251
2026-09-17T08:27:39.364138,1789633659364138200,33.03613818359375,2.0013630390167236,-0.2656978964805603,-0.2063872516155243
2026-09-17T08:27:39.374098,1789633659374098200,33.04609814453125,0.6636428236961365,-0.4752345979213714,-0.4734437167644501
2026-09-17T08:27:39.384057,1789633659384057300,33.056057373046876,-0.3660857677459717,-0.5205861330032349,-0.6638424396514893
2026-09-17T08:27:39.394016,1789633659394016300,33.06601635742187,-0.4209151864051819,-0.4381535649299621,-0.4758533537387848
2026-09-17T08:27:39.403975,1789633659403975200,33.07597509765625,0.2426851540803909,-0.2147883623838424,-0.3986546993255615
2026-09-17T08:27:39.413935,1789633659413935000,33.08593505859375,0.6014018058776855,-0.1640404909849167,-0.4224167466163635
2026-09-17T08:27:39.423894,1789633659423894300,33.095894287109374,0.5876529812812805,-0.1834317743778228,-0.4958235919475555
2026-09-17T08:27:39.433853,1789633659433853200,33.10585327148438,0.5093754529953003,-0.1613517701625824,-0.4990710616111755
2026-09-17T08:27:39.443812,1789633659443812400,33.115812255859375,0.420255959033966,-0.1598971486091613,-0.4678196609020233
2026-09-17T08:27:39.453772,1789633659453772300,33.125772216796875,0.3756000697612762,-0.1227782815694809,-0.5019917488098145
2026-09-17T08:27:39.463731,1789633659463731200,33.13573120117187,0.2944934964179992,-0.1007880270481109,-0.4564160108566284
2026-09-17T08:27:39.473690,1789633659473690400,33.1456904296875,0.212114468216896,-0.0604472607374191,-0.368804395198822
2026-09-17T08:27:39.483649,1789633659483649300,33.15564916992187,0.2225780189037323,-0.0346718542277812,-0.3995926678180694
2026-09-17T08:27:39.493609,1789633659493609200,33.16560913085937,0.3082207441329956,-0.0326478518545627,-0.3873311877250671
2026-09-17T08:27:39.503568,1789633659503568100,33.17556811523438,0.3092457950115204,0.0006179566262289,-0.3117035627365112
2026-09-17T08:27:39.513527,1789633659513527000,33.185527099609374,0.2619179785251617,-0.0034667996224015,-0.3344871699810028
2026-09-17T08:27:39.523486,1789633659523486500,33.19548657226562,0.2640839219093323,-0.0072980234399437,-0.3498799800872803
2026-09-17T08:27:39.533446,1789633659533446400,33.2054462890625,0.2861910760402679,0.0094292908906936,-0.3234789967536926
2026-09-17T08:27:39.543405,1789633659543405300,33.2154052734375,0.2621131837368011,-0.0011032442562282,-0.3138988018035888
2026-09-17T08:27:39.553364,1789633659553364200,33.2253642578125,0.2373297959566116,-0.0085446489974856,-0.3274335265159607
2026-09-17T08:27:39.563323,1789633659563323100,33.2353232421875,0.2786884307861328,0.0053748949430882,-0.3410252332687378
2026-09-17T08:27:39.573283,1789633659573283000,33.245282958984376,0.3646802902221679,0.0354600958526134,-0.3611789643764496
2026-09-17T08:27:39.583242,1789633659583242200,33.2552421875,0.4285338521003723,0.0678529217839241,-0.3613291680812835
2026-09-17T08:27:39.593201,1789633659593201200,33.265201171875,0.4235172569751739,0.0895654037594795,-0.3469289243221283
2026-09-17T08:27:39.603160,1789633659603160000,33.27516015625,0.3513335883617401,0.1091545522212982,-0.3439365923404693
2026-09-17T08:27:39.613120,1789633659613120300,33.285120361328126,0.308369904756546,0.102674551308155,-0.37131068110466
2026-09-17T08:27:39.623079,1789633659623079400,33.29507934570312,0.3145300447940826,0.1142366677522659,-0.4158493876457214
2026-09-17T08:27:39.633038,1789633659633038300,33.305038330078126,0.3737150728702545,0.1296225488185882,-0.4519283175468445
2026-09-17T08:27:39.642998,1789633659642998300,33.31499829101563,0.4018987715244293,0.1440494209527969,-0.4701161086559295
2026-09-17T08:27:39.652957,1789633659652957200,33.324957275390624,0.3523743748664856,0.1315892934799194,-0.5165656208992004
2026-09-17T08:27:39.662916,1789633659662916000,33.334916015625,0.2777054607868194,0.1210879161953926,-0.5477352738380432
2026-09-17T08:27:39.672875,1789633659672875300,33.344875244140624,0.2808362543582916,0.1113671064376831,-0.5690383911132812
2026-09-17T08:27:39.682835,1789633659682835500,33.35483544921875,0.3307894468307495,0.0885446146130561,-0.6054677963256836
2026-09-17T08:27:39.692794,1789633659692794400,33.36479443359375,0.3473039865493774,0.0713861361145973,-0.6316106915473938
2026-09-17T08:27:39.702753,1789633659702753300,33.374753173828125,0.3370382785797119,0.0463891737163066,-0.6325361728668213
2026-09-17T08:27:39.712712,1789633659712712200,33.38471215820312,0.3069618642330169,0.0159071646630764,-0.6283915042877197
2026-09-17T08:27:39.722672,1789633659722672000,33.39467211914062,0.2780151665210724,-0.0079885814338922,-0.6326062083244324
2026-09-17T08:27:39.732631,1789633659732631300,33.40463134765625,0.2708387672901153,-0.0318177454173564,-0.6466394662857056
2026-09-17T08:27:39.742590,1789633659742590200,33.41459008789062,0.2789179980754852,-0.0482763461768627,-0.6598700284957886
2026-09-17T08:27:39.752549,1789633659752549000,33.42454907226563,0.2778998613357544,-0.0239598248153924,-0.6527471542358398
2026-09-17T08:27:39.762509,1789633659762509300,33.43450927734375,0.2840014398097992,-0.0367765501141548,-0.6609406471252441
2026-09-17T08:27:39.772468,1789633659772468200,33.44446826171875,0.1829904019832611,-0.0716093704104423,-0.6741941571235657
2026-09-17T08:27:39.782427,1789633659782427400,33.45442749023437,0.0492240823805332,-0.0885518640279769,-0.704666018486023
2026-09-17T08:27:39.792386,1789633659792386300,33.46438623046875,0.0192930810153484,-0.1138865128159523,-0.7666556239128113
2026-09-17T08:27:39.802346,1789633659802346200,33.47434619140625,0.0260268840938806,-0.1506652981042862,-0.8206046223640442
2026-09-17T08:27:39.812305,1789633659812305200,33.48430517578125,-0.0107638873159885,-0.1865641772747039,-0.8866826891899109
2026-09-17T08:27:39.822264,1789633659822264300,33.49426440429688,-0.0752552598714828,-0.2133558541536331,-0.9796821475028992
2026-09-17T08:27:39.832223,1789633659832223200,33.50422314453125,-0.1331752836704254,-0.2187330424785614,-1.0909767150878906
2026-09-17T08:27:39.842183,1789633659842183400,33.514183349609375,-0.1505473554134369,-0.2466602772474289,-1.2279229164123535
2026-09-17T08:27:39.852142,1789633659852142300,33.52414233398437,-0.1720606386661529,-0.2806214392185211,-1.3751035928726196
2026-09-17T08:27:39.862101,1789633659862101200,33.534101318359376,-0.1993340700864792,-0.3188258409500122,-1.528050184249878
2026-09-17T08:27:39.872060,1789633659872060400,33.54406030273437,-0.211897537112236,-0.3535420000553131,-1.6964781284332275
2026-09-17T08:27:39.882020,1789633659882020400,33.55402026367187,-0.2218021005392074,-0.353208839893341,-1.8723431825637815
2026-09-17T08:27:39.891979,1789633659891979300,33.56397924804688,-0.1673809289932251,-0.3445732593536377,-2.0787930488586426
2026-09-17T08:27:39.901938,1789633659901938200,33.573938232421874,-0.0584642998874187,-0.3321245908737182,-2.3546876907348633
2026-09-17T08:27:39.911897,1789633659911897000,33.58389697265625,-0.015385003760457,-0.2877704501152038,-2.71163272857666
2026-09-17T08:27:39.921857,1789633659921857300,33.59385717773438,-0.0023493631742894,-0.1261117607355117,-3.1249711513519287
2026-09-17T08:27:39.931816,1789633659931816400,33.60381640625,0.0981820374727249,0.0355463810265064,-3.602986097335815
2026-09-17T08:27:39.941775,1789633659941775400,33.613775390625,0.1079936623573303,0.1533425152301788,-4.144029140472412
2026-09-17T08:27:39.951734,1789633659951734300,33.623734375,-0.0824894681572914,0.2981966435909271,-4.682037353515625
2026-09-17T08:27:39.961694,1789633659961694200,33.633694091796876,-0.2831986248493194,0.4020276963710785,-5.33599328994751
2026-09-17T08:27:39.971653,1789633659971653000,33.64365307617187,-0.3292438685894012,0.4447192251682281,-6.117688179016113
2026-09-17T08:27:39.981612,1789633659981612300,33.6536123046875,-0.37293142080307,0.252775102853775,-6.903493404388428
2026-09-17T08:27:39.991572,1789633659991572200,33.663572265625,-0.0447191894054412,0.1943701207637787,-7.127204418182373
2026-09-17T08:27:40.001531,1789633660001531400,33.673531494140626,0.7726254463195801,0.3266266882419586,-7.104959487915039
2026-09-17T08:27:40.011490,1789633660011490300,33.683490234375,1.1414010524749756,0.7070181965827942,-6.88347864151001
2026-09-17T08:27:40.021449,1789633660021449200,33.69344921875,0.7967082262039185,1.1080455780029297,-6.331430912017822
2026-09-17T08:27:40.031408,1789633660031408400,33.70340844726562,0.3421609401702881,1.547512173652649,-5.4821977615356445
2026-09-17T08:27:40.041368,1789633660041368300,33.713368408203124,0.0498707741498947,1.5986922979354858,-4.903571605682373
2026-09-17T08:27:40.051327,1789633660051327200,33.7233271484375,0.2436279952526092,1.665868878364563,-4.925525665283203
2026-09-17T08:27:40.061286,1789633660061286100,33.7332861328125,0.3851305246353149,1.6607508659362793,-4.126060485839844
2026-09-17T08:27:40.071246,1789633660071246000,33.74324609375,0.4226392805576324,1.8981682062149048,-3.426765203475952
2026-09-17T08:27:40.081205,1789633660081205200,33.75320532226562,0.0900040715932846,1.8140127658843992,-1.3361142873764038
2026-09-17T08:27:40.091164,1789633660091164400,33.763164306640626,0.1342959105968475,1.627680778503418,0.5603251457214355
2026-09-17T08:27:40.101123,1789633660101123300,33.77312329101562,0.6146218180656433,1.3500875234603882,1.4639439582824707
2026-09-17T08:27:40.111083,1789633660111083300,33.78308325195312,0.9617667198181152,0.988705039024353,1.8171453475952148
2026-09-17T08:27:40.121042,1789633660121042200,33.79304223632813,1.0356733798980713,0.7988017201423645,1.9523473978042605
2026-09-17T08:27:40.131001,1789633660131001300,33.80300146484375,0.831857442855835,0.6071587800979614,1.9168490171432495
2026-09-17T08:27:40.140960,1789633660140960300,33.81296020507813,0.4203521609306335,0.4033747017383575,1.7830030918121338
2026-09-17T08:27:40.150920,1789633660150920200,33.82292016601563,-0.1013421863317489,0.262908935546875,1.7472530603408811
2026-09-17T08:27:40.160879,1789633660160879400,33.83287939453125,-0.6505131125450134,0.1259457767009735,1.945351839065552
2026-09-17T08:27:40.170838,1789633660170838300,33.84283837890625,-1.0400041341781616,-0.0023855683393776,2.3062264919281006
2026-09-17T08:27:40.180797,1789633660180797400,33.85279736328125,-1.1320134401321411,-0.0796417444944381,2.7335338592529297
2026-09-17T08:27:40.190757,1789633660190757400,33.86275732421875,-0.9891207218170166,-0.1671425700187683,3.176703691482544
2026-09-17T08:27:40.200716,1789633660200716300,33.87271630859375,-0.7840429544448853,-0.2805050611495971,3.601874351501465
2026-09-17T08:27:40.210675,1789633660210675200,33.88267529296875,-0.636193573474884,-0.3717124760150909,4.017167568206787
2026-09-17T08:27:40.220634,1789633660220634000,33.89263403320312,-0.5936128497123718,-0.4188650846481323,4.388915061950684
2026-09-17T08:27:40.230594,1789633660230594000,33.902593994140624,-0.6667871475219727,-0.408206045627594,4.7263007164001465
2026-09-17T08:27:40.240553,1789633660240553200,33.91255322265625,-0.8693323135375977,-0.3516716659069061,5.070802688598633
2026-09-17T08:27:40.250512,1789633660250512400,33.922512451171876,-1.1318131685256958,-0.2753393352031708,5.387363910675049
2026-09-17T08:27:40.260471,1789633660260471300,33.93247119140625,-1.31657612323761,-0.213698610663414,5.592494010925293
2026-09-17T08:27:40.270431,1789633660270431200,33.94243115234375,-1.3318206071853638,-0.1133552342653274,5.693012714385986
2026-09-17T08:27:40.280390,1789633660280390100,33.95239013671875,-1.2708046436309814,0.0296357478946447,5.803698539733887
2026-09-17T08:27:40.290349,1789633660290349300,33.962349365234374,-1.2398298978805542,0.0397176779806613,5.909595012664795
2026-09-17T08:27:40.300308,1789633660300308200,33.97230810546875,-1.1810483932495115,0.0538854263722896,6.035041809082031
2026-09-17T08:27:40.310268,1789633660310268200,33.98226806640625,-1.1097787618637085,0.0845455974340438,6.1775665283203125
2026-09-17T08:27:40.320227,1789633660320227000,33.99222705078125,-1.088673114776611,0.068290464580059,6.19923734664917
2026-09-17T08:27:40.330186,1789633660330186200,34.00218627929687,-1.1762192249298096,0.104030080139637,6.231995105743408
2026-09-17T08:27:40.340145,1789633660340145400,34.0121455078125,-1.386572003364563,0.1412834525108337,6.238670349121094
2026-09-17T08:27:40.350105,1789633660350105300,34.022105224609376,-1.667434811592102,0.2152231782674789,6.224166393280029
2026-09-17T08:27:40.360064,1789633660360064300,34.03206420898437,-1.917603611946106,0.4028551280498504,6.256402015686035
2026-09-17T08:27:40.370023,1789633660370023200,34.04202319335938,-2.1103010177612305,0.6605405211448669,6.275109767913818
2026-09-17T08:27:40.379983,1789633660379983000,34.05198315429688,-2.2776973247528076,0.986394226551056,6.114339828491211
2026-09-17T08:27:40.389942,1789633660389942300,34.0619423828125,-2.472931385040283,1.1875430345535278,5.871259689331055
2026-09-17T08:27:40.399901,1789633660399901200,34.07190112304688,-2.5365054607391357,1.3773633241653442,5.663804531097412
2026-09-17T08:27:40.409860,1789633660409860400,34.0818603515625,-2.5742111206054688,1.4692071676254272,5.4543585777282715
2026-09-17T08:27:40.419820,1789633660419820300,34.0918203125,-2.726656436920166,1.5862542390823364,4.901273250579834
2026-09-17T08:27:40.429779,1789633660429779200,34.101779296875,-2.873952865600586,1.5614711046218872,3.801115512847901
2026-09-17T08:27:40.439738,1789633660439738400,34.11173828125,-3.0455713272094727,1.1613754034042358,2.6920199394226074
2026-09-17T08:27:40.449697,1789633660449697300,34.121697265625,-2.9117443561553955,0.7008383870124817,1.6304394006729126
2026-09-17T08:27:40.459657,1789633660459657200,34.1316572265625,-1.9520270824432373,0.2646799385547638,0.7002793550491333
2026-09-17T08:27:40.469616,1789633660469616000,34.1416162109375,-0.7050682306289673,-0.3071665167808532,-0.0557870641350746
2026-09-17T08:27:40.479575,1789633660479575000,34.151574951171874,0.0869595482945442,-0.8311055898666382,-0.7373485565185547
2026-09-17T08:27:40.489534,1789633660489534200,34.1615341796875,0.5656164288520813,-1.149989366531372,-1.5319130420684814
2026-09-17T08:27:40.499494,1789633660499494400,34.17149438476562,0.4574169814586639,-1.5329582691192627,-1.8070261478424072
2026-09-17T08:27:40.509453,1789633660509453300,34.18145336914063,0.1823252141475677,-1.4403237104415894,-0.3416233360767364
2026-09-17T08:27:40.519412,1789633660519412200,34.191412109375,2.421562910079956,-1.3417669534683228,-1.937654972076416
2026-09-17T08:27:40.529371,1789633660529371100,34.20137109375,4.458417892456055,-0.4071695506572723,-5.935983657836914
2026-09-17T08:27:40.539331,1789633660539331000,34.2113310546875,4.531567096710205,0.0512291900813579,-7.086386680603027
2026-09-17T08:27:40.549290,1789633660549290200,34.221290283203125,2.384798049926758,-0.1480948328971862,-6.477221965789795
2026-09-17T08:27:40.559249,1789633660559249200,34.23124926757812,-1.1741057634353638,-1.900610089302063,-4.937414646148682
2026-09-17T08:27:40.569208,1789633660569208000,34.2412080078125,-3.505556583404541,-3.5112154483795166,-3.4188854694366455
2026-09-17T08:27:40.579168,1789633660579168300,34.251168212890626,-1.668275237083435,-1.9196327924728391,-1.9911824464797976
2026-09-17T08:27:40.589127,1789633660589127400,34.26112744140625,2.4758381843566895,-0.1059354022145271,-0.6781579256057739
2026-09-17T08:27:40.599086,1789633660599086300,34.27108642578125,3.244560480117798,-0.1601688116788864,-0.1773425191640854
2026-09-17T08:27:40.609045,1789633660609045200,34.28104516601562,1.8647410869598389,-0.2842002213001251,-0.3857505917549133
2026-09-17T08:27:40.619005,1789633660619005200,34.291005126953124,0.0526412613689899,-0.4259738624095917,-0.6624433994293213
2026-09-17T08:27:40.628964,1789633660628964000,34.30096411132813,-0.7123141884803772,-0.5123600959777832,-0.4496515393257141
2026-09-17T08:27:40.638923,1789633660638923300,34.31092333984375,-0.1469482779502868,-0.1938809603452682,-0.2400533109903335
2026-09-17T08:27:40.648882,1789633660648882200,34.32088208007813,0.3769945800304413,-0.0906286165118217,-0.2639490664005279
2026-09-17T08:27:40.658842,1789633660658842400,34.33084228515625,0.3405047357082367,-0.1058182194828987,-0.3239303529262543
2026-09-17T08:27:40.668801,1789633660668801300,34.34080126953125,0.0391177274286747,-0.1503606587648391,-0.2971530854701996
2026-09-17T08:27:40.678760,1789633660678760200,34.35076025390625,-0.1078871712088584,-0.149139866232872,-0.2462843060493469
2026-09-17T08:27:40.688720,1789633660688720100,34.36072021484375,-0.0135401561856269,-0.1278241872787475,-0.3053220510482788
2026-09-17T08:27:40.698679,1789633660698679300,34.37067919921875,0.1239974647760391,-0.088178239762783,-0.3187952637672424
2026-09-17T08:27:40.708638,1789633660708638200,34.38063818359375,0.1655843257904052,-0.0399510525166988,-0.271155834197998
2026-09-17T08:27:40.718597,1789633660718597000,34.39059716796875,0.1192082986235618,-0.028211573138833,-0.2955655753612518
2026-09-17T08:27:40.728556,1789633660728556000,34.40055615234375,0.170852854847908,-0.0097337625920772,-0.2983616292476654
2026-09-17T08:27:40.738516,1789633660738516200,34.41051611328125,0.2235562801361084,0.0248258132487535,-0.2513437867164612
2026-09-17T08:27:40.748475,1789633660748475400,34.42047534179687,0.1558816283941269,0.0228822380304336,-0.2519315481185913
2026-09-17T08:27:40.758434,1789633660758434300,34.43043432617188,0.0856261029839515,-0.0090314876288175,-0.2698460817337036
2026-09-17T08:27:40.768394,1789633660768394200,34.44039428710938,0.1062466949224472,0.0011963832657784,-0.2426011562347412
2026-09-17T08:27:40.778353,1789633660778353200,34.450353271484374,0.1699444502592086,0.0125821959227323,-0.2483522444963455
2026-09-17T08:27:40.788312,1789633660788312300,34.46031225585938,0.2396478950977325,0.0231062099337577,-0.2766640484333038
2026-09-17T08:27:40.798271,1789633660798271200,34.470271240234375,0.3051054775714874,0.0461319014430046,-0.2714309394359588
2026-09-17T08:27:40.808231,1789633660808231400,34.4802314453125,0.3194942474365234,0.0608938038349151,-0.2568442821502685
2026-09-17T08:27:40.818190,1789633660818190300,34.4901904296875,0.2861078083515167,0.0680174902081489,-0.2507315278053283
2026-09-17T08:27:40.828149,1789633660828149200,34.500149169921876,0.2578791081905365,0.077414184808731,-0.2526295483112335
2026-09-17T08:27:40.838108,1789633660838108400,34.5101083984375,0.2379839569330215,0.0880742892622947,-0.2434658855199813
2026-09-17T08:27:40.848068,1789633660848068400,34.520068359375,0.2203040271997451,0.0928882136940956,-0.2496271133422851
2026-09-17T08:27:40.858027,1789633660858027300,34.53002734375,0.2010160833597183,0.1008084565401077,-0.251362681388855
2026-09-17T08:27:40.867986,1789633660867986200,34.539986083984374,0.1885596811771392,0.1150382608175277,-0.2520660161972046
2026-09-17T08:27:40.877945,1789633660877945000,34.54994506835938,0.1992048621177673,0.1228772774338722,-0.268137127161026
2026-09-17T08:27:40.887905,1789633660887905300,34.5599052734375,0.240003153681755,0.1408059448003769,-0.2898624241352081
2026-09-17T08:27:40.897864,1789633660897864400,34.56986450195313,0.2684406638145447,0.153512418270111,-0.3048101961612701
2026-09-17T08:27:40.907823,1789633660907823400,34.5798232421875,0.2834568917751312,0.1777775436639785,-0.3509513437747955
2026-09-17T08:27:40.917782,1789633660917782300,34.5897822265625,0.3711539804935455,0.1991763114929199,-0.4160869121551513
2026-09-17T08:27:40.927742,1789633660927742200,34.5997421875,0.4657675921916961,0.2009619623422622,-0.4412948191165924
2026-09-17T08:27:40.937701,1789633660937701000,34.609701171875,0.4114537537097931,0.1647999584674835,-0.4576234519481659
2026-09-17T08:27:40.947660,1789633660947660300,34.61966040039062,0.3215121328830719,0.1255982369184494,-0.4880314171314239
2026-09-17T08:27:40.957619,1789633660957619200,34.629619140625,0.34324511885643,0.08732620626688,-0.5413113832473755
2026-09-17T08:27:40.967579,1789633660967579400,34.639579345703126,0.4208104908466339,0.0928365513682365,-0.5888339281082153
2026-09-17T08:27:40.977538,1789633660977538300,34.64953833007812,0.5624973773956299,0.1027882546186447,-0.6459928154945374
2026-09-17T08:27:40.987497,1789633660987497200,34.65949731445313,0.6483214497566223,0.1301301270723343,-0.6763304471969604
2026-09-17T08:27:40.997456,1789633660997456400,34.66945629882812,0.606952428817749,0.1258011609315872,-0.6936082243919373
2026-09-17T08:27:41.007416,1789633661007416300,34.679416259765624,0.5183240175247192,0.0879547074437141,-0.7428716421127319
2026-09-17T08:27:41.017375,1789633661017375200,34.68937524414063,0.4435919821262359,0.0540995448827743,-0.8217459917068481
2026-09-17T08:27:41.027334,1789633661027334100,34.699334228515625,0.3521299660205841,0.0278908442705869,-0.8950697183609009
2026-09-17T08:27:41.037293,1789633661037293300,34.70929321289063,0.2668160498142242,-0.0323509946465492,-0.9573895335197448
2026-09-17T08:27:41.047253,1789633661047253200,34.71925317382812,0.1073169484734535,-0.1445406526327133,-1.0088609457015991
2026-09-17T08:27:41.057212,1789633661057212400,34.72921240234375,-0.1144514009356498,-0.2497706562280655,-1.0661170482635498
2026-09-17T08:27:41.067171,1789633661067171300,34.73917138671875,-0.2365634739398956,-0.3071822822093963,-1.181308388710022
2026-09-17T08:27:41.077130,1789633661077130200,34.749130126953126,-0.1803057938814163,-0.3108252286911011,-1.328658103942871
2026-09-17T08:27:41.087090,1789633661087090200,34.75909008789063,-0.0601735152304172,-0.3045212626457214,-1.5071018934249878
2026-09-17T08:27:41.097049,1789633661097049300,34.76904931640625,-0.0121921449899673,-0.2966968715190887,-1.673845648765564
2026-09-17T08:27:41.107008,1789633661107008300,34.77900830078125,-0.0232581105083227,-0.2917090654373169,-1.8651010990142824
2026-09-17T08:27:41.116968,1789633661116968200,34.78896826171875,-0.053221870213747,-0.2977626919746399,-2.070080518722534
2026-09-17T08:27:41.126927,1789633661126927400,34.79892724609375,-0.0553907491266727,-0.2943032383918762,-2.2948055267333984
2026-09-17T08:27:41.136886,1789633661136886300,34.80888623046875,-0.0372844487428665,-0.3264390826225281,-2.5478177070617676
2026-09-17T08:27:41.146845,1789633661146845400,34.81884545898438,-0.0253327134996652,-0.3705079853534698,-2.8634660243988037
2026-09-17T08:27:41.156805,1789633661156805400,34.82880541992188,-0.0646132677793502,-0.3104324042797088,-3.233556747436523
2026-09-17T08:27:41.166764,1789633661166764300,34.838764404296874,-0.0757053345441818,-0.1327697485685348,-3.6317412853240967
2026-09-17T08:27:41.176723,1789633661176723200,34.84872314453125,-0.0012697214260697,0.0464900247752666,-4.059850215911865
2026-09-17T08:27:41.186682,1789633661186682000,34.85868212890625,-0.0508109107613563,0.163623571395874,-4.547191619873047
2026-09-17T08:27:41.196642,1789633661196642000,34.86864208984375,-0.2516417503356933,0.239912748336792,-5.100408554077148
2026-09-17T08:27:41.206601,1789633661206601200,34.87860131835937,-0.31693235039711,0.3104729354381561,-5.775538444519043
2026-09-17T08:27:41.216560,1789633661216560400,34.888560302734376,-0.2898711562156677,0.3853570520877838,-6.513619899749756
2026-09-17T08:27:41.226519,1789633661226519300,34.89851928710937,-0.193963274359703,0.3519655168056488,-7.004979133605957
2026-09-17T08:27:41.236479,1789633661236479200,34.90847924804687,0.3850590586662292,0.5229705572128296,-7.006246566772461
2026-09-17T08:27:41.246438,1789633661246438100,34.91843823242188,0.980706512928009,0.7377603650093079,-6.875165939331055
2026-09-17T08:27:41.256397,1789633661256397300,34.928397216796874,0.9239952564239502,1.1058416366577148,-6.653889179229736
2026-09-17T08:27:41.266356,1789633661266356200,34.93835620117188,0.4691236019134521,1.822151780128479,-6.035735607147217
2026-09-17T08:27:41.276316,1789633661276316200,34.94831616210938,-0.1303832381963729,2.09907603263855,-5.480973243713379
2026-09-17T08:27:41.286275,1789633661286275000,34.958275146484375,-0.4189580380916595,2.120337724685669,-5.358107089996338
2026-09-17T08:27:41.296234,1789633661296234000,34.96823388671875,-0.2704854905605316,2.1591908931732178,-5.3347296714782715
2026-09-17T08:27:41.306193,1789633661306193200,34.978193115234376,-0.094300590455532,2.136285305023194,-4.461569309234619
2026-09-17T08:27:41.316153,1789633661316153000,34.988153076171876,-0.0256965011358261,2.126500129699707,-3.1885483264923096
2026-09-17T08:27:41.326112,1789633661326112000,34.99811206054687,-0.1634711474180221,1.6702996492385864,-0.6977782249450684
2026-09-17T08:27:41.336071,1789633661336071000,35.00807080078125,0.2843316495418548,1.3954875469207764,1.1736003160476685
2026-09-17T08:27:41.346030,1789633661346030000,35.018030029296874,1.0030461549758911,0.9248626232147216,2.057070255279541
2026-09-17T08:27:41.355990,1789633661355990000,35.027989990234374,1.3832815885543823,0.5214205980300903,2.4517760276794434
2026-09-17T08:27:41.365949,1789633661365949000,35.03794897460938,1.4633947610855105,0.3675282299518585,2.6457271575927734
2026-09-17T08:27:41.375907,1789633661375907800,35.047907958984375,1.3192453384399414,0.2643328905105591,2.6970019340515137
2026-09-17T08:27:41.385867,1789633661385867000,35.05786694335937,0.9294177293777466,0.1923241913318634,2.634061574935913
2026-09-17T08:27:41.395827,1789633661395827000,35.06782690429687,0.3564556539058685,0.111918568611145,2.586991310119629
2026-09-17T08:27:41.405786,1789633661405786000,35.0777861328125,-0.1884507983922958,0.0489465221762657,2.645108222961426
2026-09-17T08:27:41.415745,1789633661415745000,35.0877451171875,-0.5869722962379456,0.0541969463229179,2.863589286804199
2026-09-17T08:27:41.425705,1789633661425705000,35.097705078125,-0.8135199546813965,0.0532174333930015,3.1726033687591553
2026-09-17T08:27:41.435664,1789633661435664000,35.10766381835938,-0.8846311569213867,-0.0157536435872316,3.5242960453033447
2026-09-17T08:27:41.445623,1789633661445623000,35.117623046875,-0.8253577351570129,-0.0964753851294517,3.917499542236328
2026-09-17T08:27:41.455582,1789633661455582000,35.12758203125,-0.7396209836006165,-0.1734553873538971,4.348048686981201
2026-09-17T08:27:41.465542,1789633661465542100,35.13754223632812,-0.7318799495697021,-0.2504319250583648,4.752399921417236
2026-09-17T08:27:41.475501,1789633661475501000,35.1475009765625,-0.8220428824424744,-0.3378509879112243,5.078836441040039
2026-09-17T08:27:41.485460,1789633661485460000,35.1574599609375,-0.926900327205658,-0.4409299492835998,5.260432243347168
2026-09-17T08:27:41.495419,1789633661495419100,35.16741918945313,-1.031665921211243,-0.5018050074577332,5.363543510437012
2026-09-17T08:27:41.505379,1789633661505379000,35.17737915039063,-1.1690946817398071,-0.5593585968017578,5.449980735778809
2026-09-17T08:27:41.515338,1789633661515338000,35.187337890625,-1.3456904888153076,-0.6061468720436096,5.567007541656494
2026-09-17T08:27:41.525297,1789633661525297000,35.197296875,-1.5177218914031982,-0.6645883321762085,5.688178062438965
2026-09-17T08:27:41.535255,1789633661535255800,35.207255859375,-1.6225329637527466,-0.7274754643440247,5.811682224273682
2026-09-17T08:27:41.545216,1789633661545216000,35.217216064453126,-1.592389464378357,-0.7888911366462708,5.9270806312561035
2026-09-17T08:27:41.555175,1789633661555175200,35.22717504882812,-1.411784291267395,-0.8628074526786804,5.969671249389648
2026-09-17T08:27:41.565134,1789633661565134000,35.23713403320313,-1.2552130222320557,-0.8342596888542175,5.988461494445801
2026-09-17T08:27:41.575093,1789633661575093000,35.24709301757812,-1.3230922222137451,-0.7230756282806396,5.983004093170166
2026-09-17T08:27:41.585053,1789633661585053000,35.257052978515624,-1.545838713645935,-0.687551736831665,5.874513626098633
2026-09-17T08:27:41.595011,1789633661595011800,35.26701171875,-1.805628538131714,-0.4852969050407409,5.758925437927246
2026-09-17T08:27:41.604971,1789633661604971000,35.276970947265625,-1.9781363010406496,-0.2309083044528961,5.689437389373779
2026-09-17T08:27:41.614930,1789633661614930000,35.28692993164063,-1.9978141784667969,-0.0930415019392967,5.530428409576416
2026-09-17T08:27:41.624890,1789633661624890000,35.29689013671875,-1.8249425888061523,0.0492269545793533,5.300277233123779
2026-09-17T08:27:41.634849,1789633661634849000,35.30684912109375,-1.6053239107131958,0.1005609855055809,5.1401262283325195
2026-09-17T08:27:41.644808,1789633661644808000,35.31680786132812,-1.4150365591049194,0.1843962222337722,5.000306129455566
2026-09-17T08:27:41.654767,1789633661654767000,35.32676708984375,-1.287824273109436,0.3294559717178345,4.788326740264893
2026-09-17T08:27:41.664727,1789633661664727000,35.33672705078125,-1.3588435649871826,0.5045965909957886,4.451106071472168
2026-09-17T08:27:41.674686,1789633661674686000,35.34668603515625,-1.591244339942932,0.658327043056488,4.00102424621582
2026-09-17T08:27:41.684644,1789633661684644900,35.35664477539063,-1.868759274482727,0.6974360942840576,3.4222629070281982
2026-09-17T08:27:41.694604,1789633661694604000,35.36660400390625,-2.0489871501922607,0.6662507653236389,2.756453514099121
2026-09-17T08:27:41.704564,1789633661704564000,35.37656396484375,-1.996922731399536,0.576964795589447,2.0539536476135254
2026-09-17T08:27:41.714523,1789633661714523100,35.38652319335937,-1.7164112329483032,0.511961042881012,1.3495862483978271
2026-09-17T08:27:41.724482,1789633661724482000,35.39648193359375,-1.3544868230819702,0.4397507607936859,0.6616536974906921
2026-09-17T08:27:41.734441,1789633661734441000,35.40644091796875,-0.9656469225883484,0.3827759027481079,0.1060589104890823
2026-09-17T08:27:41.744401,1789633661744401000,35.41640087890625,-0.3602755665779114,0.3406545519828796,-0.3630688786506653
2026-09-17T08:27:41.754360,1789633661754360000,35.42636010742188,0.4971057176589966,0.0603235475718975,-1.1765424013137815
2026-09-17T08:27:41.764319,1789633661764319000,35.436319091796875,1.190627932548523,-0.3079822957515716,-1.9986774921417236
2026-09-17T08:27:41.774279,1789633661774279200,35.446279052734376,0.9962050318717957,0.2685324251651764,-2.176694869995117
2026-09-17T08:27:41.784238,1789633661784238000,35.45623803710937,0.4352141320705414,-0.4463337659835815,-2.2659037113189697
2026-09-17T08:27:41.794197,1789633661794197000,35.466197021484376,2.025222063064575,-0.2517238259315491,-2.3008627891540527
2026-09-17T08:27:41.804156,1789633661804156200,35.47615625,3.855523586273194,-0.3731074929237366,-4.839906692504883
2026-09-17T08:27:41.814116,1789633661814116000,35.4861162109375,4.455422878265381,-0.654238760471344,-6.827303409576416
2026-09-17T08:27:41.824075,1789633661824075000,35.49607495117188,2.565955400466919,-0.7418703436851501,-6.09596061706543
2026-09-17T08:27:41.834034,1789633661834034000,35.506033935546874,-0.7410271167755127,-1.5981453657150269,-4.119533061981201
2026-09-17T08:27:41.843992,1789633661843992800,35.51599291992188,-2.7672080993652344,-2.494805097579956,-2.3872292041778564
2026-09-17T08:27:41.853953,1789633661853953000,35.525953125,-1.4718430042266846,-1.5690876245498655,-1.1764662265777588
2026-09-17T08:27:41.863912,1789633661863912200,35.535912109375,1.3492258787155151,-0.2322172373533249,-0.7127182483673096
2026-09-17T08:27:41.873871,1789633661873871000,35.54587109375,1.6068438291549685,-0.2894373834133148,-0.4618737697601318
2026-09-17T08:27:41.883830,1789633661883830000,35.555830078125,0.4779511988162994,-0.4751808643341064,-0.4716401100158691
2026-09-17T08:27:41.893790,1789633661893790000,35.5657900390625,-0.3909154832363128,-0.4741435647010803,-0.5512651801109314
2026-09-17T08:27:41.903748,1789633661903748900,35.57574877929687,-0.4708257615566253,-0.471477210521698,-0.4154050648212433
2026-09-17T08:27:41.913708,1789633661913708000,35.5857080078125,0.1155841946601867,-0.2827461957931518,-0.3703273236751556
2026-09-17T08:27:41.923667,1789633661923667000,35.5956669921875,0.5812968015670776,-0.2075241506099701,-0.4819928705692291
2026-09-17T08:27:41.933627,1789633661933627000,35.605626953125,0.7631291747093201,-0.237078309059143,-0.6273210644721985
2026-09-17T08:27:41.943586,1789633661943586000,35.6155859375,0.7555655241012573,-0.2121322154998779,-0.5906419157981873
2026-09-17T08:27:41.953545,1789633661953545200,35.62554516601563,0.592487633228302,-0.1543850302696228,-0.4702707231044769
2026-09-17T08:27:41.963504,1789633661963504000,35.635504150390624,0.4389010071754455,-0.162360668182373,-0.5256034731864929
2026-09-17T08:27:41.973464,1789633661973464000,35.645464111328124,0.4662801623344421,-0.1441843211650848,-0.5520095229148865
2026-09-17T08:27:41.983423,1789633661983423000,35.65542309570313,0.5960085988044739,-0.103955939412117,-0.5049113035202026
2026-09-17T08:27:41.993382,1789633661993382000,35.6653818359375,0.7325944304466248,-0.0292872972786426,-0.5121228694915771
2026-09-17T08:27:42.003341,1789633662003341000,35.67534106445312,0.823203444480896,0.0534714981913566,-0.3722179234027862
2026-09-17T08:27:42.013301,1789633662013301000,35.68530102539062,0.7286545634269714,0.0713173449039459,-0.2691421210765838
2026-09-17T08:27:42.023260,1789633662023260200,35.69526025390625,0.4811243414878845,0.0122337834909558,-0.266323447227478
2026-09-17T08:27:42.033219,1789633662033219000,35.70521899414062,0.2527569532394409,-0.0129943415522575,-0.2310687750577926
2026-09-17T08:27:42.043178,1789633662043178000,35.71517797851563,0.1083103045821189,-0.0387780033051967,-0.2141135036945343
2026-09-17T08:27:42.053138,1789633662053138000,35.72513793945313,0.035995002835989,-0.0516711361706256,-0.2020546644926071
2026-09-17T08:27:42.063097,1789633662063097000,35.73509716796875,0.0540733411908149,-0.0356375724077224,-0.1885846555233001
2026-09-17T08:27:42.073056,1789633662073056000,35.74505590820313,0.094296395778656,0.0050517981871962,-0.1561851650476455
2026-09-17T08:27:42.083015,1789633662083015000,35.755014892578124,0.095870591700077,0.025930980220437,-0.1405662596225738
2026-09-17T08:27:42.092974,1789633662092974800,35.764974853515625,0.0655174776911735,0.0137882977724075,-0.1408400386571884
2026-09-17T08:27:42.102934,1789633662102934000,35.77493408203125,0.0429261475801467,0.0128055913373827,-0.1479778438806533
2026-09-17T08:27:42.112893,1789633662112893200,35.78489306640625,0.0202298890799283,0.0256236512213945,-0.1497272700071334
2026-09-17T08:27:42.122852,1789633662122852000,35.79485205078125,0.024711724370718,0.0407362915575504,-0.1594789624214172
2026-09-17T08:27:42.132812,1789633662132812000,35.80481201171875,0.0627949312329292,0.0482884868979454,-0.1793698519468307
2026-09-17T08:27:42.142771,1789633662142771000,35.81477099609375,0.1453217566013336,0.075423963367939,-0.1950026005506515
2026-09-17T08:27:42.152730,1789633662152730000,35.824730224609375,0.2245915383100509,0.0963002145290374,-0.2225974798202514
2026-09-17T08:27:42.162689,1789633662162689000,35.83468896484375,0.2877936959266662,0.0981170237064361,-0.2563104629516601
2026-09-17T08:27:42.172649,1789633662172649000,35.84464892578125,0.3263059258460998,0.110511377453804,-0.2770759165287018
2026-09-17T08:27:42.182608,1789633662182608000,35.85460791015625,0.3639374673366546,0.1273990124464035,-0.3153226375579834
2026-09-17T08:27:42.192567,1789633662192567000,35.86456713867187,0.4424059092998504,0.1310992091894149,-0.3420000672340393
2026-09-17T08:27:42.202527,1789633662202527000,35.87452685546875,0.4440538585186004,0.1064127683639526,-0.3449087738990783
2026-09-17T08:27:42.212486,1789633662212486100,35.88448608398438,0.3199968934059143,0.0554015226662159,-0.3416503965854645
2026-09-17T08:27:42.222445,1789633662222445000,35.894445068359374,0.2157855331897735,0.0152048338204622,-0.3504265546798706
2026-09-17T08:27:42.232404,1789633662232404000,35.90440405273438,0.1890103816986084,-0.0124992318451404,-0.3617125153541565
2026-09-17T08:27:42.242364,1789633662242364000,35.91436401367187,0.1947574764490127,-0.0282965712249279,-0.4036484956741333
2026-09-17T08:27:42.252322,1789633662252322800,35.92432275390625,0.2195443212985992,-0.0163344517350196,-0.4800942838191986
2026-09-17T08:27:42.262282,1789633662262282000,35.93428198242187,0.3190416097640991,-0.0034620615188032,-0.5940213799476624
2026-09-17T08:27:42.272241,1789633662272241200,35.9442412109375,0.3486855328083038,0.0106292562559247,-0.710538923740387
2026-09-17T08:27:42.282201,1789633662282201000,35.954201171875,0.2289716452360153,-0.0228613261133432,-0.81685471534729
2026-09-17T08:27:42.292160,1789633662292160000,35.96415991210937,0.0748715698719024,-0.0865604132413864,-0.9400427341461182
2026-09-17T08:27:42.302120,1789633662302120000,35.974119873046874,-0.0010133464820683,-0.1428916007280349,-1.0684876441955566
2026-09-17T08:27:42.312078,1789633662312078800,35.98407885742188,-0.0578393451869487,-0.2131029069423675,-1.1901962757110596
2026-09-17T08:27:42.322038,1789633662322038800,35.99403881835938,-0.1769284605979919,-0.2871025502681732,-1.3094468116760254
2026-09-17T08:27:42.331998,1789633662331998200,36.00399829101563,-0.2694541215896606,-0.3630013167858124,-1.4322656393051147
2026-09-17T08:27:42.341957,1789633662341957000,36.01395703125,-0.2627099454402923,-0.3885460793972015,-1.5670924186706543
2026-09-17T08:27:42.351916,1789633662351916000,36.023916015625,-0.2248890548944473,-0.4042664468288421,-1.7271801233291626
2026-09-17T08:27:42.361876,1789633662361876000,36.0338759765625,-0.1655362546443939,-0.4206662178039551,-1.9142277240753176
2026-09-17T08:27:42.371835,1789633662371835000,36.0438349609375,-0.1587025821208953,-0.4235413670539856,-2.0837433338165283
2026-09-17T08:27:42.381794,1789633662381794000,36.0537939453125,-0.1526114046573639,-0.3882816433906555,-2.267566442489624
2026-09-17T08:27:42.391753,1789633662391753000,36.0637529296875,-0.1211306974291801,-0.3373138010501861,-2.4902310371398926
2026-09-17T08:27:42.401713,1789633662401713000,36.073712890625,-0.0859186500310897,-0.3088349997997284,-2.764493227005005
2026-09-17T08:27:42.411672,1789633662411672000,36.08367211914062,-0.0959598273038864,-0.2988010048866272,-3.095591306686402
2026-09-17T08:27:42.421631,1789633662421631000,36.093630859375,-0.1848132759332656,-0.115221083164215,-3.4752328395843506
2026-09-17T08:27:42.431590,1789633662431590100,36.10359008789062,-0.2192317098379135,0.1366939842700958,-3.8775711059570312
2026-09-17T08:27:42.441550,1789633662441550000,36.11355004882813,-0.1866564452648162,0.3268535435199737,-4.3597564697265625
2026-09-17T08:27:42.451509,1789633662451509000,36.12350903320313,-0.3228877782821655,0.5234323740005493,-4.911163330078125
2026-09-17T08:27:42.461468,1789633662461468000,36.13346801757813,-0.5856171250343323,0.5269639492034912,-5.5879364013671875
2026-09-17T08:27:42.471427,1789633662471427000,36.14342700195313,-0.687936544418335,0.3018741607666015,-6.300457000732422
2026-09-17T08:27:42.481387,1789633662481387000,36.15338696289062,-0.2890611290931701,0.1113718450069427,-6.945011138916016
2026-09-17T08:27:42.491346,1789633662491346200,36.16334619140625,0.4772917032241821,0.0687295719981193,-7.176227569580078
2026-09-17T08:27:42.501305,1789633662501305000,36.17330517578125,0.8279421925544739,0.3047269284725189,-6.958353042602539
2026-09-17T08:27:42.511264,1789633662511264000,36.183263916015626,0.9301828145980836,0.639948844909668,-6.720649242401123
2026-09-17T08:27:42.521224,1789633662521224000,36.19322387695313,0.6189711093902588,1.172903060913086,-6.26412296295166
2026-09-17T08:27:42.531183,1789633662531183000,36.20318310546875,0.3024240136146545,1.363582730293274,-5.8421173095703125
2026-09-17T08:27:42.541142,1789633662541142000,36.21314208984375,0.2952103316783905,1.4731316566467283,-5.312958240509033
2026-09-17T08:27:42.551101,1789633662551101000,36.22310083007813,0.44110307097435,1.377448797225952,-5.023989200592041
2026-09-17T08:27:42.561060,1789633662561060900,36.233060791015625,0.4190662205219269,1.4863539934158323,-3.986119508743286
2026-09-17T08:27:42.571019,1789633662571019800,36.24301977539063,0.1960653662681579,1.4271899461746216,-2.698101758956909
2026-09-17T08:27:42.580979,1789633662580979200,36.25297924804688,-0.0189934130758047,1.296111822128296,-0.4676160514354706
2026-09-17T08:27:42.590938,1789633662590938000,36.262938232421874,0.431721568107605,1.2564102411270142,1.161502480506897
2026-09-17T08:27:42.600898,1789633662600898000,36.27289794921875,0.9445974230766296,1.0053855180740356,1.7693506479263306
2026-09-17T08:27:42.610857,1789633662610857000,36.28285693359375,1.054059982299805,0.8087117671966553,1.9328290224075315
2026-09-17T08:27:42.620816,1789633662620816000,36.29281591796875,0.9866015911102296,0.7898600697517395,1.9663995504379272
2026-09-17T08:27:42.630775,1789633662630775000,36.30277514648437,0.7535619139671326,0.8169827461242676,1.917258381843567
2026-09-17T08:27:42.640735,1789633662640735000,36.31273486328125,0.2542503774166107,0.7358828186988831,1.8559635877609253
2026-09-17T08:27:42.650694,1789633662650694000,36.32269384765625,-0.3757784366607666,0.5978168249130249,2.0076382160186768
2026-09-17T08:27:42.660653,1789633662660653000,36.33265307617187,-0.8920881152153015,0.442460834980011,2.436406373977661
2026-09-17T08:27:42.670613,1789633662670613000,36.34261303710937,-1.0988109111785889,0.3003902435302734,2.959623098373413
2026-09-17T08:27:42.680572,1789633662680572200,36.352572265625,-0.9714620113372804,0.1629343628883361,3.4471046924591064
2026-09-17T08:27:42.690531,1789633662690531000,36.362531005859374,-0.6723693013191223,0.0325566604733467,3.853505134582519
2026-09-17T08:27:42.700490,1789633662700490000,36.37248999023438,-0.4771878719329834,-0.1256707906723022,4.170161247253418
2026-09-17T08:27:42.710450,1789633662710450000,36.38244995117188,-0.4430674612522125,-0.242245614528656,4.409175872802734
2026-09-17T08:27:42.720408,1789633662720408800,36.392408935546875,-0.5322263240814209,-0.3126579821109772,4.653550624847412
2026-09-17T08:27:42.730368,1789633662730368000,36.40236791992187,-0.7379691004753113,-0.3274427950382232,4.947358131408691
2026-09-17T08:27:42.740327,1789633662740327200,36.4123271484375,-0.9931681156158448,-0.3118869960308075,5.254164695739746
2026-09-17T08:27:42.750287,1789633662750287000,36.422287109375,-1.201615810394287,-0.2937961518764496,5.517250061035156
2026-09-17T08:27:42.760246,1789633662760246000,36.43224609375,-1.30322003364563,-0.22463358938694,5.699462890625
2026-09-17T08:27:42.770205,1789633662770205000,36.44220483398438,-1.3264299631118774,-0.2113785147666931,5.7237467765808105
2026-09-17T08:27:42.780164,1789633662780164000,36.4521640625,-1.324910044670105,-0.2490657120943069,5.6993608474731445
2026-09-17T08:27:42.790124,1789633662790124000,36.4621240234375,-1.294758915901184,-0.2973682284355163,5.729972839355469
2026-09-17T08:27:42.800083,1789633662800083000,36.4720830078125,-1.2188987731933594,-0.3808796405792236,5.810976505279541
2026-09-17T08:27:42.810041,1789633662810041900,36.482041748046875,-1.1492397785186768,-0.4189130365848541,5.9326348304748535
2026-09-17T08:27:42.820001,1789633662820001000,36.4920009765625,-1.175181865692139,-0.396168053150177,6.044419765472412
2026-09-17T08:27:42.829961,1789633662829961000,36.5019609375,-1.3245079517364502,-0.3350511789321899,6.092712879180908
2026-09-17T08:27:42.839920,1789633662839920000,36.51192016601563,-1.5248147249221802,-0.2901601195335388,6.068706512451172
2026-09-17T08:27:42.849879,1789633662849879000,36.521879150390625,-1.6337212324142456,-0.1429658979177475,6.061357498168945
2026-09-17T08:27:42.859838,1789633662859838000,36.531837890625,-1.647749423980713,0.0552902035415172,6.024633407592773
2026-09-17T08:27:42.869798,1789633662869798000,36.5417978515625,-1.6913690567016602,0.359521210193634,5.951581954956055
2026-09-17T08:27:42.879756,1789633662879756800,36.5517568359375,-1.874826192855835,0.7015251517295837,5.744523048400879
2026-09-17T08:27:42.889716,1789633662889716000,36.56171606445312,-2.0469729900360107,0.9569401144981384,5.574748992919922
2026-09-17T08:27:42.899675,1789633662899675000,36.5716748046875,-2.0913615226745605,1.2949352264404297,5.307183265686035
2026-09-17T08:27:42.909635,1789633662909635000,36.58163500976563,-2.249742031097412,1.6115806102752686,4.847586154937744
2026-09-17T08:27:42.919594,1789633662919594000,36.591593994140624,-2.4773902893066406,1.7133522033691406,4.034521102905273
2026-09-17T08:27:42.929553,1789633662929553200,36.60155322265625,-2.613325834274292,1.4621244668960571,2.966590881347656
2026-09-17T08:27:42.939512,1789633662939512000,36.611511962890624,-2.6324000358581543,0.8324426412582397,2.0088462829589844
2026-09-17T08:27:42.949472,1789633662949472000,36.621471923828125,-1.9963712692260744,0.2039593011140823,1.088935136795044
2026-09-17T08:27:42.959431,1789633662959431000,36.63143090820312,-0.8961286544799805,-0.3433698117733001,0.389899730682373
2026-09-17T08:27:42.969389,1789633662969389800,36.641389892578125,-0.2388850301504135,-0.8090621829032898,-0.1065156161785125
2026-09-17T08:27:42.979349,1789633662979349000,36.65134887695312,-0.0978192463517189,-0.8108302354812622,-0.8713997006416321
2026-09-17T08:27:42.989309,1789633662989309200,36.66130908203125,0.7055033445358276,-1.3364659547805786,-3.232088804244995
2026-09-17T08:27:42.999268,1789633662999268000,36.67126806640625,0.7421399354934692,-0.2513171136379242,-1.974311351776123
2026-09-17T08:27:43.009227,1789633663009227000,36.68122705078125,2.3831963539123535,-0.9387887716293336,-2.6265270709991455
2026-09-17T08:27:43.019186,1789633663019186000,36.69118603515625,4.339839935302734,0.088011659681797,-6.140331745147705
2026-09-17T08:27:43.029145,1789633663029145900,36.70114575195313,4.254391193389893,0.35683673620224,-7.488614559173584
2026-09-17T08:27:43.039105,1789633663039105000,36.71110498046875,1.9761672019958496,-0.3823411762714386,-6.741450786590576
2026-09-17T08:27:43.049064,1789633663049064000,36.72106396484375,-1.9190142154693604,-3.0908398628234863,-4.502562046051025
2026-09-17T08:27:43.059022,1789633663059022800,36.73102294921875,-2.3003828525543213,-2.6474199295043945,-1.7208892107009888
2026-09-17T08:27:43.068983,1789633663068983000,36.74098315429688,0.7629509568214417,-0.5411593914031982,-0.4117416143417358
2026-09-17T08:27:43.078942,1789633663078942000,36.75094189453125,2.322747230529785,-0.2320382893085479,-0.4848174452781677
2026-09-17T08:27:43.088901,1789633663088901000,36.76090112304688,1.2873191833496094,-0.464441180229187,-0.4237370193004608
2026-09-17T08:27:43.098860,1789633663098860000,36.770860107421875,-0.2011437118053436,-0.4219714701175689,-0.3783842027187347
2026-09-17T08:27:43.108820,1789633663108820000,36.780820068359375,-0.7841123342514038,-0.5387660264968872,-0.3845550119876861
2026-09-17T08:27:43.118779,1789633663118779000,36.79077880859375,-0.1810946315526962,-0.2843305170536041,-0.2474128603935241
2026-09-17T08:27:43.128738,1789633663128738000,36.800738037109376,0.3485921323299408,-0.1206894069910049,-0.2044182568788528
2026-09-17T08:27:43.138698,1789633663138698000,36.81069799804688,0.3060667812824249,-0.1905350685119629,-0.2863927483558655
2026-09-17T08:27:43.148657,1789633663148657200,36.8206572265625,0.1733793020248413,-0.1925289630889892,-0.3156497180461883
2026-09-17T08:27:43.158616,1789633663158616000,36.83061596679688,0.1784760504961013,-0.1547978371381759,-0.2556670606136322
2026-09-17T08:27:43.168575,1789633663168575000,36.840574951171874,0.2057897001504898,-0.1207903400063514,-0.2468623965978622
2026-09-17T08:27:43.178535,1789633663178535000,36.850534912109374,0.097395583987236,-0.1345255821943283,-0.2754639387130737
2026-09-17T08:27:43.188494,1789633663188494000,36.860494140625,-0.0227838177233934,-0.1099888235330581,-0.2562817335128784
2026-09-17T08:27:43.198453,1789633663198453000,36.870452880859375,-0.0172457732260227,-0.066408060491085,-0.2453060448169708
2026-09-17T08:27:43.208412,1789633663208412000,36.88041186523437,0.0836371630430221,-0.0239908248186111,-0.2846228182315826
2026-09-17T08:27:43.218372,1789633663218372000,36.8903720703125,0.164231076836586,0.0078880107030272,-0.2904367744922638
2026-09-17T08:27:43.228331,1789633663228331000,36.9003310546875,0.1670862436294555,0.0320591256022453,-0.2737347483634949
2026-09-17T08:27:43.238290,1789633663238290200,36.910290283203125,0.1274661421775818,0.0082225035876035,-0.2998875379562378
2026-09-17T08:27:43.248249,1789633663248249000,36.9202490234375,0.1494425386190414,0.002529198070988,-0.332828164100647
2026-09-17T08:27:43.258209,1789633663258209000,36.930208984375,0.2491789907217025,0.0196469314396381,-0.3209195733070373
2026-09-17T08:27:43.268168,1789633663268168000,36.94016796875,0.322239875793457,0.024157527834177,-0.2844268083572387
2026-09-17T08:27:43.278126,1789633663278126800,36.950126953125,0.3330648243427276,0.0229639001190662,-0.3043427169322967
2026-09-17T08:27:43.288086,1789633663288086000,36.9600859375,0.3544199168682098,0.0085482085123658,-0.3274025022983551
2026-09-17T08:27:43.298044,1789633663298044700,36.97004467773438,0.365688294172287,0.0161896161735057,-0.2965165078639984
2026-09-17T08:27:43.308003,1789633663308003800,36.98000390625,0.3417190313339233,0.0177534259855747,-0.2855820953845978
2026-09-17T08:27:43.317963,1789633663317963000,36.989962890625,0.347756952047348,0.0207566730678081,-0.3065651357173919
2026-09-17T08:27:43.327922,1789633663327922000,36.999921875,0.4546240270137787,0.0441315025091171,-0.3544687330722809
2026-09-17T08:27:43.337881,1789633663337881900,37.0098818359375,0.6052819490432739,0.0680179223418235,-0.36970254778862
2026-09-17T08:27:43.347840,1789633663347840800,37.0198408203125,0.6239520907402039,0.0708027929067611,-0.3615647256374359
2026-09-17T08:27:43.357799,1789633663357799700,37.02979956054688,0.5483300089836121,0.0460082329809665,-0.3807352483272552
2026-09-17T08:27:43.367758,1789633663367758800,37.0397587890625,0.4808763861656189,0.0366685278713703,-0.3884932994842529
2026-09-17T08:27:43.377718,1789633663377718800,37.04971875,0.454332947731018,0.0387002527713775,-0.3999632596969604
2026-09-17T08:27:43.387678,1789633663387678000,37.05967797851562,0.4731937050819397,0.0334626138210296,-0.4406962990760803
2026-09-17T08:27:43.397636,1789633663397636900,37.06963696289063,0.5483787655830383,0.0481598004698753,-0.4726750254631042
2026-09-17T08:27:43.407595,1789633663407595800,37.079595703125,0.5869902968406677,0.0430268235504627,-0.5008717179298401
2026-09-17T08:27:43.417555,1789633663417555700,37.0895556640625,0.5450795888900757,0.0290489569306373,-0.5036278367042542
2026-09-17T08:27:43.427515,1789633663427515000,37.09951489257813,0.4623557031154632,0.0135560166090726,-0.5276746153831482
2026-09-17T08:27:43.437473,1789633663437473800,37.109473876953125,0.3897155821323395,-0.0153472712263464,-0.5755041837692261
2026-09-17T08:27:43.447432,1789633663447432700,37.1194326171875,0.3644901216030121,-0.0236523374915123,-0.6291426420211792
2026-09-17T08:27:43.457392,1789633663457392600,37.129392578125,0.3510672748088836,-0.020681582391262,-0.6870695948600769
2026-09-17T08:27:43.467351,1789633663467351800,37.139351806640626,0.3466379046440124,-0.0368395112454891,-0.7325648665428162
2026-09-17T08:27:43.477311,1789633663477311000,37.14931103515625,0.281215488910675,-0.052404623478651,-0.760892927646637
2026-09-17T08:27:43.487270,1789633663487270000,37.15926977539063,0.2228397876024246,-0.0706765726208686,-0.8006771206855774
2026-09-17T08:27:43.497229,1789633663497229800,37.16922973632813,0.2260504961013794,-0.0743424147367477,-0.8537498712539673
2026-09-17T08:27:43.507188,1789633663507188700,37.17918872070312,0.2268419861793518,-0.0658490657806396,-0.910319685935974
2026-09-17T08:27:43.517148,1789633663517148000,37.18914794921875,0.1679616272449493,-0.0545497983694076,-0.9717295169830322
2026-09-17T08:27:43.527106,1789633663527106800,37.19910693359375,0.1066255718469619,-0.0440087430179119,-1.028010606765747
2026-09-17T08:27:43.537066,1789633663537066800,37.209066650390625,0.0484355017542839,-0.0559535510838031,-1.0965380668640137
2026-09-17T08:27:43.547025,1789633663547025700,37.21902563476562,-0.0098714809864759,-0.0865016132593154,-1.164826273918152
2026-09-17T08:27:43.556984,1789633663556984800,37.22898486328125,-0.1016336306929588,-0.1557294130325317,-1.2447551488876345
2026-09-17T08:27:43.566944,1789633663566944800,37.23894482421875,-0.1857104152441024,-0.2111013233661651,-1.3475449085235596
2026-09-17T08:27:43.576904,1789633663576904000,37.248904052734375,-0.1777193397283554,-0.2518988251686096,-1.491339921951294
2026-09-17T08:27:43.586862,1789633663586862800,37.25886279296875,-0.1162306815385818,-0.268873006105423,-1.62560772895813
2026-09-17T08:27:43.596821,1789633663596821800,37.26882177734375,-0.0839744731783866,-0.2890762686729431,-1.7597423791885376
2026-09-17T08:27:43.606780,1789633663606780700,37.27878076171875,-0.0921575650572776,-0.3066278398036957,-1.909090280532837
2026-09-17T08:27:43.616740,1789633663616740600,37.28874072265625,-0.1093317568302154,-0.3304966986179352,-2.052011489868164
2026-09-17T08:27:43.626699,1789633663626699800,37.29869970703125,-0.0796766653656959,-0.3020802438259125,-2.2069239616394043
2026-09-17T08:27:43.636659,1789633663636659000,37.30865893554687,-0.0387329533696174,-0.2573436498641968,-2.4035863876342773
2026-09-17T08:27:43.646619,1789633663646619000,37.318618896484374,0.0128886923193931,-0.2372666150331497,-2.673189640045166
2026-09-17T08:27:43.656577,1789633663656577800,37.32857788085938,0.0213037487119436,-0.1719930619001388,-3.006031036376953
2026-09-17T08:27:43.666536,1789633663666536700,37.33853662109375,0.0362645909190177,0.0384256802499294,-3.374357223510742
2026-09-17T08:27:43.676496,1789633663676496000,37.34849584960938,0.0461278744041919,0.2394293695688247,-3.81817078590393
2026-09-17T08:27:43.686455,1789633663686455800,37.35845581054687,-0.0999592989683151,0.3488429486751556,-4.357708930969238
2026-09-17T08:27:43.696414,1789633663696414700,37.368414794921875,-0.2065941244363784,0.2950052618980407,-5.0342559814453125
2026-09-17T08:27:43.706373,1789633663706373600,37.37837353515625,-0.1693418323993683,0.2718821167945862,-5.676972389221191
2026-09-17T08:27:43.716332,1789633663716332800,37.38833276367187,-0.1342472285032272,0.2550400197505951,-6.344638347625732
2026-09-17T08:27:43.726292,1789633663726292700,37.39829272460938,0.0394942052662372,0.1991985887289047,-6.6662750244140625
2026-09-17T08:27:43.736252,1789633663736252000,37.408251953125,0.5613773465156555,0.334284245967865,-6.59175443649292
2026-09-17T08:27:43.746210,1789633663746210800,37.4182109375,0.905263602733612,0.7518031597137451,-6.486762523651123
2026-09-17T08:27:43.756169,1789633663756169700,37.428169677734374,0.5688675045967102,0.8688408732414246,-6.239337921142578
2026-09-17T08:27:43.766129,1789633663766129700,37.438129638671874,0.2822272181510925,1.001735806465149,-5.818148136138916
2026-09-17T08:27:43.776088,1789633663776088800,37.4480888671875,0.5203502774238586,1.047389268875122,-5.420470714569092
2026-09-17T08:27:43.786047,1789633663786047700,37.4580478515625,0.8291499614715576,0.942268967628479,-5.199554920196533
2026-09-17T08:27:43.796006,1789633663796006700,37.46800659179687,0.9046553373336792,0.743808388710022,-4.67119026184082
2026-09-17T08:27:43.805966,1789633663805966800,37.477966796875,0.6670191287994385,0.7411792874336243,-3.412092447280884
2026-09-17T08:27:43.815925,1789633663815925800,37.48792578125,-0.0479823797941207,0.7310185432434082,-1.6533973217010498
2026-09-17T08:27:43.825885,1789633663825885000,37.497885009765625,-0.4825796484947204,0.5986424088478088,0.410167932510376
2026-09-17T08:27:43.835843,1789633663835843800,37.50784375,-0.024179046973586,0.6275432705879211,1.3821616172790527
2026-09-17T08:27:43.845803,1789633663845803800,37.5178037109375,0.4245553314685821,0.5345782041549683,1.5917714834213257
2026-09-17T08:27:43.855762,1789633663855762700,37.5277626953125,0.418734461069107,0.4732043147087097,1.6404054164886477
2026-09-17T08:27:43.865721,1789633663865721600,37.5377216796875,0.2988253831863403,0.5276656746864319,1.6413798332214355
2026-09-17T08:27:43.875680,1789633663875680800,37.5476806640625,0.1103462725877761,0.5968796610832214,1.5630078315734863
2026-09-17T08:27:43.885641,1789633663885641000,37.55764086914063,-0.1752188950777053,0.6988549828529358,1.5313897132873535
2026-09-17T08:27:43.895599,1789633663895599900,37.567599853515624,-0.5704394578933716,0.7131540775299072,1.7581695318222046
2026-09-17T08:27:43.905558,1789633663905558800,37.57755883789063,-0.9334429502487184,0.5979883074760437,2.233733654022217
2026-09-17T08:27:43.915517,1789633663915517700,37.587517578125,-0.99861341714859,0.500691831111908,2.8668861389160156
2026-09-17T08:27:43.925477,1789633663925477600,37.5974775390625,-0.7175876498222351,0.4318003952503204,3.490600347518921
2026-09-17T08:27:43.935436,1789633663935436800,37.60743676757812,-0.5004790425300598,0.3139371573925018,3.9915499687194824
2026-09-17T08:27:43.945395,1789633663945395700,37.617395751953126,-0.4654243588447571,0.2178468406200409,4.342068672180176
2026-09-17T08:27:43.955354,1789633663955354600,37.62735473632812,-0.5488875508308411,0.2009786516427993,4.592541217803955
2026-09-17T08:27:43.965314,1789633663965314800,37.63731469726562,-0.8468196392059326,0.2036061137914657,4.904959201812744
2026-09-17T08:27:43.975273,1789633663975273700,37.64727368164063,-1.2769269943237305,0.2281378209590912,5.259829521179199
2026-09-17T08:27:43.985233,1789633663985233000,37.65723291015625,-1.552590250968933,0.2653839886188507,5.436443328857422
2026-09-17T08:27:43.995191,1789633663995191800,37.66719189453125,-1.5668096542358398,0.2478257715702057,5.415667533874512
2026-09-17T08:27:44.005151,1789633664005151700,37.67715185546875,-1.4475805759429932,0.219011977314949,5.292325019836426
2026-09-17T08:27:44.015110,1789633664015110700,37.687110595703125,-1.4154601097106934,0.2117596566677093,5.204203128814697
2026-09-17T08:27:44.025069,1789633664025069800,37.69706982421875,-1.4629671573638916,0.1423294395208358,5.111910820007324
2026-09-17T08:27:44.035028,1789633664035028700,37.70702880859375,-1.4957746267318726,0.1166296675801277,5.0928425788879395
2026-09-17T08:27:44.044989,1789633664044989000,37.71698901367188,-1.4927570819854736,0.109089195728302,5.167677402496338
2026-09-17T08:27:44.054947,1789633664054947800,37.72694775390625,-1.438333511352539,0.0634543299674987,5.24033260345459
2026-09-17T08:27:44.064906,1789633664064906800,37.73690673828125,-1.3384252786636353,-0.0129349790513515,5.268531799316406
2026-09-17T08:27:44.074866,1789633664074866700,37.74686669921875,-1.2347159385681152,-0.0994999706745147,5.251405239105225
2026-09-17T08:27:44.084825,1789633664084825900,37.756825927734376,-1.2085171937942505,-0.1868142336606979,5.246397972106934
2026-09-17T08:27:44.094784,1789633664094784800,37.76678466796875,-1.248671531677246,-0.2138168215751648,5.30532169342041
2026-09-17T08:27:44.104743,1789633664104743700,37.77674365234375,-1.3294845819473269,-0.1865742951631546,5.369415283203125
2026-09-17T08:27:44.114704,1789633664114704000,37.78670385742188,-1.3946268558502195,-0.1043835431337356,5.3623785972595215
2026-09-17T08:27:44.124662,1789633664124662800,37.79666284179687,-1.398581624031067,0.0130597278475761,5.283200263977051
2026-09-17T08:27:44.134622,1789633664134622000,37.8066220703125,-1.3732291460037231,0.1029637828469276,5.131342887878418
2026-09-17T08:27:44.144580,1789633664144580900,37.816580810546874,-1.3772941827774048,0.1502636522054672,4.940462112426758
2026-09-17T08:27:44.154540,1789633664154540800,37.826540771484375,-1.471716046333313,0.2829729616641998,4.7342424392700195
2026-09-17T08:27:44.164499,1789633664164499700,37.83649975585938,-1.6686943769454956,0.4005105197429657,4.481639862060547
2026-09-17T08:27:44.174458,1789633664174458600,37.846458740234375,-1.8987525701522827,0.5434095859527588,4.111209869384766
2026-09-17T08:27:44.184417,1789633664184417800,37.85641772460937,-2.1136021614074707,0.610403835773468,3.5978801250457764
2026-09-17T08:27:44.194378,1789633664194378000,37.8663779296875,-2.2494592666625977,0.5701264142990112,2.9153759479522705
2026-09-17T08:27:44.204337,1789633664204337000,37.8763369140625,-2.228681802749634,0.328791856765747,2.1559267044067383
2026-09-17T08:27:44.214295,1789633664214295800,37.8862958984375,-1.9222466945648191,-0.0469753816723823,1.4075851440429688
2026-09-17T08:27:44.224254,1789633664224254700,37.89625463867188,-1.2873624563217163,-0.4812165796756744,1.011778712272644
2026-09-17T08:27:44.234214,1789633664234214700,37.90621459960938,-0.4946048855781555,-0.6913314461708069,0.6517373919487
2026-09-17T08:27:44.244173,1789633664244173800,37.916173828125,0.0441504828631877,-0.9094222784042358,0.0512052178382873
2026-09-17T08:27:44.254132,1789633664254132700,37.9261328125,0.4365124106407165,-0.937130570411682,-0.695336639881134
2026-09-17T08:27:44.264091,1789633664264091600,37.936091552734375,0.2210075408220291,-0.493765652179718,-3.063213348388672
2026-09-17T08:27:44.274051,1789633664274051800,37.9460517578125,0.4940047264099121,-0.2271744459867477,-1.8593456745147705
2026-09-17T08:27:44.284011,1789633664284011000,37.95601098632813,1.7344462871551514,-0.1422526240348816,-2.567419052124023
2026-09-17T08:27:44.293970,1789633664293970000,37.96596997070313,3.3411662578582764,0.4101820588111877,-6.202840805053711
2026-09-17T08:27:44.303929,1789633664303929000,37.97592919921875,3.286754846572876,0.0158491227775812,-7.955831527709961
2026-09-17T08:27:44.313889,1789633664313889300,37.98588916015625,0.9955661296844482,-1.1454172134399414,-6.635271072387695
2026-09-17T08:27:44.323848,1789633664323848200,37.99584814453125,-1.4485630989074707,-2.8352913856506348,-3.792067766189575
2026-09-17T08:27:44.333807,1789633664333807000,38.00580712890625,0.0683919042348861,-1.3056102991104126,-0.9827934503555298
2026-09-17T08:27:44.343766,1789633664343766300,38.015766357421874,2.1388916969299316,0.0248514078557491,-0.1921571046113968
2026-09-17T08:27:44.353726,1789633664353726200,38.025726318359375,1.6052541732788086,-0.3288941383361816,-0.4237653017044067
2026-09-17T08:27:44.363685,1789633664363685000,38.03568505859375,0.2205556035041809,-0.6303248405456543,-0.7676020264625549
2026-09-17T08:27:44.373644,1789633664373644000,38.04564404296875,-0.48014897108078,-0.604729175567627,-0.8924563527107239
2026-09-17T08:27:44.383603,1789633664383603200,38.05560327148437,-0.0867215171456337,-0.4730553328990936,-0.6891293525695801
2026-09-17T08:27:44.393563,1789633664393563400,38.0655634765625,0.856687605381012,-0.0955794006586074,-0.4214443564414978
2026-09-17T08:27:44.403522,1789633664403522300,38.07552221679688,0.9493493437767028,-0.0267566591501235,-0.3025893270969391
2026-09-17T08:27:44.413481,1789633664413481200,38.08548120117187,0.5174829363822937,-0.1060413643717765,-0.3866967558860779
2026-09-17T08:27:44.423441,1789633664423441200,38.095441162109374,0.3651138544082641,-0.0991123542189598,-0.3409763872623443
2026-09-17T08:27:44.433400,1789633664433400000,38.10540014648438,0.4317786395549774,-0.0458240956068038,-0.2127321660518646
2026-09-17T08:27:44.443359,1789633664443359200,38.115359130859375,0.418476939201355,-0.0224226303398609,-0.2259150743484497
2026-09-17T08:27:44.453318,1789633664453318100,38.12531811523438,0.2477675229310989,-0.0373232848942279,-0.2304147481918335
2026-09-17T08:27:44.463277,1789633664463277000,38.135277099609375,0.0879882425069809,-0.0640883222222328,-0.1977135241031646
2026-09-17T08:27:44.473237,1789633664473237200,38.1452373046875,-0.0452885851263999,-0.0907015576958656,-0.1914793401956558
2026-09-17T08:27:44.483196,1789633664483196200,38.15519604492187,-0.1374086588621139,-0.0995717495679855,-0.1890241652727127
2026-09-17T08:27:44.493155,1789633664493155300,38.1651552734375,-0.0878917127847671,-0.0715073570609092,-0.1912939846515655
2026-09-17T08:27:44.503115,1789633664503115300,38.175115234375,0.056134708225727,-0.0386732406914234,-0.1905006319284439
2026-09-17T08:27:44.513074,1789633664513074200,38.18507421875,0.145828366279602,-0.0165330506861209,-0.1913690865039825
2026-09-17T08:27:44.523033,1789633664523033000,38.195033203125,0.1374958753585815,-0.0226370152086019,-0.2136168628931045
2026-09-17T08:27:44.532992,1789633664532992000,38.204991943359374,0.1122126206755638,-0.0195461511611938,-0.2118224203586578
2026-09-17T08:27:44.542952,1789633664542952000,38.214951904296875,0.1191243231296539,-0.0141436625272035,-0.2187775373458862
2026-09-17T08:27:44.552911,1789633664552911400,38.22491137695312,0.1536567360162735,-0.0160560775548219,-0.2398809641599655
2026-09-17T08:27:44.562870,1789633664562870300,38.23487036132813,0.1766030639410019,-0.0131668150424957,-0.2396239638328552
2026-09-17T08:27:44.572829,1789633664572829200,38.2448291015625,0.1881063133478164,-0.0010108165442943,-0.2247118651866912
2026-09-17T08:27:44.582789,1789633664582789000,38.2547890625,0.1398327946662902,0.006504357792437,-0.2193322777748108
2026-09-17T08:27:44.592748,1789633664592748300,38.26474829101563,0.0962070226669311,0.0184417106211185,-0.2337801903486251
2026-09-17T08:27:44.602707,1789633664602707200,38.274707275390625,0.1187498793005943,0.0404972098767757,-0.2457388490438461
2026-09-17T08:27:44.612666,1789633664612666000,38.284666015625,0.2117940783500671,0.0628262162208557,-0.2630025148391723
2026-09-17T08:27:44.622626,1789633664622626000,38.2946259765625,0.2965371906757355,0.0665674284100532,-0.2948126494884491
2026-09-17T08:27:44.632585,1789633664632585200,38.304585205078126,0.3552305996417999,0.0531360395252704,-0.3239774405956268
2026-09-17T08:27:44.642544,1789633664642544400,38.31454443359375,0.3475596308708191,0.0440440066158771,-0.3371017575263977
2026-09-17T08:27:44.652503,1789633664652503300,38.32450341796875,0.293805330991745,0.0385195463895797,-0.3385113775730133
2026-09-17T08:27:44.662463,1789633664662463200,38.33446313476563,0.2847239375114441,0.0449928939342498,-0.3475032746791839
2026-09-17T08:27:44.672422,1789633664672422100,38.344422119140624,0.3027663230895996,0.0454126074910163,-0.3816623091697693
2026-09-17T08:27:44.682381,1789633664682381000,38.35438110351563,0.3227666616439819,0.0397906750440597,-0.4175556004047394
2026-09-17T08:27:44.692340,1789633664692340200,38.36434033203125,0.3201881945133209,0.0277883410453796,-0.4299328923225403
2026-09-17T08:27:44.702300,1789633664702300200,38.374300048828125,0.3000887930393219,0.0021668672561645,-0.4434143602848053
2026-09-17T08:27:44.712259,1789633664712259300,38.38425927734375,0.2506144344806671,-0.0133902542293071,-0.4678128957748413
2026-09-17T08:27:44.722218,1789633664722218200,38.39421826171875,0.1981080919504165,-0.0162803158164024,-0.5074421167373657
2026-09-17T08:27:44.732177,1789633664732177200,38.40417724609375,0.1807970106601715,-0.0177341364324092,-0.5601825714111328
2026-09-17T08:27:44.742137,1789633664742137000,38.41413720703125,0.2072395384311676,-0.0070876176469028,-0.6052072644233704
2026-09-17T08:27:44.752096,1789633664752096300,38.42409619140625,0.2133514881134033,-0.0079214535653591,-0.6775432825088501
2026-09-17T08:27:44.762055,1789633664762055200,38.43405517578125,0.1735135316848755,0.003659568959847,-0.7537261843681335
2026-09-17T08:27:44.772014,1789633664772014000,38.44401416015625,0.1415731757879257,0.0118498541414737,-0.8233561515808105
2026-09-17T08:27:44.781974,1789633664781974000,38.45397412109375,0.0821902751922607,0.0031418504659086,-0.8926364183425903
2026-09-17T08:27:44.791933,1789633664791933200,38.46393310546875,0.0304756835103034,-0.0117390938103199,-0.9779486060142516
2026-09-17T08:27:44.801892,1789633664801892400,38.473892333984374,0.0624655745923519,-0.0211238078773021,-1.0714665651321411
2026-09-17T08:27:44.811851,1789633664811851300,38.48385131835938,0.0954229906201362,-0.0469905585050582,-1.1462388038635254
2026-09-17T08:27:44.821811,1789633664821811200,38.49381127929688,0.033425398170948,-0.1136409565806388,-1.2235101461410522
2026-09-17T08:27:44.831770,1789633664831770000,38.50377001953125,-0.0968607068061828,-0.1847734600305557,-1.3299657106399536
2026-09-17T08:27:44.841729,1789633664841729300,38.51372924804687,-0.1867780834436416,-0.2546585202217102,-1.45164954662323
2026-09-17T08:27:44.851688,1789633664851688200,38.523688232421875,-0.2404865771532058,-0.3140731155872345,-1.6025376319885254
2026-09-17T08:27:44.861648,1789633664861648100,38.533648193359376,-0.2179386615753173,-0.3465847373008728,-1.762107253074646
2026-09-17T08:27:44.871607,1789633664871607000,38.54360693359375,-0.2105041742324829,-0.3750880062580108,-1.9124253988265991
2026-09-17T08:27:44.881566,1789633664881566200,38.55356616210938,-0.2209618836641311,-0.3907425999641418,-2.064699649810791
2026-09-17T08:27:44.891525,1789633664891525400,38.563525390625,-0.2007540762424469,-0.3598182499408722,-2.23725962638855
2026-09-17T08:27:44.901485,1789633664901485300,38.5734853515625,-0.1527719050645828,-0.3006156384944916,-2.428285837173462
2026-09-17T08:27:44.911444,1789633664911444200,38.5834443359375,-0.0975310206413269,-0.3045022487640381,-2.6839847564697266
2026-09-17T08:27:44.921403,1789633664921403100,38.593403076171874,-0.104098379611969,-0.3259694576263428,-3.0349161624908447
2026-09-17T08:27:44.931362,1789633664931362000,38.60336206054688,-0.2131939679384231,-0.1922827810049057,-3.390281915664673
2026-09-17T08:27:44.941322,1789633664941322000,38.61332202148437,-0.219155728816986,0.0199408046901226,-3.782716989517212
2026-09-17T08:27:44.951281,1789633664951281200,38.62328125,-0.2301646918058395,0.1908667385578155,-4.25935173034668
2026-09-17T08:27:44.961240,1789633664961240300,38.633240234375,-0.4241235256195068,0.326630175113678,-4.8101725578308105
2026-09-17T08:27:44.971199,1789633664971199200,38.64319921875,-0.6156018376350403,0.3464211821556091,-5.48335599899292
2026-09-17T08:27:44.981159,1789633664981159200,38.6531591796875,-0.6614380478858948,0.2149297297000885,-6.234472751617432
2026-09-17T08:27:44.991118,1789633664991118000,38.6631181640625,-0.4030158221721649,0.0977604985237121,-6.778894424438477
2026-09-17T08:27:45.001077,1789633665001077200,38.6730771484375,0.2192037850618362,0.072758212685585,-6.838018417358398
2026-09-17T08:27:45.011036,1789633665011036200,38.6830361328125,0.7657779455184937,0.0849325880408287,-6.927768230438232
2026-09-17T08:27:45.020996,1789633665020996000,38.69299609375,0.9541654586791992,0.3628720641136169,-6.740568161010742
2026-09-17T08:27:45.030955,1789633665030955000,38.702955078125,0.4966694712638855,1.1714937686920166,-6.1006269454956055
2026-09-17T08:27:45.040914,1789633665040914200,38.7129140625,0.021872341632843,1.4667481184005735,-5.656177043914795
2026-09-17T08:27:45.050873,1789633665050873300,38.722873291015624,0.0058467690832912,1.4989099502563477,-5.3972697257995605
2026-09-17T08:27:45.060833,1789633665060833300,38.73283325195312,0.0679588690400123,1.4762688875198364,-5.0742340087890625
2026-09-17T08:27:45.070792,1789633665070792200,38.74279223632813,0.1182348281145095,1.575455665588379,-4.6435441970825195
2026-09-17T08:27:45.080751,1789633665080751000,38.752751220703125,0.2287746518850326,1.739017128944397,-3.578206777572632
2026-09-17T08:27:45.090711,1789633665090711000,38.7627109375,0.1966185867786407,1.6259664297103882,-1.7858566045761108
2026-09-17T08:27:45.100670,1789633665100670200,38.77267016601562,0.2716532349586487,1.537174940109253,0.4274351596832275
2026-09-17T08:27:45.110629,1789633665110629000,38.782629150390626,0.781948447227478,1.32475745677948,1.6127219200134275
2026-09-17T08:27:45.120588,1789633665120588000,38.79258813476562,1.0969605445861816,1.01624596118927,2.120150327682495
2026-09-17T08:27:45.130548,1789633665130548200,38.80254833984375,1.1332039833068848,0.837122917175293,2.3217885494232178
2026-09-17T08:27:45.140507,1789633665140507100,38.81250708007813,1.0853227376937866,0.7969598174095154,2.3694753646850586
2026-09-17T08:27:45.150466,1789633665150466300,38.82246630859375,0.8564445376396179,0.7715479135513306,2.316549062728882
2026-09-17T08:27:45.160425,1789633665160425200,38.83242529296875,0.4187683761119842,0.6857398152351379,2.3352434635162354
2026-09-17T08:27:45.170385,1789633665170385200,38.84238525390625,-0.1167493686079979,0.5642056465148926,2.5494320392608643
2026-09-17T08:27:45.180344,1789633665180344000,38.852343994140625,-0.5586205124855042,0.3964078426361084,2.8738322257995605
2026-09-17T08:27:45.190303,1789633665190303000,38.86230297851562,-0.7742106318473816,0.2288686484098434,3.252286195755005
2026-09-17T08:27:45.200262,1789633665200262100,38.87226220703125,-0.7785488963127136,0.0795500054955482,3.647155523300171
2026-09-17T08:27:45.210222,1789633665210222300,38.88222241210938,-0.7074536681175232,-0.0556349828839302,4.019631862640381
2026-09-17T08:27:45.220181,1789633665220181200,38.89218115234375,-0.6897465586662292,-0.201677143573761,4.354267120361328
2026-09-17T08:27:45.230140,1789633665230140200,38.90214013671875,-0.7562994956970215,-0.3024740517139435,4.678040027618408
2026-09-17T08:27:45.240099,1789633665240099000,38.91209912109375,-0.8931335210800171,-0.4068808853626251,5.02915096282959
2026-09-17T08:27:45.250059,1789633665250059000,38.92205908203125,-1.0546677112579346,-0.4731062352657318,5.358466148376465
2026-09-17T08:27:45.260018,1789633665260018200,38.93201806640625,-1.177884817123413,-0.4561874568462372,5.566666126251221
2026-09-17T08:27:45.269977,1789633665269977000,38.94197705078125,-1.2740871906280518,-0.3708802759647369,5.636962413787842
2026-09-17T08:27:45.279936,1789633665279936000,38.95193603515625,-1.3940415382385254,-0.2855217158794403,5.6253485679626465
2026-09-17T08:27:45.289896,1789633665289896200,38.961896240234374,-1.5188790559768677,-0.2593388259410858,5.594077110290527
2026-09-17T08:27:45.299855,1789633665299855400,38.97185546875,-1.5473225116729736,-0.2376143783330917,5.6526198387146
2026-09-17T08:27:45.309814,1789633665309814300,38.981814208984375,-1.408017873764038,-0.26444011926651,5.782312870025635
2026-09-17T08:27:45.319773,1789633665319773200,38.99177319335938,-1.176845908164978,-0.3395186364650726,5.882682800292969
2026-09-17T08:27:45.329733,1789633665329733400,39.0017333984375,-0.9953776001930236,-0.4289526343345642,5.939289093017578
2026-09-17T08:27:45.339692,1789633665339692300,39.0116923828125,-0.9297211170196532,-0.4470283091068268,5.948347091674805
2026-09-17T08:27:45.349651,1789633665349651500,39.0216513671875,-0.9985294938087464,-0.4363327920436859,5.8847784996032715
2026-09-17T08:27:45.359610,1789633665359610400,39.0316103515625,-1.1730610132217407,-0.3735500872135162,5.863800525665283
2026-09-17T08:27:45.369570,1789633665369570300,39.0415703125,-1.3052566051483154,-0.259137749671936,5.886897563934326
2026-09-17T08:27:45.379529,1789633665379529200,39.051529296875,-1.3598817586898804,-0.144498810172081,5.878174304962158
2026-09-17T08:27:45.389488,1789633665389488000,39.06148803710938,-1.3679229021072388,0.0003507880028337,5.80776834487915
2026-09-17T08:27:45.399447,1789633665399447300,39.071447265625,-1.3633910417556765,0.1775023937225341,5.644411087036133
2026-09-17T08:27:45.409407,1789633665409407200,39.0814072265625,-1.4386684894561768,0.4613522291183471,5.366055011749268
2026-09-17T08:27:45.419366,1789633665419366400,39.09136645507812,-1.6915949583053589,0.7576051950454712,5.082584857940674
2026-09-17T08:27:45.429325,1789633665429325300,39.1013251953125,-1.941461205482483,1.0402107238769531,4.697773456573486
2026-09-17T08:27:45.439284,1789633665439284200,39.1112841796875,-2.0429441928863525,1.2033253908157349,4.01174783706665
2026-09-17T08:27:45.449244,1789633665449244200,39.121244140625,-2.1313326358795166,1.1725949048995972,3.286604881286621
2026-09-17T08:27:45.459203,1789633665459203300,39.13120336914063,-2.09476637840271,1.0253039598464966,2.450305938720703
2026-09-17T08:27:45.469162,1789633665469162200,39.141162353515625,-1.814409613609314,0.594055712223053,1.5994423627853394
2026-09-17T08:27:45.479121,1789633665479121200,39.15112109375,-1.2994441986083984,0.151775449514389,0.8814393877983093
2026-09-17T08:27:45.489081,1789633665489081000,39.1610810546875,-0.7662421464920044,-0.2625151872634887,0.3430915176868438
2026-09-17T08:27:45.499040,1789633665499040300,39.171040283203126,-0.2908303439617157,-0.577135443687439,-0.1241158619523048
2026-09-17T08:27:45.508999,1789633665508999400,39.18099951171875,0.1443514674901962,-0.8291985988616943,-0.7206075191497803
2026-09-17T08:27:45.518958,1789633665518958300,39.19095825195313,0.5744906067848206,-1.0156646966934204,-1.405357003211975
2026-09-17T08:27:45.528918,1789633665528918300,39.20091821289063,-0.2053689807653427,0.0733754634857177,-1.9783872365951536
2026-09-17T08:27:45.538877,1789633665538877200,39.210877197265624,-0.3251534402370453,-0.498372733592987,-1.030504822731018
2026-09-17T08:27:45.548836,1789633665548836400,39.22083642578125,1.8264045715332031,-0.0583916194736957,-2.2642505168914795
2026-09-17T08:27:45.558795,1789633665558795300,39.230795166015625,3.1654086112976074,0.179546371102333,-6.260919094085693
2026-09-17T08:27:45.568755,1789633665568755200,39.240755126953125,3.380760908126831,0.0691250562667846,-7.675568103790283
2026-09-17T08:27:45.578714,1789633665578714400,39.25071435546875,1.563698410987854,-0.625247061252594,-6.72787618637085
2026-09-17T08:27:45.588673,1789633665588673300,39.26067333984375,-1.278321623802185,-2.4510676860809326,-4.667234420776367
2026-09-17T08:27:45.598632,1789633665598632400,39.270632568359375,-1.4967410564422607,-2.630106210708618,-2.4308345317840576
2026-09-17T08:27:45.608592,1789633665608592400,39.28059228515625,1.2113432884216309,-0.864342987537384,-1.0712791681289673
2026-09-17T08:27:45.618551,1789633665618551300,39.29055126953125,2.6789581775665283,-0.1815511137247085,-0.5750675797462463
2026-09-17T08:27:45.628510,1789633665628510200,39.30051025390625,1.695938229560852,-0.4267744421958923,-0.3634978532791137
2026-09-17T08:27:45.638469,1789633665638469000,39.31046923828125,0.2357461005449295,-0.5212798714637756,-0.5920953154563904
2026-09-17T08:27:45.648429,1789633665648429000,39.32042895507813,-0.5062071084976196,-0.5223414301872253,-0.5553354620933533
2026-09-17T08:27:45.658388,1789633665658388200,39.33038818359375,-0.3647200167179107,-0.4582452774047851,-0.3683535754680633
2026-09-17T08:27:45.668347,1789633665668347400,39.340347412109374,0.1419634073972702,-0.3086744248867035,-0.3947090208530426
2026-09-17T08:27:45.678306,1789633665678306300,39.35030639648438,0.4161009490489959,-0.2523206174373626,-0.4962082207202911
2026-09-17T08:27:45.688266,1789633665688266200,39.36026635742188,0.5582053661346436,-0.2554575502872467,-0.5522333979606628
2026-09-17T08:27:45.698225,1789633665698225200,39.37022509765625,0.6076988577842712,-0.1792504042387008,-0.4411462843418121
2026-09-17T08:27:45.708184,1789633665708184300,39.38018432617187,0.5147241950035095,-0.160835713148117,-0.3871685564517975
2026-09-17T08:27:45.718144,1789633665718144300,39.39014428710937,0.3609088063240051,-0.1481747776269912,-0.4192827939987182
2026-09-17T08:27:45.728103,1789633665728103200,39.400103271484376,0.2730577886104584,-0.1381828635931015,-0.3772552013397217
2026-09-17T08:27:45.738062,1789633665738062000,39.41006201171875,0.2618948817253113,-0.0950380489230156,-0.3708894550800323
2026-09-17T08:27:45.748021,1789633665748021200,39.42002124023438,0.3333562612533569,-0.0680269375443458,-0.3841061890125274
2026-09-17T08:27:45.757980,1789633665757980400,39.42998046875,0.4034647941589355,-0.0263431407511234,-0.3586487472057342
2026-09-17T08:27:45.767940,1789633665767940400,39.4399404296875,0.4001368880271911,0.0009289602749049,-0.3111630082130432
2026-09-17T08:27:45.777899,1789633665777899300,39.44989916992188,0.3303120136260986,-0.0283042937517166,-0.3012621700763702
2026-09-17T08:27:45.787858,1789633665787858200,39.459858154296874,0.2639753222465515,-0.0577559247612953,-0.2992118000984192
2026-09-17T08:27:45.797818,1789633665797818000,39.469818115234375,0.2681703567504883,-0.0484457798302173,-0.3202758133411407
2026-09-17T08:27:45.807777,1789633665807777300,39.47977734375,0.3782222867012024,-0.0389113947749137,-0.381528228521347
2026-09-17T08:27:45.817736,1789633665817736200,39.489736083984376,0.5770517587661743,0.0060105379670858,-0.4118533730506897
2026-09-17T08:27:45.827695,1789633665827695400,39.4996953125,0.7007648944854736,0.04828742146492,-0.4063225388526916
2026-09-17T08:27:45.837655,1789633665837655300,39.5096552734375,0.6213986873626709,0.072567194700241,-0.3583675324916839
2026-09-17T08:27:45.847614,1789633665847614200,39.5196142578125,0.4809713065624237,0.0490597374737262,-0.3384590744972229
2026-09-17T08:27:45.857573,1789633665857573400,39.529573486328125,0.3960875570774078,0.0195359326899051,-0.3401246070861816
2026-09-17T08:27:45.867532,1789633665867532300,39.5395322265625,0.3938151001930237,0.0078057749196887,-0.3440474271774292
2026-09-17T08:27:45.877492,1789633665877492200,39.5494921875,0.406719446182251,0.0055450173094868,-0.3178363442420959
2026-09-17T08:27:45.887451,1789633665887451100,39.559451171875,0.3595636487007141,0.0083320150151848,-0.2972732782363891
2026-09-17T08:27:45.897410,1789633665897410000,39.56941015625,0.3416240513324737,0.0113184843212366,-0.3332429826259613
2026-09-17T08:27:45.907369,1789633665907369500,39.57936938476563,0.4007374346256256,0.0327923521399498,-0.3724226355552673
2026-09-17T08:27:45.917329,1789633665917329400,39.58932934570313,0.4238515496253967,0.0537554249167442,-0.3910011053085327
2026-09-17T08:27:45.927288,1789633665927288300,39.59928833007813,0.3920113444328308,0.0593829490244388,-0.4235521256923675
2026-09-17T08:27:45.937247,1789633665937247200,39.60924731445313,0.3377294540405273,0.0555221661925315,-0.458004891872406
2026-09-17T08:27:45.947206,1789633665947206100,39.6192060546875,0.2976329028606415,0.0557836890220642,-0.494351178407669
2026-09-17T08:27:45.957166,1789633665957166000,39.629166015625,0.2676489055156708,0.0307233408093452,-0.5226401090621948
2026-09-17T08:27:45.967125,1789633665967125200,39.63912524414062,0.1576401144266128,-0.01353972684592,-0.5582340359687805
2026-09-17T08:27:45.977084,1789633665977084200,39.649084228515626,0.0395672693848609,-0.0486154220998287,-0.5765371322631836
2026-09-17T08:27:45.987043,1789633665987043000,39.65904296875,-0.0131659852340817,-0.0548663921654224,-0.6155796051025391
2026-09-17T08:27:45.997003,1789633665997003300,39.66900317382812,-0.0141263203695416,-0.034450601786375,-0.658245861530304
2026-09-17T08:27:46.006962,1789633666006962200,39.67896215820313,-0.0123350797221064,-0.0144017925485968,-0.7042272090911865
2026-09-17T08:27:46.016921,1789633666016921300,39.68892138671875,-0.0344017632305622,-0.0033589953090995,-0.7603450417518616
2026-09-17T08:27:46.026880,1789633666026880300,39.69888037109375,-0.059826161712408,0.0048834881745278,-0.830169141292572
2026-09-17T08:27:46.036840,1789633666036840200,39.70884008789063,-0.0283984653651714,-0.0012684138491749,-0.9234026670455932
2026-09-17T08:27:46.046799,1789633666046799000,39.718799072265625,0.005777345970273,-0.0214905962347984,-1.0091710090637207
2026-09-17T08:27:46.056758,1789633666056758300,39.72875830078125,-0.0372947566211223,-0.0521081574261188,-1.1059439182281494
2026-09-17T08:27:46.066717,1789633666066717200,39.73871728515625,-0.0974600985646247,-0.1115752160549163,-1.2045400142669678
2026-09-17T08:27:46.076677,1789633666076677400,39.74867749023438,-0.1771575808525085,-0.1844622045755386,-1.3185940980911257
2026-09-17T08:27:46.086636,1789633666086636300,39.75863623046875,-0.2218510210514068,-0.2536537945270538,-1.449049949645996
2026-09-17T08:27:46.096595,1789633666096595200,39.76859521484375,-0.2223173379898071,-0.2966718375682831,-1.60358726978302
2026-09-17T08:27:46.106554,1789633666106554400,39.778554443359376,-0.2049018740653991,-0.3267389237880707,-1.774399995803833
2026-09-17T08:27:46.116514,1789633666116514300,39.78851440429688,-0.186742827296257,-0.3679318130016327,-1.9503339529037476
2026-09-17T08:27:46.126473,1789633666126473200,39.79847314453125,-0.2119107693433761,-0.4000220894813537,-2.09828782081604
2026-09-17T08:27:46.136432,1789633666136432000,39.80843212890625,-0.2494389712810516,-0.3982452154159546,-2.249732255935669
2026-09-17T08:27:46.146391,1789633666146391000,39.81839111328125,-0.1730581820011139,-0.3546218574047088,-2.4572982788085938
2026-09-17T08:27:46.156351,1789633666156351200,39.828351318359374,-0.0819905847311019,-0.3294342160224914,-2.753438711166382
2026-09-17T08:27:46.166310,1789633666166310400,39.83831030273438,-0.0895339921116828,-0.3170358538627624,-3.140012264251709
2026-09-17T08:27:46.176269,1789633666176269300,39.848269287109375,-0.1297397315502166,-0.1501448899507522,-3.5308775901794434
2026-09-17T08:27:46.186228,1789633666186228200,39.85822827148438,-0.0752370804548263,0.0634347647428512,-3.984135150909424
2026-09-17T08:27:46.196188,1789633666196188200,39.86818823242187,-0.1393249779939651,0.2759353220462799,-4.529660701751709
2026-09-17T08:27:46.206147,1789633666206147000,39.87814697265625,-0.3855986595153808,0.4349516034126282,-5.216086387634277
2026-09-17T08:27:46.216106,1789633666216106200,39.88810620117187,-0.5907425284385681,0.3758043944835663,-6.030310153961182
2026-09-17T08:27:46.226065,1789633666226065200,39.89806518554688,-0.5499055981636047,0.2607478499412536,-6.801018714904785
2026-09-17T08:27:46.236025,1789633666236025300,39.908025390625,0.091436855494976,0.0703182369470596,-7.183963775634766
2026-09-17T08:27:46.245984,1789633666245984300,39.917984375,0.81348717212677,0.1796378046274185,-7.318311214447021
2026-09-17T08:27:46.255943,1789633666255943400,39.927943359375,1.014776349067688,0.6466158628463745,-7.067744255065918
2026-09-17T08:27:46.265902,1789633666265902300,39.93790234375,0.4959537088871002,1.0116311311721802,-6.454206943511963
2026-09-17T08:27:46.275862,1789633666275862300,39.9478623046875,-0.0148509629070758,1.1363648176193235,-5.964221477508545
2026-09-17T08:27:46.285821,1789633666285821200,39.9578212890625,0.2964075803756714,1.2124625444412231,-5.535470008850098
2026-09-17T08:27:46.295780,1789633666295780000,39.967780029296875,0.6921991109848022,1.0789364576339722,-5.240416049957275
2026-09-17T08:27:46.305739,1789633666305739500,39.97773950195312,0.7277880311012268,1.0412923097610474,-4.829517364501953
2026-09-17T08:27:46.315699,1789633666315699500,39.987699462890625,0.4934495389461517,1.157840609550476,-4.154849052429199
2026-09-17T08:27:46.325658,1789633666325658400,39.99765844726563,-0.0712796226143837,1.0905762910842896,-2.576819896697998
2026-09-17T08:27:46.335617,1789633666335617300,40.0076171875,-0.4479896128177643,0.9825190901756288,-0.3260040879249573
2026-09-17T08:27:46.345576,1789633666345576200,40.017576171875,-0.087834894657135,0.8869872093200684,1.014024257659912
2026-09-17T08:27:46.355536,1789633666355536100,40.0275361328125,0.559144139289856,0.593144953250885,1.6339855194091797
2026-09-17T08:27:46.365495,1789633666365495300,40.037495361328126,0.8483932614326477,0.3815166056156158,2.0733203887939453
2026-09-17T08:27:46.375454,1789633666375454200,40.0474541015625,0.9119799733161926,0.3185333907604217,2.3227553367614746
2026-09-17T08:27:46.385413,1789633666385413400,40.05741333007813,0.853833019733429,0.266139954328537,2.4471986293792725
2026-09-17T08:27:46.395373,1789633666395373300,40.06737329101563,0.663827657699585,0.2953444421291351,2.561126232147217
2026-09-17T08:27:46.405332,1789633666405332200,40.077332275390624,0.3620094954967499,0.4052232801914215,2.749159097671509
2026-09-17T08:27:46.415291,1789633666415291400,40.08729150390625,-0.0099656600505113,0.5075413584709167,2.998007297515869
2026-09-17T08:27:46.425250,1789633666425250300,40.097250244140625,-0.3782866895198822,0.5860667824745178,3.2759532928466797
2026-09-17T08:27:46.435210,1789633666435210200,40.107210205078125,-0.7093037962913513,0.6037240624427795,3.5943832397460938
2026-09-17T08:27:46.445169,1789633666445169200,40.11716918945312,-0.9882904291152954,0.5462056398391724,4.014111518859863
2026-09-17T08:27:46.455128,1789633666455128300,40.12712841796875,-1.183709979057312,0.4541511237621307,4.535706520080566
2026-09-17T08:27:46.465087,1789633666465087500,40.13708740234375,-1.262702465057373,0.3596786856651306,5.0553998947143555
2026-09-17T08:27:46.475047,1789633666475047400,40.14704736328125,-1.2336280345916748,0.267897367477417,5.432223320007324
2026-09-17T08:27:46.485006,1789633666485006300,40.15700634765625,-1.140827178955078,0.2145872712135315,5.61839485168457
2026-09-17T08:27:46.494965,1789633666494965200,40.16696533203125,-1.1154073476791382,0.178014874458313,5.672229766845703
2026-09-17T08:27:46.504924,1789633666504924400,40.17692431640625,-1.238919973373413,0.1221188530325889,5.727764129638672
2026-09-17T08:27:46.514884,1789633666514884400,40.18688427734375,-1.418394923210144,0.0931796133518219,5.9103474617004395
2026-09-17T08:27:46.524843,1789633666524843300,40.19684326171875,-1.546620488166809,-0.0024023044388741,6.145725727081299
2026-09-17T08:27:46.534802,1789633666534802200,40.20680224609375,-1.555716872215271,-0.031548473984003,6.372364044189453
2026-09-17T08:27:46.544761,1789633666544761000,40.216760986328126,-1.4828228950500488,-0.0634797737002372,6.518587112426758
2026-09-17T08:27:46.554721,1789633666554721300,40.22672119140625,-1.3887059688568115,-0.1529939472675323,6.432045936584473
2026-09-17T08:27:46.564680,1789633666564680400,40.236680419921875,-1.3460373878479004,-0.1149773225188255,6.2605366706848145
2026-09-17T08:27:46.574639,1789633666574639400,40.24663940429687,-1.4896397590637207,-0.0057304576039314,6.035121440887451
2026-09-17T08:27:46.584598,1789633666584598300,40.256598388671875,-1.7971736192703247,0.0479572713375091,5.802951335906982
2026-09-17T08:27:46.594558,1789633666594558200,40.26655810546875,-2.054086685180664,0.2629494965076446,5.792789936065674
2026-09-17T08:27:46.604517,1789633666604517000,40.27651708984375,-2.1208841800689697,0.4812043309211731,5.824536323547363
2026-09-17T08:27:46.614476,1789633666614476300,40.28647631835938,-2.0679452419281006,0.6266350150108337,5.735151767730713
2026-09-17T08:27:46.624435,1789633666624435200,40.29643530273437,-1.9231246709823608,0.6616744995117188,5.512202739715576
2026-09-17T08:27:46.634395,1789633666634395400,40.3063955078125,-1.724664330482483,0.6794270873069763,5.210652828216553
2026-09-17T08:27:46.644354,1789633666644354300,40.31635424804688,-1.6223224401474,0.7111842036247253,4.850604057312012
2026-09-17T08:27:46.654313,1789633666654313200,40.326313232421874,-1.6457910537719729,0.7530874609947205,4.442101001739502
2026-09-17T08:27:46.664272,1789633666664272400,40.3362724609375,-1.7851353883743286,0.8186283707618713,3.893620729446411
2026-09-17T08:27:46.674232,1789633666674232300,40.346232421875,-1.9542818069458008,0.7556089758872986,3.187995433807373
2026-09-17T08:27:46.684191,1789633666684191200,40.356191162109376,-2.0025365352630615,0.5335220694541931,2.415862560272217
2026-09-17T08:27:46.694150,1789633666694150100,40.36615014648437,-1.829860806465149,0.2061093598604202,1.6913079023361206
2026-09-17T08:27:46.704109,1789633666704109300,40.376109375,-1.4841550588607788,-0.1544379144906997,1.0823519229888916
2026-09-17T08:27:46.714069,1789633666714069200,40.3860693359375,-1.014274835586548,-0.5026779174804688,0.6335501670837402
2026-09-17T08:27:46.724028,1789633666724028400,40.3960283203125,-0.5481604337692261,-0.7751270532608032,0.1266941428184509
2026-09-17T08:27:46.733987,1789633666733987300,40.4059873046875,-0.181982159614563,-1.0214630365371704,-0.6035997271537781
2026-09-17T08:27:46.743946,1789633666743946200,40.4159462890625,0.1037100329995155,-1.0197548866271973,-1.3776274919509888
2026-09-17T08:27:46.753906,1789633666753906200,40.42590625,-0.0482384786009788,-0.9115368127822876,-2.706670045852661
2026-09-17T08:27:46.763865,1789633666763865300,40.435865234375,0.3051603138446808,-0.7608391642570496,-1.6521421670913696
2026-09-17T08:27:46.773824,1789633666773824300,40.44582421875,2.169086456298828,-0.7145406603813171,-2.5322470664978027
2026-09-17T08:27:46.783783,1789633666783783200,40.455783203125,4.129478931427002,-0.0064761424437165,-5.983686923980713
2026-09-17T08:27:46.793743,1789633666793743400,40.46574340820312,3.75916600227356,-0.2711506485939026,-7.337409019470215
2026-09-17T08:27:46.803702,1789633666803702300,40.47570239257813,1.324324131011963,-0.6641448736190796,-7.035073280334473
2026-09-17T08:27:46.813661,1789633666813661400,40.485661376953125,-2.0492160320281982,-3.0974373817443848,-5.2077717781066895
2026-09-17T08:27:46.823620,1789633666823620400,40.49562036132812,-1.5032954216003418,-2.0116915702819824,-1.9136563539505005
2026-09-17T08:27:46.833580,1789633666833580300,40.50558032226562,1.815908432006836,0.0335064269602298,0.3294059932231903
2026-09-17T08:27:46.843539,1789633666843539200,40.515539306640626,2.604412794113159,-0.0453463084995746,0.0389328598976135
2026-09-17T08:27:46.853498,1789633666853498000,40.525498046875,0.9993348121643066,-0.3165317177772522,-0.4155283570289612
2026-09-17T08:27:46.863457,1789633666863457300,40.53545727539063,-0.7574287056922913,-0.5427201390266418,-0.443219393491745
2026-09-17T08:27:46.873417,1789633666873417500,40.54541748046875,-1.1272815465927124,-0.5010626912117004,-0.2921592891216278
2026-09-17T08:27:46.883376,1789633666883376400,40.55537646484375,-0.1908558160066604,-0.2332957088947296,-0.2267922908067703
2026-09-17T08:27:46.893335,1789633666893335300,40.56533520507813,0.4889027178287506,-0.0674697235226631,-0.2044020295143127
2026-09-17T08:27:46.903294,1789633666903294200,40.575294189453125,0.3470502495765686,-0.1508085578680038,-0.2506667077541351
2026-09-17T08:27:46.913254,1789633666913254100,40.585254150390625,0.1003800183534622,-0.1839009970426559,-0.2872372567653656
2026-09-17T08:27:46.923213,1789633666923213300,40.59521337890625,0.1792865544557571,-0.1393106281757354,-0.2440772652626037
2026-09-17T08:27:46.933172,1789633666933172200,40.605172119140626,0.3466606438159942,-0.063270978629589,-0.193546712398529
2026-09-17T08:27:46.943131,1789633666943131100,40.61513110351562,0.2680292129516601,-0.0581641048192977,-0.1740150898694992
2026-09-17T08:27:46.953091,1789633666953091300,40.62509130859375,0.0268259104341268,-0.0676058083772659,-0.1493899077177047
2026-09-17T08:27:46.963050,1789633666963050200,40.63505029296875,-0.1451314687728881,-0.0538375340402126,-0.1060757264494896
2026-09-17T08:27:46.973009,1789633666973009400,40.645009521484376,-0.1295373290777206,-0.0144437868148088,-0.0853925496339798
2026-09-17T08:27:46.982968,1789633666982968300,40.65496826171875,-0.0278549119830131,0.0317873582243919,-0.0785460993647575
2026-09-17T08:27:46.992928,1789633666992928300,40.66492822265625,0.031799629330635,0.0268977936357259,-0.1071668267250061
2026-09-17T08:27:47.002887,1789633667002887200,40.67488720703125,0.0748067498207092,-0.0089832423254847,-0.198140412569046
2026-09-17T08:27:47.012846,1789633667012846300,40.68484643554687,0.1805113404989242,-0.0112389391288161,-0.2843871414661407
2026-09-17T08:27:47.022805,1789633667022805200,40.69480517578125,0.3279005289077759,0.0058415103703737,-0.3117385804653168
2026-09-17T08:27:47.032765,1789633667032765400,40.70476538085938,0.4421530663967132,0.0143529726192355,-0.3234370648860931
2026-09-17T08:27:47.042724,1789633667042724400,40.714724365234375,0.4632724523544311,0.0099470391869544,-0.3223733901977539
2026-09-17T08:27:47.052683,1789633667052683300,40.72468334960938,0.4086750149726867,-0.0038590535987168,-0.3174047470092773
2026-09-17T08:27:47.062642,1789633667062642400,40.734642333984375,0.3777034878730774,-0.0175772625952959,-0.3199925124645233
2026-09-17T08:27:47.072602,1789633667072602400,40.74460229492187,0.3682479560375213,-0.0168584752827882,-0.2798437774181366
2026-09-17T08:27:47.082561,1789633667082561300,40.75456127929687,0.3390509188175201,-0.0160555317997932,-0.2830470204353332
2026-09-17T08:27:47.092520,1789633667092520200,40.76452026367187,0.3173887729644775,-0.0170789845287799,-0.3135268986225128
2026-09-17T08:27:47.102479,1789633667102479000,40.77447900390625,0.3434661626815796,0.0117859523743391,-0.3317596912384033
2026-09-17T08:27:47.112439,1789633667112439300,40.784439208984374,0.4131477773189544,0.0420394614338874,-0.3509459197521209
2026-09-17T08:27:47.122398,1789633667122398500,40.7943984375,0.4723634421825409,0.071593627333641,-0.3735513687133789
2026-09-17T08:27:47.132357,1789633667132357400,40.804357421875,0.4993424117565155,0.0956503003835678,-0.40407395362854
2026-09-17T08:27:47.142316,1789633667142316300,40.81431640625,0.4826816618442535,0.1097171157598495,-0.4239397943019867
2026-09-17T08:27:47.152276,1789633667152276200,40.82427612304687,0.4213056564331054,0.1140450164675712,-0.4381778538227081
2026-09-17T08:27:47.162235,1789633667162235100,40.834235107421875,0.3400653898715973,0.1076249331235885,-0.4396284818649292
2026-09-17T08:27:47.172194,1789633667172194300,40.8441943359375,0.2805661261081695,0.0964708179235458,-0.4549030363559723
2026-09-17T08:27:47.182153,1789633667182153200,40.8541533203125,0.279895007610321,0.0848850011825561,-0.5032673478126526
2026-09-17T08:27:47.192113,1789633667192113400,40.86411352539063,0.3277810215950012,0.0857739672064781,-0.5452289581298828
2026-09-17T08:27:47.202072,1789633667202072300,40.874072265625,0.3460055887699127,0.0821379497647285,-0.5882443189620972
2026-09-17T08:27:47.212031,1789633667212031500,40.88403149414062,0.2675613760948181,0.0606164149940013,-0.6419834494590759
2026-09-17T08:27:47.221990,1789633667221990400,40.893990478515626,0.1889776140451431,0.0236488096415996,-0.6821649670600891
2026-09-17T08:27:47.231950,1789633667231950300,40.903950439453126,0.1672483384609222,-0.0051892306655645,-0.7376769185066223
2026-09-17T08:27:47.241909,1789633667241909200,40.9139091796875,0.1956368386745453,-0.0015406999737024,-0.8144580125808716
2026-09-17T08:27:47.251868,1789633667251868200,40.9238681640625,0.2542849779129028,-0.0004288302734494,-0.8885886669158936
2026-09-17T08:27:47.261827,1789633667261827300,40.93382739257813,0.2370322197675705,-0.0211245212703943,-0.9372938871383668
2026-09-17T08:27:47.271787,1789633667271787500,40.94378759765625,0.1263810694217682,-0.0637231171131134,-0.9985500574111938
2026-09-17T08:27:47.281746,1789633667281746400,40.95374633789063,0.0420118644833564,-0.1200625523924827,-1.0927103757858276
2026-09-17T08:27:47.291705,1789633667291705300,40.963705322265625,0.0785927772521972,-0.1739303171634674,-1.2222715616226196
2026-09-17T08:27:47.301664,1789633667301664300,40.97366430664062,0.1495990455150604,-0.2045974135398864,-1.3495211601257324
2026-09-17T08:27:47.311624,1789633667311624400,40.98362451171875,0.0943791940808296,-0.2558030784130096,-1.4885978698730469
2026-09-17T08:27:47.321583,1789633667321583600,40.99358349609375,0.0046594333834946,-0.3324621617794037,-1.6234803199768066
2026-09-17T08:27:47.331542,1789633667331542500,41.00354248046875,-0.1403062790632248,-0.4242043495178222,-1.7731709480285645
2026-09-17T08:27:47.341501,1789633667341501400,41.01350146484375,-0.2240834683179855,-0.483739286661148,-1.9389668703079224
2026-09-17T08:27:47.351461,1789633667351461400,41.02346142578125,-0.1620033234357834,-0.5020687580108643,-2.1361138820648193
2026-09-17T08:27:47.361420,1789633667361420300,41.033420166015624,-0.1077073216438293,-0.4926403760910034,-2.335343837738037
2026-09-17T08:27:47.371379,1789633667371379500,41.04337939453125,-0.0838414058089256,-0.4434709846973419,-2.5555410385131836
2026-09-17T08:27:47.381338,1789633667381338400,41.05333837890625,-0.032784879207611,-0.4352844059467315,-2.827671527862549
2026-09-17T08:27:47.391298,1789633667391298600,41.06329858398438,-0.0367676317691803,-0.4207720458507538,-3.1646370887756348
2026-09-17T08:27:47.401257,1789633667401257500,41.073257568359374,-0.1276394873857498,-0.3282578289508819,-3.558591365814209
2026-09-17T08:27:47.411216,1789633667411216400,41.08321630859375,-0.1984745115041732,-0.0751129239797592,-3.9827194213867183
2026-09-17T08:27:47.421175,1789633667421175600,41.093175537109374,-0.2158878594636917,0.2301596403121948,-4.506134033203125
2026-09-17T08:27:47.431135,1789633667431135500,41.103135498046875,-0.4138374328613281,0.5156020522117615,-5.150799751281738
2026-09-17T08:27:47.441094,1789633667441094400,41.11309448242187,-0.704505205154419,0.5031530857086182,-5.995727062225342
2026-09-17T08:27:47.451053,1789633667451053300,41.12305322265625,-0.6212308406829834,0.264620691537857,-6.900283336639404
2026-09-17T08:27:47.461012,1789633667461012500,41.13301245117187,0.0737301111221313,0.0269711036235094,-7.464432239532471
2026-09-17T08:27:47.470972,1789633667470972400,41.14297241210937,0.6698188185691833,0.016779450699687,-7.514971256256104
2026-09-17T08:27:47.480931,1789633667480931600,41.152931640625,1.0846165418624878,0.1295629888772964,-7.454826354980469
2026-09-17T08:27:47.490890,1789633667490890500,41.16289038085937,1.0219707489013672,0.5883329510688782,-6.947549343109131
2026-09-17T08:27:47.500849,1789633667500849400,41.17284936523438,0.4812462329864502,1.1964657306671145,-6.227900981903076
2026-09-17T08:27:47.510809,1789633667510809300,41.18280932617188,0.261821448802948,1.3921393156051636,-5.769327640533447
2026-09-17T08:27:47.520768,1789633667520768500,41.1927685546875,0.462656557559967,1.4260385036468506,-5.527183532714844
2026-09-17T08:27:47.530727,1789633667530727400,41.2027275390625,0.5204730033874512,1.5023175477981567,-5.536400318145752
2026-09-17T08:27:47.540686,1789633667540686300,41.212686279296875,0.3529883921146393,1.030461311340332,-5.023533821105957
2026-09-17T08:27:47.550646,1789633667550646300,41.222646240234376,0.1229120418429374,0.9098744988441468,-4.203390598297119
2026-09-17T08:27:47.560605,1789633667560605400,41.23260546875,-0.2504863142967224,0.6005542278289795,-1.5995019674301147
2026-09-17T08:27:47.570564,1789633667570564600,41.24256469726563,-0.050685316324234,0.3823800683021545,0.7396749258041382
2026-09-17T08:27:47.580523,1789633667580523500,41.2525234375,0.6170703768730164,0.0081326998770236,1.991466045379639
2026-09-17T08:27:47.590483,1789633667590483500,41.2624833984375,1.128520131111145,-0.3365543782711029,2.699694871902466
2026-09-17T08:27:47.600442,1789633667600442400,41.2724423828125,1.36664080619812,-0.3648896217346191,3.1859562397003174
2026-09-17T08:27:47.610401,1789633667610401300,41.2824013671875,1.3471728563308716,-0.2503505051136017,3.486802577972412
2026-09-17T08:27:47.620361,1789633667620361200,41.292361328125,1.1070408821105957,-0.0763302519917488,3.6711390018463135
2026-09-17T08:27:47.630320,1789633667630320400,41.3023203125,0.6622093319892883,0.0798489674925804,3.8753390312194824
2026-09-17T08:27:47.640279,1789633667640279600,41.31227954101563,0.1091626733541488,0.315619945526123,4.146460056304932
2026-09-17T08:27:47.650238,1789633667650238500,41.322238525390624,-0.3688166737556457,0.5189163684844971,4.336519241333008
2026-09-17T08:27:47.660197,1789633667660197400,41.332197265625,-0.662356436252594,0.6589887738227844,4.4397172927856445
2026-09-17T08:27:47.670157,1789633667670157300,41.3421572265625,-0.7850884795188904,0.7871747016906738,4.585536956787109
2026-09-17T08:27:47.680116,1789633667680116500,41.352116455078125,-0.8707839250564575,0.7945076823234558,4.836158275604248
2026-09-17T08:27:47.690075,1789633667690075400,41.36207543945312,-0.9594131112098694,0.6852784156799316,5.181844234466553
2026-09-17T08:27:47.700035,1789633667700035300,41.37203540039062,-0.982087790966034,0.5299738049507141,5.562718868255615
2026-09-17T08:27:47.709994,1789633667709994200,41.381994140625,-0.9484456777572632,0.3782860040664673,5.865555286407471
2026-09-17T08:27:47.719953,1789633667719953700,41.39195361328125,-0.930227279663086,0.2689632177352905,6.001507759094238
2026-09-17T08:27:47.729912,1789633667729912600,41.40191259765625,-0.9494696855545044,0.1710289418697357,5.917547702789307
2026-09-17T08:27:47.739872,1789633667739872500,41.41187255859375,-1.0950055122375488,0.1669995784759521,5.795269966125488
2026-09-17T08:27:47.749831,1789633667749831400,41.42183154296875,-1.325133204460144,0.1081852614879608,5.722461700439453
2026-09-17T08:27:47.759790,1789633667759790300,41.43179028320313,-1.4960483312606812,0.0695222914218902,5.716894626617432
2026-09-17T08:27:47.769749,1789633667769749500,41.44174951171875,-1.5064053535461426,0.0263527166098356,5.785271644592285
2026-09-17T08:27:47.779709,1789633667779709400,41.45170947265625,-1.4674392938613892,0.007306853774935,5.8961567878723145
2026-09-17T08:27:47.789668,1789633667789668400,41.46166845703125,-1.5079939365386963,-0.0095653366297483,5.965051651000977
2026-09-17T08:27:47.799627,1789633667799627500,41.47162744140625,-1.6318907737731934,0.0074642463587224,5.955024719238281
2026-09-17T08:27:47.809586,1789633667809586400,41.48158642578125,-1.7738192081451416,0.0713777169585228,5.916085720062256
2026-09-17T08:27:47.819546,1789633667819546400,41.49154638671875,-1.845797777175903,0.1756428629159927,5.908192157745361
2026-09-17T08:27:47.829505,1789633667829505500,41.50150561523437,-1.8465607166290283,0.3427905738353729,5.897394180297852
2026-09-17T08:27:47.839464,1789633667839464400,41.51146435546875,-1.869456768035889,0.4873743951320648,5.8637166023254395
2026-09-17T08:27:47.849423,1789633667849423400,41.52142333984375,-1.849048137664795,0.6781662106513977,5.708502292633057
2026-09-17T08:27:47.859383,1789633667859383300,41.53138330078125,-1.7973448038101196,0.8038516640663147,5.521852493286133
2026-09-17T08:27:47.869342,1789633667869342200,41.54134228515625,-1.733057141304016,0.9788383841514589,5.409156799316406
2026-09-17T08:27:47.879301,1789633667879301400,41.55130126953125,-1.758126735687256,1.1575989723205566,4.857118129730225
2026-09-17T08:27:47.889260,1789633667889260500,41.56126049804688,-1.8879268169403076,1.2210650444030762,4.0724992752075195
2026-09-17T08:27:47.899220,1789633667899220500,41.57122045898438,-2.0316858291625977,1.2181111574172974,3.129087448120117
2026-09-17T08:27:47.909179,1789633667909179400,41.581179443359375,-2.1363673210144043,0.8814090490341187,2.172034502029419
2026-09-17T08:27:47.919138,1789633667919138300,41.59113818359375,-1.876763105392456,0.3474452495574951,1.2195852994918823
2026-09-17T08:27:47.929097,1789633667929097500,41.601097412109375,-1.0328688621520996,-0.1832372546195984,0.3739251494407654
2026-09-17T08:27:47.939057,1789633667939057400,41.61105737304688,-0.1797535568475723,-0.7259665727615356,-0.2119692116975784
2026-09-17T08:27:47.949016,1789633667949016300,41.62101635742187,0.2688204944133758,-1.1291862726211548,-0.7770088911056519
2026-09-17T08:27:47.958975,1789633667958975200,41.63097534179688,0.0914308130741119,-0.5882995128631592,-1.83191180229187
2026-09-17T08:27:47.968934,1789633667968934700,41.6409345703125,-0.4255651831626892,-0.8508440852165222,-1.8962385654449463
2026-09-17T08:27:47.978894,1789633667978894600,41.65089453125,0.210127905011177,-0.695073664188385,-1.0177050828933716
2026-09-17T08:27:47.988853,1789633667988853500,41.660853515625,2.5272397994995117,-0.7878518104553223,-2.90049409866333
2026-09-17T08:27:47.998812,1789633667998812400,41.6708125,4.250425338745117,-0.0425097048282623,-5.931336402893066
2026-09-17T08:27:48.008771,1789633668008771300,41.68077124023438,4.082433223724365,0.2997938394546509,-6.342673301696777
2026-09-17T08:27:48.018731,1789633668018731300,41.69073120117187,1.8457921743392944,-0.5148892402648926,-5.377491474151611
2026-09-17T08:27:48.028690,1789633668028690400,41.7006904296875,-1.207082748413086,-2.4657812118530273,-3.7711341381073
2026-09-17T08:27:48.038649,1789633668038649300,41.7106494140625,-1.7469651699066162,-2.539016008377075,-2.0851402282714844
2026-09-17T08:27:48.048608,1789633668048608500,41.7206083984375,0.46075639128685,-1.0712885856628418,-1.248461365699768
2026-09-17T08:27:48.058568,1789633668058568400,41.730568359375,2.250500202178955,-0.2478266358375549,-0.7914397716522217
2026-09-17T08:27:48.068527,1789633668068527400,41.74052734375,1.799929141998291,-0.3921846151351928,-0.4431259930133819
2026-09-17T08:27:48.078486,1789633668078486500,41.75048657226562,0.5580757260322571,-0.4100570976734161,-0.5029794573783875
2026-09-17T08:27:48.088445,1789633668088445400,41.760445556640626,-0.3726937174797058,-0.5014575719833374,-0.5977299809455872
2026-09-17T08:27:48.098405,1789633668098405400,41.7704052734375,-0.3510560691356659,-0.4129878878593445,-0.4687251150608063
2026-09-17T08:27:48.108364,1789633668108364300,41.7803642578125,0.2635258734226227,-0.1886045932769775,-0.360296368598938
2026-09-17T08:27:48.118323,1789633668118323200,41.7903232421875,0.4902093410491943,-0.132454514503479,-0.3392004072666168
2026-09-17T08:27:48.128282,1789633668128282400,41.80028247070312,0.4178837537765503,-0.1450565904378891,-0.3872486054897308
2026-09-17T08:27:48.138242,1789633668138242600,41.81024267578125,0.3663225769996643,-0.1441905200481414,-0.3741565346717834
2026-09-17T08:27:48.148201,1789633668148201500,41.82020141601563,0.3836009800434112,-0.0965868756175041,-0.3168518841266632
2026-09-17T08:27:48.158160,1789633668158160400,41.830160400390625,0.3549176752567291,-0.0690215602517128,-0.2994609177112579
2026-09-17T08:27:48.168119,1789633668168119600,41.84011962890625,0.2034927308559417,-0.0888487920165062,-0.2827540934085846
2026-09-17T08:27:48.178079,1789633668178079500,41.85007958984375,0.0678888335824012,-0.0826641321182251,-0.2752621173858642
2026-09-17T08:27:48.188038,1789633668188038400,41.860038330078126,0.0645244643092155,-0.0837602913379669,-0.2988649010658264
2026-09-17T08:27:48.197997,1789633668197997300,41.86999731445312,0.2038807570934295,-0.0606994479894638,-0.3281777799129486
2026-09-17T08:27:48.207956,1789633668207956200,41.87995629882813,0.3177103698253631,-0.0158624667674303,-0.2986632883548736
2026-09-17T08:27:48.217916,1789633668217916400,41.88991650390625,0.3035314381122589,-0.0032153814099729,-0.2532843649387359
2026-09-17T08:27:48.227875,1789633668227875600,41.89987548828125,0.2030013799667358,-0.0193261746317148,-0.2503450214862823
2026-09-17T08:27:48.237834,1789633668237834500,41.90983447265625,0.1373765617609024,-0.039353147149086,-0.2796632349491119
2026-09-17T08:27:48.247793,1789633668247793400,41.91979345703125,0.158434972167015,-0.0321716666221618,-0.2846651971340179
2026-09-17T08:27:48.257753,1789633668257753300,41.92975341796875,0.2222294062376022,-0.0177804753184318,-0.2946922481060028
2026-09-17T08:27:48.267712,1789633668267712300,41.93971215820312,0.2819039225578308,-0.0087643433362245,-0.3218138813972473
2026-09-17T08:27:48.277671,1789633668277671400,41.94967138671875,0.3456112444400787,0.0222143456339836,-0.3459905982017517
2026-09-17T08:27:48.287630,1789633668287630300,41.95963037109375,0.381444901227951,0.0642771124839782,-0.3477541506290436
2026-09-17T08:27:48.297590,1789633668297590500,41.969590576171875,0.3714306056499481,0.0830726325511932,-0.3488591015338897
2026-09-17T08:27:48.307549,1789633668307549200,41.97954907226563,0.3286040425300598,0.0973290652036666,-0.3457972705364227
2026-09-17T08:27:48.317508,1789633668317508000,41.989508056640624,0.2705215811729431,0.0952163785696029,-0.3190982639789581
2026-09-17T08:27:48.327467,1789633668327467300,41.99946728515625,0.2184170931577682,0.0930150151252746,-0.300722986459732
2026-09-17T08:27:48.337427,1789633668337427200,42.00942724609375,0.2304910570383072,0.0898037701845169,-0.3212428987026214
2026-09-17T08:27:48.347386,1789633668347386400,42.01938647460938,0.2922383248806,0.1153815686702728,-0.3370663523674011
2026-09-17T08:27:48.357345,1789633668357345300,42.02934521484375,0.3436847329139709,0.131135493516922,-0.3505946695804596
2026-09-17T08:27:48.367304,1789633668367304400,42.03930444335938,0.3589973747730255,0.1455272287130355,-0.3600220084190368
2026-09-17T08:27:48.377264,1789633668377264400,42.04926440429688,0.3636565804481506,0.1452276110649109,-0.3848671615123749
2026-09-17T08:27:48.387223,1789633668387223300,42.059223388671874,0.3582767248153686,0.1448944509029388,-0.4186946451663971
2026-09-17T08:27:48.397182,1789633668397182200,42.06918212890625,0.3238148689270019,0.1340687125921249,-0.4502043426036834
2026-09-17T08:27:48.407141,1789633668407141000,42.07914111328125,0.3179415464401245,0.1080256551504135,-0.4661071598529815
2026-09-17T08:27:48.417101,1789633668417101000,42.08910107421875,0.3052795529365539,0.0747981891036033,-0.4646024703979492
2026-09-17T08:27:48.427060,1789633668427060500,42.099060546875,0.2423956543207168,0.0475772246718406,-0.4572928845882416
2026-09-17T08:27:48.437019,1789633668437019400,42.109019287109376,0.1979554891586303,0.0427225492894649,-0.4604732394218445
2026-09-17T08:27:48.446978,1789633668446978300,42.11897827148437,0.2105479836463928,0.0374108739197254,-0.4823633432388305
2026-09-17T08:27:48.456938,1789633668456938200,42.12893823242187,0.2112702280282974,0.0154286101460456,-0.507943868637085
2026-09-17T08:27:48.466897,1789633668466897200,42.13889721679688,0.2070131599903106,-0.0097113642841577,-0.5456582307815552
2026-09-17T08:27:48.476856,1789633668476856300,42.148856201171874,0.2374951690435409,-0.0276344381272792,-0.5996180772781372
2026-09-17T08:27:48.486815,1789633668486815200,42.15881518554688,0.2496399879455566,-0.0469865649938583,-0.6568813920021057
2026-09-17T08:27:48.496775,1789633668496775200,42.16877514648438,0.212892085313797,-0.0718959122896194,-0.7314081192016602
2026-09-17T08:27:48.506734,1789633668506734300,42.178734375,0.2155326157808303,-0.0819144546985626,-0.8293793797492981
2026-09-17T08:27:48.516693,1789633668516693200,42.188693359375,0.2308497875928878,-0.1230014413595199,-0.946376085281372
2026-09-17T08:27:48.526652,1789633668526652400,42.19865234375,0.166470006108284,-0.1908638477325439,-1.0594115257263184
2026-09-17T08:27:48.536612,1789633668536612400,42.2086123046875,0.0153907388448715,-0.2660094499588012,-1.1762100458145142
2026-09-17T08:27:48.546571,1789633668546571300,42.2185712890625,-0.1197854578495025,-0.351541668176651,-1.322329878807068
2026-09-17T08:27:48.556530,1789633668556530200,42.2285302734375,-0.1654197871685028,-0.4163052141666412,-1.4989073276519775
2026-09-17T08:27:48.566489,1789633668566489300,42.2384892578125,-0.1508600264787674,-0.4538845419883728,-1.6809577941894531
2026-09-17T08:27:48.576449,1789633668576449300,42.24844921875,-0.0986290425062179,-0.4731815457344055,-1.8628668785095217
2026-09-17T08:27:48.586408,1789633668586408200,42.258408203125,-0.089009441435337,-0.4552190601825714,-2.053719282150269
2026-09-17T08:27:48.596367,1789633668596367400,42.26836743164063,-0.0656127706170082,-0.3930630087852478,-2.257565498352051
2026-09-17T08:27:48.606326,1789633668606326300,42.278326171875,0.0101224742829799,-0.3569207191467285,-2.5020077228546143
2026-09-17T08:27:48.616286,1789633668616286200,42.2882861328125,0.0187146309763193,-0.390727698802948,-2.8018596172332764
2026-09-17T08:27:48.626245,1789633668626245400,42.29824536132813,-0.0443602092564106,-0.3213536739349365,-3.1713671684265137
2026-09-17T08:27:48.636204,1789633668636204300,42.308204345703125,-0.0331283248960971,-0.1358120441436767,-3.5709593296051025
2026-09-17T08:27:48.646163,1789633668646163200,42.3181630859375,0.0295600891113281,0.0758456140756607,-4.037031650543213
2026-09-17T08:27:48.656123,1789633668656123100,42.328123046875,-0.1326716989278793,0.2712214887142181,-4.569333076477051
2026-09-17T08:27:48.666082,1789633668666082000,42.33808203125,-0.4601622223854065,0.5507284998893738,-5.194830417633057
2026-09-17T08:27:48.676041,1789633668676041500,42.34804150390625,-0.7465622425079346,0.5381568074226379,-5.985113620758057
2026-09-17T08:27:48.686000,1789633668686000400,42.35800048828125,-0.6926001906394958,0.3494489192962646,-6.788496017456055
2026-09-17T08:27:48.695960,1789633668695960300,42.36796020507813,-0.1121251434087753,0.0576402433216571,-7.124426364898682
2026-09-17T08:27:48.705919,1789633668705919200,42.37791918945312,0.5953524112701416,0.200223222374916,-7.029026985168457
2026-09-17T08:27:48.715878,1789633668715878100,42.38787817382813,0.9325003623962402,0.3701821565628052,-6.896205425262451
2026-09-17T08:27:48.725837,1789633668725837300,42.39783740234375,0.7413506507873535,0.7954522371292114,-6.438961029052734
2026-09-17T08:27:48.735797,1789633668735797200,42.40779736328125,0.1934795081615448,1.1913095712661743,-5.81088399887085
2026-09-17T08:27:48.745756,1789633668745756200,42.41775610351562,-0.0011536162346601,1.2716339826583862,-5.392116069793701
2026-09-17T08:27:48.755715,1789633668755715300,42.42771533203125,0.3216108381748199,1.086205244064331,-4.89229154586792
2026-09-17T08:27:48.765674,1789633668765674200,42.43767431640625,0.5529311895370483,1.2419441938400269,-4.497710704803467
2026-09-17T08:27:48.775634,1789633668775634200,42.44763427734375,0.5542502403259277,1.2816303968429563,-3.476188898086548
2026-09-17T08:27:48.785593,1789633668785593300,42.45759326171875,0.3671141564846039,1.2315804958343506,-2.0216281414031982
2026-09-17T08:27:48.795552,1789633668795552300,42.46755224609375,0.2627691030502319,1.086443543434143,-0.0146987000480294
2026-09-17T08:27:48.805511,1789633668805511200,42.47751123046875,0.6643913984298706,0.9204668998718262,1.1380265951156616
2026-09-17T08:27:48.815471,1789633668815471000,42.48747119140625,1.0866786241531372,0.6281048059463501,1.61161470413208
2026-09-17T08:27:48.825430,1789633668825430300,42.49743017578125,1.2283082008361816,0.4496016204357147,1.8313287496566772
2026-09-17T08:27:48.835389,1789633668835389400,42.50738940429687,1.2210732698440552,0.4018607437610626,1.9293279647827148
2026-09-17T08:27:48.845348,1789633668845348400,42.51734838867188,1.0449587106704712,0.396267831325531,1.9245803356170657
2026-09-17T08:27:48.855308,1789633668855308300,42.52730834960938,0.6821456551551819,0.3933365046977997,1.9483420848846436
2026-09-17T08:27:48.865267,1789633668865267200,42.53726708984375,0.1595811992883682,0.3489384055137634,2.168884038925171
2026-09-17T08:27:48.875226,1789633668875226400,42.54722631835938,-0.3746110796928406,0.2150482386350631,2.5479283332824707
2026-09-17T08:27:48.885185,1789633668885185300,42.557185302734375,-0.6975712776184082,0.1157754510641098,2.994717836380005
2026-09-17T08:27:48.895145,1789633668895145200,42.567145263671875,-0.742499589920044,0.0411606021225452,3.4492361545562744
2026-09-17T08:27:48.905104,1789633668905104100,42.57710424804687,-0.6141882538795471,-0.0432589389383792,3.8483128547668457
2026-09-17T08:27:48.915063,1789633668915063000,42.58706298828125,-0.484930157661438,-0.1258638054132461,4.2120184898376465
2026-09-17T08:27:48.925022,1789633668925022500,42.5970224609375,-0.4988321363925934,-0.1935797333717346,4.601411819458008
2026-09-17T08:27:48.934982,1789633668934982400,42.606982421875,-0.6090776324272156,-0.2212001830339431,4.993443965911865
2026-09-17T08:27:48.944941,1789633668944941300,42.61694140625,-0.7501548528671265,-0.1778409779071808,5.332900047302246
2026-09-17T08:27:48.954900,1789633668954900200,42.626900146484374,-0.8586821556091309,-0.0911633446812629,5.5364670753479
2026-09-17T08:27:48.964859,1789633668964859100,42.63685913085938,-0.9336554408073424,-0.0372164919972419,5.575862407684326
2026-09-17T08:27:48.974819,1789633668974819000,42.64681909179688,-1.0114141702651978,0.0055815721862018,5.527311325073242
2026-09-17T08:27:48.984778,1789633668984778200,42.6567783203125,-1.104048252105713,0.0430804751813411,5.506751537322998
2026-09-17T08:27:48.994737,1789633668994737200,42.66673706054687,-1.190094232559204,0.0386356599628925,5.544496059417725
2026-09-17T08:27:49.004696,1789633669004696300,42.6766962890625,-1.213589429855347,-0.0326521024107933,5.620816707611084
2026-09-17T08:27:49.014656,1789633669014656300,42.68665625,-1.1581485271453855,-0.1404134482145309,5.757506370544434
2026-09-17T08:27:49.024615,1789633669024615200,42.696615234375,-1.1098214387893677,-0.2677162885665893,5.912158012390137
2026-09-17T08:27:49.034574,1789633669034574300,42.70657421875,-1.1220911741256714,-0.3450539410114288,6.011738300323486
2026-09-17T08:27:49.044533,1789633669044533200,42.716533203125,-1.2637947797775269,-0.3314369320869446,6.024869441986084
2026-09-17T08:27:49.054493,1789633669054493200,42.7264931640625,-1.548079490661621,-0.3140012323856354,5.979379653930664
2026-09-17T08:27:49.064452,1789633669064452000,42.7364521484375,-1.8296926021575928,-0.259335309267044,5.9066877365112305
2026-09-17T08:27:49.074411,1789633669074411300,42.74641137695313,-1.9447096586227417,-0.0366218090057373,5.8593645095825195
2026-09-17T08:27:49.084370,1789633669084370400,42.75637036132812,-2.032569169998169,0.1557777225971222,5.768067359924316
2026-09-17T08:27:49.094330,1789633669094330400,42.766330322265624,-2.0132782459259033,0.2546207010746002,5.587817668914795
2026-09-17T08:27:49.104289,1789633669104289300,42.77628930664063,-1.882980227470398,0.4281272292137146,5.4183855056762695
2026-09-17T08:27:49.114248,1789633669114248200,42.786248291015625,-1.770139455795288,0.5938725471496582,5.167281627655029
2026-09-17T08:27:49.124207,1789633669124207400,42.79620727539063,-1.7592008113861084,0.7295227646827698,4.988871097564697
2026-09-17T08:27:49.134167,1789633669134167300,42.80616723632812,-1.8568754196166992,1.0198386907577517,4.7222394943237305
2026-09-17T08:27:49.144126,1789633669144126200,42.816126220703126,-2.044346332550049,1.188562512397766,4.1890788078308105
2026-09-17T08:27:49.154085,1789633669154085000,42.82608520507812,-2.170450210571289,1.237637639045715,3.404400110244751
2026-09-17T08:27:49.164044,1789633669164044000,42.8360439453125,-2.193967819213867,1.0789361000061035,2.6536364555358887
2026-09-17T08:27:49.174004,1789633669174004200,42.84600415039063,-1.9540854692459104,1.006075143814087,1.7923495769500732
2026-09-17T08:27:49.183963,1789633669183963400,42.85596337890625,-1.5931649208068848,0.8032060265541077,0.9080075025558472
2026-09-17T08:27:49.193922,1789633669193922300,42.86592236328125,-1.1355522871017456,0.556551992893219,0.1699059903621673
2026-09-17T08:27:49.203881,1789633669203881200,42.875881103515624,-0.1819526255130767,0.2080331593751907,-0.4286378622055053
2026-09-17T08:27:49.213841,1789633669213841200,42.885841064453125,1.138858675956726,-0.3110798001289367,-1.3121510744094849
2026-09-17T08:27:49.223800,1789633669223800000,42.89580004882812,1.3932400941848757,0.1157634109258651,-1.8616797924041748
2026-09-17T08:27:49.233759,1789633669233759200,42.90575927734375,0.3619362413883209,0.3368553221225738,-2.0392582416534424
2026-09-17T08:27:49.243718,1789633669243718100,42.91571826171875,1.2223389148712158,-0.0636079385876655,-1.5142192840576172
2026-09-17T08:27:49.253678,1789633669253678300,42.92567822265625,2.77172327041626,-0.0753474235534668,-3.5799529552459717
2026-09-17T08:27:49.263637,1789633669263637200,42.93563720703125,3.978167533874512,-0.3710879981517792,-6.168329238891602
2026-09-17T08:27:49.273596,1789633669273596200,42.94559619140625,3.408923387527466,-0.3483704328536987,-6.271352291107178
2026-09-17T08:27:49.283555,1789633669283555300,42.95555541992187,1.2456895112991333,-0.5172725915908813,-5.352186679840088
2026-09-17T08:27:49.293515,1789633669293515300,42.96551538085937,-1.498260498046875,-1.4189820289611816,-4.379379749298096
2026-09-17T08:27:49.303474,1789633669303474200,42.97547412109375,-3.5869014263153076,-2.8133232593536377,-3.6377689838409424
2026-09-17T08:27:49.313433,1789633669313433000,42.98543310546875,-2.8822789192199707,-2.2101776599884033,-2.4001681804656982
2026-09-17T08:27:49.323392,1789633669323392300,42.99539233398438,0.3501903712749481,-0.6057513356208801,-0.8396994471549988
2026-09-17T08:27:49.333352,1789633669333352200,43.00535229492188,2.26043701171875,-0.0553302988409996,-0.1159691661596298
2026-09-17T08:27:49.343311,1789633669343311000,43.01531103515625,1.9149410724639893,-0.2447894364595413,-0.171519249677658
2026-09-17T08:27:49.353270,1789633669353270000,43.02527001953125,0.7528893351554871,-0.2949740588665008,-0.5214359760284424
2026-09-17T08:27:49.363229,1789633669363229000,43.03522900390625,-0.3006164133548736,-0.6013866662979126,-0.6662168502807617
2026-09-17T08:27:49.373189,1789633669373189000,43.045189208984375,-0.4130856990814209,-0.4553877115249634,-0.4323825538158417
2026-09-17T08:27:49.383148,1789633669383148300,43.05514819335937,0.2173119485378265,-0.2470840215682983,-0.3331542313098907
2026-09-17T08:27:49.393107,1789633669393107200,43.065107177734376,0.695212721824646,-0.145658329129219,-0.4099549949169159
2026-09-17T08:27:49.403066,1789633669403066000,43.07506616210937,0.6981954574584961,-0.1630551666021347,-0.4324400722980499
2026-09-17T08:27:49.413026,1789633669413026000,43.08502612304687,0.4139544367790222,-0.1871471852064132,-0.395412266254425
2026-09-17T08:27:49.422985,1789633669422985000,43.09498486328125,0.1970351785421371,-0.1910979747772216,-0.3874270617961883
2026-09-17T08:27:49.432944,1789633669432944000,43.104944091796874,0.2102250158786773,-0.1459507495164871,-0.3612167537212372
2026-09-17T08:27:49.442903,1789633669442903000,43.11490307617188,0.3178800940513611,-0.087517000734806,-0.3320170640945434
2026-09-17T08:27:49.452863,1789633669452863200,43.12486328125,0.3813932836055755,-0.0627477392554283,-0.3266893923282623
2026-09-17T08:27:49.462822,1789633669462822100,43.134822265625,0.3766818940639496,-0.014939734712243,-0.3412070870399475
2026-09-17T08:27:49.472781,1789633669472781000,43.14478100585937,0.3495988845825195,-0.002931541763246,-0.3361409604549408
2026-09-17T08:27:49.482740,1789633669482740200,43.154740234375,0.2817668318748474,0.0150756891816854,-0.2771277129650116
2026-09-17T08:27:49.492700,1789633669492700200,43.1647001953125,0.2048877626657486,0.0227314773947,-0.2255925983190536
2026-09-17T08:27:49.502659,1789633669502659000,43.1746591796875,0.1508575528860092,0.0098018310964107,-0.1991356909275055
2026-09-17T08:27:49.512618,1789633669512618000,43.18461791992188,0.1669560968875885,0.0041455426253378,-0.2220948040485382
2026-09-17T08:27:49.522577,1789633669522577200,43.1945771484375,0.2487697452306747,0.000129229389131,-0.2645626366138458
2026-09-17T08:27:49.532537,1789633669532537300,43.204537353515626,0.3309732675552368,0.0115070529282093,-0.2689299583435058
2026-09-17T08:27:49.542496,1789633669542496300,43.21449633789062,0.3609245121479034,0.0153294876217842,-0.2594858705997467
2026-09-17T08:27:49.552455,1789633669552455200,43.224455078125,0.3495725095272064,-0.0022569629363715,-0.2644265592098236
2026-09-17T08:27:49.562414,1789633669562414000,43.2344140625,0.3069840371608734,-0.0055129434913396,-0.2577617466449737
2026-09-17T08:27:49.572374,1789633669572374000,43.2443740234375,0.2749502062797546,-0.0098094213753938,-0.2553084194660187
2026-09-17T08:27:49.582333,1789633669582333200,43.25433325195313,0.2821069359779358,-0.014695256948471,-0.247886449098587
2026-09-17T08:27:49.592292,1789633669592292000,43.2642919921875,0.343809425830841,-0.0081590600311756,-0.2689124047756195
2026-09-17T08:27:49.602251,1789633669602251000,43.2742509765625,0.4179356098175049,0.0083072651177644,-0.2499429434537887
2026-09-17T08:27:49.612211,1789633669612211200,43.28421118164062,0.4151560664176941,0.0102849286049604,-0.2365610897541046
2026-09-17T08:27:49.622170,1789633669622170000,43.294170166015626,0.4109043180942535,0.0131331793963909,-0.2631186842918396
2026-09-17T08:27:49.632129,1789633669632129300,43.30412939453125,0.465928167104721,0.0333985015749931,-0.2884522676467895
2026-09-17T08:27:49.642088,1789633669642088200,43.314088134765626,0.5485016107559204,0.050077348947525,-0.3078243732452392
2026-09-17T08:27:49.652048,1789633669652048100,43.32404809570313,0.5988689064979553,0.0514664538204669,-0.3159563243389129
2026-09-17T08:27:49.662007,1789633669662007000,43.33400708007812,0.5927572250366211,0.0404801145195961,-0.3228512704372406
2026-09-17T08:27:49.671966,1789633669671966000,43.34396606445313,0.5507184267044067,0.0250795856118202,-0.3438292443752289
2026-09-17T08:27:49.681925,1789633669681925000,43.35392504882813,0.5113217234611511,0.017076788470149,-0.370901882648468
2026-09-17T08:27:49.691885,1789633669691885300,43.36388525390625,0.5118026733398438,0.013926001265645,-0.4267638027667999
2026-09-17T08:27:49.701844,1789633669701844200,43.37384423828125,0.5904021859169006,0.0523455627262592,-0.4680182933807373
2026-09-17T08:27:49.711803,1789633669711803100,43.38380322265625,0.6897702813148499,0.0734780058264732,-0.5082210898399353
2026-09-17T08:27:49.721762,1789633669721762300,43.39376220703125,0.6850267052650452,0.0687919110059738,-0.5232903361320496
2026-09-17T08:27:49.731721,1789633669731721200,43.40372119140625,0.6240360140800476,0.0601222589612007,-0.5554378628730774
2026-09-17T08:27:49.741681,1789633669741681200,43.41368115234375,0.5713648200035095,0.0559847727417945,-0.5994135737419128
2026-09-17T08:27:49.751640,1789633669751640000,43.42364013671875,0.4712313115596771,0.0599691271781921,-0.6717724800109863
2026-09-17T08:27:49.761599,1789633669761599000,43.43359887695313,0.3995507359504699,0.0362795107066631,-0.7706053256988525
2026-09-17T08:27:49.771558,1789633669771558100,43.44355810546875,0.3115971684455871,0.0076350825838744,-0.874588668346405
2026-09-17T08:27:49.781518,1789633669781518300,43.45351831054688,0.2364800572395324,-0.0488598830997943,-0.974186897277832
2026-09-17T08:27:49.791477,1789633669791477200,43.46347729492187,0.1802069246768951,-0.118972398340702,-1.0640331506729126
2026-09-17T08:27:49.801436,1789633669801436200,43.47343627929688,0.0867789760231971,-0.1946586221456527,-1.1653262376785278
2026-09-17T08:27:49.811395,1789633669811395000,43.48339501953125,-0.0706833526492118,-0.2935916185379028,-1.300837516784668
2026-09-17T08:27:49.821355,1789633669821355000,43.49335498046875,-0.1943941116333007,-0.3823148310184479,-1.442068576812744
2026-09-17T08:27:49.831314,1789633669831314200,43.50331420898438,-0.2203343659639358,-0.453027606010437,-1.5777796506881714
2026-09-17T08:27:49.841273,1789633669841273000,43.513273193359375,-0.1834924668073654,-0.5227893590927124,-1.7312815189361572
2026-09-17T08:27:49.851232,1789633669851232000,43.52323193359375,-0.1498231738805771,-0.5611702799797058,-1.8773937225341797
2026-09-17T08:27:49.861192,1789633669861192200,43.53319213867187,-0.1349962949752807,-0.5320161581039429,-2.044576644897461
2026-09-17T08:27:49.871151,1789633669871151000,43.54315112304688,-0.0530955716967582,-0.4669713973999023,-2.248598098754883
2026-09-17T08:27:49.881110,1789633669881110300,43.5531103515625,0.0644489005208015,-0.4380878210067749,-2.4963955879211426
2026-09-17T08:27:49.891069,1789633669891069200,43.56306909179688,0.1062618643045425,-0.4352850914001465,-2.806681871414185
2026-09-17T08:27:49.901029,1789633669901029000,43.57302905273438,0.052651897072792,-0.2750267088413238,-3.1469602584838867
2026-09-17T08:27:49.910988,1789633669910988000,43.582988037109374,0.1061540022492408,-0.0658615082502365,-3.5242960453033447
2026-09-17T08:27:49.920947,1789633669920947200,43.592947265625,0.1391268670558929,0.0971441864967346,-3.960088014602661
2026-09-17T08:27:49.930906,1789633669930906000,43.602906005859374,-0.0556540712714195,0.2962426245212555,-4.457681655883789
2026-09-17T08:27:49.940866,1789633669940866300,43.6128662109375,-0.2904716432094574,0.4158835411071777,-5.061119556427002
2026-09-17T08:27:49.950825,1789633669950825200,43.6228251953125,-0.3475841879844665,0.3962632417678833,-5.808260917663574
2026-09-17T08:27:49.960784,1789633669960784100,43.6327841796875,-0.2317414879798889,0.2718344926834106,-6.552087306976318
2026-09-17T08:27:49.970743,1789633669970743300,43.64274340820312,0.1471280604600906,0.1319093704223632,-7.039429664611816
2026-09-17T08:27:49.980703,1789633669980703200,43.652703125,0.7568066120147705,0.1849709898233413,-7.273486137390137
2026-09-17T08:27:49.990662,1789633669990662100,43.662662109375,1.0982427597045898,0.4193648397922516,-7.217784404754639
2026-09-17T08:27:50.000621,1789633670000621000,43.67262109375,1.0841940641403198,0.7686163187026978,-6.884466171264648
2026-09-17T08:27:50.010580,1789633670010580000,43.682580078125,0.6716352701187134,0.9589369893074036,-6.325957775115967
2026-09-17T08:27:50.020540,1789633670020540200,43.6925400390625,0.4818203151226043,1.216239094734192,-5.937518119812012
2026-09-17T08:27:50.030499,1789633670030499300,43.702499267578126,0.5890306234359741,1.236250877380371,-5.598361015319824
2026-09-17T08:27:50.040458,1789633670040458200,43.71245825195312,0.749748706817627,1.2191648483276367,-5.446674823760986
2026-09-17T08:27:50.050417,1789633670050417200,43.72241723632813,0.6010452508926392,1.196819305419922,-4.120429039001465
2026-09-17T08:27:50.060377,1789633670060377000,43.73237719726563,0.0414072312414646,1.1153934001922607,-2.5139753818511963
2026-09-17T08:27:50.070336,1789633670070336000,43.7423359375,-0.5198361277580261,0.9362215995788574,-0.0673568919301033
2026-09-17T08:27:50.080295,1789633670080295200,43.75229516601563,-0.0286655984818935,0.9860637187957764,1.6044135093688965
2026-09-17T08:27:50.090254,1789633670090254000,43.762254150390625,0.7861865758895874,0.7665939331054688,2.108309745788574
2026-09-17T08:27:50.100214,1789633670100214300,43.77221435546875,1.015130877494812,0.5546270608901978,2.3164305686950684
2026-09-17T08:27:50.110173,1789633670110173200,43.78217309570312,0.9616795778274536,0.531448245048523,2.446493864059448
2026-09-17T08:27:50.120132,1789633670120132000,43.792132080078126,0.7666488289833069,0.5225658416748047,2.4877378940582275
2026-09-17T08:27:50.130091,1789633670130091300,43.80209130859375,0.3263958394527435,0.4762273132801056,2.5127909183502197
2026-09-17T08:27:50.140051,1789633670140051200,43.81205126953125,-0.2267216891050338,0.43405881524086,2.6271612644195557
2026-09-17T08:27:50.150010,1789633670150010000,43.82201000976563,-0.7187862396240234,0.3711477816104889,2.805371046066284
2026-09-17T08:27:50.159969,1789633670159969000,43.831968994140624,-1.0198112726211548,0.3197011053562164,3.041222333908081
2026-09-17T08:27:50.169928,1789633670169928200,43.84192822265625,-1.1465269327163696,0.2596156597137451,3.3562936782836914
2026-09-17T08:27:50.179888,1789633670179888000,43.85188818359375,-1.1555505990982056,0.1681056916713714,3.756584882736206
2026-09-17T08:27:50.189847,1789633670189847300,43.86184741210938,-1.0933595895767212,0.0341835729777812,4.233924388885498
2026-09-17T08:27:50.199806,1789633670199806200,43.87180615234375,-0.9978560209274292,-0.0784439072012901,4.7293009757995605
2026-09-17T08:27:50.209765,1789633670209765000,43.88176513671875,-0.943936049938202,-0.1549658477306366,5.187252998352051
2026-09-17T08:27:50.219725,1789633670219725000,43.89172509765625,-0.968662977218628,-0.1988941431045532,5.503063678741455
2026-09-17T08:27:50.229684,1789633670229684200,43.901684326171875,-1.0497666597366333,-0.1942014098167419,5.633615016937256
2026-09-17T08:27:50.239643,1789633670239643100,43.91164306640625,-1.183231234550476,-0.1558390855789184,5.633401870727539
2026-09-17T08:27:50.249602,1789633670249602000,43.92160205078125,-1.3714133501052856,-0.0847968757152557,5.583521842956543
2026-09-17T08:27:50.259562,1789633670259562000,43.93156201171875,-1.591658115386963,-0.0297061949968338,5.634541034698486
2026-09-17T08:27:50.269521,1789633670269521200,43.94152124023437,-1.722641110420227,-0.0053212260827422,5.82208776473999
2026-09-17T08:27:50.279480,1789633670279480300,43.95148022460938,-1.721954584121704,0.0045436550863087,6.093037128448486
2026-09-17T08:27:50.289439,1789633670289439200,43.96143920898437,-1.552796721458435,-0.0628164783120155,6.187666416168213
2026-09-17T08:27:50.299399,1789633670299399200,43.971399169921874,-1.460133075714111,-0.0303693227469921,6.28623628616333
2026-09-17T08:27:50.309358,1789633670309358000,43.98135815429688,-1.556146502494812,0.0061679170466959,6.356119632720947
2026-09-17T08:27:50.319317,1789633670319317000,43.99131689453125,-1.7393178939819336,0.0549184121191501,6.255925178527832
2026-09-17T08:27:50.329276,1789633670329276200,44.00127612304688,-2.027520179748535,0.1931234300136566,6.17730188369751
2026-09-17T08:27:50.339236,1789633670339236000,44.01123608398437,-2.2940657138824463,0.3477385640144348,6.137193202972412
2026-09-17T08:27:50.349195,1789633670349195000,44.021195068359376,-2.452124834060669,0.4433769285678863,6.037771701812744
2026-09-17T08:27:50.359154,1789633670359154000,44.03115380859375,-2.4050962924957275,0.5778319835662842,5.806090831756592
2026-09-17T08:27:50.369113,1789633670369113000,44.041113037109376,-2.3649981021881104,0.6060037016868591,5.484569549560547
2026-09-17T08:27:50.379073,1789633670379073000,44.05107299804688,-2.345412254333496,0.584570586681366,5.293571472167969
2026-09-17T08:27:50.389032,1789633670389032200,44.0610322265625,-2.3123018741607666,0.619990885257721,5.081157207489014
2026-09-17T08:27:50.398991,1789633670398991000,44.0709912109375,-2.332709312438965,0.7519822120666504,4.509965419769287
2026-09-17T08:27:50.408950,1789633670408950000,44.080949951171874,-2.394911527633667,0.6770517826080322,3.4339261054992676
2026-09-17T08:27:50.418910,1789633670418910000,44.090909912109375,-2.2191081047058105,0.5226787328720093,2.124922037124634
2026-09-17T08:27:50.428869,1789633670428869000,44.100869140625,-1.738263726234436,0.3406841158866882,0.8181208968162537
2026-09-17T08:27:50.438828,1789633670438828000,44.110828125,-1.2031137943267822,0.1642113327980041,-0.315441370010376
2026-09-17T08:27:50.448787,1789633670448787000,44.12078686523437,-0.6708666682243347,0.0044533740729093,-1.0757437944412231
2026-09-17T08:27:50.458747,1789633670458747000,44.13074682617187,0.2413737922906875,-0.1637630760669708,-1.5971471071243286
2026-09-17T08:27:50.468705,1789633670468705800,44.14070581054688,0.3206246793270111,-0.1994749903678894,-2.0367140769958496
2026-09-17T08:27:50.478665,1789633670478665200,44.150665283203125,0.6888576149940491,-1.089436650276184,0.1503814458847046
2026-09-17T08:27:50.488624,1789633670488624000,44.1606240234375,3.2347779273986816,-0.9908921122550964,-2.289924383163452
2026-09-17T08:27:50.498584,1789633670498584000,44.170583984375,4.6260576248168945,-0.5381936430931091,-6.318032264709473
2026-09-17T08:27:50.508543,1789633670508543000,44.18054296875,4.190074920654297,-0.2323237359523773,-7.300659656524658
2026-09-17T08:27:50.518502,1789633670518502000,44.190501953125,1.8867071866989136,-0.7432743310928345,-6.368418216705322
2026-09-17T08:27:50.528461,1789633670528461000,44.2004609375,-1.451257348060608,-2.5709898471832275,-4.657421112060547
2026-09-17T08:27:50.538421,1789633670538421000,44.2104208984375,-2.4798989295959473,-2.841952323913574,-2.497756242752075
2026-09-17T08:27:50.548380,1789633670548380000,44.2203798828125,-0.1940367966890335,-0.9204086661338806,-0.6820515990257263
2026-09-17T08:27:50.558339,1789633670558339000,44.23033911132813,1.9132120609283447,-0.0040612844750285,-0.1379632651805877
2026-09-17T08:27:50.568298,1789633670568298000,44.240298095703125,1.5479094982147217,-0.2643248438835144,-0.1562333554029464
2026-09-17T08:27:50.578258,1789633670578258000,44.2502578125,0.3085967898368835,-0.3363116681575775,-0.3170184791088104
2026-09-17T08:27:50.588217,1789633670588217000,44.26021704101562,-0.6198943257331848,-0.4933931827545166,-0.4652425646781921
2026-09-17T08:27:50.598176,1789633670598176000,44.270176025390626,-0.570190966129303,-0.3674525618553161,-0.3212603628635406
2026-09-17T08:27:50.608135,1789633670608135000,44.28013500976562,0.2160194367170334,-0.1141619533300399,-0.2168932259082794
2026-09-17T08:27:50.618094,1789633670618094800,44.2900947265625,0.656076192855835,-0.0495254397392272,-0.2636154592037201
2026-09-17T08:27:50.628054,1789633670628054000,44.30005395507813,0.5502909421920776,-0.1028531119227409,-0.3328954577445984
2026-09-17T08:27:50.638013,1789633670638013200,44.31001318359375,0.3346856236457824,-0.1269469857215881,-0.3255725502967834
2026-09-17T08:27:50.647972,1789633670647972000,44.31997216796875,0.2185108214616775,-0.0937512218952179,-0.2710648477077484
2026-09-17T08:27:50.657932,1789633670657932000,44.32993212890625,0.1864269226789474,-0.0806167796254158,-0.2546350061893463
2026-09-17T08:27:50.667891,1789633670667891000,44.339890869140625,0.1220745667815208,-0.0857324451208114,-0.2575599551200866
2026-09-17T08:27:50.677850,1789633670677850000,44.34985009765625,0.0735171511769294,-0.0697414949536323,-0.249293252825737
2026-09-17T08:27:50.687809,1789633670687809000,44.35980908203125,0.0909158512949943,-0.04360256716609,-0.2504064440727234
2026-09-17T08:27:50.697769,1789633670697769000,44.36976904296875,0.1728213727474212,-0.0097684385254979,-0.2766167223453522
2026-09-17T08:27:50.707728,1789633670707728000,44.37972778320312,0.2333773970603943,0.0250936709344387,-0.2376049011945724
2026-09-17T08:27:50.717686,1789633670717686800,44.38968676757813,0.2022586166858673,0.0269056856632232,-0.1906416565179824
2026-09-17T08:27:50.727646,1789633670727646200,44.399646240234375,0.1651013940572738,0.0018693087622523,-0.2227471321821212
2026-09-17T08:27:50.737606,1789633670737606100,44.40960620117187,0.1977379024028778,-0.019377389922738,-0.2709215581417084
2026-09-17T08:27:50.747565,1789633670747565000,44.41956494140625,0.286972165107727,-0.0214285571128129,-0.3120897710323334
2026-09-17T08:27:50.757524,1789633670757524000,44.42952392578125,0.4013448357582092,-0.017924902960658,-0.3479284644126892
2026-09-17T08:27:50.767483,1789633670767483000,44.43948291015625,0.4988524615764618,-0.0146121960133314,-0.3480144739151001
2026-09-17T08:27:50.777442,1789633670777442800,44.44944287109375,0.5638434886932373,-0.0068765124306082,-0.3093341886997223
2026-09-17T08:27:50.787402,1789633670787402000,44.45940209960938,0.5357034802436829,-0.0352445021271705,-0.3122072219848633
2026-09-17T08:27:50.797361,1789633670797361000,44.46936083984375,0.4761836528778076,-0.0635770782828331,-0.3381573259830475
2026-09-17T08:27:50.807320,1789633670807320000,44.47932006835938,0.4408884942531585,-0.067686066031456,-0.3459510803222656
2026-09-17T08:27:50.817280,1789633670817280000,44.48928002929687,0.4586496651172638,-0.044924296438694,-0.3535160422325134
2026-09-17T08:27:50.827239,1789633670827239000,44.499239013671875,0.5454748868942261,-0.0168564412742853,-0.3859594762325287
2026-09-17T08:27:50.837198,1789633670837198000,44.50919799804687,0.6631226539611816,0.0140860276296734,-0.4005546569824219
2026-09-17T08:27:50.847157,1789633670847157000,44.51915698242187,0.7255423665046692,0.041526973247528,-0.4025211334228515
2026-09-17T08:27:50.857117,1789633670857117000,44.52911694335938,0.67862868309021,0.0419639982283115,-0.4027400612831116
2026-09-17T08:27:50.867075,1789633670867075800,44.53907592773437,0.5719192624092102,0.0462215915322303,-0.3988182842731476
2026-09-17T08:27:50.877035,1789633670877035000,44.54903491210938,0.4852399826049804,0.051715962588787,-0.415340781211853
2026-09-17T08:27:50.886994,1789633670886994200,44.558994140625,0.5088223218917847,0.0678075775504112,-0.4496111571788788
2026-09-17T08:27:50.896954,1789633670896954000,44.5689541015625,0.5763925909996033,0.0893629416823387,-0.488442450761795
2026-09-17T08:27:50.906913,1789633670906913000,44.5789130859375,0.5818595290184021,0.0956152379512786,-0.524793803691864
2026-09-17T08:27:50.916872,1789633670916872000,44.588871826171875,0.5104345679283142,0.0979196727275848,-0.5572633147239685
2026-09-17T08:27:50.926831,1789633670926831000,44.5988310546875,0.4439109265804291,0.0839101150631904,-0.605722963809967
2026-09-17T08:27:50.936790,1789633670936790000,44.6087900390625,0.3806270360946655,0.0474541038274765,-0.6663610339164734
2026-09-17T08:27:50.946750,1789633670946750000,44.61875,0.2988908886909485,0.0167566463351249,-0.7178229093551636
2026-09-17T08:27:50.956708,1789633670956708900,44.628708984375,0.266607791185379,-0.0158569570630788,-0.7682299017906189
2026-09-17T08:27:50.966667,1789633670966667800,44.63866772460938,0.2599110007286072,-0.047730203717947,-0.798948347568512
2026-09-17T08:27:50.976628,1789633670976628000,44.6486279296875,0.1808406859636306,-0.0906499698758125,-0.8434506058692932
2026-09-17T08:27:50.986587,1789633670986587100,44.658587158203126,0.0579597689211368,-0.1451547443866729,-0.9024449586868286
2026-09-17T08:27:50.996546,1789633670996546000,44.66854614257812,0.0019247275777161,-0.1987498104572296,-0.98722904920578
2026-09-17T08:27:51.006505,1789633671006505000,44.6785048828125,-0.0239899605512619,-0.2533249258995056,-1.0674794912338257
2026-09-17T08:27:51.016464,1789633671016464000,44.6884638671875,-0.0767722204327583,-0.3145123720169067,-1.165340542793274
2026-09-17T08:27:51.026423,1789633671026423800,44.698423828125,-0.1010336130857467,-0.3763182163238525,-1.267634630203247
2026-09-17T08:27:51.036383,1789633671036383000,44.70838305664063,-0.1082052439451217,-0.4351399838924408,-1.4043374061584473
2026-09-17T08:27:51.046342,1789633671046342000,44.718341796875,-0.067155010998249,-0.4531852900981903,-1.564563870429993
2026-09-17T08:27:51.056301,1789633671056301000,44.72830102539063,-0.0084131313487887,-0.4410766959190368,-1.7253758907318115
2026-09-17T08:27:51.066261,1789633671066261000,44.73826098632812,0.0479683876037597,-0.4204963147640228,-1.8764556646347048
2026-09-17T08:27:51.076220,1789633671076220200,44.74822021484375,0.0867037922143936,-0.3841851949691772,-2.0351099967956543
2026-09-17T08:27:51.086179,1789633671086179000,44.75817895507812,0.115010529756546,-0.3379817306995392,-2.2044644355773926
2026-09-17T08:27:51.096138,1789633671096138000,44.768137939453126,0.1957168281078338,-0.3440383076667785,-2.4486989974975586
2026-09-17T08:27:51.106098,1789633671106098000,44.77809790039063,0.1861840486526489,-0.3572776615619659,-2.7935373783111572
2026-09-17T08:27:51.116056,1789633671116056800,44.78805688476562,0.1020558550953865,-0.2398101687431335,-3.15792465209961
2026-09-17T08:27:51.126016,1789633671126016000,44.79801611328125,0.1069177165627479,-0.0364565104246139,-3.5597941875457764
2026-09-17T08:27:51.135975,1789633671135975200,44.80797509765625,0.0456306636333465,0.2108614146709442,-4.060826301574707
2026-09-17T08:27:51.145935,1789633671145935000,44.81793505859375,-0.1529471427202224,0.3846177458763122,-4.658355236053467
2026-09-17T08:27:51.155894,1789633671155894000,44.82789404296875,-0.3538879752159118,0.4761266112327575,-5.367115020751953
2026-09-17T08:27:51.165853,1789633671165853000,44.83785302734375,-0.4192616641521454,0.4161543548107147,-6.104455947875977
2026-09-17T08:27:51.175812,1789633671175812000,44.84781201171875,-0.2340313494205474,0.2560195624828338,-6.714828014373779
2026-09-17T08:27:51.185772,1789633671185772000,44.85777197265625,0.4375347793102264,0.1369091570377349,-6.998821258544922
2026-09-17T08:27:51.195731,1789633671195731000,44.86773095703125,0.9737505912780762,0.2507725059986114,-7.204312324523926
2026-09-17T08:27:51.205689,1789633671205689900,44.87768994140625,1.0548975467681885,0.6449653506278992,-6.8324809074401855
2026-09-17T08:27:51.215648,1789633671215648800,44.88764868164063,0.7288345694541931,0.963418424129486,-6.298674583435059
2026-09-17T08:27:51.225609,1789633671225609000,44.89760888671875,0.3360105454921722,1.1512837409973145,-5.771060943603516
2026-09-17T08:27:51.235568,1789633671235568000,44.907568115234376,0.2876930832862854,1.305686593055725,-5.400707721710205
2026-09-17T08:27:51.245527,1789633671245527000,44.91752709960937,0.4500947892665863,1.3724427223205566,-5.371847629547119
2026-09-17T08:27:51.255486,1789633671255486000,44.92748583984375,0.4819326102733612,1.259808897972107,-5.067702770233154
2026-09-17T08:27:51.265446,1789633671265446000,44.93744580078125,0.204242929816246,1.1054320335388184,-4.3464813232421875
2026-09-17T08:27:51.275405,1789633671275405000,44.947405029296874,-0.4267946779727936,0.994115114212036,-3.1149637699127197
2026-09-17T08:27:51.285364,1789633671285364000,44.95736401367188,-0.8090628981590271,0.7514758110046387,-1.023853063583374
2026-09-17T08:27:51.295323,1789633671295323000,44.967322998046875,-0.3154686987400055,0.5799176692962646,0.4677443504333496
2026-09-17T08:27:51.305283,1789633671305283300,44.97728344726563,0.3870372474193573,0.2249023020267486,1.2923692464828491
2026-09-17T08:27:51.315242,1789633671315242500,44.987242431640624,0.7098387479782104,-0.0896684154868125,1.884450912475586
2026-09-17T08:27:51.325201,1789633671325201400,44.99720141601563,0.8481505513191223,-0.1898642629384994,2.3211166858673096
2026-09-17T08:27:51.335160,1789633671335160600,45.00716064453125,0.8590415716171265,-0.242142379283905,2.5826029777526855
2026-09-17T08:27:51.345120,1789633671345120500,45.01712060546875,0.69403076171875,-0.2338958978652954,2.81776762008667
2026-09-17T08:27:51.355079,1789633671355079400,45.02707934570312,0.3526161611080169,-0.1633136123418808,3.1207497119903564
2026-09-17T08:27:51.365038,1789633671365038300,45.037038330078126,-0.0563721358776092,-0.0779675468802452,3.3711838722229004
2026-09-17T08:27:51.374997,1789633671374997500,45.04699755859375,-0.4214278757572174,-0.0355138331651687,3.6122305393218994
2026-09-17T08:27:51.384957,1789633671384957400,45.05695751953125,-0.6732292175292969,-0.0088939405977725,3.926432847976685
2026-09-17T08:27:51.394916,1789633671394916600,45.06691650390625,-0.7299206852912903,0.0073103299364447,4.260794162750244
2026-09-17T08:27:51.404875,1789633671404875500,45.07687548828125,-0.6267887353897095,-0.0122023858129978,4.580887794494629
2026-09-17T08:27:51.414834,1789633671414834400,45.08683447265625,-0.5650819540023804,-0.0608958899974823,4.929964542388916
2026-09-17T08:27:51.424794,1789633671424794400,45.09679443359375,-0.5726104378700256,-0.1045528203248977,5.223261833190918
2026-09-17T08:27:51.434753,1789633671434753500,45.10675341796875,-0.6216834187507629,-0.0754378139972686,5.362327575683594
2026-09-17T08:27:51.444712,1789633671444712400,45.11671240234375,-0.7240995764732361,-0.0719573274254798,5.317506790161133
2026-09-17T08:27:51.454671,1789633671454671400,45.12667138671875,-0.8996143937110901,-0.0423381812870502,5.218576908111572
2026-09-17T08:27:51.464631,1789633671464631300,45.13663134765625,-1.1080864667892456,-0.0129898823797702,5.172640323638916
2026-09-17T08:27:51.474590,1789633671474590500,45.146590576171874,-1.2381319999694824,-0.0354797430336475,5.190101623535156
2026-09-17T08:27:51.484549,1789633671484549600,45.15654956054688,-1.2854065895080566,-0.0841929540038108,5.28608512878418
2026-09-17T08:27:51.494508,1789633671494508500,45.166508544921875,-1.209248185157776,-0.1857608556747436,5.4730682373046875
2026-09-17T08:27:51.504468,1789633671504468500,45.176468505859376,-1.0434032678604126,-0.3078090250492096,5.7143988609313965
2026-09-17T08:27:51.514427,1789633671514427400,45.18642749023437,-0.9308865666389464,-0.406487375497818,5.929020881652832
2026-09-17T08:27:51.524386,1789633671524386300,45.19638623046875,-0.8953951597213745,-0.4478196501731872,6.036189556121826
2026-09-17T08:27:51.534345,1789633671534345500,45.20634545898437,-0.9499404430389404,-0.4762358367443084,6.009520530700684
2026-09-17T08:27:51.544305,1789633671544305400,45.21630541992187,-1.0785996913909912,-0.4273511171340942,5.888617515563965
2026-09-17T08:27:51.554264,1789633671554264300,45.22626440429688,-1.2513341903686523,-0.362318605184555,5.759411334991455
2026-09-17T08:27:51.564223,1789633671564223500,45.236223388671874,-1.3671931028366089,-0.2423959076404571,5.700974941253662
2026-09-17T08:27:51.574182,1789633671574182400,45.24618237304688,-1.3879759311676023,-0.1157402247190475,5.693281650543213
2026-09-17T08:27:51.584142,1789633671584142300,45.25614233398438,-1.295613408088684,-0.008232943713665,5.629549503326416
2026-09-17T08:27:51.594101,1789633671594101500,45.2661015625,-1.1825824975967407,0.084479421377182,5.472975730895996
2026-09-17T08:27:51.604060,1789633671604060400,45.27606030273437,-1.1912134885787964,0.3296723961830139,5.231379985809326
2026-09-17T08:27:51.614019,1789633671614019300,45.286019287109376,-1.3546631336212158,0.5697635412216187,4.97850227355957
2026-09-17T08:27:51.623979,1789633671623979300,45.29597924804688,-1.6430460214614868,0.919930636882782,4.813733100891113
2026-09-17T08:27:51.633938,1789633671633938400,45.3059384765625,-2.046396970748902,1.2880605459213257,4.142431735992432
2026-09-17T08:27:51.643897,1789633671643897600,45.31589770507812,-2.3964555263519287,1.3244811296463013,3.062718391418457
2026-09-17T08:27:51.653856,1789633671653856500,45.3258564453125,-2.4833686351776123,1.131726861000061,1.8949456214904783
2026-09-17T08:27:51.663816,1789633671663816400,45.33581640625,-2.1641600131988525,0.6740809082984924,0.8908556699752808
2026-09-17T08:27:51.673775,1789633671673775400,45.345775390625,-1.1596643924713137,0.2759761214256286,0.2489739209413528
2026-09-17T08:27:51.683734,1789633671683734500,45.35573461914063,0.0157233588397502,-0.1108336225152015,-0.1495801210403442
2026-09-17T08:27:51.693693,1789633671693693400,45.365693359375,0.8718825578689575,-0.3983234763145447,-0.7565510272979736
2026-09-17T08:27:51.703653,1789633671703653400,45.3756533203125,0.3098908066749573,0.6271626353263855,-2.517195701599121
2026-09-17T08:27:51.713612,1789633671713612300,45.3856123046875,0.1679408550262451,0.2236673980951309,-1.731281876564026
2026-09-17T08:27:51.723571,1789633671723571500,45.395571533203125,1.181576132774353,-0.0764572694897651,-2.0238800048828125
2026-09-17T08:27:51.733530,1789633671733530600,45.40553051757813,2.265352964401245,0.0640023723244667,-5.12949800491333
2026-09-17T08:27:51.743490,1789633671743490600,45.41549047851562,2.761063575744629,-0.5613411664962769,-6.976747512817383
2026-09-17T08:27:51.753449,1789633671753449500,45.425449462890626,1.7209850549697876,-0.5640128254890442,-6.602565765380859
2026-09-17T08:27:51.763408,1789633671763408400,45.43540844726562,-0.4347346127033233,-1.4443025588989258,-5.075559139251709
2026-09-17T08:27:51.773367,1789633671773367300,45.4453671875,-2.121720314025879,-2.8058996200561523,-3.514969825744629
2026-09-17T08:27:51.783327,1789633671783327200,45.4553271484375,-0.5263193845748901,-1.6977728605270386,-1.9673230648040771
2026-09-17T08:27:51.793286,1789633671793286400,45.46528637695312,2.220064640045166,-0.0311920549720525,-0.5308297276496887
2026-09-17T08:27:51.803245,1789633671803245300,45.47524536132813,2.25974440574646,0.0127546293660998,0.0480847544968128
2026-09-17T08:27:51.813204,1789633671813204500,45.48520458984375,0.8838694095611572,-0.2056890279054641,-0.1521037369966507
2026-09-17T08:27:51.823164,1789633671823164400,45.495164306640625,-0.5527946352958679,-0.4288821816444397,-0.4969684183597564
2026-09-17T08:27:51.833123,1789633671833123300,45.50512329101562,-1.0748560428619385,-0.438838392496109,-0.3761389553546905
2026-09-17T08:27:51.843082,1789633671843082500,45.51508251953125,-0.4398185908794403,-0.219226136803627,-0.212000086903572
2026-09-17T08:27:51.853041,1789633671853041400,45.52504150390625,0.4043102562427521,-0.0244068540632724,-0.1883040815591812
2026-09-17T08:27:51.863001,1789633671863001300,45.53500146484375,0.6061403155326843,-0.027396785095334,-0.2622057199478149
2026-09-17T08:27:51.872960,1789633671872960300,45.54496020507813,0.4109577536582947,-0.0712393373250961,-0.3113636672496795
2026-09-17T08:27:51.882919,1789633671882919400,45.55491943359375,0.285065621137619,-0.063565969467163,-0.2658286988735199
2026-09-17T08:27:51.892878,1789633671892878600,45.56487866210937,0.3529290854930877,-0.0089197736233472,-0.2349264472723007
2026-09-17T08:27:51.902838,1789633671902838500,45.57483862304687,0.4138337075710296,0.0088160810992121,-0.224814161658287
2026-09-17T08:27:51.912797,1789633671912797400,45.58479736328125,0.3455547988414764,-0.0202435348182916,-0.2146062552928924
2026-09-17T08:27:51.922756,1789633671922756400,45.59475634765625,0.1941697895526886,-0.0441286265850067,-0.2150403559207916
2026-09-17T08:27:51.932715,1789633671932715500,45.60471557617188,0.0910620540380477,-0.0507617592811584,-0.2060164958238601
2026-09-17T08:27:51.942675,1789633671942675500,45.61467553710938,0.1086889803409576,-0.0237738210707902,-0.1788711696863174
2026-09-17T08:27:51.952634,1789633671952634400,45.62463427734375,0.1665954291820526,0.000752561725676,-0.1592569798231125
2026-09-17T08:27:51.962593,1789633671962593300,45.63459326171875,0.198038563132286,-0.0052499370649456,-0.1622775346040725
2026-09-17T08:27:51.972552,1789633671972552400,45.644552490234375,0.1956616938114166,-0.0229378547519445,-0.187195673584938
2026-09-17T08:27:51.982512,1789633671982512400,45.654512451171875,0.1961024552583694,-0.0398830138146877,-0.2253412008285522
2026-09-17T08:27:51.992471,1789633671992471600,45.66447143554687,0.2324900180101394,-0.0205868147313594,-0.2505325675010681
2026-09-17T08:27:52.002430,1789633672002430500,45.67443041992187,0.3301808834075928,-0.0032850566785782,-0.2971408069133758
2026-09-17T08:27:52.012389,1789633672012389400,45.68438940429687,0.442640870809555,0.0193619318306446,-0.3220581412315368
2026-09-17T08:27:52.022349,1789633672022349300,45.69434936523437,0.513580322265625,0.0280560869723558,-0.2714394330978393
2026-09-17T08:27:52.032308,1789633672032308200,45.70430810546875,0.4895809292793274,0.0219446662813425,-0.2430906295776367
2026-09-17T08:27:52.042267,1789633672042267400,45.714267333984374,0.463267832994461,-0.0144945681095123,-0.2856655120849609
2026-09-17T08:27:52.052226,1789633672052226300,45.72422631835938,0.4797272384166717,-0.0143901724368333,-0.315433531999588
2026-09-17T08:27:52.062185,1789633672062185500,45.734185546875,0.5238473415374756,0.0021754887420684,-0.3301986157894134
2026-09-17T08:27:52.072145,1789633672072145400,45.7441455078125,0.562222421169281,0.007480239495635,-0.3528812825679779
2026-09-17T08:27:52.082104,1789633672082104300,45.75410424804687,0.6429492235183716,0.025282671675086,-0.3988173604011535
2026-09-17T08:27:52.092063,1789633672092063500,45.7640634765625,0.787049412727356,0.0578131861984729,-0.4131243824958801
2026-09-17T08:27:52.102022,1789633672102022400,45.7740224609375,0.8228684067726135,0.0776894241571426,-0.3877748250961303
2026-09-17T08:27:52.111982,1789633672111982300,45.783982421875,0.7150878310203552,0.076329082250595,-0.3802575170993805
2026-09-17T08:27:52.121941,1789633672121941200,45.79394116210938,0.6067571043968201,0.0901157334446907,-0.3874299526214599
2026-09-17T08:27:52.131900,1789633672131900400,45.803900390625,0.5566715598106384,0.1212866976857185,-0.3975451588630676
2026-09-17T08:27:52.141859,1789633672141859600,45.81385961914062,0.5164101719856262,0.1359186470508575,-0.4188677668571472
2026-09-17T08:27:52.151819,1789633672151819500,45.82381958007812,0.4776824712753296,0.143055647611618,-0.4460130929946899
2026-09-17T08:27:52.161778,1789633672161778400,45.8337783203125,0.4575050175189972,0.1340352594852447,-0.4733232855796814
2026-09-17T08:27:52.171737,1789633672171737300,45.8437373046875,0.420529156923294,0.1182570904493331,-0.5047891139984131
2026-09-17T08:27:52.181696,1789633672181696500,45.85369653320313,0.351048082113266,0.0758648887276649,-0.5482553243637085
2026-09-17T08:27:52.191656,1789633672191656400,45.86365649414063,0.3011606931686401,0.0531872734427452,-0.5886229872703552
2026-09-17T08:27:52.201615,1789633672201615400,45.873615478515624,0.2713277041912079,0.0256475247442722,-0.6702523827552795
2026-09-17T08:27:52.211574,1789633672211574300,45.88357421875,0.2277024537324905,-0.0439522415399551,-0.7703473567962646
2026-09-17T08:27:52.221533,1789633672221533400,45.893533447265625,0.1488028466701507,-0.1048560738563537,-0.8331239223480225
2026-09-17T08:27:52.231493,1789633672231493400,45.903493408203126,0.0298775322735309,-0.1692116260528564,-0.9269673228263856
2026-09-17T08:27:52.241452,1789633672241452500,45.91345263671875,-0.0822615250945091,-0.2313383817672729,-1.0666462182998655
2026-09-17T08:27:52.251411,1789633672251411500,45.923411376953126,-0.1252553313970565,-0.2827251553535461,-1.2103335857391355
2026-09-17T08:27:52.261370,1789633672261370400,45.93337036132812,-0.0872032865881919,-0.3205396234989166,-1.3582288026809692
2026-09-17T08:27:52.271330,1789633672271330300,45.94333032226562,-0.040620069950819,-0.3571935296058655,-1.5403895378112793
2026-09-17T08:27:52.281289,1789633672281289200,45.95328930664063,-0.0290473029017448,-0.4167649745941162,-1.7177976369857788
2026-09-17T08:27:52.291248,1789633672291248400,45.963248291015624,0.0005207089707255,-0.4584735333919525,-1.8794184923171997
2026-09-17T08:27:52.301207,1789633672301207600,45.97320751953125,0.0517316982150077,-0.4344680607318878,-2.0458133220672607
2026-09-17T08:27:52.311167,1789633672311167000,45.9831669921875,0.1217187717556953,-0.3625520765781402,-2.2463762760162354
2026-09-17T08:27:52.321126,1789633672321126000,45.9931259765625,0.1534047871828079,-0.313442051410675,-2.474900245666504
2026-09-17T08:27:52.331085,1789633672331085000,46.0030849609375,0.1457588523626327,-0.3459483087062835,-2.749941825866699
2026-09-17T08:27:52.341044,1789633672341044000,46.0130439453125,0.1342771649360656,-0.4299990236759186,-3.144291877746582
2026-09-17T08:27:52.351004,1789633672351004200,46.023004150390626,0.0159015282988548,-0.3150050640106201,-3.536787986755371
2026-09-17T08:27:52.360963,1789633672360963000,46.03296313476562,0.0085104582831263,-0.1055703312158584,-3.9600327014923096
2026-09-17T08:27:52.370922,1789633672370922000,46.042921875,-0.085346795618534,0.1399491429328918,-4.558279991149902
2026-09-17T08:27:52.380881,1789633672380881200,46.052881103515624,-0.3821001648902893,0.3694305419921875,-5.244534015655518
2026-09-17T08:27:52.390841,1789633672390841000,46.06284106445312,-0.5776840448379517,0.3072433173656463,-6.112776756286621
2026-09-17T08:27:52.400800,1789633672400800000,46.07280004882813,-0.4363365173339844,0.1961730122566223,-6.883296966552734
2026-09-17T08:27:52.410759,1789633672410759000,46.082759033203125,0.1015999168157577,-0.0170995891094207,-7.275909900665283
2026-09-17T08:27:52.420718,1789633672420718000,46.09271801757812,0.7570797801017761,0.0788394585251808,-7.334190845489502
2026-09-17T08:27:52.430678,1789633672430678000,46.10267797851562,1.1941466331481934,0.2054405510425567,-7.304698467254639
2026-09-17T08:27:52.440637,1789633672440637200,46.11263720703125,1.1928073167800903,0.6136009097099304,-6.887443542480469
2026-09-17T08:27:52.450596,1789633672450596000,46.12259619140625,0.8112591505050659,1.1159502267837524,-6.2721266746521
2026-09-17T08:27:52.460555,1789633672460555000,46.13255493164063,0.4617453217506408,1.3170188665390017,-5.849152088165283
2026-09-17T08:27:52.470515,1789633672470515000,46.14251489257813,0.4457631409168243,1.3900833129882812,-5.680058002471924
2026-09-17T08:27:52.480474,1789633672480474000,46.15247412109375,0.5273962616920471,1.4342401027679443,-5.560922145843506
2026-09-17T08:27:52.490433,1789633672490433000,46.16243310546875,0.3028411567211151,1.1982179880142212,-4.65802001953125
2026-09-17T08:27:52.500392,1789633672500392000,46.172391845703125,-0.2604389786720276,1.0472159385681152,-3.4262948036193848
2026-09-17T08:27:52.510352,1789633672510352100,46.18235205078125,-0.7930389642715454,0.7969605922698975,-0.6825639605522156
2026-09-17T08:27:52.520311,1789633672520311000,46.19231103515625,-0.2890256345272064,0.7610198855400085,1.4569119215011597
2026-09-17T08:27:52.530270,1789633672530270200,46.20227026367188,0.6421553492546082,0.4183064699172973,2.318857431411743
2026-09-17T08:27:52.540229,1789633672540229000,46.21222900390625,1.0511486530303955,0.1018702089786529,2.717104434967041
2026-09-17T08:27:52.550189,1789633672550189000,46.22218896484375,1.164061188697815,0.0691612660884857,2.9335057735443115
2026-09-17T08:27:52.560148,1789633672560148000,46.23214794921875,1.1207178831100464,0.1298192739486694,2.935908555984497
2026-09-17T08:27:52.570107,1789633672570107000,46.24210693359375,0.8674411773681641,0.1953458189964294,2.7526280879974365
2026-09-17T08:27:52.580066,1789633672580066000,46.25206616210937,0.4146409332752228,0.3203745782375335,2.6390888690948486
2026-09-17T08:27:52.590026,1789633672590026200,46.26202612304687,-0.1939531713724136,0.3968584239482879,2.7392678260803223
2026-09-17T08:27:52.599985,1789633672599985200,46.27198510742188,-0.7215290665626526,0.406415194272995,2.9350180625915527
2026-09-17T08:27:52.609944,1789633672609944000,46.28194409179687,-0.9705077409744264,0.4070247709751129,3.150017499923706
2026-09-17T08:27:52.619903,1789633672619903000,46.29190307617188,-0.967249631881714,0.408469021320343,3.4435079097747803
2026-09-17T08:27:52.629863,1789633672629863000,46.30186279296875,-0.8931876420974731,0.3344006538391113,3.8574609756469727
2026-09-17T08:27:52.639822,1789633672639822000,46.311822021484375,-0.8521507382392883,0.1645309329032898,4.374785900115967
2026-09-17T08:27:52.649781,1789633672649781000,46.32178100585938,-0.7900623083114624,0.0271549578756093,4.941844463348389
2026-09-17T08:27:52.659740,1789633672659740000,46.331739990234375,-0.7415581941604614,-0.0476162172853946,5.397329807281494
2026-09-17T08:27:52.669700,1789633672669700000,46.3417001953125,-0.7463356256484985,-0.1383189558982849,5.592752456665039
2026-09-17T08:27:52.679659,1789633672679659000,46.35165893554687,-0.8156720995903015,-0.1872204542160034,5.5742573738098145
2026-09-17T08:27:52.689618,1789633672689618200,46.3616181640625,-0.9614953398704528,-0.205439418554306,5.461469650268555
2026-09-17T08:27:52.699577,1789633672699577000,46.3715771484375,-1.165629267692566,-0.1982952058315277,5.372673511505127
2026-09-17T08:27:52.709537,1789633672709537000,46.381537109375,-1.3714183568954468,-0.2467775344848632,5.380134582519531
2026-09-17T08:27:52.719496,1789633672719496000,46.39149584960938,-1.4746973514556885,-0.3233135938644409,5.457397937774658
2026-09-17T08:27:52.729455,1789633672729455000,46.401455078125,-1.3961941003799438,-0.406549870967865,5.619736671447754
2026-09-17T08:27:52.739414,1789633672739414000,46.4114140625,-1.230635404586792,-0.5308177471160889,5.778197765350342
2026-09-17T08:27:52.749374,1789633672749374200,46.42137426757812,-1.1005525588989258,-0.6445512175559998,5.883647441864014
2026-09-17T08:27:52.759333,1789633672759333000,46.4313330078125,-1.092033863067627,-0.6110092401504517,5.943793296813965
2026-09-17T08:27:52.769292,1789633672769292000,46.4412919921875,-1.2555533647537231,-0.5707931518554688,5.894128322601318
2026-09-17T08:27:52.779251,1789633672779251200,46.45125122070313,-1.5177297592163086,-0.4010549783706665,5.802259922027588
2026-09-17T08:27:52.789211,1789633672789211100,46.46121118164063,-1.7864809036254885,-0.1318906247615814,5.76456880569458
2026-09-17T08:27:52.799170,1789633672799170000,46.471170166015625,-1.959262728691101,0.1765870451927185,5.724137783050537
2026-09-17T08:27:52.809129,1789633672809129000,46.48112890625,-1.960991144180298,0.4142874777317047,5.613864898681641
2026-09-17T08:27:52.819088,1789633672819088000,46.491087890625,-1.8198436498641968,0.665941059589386,5.419345855712891
2026-09-17T08:27:52.829048,1789633672829048000,46.501048095703126,-1.7648786306381226,0.9021948575973512,5.189065933227539
2026-09-17T08:27:52.839007,1789633672839007200,46.51100732421875,-1.862597703933716,1.07756769657135,4.945328235626221
2026-09-17T08:27:52.848966,1789633672848966100,46.52096606445313,-2.0126001834869385,1.323467254638672,4.566685199737549
2026-09-17T08:27:52.858925,1789633672858925000,46.53092504882813,-2.1826908588409424,1.3936779499053955,3.921879529953003
2026-09-17T08:27:52.868885,1789633672868885000,46.540885009765624,-2.261003255844116,1.2523456811904907,3.186279296875
2026-09-17T08:27:52.878844,1789633672878844000,46.55084399414063,-2.121860980987549,0.9585723876953124,2.4619767665863037
2026-09-17T08:27:52.888803,1789633672888803000,46.560802978515625,-1.6961815357208252,0.6081656217575073,1.845906376838684
2026-09-17T08:27:52.898762,1789633672898762000,46.57076196289062,-1.223016381263733,0.364313542842865,1.3459258079528809
2026-09-17T08:27:52.908721,1789633672908721000,46.580720947265625,-0.9481320977211,0.1767268776893615,0.8497938513755798
2026-09-17T08:27:52.918681,1789633672918681000,46.59068115234375,-0.7216295003890991,0.026573322713375,0.1970442831516266
2026-09-17T08:27:52.928640,1789633672928640000,46.60063989257812,-0.3138942122459411,-0.1671356856822967,-0.5187747478485107
2026-09-17T08:27:52.938599,1789633672938599200,46.61059912109375,0.2869503498077392,-0.3806698322296142,-1.2098712921142578
2026-09-17T08:27:52.948559,1789633672948559000,46.62055908203125,0.7846310138702393,-0.4172147810459137,-1.7859492301940918
2026-09-17T08:27:52.958518,1789633672958518000,46.63051806640625,-0.0297924540936946,-0.2288379371166229,-2.1049067974090576
2026-09-17T08:27:52.968477,1789633672968477000,46.64047680664063,0.8935593366622925,-0.9293129444122314,-0.9491117596626282
2026-09-17T08:27:52.978436,1789633672978436000,46.65043603515625,3.0263559818267822,-0.0300526730716228,-3.7403857707977295
2026-09-17T08:27:52.988396,1789633672988396000,46.66039599609375,4.3526997566223145,-0.6427794098854065,-7.43233060836792
2026-09-17T08:27:52.998355,1789633672998355200,46.670355224609374,3.540582180023194,-0.1708204448223114,-7.77129602432251
2026-09-17T08:27:53.008314,1789633673008314000,46.68031420898438,0.8994683623313904,-0.962083637714386,-6.350796222686768
2026-09-17T08:27:53.018273,1789633673018273000,46.69027294921875,-2.5075833797454834,-3.0414297580718994,-4.6915435791015625
2026-09-17T08:27:53.028232,1789633673028232200,46.70023217773438,-2.8022892475128174,-3.115139961242676,-2.7344231605529785
2026-09-17T08:27:53.038192,1789633673038192000,46.71019213867187,0.912431299686432,-0.7448576092720032,-0.8833788633346558
2026-09-17T08:27:53.048151,1789633673048151000,46.720151123046875,2.9962351322174072,-0.1354036033153534,-0.3360342681407928
2026-09-17T08:27:53.058110,1789633673058110000,46.73010986328125,2.170017719268799,-0.2508428394794464,-0.2803544700145721
2026-09-17T08:27:53.068068,1789633673068068900,46.74006884765625,0.3540278971195221,-0.2960468232631683,-0.4010326862335205
2026-09-17T08:27:53.078029,1789633673078029000,46.75002905273438,-1.0534518957138062,-0.5682221055030823,-0.4050375521183014
2026-09-17T08:27:53.087988,1789633673087988200,46.75998828125,-0.9019744992256165,-0.4070202112197876,-0.2138412445783615
2026-09-17T08:27:53.097947,1789633673097947100,46.76994702148438,0.0083120530471205,-0.1522992253303527,-0.1620417088270187
2026-09-17T08:27:53.107906,1789633673107906000,46.779906005859374,0.4307213425636291,-0.0949738770723342,-0.2293118238449096
2026-09-17T08:27:53.117866,1789633673117866000,46.789865966796874,0.2937046587467193,-0.1493641436100006,-0.2836551964282989
2026-09-17T08:27:53.127825,1789633673127825000,46.79982495117188,0.1029541343450546,-0.1808229982852935,-0.2810024321079254
2026-09-17T08:27:53.137784,1789633673137784000,46.8097841796875,0.1259614527225494,-0.1437906920909881,-0.2751826345920563
2026-09-17T08:27:53.147743,1789633673147743000,46.81974291992187,0.1820436269044876,-0.08958151191473,-0.2701678872108459
2026-09-17T08:27:53.157703,1789633673157703200,46.829703125,0.1874911189079284,-0.0534815639257431,-0.267878383398056
2026-09-17T08:27:53.167662,1789633673167662000,46.839662109375,0.1649474650621414,-0.0290209613740444,-0.2358200550079345
2026-09-17T08:27:53.177621,1789633673177621200,46.849621337890625,0.1397012323141098,0.0118266018107533,-0.2177339941263198
2026-09-17T08:27:53.187580,1789633673187580200,46.859580078125,0.1334223002195358,0.0184791777282953,-0.217308685183525
2026-09-17T08:27:53.197540,1789633673197540000,46.8695400390625,0.121132344007492,0.0277845282107591,-0.217834398150444
2026-09-17T08:27:53.207499,1789633673207499000,46.8794990234375,0.1194649338722229,0.0137869548052549,-0.2264193594455719
2026-09-17T08:27:53.217458,1789633673217458000,46.8894580078125,0.1849105209112167,0.0261884965002536,-0.2481028139591217
2026-09-17T08:27:53.227417,1789633673227417000,46.8994169921875,0.2937983870506286,0.028364397585392,-0.2531516551971435
2026-09-17T08:27:53.237377,1789633673237377300,46.90937719726563,0.3738924264907837,0.0352385491132736,-0.2495649307966232
2026-09-17T08:27:53.247336,1789633673247336200,46.919336181640624,0.4070586264133453,0.0300062373280525,-0.2508070170879364
2026-09-17T08:27:53.257295,1789633673257295000,46.92929516601563,0.4207286238670349,0.0411350540816783,-0.2383681982755661
2026-09-17T08:27:53.267254,1789633673267254000,46.93925390625,0.4009099304676056,0.0388412736356258,-0.2456205189228058
2026-09-17T08:27:53.277214,1789633673277214000,46.9492138671875,0.3773491978645324,0.0256037656217813,-0.2719149589538574
2026-09-17T08:27:53.287173,1789633673287173000,46.95917309570312,0.3578410148620605,0.0249116104096174,-0.2780103981494903
2026-09-17T08:27:53.297132,1789633673297132000,46.969132080078126,0.3435643315315246,0.0221549719572067,-0.2785680592060089
2026-09-17T08:27:53.307091,1789633673307091700,46.979091796875,0.3637681305408478,0.0208612084388732,-0.3013601899147033
2026-09-17T08:27:53.317052,1789633673317052000,46.98905200195313,0.3933723866939544,0.0336699485778808,-0.2963270843029022
2026-09-17T08:27:53.327010,1789633673327010800,46.9990107421875,0.4004150927066803,0.0466075837612152,-0.2919113039970398
2026-09-17T08:27:53.336969,1789633673336969700,47.0089697265625,0.396995335817337,0.0625250339508056,-0.2881130874156952
2026-09-17T08:27:53.346929,1789633673346929000,47.01892895507813,0.4041691124439239,0.0656324103474617,-0.3070718646049499
2026-09-17T08:27:53.356888,1789633673356888800,47.028888916015624,0.457404613494873,0.0846159532666206,-0.3423888683319092
2026-09-17T08:27:53.366847,1789633673366847700,47.03884765625,0.5257879495620728,0.0909849032759666,-0.3793601989746094
2026-09-17T08:27:53.376806,1789633673376806700,47.048806640625,0.5239903330802917,0.0926512479782104,-0.3850817382335663
2026-09-17T08:27:53.386765,1789633673386765800,47.05876586914062,0.4774646162986755,0.0913082137703895,-0.3814065754413605
2026-09-17T08:27:53.396726,1789633673396726000,47.06872607421875,0.4129721820354461,0.0794078782200813,-0.3923806548118591
2026-09-17T08:27:53.406685,1789633673406685000,47.078684814453126,0.3697312176227569,0.0742101892828941,-0.4198724627494812
2026-09-17T08:27:53.416643,1789633673416643800,47.08864379882812,0.3936546742916107,0.0797223970293998,-0.4596598148345947
2026-09-17T08:27:53.426602,1789633673426602800,47.09860278320313,0.4392583668231964,0.1052847504615783,-0.4775362908840179
2026-09-17T08:27:53.436562,1789633673436562700,47.10856274414063,0.3712833225727081,0.095502957701683,-0.4966093301773071
2026-09-17T08:27:53.446521,1789633673446521900,47.11852197265625,0.2311754822731018,0.0677687972784042,-0.5358408689498901
2026-09-17T08:27:53.456480,1789633673456480800,47.12848071289063,0.1480630189180374,0.0486688688397407,-0.5916005373001099
2026-09-17T08:27:53.466439,1789633673466439700,47.138439697265625,0.0887416377663612,0.0469311587512493,-0.6504111289978027
2026-09-17T08:27:53.476399,1789633673476399900,47.14839990234375,0.0486008748412132,0.039043940603733,-0.7175427675247192
2026-09-17T08:27:53.486358,1789633673486358800,47.15835888671875,0.0267144851386547,0.0077533964067697,-0.7818831205368042
2026-09-17T08:27:53.496318,1789633673496318000,47.16831787109375,-0.0262683033943176,-0.0414940454065799,-0.8493865728378296
2026-09-17T08:27:53.506276,1789633673506276900,47.17827685546875,-0.1096633300185203,-0.0998401716351509,-0.9394232034683228
2026-09-17T08:27:53.516236,1789633673516236800,47.18823681640625,-0.1628919243812561,-0.1439668983221054,-1.0522691011428833
2026-09-17T08:27:53.526195,1789633673526195700,47.19819580078125,-0.1356453895568847,-0.1593927294015884,-1.1847959756851196
2026-09-17T08:27:53.536154,1789633673536154600,47.208154541015624,-0.0462755672633647,-0.2095717340707779,-1.3133795261383057
2026-09-17T08:27:53.546113,1789633673546113800,47.21811376953125,-0.1110620200634002,-0.2678326368331909,-1.449429273605347
2026-09-17T08:27:53.556074,1789633673556074000,47.22807397460937,-0.1723062098026275,-0.3250905871391296,-1.581215262413025
2026-09-17T08:27:53.566033,1789633673566033000,47.23803295898438,-0.179911658167839,-0.3580006062984466,-1.7446515560150146
2026-09-17T08:27:53.575991,1789633673575991800,47.24799169921875,-0.1346403211355209,-0.3439484238624573,-1.8950340747833252
2026-09-17T08:27:53.585951,1789633673585951000,47.25795092773438,-0.0379824861884117,-0.3123332560062408,-2.093618869781494
2026-09-17T08:27:53.595911,1789633673595911000,47.26791088867188,0.0063245263881981,-0.3502068519592285,-2.355391502380371
2026-09-17T08:27:53.605869,1789633673605869800,47.277869873046875,-0.0768257528543472,-0.388312965631485,-2.6435587406158447
2026-09-17T08:27:53.615828,1789633673615828700,47.28782885742187,-0.1877578645944595,-0.3007213473320007,-2.9124655723571777
2026-09-17T08:27:53.625787,1789633673625787600,47.29778759765625,-0.0555186010897159,-0.1317429840564727,-3.2930171489715576
2026-09-17T08:27:53.635746,1789633673635746800,47.30774682617187,0.0296966955065727,-0.0450456365942955,-3.7585413455963135
2026-09-17T08:27:53.645707,1789633673645707000,47.31770703125,-0.1425296664237976,0.083668403327465,-4.223803520202637
2026-09-17T08:27:53.655666,1789633673655666000,47.327666015625,-0.39725062251091,0.351201057434082,-4.717833995819092
2026-09-17T08:27:53.665624,1789633673665624800,47.33762475585937,-0.5783751010894775,0.5660832524299622,-5.391618728637695
2026-09-17T08:27:53.675584,1789633673675584800,47.347584716796874,-0.6928313970565796,0.3556362688541412,-6.158327102661133
2026-09-17T08:27:53.685543,1789633673685543700,47.35754370117188,-0.6329922676086426,0.1640314161777496,-6.85756254196167
2026-09-17T08:27:53.695502,1789633673695502800,47.3675029296875,-0.1248129904270172,0.1270116120576858,-7.043787479400635
2026-09-17T08:27:53.705461,1789633673705461800,47.37746166992188,0.3095150291919708,0.3867462575435638,-6.856582164764404
2026-09-17T08:27:53.715422,1789633673715422000,47.387421875,0.5304855108261108,0.5595278739929199,-6.839346408843994
2026-09-17T08:27:53.725380,1789633673725380900,47.397380859375,0.2372898310422897,1.0089938640594482,-6.394688606262207
2026-09-17T08:27:53.735339,1789633673735339800,47.40733984375,-0.2212465852499008,1.213354468345642,-6.035885334014893
2026-09-17T08:27:53.745299,1789633673745299000,47.417298828125,-0.337137222290039,1.2756404876708984,-5.804491996765137
2026-09-17T08:27:53.755259,1789633673755259000,47.4272587890625,-0.1787191033363342,1.2778743505477903,-5.479015350341797
2026-09-17T08:27:53.765217,1789633673765217800,47.4372177734375,-0.1095690503716468,1.4386125802993774,-5.152359962463379
2026-09-17T08:27:53.775176,1789633673775176700,47.4471767578125,-0.2788840532302856,1.6058580875396729,-4.0675177574157715
2026-09-17T08:27:53.785135,1789633673785135900,47.457135986328126,-0.5235086679458618,1.7436342239379885,-2.5221598148345947
2026-09-17T08:27:53.795095,1789633673795095800,47.467095703125,-0.5507027506828308,1.6926350593566897,-0.3350872695446014
2026-09-17T08:27:53.805055,1789633673805055000,47.47705493164062,-0.1784740835428238,1.5541367530822754,1.0353386402130127
2026-09-17T08:27:53.815014,1789633673815014000,47.48701391601563,0.2970700860023498,1.243047833442688,1.7975465059280396
2026-09-17T08:27:53.824972,1789633673824972800,47.496972900390624,0.5415509343147278,1.018513798713684,2.3108413219451904
2026-09-17T08:27:53.834932,1789633673834932700,47.5069326171875,0.5552084445953369,0.8819208741188049,2.652841329574585
2026-09-17T08:27:53.844892,1789633673844892000,47.51689184570313,0.4532775282859802,0.7306700944900513,2.911752462387085
2026-09-17T08:27:53.854850,1789633673854850800,47.526850830078125,0.2240038514137268,0.5927153825759888,3.134706735610962
2026-09-17T08:27:53.864809,1789633673864809700,47.53680981445312,-0.0602252036333084,0.493800014257431,3.2961413860321045
2026-09-17T08:27:53.874769,1789633673874769700,47.54676977539062,-0.3090099990367889,0.3982218205928802,3.4303524494171143
2026-09-17T08:27:53.884728,1789633673884728800,47.556728759765626,-0.5199453830718994,0.3016460239887237,3.6053194999694824
2026-09-17T08:27:53.894688,1789633673894688000,47.56668798828125,-0.6781443357467651,0.2304621040821075,3.846543073654175
2026-09-17T08:27:53.904647,1789633673904647000,47.57664697265625,-0.7726221084594727,0.1655302345752716,4.114309310913086
2026-09-17T08:27:53.914606,1789633673914606800,47.58660693359375,-0.8172585368156433,0.1232110187411308,4.442558765411377
2026-09-17T08:27:53.924565,1789633673924565800,47.59656567382813,-0.8674934506416321,0.0886594355106353,4.836565971374512
2026-09-17T08:27:53.934524,1789633673934524700,47.60652465820313,-0.9473353028297424,0.0481650009751319,5.281806468963623
2026-09-17T08:27:53.944483,1789633673944483800,47.61648388671875,-0.999820351600647,0.0420130975544452,5.693892478942871
2026-09-17T08:27:53.954443,1789633673954443800,47.62644384765625,-0.9828816056251526,0.0727893933653831,5.985744953155518
2026-09-17T08:27:53.964403,1789633673964403000,47.63640283203125,-0.9506347179412842,0.1377593278884887,6.071617126464844
2026-09-17T08:27:53.974361,1789633673974361900,47.64636181640625,-1.0111392736434937,0.2551698684692383,6.046878337860107
2026-09-17T08:27:53.984320,1789633673984320800,47.65632080078125,-1.161663055419922,0.328303188085556,5.931499481201172
2026-09-17T08:27:53.994280,1789633673994280700,47.66628076171875,-1.315494179725647,0.4108268320560455,5.870183944702148
2026-09-17T08:27:54.004240,1789633674004240000,47.67623999023437,-1.4335888624191284,0.4730342626571655,5.886995792388916
2026-09-17T08:27:54.014198,1789633674014198800,47.68619873046875,-1.5135997533798218,0.5225645303726196,6.01262903213501
2026-09-17T08:27:54.024157,1789633674024157700,47.69615771484375,-1.5621689558029177,0.5288522839546204,6.063325881958008
2026-09-17T08:27:54.034117,1789633674034117600,47.70611767578125,-1.6929473876953125,0.5386295318603516,6.114467620849609
2026-09-17T08:27:54.044076,1789633674044076800,47.71607690429688,-1.8738481998443604,0.5673216581344604,6.162689208984375
2026-09-17T08:27:54.054036,1789633674054036000,47.72603588867187,-2.0233662128448486,0.6136763691902161,6.121415138244629
2026-09-17T08:27:54.063995,1789633674063995000,47.73599487304688,-2.1493184566497803,0.6676764488220215,6.043577194213867
2026-09-17T08:27:54.073954,1789633674073954800,47.74595483398438,-2.3174211978912354,0.6997845768928528,6.01905632019043
2026-09-17T08:27:54.083913,1789633674083913700,47.755913818359375,-2.303865671157837,0.750636875629425,5.841753005981445
2026-09-17T08:27:54.093873,1789633674093873000,47.76587280273438,-2.2358932495117188,0.7709767818450928,5.401456832885742
2026-09-17T08:27:54.103831,1789633674103831800,47.775831787109375,-2.3069608211517334,0.6959363222122192,4.901369571685791
2026-09-17T08:27:54.113790,1789633674113790700,47.78579077148437,-2.4489219188690186,0.6962370276451111,4.249040603637695
2026-09-17T08:27:54.123750,1789633674123750700,47.79575073242187,-2.69575572013855,0.5378034114837646,3.5227108001708984
2026-09-17T08:27:54.133709,1789633674133709800,47.80570971679688,-2.8407511711120605,0.208386093378067,2.7497472763061523
2026-09-17T08:27:54.143669,1789633674143669000,47.8156689453125,-2.3959479331970215,-0.0400942862033844,1.756088376045227
2026-09-17T08:27:54.153629,1789633674153629000,47.82562890625,-1.3777644634246826,-0.3458640575408935,0.6879444718360901
2026-09-17T08:27:54.163587,1789633674163587800,47.835587890625,-0.5396157503128052,-0.5699842572212219,-0.3021681904792785
2026-09-17T08:27:54.173546,1789633674173546800,47.845546630859374,0.0133113292977213,-0.664662778377533,-1.092144012451172
2026-09-17T08:27:54.183505,1789633674183505700,47.85550561523438,0.1757343262434005,-0.0441806428134441,-1.6069599390029907
2026-09-17T08:27:54.193465,1789633674193465600,47.86546557617187,-0.5985674858093262,0.1493763029575348,-1.65212881565094
2026-09-17T08:27:54.203424,1789633674203424800,47.8754248046875,0.7451463937759399,-1.1778979301452637,-0.1355019956827163
2026-09-17T08:27:54.213384,1789633674213384000,47.88538403320312,2.942338466644287,0.1732648611068725,-3.7651796340942383
2026-09-17T08:27:54.223342,1789633674223342800,47.8953427734375,3.756983518600464,-0.4346565008163452,-7.211658954620361
2026-09-17T08:27:54.233302,1789633674233302800,47.905302734375,3.139136791229248,-0.0449731983244419,-7.517508506774902
2026-09-17T08:27:54.243261,1789633674243261700,47.91526171875,0.969140887260437,-1.1648894548416138,-6.121336936950684
2026-09-17T08:27:54.253220,1789633674253220900,47.92522094726562,-1.527104735374451,-2.895740270614624,-4.1514482498168945
2026-09-17T08:27:54.263179,1789633674263179800,47.9351796875,-0.996746301651001,-1.9380391836166384,-1.8002243041992188
2026-09-17T08:27:54.273139,1789633674273139700,47.9451396484375,1.3590346574783323,-0.3391813933849334,-0.424075186252594
2026-09-17T08:27:54.283098,1789633674283098600,47.9550986328125,2.0569217205047607,-0.1665872484445572,-0.1944169849157333
2026-09-17T08:27:54.293057,1789633674293057800,47.96505786132813,1.0199100971221924,-0.375342845916748,-0.282821923494339
2026-09-17T08:27:54.303017,1789633674303017000,47.97501684570312,-0.2447178214788437,-0.3925364911556244,-0.4693324267864227
2026-09-17T08:27:54.312977,1789633674312977200,47.98497705078125,-0.7913201451301575,-0.459696888923645,-0.4152119159698486
2026-09-17T08:27:54.322936,1789633674322936000,47.99493603515625,-0.3577240109443664,-0.2817348539829254,-0.290592759847641
2026-09-17T08:27:54.332895,1789633674332895000,48.00489501953125,0.3061232268810272,-0.0877720564603805,-0.2349175363779068
2026-09-17T08:27:54.342854,1789633674342854100,48.01485424804687,0.4634316265583038,-0.0590874217450618,-0.2544459402561188
2026-09-17T08:27:54.352814,1789633674352814000,48.02481396484375,0.326124370098114,-0.0796270444989204,-0.3013487458229065
2026-09-17T08:27:54.362773,1789633674362773000,48.03477294921875,0.2015728503465652,-0.0748448073863983,-0.2925874888896942
2026-09-17T08:27:54.372732,1789633674372732000,48.04473193359375,0.1935514062643051,-0.0655676871538162,-0.2692198455333709
2026-09-17T08:27:54.382690,1789633674382690800,48.05469091796875,0.2448225766420364,-0.0525461621582508,-0.2800389230251312
2026-09-17T08:27:54.392651,1789633674392651000,48.06465112304687,0.2854565680027008,-0.0439516119658947,-0.2957092225551605
2026-09-17T08:27:54.402610,1789633674402610200,48.07461010742187,0.3023695051670074,-0.0380894616246223,-0.3011074662208557
2026-09-17T08:27:54.412569,1789633674412569000,48.08456909179687,0.3172121047973633,-0.021050289273262,-0.3022534251213074
2026-09-17T08:27:54.422528,1789633674422528000,48.09452807617187,0.4041214287281036,-0.0031365358736366,-0.2924375534057617
2026-09-17T08:27:54.432488,1789633674432488000,48.10448803710938,0.5300018787384033,0.0009484869660809,-0.3049000799655914
2026-09-17T08:27:54.442446,1789633674442446800,48.11444677734375,0.648527204990387,-0.0160733740776777,-0.3520955443382263
2026-09-17T08:27:54.452406,1789633674452406000,48.12440600585938,0.6839157938957214,-0.0297135524451732,-0.3696766793727875
2026-09-17T08:27:54.462365,1789633674462365000,48.134364990234374,0.6578000783920288,-0.0337722115218639,-0.3574801981449127
2026-09-17T08:27:54.472325,1789633674472325000,48.1443251953125,0.5941805839538574,-0.0304440557956695,-0.3612067401409149
2026-09-17T08:27:54.482284,1789633674482284000,48.15428393554687,0.583520770072937,-0.0309069156646728,-0.3839418888092041
2026-09-17T08:27:54.492243,1789633674492243000,48.164242919921875,0.578294575214386,-0.018902450799942,-0.3531799912452698
2026-09-17T08:27:54.502202,1789633674502202000,48.1742021484375,0.521735429763794,-0.0218673478811979,-0.3287689089775085
2026-09-17T08:27:54.512162,1789633674512162000,48.184162109375,0.4376607537269592,-0.0279215108603239,-0.3107560873031616
2026-09-17T08:27:54.522121,1789633674522121000,48.19412084960938,0.3598058819770813,-0.0174174718558788,-0.2850209176540375
2026-09-17T08:27:54.532079,1789633674532079900,48.20407983398437,0.3359335958957672,-0.012507134117186,-0.2959931194782257
2026-09-17T08:27:54.542039,1789633674542039000,48.2140390625,0.3907009661197662,0.0073512587696313,-0.3068814575672149
2026-09-17T08:27:54.551999,1789633674551999000,48.2239990234375,0.4485232532024383,0.0306784193962812,-0.3246127963066101
2026-09-17T08:27:54.561958,1789633674561958100,48.233958251953126,0.4602416753768921,0.0425965972244739,-0.35181725025177
2026-09-17T08:27:54.571917,1789633674571917000,48.2439169921875,0.4444179832935333,0.0573853962123394,-0.3689581453800201
2026-09-17T08:27:54.581876,1789633674581876000,48.2538759765625,0.434725672006607,0.0805327966809272,-0.4009666740894317
2026-09-17T08:27:54.591835,1789633674591835100,48.26383520507813,0.4280387461185455,0.0934440717101097,-0.4412046372890472
2026-09-17T08:27:54.601795,1789633674601795000,48.273795166015624,0.4222615361213684,0.0884538367390632,-0.4677254855632782
2026-09-17T08:27:54.611754,1789633674611754000,48.28375390625,0.3687056601047516,0.0706793665885925,-0.4889178574085235
2026-09-17T08:27:54.621713,1789633674621713000,48.293712890625,0.2743410468101501,0.0501192286610603,-0.5144810080528259
2026-09-17T08:27:54.631673,1789633674631673000,48.303673095703125,0.2227859944105148,0.0351256318390369,-0.5560289621353149
2026-09-17T08:27:54.641632,1789633674641632000,48.31363208007812,0.1965085864067077,0.0102565018460154,-0.6227163672447205
2026-09-17T08:27:54.651591,1789633674651591200,48.323591064453126,0.1292997151613235,-0.0051221884787082,-0.696425199508667
2026-09-17T08:27:54.661550,1789633674661550000,48.33355004882812,0.076188825070858,-0.015369233675301,-0.7837191224098206
2026-09-17T08:27:54.671510,1789633674671510000,48.34351000976562,0.0437488630414009,-0.0292245969176292,-0.8488086462020874
2026-09-17T08:27:54.681469,1789633674681469000,48.35346899414063,-0.0117372991517186,-0.0424732901155948,-0.8907569050788879
2026-09-17T08:27:54.691427,1789633674691427800,48.363427734375,-0.0615988671779632,-0.0739883333444595,-0.9515414237976074
2026-09-17T08:27:54.701387,1789633674701387000,48.37338696289063,-0.0948875769972801,-0.099977858364582,-1.023254156112671
2026-09-17T08:27:54.711347,1789633674711347200,48.38334716796875,-0.0978330373764038,-0.1149892956018447,-1.106525421142578
2026-09-17T08:27:54.721306,1789633674721306000,48.39330615234375,-0.1063370406627655,-0.120659701526165,-1.191948175430298
2026-09-17T08:27:54.731265,1789633674731265000,48.40326513671875,-0.1175175234675407,-0.1636543124914169,-1.2771546840667725
2026-09-17T08:27:54.741224,1789633674741224000,48.413223876953126,-0.1614343822002411,-0.224542424082756,-1.372010350227356
2026-09-17T08:27:54.751183,1789633674751183000,48.42318310546875,-0.1954472064971923,-0.312726616859436,-1.485368013381958
2026-09-17T08:27:54.761143,1789633674761143000,48.43314306640625,-0.2092916518449783,-0.3840140998363495,-1.5906007289886477
2026-09-17T08:27:54.771102,1789633674771102000,48.44310205078125,-0.1645300388336181,-0.4355430603027344,-1.719149112701416
2026-09-17T08:27:54.781060,1789633674781060900,48.45306079101562,-0.0946287214756012,-0.4741056561470032,-1.8382015228271484
2026-09-17T08:27:54.791021,1789633674791021000,48.46302099609375,-0.0681297332048416,-0.4552880227565765,-1.952061414718628
2026-09-17T08:27:54.800980,1789633674800980000,48.47297998046875,0.0074302707798779,-0.3821245729923248,-2.1068780422210693
2026-09-17T08:27:54.810939,1789633674810939100,48.48293920898438,0.1197320446372032,-0.3567230999469757,-2.3179094791412354
2026-09-17T08:27:54.820898,1789633674820898000,48.49289794921875,0.1416394710540771,-0.3323583602905273,-2.582740068435669
2026-09-17T08:27:54.830858,1789633674830858000,48.50285791015625,0.0991181135177612,-0.1881468743085861,-2.871271848678589
2026-09-17T08:27:54.840817,1789633674840817000,48.51281689453125,0.1572724878787994,-0.0065634911879897,-3.193920612335205
2026-09-17T08:27:54.850776,1789633674850776000,48.522776123046874,0.1613476574420929,0.1220365613698959,-3.576205253601074
2026-09-17T08:27:54.860735,1789633674860735000,48.53273486328125,0.0336741246283054,0.2190067768096923,-4.016598224639893
2026-09-17T08:27:54.870695,1789633674870695200,48.54269506835937,-0.0479003638029098,0.2492799907922744,-4.551482677459717
2026-09-17T08:27:54.880654,1789633674880654000,48.552654052734376,-0.0490828081965446,0.2914668917655945,-5.138012409210205
2026-09-17T08:27:54.890613,1789633674890613000,48.56261303710937,-0.0477802529931068,0.3148744702339172,-5.752571105957031
2026-09-17T08:27:54.900572,1789633674900572200,48.572572265625,0.0581986419856548,0.2537517249584198,-6.3829264640808105
2026-09-17T08:27:54.910532,1789633674910532000,48.58253198242188,0.4549228250980377,0.3333024680614471,-6.531869411468506
2026-09-17T08:27:54.920491,1789633674920491000,48.59249096679687,0.8097584247589111,0.5760354995727539,-6.393289089202881
2026-09-17T08:27:54.930450,1789633674930450000,48.60244995117188,0.8844292163848877,0.8551970720291138,-6.3899827003479
2026-09-17T08:27:54.940408,1789633674940408800,48.612408935546874,0.6366093158721924,1.3134541511535645,-6.119119644165039
2026-09-17T08:27:54.950369,1789633674950369000,48.622369140625,0.2916004657745361,1.681705117225647,-5.642285346984863
2026-09-17T08:27:54.960328,1789633674960328200,48.632328125,-0.0526114962995052,1.8391666412353516,-5.195140361785889
2026-09-17T08:27:54.970287,1789633674970287000,48.642287109375,-0.015801016241312,1.9152156114578247,-5.202362537384033
2026-09-17T08:27:54.980246,1789633674980246000,48.65224609375,0.0746756196022033,1.868104338645935,-4.500827312469482
2026-09-17T08:27:54.990206,1789633674990206000,48.6622060546875,0.0667726919054985,1.927001953125,-3.523738384246826
2026-09-17T08:27:55.000164,1789633675000164900,48.67216479492187,-0.2091089636087417,1.7754441499710083,-1.675148606300354
2026-09-17T08:27:55.010124,1789633675010124000,48.6821240234375,-0.1241061836481094,1.553624987602234,0.3342964053153991
2026-09-17T08:27:55.020083,1789633675020083000,48.6920830078125,0.4637394845485687,1.2647182941436768,1.2923723459243774
2026-09-17T08:27:55.030043,1789633675030043100,48.70204321289062,0.8705719709396362,0.9243343472480774,1.6569572687149048
2026-09-17T08:27:55.040002,1789633675040002000,48.712001953125,0.969813346862793,0.711266815662384,1.825590133666992
2026-09-17T08:27:55.049961,1789633675049961200,48.72196118164062,0.8944373726844788,0.5863368511199951,1.8773438930511477
2026-09-17T08:27:55.059920,1789633675059920100,48.73192016601563,0.5952328443527222,0.4461520612239837,1.8699930906295776
2026-09-17T08:27:55.069880,1789633675069880000,48.74188012695313,0.0734684094786644,0.2927302718162536,1.9306620359420776
2026-09-17T08:27:55.079839,1789633675079839000,48.7518388671875,-0.5221973061561584,0.1020535379648208,2.1563901901245117
2026-09-17T08:27:55.089798,1789633675089798000,48.7617978515625,-0.9891581535339355,-0.086055114865303,2.5295164585113525
2026-09-17T08:27:55.099757,1789633675099757000,48.771757080078125,-1.1747463941574097,-0.2479034215211868,2.9489545822143555
2026-09-17T08:27:55.109717,1789633675109717000,48.781717041015625,-1.0821855068206787,-0.3163913786411285,3.410952091217041
2026-09-17T08:27:55.119676,1789633675119676200,48.79167626953125,-0.9021923542022704,-0.4102885723114013,3.881272315979004
2026-09-17T08:27:55.129635,1789633675129635000,48.801635009765626,-0.8140313029289246,-0.5598754286766052,4.35774040222168
2026-09-17T08:27:55.139594,1789633675139594000,48.81159399414062,-0.7942320704460144,-0.6650862693786621,4.850876808166504
2026-09-17T08:27:55.149554,1789633675149554000,48.82155395507812,-0.8094943761825562,-0.6920451521873474,5.271944522857666
2026-09-17T08:27:55.159513,1789633675159513000,48.83151318359375,-0.8761759400367737,-0.6751452684402466,5.541478157043457
2026-09-17T08:27:55.169472,1789633675169472000,48.84147192382813,-0.9350141882896424,-0.6875763535499573,5.602663516998291
2026-09-17T08:27:55.179431,1789633675179431000,48.85143090820313,-0.9751232862472534,-0.6371116042137146,5.5865254402160645
2026-09-17T08:27:55.189390,1789633675189390800,48.86139086914063,-1.0552301406860352,-0.5922152400016785,5.602440357208252
2026-09-17T08:27:55.199350,1789633675199350000,48.87135009765625,-1.1391942501068115,-0.5534164309501648,5.677866458892822
2026-09-17T08:27:55.209309,1789633675209309200,48.88130908203125,-1.198246955871582,-0.5386976599693298,5.875363349914551
2026-09-17T08:27:55.219268,1789633675219268000,48.89126806640625,-1.214547634124756,-0.4735495746135711,6.169069290161133
2026-09-17T08:27:55.229228,1789633675229228000,48.90122802734375,-1.1550277471542358,-0.4796684384346008,6.354011058807373
2026-09-17T08:27:55.239187,1789633675239187000,48.91118701171875,-1.084039330482483,-0.4375010132789612,6.4009222984313965
2026-09-17T08:27:55.249146,1789633675249146000,48.92114599609375,-1.1003201007843018,-0.311121255159378,6.294894218444824
2026-09-17T08:27:55.259105,1789633675259105000,48.93110498046875,-1.313046097755432,-0.1774302870035171,6.128774166107178
2026-09-17T08:27:55.269065,1789633675269065000,48.94106494140625,-1.5638381242752075,0.0050148954614996,6.010465621948242
2026-09-17T08:27:55.279024,1789633675279024000,48.95102416992187,-1.6793185472488403,0.2508941888809204,5.992652893066406
2026-09-17T08:27:55.288983,1789633675288983000,48.96098315429688,-1.725741982460022,0.5457026362419128,5.960372447967529
2026-09-17T08:27:55.298942,1789633675298942200,48.97094213867187,-1.8055214881896973,0.8114919662475586,5.812961101531982
2026-09-17T08:27:55.308902,1789633675308902000,48.98090185546875,-1.9291614294052124,1.0183343887329102,5.765146255493164
2026-09-17T08:27:55.318860,1789633675318860800,48.99086083984375,-2.0425021648406982,1.2650476694107056,5.48859977722168
2026-09-17T08:27:55.328819,1789633675328819700,49.00081982421875,-2.245893955230713,1.3805402517318726,4.905470848083496
2026-09-17T08:27:55.338778,1789633675338778600,49.010778564453126,-2.44291090965271,1.396946907043457,3.9818248748779297
2026-09-17T08:27:55.348738,1789633675348738600,49.02073852539063,-2.618394136428833,1.1238951683044434,2.9199845790863037
2026-09-17T08:27:55.358697,1789633675358697700,49.03069775390625,-2.772519826889038,0.5640360713005066,2.1280603408813477
2026-09-17T08:27:55.368656,1789633675368656600,49.04065673828125,-2.4475972652435303,0.1672389507293701,1.4830621480941772
2026-09-17T08:27:55.378615,1789633675378615600,49.050615478515624,-1.411238193511963,-0.1434962898492813,0.8331246376037598
2026-09-17T08:27:55.388575,1789633675388575700,49.06057568359375,-0.5791672468185425,-0.537403404712677,-0.4535813927650451
2026-09-17T08:27:55.398534,1789633675398534700,49.07053466796875,0.8007270097732544,-1.3183231353759766,-2.61803674697876
2026-09-17T08:27:55.408493,1789633675408493800,49.08049389648438,1.6903867721557615,-0.5161463022232056,-3.286848783493042
2026-09-17T08:27:55.418452,1789633675418452700,49.09045263671875,1.9419604539871216,0.1339153498411178,-2.3162550926208496
2026-09-17T08:27:55.428412,1789633675428412700,49.10041259765625,3.6510121822357178,-0.5035932064056396,-3.955164909362793
2026-09-17T08:27:55.438371,1789633675438371600,49.11037158203125,3.901538848876953,-0.0414884239435195,-6.436711311340332
2026-09-17T08:27:55.448330,1789633675448330800,49.120330810546875,2.1370859146118164,-0.6487645506858826,-6.764617919921875
2026-09-17T08:27:55.458289,1789633675458289700,49.13028955078125,-0.8877301216125488,-2.492875814437866,-5.100341320037842
2026-09-17T08:27:55.468249,1789633675468249600,49.14024951171875,-1.9673876762390137,-2.4056882858276367,-2.3250718116760254
2026-09-17T08:27:55.478208,1789633675478208800,49.150208740234376,0.3202160596847534,-0.4457791745662689,-0.186946228146553
2026-09-17T08:27:55.488167,1789633675488167700,49.16016772460937,1.584498167037964,-0.1027464568614959,-0.1586080640554428
2026-09-17T08:27:55.498126,1789633675498126800,49.170126953125,0.9272698163986206,-0.4307336509227752,-0.5061657428741455
2026-09-17T08:27:55.508086,1789633675508086800,49.18008666992188,-0.1341636925935745,-0.4253950715065002,-0.4724514782428741
2026-09-17T08:27:55.518045,1789633675518045700,49.190045654296874,-0.5529801249504089,-0.3910381495952606,-0.4331181943416595
2026-09-17T08:27:55.528004,1789633675528004600,49.20000463867188,-0.011712884530425,-0.2610066533088684,-0.4213696718215942
2026-09-17T08:27:55.537963,1789633675537963500,49.209963623046875,0.6943926215171814,-0.0622480325400829,-0.3825943171977997
2026-09-17T08:27:55.547923,1789633675547923500,49.21992333984375,0.7228388786315918,-0.0557112991809845,-0.3559179604053497
2026-09-17T08:27:55.557883,1789633675557883000,49.2298828125,0.4915478527545929,-0.1082661226391792,-0.3671170771121979
2026-09-17T08:27:55.567841,1789633675567841800,49.239841796875,0.3991580009460449,-0.1079028695821762,-0.3421856164932251
2026-09-17T08:27:55.577800,1789633675577800700,49.24980078125,0.4105738997459411,-0.0860063582658767,-0.3030091822147369
2026-09-17T08:27:55.587760,1789633675587760600,49.2597607421875,0.3415865898132324,-0.0835839509963989,-0.2799651324748993
2026-09-17T08:27:55.597719,1789633675597719600,49.26971948242188,0.1666446030139923,-0.1192149147391319,-0.2858355343341827
2026-09-17T08:27:55.607678,1789633675607678700,49.2796787109375,0.0849739760160446,-0.112680584192276,-0.2759059369564056
2026-09-17T08:27:55.617637,1789633675617637600,49.2896376953125,0.1792208552360534,-0.0585441067814827,-0.2892276048660278
2026-09-17T08:27:55.627597,1789633675627597600,49.29959765625,0.3360823690891266,-0.0077895829454064,-0.2887072265148163
2026-09-17T08:27:55.637556,1789633675637556700,49.309556640625,0.3954865634441376,-0.002164453966543,-0.2599898278713226
2026-09-17T08:27:55.647515,1789633675647515600,49.319515625,0.3213420510292053,0.0117316544055938,-0.2350370585918426
2026-09-17T08:27:55.657474,1789633675657474800,49.32947485351563,0.2394247949123382,-0.005850002169609,-0.2424579560756683
2026-09-17T08:27:55.667434,1789633675667434800,49.33943481445313,0.2244567722082138,-0.0275931153446435,-0.2511957883834839
2026-09-17T08:27:55.677393,1789633675677393700,49.3493935546875,0.2521416544914245,-0.028943071141839,-0.2394142299890518
2026-09-17T08:27:55.687352,1789633675687352600,49.3593525390625,0.2779833674430847,-0.0407824181020259,-0.2639054656028747
2026-09-17T08:27:55.697311,1789633675697311700,49.369311767578125,0.3441964983940124,-0.0420388989150524,-0.291936844587326
2026-09-17T08:27:55.707271,1789633675707271700,49.379271728515626,0.4253714978694916,-0.0379360318183898,-0.3123417198657989
2026-09-17T08:27:55.717230,1789633675717230600,49.38923071289062,0.4891470074653625,-0.0105965547263622,-0.305580735206604
2026-09-17T08:27:55.727189,1789633675727189800,49.399189697265626,0.5269162654876709,0.0121681466698646,-0.3042712807655334
2026-09-17T08:27:55.737148,1789633675737148700,49.40914868164062,0.5392571091651917,0.020005028694868,-0.3036030828952789
2026-09-17T08:27:55.747108,1789633675747108600,49.41910864257813,0.5325656533241272,0.0253598466515541,-0.309196263551712
2026-09-17T08:27:55.757067,1789633675757067800,49.42906787109375,0.5382238030433655,0.0234471652656793,-0.3217549324035644
2026-09-17T08:27:55.767026,1789633675767026700,49.43902661132813,0.5681837797164917,0.028719425201416,-0.3484861254692077
2026-09-17T08:27:55.776985,1789633675776985600,49.44898559570313,0.6292953491210938,0.0381994806230068,-0.3794850707054138
2026-09-17T08:27:55.786945,1789633675786945500,49.45894555664062,0.6793643832206726,0.0476047024130821,-0.4059486389160156
2026-09-17T08:27:55.796904,1789633675796904400,49.468904541015625,0.6652155518531799,0.0356407165527343,-0.4534453153610229
2026-09-17T08:27:55.806864,1789633675806864000,49.47886376953125,0.5903796553611755,0.0359847955405712,-0.494086742401123
2026-09-17T08:27:55.816822,1789633675816822800,49.48882275390625,0.5509083867073059,0.0216569881886243,-0.5379154086112976
2026-09-17T08:27:55.826782,1789633675826782700,49.49878271484375,0.4897558093070984,0.0265321712940931,-0.5667555928230286
2026-09-17T08:27:55.836741,1789633675836741600,49.50874169921875,0.4765955507755279,0.0130099719390273,-0.620147168636322
2026-09-17T08:27:55.846700,1789633675846700500,49.51870043945313,0.4803769588470459,-0.007999706082046,-0.6862915754318237
2026-09-17T08:27:55.856659,1789633675856659700,49.52865966796875,0.3685095608234405,-0.061430174857378,-0.7712778449058533
2026-09-17T08:27:55.866619,1789633675866619600,49.53861962890625,0.2847989499568939,-0.0779947713017463,-0.8199593424797058
2026-09-17T08:27:55.876578,1789633675876578600,49.54857861328125,0.2132920026779174,-0.1041909530758857,-0.8742225766181946
2026-09-17T08:27:55.886537,1789633675886537700,49.55853784179688,0.127849280834198,-0.1310244351625442,-0.9213041067123412
2026-09-17T08:27:55.896497,1789633675896497000,49.568496826171874,0.0188759174197912,-0.1255569607019424,-0.984835684299469
2026-09-17T08:27:55.906455,1789633675906455800,49.57845581054688,-0.0078307949006557,-0.1150646433234214,-1.0671249628067017
2026-09-17T08:27:55.916415,1789633675916415700,49.58841577148438,-0.0114039573818445,-0.1261545717716217,-1.1390436887741089
2026-09-17T08:27:55.926374,1789633675926374700,49.598374755859375,-0.0475044399499893,-0.148764282464981,-1.2290023565292358
2026-09-17T08:27:55.936333,1789633675936333600,49.60833349609375,-0.0806541368365287,-0.1821137219667434,-1.331831455230713
2026-09-17T08:27:55.946292,1789633675946292700,49.618292724609375,-0.0789422541856765,-0.2406196445226669,-1.4342827796936035
2026-09-17T08:27:55.956252,1789633675956252700,49.62825268554688,-0.1281979531049728,-0.3100873827934265,-1.5329943895339966
2026-09-17T08:27:55.966211,1789633675966211600,49.63821166992187,-0.176677331328392,-0.3595641255378723,-1.6441768407821655
2026-09-17T08:27:55.976170,1789633675976170800,49.64817065429688,-0.1468624472618103,-0.3920373618602752,-1.7850642204284668
2026-09-17T08:27:55.986129,1789633675986129700,49.65812963867187,-0.0416968837380409,-0.4233718514442444,-1.9486690759658811
2026-09-17T08:27:55.996089,1789633675996089600,49.668089599609374,0.0038572868797928,-0.4533393383026123,-2.0912466049194336
2026-09-17T08:27:56.006048,1789633676006048800,49.678048828125,-0.023728534579277,-0.4380756914615631,-2.2209646701812744
2026-09-17T08:27:56.016007,1789633676016007700,49.688007568359374,0.0188570097088813,-0.3885025680065155,-2.403003931045532
2026-09-17T08:27:56.025966,1789633676025966600,49.69796655273438,0.1243269741535186,-0.367397278547287,-2.650423049926758
2026-09-17T08:27:56.035926,1789633676035926500,49.70792651367187,0.1863008588552475,-0.3801245093345642,-2.9692671298980713
2026-09-17T08:27:56.045885,1789633676045885400,49.71788549804688,0.1930858045816421,-0.2669601440429687,-3.3018269538879395
2026-09-17T08:27:56.055844,1789633676055844900,49.72784497070312,0.213179349899292,-0.1008830443024635,-3.657531261444092
2026-09-17T08:27:56.065804,1789633676065804800,49.7378046875,0.2414386868476867,-0.0149577474221587,-4.1096038818359375
2026-09-17T08:27:56.075763,1789633676075763700,49.747763671875,0.2626624703407287,0.0850490108132362,-4.680103302001953
2026-09-17T08:27:56.085722,1789633676085722600,49.75772265625,0.1707160472869873,0.0978143364191055,-5.419347286224365
2026-09-17T08:27:56.095681,1789633676095681800,49.76768188476562,-0.1054353863000869,0.2567038834095001,-6.349332332611084
2026-09-17T08:27:56.105641,1789633676105641700,49.77764184570312,0.2167799472808838,0.242767795920372,-6.687369346618652
2026-09-17T08:27:56.115600,1789633676115600600,49.7876005859375,1.0820978879928589,0.2701853215694427,-7.0960164070129395
2026-09-17T08:27:56.125559,1789633676125559600,49.7975595703125,1.4188581705093384,0.5528068542480469,-7.1665496826171875
2026-09-17T08:27:56.135518,1789633676135518700,49.80751879882813,1.4396693706512451,0.9877229332923888,-6.823479652404785
2026-09-17T08:27:56.145478,1789633676145478000,49.81747778320312,1.0378782749176023,1.1027920246124268,-6.18728494644165
2026-09-17T08:27:56.155437,1789633676155437800,49.827437744140624,0.6092385649681091,1.4143288135528564,-5.7613935470581055
2026-09-17T08:27:56.165396,1789633676165396700,49.83739672851563,0.5120294690132141,1.7221500873565674,-5.725903511047363
2026-09-17T08:27:56.175355,1789633676175355600,49.847355712890625,0.4693621397018432,1.3104662895202637,-5.636567115783691
2026-09-17T08:27:56.185314,1789633676185314600,49.857314453125,0.1361111998558044,0.883129894733429,-4.531317234039307
2026-09-17T08:27:56.195274,1789633676195274500,49.8672744140625,-0.4126885235309601,0.7443323731422424,-3.2776741981506348
2026-09-17T08:27:56.205233,1789633676205233700,49.877233642578126,-1.038188099861145,0.3772081732749939,-0.5863532423973083
2026-09-17T08:27:56.215192,1789633676215192600,49.88719262695312,-0.6120995879173279,0.2733294367790222,1.4185523986816406
2026-09-17T08:27:56.225152,1789633676225152800,49.89715283203125,0.3498029708862304,0.131492406129837,2.1233043670654297
2026-09-17T08:27:56.235111,1789633676235111700,49.90711157226563,0.7532079815864563,-0.0864311307668685,2.4480936527252197
2026-09-17T08:27:56.245070,1789633676245070600,49.917070556640624,0.7707672715187073,-0.0725693777203559,2.7837090492248535
2026-09-17T08:27:56.255029,1789633676255029800,49.92702978515625,0.5375276207923889,-0.0100799007341265,3.0323843955993652
2026-09-17T08:27:56.264988,1789633676264988700,49.93698876953125,0.0621797144412994,0.0139615191146731,3.1970651149749756
2026-09-17T08:27:56.274948,1789633676274948600,49.946948486328125,-0.4959113597869873,0.0385451465845108,3.4404802322387695
2026-09-17T08:27:56.284907,1789633676284907500,49.95690747070312,-0.9132561087608336,0.0535275563597679,3.74821138381958
2026-09-17T08:27:56.294866,1789633676294866700,49.96686669921875,-1.092727780342102,0.1011813580989837,4.092844009399414
2026-09-17T08:27:56.304825,1789633676304825900,49.976825927734374,-1.1210933923721311,0.1197491809725761,4.500313758850098
2026-09-17T08:27:56.314785,1789633676314785800,49.986785888671875,-1.1097214221954346,0.0818484053015708,4.922130584716797
2026-09-17T08:27:56.324744,1789633676324744700,49.99674462890625,-1.0976104736328125,0.0917484387755394,5.282232761383057
2026-09-17T08:27:56.334703,1789633676334703600,50.00670361328125,-1.1285134553909302,0.0400588847696781,5.506869316101074
2026-09-17T08:27:56.344663,1789633676344663600,50.01666357421875,-1.1597723960876465,0.0094487788155674,5.548381328582764
2026-09-17T08:27:56.354622,1789633676354622700,50.02662280273437,-1.1956770420074463,-0.067989557981491,5.53389835357666
2026-09-17T08:27:56.364581,1789633676364581600,50.03658154296875,-1.2480024099349976,-0.0549254156649112,5.562646865844727
2026-09-17T08:27:56.374540,1789633676374540500,50.04654052734375,-1.3391733169555664,-0.0197125691920518,5.635131359100342
2026-09-17T08:27:56.384499,1789633676384499700,50.05649975585938,-1.4456062316894531,-0.0356324128806591,5.666874885559082
2026-09-17T08:27:56.394459,1789633676394459600,50.06645971679688,-1.538025140762329,-0.0421904474496841,5.7364182472229
2026-09-17T08:27:56.404418,1789633676404418800,50.076418701171875,-1.571069598197937,-0.1516572833061218,5.830749034881592
2026-09-17T08:27:56.414377,1789633676414377700,50.08637768554688,-1.4952528476715088,-0.1917037814855575,5.930002689361572
2026-09-17T08:27:56.424337,1789633676424337700,50.09633764648437,-1.414897322654724,-0.1961880028247833,6.030048847198486
2026-09-17T08:27:56.434296,1789633676434296600,50.106296630859376,-1.4455971717834473,-0.1911522299051284,6.072890758514404
2026-09-17T08:27:56.444255,1789633676444255500,50.11625537109375,-1.572941541671753,-0.1921706348657608,6.06519079208374
2026-09-17T08:27:56.454214,1789633676454214700,50.126214599609376,-1.636676549911499,-0.2179193943738937,5.998678207397461
2026-09-17T08:27:56.464174,1789633676464174800,50.1361748046875,-1.6226619482040403,-0.1259434074163437,5.942914009094238
2026-09-17T08:27:56.474133,1789633676474133800,50.1461337890625,-1.6361719369888306,-0.0540977083146572,5.923966407775879
2026-09-17T08:27:56.484092,1789633676484092700,50.1560927734375,-1.5465309619903564,-0.032611321657896,5.943912029266357
2026-09-17T08:27:56.494051,1789633676494051600,50.166051513671874,-1.388777256011963,0.0293215531855821,5.827256202697754
2026-09-17T08:27:56.504010,1789633676504010800,50.1760107421875,-1.3083479404449463,0.1438521295785904,5.562396049499512
2026-09-17T08:27:56.513970,1789633676513970700,50.185970703125,-1.3130934238433838,0.352617859840393,5.046642780303955
2026-09-17T08:27:56.523929,1789633676523929600,50.1959296875,-1.5478674173355105,0.4022562503814697,4.445805549621582
2026-09-17T08:27:56.533888,1789633676533888500,50.20588842773437,-1.8521889448165896,0.5719906687736511,3.5338246822357178
2026-09-17T08:27:56.543848,1789633676543848700,50.2158486328125,-2.1635453701019287,0.3400112390518188,2.45955753326416
2026-09-17T08:27:56.553807,1789633676553807600,50.2258076171875,-2.279632329940796,0.0029485349077731,1.5428242683410645
2026-09-17T08:27:56.563766,1789633676563766800,50.235766845703125,-1.828447341918945,-0.2122394144535064,0.8041169047355652
2026-09-17T08:27:56.573725,1789633676573725700,50.2457255859375,-0.8325897455215454,-0.6337016820907593,0.1684826761484146
2026-09-17T08:27:56.583685,1789633676583685600,50.255685546875,0.1064347028732299,-1.1227952241897583,-0.4951256811618805
2026-09-17T08:27:56.593644,1789633676593644500,50.26564453125,0.7905741333961487,-1.4070721864700315,-1.158275127410889
2026-09-17T08:27:56.603603,1789633676603603700,50.27560375976562,-0.4968330860137939,0.1544214040040969,-2.5959084033966064
2026-09-17T08:27:56.613562,1789633676613562600,50.28556274414063,-0.2714335024356842,-0.2178115397691726,-1.339577078819275
2026-09-17T08:27:56.623522,1789633676623522800,50.29552270507813,2.1048145294189453,-0.3066159784793854,-2.7809901237487793
2026-09-17T08:27:56.633481,1789633676633481700,50.30548168945312,3.468597412109375,-0.1736621856689453,-6.759232521057129
2026-09-17T08:27:56.643440,1789633676643440600,50.31544067382813,3.4072861671447754,-0.2445536702871322,-7.839897155761719
2026-09-17T08:27:56.653399,1789633676653399800,50.32539990234375,1.4206852912902832,-1.0294663906097412,-6.3982977867126465
2026-09-17T08:27:56.663359,1789633676663359700,50.33535986328125,-1.445400595664978,-2.891179084777832,-4.206214904785156
2026-09-17T08:27:56.673318,1789633676673318700,50.34531860351562,-0.5544798374176025,-1.9290465116500857,-1.760065674781799
2026-09-17T08:27:56.683277,1789633676683277600,50.355277587890626,2.0219154357910156,-0.1807456612586975,-0.5440309047698975
2026-09-17T08:27:56.693236,1789633676693236500,50.36523657226562,2.2625038623809814,-0.1693753004074096,-0.4131360054016113
2026-09-17T08:27:56.703196,1789633676703196700,50.37519677734375,0.7953395843505859,-0.4167036116123199,-0.5043433904647827
2026-09-17T08:27:56.713155,1789633676713155800,50.38515576171875,-0.4435328245162964,-0.4659457206726074,-0.5632141828536987
2026-09-17T08:27:56.723114,1789633676723114800,50.39511474609375,-0.6442440748214722,-0.4237146377563476,-0.3746234774589538
2026-09-17T08:27:56.733073,1789633676733073700,50.40507373046875,0.0250093527138233,-0.2119885385036468,-0.2945464849472046
2026-09-17T08:27:56.743033,1789633676743033600,50.41503369140625,0.4261155128479004,-0.1395550817251205,-0.3399139940738678
2026-09-17T08:27:56.752992,1789633676752992500,50.424992431640625,0.4201492071151733,-0.1679574400186538,-0.410435289144516
2026-09-17T08:27:56.762951,1789633676762951700,50.43495166015625,0.5038902163505554,-0.1150611937046051,-0.4480271339416504
2026-09-17T08:27:56.772910,1789633676772910600,50.44491064453125,0.7113725543022156,-0.0500347875058651,-0.3634645938873291
2026-09-17T08:27:56.782870,1789633676782870800,50.45487084960938,0.731224536895752,-0.0287630558013916,-0.3226937055587768
2026-09-17T08:27:56.792829,1789633676792829700,50.46482958984375,0.5786869525909424,-0.049789510667324,-0.3541006445884704
2026-09-17T08:27:56.802788,1789633676802788600,50.47478857421875,0.4511950314044952,-0.0918477550148963,-0.3713675141334533
2026-09-17T08:27:56.812747,1789633676812747800,50.484747802734375,0.4429709017276764,-0.0816515758633613,-0.4066101908683777
2026-09-17T08:27:56.822707,1789633676822707700,50.49470776367187,0.5197508931159973,-0.0572711303830146,-0.3992452025413513
2026-09-17T08:27:56.832666,1789633676832666600,50.50466650390625,0.5975815057754517,-0.0054670544341206,-0.3219722509384155
2026-09-17T08:27:56.842625,1789633676842625500,50.51462548828125,0.5430903434753418,0.0057288752868771,-0.2861383557319641
2026-09-17T08:27:56.852584,1789633676852584700,50.52458471679687,0.5032166838645935,0.018070762977004,-0.2731517255306244
2026-09-17T08:27:56.862545,1789633676862545000,50.534544921875,0.5204888582229614,0.008718273602426,-0.2611368894577026
2026-09-17T08:27:56.872503,1789633676872503800,50.54450390625,0.4484096169471741,-0.0173791069537401,-0.247343823313713
2026-09-17T08:27:56.882462,1789633676882462700,50.554462646484374,0.4215340614318847,-0.0317234247922897,-0.2420292198657989
2026-09-17T08:27:56.892421,1789633676892421600,50.56442163085938,0.459171712398529,-0.0349762104451656,-0.2426635771989822
2026-09-17T08:27:56.902381,1789633676902381600,50.57438159179687,0.5075584053993225,-0.0328020043671131,-0.2407471686601638
2026-09-17T08:27:56.912340,1789633676912340700,50.5843408203125,0.5709043741226196,-0.0222793240100145,-0.2621869742870331
2026-09-17T08:27:56.922299,1789633676922299600,50.59429956054687,0.6368506550788879,0.0002435622736811,-0.2653302848339081
2026-09-17T08:27:56.932258,1789633676932258600,50.60425854492187,0.6300126910209656,0.0050250017084181,-0.2484516948461532
2026-09-17T08:27:56.942218,1789633676942218800,50.61421875,0.5314847826957703,-0.0086516616865992,-0.2276782393455505
2026-09-17T08:27:56.952177,1789633676952177700,50.624177734375,0.432572066783905,-0.0226409807801246,-0.2213028967380523
2026-09-17T08:27:56.962136,1789633676962136800,50.63413671875,0.4162604808807373,-0.0280629098415374,-0.2241524755954742
2026-09-17T08:27:56.972095,1789633676972095700,50.644095703125,0.4690589606761932,-0.021201541647315,-0.2381670922040939
2026-09-17T08:27:56.982055,1789633676982055700,50.6540556640625,0.5258210301399231,-0.002541305264458,-0.2594508230686188
2026-09-17T08:27:56.992014,1789633676992014600,50.6640146484375,0.533820390701294,0.0107097858563065,-0.2699354290962219
2026-09-17T08:27:57.001973,1789633677001973500,50.673973388671875,0.4823808968067169,-0.0069778654724359,-0.2825470864772796
2026-09-17T08:27:57.011932,1789633677011932700,50.6839326171875,0.3918225169181824,-0.0180374402552843,-0.2865453064441681
2026-09-17T08:27:57.021892,1789633677021892900,50.693892822265624,0.3021914362907409,-0.0068947747349739,-0.3081147670745849
2026-09-17T08:27:57.031851,1789633677031851800,50.70385180664063,0.2832925617694855,-0.0014792366418987,-0.3570245206356048
2026-09-17T08:27:57.041810,1789633677041810700,50.713810791015625,0.276448518037796,0.0200510900467634,-0.3882671296596527
2026-09-17T08:27:57.051769,1789633677051769900,50.72376977539062,0.2514677941799164,0.0337290838360786,-0.4184575378894806
2026-09-17T08:27:57.061729,1789633677061729800,50.73372973632812,0.2315555959939956,0.0464579276740551,-0.4538341462612152
2026-09-17T08:27:57.071688,1789633677071688700,50.743688720703126,0.2280852347612381,0.0585598647594451,-0.5069926977157593
2026-09-17T08:27:57.081647,1789633677081647600,50.75364770507812,0.2550705075263977,0.0727401301264762,-0.5971721410751343
2026-09-17T08:27:57.091606,1789633677091606500,50.7636064453125,0.1775637418031692,0.0536665730178356,-0.7209702730178833
2026-09-17T08:27:57.101566,1789633677101566700,50.77356665039063,0.1230887845158577,0.0133668212220072,-0.8093821406364441
2026-09-17T08:27:57.111526,1789633677111526000,50.78352587890625,0.0676473602652549,-0.024140341207385,-0.9075472950935364
2026-09-17T08:27:57.121484,1789633677121484800,50.79348486328125,-0.0007833610288798,-0.072799228131771,-1.0331199169158936
2026-09-17T08:27:57.131443,1789633677131443700,50.803443603515625,-0.0622688233852386,-0.1410986483097076,-1.169981837272644
2026-09-17T08:27:57.141403,1789633677141403600,50.813403564453125,-0.1707127392292022,-0.2060062885284423,-1.317897081375122
2026-09-17T08:27:57.151362,1789633677151362600,50.82336254882812,-0.2687836587429046,-0.2866457402706146,-1.4574564695358276
2026-09-17T08:27:57.161321,1789633677161321700,50.83332177734375,-0.3461143970489502,-0.3752485811710357,-1.6112655401229858
2026-09-17T08:27:57.171280,1789633677171280600,50.84328076171875,-0.3900251388549804,-0.4702677726745605,-1.7624801397323608
2026-09-17T08:27:57.181240,1789633677181240600,50.85324047851562,-0.4063721299171448,-0.5556827783584595,-1.9219679832458496
2026-09-17T08:27:57.191199,1789633677191199700,50.86319970703125,-0.4387111663818359,-0.596502423286438,-2.0747604370117188
2026-09-17T08:27:57.201158,1789633677201158700,50.87315869140625,-0.4070326089859009,-0.6013234853744507,-2.278116226196289
2026-09-17T08:27:57.211117,1789633677211117800,50.88311791992187,-0.3238492906093597,-0.5893771052360535,-2.542288064956665
2026-09-17T08:27:57.221077,1789633677221077800,50.89307788085937,-0.2950482666492462,-0.5304123163223267,-2.856044292449951
2026-09-17T08:27:57.231036,1789633677231036700,50.90303662109375,-0.2340525686740875,-0.358492761850357,-3.1679952144622803
2026-09-17T08:27:57.240995,1789633677240995600,50.91299560546875,-0.0953881666064262,-0.1857601255178451,-3.527024030685425
2026-09-17T08:27:57.250954,1789633677250954800,50.92295483398438,-0.000690150540322,-0.0875984132289886,-3.917856931686402
2026-09-17T08:27:57.260914,1789633677260914700,50.93291479492188,-0.0365003459155559,0.0949168056249618,-4.326619625091553
2026-09-17T08:27:57.270873,1789633677270873900,50.942873779296875,-0.1425727158784866,0.2168222069740295,-4.8156609535217285
2026-09-17T08:27:57.280832,1789633677280832800,50.95283276367188,-0.2235474586486816,0.4002434313297272,-5.584440231323242
2026-09-17T08:27:57.290791,1789633677290791700,50.962791748046875,-0.4691202044486999,0.3645038902759552,-6.4281182289123535
2026-09-17T08:27:57.300751,1789633677300751600,50.972751708984376,-0.6531739234924316,0.267532080411911,-6.8896331787109375
2026-09-17T08:27:57.310710,1789633677310710800,50.98271069335937,-0.194770947098732,0.4122141599655151,-6.939723968505859
2026-09-17T08:27:57.320670,1789633677320670000,50.992669921875,0.475719541311264,0.6341238617897034,-6.766852855682373
2026-09-17T08:27:57.330629,1789633677330629000,51.002629150390625,0.8292728066444397,0.8792452216148376,-6.567025661468506
2026-09-17T08:27:57.340589,1789633677340589000,51.012589111328126,0.7940080165863037,1.1646394729614258,-6.073375225067139
2026-09-17T08:27:57.350548,1789633677350548000,51.0225478515625,0.5616453886032104,1.5588752031326294,-5.692914009094238
2026-09-17T08:27:57.360507,1789633677360507100,51.032507080078126,0.3661986291408539,1.7161431312561035,-5.548243522644043
2026-09-17T08:27:57.370466,1789633677370466000,51.04246606445312,0.2927590310573578,1.5365400314331057,-5.548044681549072
2026-09-17T08:27:57.380426,1789633677380426000,51.05242602539062,0.07366344332695,1.1337764263153076,-4.201383590698242
2026-09-17T08:27:57.390385,1789633677390385000,51.06238500976563,-0.2426537722349167,1.3262251615524292,-2.4190545082092285
2026-09-17T08:27:57.400343,1789633677400343800,51.07234375,-0.601584792137146,1.1059399843215942,-0.0657155513763427
2026-09-17T08:27:57.410303,1789633677410303200,51.08230322265625,0.1126425340771675,1.046272039413452,1.7652896642684937
2026-09-17T08:27:57.420263,1789633677420263200,51.09226318359375,1.040839672088623,0.915162205696106,2.3088903427124023
2026-09-17T08:27:57.430222,1789633677430222000,51.10222216796875,1.3220891952514648,0.6160538196563721,2.405050277709961
2026-09-17T08:27:57.440181,1789633677440181000,51.11218090820312,1.179830551147461,0.467328280210495,2.4846155643463135
2026-09-17T08:27:57.450140,1789633677450140000,51.122139892578126,0.7762937545776367,0.4052401483058929,2.563770532608032
2026-09-17T08:27:57.460099,1789633677460099800,51.132099853515626,0.0812989920377731,0.2336577326059341,2.6786179542541504
2026-09-17T08:27:57.470059,1789633677470059000,51.14205908203125,-0.7515929341316223,-0.061658602207899,2.925415515899658
2026-09-17T08:27:57.480018,1789633677480018000,51.15201782226563,-1.3243533372879028,-0.2688274979591369,3.274186134338379
2026-09-17T08:27:57.489977,1789633677489977000,51.16197705078125,-1.412488341331482,-0.315739095211029,3.647005081176758
2026-09-17T08:27:57.499937,1789633677499937000,51.17193701171875,-1.1600656509399414,-0.3120956122875213,3.982944250106811
2026-09-17T08:27:57.509896,1789633677509896000,51.18189599609375,-0.9340740442276,-0.3367785811424255,4.279962539672852
2026-09-17T08:27:57.519855,1789633677519855000,51.19185522460938,-0.8965588808059692,-0.3811471164226532,4.537708759307861
2026-09-17T08:27:57.529814,1789633677529814000,51.20181396484375,-0.9961336851119996,-0.3532331883907318,4.819945335388184
2026-09-17T08:27:57.539774,1789633677539774000,51.21177392578125,-1.1700152158737185,-0.3596780300140381,5.087955474853516
2026-09-17T08:27:57.549732,1789633677549732900,51.22173291015625,-1.3274743556976318,-0.3391019403934479,5.315662860870361
2026-09-17T08:27:57.559692,1789633677559692000,51.231692138671875,-1.390445351600647,-0.2683057785034179,5.507511138916016
2026-09-17T08:27:57.569651,1789633677569651000,51.24165087890625,-1.340976595878601,-0.2111349105834961,5.578906059265137
2026-09-17T08:27:57.579611,1789633677579611100,51.25161108398437,-1.284934639930725,-0.1189591735601425,5.599700927734375
2026-09-17T08:27:57.589570,1789633677589570000,51.261570068359376,-1.2766900062561035,-0.1147500500082969,5.614372253417969
2026-09-17T08:27:57.599529,1789633677599529000,51.27152905273437,-1.2882214784622192,-0.0846832245588302,5.679990768432617
2026-09-17T08:27:57.609488,1789633677609488100,51.281488037109376,-1.2422637939453125,-0.0666120797395706,5.772457599639893
2026-09-17T08:27:57.619448,1789633677619448000,51.29144799804688,-1.214564561843872,-0.0554726161062717,5.889157295227051
2026-09-17T08:27:57.629407,1789633677629407000,51.301406982421874,-1.2288918495178225,0.0088877333328127,5.967041969299316
2026-09-17T08:27:57.639366,1789633677639366000,51.31136596679688,-1.3556740283966064,0.1503175646066665,5.938337802886963
2026-09-17T08:27:57.649324,1789633677649324800,51.32132470703125,-1.598231554031372,0.2911918759346008,5.83381462097168
2026-09-17T08:27:57.659285,1789633677659285000,51.331284912109375,-1.7740914821624756,0.575258731842041,5.650569438934326
2026-09-17T08:27:57.669244,1789633677669244200,51.341244140625,-1.8837937116622925,0.7418380975723267,5.595390319824219
2026-09-17T08:27:57.679203,1789633677679203000,51.351203125,-1.9283024072647097,0.9378584623336792,5.467536926269531
2026-09-17T08:27:57.689162,1789633677689162000,51.36116186523437,-1.9331495761871336,1.0416266918182373,5.260599136352539
2026-09-17T08:27:57.699122,1789633677699122000,51.37112182617187,-1.8502472639083865,1.1624096632003784,4.996432304382324
2026-09-17T08:27:57.709080,1789633677709080800,51.38108081054688,-1.8426064252853391,1.3278629779815674,4.518055438995361
2026-09-17T08:27:57.719040,1789633677719040000,51.3910400390625,-2.0119433403015137,1.4228579998016355,4.199677467346191
2026-09-17T08:27:57.728999,1789633677728999000,51.4009990234375,-2.2501039505004883,1.5437060594558716,3.8757386207580566
2026-09-17T08:27:57.738959,1789633677738959000,51.410958984375,-2.4842119216918945,1.54343843460083,3.1851918697357178
2026-09-17T08:27:57.748918,1789633677748918000,51.42091796875,-2.574105978012085,1.1592894792556765,2.2899694442749023
2026-09-17T08:27:57.758877,1789633677758877000,51.430876953125,-2.348951816558838,0.6098153591156006,1.4230964183807373
2026-09-17T08:27:57.768836,1789633677768836000,51.44083618164063,-1.5910547971725464,0.057395614683628,0.803852915763855
2026-09-17T08:27:57.778796,1789633677778796000,51.45079614257813,-0.6857103109359741,-0.4269787967205047,0.4142787456512451
2026-09-17T08:27:57.788755,1789633677788755000,51.4607548828125,-0.1698083281517028,-0.7836605310440063,-0.0489866398274898
2026-09-17T08:27:57.798713,1789633677798713900,51.4707138671875,0.1694072782993316,-1.0676628351211548,-0.783807098865509
2026-09-17T08:27:57.808673,1789633677808673000,51.480673095703125,0.4365793168544769,-1.2772270441055298,-1.5649975538253784
2026-09-17T08:27:57.818633,1789633677818633000,51.490633056640625,0.6167413592338562,-1.392746925354004,-2.162212371826172
2026-09-17T08:27:57.828592,1789633677828592000,51.50059204101562,-0.4838621318340301,0.0772897005081176,-2.015618085861206
2026-09-17T08:27:57.838551,1789633677838551000,51.510551025390626,-0.989212930202484,-1.241105556488037,0.3032731115818023
2026-09-17T08:27:57.848510,1789633677848510000,51.52051000976562,2.2173924446105957,-1.41746985912323,-0.7038113474845886
2026-09-17T08:27:57.858470,1789633677858470000,51.53046997070312,3.820240020751953,-0.1072298139333725,-5.182529926300049
2026-09-17T08:27:57.868429,1789633677868429000,51.54042895507813,4.005636692047119,-0.144378513097763,-7.830618381500244
2026-09-17T08:27:57.878388,1789633677878388000,51.55038793945312,2.2199923992156982,-1.155212640762329,-7.759418487548828
2026-09-17T08:27:57.888347,1789633677888347000,51.56034692382813,-0.9440686106681824,-3.1971068382263184,-6.1937384605407715
2026-09-17T08:27:57.898307,1789633677898307000,51.57030712890625,-1.068194031715393,-2.480797052383423,-3.083127021789551
2026-09-17T08:27:57.908266,1789633677908266000,51.580265869140625,1.7346181869506836,-0.1027197539806366,-0.0822306126356124
2026-09-17T08:27:57.918225,1789633677918225200,51.59022509765625,2.6214253902435303,-0.0184325687587261,0.2921565473079681
2026-09-17T08:27:57.928184,1789633677928184000,51.60018408203125,1.290112018585205,-0.2765498757362366,-0.3141538798809051
2026-09-17T08:27:57.938144,1789633677938144000,51.61014404296875,-0.5931785106658936,-0.4912342131137848,-0.4897778928279876
2026-09-17T08:27:57.948103,1789633677948103000,51.62010302734375,-1.3689311742782593,-0.5432425737380981,-0.2509876787662506
2026-09-17T08:27:57.958061,1789633677958061800,51.63006176757813,-0.6675723195075989,-0.3580087721347809,-0.2023197412490844
2026-09-17T08:27:57.968021,1789633677968021000,51.64002099609375,0.1605173796415329,-0.1808715462684631,-0.2424913942813873
2026-09-17T08:27:57.977981,1789633677977981200,51.64998120117187,0.3804987370967865,-0.1769841313362121,-0.3276739418506622
2026-09-17T08:27:57.987940,1789633677987940000,51.65994018554687,0.2590351700782776,-0.1914818435907364,-0.3580696582794189
2026-09-17T08:27:57.997899,1789633677997899000,51.66989892578125,0.1704203486442566,-0.1828878223896026,-0.355557233095169
2026-09-17T08:27:58.007858,1789633678007858000,51.67985791015625,0.2334800064563751,-0.1204113960266113,-0.3903879225254059
2026-09-17T08:27:58.017817,1789633678017817900,51.68981787109375,0.2444043010473251,-0.0822706669569015,-0.3856829106807709
2026-09-17T08:27:58.027777,1789633678027777000,51.69977709960938,0.150099366903305,-0.0566199049353599,-0.3424685895442962
2026-09-17T08:27:58.037736,1789633678037736000,51.70973583984375,0.1124148368835449,-0.0549069605767726,-0.3293943405151367
2026-09-17T08:27:58.047694,1789633678047694800,51.71969482421875,0.1318234205245971,-0.0396984443068504,-0.3142657279968261
2026-09-17T08:27:58.057655,1789633678057655000,51.72965502929687,0.1006260886788368,-0.0150482254102826,-0.2658239006996155
2026-09-17T08:27:58.067614,1789633678067614000,51.73961401367187,0.0625591278076171,-0.0075937714427709,-0.2537230253219604
2026-09-17T08:27:58.077573,1789633678077573000,51.74957299804687,0.1047657057642936,0.0121434479951858,-0.2742030024528503
2026-09-17T08:27:58.087532,1789633678087532000,51.75953198242187,0.2135577052831649,0.0528471991419792,-0.2889654338359833
2026-09-17T08:27:58.097492,1789633678097492000,51.76949194335938,0.2974278330802917,0.0887442156672477,-0.2911167442798614
2026-09-17T08:27:58.107451,1789633678107451000,51.77945092773437,0.3269801437854767,0.099467433989048,-0.3192208111286163
2026-09-17T08:27:58.117410,1789633678117410000,51.78941015625,0.3311083018779754,0.0908979177474975,-0.3362613022327423
2026-09-17T08:27:58.127369,1789633678127369000,51.799368896484374,0.3211619257926941,0.0934385731816291,-0.322866678237915
2026-09-17T08:27:58.137329,1789633678137329200,51.8093291015625,0.3030130267143249,0.0920744985342025,-0.3223795890808105
2026-09-17T08:27:58.147288,1789633678147288000,51.8192880859375,0.2778868973255157,0.1052899062633514,-0.3257934749126434
2026-09-17T08:27:58.157247,1789633678157247000,51.8292470703125,0.2628315091133117,0.1222686246037483,-0.3365350663661957
2026-09-17T08:27:58.167206,1789633678167206100,51.8392060546875,0.2717711925506592,0.1439076066017151,-0.3596744835376739
2026-09-17T08:27:58.177166,1789633678177166000,51.849166015625,0.3078338801860809,0.1542715579271316,-0.3974958956241607
2026-09-17T08:27:58.187125,1789633678187125000,51.859125,0.3194649517536163,0.174043670296669,-0.4292847216129303
2026-09-17T08:27:58.197084,1789633678197084000,51.869083984375,0.2838049530982971,0.1558936983346939,-0.486203134059906
2026-09-17T08:27:58.207042,1789633678207042800,51.87904272460938,0.2281616777181625,0.1330885142087936,-0.5209482908248901
2026-09-17T08:27:58.217003,1789633678217003000,51.8890029296875,0.1560992002487182,0.1134197413921356,-0.5540319681167603
2026-09-17T08:27:58.226962,1789633678226962200,51.898962158203126,0.1382150053977966,0.0851833075284957,-0.603676974773407
2026-09-17T08:27:58.236921,1789633678236921000,51.90892114257812,0.2004123330116272,0.0653118640184402,-0.6544251441955566
2026-09-17T08:27:58.246880,1789633678246880000,51.9188798828125,0.2672512829303741,0.0447658374905586,-0.7093461751937866
2026-09-17T08:27:58.256840,1789633678256840000,51.92883984375,0.2906591296195984,0.0014252901310101,-0.7575898766517639
2026-09-17T08:27:58.266798,1789633678266798800,51.938798828125,0.2996134757995605,-0.0482501201331615,-0.7641939520835876
2026-09-17T08:27:58.276758,1789633678276758000,51.94875805664063,0.256762146949768,-0.104320041835308,-0.7493348717689514
2026-09-17T08:27:58.286717,1789633678286717000,51.958717041015625,0.1815150827169418,-0.1484957635402679,-0.7446708679199219
2026-09-17T08:27:58.296677,1789633678296677000,51.968677001953125,0.113276369869709,-0.116844892501831,-0.7437491416931152
2026-09-17T08:27:58.306636,1789633678306636000,51.97863598632812,0.1393608748912811,-0.1057393029332161,-0.7785362601280212
2026-09-17T08:27:58.316595,1789633678316595000,51.988594970703126,0.2561913430690765,-0.1110826730728149,-0.8494200706481934
2026-09-17T08:27:58.326553,1789633678326553900,51.99855395507812,0.2774868011474609,-0.1011184528470039,-0.8899685144424438
2026-09-17T08:27:58.336513,1789633678336513800,52.008513671875,0.1867297142744064,-0.1064602211117744,-0.9551690816879272
2026-09-17T08:27:58.346472,1789633678346472700,52.01847265625,0.0919291749596595,-0.1456843167543411,-1.0616909265518188
2026-09-17T08:27:58.356431,1789633678356431600,52.028431640625,0.0704523772001266,-0.1805767863988876,-1.198910117149353
2026-09-17T08:27:58.366390,1789633678366390800,52.03839086914063,0.0767052173614502,-0.2187374979257583,-1.3566067218780518
2026-09-17T08:27:58.376350,1789633678376350700,52.04835083007813,0.05780715867877,-0.2556704878807068,-1.5097081661224363
2026-09-17T08:27:58.386310,1789633678386310000,52.058309814453125,0.0031705470755696,-0.2926655113697052,-1.6569969654083252
2026-09-17T08:27:58.396268,1789633678396268800,52.06826879882812,-0.0744752436876297,-0.3300501704216003,-1.827003598213196
2026-09-17T08:27:58.406227,1789633678406227700,52.078227783203126,-0.0880523100495338,-0.3170065283775329,-1.9889307022094729
2026-09-17T08:27:58.416187,1789633678416187600,52.088187744140626,0.0348299406468868,-0.3121457397937774,-2.1886889934539795
2026-09-17T08:27:58.426146,1789633678426146800,52.09814672851562,0.0512003898620605,-0.2882931232452392,-2.3892247676849365
2026-09-17T08:27:58.436105,1789633678436105700,52.10810571289063,0.0192038416862487,-0.2379021346569061,-2.58297061920166
2026-09-17T08:27:58.446064,1789633678446064600,52.11806469726562,0.0516089163720607,-0.2297917455434799,-2.8829424381256104
2026-09-17T08:27:58.456024,1789633678456024600,52.12802465820312,-0.0229302942752838,-0.2237351834774017,-3.2996697425842285
2026-09-17T08:27:58.465983,1789633678465983700,52.13798364257813,-0.2146659046411514,-0.0370443947613239,-3.756615400314331
2026-09-17T08:27:58.475943,1789633678475943000,52.14794287109375,-0.311692327260971,0.2997362911701202,-4.254904270172119
2026-09-17T08:27:58.485901,1789633678485901800,52.15790185546875,-0.4172653555870056,0.5492777228355408,-4.866560459136963
2026-09-17T08:27:58.495861,1789633678495861800,52.16786181640625,-0.5968819856643677,0.6117533445358276,-5.640842437744141
2026-09-17T08:27:58.505820,1789633678505820700,52.177820556640626,-0.7861480712890625,0.3453205525875091,-6.63794469833374
2026-09-17T08:27:58.515779,1789633678515779800,52.18777978515625,-0.4301284253597259,0.2355216145515442,-7.162589073181152
2026-09-17T08:27:58.525738,1789633678525738800,52.19773876953125,0.4222815334796905,0.0869246870279312,-7.376804351806641
2026-09-17T08:27:58.535698,1789633678535698700,52.20769873046875,0.8959407210350037,0.2122541069984436,-7.446310997009277
2026-09-17T08:27:58.545657,1789633678545657900,52.217657958984375,0.8239008784294128,0.7307601571083069,-7.001340866088867
2026-09-17T08:27:58.555616,1789633678555616800,52.22761669921875,0.1916395276784896,1.63783860206604,-6.170355319976807
2026-09-17T08:27:58.565576,1789633678565576000,52.237575927734376,-0.1498549580574035,1.8224949836730957,-5.726193904876709
2026-09-17T08:27:58.575535,1789633678575535900,52.24753588867188,0.1075491458177566,1.810474514961243,-5.381897449493408
2026-09-17T08:27:58.585494,1789633678585494800,52.25749487304687,0.2808966934680938,1.9137754440307615,-5.249552249908447
2026-09-17T08:27:58.595453,1789633678595453700,52.26745361328125,0.3715277910232544,1.7995041608810425,-4.6620917320251465
2026-09-17T08:27:58.605412,1789633678605412600,52.27741259765625,0.3768469393253326,1.7976312637329102,-3.541259765625
2026-09-17T08:27:58.615372,1789633678615372500,52.28737255859375,0.0671151727437973,1.4585179090499878,-0.9128650426864624
2026-09-17T08:27:58.625331,1789633678625331700,52.29733178710938,0.1669874489307403,1.4273133277893066,1.143904685974121
2026-09-17T08:27:58.635291,1789633678635291000,52.307290771484375,0.718467652797699,1.1156818866729736,2.1255040168762207
2026-09-17T08:27:58.645249,1789633678645249800,52.31724975585937,1.0835596323013306,0.8105271458625793,2.598994731903076
2026-09-17T08:27:58.655209,1789633678655209700,52.32720971679687,1.149803638458252,0.7518302798271179,2.8253862857818604
2026-09-17T08:27:58.665168,1789633678665168600,52.33716870117187,1.0263599157333374,0.7713853120803833,2.8450570106506348
2026-09-17T08:27:58.675127,1789633678675127800,52.3471279296875,0.6998987793922424,0.790450930595398,2.739557981491089
2026-09-17T08:27:58.685086,1789633678685086700,52.35708666992188,0.1831898540258407,0.8147287964820862,2.753188133239746
2026-09-17T08:27:58.695046,1789633678695046700,52.36704663085938,-0.4268817603588104,0.7532178163528442,3.0114309787750244
2026-09-17T08:27:58.705005,1789633678705005600,52.377005615234374,-0.8800455331802368,0.5778297185897827,3.340313673019409
2026-09-17T08:27:58.714965,1789633678714965000,52.38696508789062,-0.9826017022132874,0.4719178974628448,3.7060723304748535
2026-09-17T08:27:58.724924,1789633678724924000,52.396923828125,-0.8250163793563843,0.3960308730602264,4.088047981262207
2026-09-17T08:27:58.734883,1789633678734883800,52.4068837890625,-0.6827841401100159,0.2518225610256195,4.372493743896484
2026-09-17T08:27:58.744842,1789633678744842800,52.4168427734375,-0.6833378076553345,0.0601015947759151,4.571993827819824
2026-09-17T08:27:58.754801,1789633678754801700,52.4268017578125,-0.7646099925041199,-0.0937787815928459,4.7598090171813965
2026-09-17T08:27:58.764760,1789633678764760800,52.4367607421875,-0.9345108866691588,-0.1700373291969299,5.0037150382995605
2026-09-17T08:27:58.774720,1789633678774720800,52.446720703125,-1.1470812559127808,-0.2518493831157684,5.217022895812988
2026-09-17T08:27:58.784679,1789633678784679700,52.4566796875,-1.2881256341934204,-0.3280887603759765,5.3630170822143555
2026-09-17T08:27:58.794638,1789633678794638800,52.466638916015626,-1.3648383617401123,-0.4339153170585632,5.538293361663818
2026-09-17T08:27:58.804597,1789633678804597800,52.47659765625,-1.4105093479156494,-0.5804495811462402,5.748755931854248
2026-09-17T08:27:58.814557,1789633678814557700,52.4865576171875,-1.3961485624313354,-0.7705204486846924,5.937220573425293
2026-09-17T08:27:58.824516,1789633678824516900,52.49651684570313,-1.296198844909668,-0.9762549996376038,6.109872341156006
2026-09-17T08:27:58.834475,1789633678834475800,52.50647583007813,-1.164023756980896,-1.190160632133484,6.184257984161377
2026-09-17T08:27:58.844434,1789633678844434700,52.5164345703125,-1.1189608573913574,-1.2984189987182615,6.231276512145996
2026-09-17T08:27:58.854394,1789633678854394600,52.52639453125,-1.209859848022461,-1.2633278369903564,6.227245330810547
2026-09-17T08:27:58.864353,1789633678864353500,52.536353515625,-1.4684618711471558,-1.1768832206726074,6.131095886230469
2026-09-17T08:27:58.874312,1789633678874312700,52.54631274414062,-1.811590790748596,-1.0634828805923462,5.964181900024414
2026-09-17T08:27:58.884271,1789633678884271900,52.55627197265625,-2.0091257095336914,-0.8011236786842346,5.894164085388184
2026-09-17T08:27:58.894231,1789633678894231800,52.566231689453126,-1.9804983139038088,-0.4067279100418091,5.760080337524414
2026-09-17T08:27:58.904190,1789633678904190700,52.57619067382812,-1.943274736404419,-0.0396913103759288,5.631502628326416
2026-09-17T08:27:58.914150,1789633678914150000,52.58614990234375,-1.8819048404693604,0.2965234518051147,5.642521381378174
2026-09-17T08:27:58.924108,1789633678924108800,52.59610888671875,-1.7489047050476074,0.7818518280982971,5.6590752601623535
2026-09-17T08:27:58.934068,1789633678934068700,52.60606884765625,-1.6934247016906738,1.2210006713867188,5.337546348571777
2026-09-17T08:27:58.944027,1789633678944027600,52.61602758789063,-1.8490688800811768,1.6257447004318235,4.857609748840332
2026-09-17T08:27:58.953986,1789633678953986600,52.625986572265624,-2.1234121322631836,1.9528253078460691,4.174177169799805
2026-09-17T08:27:58.963946,1789633678963946000,52.63594604492187,-2.3940775394439697,1.986969232559204,3.16810941696167
2026-09-17T08:27:58.973906,1789633678973906000,52.64590600585937,-2.630272150039673,1.7131197452545166,2.2533793449401855
2026-09-17T08:27:58.983864,1789633678983864800,52.65586474609375,-2.4367613792419434,1.1033639907836914,1.4314695596694946
2026-09-17T08:27:58.993823,1789633678993823700,52.66582373046875,-1.5090458393096924,0.5245673060417175,0.6263096928596497
2026-09-17T08:27:59.003782,1789633679003782700,52.67578271484375,-0.5046213269233704,-0.1125721782445907,0.0422395765781402
2026-09-17T08:27:59.013742,1789633679013742600,52.68574267578125,0.1639463752508163,-0.6775468587875366,-0.3576409816741943
2026-09-17T08:27:59.023701,1789633679023701800,52.69570166015625,0.9683440327644348,-1.314831256866455,-1.2434706687927246
2026-09-17T08:27:59.033660,1789633679033660700,52.70566064453125,0.3610791563987732,-0.3259614109992981,-2.38596773147583
2026-09-17T08:27:59.043619,1789633679043619800,52.71561987304688,-0.759152889251709,-0.1528370380401611,-2.084028482437134
2026-09-17T08:27:59.053579,1789633679053579800,52.725579833984376,0.9104520082473756,0.0617098771035671,-1.970022201538086
2026-09-17T08:27:59.063538,1789633679063538700,52.73553857421875,3.7165684700012207,-0.5528256893157959,-5.281972408294678
2026-09-17T08:27:59.073497,1789633679073497900,52.74549780273438,5.031958103179932,0.0255087334662675,-8.042336463928223
2026-09-17T08:27:59.083457,1789633679083457800,52.75545776367188,3.550654172897339,-1.3735624551773071,-7.616222858428955
2026-09-17T08:27:59.093416,1789633679093416700,52.765416748046874,0.5809513330459595,-2.9143028259277344,-4.934040069580078
2026-09-17T08:27:59.103375,1789633679103375600,52.77537573242188,0.0969140827655792,-1.902011156082153,-1.849107027053833
2026-09-17T08:27:59.113334,1789633679113334500,52.78533447265625,1.2602784633636477,-0.2745424211025238,-0.5320937633514404
2026-09-17T08:27:59.123293,1789633679123293700,52.79529370117187,1.0297491550445557,-0.3831213712692261,-0.4045397937297821
2026-09-17T08:27:59.133254,1789633679133254000,52.80525390625,-0.0501544624567031,-0.5515779852867126,-0.4121628105640411
2026-09-17T08:27:59.143212,1789633679143212800,52.815212890625,-0.7964949607849121,-0.4906896352767944,-0.3018008768558502
2026-09-17T08:27:59.153171,1789633679153171700,52.82517163085937,-0.7968752384185791,-0.5493598580360413,-0.2814165353775024
2026-09-17T08:27:59.163131,1789633679163131600,52.83513159179687,-0.1438511312007904,-0.3754770457744598,-0.3377351760864258
2026-09-17T08:27:59.173090,1789633679173090800,52.8450908203125,0.3658366203308105,-0.2330290824174881,-0.4012004435062408
2026-09-17T08:27:59.183049,1789633679183049700,52.8550498046875,0.62417072057724,-0.1792489439249038,-0.4497445523738861
2026-09-17T08:27:59.193008,1789633679193008600,52.86500854492188,0.6137212514877319,-0.1398362815380096,-0.4221584498882293
2026-09-17T08:27:59.202968,1789633679202968800,52.87496875,0.4406711757183075,-0.1290209293365478,-0.3920005559921264
2026-09-17T08:27:59.212927,1789633679212927700,52.884927734375,0.3371650278568268,-0.1318699717521667,-0.4284062385559082
2026-09-17T08:27:59.222887,1789633679222887000,52.894886962890624,0.2434023171663284,-0.1106869205832481,-0.3638096749782562
2026-09-17T08:27:59.232845,1789633679232845800,52.904845703125,0.1034705191850662,-0.0655633881688118,-0.3020482957363128
2026-09-17T08:27:59.242804,1789633679242804700,52.9148046875,0.0404931493103504,-0.0609630420804023,-0.3150541186332702
2026-09-17T08:27:59.252764,1789633679252764700,52.9247646484375,0.0584569722414016,-0.0453720986843109,-0.2937498986721039
2026-09-17T08:27:59.262723,1789633679262723600,52.9347236328125,0.088008739054203,-0.0234870389103889,-0.2677622437477112
2026-09-17T08:27:59.272682,1789633679272682800,52.944682861328126,0.1180443987250328,0.0008843464311212,-0.2690770328044891
2026-09-17T08:27:59.282643,1789633679282643000,52.954642822265626,0.159953773021698,0.0242799501866102,-0.2589104175567627
2026-09-17T08:27:59.292601,1789633679292601900,52.96460180664062,0.2012474089860916,0.0379677973687648,-0.2298761010169983
2026-09-17T08:27:59.302560,1789633679302560800,52.97456079101563,0.2055018097162246,0.0501807890832424,-0.2177302241325378
2026-09-17T08:27:59.312519,1789633679312519400,52.98451953125,0.225180447101593,0.0494782477617263,-0.2311403006315231
2026-09-17T08:27:59.322479,1789633679322479600,52.99447973632813,0.2889977097511291,0.0695545375347137,-0.23464897274971
2026-09-17T08:27:59.332438,1789633679332438800,53.00443872070313,0.3652469217777252,0.1074177697300911,-0.2438885420560836
2026-09-17T08:27:59.342397,1789633679342397700,53.014397705078125,0.431791603565216,0.1267158389091491,-0.2699675559997558
2026-09-17T08:27:59.352356,1789633679352356600,53.02435668945313,0.4529240429401397,0.1321795731782913,-0.2845062911510467
2026-09-17T08:27:59.362316,1789633679362316500,53.03431665039062,0.3982629477977752,0.113490842282772,-0.2808319330215454
2026-09-17T08:27:59.372275,1789633679372275700,53.044275634765626,0.3236624598503113,0.0980868488550186,-0.2796175181865692
2026-09-17T08:27:59.382234,1789633679382234600,53.05423461914062,0.3027907311916351,0.0827209427952766,-0.3063263595104217
2026-09-17T08:27:59.392193,1789633679392193500,53.064193603515626,0.3427067399024963,0.0990897938609123,-0.3268798589706421
2026-09-17T08:27:59.402153,1789633679402153700,53.07415380859375,0.4116815328598022,0.1087860986590385,-0.3556947112083435
2026-09-17T08:27:59.412112,1789633679412112600,53.08411254882813,0.4618525505065918,0.1132626086473465,-0.3799859285354614
2026-09-17T08:27:59.422071,1789633679422071800,53.09407177734375,0.4738639593124389,0.1116822883486747,-0.404477447271347
2026-09-17T08:27:59.432030,1789633679432030700,53.10403076171875,0.4614357650279999,0.1069330722093582,-0.4197700917720794
2026-09-17T08:27:59.441990,1789633679441990700,53.11399072265625,0.4259648621082306,0.1019292548298835,-0.4277444183826446
2026-09-17T08:27:59.451949,1789633679451949600,53.12394946289062,0.3713207840919494,0.0965824276208877,-0.4698231518268585
2026-09-17T08:27:59.461908,1789633679461908500,53.133908447265625,0.2982497811317444,0.0907282680273056,-0.5178532600402832
2026-09-17T08:27:59.471867,1789633679471867600,53.14386767578125,0.2467469125986099,0.0859668031334877,-0.5620864629745483
2026-09-17T08:27:59.481827,1789633679481827800,53.153827880859374,0.2506212890148163,0.0559361986815929,-0.6204730868339539
2026-09-17T08:27:59.491786,1789633679491786800,53.16378686523438,0.2402147054672241,0.0166361983865499,-0.644307017326355
2026-09-17T08:27:59.501745,1789633679501745700,53.17374560546875,0.1553027480840683,-0.0030434960499405,-0.6571357846260071
2026-09-17T08:27:59.511704,1789633679511704600,53.18370458984375,0.0674384087324142,-0.0157763361930847,-0.6922058463096619
2026-09-17T08:27:59.521664,1789633679521664500,53.19366455078125,0.0416180007159709,-0.0138572612777352,-0.727083146572113
2026-09-17T08:27:59.531623,1789633679531623700,53.20362377929688,0.0151594933122396,-0.0157156139612197,-0.7635407447814941
2026-09-17T08:27:59.541582,1789633679541582600,53.21358251953125,-0.0510458908975124,-0.0436119623482227,-0.8304042220115662
2026-09-17T08:27:59.551541,1789633679551541500,53.22354150390625,-0.046015977859497,-0.0740218013525009,-0.934711456298828
2026-09-17T08:27:59.561501,1789633679561501700,53.23350170898438,0.0131706446409225,-0.1217797324061393,-1.0323078632354736
2026-09-17T08:27:59.571460,1789633679571460600,53.243460693359374,-0.0161472968757152,-0.1869651228189468,-1.1044353246688845
2026-09-17T08:27:59.581419,1789633679581419800,53.25341967773438,-0.1257864385843277,-0.2161024957895279,-1.1906743049621582
2026-09-17T08:27:59.591378,1789633679591378700,53.263378662109375,-0.1845333874225616,-0.2336207777261734,-1.3152031898498535
2026-09-17T08:27:59.601338,1789633679601338600,53.273338623046875,-0.1486699283123016,-0.2635499238967895,-1.468782663345337
2026-09-17T08:27:59.611297,1789633679611297500,53.28329760742187,-0.1280866116285324,-0.2766502797603607,-1.6179579496383667
2026-09-17T08:27:59.621256,1789633679621256700,53.29325659179688,-0.1461337953805923,-0.3054459691047668,-1.7958422899246216
2026-09-17T08:27:59.631215,1789633679631215600,53.30321557617187,-0.1908346861600875,-0.3089339137077331,-1.963256239891052
2026-09-17T08:27:59.641175,1789633679641175800,53.31317578125,-0.2222650498151779,-0.284106582403183,-2.13830828666687
2026-09-17T08:27:59.651134,1789633679651134700,53.323134765625,-0.2001634687185287,-0.2359592914581298,-2.3416881561279297
2026-09-17T08:27:59.661093,1789633679661093600,53.33309375,-0.1337461024522781,-0.2533223032951355,-2.6170735359191895
2026-09-17T08:27:59.671052,1789633679671052800,53.343052734375,-0.1427646279335022,-0.3391615748405456,-2.96868634223938
2026-09-17T08:27:59.681012,1789633679681012700,53.3530126953125,-0.3013795614242553,-0.1976220309734344,-3.306417942047119
2026-09-17T08:27:59.690971,1789633679690971600,53.3629716796875,-0.2883410155773163,0.0252664387226104,-3.704646348953247
2026-09-17T08:27:59.700930,1789633679700930600,53.3729306640625,-0.1326819062232971,0.215304285287857,-4.215485095977783
2026-09-17T08:27:59.710889,1789633679710889500,53.38288940429688,-0.2889117300510406,0.4067426919937134,-4.801645278930664
2026-09-17T08:27:59.720849,1789633679720849400,53.392849365234376,-0.6020064949989319,0.4322584569454193,-5.494845867156982
2026-09-17T08:27:59.730808,1789633679730808800,53.402808837890625,-0.8030048608779907,0.2577462792396545,-6.3437018394470215
2026-09-17T08:27:59.740767,1789633679740767700,53.41276782226562,-0.4262288212776184,0.1344270259141922,-6.994733810424805
2026-09-17T08:27:59.750726,1789633679750726700,53.4227265625,0.3966727554798126,0.0869593620300293,-7.176095008850098
2026-09-17T08:27:59.760686,1789633679760686600,53.4326865234375,0.7801674604415894,0.2124557793140411,-7.257327079772949
2026-09-17T08:27:59.770645,1789633679770645500,53.4426455078125,0.8690922856330872,0.4835706353187561,-6.987365245819092
2026-09-17T08:27:59.780604,1789633679780604700,53.45260473632813,0.5268555879592896,1.2945574522018433,-6.373602867126465
2026-09-17T08:27:59.790563,1789633679790563600,53.4625634765625,0.1254332661628723,1.4986110925674438,-6.015643119812012
2026-09-17T08:27:59.800523,1789633679800523500,53.4725234375,0.0260126739740371,1.5463961362838743,-5.878279209136963
2026-09-17T08:27:59.810482,1789633679810482700,53.48248266601563,0.1929763555526733,1.6713242530822754,-5.857989311218262
2026-09-17T08:27:59.820441,1789633679820441600,53.492441650390624,0.0577439703047275,1.635709285736084,-5.613195419311523
2026-09-17T08:27:59.830400,1789633679830400800,53.50240087890625,-0.2088259309530258,1.7851396799087524,-5.011569976806641
2026-09-17T08:27:59.840360,1789633679840360700,53.51236059570312,-0.5880190134048462,1.5683858394622805,-3.295156240463257
2026-09-17T08:27:59.850319,1789633679850319600,53.522319580078126,-0.5815432667732239,1.4374185800552368,-0.5468217730522156
2026-09-17T08:27:59.860278,1789633679860278500,53.53227856445312,-0.0068664457648992,1.2792032957077026,1.2457386255264282
2026-09-17T08:27:59.870237,1789633679870237700,53.54223779296875,0.6061629056930542,0.8247892260551453,2.286741256713867
2026-09-17T08:27:59.880197,1789633679880197600,53.55219775390625,0.9891627430915833,0.5212042927742004,2.9908080101013184
2026-09-17T08:27:59.890156,1789633679890156800,53.56215673828125,1.161359190940857,0.4253299534320831,3.393430709838867
2026-09-17T08:27:59.900115,1789633679900115700,53.57211572265625,1.116302251815796,0.4016933441162109,3.647114992141723
2026-09-17T08:27:59.910074,1789633679910074600,53.58207470703125,0.8492772579193115,0.3793262541294098,3.9184975624084473
2026-09-17T08:27:59.920034,1789633679920034600,53.59203466796875,0.4293979406356811,0.3374350070953369,4.177356243133545
2026-09-17T08:27:59.929993,1789633679929993700,53.60199365234375,0.0695311278104782,0.3509846329689026,4.343019962310791
2026-09-17T08:27:59.939952,1789633679939952600,53.61195263671875,-0.1478400826454162,0.4331330358982086,4.436776161193848
2026-09-17T08:27:59.949912,1789633679949912600,53.62191259765625,-0.3128791153430938,0.5254144668579102,4.520436763763428
2026-09-17T08:27:59.959871,1789633679959871500,53.63187158203125,-0.5125138759613037,0.5961621403694153,4.660200595855713
2026-09-17T08:27:59.969830,1789633679969830400,53.641830322265626,-0.7933239936828613,0.55119788646698,4.900327205657959
2026-09-17T08:27:59.979789,1789633679979789800,53.651789794921875,-1.0873866081237793,0.3661489188671112,5.232238292694092
2026-09-17T08:27:59.989749,1789633679989749800,53.661749755859375,-1.2258321046829224,0.172038048505783,5.606163024902344
2026-09-17T08:27:59.999708,1789633679999708700,53.67170874023437,-1.0852738618850708,0.0015613755676895,5.858611583709717
2026-09-17T08:28:00.009667,1789633680009667600,53.68166748046875,-0.7814321517944336,-0.1651351898908615,5.920037746429443
2026-09-17T08:28:00.019626,1789633680019626500,53.69162646484375,-0.6138421297073364,-0.2912542521953583,5.900119304656982
2026-09-17T08:28:00.029586,1789633680029586400,53.70158642578125,-0.6554608941078186,-0.4206383228302002,5.799610614776611
2026-09-17T08:28:00.039545,1789633680039545600,53.71154565429688,-0.8025166988372803,-0.5273096561431885,5.702844142913818
2026-09-17T08:28:00.049504,1789633680049504500,53.72150439453125,-1.003657579421997,-0.5773536562919617,5.734275817871094
2026-09-17T08:28:00.059463,1789633680059463700,53.73146362304688,-1.1673935651779177,-0.6213005781173706,5.816043376922607
2026-09-17T08:28:00.069423,1789633680069423600,53.74142358398438,-1.228492259979248,-0.6438847184181213,5.901841163635254
2026-09-17T08:28:00.079382,1789633680079382800,53.7513828125,-1.253286361694336,-0.6156057119369507,5.960660934448242
2026-09-17T08:28:00.089341,1789633680089341700,53.761341796875,-1.346608281135559,-0.5513976812362671,6.024481296539307
2026-09-17T08:28:00.099300,1789633680099300600,53.771300537109376,-1.5048503875732422,-0.4699371755123138,6.016308307647705
2026-09-17T08:28:00.109260,1789633680109260500,53.78126049804688,-1.6643362045288086,-0.2711532413959503,6.054457664489746
2026-09-17T08:28:00.119219,1789633680119219500,53.79121948242187,-1.765315294265747,-0.0144689893350005,6.081615924835205
2026-09-17T08:28:00.129178,1789633680129178600,53.8011787109375,-1.795515775680542,0.3055393695831299,6.022843360900879
2026-09-17T08:28:00.139137,1789633680139137800,53.8111376953125,-1.9068752527236936,0.6352730989456177,5.925771236419678
2026-09-17T08:28:00.149097,1789633680149097700,53.82109765625,-2.0837631225585938,0.9895241260528564,5.639097213745117
2026-09-17T08:28:00.159056,1789633680159056600,53.831056640625,-2.3360559940338135,1.3548924922943115,5.2171759605407715
2026-09-17T08:28:00.169015,1789633680169015600,53.841015625,-2.708120107650757,1.5633490085601809,4.671501159667969
2026-09-17T08:28:00.178974,1789633680178974700,53.850974609375,-3.0590248107910156,1.5079939365386963,3.965003728866577
2026-09-17T08:28:00.188934,1789633680188934700,53.8609345703125,-3.303729295730591,1.2381187677383425,3.2193140983581543
2026-09-17T08:28:00.198893,1789633680198893600,53.8708935546875,-3.163112163543701,0.7681879997253418,2.4472949504852295
2026-09-17T08:28:00.208852,1789633680208852500,53.8808525390625,-2.104665517807007,0.4398908019065857,1.6624716520309448
2026-09-17T08:28:00.218811,1789633680218811600,53.89081176757813,-1.0199086666107178,0.0910174846649169,0.922446072101593
2026-09-17T08:28:00.228771,1789633680228771600,53.900771484375,-0.5838269591331482,-0.0156378522515296,0.0260899439454078
2026-09-17T08:28:00.238730,1789633680238730800,53.910730712890626,-0.2920111119747162,-0.1702468544244766,-0.7732282876968384
2026-09-17T08:28:00.248689,1789633680248689700,53.92068969726562,0.1066848784685134,0.1226614341139793,-1.8529638051986697
2026-09-17T08:28:00.258648,1789633680258648600,53.930648681640626,-0.0259210970252752,0.1194211691617965,-1.5700913667678833
2026-09-17T08:28:00.268608,1789633680268608500,53.9406083984375,0.9081839919090272,-0.4427372515201568,-0.6006751656532288
2026-09-17T08:28:00.278567,1789633680278567700,53.95056762695312,3.2346131801605225,0.1919915080070495,-3.760606288909912
2026-09-17T08:28:00.288526,1789633680288526600,53.96052661132813,4.654573440551758,0.0242014415562152,-7.359766006469727
2026-09-17T08:28:00.298485,1789633680298485500,53.97048559570312,3.7731757164001465,0.2181437611579895,-7.58232831954956
2026-09-17T08:28:00.308445,1789633680308445700,53.98044580078125,0.9467681646347046,-1.0927482843399048,-5.885903835296631
2026-09-17T08:28:00.318404,1789633680318404000,53.99040405273438,-1.8556169271469116,-2.9841437339782715,-3.7042195796966553
2026-09-17T08:28:00.328363,1789633680328363300,54.00036328125,-1.5560704469680786,-1.8902161121368408,-1.3993852138519287
2026-09-17T08:28:00.338322,1789633680338322200,54.010322265625,0.4856566786766052,-0.3482318222522735,-0.2776148915290832
2026-09-17T08:28:00.348282,1789633680348282000,54.0202822265625,1.1705090999603271,-0.2911387085914612,-0.3175244927406311
2026-09-17T08:28:00.358241,1789633680358241000,54.030240966796875,0.6200563311576843,-0.5591211915016174,-0.4946936666965484
2026-09-17T08:28:00.368200,1789633680368200000,54.04019995117188,-0.1269803494215011,-0.5777055025100708,-0.6247243881225586
2026-09-17T08:28:00.378160,1789633680378160000,54.05016015625,-0.4448131620883941,-0.6613172888755798,-0.6716477274894714
2026-09-17T08:28:00.388119,1789633680388119300,54.06011938476563,0.0168260969221591,-0.4744020104408264,-0.6136970520019531
2026-09-17T08:28:00.398078,1789633680398078200,54.070078125,0.7333112359046936,-0.2503039538860321,-0.5794365406036377
2026-09-17T08:28:00.408037,1789633680408037000,54.080037109375,1.0743708610534668,-0.2344384044408798,-0.6943463683128357
2026-09-17T08:28:00.417997,1789633680417997000,54.0899970703125,1.013319730758667,-0.213204488158226,-0.711361825466156
2026-09-17T08:28:00.427956,1789633680427956200,54.099956298828126,0.7173429131507874,-0.2114044576883316,-0.6493716835975647
2026-09-17T08:28:00.437915,1789633680437915100,54.1099150390625,0.4917127192020416,-0.2366325855255127,-0.6792874932289124
2026-09-17T08:28:00.447874,1789633680447874000,54.1198740234375,0.425298810005188,-0.179486483335495,-0.6171842217445374
2026-09-17T08:28:00.457834,1789633680457834200,54.12983422851563,0.3953033685684204,-0.1035672128200531,-0.4919421076774597
2026-09-17T08:28:00.467793,1789633680467793200,54.13979321289062,0.4269169569015503,-0.088643655180931,-0.5233508944511414
2026-09-17T08:28:00.477752,1789633680477752300,54.14975244140625,0.5061734318733215,-0.0842105597257614,-0.5761193037033081
2026-09-17T08:28:00.487711,1789633680487711200,54.159711181640624,0.6268969178199768,-0.0459752939641475,-0.5558473467826843
2026-09-17T08:28:00.497671,1789633680497671200,54.169671142578125,0.7165378332138062,0.003221282036975,-0.4771799147129059
2026-09-17T08:28:00.507630,1789633680507630000,54.17963012695313,0.6922788619995117,0.0400514677166938,-0.3143433332443237
2026-09-17T08:28:00.517589,1789633680517589000,54.189589111328125,0.5852884650230408,0.054966501891613,-0.248732104897499
2026-09-17T08:28:00.527548,1789633680527548200,54.19954809570312,0.4794832170009613,0.0459082908928394,-0.2226291298866272
2026-09-17T08:28:00.537508,1789633680537508400,54.20950830078125,0.3396472930908203,0.02708107419312,-0.1693683117628097
2026-09-17T08:28:00.547467,1789633680547467300,54.21946728515625,0.1972717642784118,0.0091247111558914,-0.1498023271560669
2026-09-17T08:28:00.557426,1789633680557426200,54.22942626953125,0.1459321528673172,-0.0074140513315796,-0.180503249168396
2026-09-17T08:28:00.567385,1789633680567385000,54.23938500976563,0.1431510150432586,-0.0056694149971008,-0.1717864573001861
2026-09-17T08:28:00.577345,1789633680577345000,54.24934497070313,0.1216481178998947,-0.005845982581377,-0.1681594997644424
2026-09-17T08:28:00.587304,1789633680587304200,54.25930419921875,0.11564402282238,-0.019128231331706,-0.1933061331510543
2026-09-17T08:28:00.597263,1789633680597263000,54.26926318359375,0.1445675492286682,-0.0195868276059627,-0.2116023153066635
2026-09-17T08:28:00.607222,1789633680607222000,54.279221923828125,0.1576577872037887,-0.0186198353767395,-0.2347449213266372
2026-09-17T08:28:00.617182,1789633680617182000,54.289181884765625,0.1727792024612426,-0.0148882139474153,-0.2653489112854004
2026-09-17T08:28:00.627141,1789633680627141000,54.29914111328125,0.201144278049469,-0.0172965098172426,-0.2957675158977508
2026-09-17T08:28:00.637100,1789633680637100300,54.30910034179688,0.2397265434265136,-0.0146469306200742,-0.3430793881416321
2026-09-17T08:28:00.647059,1789633680647059200,54.31905908203125,0.3230190575122833,0.024779038503766,-0.3732410073280334
2026-09-17T08:28:00.657019,1789633680657019100,54.32901904296875,0.5073255300521851,0.0455764606595039,-0.4172910153865814
2026-09-17T08:28:00.666978,1789633680666978000,54.33897802734375,0.5650076866149902,0.0259819887578487,-0.4834996163845062
2026-09-17T08:28:00.676937,1789633680676937200,54.348937255859376,0.533866822719574,-0.0055844597518444,-0.4868344068527221
2026-09-17T08:28:00.686896,1789633680686896000,54.35889624023437,0.4540694653987884,0.0129894902929663,-0.5005534291267395
2026-09-17T08:28:00.696856,1789633680696856000,54.36885595703125,0.4063762426376343,0.0621296055614948,-0.5409551858901978
2026-09-17T08:28:00.706815,1789633680706815200,54.37881518554688,0.3503324091434479,0.0907937437295913,-0.5774506330490112
2026-09-17T08:28:00.716774,1789633680716774100,54.388774169921874,0.3041366934776306,0.0959972888231277,-0.6038374900817871
2026-09-17T08:28:00.726734,1789633680726734000,54.398734130859374,0.2218037396669387,0.0623181574046611,-0.6436933279037476
2026-09-17T08:28:00.736693,1789633680736693200,54.408693359375,0.093793585896492,0.000564246205613,-0.6719478368759155
2026-09-17T08:28:00.746652,1789633680746652200,54.418652099609375,-0.022703468799591,-0.0756676793098449,-0.6914153099060059
2026-09-17T08:28:00.756611,1789633680756611000,54.42861108398437,-0.0852374136447906,-0.1418906301259994,-0.7151858806610107
2026-09-17T08:28:00.766571,1789633680766571000,54.43857104492187,-0.1125313639640808,-0.1757918745279312,-0.750215470790863
2026-09-17T08:28:00.776530,1789633680776530000,54.44853002929688,-0.0851615220308303,-0.1634574383497238,-0.7921479940414429
2026-09-17T08:28:00.786489,1789633680786489300,54.4584892578125,-0.0238891076296567,-0.1263273805379867,-0.8333287239074707
2026-09-17T08:28:00.796448,1789633680796448300,54.4684482421875,0.0644681900739669,-0.1430533677339553,-0.8856497406959534
2026-09-17T08:28:00.806408,1789633680806408200,54.478408203125,0.0637246295809745,-0.188691958785057,-0.924977958202362
2026-09-17T08:28:00.816367,1789633680816367000,54.4883671875,-0.0978291183710098,-0.2118055373430252,-0.9849390387535096
2026-09-17T08:28:00.826326,1789633680826326000,54.49832592773438,-0.1658137589693069,-0.2482493072748184,-1.1209203004837036
2026-09-17T08:28:00.836285,1789633680836285200,54.50828515625,-0.1227480471134185,-0.2654405534267425,-1.2850128412246704
2026-09-17T08:28:00.846245,1789633680846245000,54.5182451171875,-0.120993286371231,-0.2920838892459869,-1.4507348537445068
2026-09-17T08:28:00.856204,1789633680856204000,54.5282041015625,-0.1260431706905365,-0.3508292138576507,-1.6469480991363523
2026-09-17T08:28:00.866163,1789633680866163000,54.53816284179688,-0.1620872020721435,-0.3953623175621032,-1.840442776679993
2026-09-17T08:28:00.876122,1789633680876122000,54.5481220703125,-0.2230743914842605,-0.3920967578887939,-2.0485293865203857
2026-09-17T08:28:00.886082,1789633680886082000,54.55808203125,-0.2389649301767349,-0.3427923321723938,-2.281647205352783
2026-09-17T08:28:00.896041,1789633680896041200,54.56804125976562,-0.182978093624115,-0.2585030198097229,-2.5399081707000732
2026-09-17T08:28:00.906000,1789633680906000100,54.578000244140625,-0.1309087723493576,-0.1824588328599929,-2.8285629749298096
2026-09-17T08:28:00.915959,1789633680915959000,54.587958984375,-0.1246013343334198,-0.1182673275470733,-3.1831369400024414
2026-09-17T08:28:00.925919,1789633680925919000,54.5979189453125,-0.1822366714477539,-0.132563441991806,-3.63647985458374
2026-09-17T08:28:00.935878,1789633680935878100,54.60787817382813,-0.3558015525341034,-0.0384766310453414,-4.117130279541016
2026-09-17T08:28:00.945837,1789633680945837000,54.61783715820312,-0.5315254330635071,0.328332245349884,-4.612891674041748
2026-09-17T08:28:00.955796,1789633680955796200,54.62779614257813,-0.6060025691986084,0.65312260389328,-5.320573806762695
2026-09-17T08:28:00.965756,1789633680965756200,54.63775610351563,-0.8732931613922119,0.638637363910675,-6.286663055419922
2026-09-17T08:28:00.975715,1789633680975715000,54.647715087890624,-1.2155207395553589,0.498351126909256,-7.222995281219482
2026-09-17T08:28:00.985674,1789633680985674200,54.65767431640625,-0.8849064111709595,0.4362717568874359,-7.693958282470703
2026-09-17T08:28:00.995633,1789633680995633200,54.667633056640625,0.1989170759916305,0.5012646317481995,-7.792242050170898
2026-09-17T08:28:01.005593,1789633681005593000,54.677593017578126,0.7010113596916199,0.5956129431724548,-7.604959011077881
2026-09-17T08:28:01.015552,1789633681015552000,54.68755200195312,0.6265392303466797,0.9920045137405396,-7.074168682098389
2026-09-17T08:28:01.025511,1789633681025511000,54.697510986328126,0.4706678986549377,1.730223536491394,-6.433218955993652
2026-09-17T08:28:01.035470,1789633681035470300,54.70747021484375,0.2407950162887573,2.0172393321990967,-6.146960258483887
2026-09-17T08:28:01.045430,1789633681045430300,54.71743017578125,0.2746137082576751,2.192028284072876,-6.379617214202881
2026-09-17T08:28:01.055389,1789633681055389200,54.72738916015625,0.263196736574173,2.1645936965942383,-6.364181995391846
2026-09-17T08:28:01.065348,1789633681065348000,54.73734814453125,-0.0201074182987213,2.186790227890014,-6.2782979011535645
2026-09-17T08:28:01.075308,1789633681075308000,54.74730810546875,-0.3470405340194702,1.9487576484680176,-5.502963066101074
2026-09-17T08:28:01.085267,1789633681085267000,54.75726684570313,-0.6612538695335388,1.456077218055725,-2.6045327186584473
2026-09-17T08:28:01.095226,1789633681095226000,54.76722607421875,-0.4151170551776886,1.2328544855117798,0.1099205911159515
2026-09-17T08:28:01.105185,1789633681105185000,54.77718505859375,0.2467218786478042,0.6250430345535278,1.7957252264022827
2026-09-17T08:28:01.115145,1789633681115145200,54.787145263671874,0.8637744188308716,0.0058679315261542,2.8849377632141113
2026-09-17T08:28:01.125104,1789633681125104000,54.79710424804688,1.2999733686447144,-0.3706106543540954,3.613116502761841
2026-09-17T08:28:01.135063,1789633681135063300,54.807063232421875,1.4718542098999023,-0.5532065629959106,4.0207061767578125
2026-09-17T08:28:01.145022,1789633681145022200,54.81702221679687,1.4040133953094482,-0.5451033711433411,4.178304195404053
2026-09-17T08:28:01.154982,1789633681154982100,54.82698217773437,1.156910419464111,-0.4931592047214508,4.161008358001709
2026-09-17T08:28:01.164941,1789633681164941000,54.836941162109376,0.7280861139297485,-0.4313285946846008,4.089540004730225
2026-09-17T08:28:01.174900,1789633681174900000,54.84689990234375,0.1949668079614639,-0.2878174781799316,4.08841609954834
2026-09-17T08:28:01.184859,1789633681184859100,54.85685913085938,-0.2754182815551758,-0.094196617603302,4.131729602813721
2026-09-17T08:28:01.194819,1789633681194819300,54.8668193359375,-0.5880789756774902,0.159111276268959,4.270664691925049
2026-09-17T08:28:01.204778,1789633681204778200,54.8767783203125,-0.8054594993591309,0.317952036857605,4.594482421875
2026-09-17T08:28:01.214737,1789633681214737200,54.88673706054688,-0.8887267112731934,0.380487859249115,5.119401931762695
2026-09-17T08:28:01.224696,1789633681224696000,54.896696044921875,-0.7616720795631409,0.4298663437366485,5.765153884887695
2026-09-17T08:28:01.234656,1789633681234656000,54.906656005859375,-0.5872584581375122,0.3935778439044952,6.338280200958252
2026-09-17T08:28:01.244615,1789633681244615200,54.916615234375,-0.4871454536914825,0.3209076225757599,6.6669416427612305
2026-09-17T08:28:01.254574,1789633681254574000,54.926573974609376,-0.4559198915958404,0.2641591131687164,6.726498603820801
2026-09-17T08:28:01.264533,1789633681264533000,54.93653295898437,-0.5618918538093567,0.1874244064092636,6.595361232757568
2026-09-17T08:28:01.274493,1789633681274493200,54.9464931640625,-0.8063543438911438,0.0595471374690532,6.398911476135254
2026-09-17T08:28:01.284452,1789633681284452000,54.9564521484375,-1.0879197120666504,-0.1108853220939636,6.2224440574646
2026-09-17T08:28:01.294411,1789633681294411300,54.966411376953126,-1.270471692085266,-0.2800876796245575,6.106335163116455
2026-09-17T08:28:01.304371,1789633681304371200,54.97637109375,-1.316662311553955,-0.4491118490695953,6.006725788116455
2026-09-17T08:28:01.314330,1789633681314330600,54.98633056640625,-1.3349909782409668,-0.5968506932258606,5.996093273162842
2026-09-17T08:28:01.324289,1789633681324289500,54.99628955078125,-1.3931269645690918,-0.6210375428199768,6.059018611907959
2026-09-17T08:28:01.334248,1789633681334248400,55.00624853515625,-1.5819259881973269,-0.5849562287330627,6.153360843658447
2026-09-17T08:28:01.344208,1789633681344208600,55.016208740234376,-1.831971526145935,-0.5262740254402161,6.170858383178711
2026-09-17T08:28:01.354167,1789633681354167800,55.02616772460937,-2.003000497817993,-0.3484935462474823,6.221535682678223
2026-09-17T08:28:01.364126,1789633681364126700,55.036126708984376,-1.986782431602478,-0.0862733796238899,6.356301784515381
2026-09-17T08:28:01.374085,1789633681374085600,55.04608569335937,-1.8548182249069216,0.2763098776340484,6.229722499847412
2026-09-17T08:28:01.384045,1789633681384045600,55.056045654296874,-1.845042109489441,0.48801389336586,6.04710578918457
2026-09-17T08:28:01.394004,1789633681394004500,55.06600439453125,-1.8809648752212524,0.747852623462677,5.797361850738525
2026-09-17T08:28:01.403963,1789633681403963600,55.075963623046874,-2.0708954334259033,0.9683852791786194,5.447354316711426
2026-09-17T08:28:01.413922,1789633681413922600,55.08592260742188,-2.358018398284912,1.247531175613403,4.75545597076416
2026-09-17T08:28:01.423882,1789633681423882800,55.0958828125,-2.5991013050079346,1.2544492483139038,3.5951080322265625
2026-09-17T08:28:01.433841,1789633681433841700,55.105841552734375,-2.7469217777252197,0.993886649608612,2.394806146621704
2026-09-17T08:28:01.443800,1789633681443800600,55.11580053710937,-2.428474187850952,0.7178768515586853,1.2465853691101074
2026-09-17T08:28:01.453759,1789633681453759700,55.125759765625,-1.5803004503250122,0.408033549785614,0.2413059026002884
2026-09-17T08:28:01.463719,1789633681463719700,55.1357197265625,-0.8041495680809021,0.1549948900938034,-0.5962164402008057
2026-09-17T08:28:01.473678,1789633681473678600,55.1456787109375,-0.4858693480491638,0.4060228765010834,-1.739885687828064
2026-09-17T08:28:01.483637,1789633681483637500,55.15563745117188,0.187979906797409,0.611425518989563,-2.814105987548828
2026-09-17T08:28:01.493596,1789633681493596700,55.1655966796875,-0.2309675514698028,1.950738310813904,-1.411071538925171
2026-09-17T08:28:01.503556,1789633681503556600,55.175556640625,1.6058061122894287,0.3202278017997741,-2.709592342376709
2026-09-17T08:28:01.513515,1789633681513515800,55.18551586914062,3.387831449508667,0.0317565910518169,-6.161087512969971
2026-09-17T08:28:01.523474,1789633681523474700,55.195474609375,3.4985246658325195,-0.1456863731145858,-6.92982816696167
2026-09-17T08:28:01.533434,1789633681533434600,55.2054345703125,1.906938076019287,-1.6229815483093262,-5.4498820304870605
2026-09-17T08:28:01.543393,1789633681543393500,55.2153935546875,0.2113230526447296,-2.651374101638794,-3.1312596797943115
2026-09-17T08:28:01.553352,1789633681553352700,55.22535278320313,0.6972048282623291,-1.121609449386597,-1.2707213163375854
2026-09-17T08:28:01.563311,1789633681563311600,55.2353115234375,1.0791585445404053,-0.431679755449295,-0.7878761291503906
2026-09-17T08:28:01.573271,1789633681573271600,55.245271484375,0.4979950189590454,-0.5513617396354675,-0.5397299528121948
2026-09-17T08:28:01.583230,1789633681583230700,55.25523071289062,-0.2835434079170227,-0.6266961693763733,-0.3882296979427337
2026-09-17T08:28:01.593189,1789633681593189600,55.265189697265626,-0.6056492328643799,-0.5498985648155212,-0.4232752919197082
2026-09-17T08:28:01.603148,1789633681603148800,55.27514868164062,-0.4577769935131073,-0.5123722553253174,-0.4860918223857879
2026-09-17T08:28:01.613108,1789633681613108700,55.28510864257812,0.0285732168704271,-0.341011643409729,-0.4770416021347046
2026-09-17T08:28:01.623067,1789633681623067600,55.29506762695313,0.4181912839412689,-0.1825533211231231,-0.4246329665184021
2026-09-17T08:28:01.633026,1789633681633026600,55.30502661132813,0.5977054238319397,-0.1538646817207336,-0.4162951409816742
2026-09-17T08:28:01.642985,1789633681642985500,55.3149853515625,0.6641259789466858,-0.1084396615624427,-0.4453038871288299
2026-09-17T08:28:01.652945,1789633681652945400,55.3249453125,0.6201321482658386,-0.0672104656696319,-0.4075069725513458
2026-09-17T08:28:01.662904,1789633681662904800,55.33490478515625,0.4576236307621002,-0.0647289380431175,-0.3469522893428802
2026-09-17T08:28:01.672863,1789633681672863700,55.34486376953125,0.2202704697847366,-0.0742846205830574,-0.3097521960735321
2026-09-17T08:28:01.682822,1789633681682822700,55.35482275390625,0.037713449448347,-0.0971681028604507,-0.3253300786018371
2026-09-17T08:28:01.692782,1789633681692782600,55.364782470703126,0.007599757052958,-0.0750689283013343,-0.3187198638916015
2026-09-17T08:28:01.702741,1789633681702741500,55.37474145507812,0.1071953177452087,-0.0452255420386791,-0.2927993237972259
2026-09-17T08:28:01.712700,1789633681712700700,55.38470068359375,0.2267313003540039,-0.0037848923821002,-0.2889686226844787
2026-09-17T08:28:01.722659,1789633681722659600,55.39465966796875,0.2701954245567322,0.0309174265712499,-0.2622991800308227
2026-09-17T08:28:01.732619,1789633681732619500,55.40461962890625,0.2463018149137497,0.0508357435464859,-0.2361828982830047
2026-09-17T08:28:01.742578,1789633681742578700,55.41457861328125,0.219191089272499,0.0474306270480155,-0.2259262800216674
2026-09-17T08:28:01.752537,1789633681752537600,55.42453759765625,0.231408879160881,0.0328311771154403,-0.2581854164600372
2026-09-17T08:28:01.762496,1789633681762496800,55.43449682617187,0.2897885739803314,0.0310734882950782,-0.2769284844398498
2026-09-17T08:28:01.772456,1789633681772456700,55.444456787109374,0.342799574136734,0.0308857355266809,-0.2793969511985779
2026-09-17T08:28:01.782415,1789633681782415600,55.45441552734375,0.3626635670661926,0.0457227416336536,-0.2784456610679626
2026-09-17T08:28:01.792374,1789633681792374500,55.46437451171875,0.3575471043586731,0.0404986850917339,-0.2864271700382232
2026-09-17T08:28:01.802334,1789633681802334500,55.47433447265625,0.3579777479171753,0.0596316307783126,-0.2752008736133575
2026-09-17T08:28:01.812293,1789633681812293600,55.48429370117187,0.3468001782894134,0.0617333985865116,-0.2570988535881042
2026-09-17T08:28:01.822252,1789633681822252800,55.49425268554688,0.3225835263729095,0.0668514594435691,-0.2720511555671692
2026-09-17T08:28:01.832211,1789633681832211700,55.50421166992187,0.337792307138443,0.0752779692411422,-0.3053750395774841
2026-09-17T08:28:01.842171,1789633681842171600,55.51417163085937,0.3848857879638672,0.0882164016366005,-0.3163512349128723
2026-09-17T08:28:01.852130,1789633681852130600,55.52413061523438,0.4113301634788513,0.1128085702657699,-0.3081668317317962
2026-09-17T08:28:01.862089,1789633681862089700,55.53408984375,0.4174093902111053,0.1252383291721344,-0.3115948438644409
2026-09-17T08:28:01.872048,1789633681872048600,55.54404858398438,0.3984465897083282,0.1466418951749801,-0.3078778684139251
2026-09-17T08:28:01.882008,1789633681882008600,55.55400854492188,0.4092116355895996,0.1417107880115509,-0.336016297340393
2026-09-17T08:28:01.891967,1789633681891967500,55.563967529296875,0.4132143557071686,0.1562356650829315,-0.3668045699596405
2026-09-17T08:28:01.901926,1789633681901926400,55.57392651367188,0.4126308560371399,0.1445752829313278,-0.411224216222763
2026-09-17T08:28:01.911885,1789633681911885800,55.5838857421875,0.3971467018127441,0.1171535104513168,-0.4419624209403991
2026-09-17T08:28:01.921845,1789633681921845800,55.593845703125,0.3573228716850281,0.0913504138588905,-0.4602231979370117
2026-09-17T08:28:01.931804,1789633681931804700,55.6038046875,0.2932429611682892,0.0517164506018161,-0.4886082410812378
2026-09-17T08:28:01.941763,1789633681941763600,55.613763671875,0.2443297356367111,0.0228163581341505,-0.5159205198287964
2026-09-17T08:28:01.951722,1789633681951722500,55.62372241210937,0.2631068825721741,0.0047622565180063,-0.553829550743103
2026-09-17T08:28:01.961682,1789633681961682400,55.633682373046874,0.3524884283542633,0.0067630894482135,-0.5975714325904846
2026-09-17T08:28:01.971641,1789633681971641600,55.6436416015625,0.4318916499614715,-0.0057966439053416,-0.6197568774223328
2026-09-17T08:28:01.981600,1789633681981600500,55.6536005859375,0.389674961566925,-0.0341686308383941,-0.6237004995346069
2026-09-17T08:28:01.991559,1789633681991559700,55.6635595703125,0.285259336233139,-0.0897352173924446,-0.6779624223709106
2026-09-17T08:28:02.001519,1789633682001519600,55.67351953125,0.2511314451694488,-0.1234114244580268,-0.7721080780029297
2026-09-17T08:28:02.011478,1789633682011478800,55.68347875976563,0.2784200608730316,-0.1041069701313972,-0.8551555871963501
2026-09-17T08:28:02.021437,1789633682021437700,55.693437744140624,0.2647774815559387,-0.1096727102994918,-0.9253501296043396
2026-09-17T08:28:02.031396,1789633682031396600,55.70339672851563,0.15865159034729,-0.1740109622478485,-1.0101981163024902
2026-09-17T08:28:02.041356,1789633682041356500,55.7133564453125,-0.0479479245841503,-0.2276406288146972,-1.089418649673462
2026-09-17T08:28:02.051315,1789633682051315500,55.7233154296875,-0.1351896226406097,-0.2721588015556335,-1.217836618423462
2026-09-17T08:28:02.061274,1789633682061274600,55.73327465820312,-0.0638190358877182,-0.3139044046401977,-1.366459846496582
2026-09-17T08:28:02.071234,1789633682071234800,55.74323486328125,-0.033097606152296,-0.3486589193344116,-1.5104162693023682
2026-09-17T08:28:02.081193,1789633682081193700,55.75319384765625,-0.0457963570952415,-0.3939933776855469,-1.643656849861145
2026-09-17T08:28:02.091152,1789633682091152600,55.76315258789062,-0.0216667857021093,-0.4010616838932037,-1.7967768907546997
2026-09-17T08:28:02.101111,1789633682101111600,55.77311157226563,0.0315990969538688,-0.3507188856601715,-1.977853775024414
2026-09-17T08:28:02.111071,1789633682111071500,55.78307153320313,0.0983837246894836,-0.3097256422042846,-2.204608201980591
2026-09-17T08:28:02.121030,1789633682121030700,55.79303076171875,0.1197934001684188,-0.3056086599826813,-2.475164890289306
2026-09-17T08:28:02.130989,1789633682130989600,55.80298950195313,0.0966361612081527,-0.2260728329420089,-2.779024839401245
2026-09-17T08:28:02.140948,1789633682140948500,55.812948486328125,0.1245253086090087,-0.0770961195230484,-3.0916941165924072
2026-09-17T08:28:02.150908,1789633682150908700,55.82290869140625,0.2142903506755828,0.0520139262080192,-3.4798905849456787
2026-09-17T08:28:02.160867,1789633682160867600,55.83286767578125,0.0645011216402053,0.1816076040267944,-3.9080750942230225
2026-09-17T08:28:02.170826,1789633682170826800,55.84282666015625,-0.168265551328659,0.3442346155643463,-4.371927738189697
2026-09-17T08:28:02.180785,1789633682180785700,55.85278564453125,-0.2525966763496399,0.3545120060443878,-4.96082878112793
2026-09-17T08:28:02.190745,1789633682190745600,55.86274560546875,-0.2149454355239868,0.2901125252246856,-5.616165637969971
2026-09-17T08:28:02.200704,1789633682200704500,55.87270458984375,-0.1844365298748016,0.1404154151678085,-6.239454746246338
2026-09-17T08:28:02.210663,1789633682210663700,55.88266357421875,0.2141441404819488,0.0477273017168045,-6.515780925750732
2026-09-17T08:28:02.220622,1789633682220622600,55.89262255859375,0.8100776076316833,0.039869911968708,-6.756128311157227
2026-09-17T08:28:02.230582,1789633682230582800,55.90258276367187,1.078195095062256,0.2683731317520141,-6.710830211639404
2026-09-17T08:28:02.240541,1789633682240541700,55.91254174804688,0.8034932017326355,0.646318793296814,-6.3296732902526855
2026-09-17T08:28:02.250500,1789633682250500600,55.92250048828125,0.3349403440952301,0.971043348312378,-6.0125932693481445
2026-09-17T08:28:02.260459,1789633682260459800,55.93245971679688,0.4766564667224884,1.1396030187606812,-5.770429611206055
2026-09-17T08:28:02.270419,1789633682270419700,55.94241967773438,0.6387103796005249,1.1783726215362549,-5.300688743591309
2026-09-17T08:28:02.280378,1789633682280378600,55.952378662109375,0.6772031784057617,1.2798025608062744,-5.108827114105225
2026-09-17T08:28:02.290337,1789633682290337500,55.96233764648437,0.4512373805046081,1.3004980087280271,-4.338503360748291
2026-09-17T08:28:02.300296,1789633682300296400,55.97229638671875,0.0597955845296382,1.3104901313781738,-3.3113346099853516
2026-09-17T08:28:02.310256,1789633682310256400,55.98225634765625,-0.3997120857238769,1.1675246953964231,-1.195891261100769
2026-09-17T08:28:02.320215,1789633682320215600,55.99221557617187,-0.2510637640953064,1.1903421878814695,0.6258631944656372
2026-09-17T08:28:02.330174,1789633682330174500,56.00217456054688,0.4033012688159942,0.962903380393982,1.4630379676818848
2026-09-17T08:28:02.340134,1789633682340134400,56.01213452148438,0.8292957544326782,0.718345046043396,1.916558861732483
2026-09-17T08:28:02.350093,1789633682350093300,56.02209326171875,0.96229749917984,0.6297816634178162,2.181741237640381
2026-09-17T08:28:02.360052,1789633682360052200,56.03205224609375,0.9406001567840576,0.6186221837997437,2.2649528980255127
2026-09-17T08:28:02.370011,1789633682370011400,56.042011474609374,0.7364434003829956,0.6404814720153809,2.262903928756714
2026-09-17T08:28:02.379971,1789633682379971300,56.051971435546875,0.277765542268753,0.6711326241493225,2.3219385147094727
2026-09-17T08:28:02.389930,1789633682389930500,56.06193041992187,-0.3402028679847717,0.568071722984314,2.5392158031463623
2026-09-17T08:28:02.399889,1789633682399889400,56.07188940429688,-0.841620147228241,0.3959937393665313,2.907046318054199
2026-09-17T08:28:02.409848,1789633682409848600,56.0818486328125,-0.9881941080093384,0.3124338686466217,3.3434903621673584
2026-09-17T08:28:02.419808,1789633682419808500,56.09180859375,-0.8219428658485413,0.2818154990673065,3.7789883613586426
2026-09-17T08:28:02.429767,1789633682429767400,56.10176733398438,-0.649748682975769,0.1572370678186416,4.125476837158203
2026-09-17T08:28:02.439726,1789633682439726300,56.11172631835937,-0.6142032146453857,-0.0060338759794831,4.38020658493042
2026-09-17T08:28:02.449685,1789633682449685200,56.12168530273438,-0.6180049180984497,-0.1112511083483696,4.583108901977539
2026-09-17T08:28:02.459645,1789633682459645200,56.13164526367188,-0.6961753368377686,-0.1812645494937896,4.778326988220215
2026-09-17T08:28:02.469604,1789633682469604600,56.1416044921875,-0.8449139595031738,-0.2631338238716125,5.017484664916992
2026-09-17T08:28:02.479563,1789633682479563500,56.1515634765625,-0.9670350551605223,-0.3071524202823639,5.305147647857666
2026-09-17T08:28:02.489522,1789633682489522400,56.1615224609375,-1.0300270318984983,-0.3066003620624542,5.562314987182617
2026-09-17T08:28:02.499482,1789633682499482400,56.171482421875,-1.0651328563690186,-0.3258459568023681,5.703493595123291
2026-09-17T08:28:02.509441,1789633682509441300,56.18144116210937,-1.1032997369766235,-0.3836080431938171,5.740884780883789
2026-09-17T08:28:02.519400,1789633682519400400,56.191400390625,-1.0957597494125366,-0.4448567628860473,5.710928916931152
2026-09-17T08:28:02.529360,1789633682529360400,56.2013603515625,-1.1025031805038452,-0.4893272817134857,5.692709922790527
2026-09-17T08:28:02.539319,1789633682539319300,56.2113193359375,-1.1307952404022217,-0.5533566474914551,5.636568069458008
2026-09-17T08:28:02.549278,1789633682549278500,56.22127856445312,-1.2485828399658203,-0.5144409537315369,5.644984722137451
2026-09-17T08:28:02.559237,1789633682559237400,56.2312373046875,-1.4706857204437256,-0.3938870429992676,5.69760274887085
2026-09-17T08:28:02.569197,1789633682569197300,56.241197265625,-1.6929960250854492,-0.3252246379852295,5.636579990386963
2026-09-17T08:28:02.579156,1789633682579156500,56.25115649414062,-1.8320825099945068,-0.2006358504295349,5.563627243041992
2026-09-17T08:28:02.589115,1789633682589115400,56.26111547851563,-1.8897199630737305,-0.0520319938659668,5.499967098236084
2026-09-17T08:28:02.599074,1789633682599074300,56.27107421875,-1.914690613746643,0.0893538892269134,5.398359298706055
2026-09-17T08:28:02.609034,1789633682609034200,56.2810341796875,-1.9530731439590456,0.2816935181617737,5.311661720275879
2026-09-17T08:28:02.618993,1789633682618993400,56.29099340820313,-2.0389599800109863,0.4786513447761535,5.298001766204834
2026-09-17T08:28:02.628952,1789633682628952300,56.300952392578125,-2.082468271255493,0.6902221441268921,5.273606300354004
2026-09-17T08:28:02.638911,1789633682638911500,56.31091137695312,-2.066044569015503,0.8986704349517822,5.091648578643799
2026-09-17T08:28:02.648871,1789633682648871400,56.32087133789062,-2.1252310276031494,0.9857012033462524,4.686875343322754
2026-09-17T08:28:02.658830,1789633682658830300,56.330830322265626,-2.257823944091797,1.1259262561798096,4.0696635246276855
2026-09-17T08:28:02.668789,1789633682668789500,56.34078955078125,-2.349443197250366,1.1471819877624512,3.1956419944763184
2026-09-17T08:28:02.678748,1789633682678748400,56.35074853515625,-2.3228800296783447,0.9335663318634032,2.4562880992889404
2026-09-17T08:28:02.688708,1789633682688708400,56.36070825195313,-1.931291580200195,0.8417717218399048,1.592158317565918
2026-09-17T08:28:02.698667,1789633682698667300,56.37066723632813,-1.303455114364624,0.6512869596481323,0.6738169193267822
2026-09-17T08:28:02.708626,1789633682708626200,56.38062622070313,-0.6123395562171936,0.4211840331554413,-0.189121812582016
2026-09-17T08:28:02.718586,1789633682718586400,56.39058642578125,0.2272384613752365,0.0313100330531597,-0.9532216191291808
2026-09-17T08:28:02.728545,1789633682728545500,56.40054565429688,1.2309929132461548,-0.5341275334358215,-1.856253981590271
2026-09-17T08:28:02.738504,1789633682738504400,56.41050439453125,0.5742747187614441,0.1725025773048401,-2.2711195945739746
2026-09-17T08:28:02.748463,1789633682748463400,56.42046337890625,-0.765939474105835,0.3721616268157959,-0.8102338314056396
2026-09-17T08:28:02.758423,1789633682758423300,56.43042333984375,1.485334396362305,-0.5914797782897949,-0.8294230103492737
2026-09-17T08:28:02.768382,1789633682768382200,56.44038232421875,3.3664376735687256,-0.0715313926339149,-5.098180294036865
2026-09-17T08:28:02.778341,1789633682778341400,56.45034130859375,3.928597927093506,-0.3433000445365906,-7.637762546539307
2026-09-17T08:28:02.788300,1789633682788300300,56.46030029296875,2.7645699977874756,-1.046809196472168,-7.303282737731934
2026-09-17T08:28:02.798260,1789633682798260500,56.47026049804688,0.094460979104042,-2.7919342517852783,-5.191195964813232
2026-09-17T08:28:02.808219,1789633682808219400,56.48021948242187,-0.1915396153926849,-2.389230966567993,-2.603461265563965
2026-09-17T08:28:02.818178,1789633682818178300,56.49017822265625,1.4233949184417725,-0.7089494466781616,-1.169901728630066
2026-09-17T08:28:02.828137,1789633682828137500,56.500137451171874,2.02443790435791,-0.2268629223108291,-0.6584347486495972
2026-09-17T08:28:02.838097,1789633682838097400,56.510097412109374,1.0746393203735352,-0.3581210672855377,-0.4699902534484863
2026-09-17T08:28:02.848056,1789633682848056300,56.52005639648438,0.0182839184999465,-0.3275863230228424,-0.466049313545227
2026-09-17T08:28:02.858015,1789633682858015200,56.53001513671875,-0.5576723217964172,-0.3473363220691681,-0.3333533108234405
2026-09-17T08:28:02.867974,1789633682867974400,56.53997436523437,-0.3816443085670471,-0.250653475522995,-0.2202488481998443
2026-09-17T08:28:02.877934,1789633682877934300,56.54993432617187,-0.050210453569889,-0.1618556976318359,-0.2071697860956192
2026-09-17T08:28:02.887893,1789633682887893500,56.5598935546875,0.0384067632257938,-0.1648466885089874,-0.2238869816064834
2026-09-17T08:28:02.897852,1789633682897852400,56.56985229492187,0.0934316664934158,-0.1566137969493866,-0.2543857991695404
2026-09-17T08:28:02.907811,1789633682907811300,56.57981127929688,0.1906990855932235,-0.1229855269193649,-0.2748055756092071
2026-09-17T08:28:02.917771,1789633682917771300,56.58977124023438,0.2787554562091827,-0.0998197570443153,-0.2416334897279739
2026-09-17T08:28:02.927730,1789633682927730400,56.59973046875,0.2463562339544296,-0.0786130055785179,-0.2337145805358886
2026-09-17T08:28:02.937689,1789633682937689300,56.609689453125,0.1603339910507202,-0.0864498913288116,-0.2382339686155319
2026-09-17T08:28:02.947648,1789633682947648300,56.619648193359374,0.0924739986658096,-0.0859987512230873,-0.2047452479600906
2026-09-17T08:28:02.957608,1789633682957608400,56.6296083984375,0.0589402690529823,-0.0657033324241638,-0.1834671199321746
2026-09-17T08:28:02.967567,1789633682967567400,56.6395673828125,0.0643052086234092,-0.0441434420645237,-0.1555135250091552
2026-09-17T08:28:02.977526,1789633682977526500,56.64952661132813,0.0671366825699806,-0.0130883231759071,-0.1220639497041702
2026-09-17T08:28:02.987486,1789633682987486500,56.65948657226563,0.0623706839978694,0.0020874335896223,-0.1147658228874206
2026-09-17T08:28:02.997445,1789633682997445400,56.6694453125,0.0913709178566932,0.0104335146024823,-0.1391262859106063
2026-09-17T08:28:03.007404,1789633683007404300,56.679404296875,0.1785779744386673,0.0231786035001277,-0.1816364675760269
2026-09-17T08:28:03.017363,1789633683017363200,56.68936328125,0.318560391664505,0.0400305539369583,-0.2025255113840103
2026-09-17T08:28:03.027323,1789633683027323400,56.699323486328126,0.4286094009876251,0.0625936537981033,-0.1791336238384246
2026-09-17T08:28:03.037282,1789633683037282600,56.70928247070312,0.4492403566837311,0.0560998022556304,-0.1757109314203262
2026-09-17T08:28:03.047241,1789633683047241500,56.71924145507813,0.4086929261684418,0.0427110269665718,-0.1793349683284759
2026-09-17T08:28:03.057200,1789633683057200400,56.72920043945312,0.3334599733352661,0.0264140777289867,-0.1774571686983108
2026-09-17T08:28:03.067160,1789633683067160300,56.739160400390624,0.2716434895992279,0.0095312353223562,-0.1813216805458068
2026-09-17T08:28:03.077119,1789633683077119200,56.749119140625,0.261516273021698,-0.0106752328574657,-0.2167963236570358
2026-09-17T08:28:03.087078,1789633683087078400,56.759078369140624,0.3315779268741607,-0.0011054303031414,-0.2709338665008545
2026-09-17T08:28:03.097037,1789633683097037300,56.76903735351563,0.4852822721004486,0.0222209300845861,-0.3204777240753174
2026-09-17T08:28:03.106997,1789633683106997500,56.77899755859375,0.622235894203186,0.0467300042510032,-0.339488685131073
2026-09-17T08:28:03.116956,1789633683116956400,56.788956298828126,0.6317462921142578,0.0702406540513038,-0.3318132162094116
2026-09-17T08:28:03.126915,1789633683126915300,56.79891528320312,0.5611789226531982,0.0740716084837913,-0.3409949839115143
2026-09-17T08:28:03.136874,1789633683136874500,56.80887451171875,0.5221332311630249,0.0718947425484657,-0.3663527965545654
2026-09-17T08:28:03.146834,1789633683146834400,56.81883447265625,0.5521646738052368,0.0837719067931175,-0.4022983014583587
2026-09-17T08:28:03.156793,1789633683156793300,56.82879345703125,0.6186752319335938,0.0949702337384224,-0.4437479972839355
2026-09-17T08:28:03.166752,1789633683166752300,56.83875219726563,0.6547669172286987,0.0986067801713943,-0.4655933678150177
2026-09-17T08:28:03.176711,1789633683176711400,56.84871142578125,0.6207849979400635,0.0868747532367706,-0.4845039546489715
2026-09-17T08:28:03.186671,1789633683186671600,56.85867163085938,0.5533766746520996,0.0736513659358024,-0.4977560937404632
2026-09-17T08:28:03.196630,1789633683196630500,56.86863061523437,0.476066380739212,0.0654349774122238,-0.5273496508598328
2026-09-17T08:28:03.206589,1789633683206589400,56.87858935546875,0.4396708309650421,0.0577325858175754,-0.5861056447029114
2026-09-17T08:28:03.216549,1789633683216549400,56.88854931640625,0.4668545126914978,0.0612170659005641,-0.6467450261116028
2026-09-17T08:28:03.226508,1789633683226508300,56.89850830078125,0.4506680965423584,0.0468578338623046,-0.7048975825309753
2026-09-17T08:28:03.236467,1789633683236467500,56.90846752929688,0.3848150372505188,0.0173255074769258,-0.777099609375
2026-09-17T08:28:03.246426,1789633683246426400,56.91842626953125,0.2897204756736755,-0.0248051676899194,-0.8346055150032043
2026-09-17T08:28:03.256386,1789633683256386300,56.92838623046875,0.1930480003356933,-0.0722965225577354,-0.9042045474052428
2026-09-17T08:28:03.266345,1789633683266345500,56.93834545898437,0.1065144464373588,-0.1167388185858726,-1.0084339380264282
2026-09-17T08:28:03.276304,1789633683276304400,56.948304443359376,0.0613770596683025,-0.169038251042366,-1.0986565351486206
2026-09-17T08:28:03.286263,1789633683286263600,56.958263671875,-0.0441597513854503,-0.2487421184778213,-1.1729376316070557
2026-09-17T08:28:03.296223,1789633683296223500,56.96822338867187,-0.1851456314325332,-0.3122150897979736,-1.26317298412323
2026-09-17T08:28:03.306182,1789633683306182400,56.97818237304688,-0.2221880853176117,-0.3654748499393463,-1.3927891254425049
2026-09-17T08:28:03.316141,1789633683316141000,56.98814111328125,-0.191099926829338,-0.4131622016429901,-1.5456247329711914
2026-09-17T08:28:03.326100,1789633683326100200,56.99810034179688,-0.1802976131439209,-0.4414223432540893,-1.6899206638336182
2026-09-17T08:28:03.336060,1789633683336060200,57.00806005859375,-0.1283321529626846,-0.4395584166049957,-1.8580020666122437
2026-09-17T08:28:03.346019,1789633683346019000,57.01801904296875,-0.0168919116258621,-0.4176080822944641,-2.060944080352783
2026-09-17T08:28:03.355978,1789633683355978200,57.02797827148437,0.056387361139059,-0.4183780252933502,-2.2728772163391113
2026-09-17T08:28:03.365937,1789633683365937200,57.037937255859376,0.0817166864871978,-0.4690872728824615,-2.537240743637085
2026-09-17T08:28:03.375897,1789633683375897000,57.04789697265625,0.0806847140192985,-0.4858835637569427,-2.893225908279419
2026-09-17T08:28:03.385856,1789633683385856300,57.05785620117187,0.0458846576511859,-0.3477250933647156,-3.274047374725342
2026-09-17T08:28:03.395815,1789633683395815200,57.06781518554688,0.1462871581315994,-0.1784865111112594,-3.6939988136291504
2026-09-17T08:28:03.405774,1789633683405774000,57.077774169921874,0.1848430782556533,-0.0470802970230579,-4.1651225090026855
2026-09-17T08:28:03.415734,1789633683415734000,57.087734130859374,0.0083415433764457,0.1677278876304626,-4.658921718597412
2026-09-17T08:28:03.425693,1789633683425693000,57.09769287109375,-0.1635458022356033,0.4515768885612488,-5.225550651550293
2026-09-17T08:28:03.435652,1789633683435652000,57.107652099609375,-0.3273161053657532,0.3347722589969635,-6.11250638961792
2026-09-17T08:28:03.445612,1789633683445612300,57.1176123046875,-0.3663567006587982,0.2898218333721161,-7.014137268066406
2026-09-17T08:28:03.455571,1789633683455571200,57.1275712890625,0.2099811881780624,0.1436907202005386,-7.574985027313232
2026-09-17T08:28:03.465530,1789633683465530000,57.13753002929688,0.9365224242210388,0.2808725237846374,-7.7887797355651855
2026-09-17T08:28:03.475489,1789633683475489000,57.14748901367187,1.131614327430725,0.6634689569473267,-7.415212631225586
2026-09-17T08:28:03.485449,1789633683485449000,57.15744897460937,0.9614906311035156,1.066501498222351,-6.889415264129639
2026-09-17T08:28:03.495408,1789633683495408000,57.167408203125,0.6354113221168518,1.3938738107681274,-6.164179801940918
2026-09-17T08:28:03.505367,1789633683505367000,57.177366943359374,0.3636013567447662,1.5489851236343384,-5.719671726226807
2026-09-17T08:28:03.515326,1789633683515326000,57.18732592773438,0.3521636128425598,1.600589394569397,-5.717357635498047
2026-09-17T08:28:03.525286,1789633683525286100,57.1972861328125,0.2685454189777374,1.268585205078125,-5.315714359283447
2026-09-17T08:28:03.535245,1789633683535245000,57.2072451171875,0.0389662981033325,1.2441612482070925,-4.522217273712158
2026-09-17T08:28:03.545204,1789633683545204200,57.21720434570312,-0.4454909265041351,1.0801448822021484,-2.848381519317627
2026-09-17T08:28:03.555163,1789633683555163100,57.2271630859375,-0.6810946464538574,0.7817529439926147,-0.291707694530487
2026-09-17T08:28:03.565123,1789633683565123000,57.237123046875,-0.1979663521051406,0.6074432134628296,1.2569947242736816
2026-09-17T08:28:03.575082,1789633683575082000,57.24708203125,0.4959394335746765,0.241948589682579,1.9811253547668457
2026-09-17T08:28:03.585041,1789633683585041200,57.25704125976562,0.82965487241745,-0.0546316877007484,2.4261319637298584
2026-09-17T08:28:03.595000,1789633683595000000,57.267,0.9480549693107604,-0.126420646905899,2.6695215702056885
2026-09-17T08:28:03.604960,1789633683604960300,57.276960205078126,0.8775722980499268,-0.1517055034637451,2.7463138103485107
2026-09-17T08:28:03.614919,1789633683614919200,57.28691918945312,0.5586696863174438,-0.1566515266895294,2.821444034576416
2026-09-17T08:28:03.624878,1789633683624878000,57.29687817382813,0.0374166034162044,-0.1151245906949043,3.0921599864959717
2026-09-17T08:28:03.634838,1789633683634838000,57.30683813476563,-0.506359338760376,-0.0448203384876251,3.500795841217041
2026-09-17T08:28:03.644797,1789633683644797200,57.316797119140624,-0.8677399158477783,0.0496070981025695,3.887812852859497
2026-09-17T08:28:03.654756,1789633683654756000,57.32675610351563,-0.968730926513672,0.1851337701082229,4.202589988708496
2026-09-17T08:28:03.664715,1789633683664715000,57.336715087890624,-0.9200246334075928,0.2744551002979278,4.429955959320068
2026-09-17T08:28:03.674675,1789633683674675200,57.34667529296875,-0.8708816170692444,0.3114320337772369,4.618285179138184
2026-09-17T08:28:03.684634,1789633683684634000,57.35663403320312,-0.8672890067100525,0.340637058019638,4.8891401290893555
2026-09-17T08:28:03.694593,1789633683694593300,57.36659326171875,-0.8950690031051636,0.3532796204090118,5.232107639312744
2026-09-17T08:28:03.704552,1789633683704552200,57.37655224609375,-0.9489356875419616,0.3988670706748962,5.548609733581543
2026-09-17T08:28:03.714512,1789633683714512100,57.38651220703125,-1.0060845613479614,0.4152585566043854,5.69537878036499
2026-09-17T08:28:03.724471,1789633683724471000,57.39647094726563,-1.068829894065857,0.4459062218666076,5.710909843444824
2026-09-17T08:28:03.734430,1789633683734430000,57.40642993164062,-1.1968438625335691,0.4640170633792877,5.698208808898926
2026-09-17T08:28:03.744389,1789633683744389000,57.41638916015625,-1.3699204921722412,0.3822747766971588,5.696115493774414
2026-09-17T08:28:03.754349,1789633683754349300,57.42634936523437,-1.4863927364349363,0.2601805627346039,5.7887187004089355
2026-09-17T08:28:03.764308,1789633683764308200,57.43630810546875,-1.4830342531204224,0.1262499392032623,5.955398082733154
2026-09-17T08:28:03.774267,1789633683774267100,57.44626708984375,-1.3613163232803345,-0.0325106754899024,6.0442795753479
2026-09-17T08:28:03.784226,1789633683784226300,57.45622631835938,-1.322182059288025,-0.207583412528038,6.040472984313965
2026-09-17T08:28:03.794186,1789633683794186200,57.46618627929688,-1.4345858097076416,-0.2845676839351654,6.07616662979126
2026-09-17T08:28:03.804145,1789633683804145200,57.476145263671874,-1.623068928718567,-0.3451735079288482,6.126637935638428
2026-09-17T08:28:03.814104,1789633683814104000,57.48610400390625,-1.7702999114990234,-0.3455444872379303,6.148118495941162
2026-09-17T08:28:03.824064,1789633683824064000,57.49606396484375,-1.8359180688858032,-0.2781257629394531,6.136785507202148
2026-09-17T08:28:03.834023,1789633683834023200,57.506023193359376,-1.9366134405136108,-0.0815485194325447,6.0621137619018555
2026-09-17T08:28:03.843982,1789633683843982300,57.515982421875,-2.197057008743286,0.2270567268133163,5.839639663696289
2026-09-17T08:28:03.853941,1789633683853941200,57.525941162109376,-2.5588464736938477,0.2180552333593368,5.655923843383789
2026-09-17T08:28:03.863901,1789633683863901200,57.53590112304688,-2.6650776863098145,0.2933252155780792,5.471530914306641
2026-09-17T08:28:03.873860,1789633683873860000,57.54586010742187,-2.3731236457824707,0.3586378991603851,5.330400466918945
2026-09-17T08:28:03.883819,1789633683883819000,57.55581909179688,-2.087404251098633,0.4688229858875274,4.887693881988525
2026-09-17T08:28:03.893778,1789633683893778200,57.565778076171874,-1.9563632011413576,0.5069480538368225,3.979456901550293
2026-09-17T08:28:03.903738,1789633683903738000,57.575738037109375,-1.856923222541809,0.522378146648407,2.795279026031494
2026-09-17T08:28:03.913697,1789633683913697300,57.585697265625,-1.6872254610061646,0.5006017088890076,1.5169528722763062
2026-09-17T08:28:03.923656,1789633683923656200,57.59565625,-1.319953203201294,0.5212153792381287,0.2554182410240173
2026-09-17T08:28:03.933615,1789633683933615000,57.60561499023437,-0.8446542620658875,0.4884861707687378,-0.7703565359115601
2026-09-17T08:28:03.943575,1789633683943575000,57.61557495117187,-0.1241600438952446,0.0025178838986903,-3.058665990829468
2026-09-17T08:28:03.953534,1789633683953534200,57.6255341796875,0.618808388710022,0.3467221260070801,-2.04065465927124
2026-09-17T08:28:03.963493,1789633683963493000,57.6354931640625,0.695536732673645,0.6028314232826233,-1.583341121673584
2026-09-17T08:28:03.973452,1789633683973452000,57.6454521484375,2.8221991062164307,-0.4620878994464874,-4.368973255157471
2026-09-17T08:28:03.983412,1789633683983412000,57.65541186523438,4.195438385009766,-0.4928101003170013,-7.118107318878174
2026-09-17T08:28:03.993371,1789633683993371100,57.66537109375,3.76277232170105,-0.6050503253936768,-7.0848822593688965
2026-09-17T08:28:04.003330,1789633684003330300,57.67533032226562,1.6811001300811768,-1.584553837776184,-5.293508052825928
2026-09-17T08:28:04.013289,1789633684013289200,57.68528930664063,-0.3188078105449676,-2.4762744903564453,-2.474576950073242
2026-09-17T08:28:04.023249,1789633684023249200,57.69524926757813,0.0009009374771267,-1.050928831100464,-0.7028800249099731
2026-09-17T08:28:04.033208,1789633684033208000,57.7052080078125,0.7127892374992371,-0.3712876737117767,-0.559655487537384
2026-09-17T08:28:04.043167,1789633684043167200,57.71516723632813,0.4385419189929962,-0.4909328520298004,-0.5383081436157227
2026-09-17T08:28:04.053127,1789633684053127200,57.72512719726563,-0.0137155558913946,-0.5192057490348816,-0.4067860543727875
2026-09-17T08:28:04.063086,1789633684063086000,57.735086181640625,-0.1312927901744842,-0.3580895960330963,-0.3554840087890625
2026-09-17T08:28:04.073045,1789633684073045000,57.745044921875,-0.0097146891057491,-0.3153421282768249,-0.3614801168441772
2026-09-17T08:28:04.083004,1789633684083004200,57.755004150390626,0.2357565909624099,-0.2378310710191726,-0.3451410830020904
2026-09-17T08:28:04.092964,1789633684092964000,57.764964111328126,0.2809278070926666,-0.1667672842741012,-0.3108957707881927
2026-09-17T08:28:04.102923,1789633684102923300,57.77492333984375,0.2150885909795761,-0.1659267842769622,-0.2735587656497955
2026-09-17T08:28:04.112882,1789633684112882200,57.78488208007813,0.1945950388908386,-0.1554240733385086,-0.2770728170871734
2026-09-17T08:28:04.122841,1789633684122841000,57.79484106445312,0.1739440858364105,-0.140561506152153,-0.2881068289279938
2026-09-17T08:28:04.132801,1789633684132801000,57.804801025390624,0.0741578415036201,-0.1405212879180908,-0.2703794836997986
2026-09-17T08:28:04.142760,1789633684142760000,57.81476000976563,-0.0521998330950737,-0.1297594606876373,-0.2785372734069824
2026-09-17T08:28:04.152719,1789633684152719000,57.824718994140625,-0.071629986166954,-0.1198831275105476,-0.306397944688797
2026-09-17T08:28:04.162678,1789633684162678300,57.83467822265625,0.0235441979020833,-0.0819724947214126,-0.3136689066886902
2026-09-17T08:28:04.172638,1789633684172638200,57.84463818359375,0.1289308071136474,-0.0232154428958892,-0.2912810444831848
2026-09-17T08:28:04.182597,1789633684182597000,57.85459716796875,0.2083822190761566,0.0263779424130916,-0.2655189633369446
2026-09-17T08:28:04.192556,1789633684192556000,57.86455615234375,0.256542831659317,0.0517197847366333,-0.2507296204566955
2026-09-17T08:28:04.202516,1789633684202516000,57.87451586914062,0.3020546436309814,0.048346359282732,-0.2820545136928558
2026-09-17T08:28:04.212475,1789633684212475100,57.88447509765625,0.3812296390533447,0.0381853319704532,-0.3052615821361542
2026-09-17T08:28:04.222434,1789633684222434000,57.89443408203125,0.4640211760997772,0.0393118523061275,-0.3090959787368774
2026-09-17T08:28:04.232393,1789633684232393000,57.90439306640625,0.5137887597084045,0.042844533920288,-0.2862386107444763
2026-09-17T08:28:04.242353,1789633684242353200,57.91435327148437,0.4684228599071502,0.0260501075536012,-0.2415345460176468
2026-09-17T08:28:04.252312,1789633684252312000,57.92431201171875,0.386587917804718,0.0046201832592487,-0.2454973310232162
2026-09-17T08:28:04.262271,1789633684262271200,57.934271240234374,0.3409368097782135,-0.008526511490345,-0.2673661112785339
2026-09-17T08:28:04.272230,1789633684272230100,57.94423022460938,0.3168202936649322,-0.0015996294096112,-0.2711078524589538
2026-09-17T08:28:04.282190,1789633684282190000,57.95419018554688,0.3252236247062683,0.0142784025520086,-0.2902088463306427
2026-09-17T08:28:04.292149,1789633684292149000,57.96414892578125,0.3436976969242096,0.0304690897464752,-0.3079138100147247
2026-09-17T08:28:04.302108,1789633684302108200,57.97410815429687,0.3855676651000976,0.0562365055084228,-0.3439567685127258
2026-09-17T08:28:04.312067,1789633684312067800,57.98406787109375,0.4600709080696106,0.0900994017720222,-0.3795951902866363
2026-09-17T08:28:04.322027,1789633684322027800,57.99402783203125,0.5314686894416809,0.1190050840377807,-0.3995276093482971
2026-09-17T08:28:04.331986,1789633684331986700,58.003986572265624,0.5282289385795593,0.1481645703315735,-0.3942958414554596
2026-09-17T08:28:04.341945,1789633684341945600,58.01394555664063,0.5021741986274719,0.1493254452943802,-0.4235714375972748
2026-09-17T08:28:04.351904,1789633684351904800,58.02390478515625,0.4573523700237274,0.1531473398208618,-0.4475441575050354
2026-09-17T08:28:04.361864,1789633684361864700,58.03386474609375,0.3906130194664001,0.1368669122457504,-0.4661226272583008
2026-09-17T08:28:04.371823,1789633684371823900,58.043823974609374,0.3160114884376526,0.1083865314722061,-0.4952232539653778
2026-09-17T08:28:04.381782,1789633684381782800,58.05378271484375,0.2437047958374023,0.0985064655542373,-0.5560873746871948
2026-09-17T08:28:04.391741,1789633684391741700,58.06374169921875,0.2191416621208191,0.0649865940213203,-0.630929172039032
2026-09-17T08:28:04.401701,1789633684401701600,58.07370166015625,0.2160470485687255,0.043738879263401,-0.6591902375221252
2026-09-17T08:28:04.411660,1789633684411660500,58.08366064453125,0.1901984065771103,0.0047531323507428,-0.6723721027374268
2026-09-17T08:28:04.421619,1789633684421619700,58.09361962890625,0.1608535796403885,-0.0224699657410383,-0.690521240234375
2026-09-17T08:28:04.431580,1789633684431580000,58.10357983398438,0.1202315837144851,-0.0510645918548107,-0.6947961449623108
2026-09-17T08:28:04.441538,1789633684441538800,58.11353881835937,0.0663608908653259,-0.068379133939743,-0.7023084163665771
2026-09-17T08:28:04.451497,1789633684451497700,58.12349780273438,0.0464590899646282,-0.0639361888170242,-0.731768012046814
2026-09-17T08:28:04.461457,1789633684461457000,58.133456787109374,0.0887058824300766,-0.0414987839758396,-0.7768622636795044
2026-09-17T08:28:04.471416,1789633684471416800,58.143416748046874,0.1424138396978378,-0.037370353937149,-0.8318288326263428
2026-09-17T08:28:04.481375,1789633684481375700,58.15337573242188,0.1652280837297439,-0.0427014678716659,-0.8991482257843018
2026-09-17T08:28:04.491334,1789633684491334700,58.163334716796875,0.1766716837882995,-0.0638009011745452,-0.9765815138816832
2026-09-17T08:28:04.501293,1789633684501293600,58.17329345703125,0.1559208631515503,-0.0871376395225524,-1.0659446716308594
2026-09-17T08:28:04.511253,1789633684511253800,58.18325366210937,0.0996232479810714,-0.1273977160453796,-1.163110613822937
2026-09-17T08:28:04.521213,1789633684521213000,58.193212890625,0.0386102236807346,-0.1864237487316131,-1.2645729780197144
2026-09-17T08:28:04.531171,1789633684531171800,58.203171875,0.0063199275173246,-0.2562233507633209,-1.387285590171814
2026-09-17T08:28:04.541130,1789633684541130800,58.213130859375,0.0110097546130418,-0.3215948939323425,-1.5312334299087524
2026-09-17T08:28:04.551090,1789633684551090700,58.22309057617188,0.004973433446139,-0.3466270267963409,-1.6804765462875366
2026-09-17T08:28:04.561049,1789633684561049600,58.233049560546874,0.0252925530076026,-0.3907111287117004,-1.8576403856277464
2026-09-17T08:28:04.571008,1789633684571008800,58.2430087890625,0.0066642742604017,-0.3966185450553894,-2.0454330444335938
2026-09-17T08:28:04.580967,1789633684580967700,58.2529677734375,0.0713995993137359,-0.3575241267681122,-2.2801575660705566
2026-09-17T08:28:04.590928,1789633684590928000,58.26292797851563,0.1821309030055999,-0.4018844068050384,-2.616504907608032
2026-09-17T08:28:04.600886,1789633684600886800,58.27288671875,0.1528252065181732,-0.3709001243114471,-2.9555351734161377
2026-09-17T08:28:04.610845,1789633684610845700,58.282845703125,0.1040001511573791,-0.2151968032121658,-3.31559419631958
2026-09-17T08:28:04.620804,1789633684620804900,58.292804931640624,0.1838768720626831,-0.0690047144889831,-3.7727766036987305
2026-09-17T08:28:04.630764,1789633684630764800,58.302764892578125,0.0343928411602973,0.1248108297586441,-4.259008884429932
2026-09-17T08:28:04.640723,1789633684640723700,58.3127236328125,-0.1610248684883117,0.1922902762889862,-4.85439395904541
2026-09-17T08:28:04.650682,1789633684650682600,58.3226826171875,-0.1252471506595611,0.203868106007576,-5.5147385597229
2026-09-17T08:28:04.660642,1789633684660642800,58.332642822265626,-0.1675560027360916,0.2185264080762863,-6.274481296539307
2026-09-17T08:28:04.670601,1789633684670601700,58.34260180664062,-0.0963696986436843,0.1289643049240112,-6.824882984161377
2026-09-17T08:28:04.680561,1789633684680561000,58.35256079101563,0.6313211917877197,-0.0182272847741842,-7.141674041748047
2026-09-17T08:28:04.690519,1789633684690519800,58.36251977539062,1.2415268421173096,0.2096682041883468,-7.180271148681641
2026-09-17T08:28:04.700479,1789633684700479700,58.37247973632813,1.2551109790802002,0.6942569613456726,-6.83891487121582
2026-09-17T08:28:04.710438,1789633684710438700,58.38243872070313,0.7463250160217285,0.8163027167320251,-6.317655086517334
2026-09-17T08:28:04.720397,1789633684720397800,58.392397705078125,0.6350784301757812,1.0010493993759155,-5.855184078216553
2026-09-17T08:28:04.730356,1789633684730356700,58.40235668945313,0.843046247959137,0.9753299355506896,-5.310576438903809
2026-09-17T08:28:04.740317,1789633684740317000,58.41231689453125,1.0727033615112305,1.1269350051879885,-5.146022796630859
2026-09-17T08:28:04.750275,1789633684750275800,58.42227587890625,0.9910042881965636,1.2260104417800903,-4.526942729949951
2026-09-17T08:28:04.760234,1789633684760234800,58.43223486328125,0.5739279389381409,1.4926128387451172,-3.9959566593170166
2026-09-17T08:28:04.770194,1789633684770194000,58.44219384765625,-0.2018612474203109,1.3549134731292725,-2.248662233352661
2026-09-17T08:28:04.780153,1789633684780153900,58.45215380859375,-0.6901837587356567,1.3071036338806152,-0.5576292872428894
2026-09-17T08:28:04.790112,1789633684790112800,58.46211279296875,-0.4516710638999939,1.1147887706756592,0.2967043220996856
2026-09-17T08:28:04.800071,1789633684800071700,58.47207177734375,0.2402149736881256,0.974865734577179,0.9979305863380432
2026-09-17T08:28:04.810031,1789633684810031600,58.48203149414063,0.5523385405540466,0.7561491131782532,1.521861553192139
2026-09-17T08:28:04.819990,1789633684819990800,58.49199072265625,0.6072760820388794,0.4974909126758575,1.8470710515975952
2026-09-17T08:28:04.829950,1789633684829950000,58.50194995117187,0.6575847864151001,0.3319759964942932,2.064331531524658
2026-09-17T08:28:04.839908,1789633684839908900,58.51190893554688,0.5678743124008179,0.2401337027549743,2.269714593887329
2026-09-17T08:28:04.849868,1789633684849868800,58.52186889648438,0.228789210319519,0.1425189971923828,2.569873332977295
2026-09-17T08:28:04.859827,1789633684859827700,58.53182763671875,-0.2495344877243042,0.0320462733507156,2.9983623027801514
2026-09-17T08:28:04.869786,1789633684869786600,58.54178662109375,-0.6420149207115173,-0.0068899421021342,3.4819271564483643
2026-09-17T08:28:04.879745,1789633684879745800,58.551745849609375,-0.8475456833839417,0.0044037252664566,3.919379949569702
2026-09-17T08:28:04.889705,1789633684889705700,58.56170581054688,-0.90390807390213,0.0395851470530033,4.249417781829834
2026-09-17T08:28:04.899664,1789633684899664600,58.57166455078125,-0.902354896068573,0.0808678716421127,4.485498428344727
2026-09-17T08:28:04.909623,1789633684909623800,58.58162377929688,-0.939638078212738,0.1164285242557525,4.728935718536377
2026-09-17T08:28:04.919582,1789633684919582700,58.59158276367187,-1.0432227849960327,0.1577088683843612,5.015045642852783
2026-09-17T08:28:04.929542,1789633684929542700,58.601542724609374,-1.1606682538986206,0.2312368750572204,5.278830528259277
2026-09-17T08:28:04.939501,1789633684939501800,58.61150170898438,-1.2189419269561768,0.2897502481937408,5.416253089904785
2026-09-17T08:28:04.949460,1789633684949460700,58.621460693359374,-1.2250593900680542,0.3510708510875702,5.440256595611572
2026-09-17T08:28:04.959419,1789633684959419600,58.63141967773438,-1.257394790649414,0.3623355031013489,5.378450870513916
2026-09-17T08:28:04.969379,1789633684969379600,58.64137963867187,-1.3429367542266846,0.3536099195480346,5.3846049308776855
2026-09-17T08:28:04.979338,1789633684979338800,58.6513388671875,-1.4329279661178589,0.2889270484447479,5.521838188171387
2026-09-17T08:28:04.989298,1789633684989298000,58.6612978515625,-1.5261646509170532,0.1979987621307373,5.78188943862915
2026-09-17T08:28:04.999257,1789633684999257900,58.6712578125,-1.4974308013916016,-0.0095853265374898,5.902840614318848
2026-09-17T08:28:05.009216,1789633685009216800,58.681216796875,-1.484492301940918,-0.1658992916345596,6.071439743041992
2026-09-17T08:28:05.019175,1789633685019175700,58.69117578125,-1.548147439956665,-0.2811814248561859,6.218127727508545
2026-09-17T08:28:05.029134,1789633685029134800,58.701134765625,-1.7048017978668213,-0.2942572832107544,6.3323750495910645
2026-09-17T08:28:05.039094,1789633685039094800,58.7110947265625,-1.9811875820159912,-0.3993938267230987,6.352258205413818
2026-09-17T08:28:05.049053,1789633685049053700,58.7210537109375,-2.215794086456299,-0.4370296001434326,6.344379425048828
2026-09-17T08:28:05.059012,1789633685059012600,58.7310126953125,-2.229325294494629,-0.3436520099639892,6.336513996124268
2026-09-17T08:28:05.068971,1789633685068971800,58.7409716796875,-2.201097249984741,-0.2534222304821014,6.281159400939941
2026-09-17T08:28:05.078931,1789633685078931700,58.750931640625,-2.3069846630096436,-0.1097055375576019,6.123673915863037
2026-09-17T08:28:05.088891,1789633685088891000,58.760890869140624,-2.4924681186676025,0.0859750211238861,5.70027494430542
2026-09-17T08:28:05.098849,1789633685098849800,58.77084985351563,-2.7042181491851807,0.1224046647548675,5.355581283569336
2026-09-17T08:28:05.108808,1789633685108808700,58.78080859375,-2.732621192932129,0.2094620764255523,5.095030784606934
2026-09-17T08:28:05.118768,1789633685118768600,58.7907685546875,-2.6303253173828125,0.1894843727350235,4.801992893218994
2026-09-17T08:28:05.128727,1789633685128727600,58.8007275390625,-2.477524518966675,0.1439752131700515,4.063180923461914
2026-09-17T08:28:05.138686,1789633685138686700,58.810686767578126,-2.169111490249634,0.0345182195305824,2.9684784412384033
2026-09-17T08:28:05.148645,1789633685148645600,58.82064575195312,-1.6943200826644895,-0.044627733528614,1.7210899591445925
2026-09-17T08:28:05.158605,1789633685158605800,58.83060571289062,-1.3022851943969729,-0.0844510495662689,0.4129800498485565
2026-09-17T08:28:05.168564,1789633685168564700,58.84056469726563,-0.9952473044395448,-0.211592748761177,-0.7740364074707031
2026-09-17T08:28:05.178524,1789633685178524000,58.85052392578125,-0.3969660103321075,-0.4368048310279846,-1.5289831161499023
2026-09-17T08:28:05.188483,1789633685188483800,58.86048388671875,0.3707016110420227,-0.2159057408571243,-2.0298783779144287
2026-09-17T08:28:05.198442,1789633685198442800,58.87044287109375,-0.2286113649606704,0.059539683163166,-1.822629690170288
2026-09-17T08:28:05.208401,1789633685208401700,58.880401611328125,0.7093494534492493,-0.3698061108589172,-0.8111938834190369
2026-09-17T08:28:05.218360,1789633685218360600,58.89036059570312,3.115171194076538,0.3389159142971039,-3.954075574874878
2026-09-17T08:28:05.228320,1789633685228320800,58.90032080078125,4.600553035736084,-0.1345142126083374,-7.908226490020752
2026-09-17T08:28:05.238280,1789633685238280000,58.91028002929688,3.5421414375305176,-0.5150051116943359,-8.2611722946167
2026-09-17T08:28:05.248238,1789633685248238800,58.92023876953125,0.5844016671180725,-2.513948917388916,-6.835505485534668
2026-09-17T08:28:05.258197,1789633685258197800,58.93019775390625,-1.4306682348251345,-3.87515640258789,-4.568050861358643
2026-09-17T08:28:05.268157,1789633685268157700,58.94015771484375,0.3097961843013763,-1.4645514488220217,-1.6751559972763062
2026-09-17T08:28:05.278116,1789633685278116600,58.95011669921875,2.4821927547454834,0.1329688876867294,0.1596149057149887
2026-09-17T08:28:05.288075,1789633685288075800,58.96007568359375,1.961793303489685,-0.2103019207715988,0.1469515711069107
2026-09-17T08:28:05.298034,1789633685298034700,58.97003466796875,0.3454180955886841,-0.3443907499313354,-0.3262151777744293
2026-09-17T08:28:05.307995,1789633685307995000,58.97999487304688,-1.1245174407958984,-0.5889056921005249,-0.4107905030250549
2026-09-17T08:28:05.317953,1789633685317953800,58.989953857421874,-1.1574732065200806,-0.486082911491394,-0.2181528955698013
2026-09-17T08:28:05.327912,1789633685327912700,58.99991259765625,-0.2022204995155334,-0.2312391549348831,-0.1837853342294693
2026-09-17T08:28:05.337872,1789633685337872000,59.009871826171874,0.3430864810943603,-0.147782877087593,-0.242985799908638
2026-09-17T08:28:05.347832,1789633685347832000,59.01983203125,0.3035342991352081,-0.2004410326480865,-0.347868800163269
2026-09-17T08:28:05.357791,1789633685357791000,59.029791015625,0.1982765793800354,-0.2524674832820892,-0.3824741840362549
2026-09-17T08:28:05.367750,1789633685367750000,59.03975,0.3086488842964172,-0.1963874250650406,-0.3467138111591339
2026-09-17T08:28:05.377709,1789633685377709800,59.04970971679688,0.5022130608558655,-0.1020771712064743,-0.3745888471603393
2026-09-17T08:28:05.387668,1789633685387668700,59.05966870117187,0.5568235516548157,-0.0937851518392562,-0.3793359100818634
2026-09-17T08:28:05.397628,1789633685397628000,59.0696279296875,0.4199975132942199,-0.0609545074403286,-0.3445987105369568
2026-09-17T08:28:05.407586,1789633685407586800,59.0795869140625,0.2871340215206146,-0.0542745031416416,-0.321491539478302
2026-09-17T08:28:05.417547,1789633685417547000,59.089547119140626,0.2583164870738983,-0.0552561990916729,-0.3186215758323669
2026-09-17T08:28:05.427506,1789633685427506000,59.099505859375,0.2617125511169433,-0.042382214218378,-0.3246065080165863
2026-09-17T08:28:05.437464,1789633685437464800,59.10946484375,0.2587175667285919,-0.0186878032982349,-0.323128193616867
2026-09-17T08:28:05.447424,1789633685447424000,59.11942407226562,0.2656143605709076,-0.0012992247939109,-0.3134654462337494
2026-09-17T08:28:05.457384,1789633685457384000,59.12938403320312,0.2528849840164184,0.0165439546108245,-0.2926381826400757
2026-09-17T08:28:05.467342,1789633685467342800,59.1393427734375,0.2053789794445037,0.0303063709288835,-0.2407571673393249
2026-09-17T08:28:05.477301,1789633685477301800,59.1493017578125,0.1346656531095504,0.0286410972476005,-0.2264104485511779
2026-09-17T08:28:05.487261,1789633685487261000,59.15926098632813,0.1299646496772766,0.0251659378409385,-0.2528337836265564
2026-09-17T08:28:05.497221,1789633685497221000,59.16922119140625,0.1910242736339569,0.0556809715926647,-0.2517461478710174
2026-09-17T08:28:05.507180,1789633685507180000,59.179179931640626,0.2353920042514801,0.0766986384987831,-0.2372452467679977
2026-09-17T08:28:05.517139,1789633685517139000,59.18913891601562,0.2207488715648651,0.0746645182371139,-0.2528739869594574
2026-09-17T08:28:05.527099,1789633685527099000,59.19909887695312,0.1930517256259918,0.0746285691857338,-0.2678465545177459
2026-09-17T08:28:05.537057,1789633685537057800,59.20905786132813,0.1771798282861709,0.0773327425122261,-0.2687951624393463
2026-09-17T08:28:05.547017,1789633685547017000,59.21901684570312,0.1591989547014236,0.0854218229651451,-0.2635572552680969
2026-09-17T08:28:05.556975,1789633685556975900,59.22897583007813,0.1371775418519973,0.0926240757107734,-0.2605018317699432
2026-09-17T08:28:05.566935,1789633685566935800,59.23893579101563,0.1157553568482399,0.1072608083486557,-0.2615175545215606
2026-09-17T08:28:05.576895,1789633685576895000,59.24889501953125,0.1154626756906509,0.129484087228775,-0.2796030938625335
2026-09-17T08:28:05.586854,1789633685586854000,59.25885400390625,0.1698601245880127,0.160526692867279,-0.3058195114135742
2026-09-17T08:28:05.596813,1789633685596813000,59.26881298828125,0.2465804666280746,0.2003161907196045,-0.3458633422851562
2026-09-17T08:28:05.606773,1789633685606773000,59.27877294921875,0.2943882048130035,0.2103344649076461,-0.3860440254211426
2026-09-17T08:28:05.616732,1789633685616732000,59.28873193359375,0.2771860659122467,0.1842400133609771,-0.4264609813690185
2026-09-17T08:28:05.626690,1789633685626690800,59.29869091796875,0.2051014751195907,0.1305762529373169,-0.4600005447864532
2026-09-17T08:28:05.636649,1789633685636649700,59.30864965820312,0.1402612179517746,0.0960241332650184,-0.4721693396568298
2026-09-17T08:28:05.646609,1789633685646609700,59.318609619140624,0.0885455682873725,0.06206776201725,-0.4904191792011261
2026-09-17T08:28:05.656568,1789633685656568800,59.32856884765625,0.0659712851047515,0.0514856912195682,-0.518487274646759
2026-09-17T08:28:05.666528,1789633685666528000,59.33852807617187,0.0978139042854309,0.0555858947336673,-0.5430030226707458
2026-09-17T08:28:05.676487,1789633685676487000,59.34848681640625,0.1570463329553604,0.0545512586832046,-0.5772800445556641
2026-09-17T08:28:05.686446,1789633685686446800,59.35844677734375,0.248269721865654,0.0526750609278678,-0.6289653182029724
2026-09-17T08:28:05.696405,1789633685696405800,59.36840576171875,0.3196235299110412,0.0542705580592155,-0.6625845432281494
2026-09-17T08:28:05.706365,1789633685706365000,59.378364990234374,0.3173776865005493,0.0474765710532665,-0.6800327897071838
2026-09-17T08:28:05.716323,1789633685716323800,59.38832373046875,0.2765713930130005,0.0246034786105155,-0.7045080065727234
2026-09-17T08:28:05.726283,1789633685726283800,59.39828369140625,0.2180412411689758,-0.010349178686738,-0.7531567811965942
2026-09-17T08:28:05.736242,1789633685736242700,59.40824267578125,0.1567477881908416,-0.0233003981411457,-0.8199259638786316
2026-09-17T08:28:05.746202,1789633685746202000,59.4182021484375,0.2106493711471557,-0.0523903742432594,-0.9157427549362184
2026-09-17T08:28:05.756162,1789633685756162000,59.428162109375,0.2421596199274063,-0.1029078736901283,-0.9896958470344543
2026-09-17T08:28:05.766121,1789633685766121000,59.438120849609376,0.1430615335702896,-0.167571559548378,-1.051419377326965
2026-09-17T08:28:05.776080,1789633685776080000,59.44807983398437,0.0688072890043258,-0.2239232361316681,-1.1584235429763794
2026-09-17T08:28:05.786038,1789633685786038800,59.45803881835938,0.0994165986776351,-0.246992602944374,-1.308940887451172
2026-09-17T08:28:05.795998,1789633685795998700,59.46799877929688,0.1470706611871719,-0.2645857334136963,-1.4596084356307983
2026-09-17T08:28:05.805958,1789633685805958000,59.4779580078125,0.1538026034832,-0.3175549507141113,-1.6197766065597534
2026-09-17T08:28:05.815916,1789633685815916800,59.48791674804688,0.0947648510336875,-0.3383872509002685,-1.754969596862793
2026-09-17T08:28:05.825876,1789633685825876000,59.4978759765625,0.0740936622023582,-0.3300038874149322,-1.932870626449585
2026-09-17T08:28:05.835836,1789633685835836000,59.5078359375,0.1368869990110397,-0.3004438579082489,-2.1471199989318848
2026-09-17T08:28:05.845794,1789633685845794800,59.517794921875,0.1617566645145416,-0.2400034070014953,-2.3627452850341797
2026-09-17T08:28:05.855754,1789633685855754000,59.52775390625,0.1597470343112945,-0.2361551374197006,-2.6098718643188477
2026-09-17T08:28:05.865713,1789633685865713000,59.537712890625,0.1428354382514953,-0.351050317287445,-2.9765021800994873
2026-09-17T08:28:05.875672,1789633685875672800,59.5476728515625,-0.0787595361471176,-0.2666344940662384,-3.331366539001465
2026-09-17T08:28:05.885631,1789633685885631700,59.5576318359375,-0.1765015423297882,-0.0711254402995109,-3.680490493774414
2026-09-17T08:28:05.895590,1789633685895590700,59.567590576171874,-0.0369260683655738,0.023337410762906,-4.143292427062988
2026-09-17T08:28:05.905549,1789633685905549800,59.5775498046875,-0.219740629196167,0.1076813265681266,-4.656233787536621
2026-09-17T08:28:05.915510,1789633685915510000,59.58751000976562,-0.5821579098701477,0.1311911791563034,-5.17957878112793
2026-09-17T08:28:05.925469,1789633685925469000,59.59746899414063,-0.6108407378196716,0.05542504042387,-5.893994331359863
2026-09-17T08:28:05.935427,1789633685935427800,59.607427734375,-0.275216668844223,-0.1119945794343948,-6.52202844619751
2026-09-17T08:28:05.945387,1789633685945387800,59.6173876953125,0.2325232475996017,-0.146367996931076,-6.661525249481201
2026-09-17T08:28:05.955347,1789633685955347000,59.62734692382813,0.6671580672264099,-0.0142078325152397,-6.819440841674805
2026-09-17T08:28:05.965305,1789633685965305900,59.637305908203125,0.8327422738075256,0.2340323328971862,-6.614688396453857
2026-09-17T08:28:05.975264,1789633685975264800,59.6472646484375,0.4751595854759216,0.6000276207923889,-6.1273698806762695
2026-09-17T08:28:05.985225,1789633685985225000,59.65722485351562,0.0390584431588649,0.919651210308075,-5.808950424194336
2026-09-17T08:28:05.995183,1789633685995183900,59.667183837890626,0.0517143160104751,1.041498780250549,-5.651981353759766
2026-09-17T08:28:06.005143,1789633686005143000,59.67714306640625,0.2779988348484039,1.0059974193572998,-5.440258979797363
2026-09-17T08:28:06.015102,1789633686015102000,59.68710205078125,0.3643060326576233,1.136187195777893,-5.595935821533203
2026-09-17T08:28:06.025062,1789633686025062000,59.69706176757813,0.2372026890516281,1.0566552877426147,-5.155293941497803
2026-09-17T08:28:06.035020,1789633686035020800,59.70702075195312,7.61565752327e-05,1.19949471950531,-4.635703086853027
2026-09-17T08:28:06.044979,1789633686044979700,59.71697973632813,-0.3435520529747009,1.067607879638672,-2.574906349182129
2026-09-17T08:28:06.054939,1789633686054939000,59.72693896484375,-0.2664551436901092,0.9724273085594176,-0.4241474866867065
2026-09-17T08:28:06.064899,1789633686064899000,59.73689916992188,0.2815467119216919,0.7605257034301758,0.9950489401817322
2026-09-17T08:28:06.074858,1789633686074858000,59.74685791015625,0.7909322381019592,0.4616846442222595,1.9954382181167605
2026-09-17T08:28:06.084817,1789633686084817000,59.75681689453125,1.1077556610107422,0.3044279217720032,2.7242591381073
2026-09-17T08:28:06.094776,1789633686094776800,59.76677685546875,1.2757017612457275,0.2154394835233688,3.2444350719451904
2026-09-17T08:28:06.104735,1789633686104735700,59.77673583984375,1.2493737936019895,0.1805925518274307,3.732699871063232
2026-09-17T08:28:06.114695,1789633686114695000,59.78669482421875,1.0777175426483154,0.2080737054347992,4.223857402801514
2026-09-17T08:28:06.124653,1789633686124653800,59.79665380859375,0.8567621111869812,0.2889472246170044,4.609090805053711
2026-09-17T08:28:06.134614,1789633686134614000,59.80661401367187,0.6457476019859314,0.4134652018547058,4.819127082824707
2026-09-17T08:28:06.144573,1789633686144573000,59.81657299804687,0.4308712184429168,0.5641101002693176,4.845333576202393
2026-09-17T08:28:06.154531,1789633686154531800,59.82653173828125,0.1712638735771179,0.6748555302619934,4.746669769287109
2026-09-17T08:28:06.164491,1789633686164491000,59.83649096679687,-0.1573046892881393,0.7641097903251648,4.665086269378662
2026-09-17T08:28:06.174451,1789633686174451000,59.846450927734374,-0.5497123599052429,0.772908091545105,4.677661418914795
2026-09-17T08:28:06.184409,1789633686184409900,59.85640991210938,-0.8915626406669617,0.6401633620262146,4.838344097137451
2026-09-17T08:28:06.194368,1789633686194368800,59.86636865234375,-0.9643703103065492,0.5478997230529785,5.136838912963867
2026-09-17T08:28:06.204328,1789633686204328000,59.87632788085938,-0.7741715908050537,0.4158649742603302,5.418018341064453
2026-09-17T08:28:06.214288,1789633686214288000,59.88628784179687,-0.6062683463096619,0.2593762874603271,5.635173320770264
2026-09-17T08:28:06.224247,1789633686224247000,59.8962470703125,-0.5164787769317627,0.0654854029417038,5.705790996551514
2026-09-17T08:28:06.234206,1789633686234206000,59.9062060546875,-0.5266398191452026,-0.0354398861527442,5.706346035003662
2026-09-17T08:28:06.244166,1789633686244166000,59.91616577148437,-0.6713554859161377,-0.1005376577377319,5.682966232299805
2026-09-17T08:28:06.254124,1789633686254124800,59.92612475585938,-0.8932838439941406,-0.1610438823699951,5.676205635070801
2026-09-17T08:28:06.264084,1789633686264084000,59.936083984375,-1.102517008781433,-0.2305702269077301,5.682582378387451
2026-09-17T08:28:06.274043,1789633686274043000,59.94604296875,-1.2596845626831057,-0.3131609857082367,5.673937797546387
2026-09-17T08:28:06.284002,1789633686284002800,59.9560029296875,-1.3646248579025269,-0.3919671177864074,5.688701629638672
2026-09-17T08:28:06.293961,1789633686293961700,59.965961669921874,-1.421350121498108,-0.4400078952312469,5.7611308097839355
2026-09-17T08:28:06.303921,1789633686303921000,59.9759208984375,-1.430756449699402,-0.4967715740203857,5.819180011749268
2026-09-17T08:28:06.313880,1789633686313880000,59.98588012695313,-1.418729543685913,-0.4841428697109222,5.869250774383545
2026-09-17T08:28:06.323840,1789633686323840000,59.99584008789063,-1.445995807647705,-0.3719635903835296,5.8806610107421875
2026-09-17T08:28:06.333799,1789633686333799000,60.005798828125,-1.5978224277496338,-0.1676341295242309,5.815972805023193
2026-09-17T08:28:06.343757,1789633686343757800,60.0157578125,-1.8976175785064695,0.1949579119682312,5.731245517730713
2026-09-17T08:28:06.353716,1789633686353716700,60.025716796875,-2.351365327835083,0.5167876482009888,5.6646270751953125
2026-09-17T08:28:06.363676,1789633686363676700,60.0356767578125,-2.6710829734802246,0.8443913459777832,5.4627685546875
2026-09-17T08:28:06.373635,1789633686373635800,60.0456357421875,-2.6815109252929688,1.1879006624221802,5.027856826782227
2026-09-17T08:28:06.383595,1789633686383595000,60.055594970703126,-2.6843042373657227,1.3410547971725464,4.6276984214782715
2026-09-17T08:28:06.393554,1789633686393554000,60.06555395507812,-2.737103223800659,1.5204064846038818,4.052746295928955
2026-09-17T08:28:06.403513,1789633686403513900,60.07551391601562,-2.706050157546997,1.489546775817871,3.1207175254821777
2026-09-17T08:28:06.413472,1789633686413472800,60.08547265625,-2.427860975265503,1.2092297077178955,2.2174272537231445
2026-09-17T08:28:06.423432,1789633686423432000,60.095431884765624,-1.6591192483901978,0.9081356525421144,1.27130389213562
2026-09-17T08:28:06.433391,1789633686433391900,60.10539184570312,-0.8470228314399719,0.6081763505935669,0.4230804145336151
2026-09-17T08:28:06.443350,1789633686443350800,60.11535083007813,-0.3903471529483795,0.3629649877548218,-0.3103128373622894
2026-09-17T08:28:06.453309,1789633686453309700,60.125309814453125,0.0030840181279927,0.0175434108823537,-0.8755818605422974
2026-09-17T08:28:06.463269,1789633686463269000,60.13526904296875,0.7278204560279846,-0.683090090751648,-2.8735480308532715
2026-09-17T08:28:06.473229,1789633686473229000,60.14522900390625,0.9935194849967957,-0.5982606410980225,-1.5030874013900757
2026-09-17T08:28:06.483188,1789633686483188000,60.15518798828125,2.690234422683716,-1.6178007125854492,-1.932687520980835
2026-09-17T08:28:06.493147,1789633686493147000,60.16514697265625,5.166168212890625,-0.5125257968902588,-5.928977966308594
2026-09-17T08:28:06.503105,1789633686503105800,60.17510571289063,4.939436912536621,-0.4966869056224823,-7.822272777557373
2026-09-17T08:28:06.513065,1789633686513065700,60.18506567382813,2.7195851802825928,-0.8118419051170349,-7.446956157684326
2026-09-17T08:28:06.523025,1789633686523025000,60.19502490234375,-0.8925426006317139,-2.426433563232422,-5.1314377784729
2026-09-17T08:28:06.532983,1789633686532983800,60.20498388671875,-3.035749673843384,-3.4205799102783203,-2.632561206817627
2026-09-17T08:28:06.542943,1789633686542943000,60.21494287109375,-1.0672321319580078,-1.054716944694519,-0.7358665466308594
2026-09-17T08:28:06.552903,1789633686552903000,60.22490283203125,1.3577691316604614,0.0913372114300727,-0.0609573535621166
2026-09-17T08:28:06.562861,1789633686562861800,60.23486181640625,1.273897647857666,-0.3037046790122986,-0.1645870804786682
2026-09-17T08:28:06.572821,1789633686572821000,60.24482104492188,0.3929148614406585,-0.355903685092926,-0.4553491473197937
2026-09-17T08:28:06.582781,1789633686582781000,60.25478100585938,-0.5903558731079102,-0.5596086382865906,-0.7347749471664429
2026-09-17T08:28:06.592739,1789633686592739800,60.26473974609375,-0.2933481931686401,-0.5691674947738647,-0.7660350799560547
2026-09-17T08:28:06.602698,1789633686602698800,60.27469873046875,1.3482877016067505,-0.0179525315761566,-0.6091544032096863
2026-09-17T08:28:06.612657,1789633686612657700,60.28465771484375,2.009066581726074,0.1013685390353202,-0.4344574213027954
2026-09-17T08:28:06.622617,1789633686622617900,60.29461791992187,1.5949100255966189,0.0453191176056861,-0.3882172405719757
2026-09-17T08:28:06.632577,1789633686632577000,60.30457690429687,0.9698823690414428,-0.0029882297385483,-0.276529312133789
2026-09-17T08:28:06.642536,1789633686642536000,60.31453588867188,0.5615694522857666,0.0001646867021918,-0.0801126807928085
2026-09-17T08:28:06.652494,1789633686652494800,60.32449487304687,0.3082111775875091,0.0082966489717364,-0.0355177745223045
2026-09-17T08:28:06.662454,1789633686662454800,60.334454833984374,0.0458269529044628,-0.0325285419821739,-0.066969446837902
2026-09-17T08:28:06.672414,1789633686672414000,60.3444140625,-0.1758308708667755,-0.0735782384872436,-0.0929120928049087
2026-09-17T08:28:06.682372,1789633686682372900,60.354372802734375,-0.2834334969520569,-0.1202024668455123,-0.1353466361761093
2026-09-17T08:28:06.692331,1789633686692331800,60.36433178710938,-0.2088141292333603,-0.1181422472000122,-0.1488485932350158
2026-09-17T08:28:06.702292,1789633686702292000,60.3742919921875,-0.066857248544693,-0.0736653283238411,-0.1258548647165298
2026-09-17T08:28:06.712251,1789633686712251000,60.3842509765625,0.0458597093820571,-0.022083094343543,-0.1047208160161972
2026-09-17T08:28:06.722210,1789633686722210000,60.3942099609375,0.1535901576280594,0.0341178625822067,-0.0769669488072395
2026-09-17T08:28:06.732170,1789633686732170000,60.404169921875,0.254577487707138,0.0589110925793647,-0.0736670270562172
2026-09-17T08:28:06.742129,1789633686742129000,60.41412890625,0.2864544689655304,0.059919100254774,-0.0785954743623733
2026-09-17T08:28:06.752087,1789633686752087800,60.424087890625,0.2654948532581329,0.0477601699531078,-0.0928556397557258
2026-09-17T08:28:06.762046,1789633686762046700,60.43404663085938,0.2330607622861862,0.0374159216880798,-0.100699707865715
2026-09-17T08:28:06.772007,1789633686772007000,60.4440068359375,0.197415143251419,0.0262351687997579,-0.1106162592768669
2026-09-17T08:28:06.781966,1789633686781966000,60.45396606445313,0.1213107928633689,0.0029447604902088,-0.1216366812586784
2026-09-17T08:28:06.791925,1789633686791925000,60.46392504882812,0.0056768716312944,-0.0315690077841281,-0.1327497810125351
2026-09-17T08:28:06.801884,1789633686801884000,60.4738837890625,-0.0776329264044761,-0.0601103715598583,-0.1465785056352615
2026-09-17T08:28:06.811843,1789633686811843800,60.48384375,-0.0633927434682846,-0.0592459067702293,-0.15320685505867
2026-09-17T08:28:06.821802,1789633686821802800,60.493802734375,0.0141228213906288,-0.0413209684193134,-0.1537253707647323
2026-09-17T08:28:06.831762,1789633686831762000,60.50376196289063,0.0909502282738685,0.0025090673007071,-0.138976514339447
2026-09-17T08:28:06.841720,1789633686841720800,60.513720947265625,0.1379299759864807,0.0282320063561201,-0.1343910843133926
2026-09-17T08:28:06.851681,1789633686851681000,60.523680908203126,0.1982484459877014,0.0425699353218078,-0.1467114090919494
2026-09-17T08:28:06.861640,1789633686861640000,60.53363989257812,0.2363774627447128,0.0444677025079727,-0.1582415550947189
2026-09-17T08:28:06.871598,1789633686871598800,60.543598876953126,0.2379963845014572,0.0410801619291305,-0.1703600138425827
2026-09-17T08:28:06.881558,1789633686881558800,60.55355883789063,0.2444489598274231,0.0304656010121107,-0.1818984150886535
2026-09-17T08:28:06.891518,1789633686891518000,60.56351806640625,0.2530344724655151,0.0241536423563957,-0.1857267171144485
2026-09-17T08:28:06.901476,1789633686901476900,60.57347680664063,0.2150404751300811,0.0124320052564144,-0.1907587498426437
2026-09-17T08:28:06.911435,1789633686911435800,60.583435791015624,0.1802247017621994,0.0023229124490171,-0.2176657319068908
2026-09-17T08:28:06.921395,1789633686921395700,60.593395751953125,0.171545997262001,-0.0075020212680101,-0.2495459020137787
2026-09-17T08:28:06.931355,1789633686931355000,60.60335498046875,0.2042171210050583,-0.0297828260809183,-0.2951394915580749
2026-09-17T08:28:06.941314,1789633686941314000,60.61331396484375,0.2433267086744308,-0.0300709810107946,-0.3037827908992767
2026-09-17T08:28:06.951273,1789633686951273000,60.62327294921875,0.2446071505546569,-0.0284800082445144,-0.2989867031574249
2026-09-17T08:28:06.961233,1789633686961233000,60.63323291015625,0.2487819343805313,-0.0304781775921583,-0.3221615254878998
2026-09-17T08:28:06.971191,1789633686971191800,60.64319189453125,0.3254266381263733,-0.0012462560553103,-0.3750207424163818
2026-09-17T08:28:06.981151,1789633686981151000,60.65315087890625,0.4104531109333038,0.0327758938074111,-0.4276770353317261
2026-09-17T08:28:06.991110,1789633686991110000,60.66310986328125,0.4723513722419739,0.0712396651506424,-0.4763928949832916
2026-09-17T08:28:07.001069,1789633687001069800,60.67306982421875,0.5151116251945496,0.0668132230639457,-0.5247607231140137
2026-09-17T08:28:07.011028,1789633687011028700,60.68302880859375,0.4480321705341339,0.0442290864884853,-0.5550887584686279
2026-09-17T08:28:07.020988,1789633687020988000,60.69298779296875,0.3135390877723694,0.0201256107538938,-0.6087562441825867
2026-09-17T08:28:07.030947,1789633687030947800,60.70294775390625,0.2728212177753448,0.0018962739268317,-0.7288291454315186
2026-09-17T08:28:07.040907,1789633687040907000,60.71290698242188,0.2781901359558105,-0.0026249748189002,-0.9248199462890624
2026-09-17T08:28:07.050866,1789633687050866000,60.722865966796874,0.2199012786149978,-0.0600054413080215,-1.1218409538269043
2026-09-17T08:28:07.060824,1789633687060824800,60.73282495117188,0.1745364665985107,-0.1076898723840713,-1.2780227661132812
2026-09-17T08:28:07.070784,1789633687070784800,60.74278466796875,0.1503775864839553,-0.171262189745903,-1.4691704511642456
2026-09-17T08:28:07.080743,1789633687080743700,60.75274365234375,0.1125370115041732,-0.2354781925678253,-1.6856523752212524
2026-09-17T08:28:07.090702,1789633687090702800,60.76270288085937,0.1146531626582145,-0.3008606731891632,-1.9233996868133545
2026-09-17T08:28:07.100662,1789633687100662000,60.772662109375,0.1020867675542831,-0.340518593788147,-2.165992259979248
2026-09-17T08:28:07.110622,1789633687110622000,60.7826220703125,0.0763092339038848,-0.4345899820327759,-2.453392505645752
2026-09-17T08:28:07.120580,1789633687120580900,60.79258081054687,0.0350488759577274,-0.5207142233848572,-2.8196558952331543
2026-09-17T08:28:07.130539,1789633687130539800,60.80253979492188,-0.0231955237686634,-0.4437970519065857,-3.1567325592041016
2026-09-17T08:28:07.140499,1789633687140499000,60.8124990234375,0.0751427710056305,-0.3500628471374511,-3.511293411254883
2026-09-17T08:28:07.150459,1789633687150459000,60.822458984375,0.0744365006685257,-0.2740642130374908,-3.964264392852783
2026-09-17T08:28:07.160417,1789633687160417800,60.83241772460938,-0.0762965530157089,-0.1942282319068908,-4.475307941436768
2026-09-17T08:28:07.170376,1789633687170376700,60.842376708984375,-0.2509392201900482,0.0878953412175178,-5.033616542816162
2026-09-17T08:28:07.180337,1789633687180337000,60.8523369140625,-0.5105103254318237,0.5113680362701416,-5.714705467224121
2026-09-17T08:28:07.190295,1789633687190295800,60.8622958984375,-0.7795156836509705,0.5949451923370361,-6.581986427307129
2026-09-17T08:28:07.200255,1789633687200255000,60.8722548828125,-0.7402201890945435,0.4332508444786072,-7.416825294494629
2026-09-17T08:28:07.210214,1789633687210214000,60.8822138671875,-0.1655595898628235,0.2522147595882416,-7.747195243835449
2026-09-17T08:28:07.220173,1789633687220173800,60.892173828125,0.4777264297008514,0.480438083410263,-7.6527228355407715
2026-09-17T08:28:07.230132,1789633687230132700,60.9021328125,0.8715874552726746,0.6752200722694397,-7.455696582794189
2026-09-17T08:28:07.240092,1789633687240092000,60.912091796875,0.9672423601150512,1.105961561203003,-7.071756362915039
2026-09-17T08:28:07.250050,1789633687250050800,60.92205078125,0.5138990879058838,1.5522773265838623,-6.423800468444824
2026-09-17T08:28:07.260011,1789633687260011000,60.93201098632812,-0.0580333955585956,1.2609485387802124,-6.126134395599365
2026-09-17T08:28:07.269970,1789633687269970000,60.94196997070313,-0.2432136386632919,1.000646710395813,-6.17262077331543
2026-09-17T08:28:07.279928,1789633687279928800,60.9519287109375,-0.2067155539989471,1.1592861413955688,-6.3177409172058105
2026-09-17T08:28:07.289888,1789633687289888000,60.96188793945313,-0.4801801145076751,1.2901005744934082,-5.897037982940674
2026-09-17T08:28:07.299848,1789633687299848000,60.97184790039063,-0.9752878546714784,1.29345965385437,-5.238766193389893
2026-09-17T08:28:07.309806,1789633687309806800,60.981806884765625,-1.2207497358322144,1.085376501083374,-3.1526083946228027
2026-09-17T08:28:07.319765,1789633687319765200,60.99176513671875,-0.7207831144332886,1.1566884517669678,-0.8527199029922485
2026-09-17T08:28:07.329725,1789633687329725200,61.00172509765625,-0.0474076531827449,0.8085070252418518,0.7574538588523865
2026-09-17T08:28:07.339684,1789633687339684400,61.011684326171874,0.4241169989109039,0.333097368478775,1.9451725482940672
2026-09-17T08:28:07.349643,1789633687349643300,61.02164331054688,0.7845125198364258,0.0482581816613674,2.83415150642395
2026-09-17T08:28:07.359602,1789633687359602200,61.031602294921875,0.9691616892814636,-0.1698810756206512,3.389589548110962
2026-09-17T08:28:07.369562,1789633687369562000,61.04156201171875,0.9892323613166808,-0.2789782881736755,3.742936611175537
2026-09-17T08:28:07.379521,1789633687379521300,61.05152124023437,0.8643506169319153,-0.2814997732639313,3.961105108261109
2026-09-17T08:28:07.389480,1789633687389480400,61.06148046875,0.629983127117157,-0.2555872201919555,4.090344429016113
2026-09-17T08:28:07.399439,1789633687399439400,61.071439453125,0.3360998034477234,-0.1868898868560791,4.181488513946533
2026-09-17T08:28:07.409399,1789633687409399300,61.0813994140625,-0.0232418626546859,-0.0993983894586563,4.301441192626953
2026-09-17T08:28:07.419358,1789633687419358200,61.09135815429688,-0.4149260222911834,-0.0301918890327215,4.48097562789917
2026-09-17T08:28:07.429317,1789633687429317000,61.101317138671874,-0.752441942691803,0.0241421908140182,4.715247631072998
2026-09-17T08:28:07.439277,1789633687439277000,61.111277099609374,-0.9821361303329468,0.0779404416680336,5.02440071105957
2026-09-17T08:28:07.449236,1789633687449236200,61.121236328125,-1.0844357013702393,0.107279933989048,5.333136558532715
2026-09-17T08:28:07.459195,1789633687459195400,61.1311953125,-1.076773762702942,0.0717075616121292,5.526900768280029
2026-09-17T08:28:07.469154,1789633687469154300,61.141154296875,-1.0133846998214722,-0.0218412950634956,5.603414058685303
2026-09-17T08:28:07.479114,1789633687479114200,61.1511142578125,-0.9650338292121888,-0.1128606870770454,5.604282855987549
2026-09-17T08:28:07.489073,1789633687489073200,61.1610732421875,-0.938620626926422,-0.2283265590667724,5.536524295806885
2026-09-17T08:28:07.499032,1789633687499032300,61.1710322265625,-0.91996568441391,-0.2974683344364166,5.445065975189209
2026-09-17T08:28:07.508991,1789633687508991200,61.1809912109375,-0.9004924297332764,-0.3784841001033783,5.449448585510254
2026-09-17T08:28:07.518951,1789633687518951200,61.190951171875,-0.8960438370704651,-0.3691451847553253,5.598417282104492
2026-09-17T08:28:07.528910,1789633687528910000,61.20091015625,-0.8777815103530884,-0.3756574094295501,5.747714996337891
2026-09-17T08:28:07.538869,1789633687538869200,61.210869140625,-0.8610144853591919,-0.4021273851394653,5.812014579772949
2026-09-17T08:28:07.548828,1789633687548828400,61.22082836914063,-0.949462354183197,-0.4040978550910949,5.889497756958008
2026-09-17T08:28:07.558788,1789633687558788400,61.23078833007813,-1.1317464113235474,-0.3963262140750885,5.945209980010986
2026-09-17T08:28:07.568747,1789633687568747300,61.24074731445312,-1.342682957649231,-0.3056961894035339,5.9531450271606445
2026-09-17T08:28:07.578706,1789633687578706200,61.2507060546875,-1.595103144645691,-0.1295491158962249,5.942294120788574
2026-09-17T08:28:07.588666,1789633687588666000,61.260666015625,-1.8925327062606812,0.0982520878314971,5.923822402954102
2026-09-17T08:28:07.598625,1789633687598625300,61.270625244140625,-2.0690619945526123,0.3391589820384979,5.839409828186035
2026-09-17T08:28:07.608584,1789633687608584200,61.28058422851562,-2.028167963027954,0.5955761075019836,5.80697774887085
2026-09-17T08:28:07.618543,1789633687618543000,61.290543212890626,-1.9058061838150024,0.770759105682373,5.7310709953308105
2026-09-17T08:28:07.628503,1789633687628503300,61.30050341796875,-1.758410930633545,0.9364463090896606,5.6369757652282715
2026-09-17T08:28:07.638462,1789633687638462200,61.31046215820312,-1.753335952758789,1.1388356685638428,5.284953594207764
2026-09-17T08:28:07.648421,1789633687648421400,61.32042138671875,-1.9728320837020872,1.3444972038269043,4.616099834442139
2026-09-17T08:28:07.658380,1789633687658380300,61.33038037109375,-2.2620749473571777,1.4577467441558838,3.662672758102417
2026-09-17T08:28:07.668340,1789633687668340200,61.34034033203125,-2.543065071105957,1.2411601543426514,2.579134941101074
2026-09-17T08:28:07.678299,1789633687678299100,61.35029907226563,-2.658569812774658,0.8393687605857849,1.65552020072937
2026-09-17T08:28:07.688258,1789633687688258000,61.360258056640625,-2.236654758453369,0.5945888757705688,0.7904781103134155
2026-09-17T08:28:07.698218,1789633687698218200,61.37021826171875,-1.44961678981781,0.3411041498184204,0.0704954043030738
2026-09-17T08:28:07.708177,1789633687708177400,61.380177490234374,-0.6821153163909912,0.0749339833855629,-0.4292869865894317
2026-09-17T08:28:07.718136,1789633687718136300,61.39013623046875,0.0975586026906967,-0.1847692281007766,-0.7997057437896729
2026-09-17T08:28:07.728095,1789633687728095200,61.40009521484375,0.5709983706474304,0.1286225169897079,-1.54924476146698
2026-09-17T08:28:07.738055,1789633687738055200,61.41005517578125,0.1545555740594864,-0.0603444762527942,-1.6282360553741455
2026-09-17T08:28:07.748014,1789633687748014300,61.42001440429687,1.1080694198608398,-0.0685150623321533,-1.1909910440444946
2026-09-17T08:28:07.757973,1789633687757973200,61.42997314453125,3.2544219493865967,-0.2345293164253235,-3.9095444679260254
2026-09-17T08:28:07.767932,1789633687767932200,61.43993212890625,4.790951728820801,-0.1920391172170639,-7.243539333343506
2026-09-17T08:28:07.777892,1789633687777892400,61.44989233398437,3.591773271560669,-0.549032986164093,-7.379422664642334
2026-09-17T08:28:07.787851,1789633687787851300,61.45985131835938,0.3879704475402832,-2.559828996658325,-5.833164215087891
2026-09-17T08:28:07.797810,1789633687797810400,61.469810546875,-1.456041693687439,-3.3143863677978516,-3.5209801197052
2026-09-17T08:28:07.807770,1789633687807770400,61.479770263671874,0.1813421845436096,-1.050953388214111,-1.0739823579788208
2026-09-17T08:28:07.817729,1789633687817729300,61.48972924804688,1.7755944728851318,-0.0027549520600587,-0.0635915622115135
2026-09-17T08:28:07.827688,1789633687827688200,61.499688232421875,1.1979674100875854,-0.3413756191730499,-0.1617690026760101
2026-09-17T08:28:07.837647,1789633687837647000,61.50964721679688,-0.0528756417334079,-0.3668269217014313,-0.3447731733322143
2026-09-17T08:28:07.847607,1789633687847607300,61.51960717773437,-1.0064271688461304,-0.4963372349739074,-0.2623217105865478
2026-09-17T08:28:07.857566,1789633687857566500,61.52956640625,-0.8243595361709595,-0.3812972009181976,-0.1387355923652649
2026-09-17T08:28:07.867525,1789633687867525400,61.539525390625,-0.1380075812339782,-0.1787028163671493,-0.1230149418115615
2026-09-17T08:28:07.877484,1789633687877484300,61.549484375,0.134206086397171,-0.1754870414733886,-0.188452810049057
2026-09-17T08:28:07.887444,1789633687887444200,61.5594443359375,0.1162121817469596,-0.2071522921323776,-0.2675204575061798
2026-09-17T08:28:07.897403,1789633687897403100,61.569403076171874,0.1458598226308822,-0.1867556720972061,-0.2843921184539795
2026-09-17T08:28:07.907362,1789633687907362300,61.5793623046875,0.3416487574577331,-0.1306119859218597,-0.2881653010845184
2026-09-17T08:28:07.917321,1789633687917321200,61.5893212890625,0.450408011674881,-0.0900160893797874,-0.3174867033958435
2026-09-17T08:28:07.927281,1789633687927281200,61.59928125,0.3672715723514557,-0.0804316401481628,-0.3382510840892792
2026-09-17T08:28:07.937240,1789633687937240300,61.609240234375,0.2428827732801437,-0.0603546015918254,-0.3201104402542114
2026-09-17T08:28:07.947199,1789633687947199200,61.61919921875,0.1975800096988678,-0.0221065450459718,-0.2810967266559601
2026-09-17T08:28:07.957159,1789633687957159200,61.6291591796875,0.2373692244291305,0.0178262218832969,-0.2610300779342651
2026-09-17T08:28:07.967118,1789633687967118300,61.63911840820312,0.2871271967887878,0.053850270807743,-0.2347571849822998
2026-09-17T08:28:07.977077,1789633687977077200,61.6490771484375,0.295107364654541,0.0555003657937049,-0.2230637818574905
2026-09-17T08:28:07.987036,1789633687987036200,61.6590361328125,0.3059035539627075,0.0428980216383934,-0.2434894293546676
2026-09-17T08:28:07.996996,1789633687996996000,61.66899609375,0.3247512578964233,0.0239680055528879,-0.2548305094242096
2026-09-17T08:28:08.006955,1789633688006955300,61.67895532226562,0.3709800243377685,0.0281254667788743,-0.255740761756897
2026-09-17T08:28:08.016914,1789633688016914400,61.68891455078125,0.4448454678058624,0.031667735427618,-0.2590508162975311
2026-09-17T08:28:08.026873,1789633688026873300,61.69887329101562,0.4973062574863434,0.0349586047232151,-0.2548424899578094
2026-09-17T08:28:08.036833,1789633688036833300,61.70883325195312,0.5121099948883057,0.0342557951807975,-0.2568646371364593
2026-09-17T08:28:08.046792,1789633688046792200,61.71879223632813,0.4954830706119537,0.0244308616966009,-0.2729362547397613
2026-09-17T08:28:08.056751,1789633688056751400,61.72875146484375,0.4321789145469665,0.0094463201239705,-0.2729786038398742
2026-09-17T08:28:08.066710,1789633688066710300,61.73871020507813,0.3703645765781402,-0.006891906261444,-0.2763741314411163
2026-09-17T08:28:08.076670,1789633688076670200,61.74867016601563,0.3644454181194305,-0.0227185394614934,-0.3050486743450165
2026-09-17T08:28:08.086629,1789633688086629000,61.758629150390625,0.4368895292282104,-0.011330597102642,-0.3620887696743011
2026-09-17T08:28:08.096588,1789633688096588300,61.76858837890625,0.6150766015052795,0.0308671910315752,-0.3855834603309631
2026-09-17T08:28:08.106547,1789633688106547500,61.77854736328125,0.7578095197677612,0.055563747882843,-0.382753849029541
2026-09-17T08:28:08.116507,1789633688116507400,61.78850732421875,0.7540597915649414,0.0598876550793647,-0.3730103969573974
2026-09-17T08:28:08.126466,1789633688126466300,61.79846630859375,0.67085862159729,0.0522931218147277,-0.3815282583236694
2026-09-17T08:28:08.136425,1789633688136425200,61.80842529296875,0.6050114631652832,0.045065302401781,-0.3949617743492126
2026-09-17T08:28:08.146385,1789633688146385200,61.81838525390625,0.5903182625770569,0.0457412116229534,-0.4389039278030395
2026-09-17T08:28:08.156344,1789633688156344000,61.828343994140624,0.6349501609802246,0.0639156848192215,-0.476225733757019
2026-09-17T08:28:08.166303,1789633688166303200,61.83830322265625,0.655464768409729,0.0673602148890495,-0.4934907555580139
2026-09-17T08:28:08.176262,1789633688176262100,61.84826220703125,0.595098614692688,0.0316871777176857,-0.5153020024299622
2026-09-17T08:28:08.186222,1789633688186222300,61.85822241210938,0.4756555557250976,0.0039452947676181,-0.5343134999275208
2026-09-17T08:28:08.196181,1789633688196181200,61.86818115234375,0.3784877359867096,-0.0169248338788747,-0.5627443790435791
2026-09-17T08:28:08.206140,1789633688206140200,61.87814013671875,0.3131633400917053,-0.0189922451972961,-0.6083762645721436
2026-09-17T08:28:08.216099,1789633688216099300,61.888099365234375,0.2638349235057831,-0.0173227097839117,-0.6915151476860046
2026-09-17T08:28:08.226059,1789633688226059300,61.898059326171875,0.2437272667884826,-0.0103657338768243,-0.7407620549201965
2026-09-17T08:28:08.236018,1789633688236018200,61.90801806640625,0.1870826184749603,-0.0659291297197341,-0.8169915676116943
2026-09-17T08:28:08.245977,1789633688245977000,61.91797705078125,0.0645665600895881,-0.109189786016941,-0.8884231448173523
2026-09-17T08:28:08.255936,1789633688255936300,61.92793627929687,-0.0317522473633289,-0.1367926448583603,-0.9706221222877502
2026-09-17T08:28:08.265896,1789633688265896400,61.937896484375,-0.0708333402872085,-0.1672309786081314,-1.0660176277160645
2026-09-17T08:28:08.275855,1789633688275855400,61.94785546875,-0.0829651057720184,-0.1968855410814285,-1.1652398109436035
2026-09-17T08:28:08.285814,1789633688285814300,61.957814208984374,-0.1194954216480255,-0.2214153856039047,-1.288472294807434
2026-09-17T08:28:08.295774,1789633688295774200,61.967774169921874,-0.0767700597643852,-0.2654584646224975,-1.4197418689727783
2026-09-17T08:28:08.305733,1789633688305733000,61.97773315429688,-0.0599058531224727,-0.3319522738456726,-1.5614093542099
2026-09-17T08:28:08.315692,1789633688315692500,61.98769262695313,-0.1162293180823326,-0.4018743634223938,-1.7133938074111938
2026-09-17T08:28:08.325651,1789633688325651700,61.99765161132812,-0.1514312475919723,-0.4396308064460754,-1.8943071365356443
2026-09-17T08:28:08.335611,1789633688335611600,62.007611572265624,-0.0977821350097656,-0.4243591725826263,-2.094970464706421
2026-09-17T08:28:08.345570,1789633688345570600,62.01757055664063,-0.0159565079957246,-0.3817020058631897,-2.313063383102417
2026-09-17T08:28:08.355529,1789633688355529500,62.027529541015625,0.0550998263061046,-0.4008450508117676,-2.5862152576446533
2026-09-17T08:28:08.365488,1789633688365488600,62.03748852539063,0.0484613627195358,-0.4099773168563843,-2.91813325881958
2026-09-17T08:28:08.375448,1789633688375448600,62.04744848632812,-0.0149327889084815,-0.3170921206474304,-3.2616090774536133
2026-09-17T08:28:08.385407,1789633688385407700,62.05740771484375,0.0619121901690959,-0.165202185511589,-3.640512466430664
2026-09-17T08:28:08.395366,1789633688395366700,62.06736669921875,0.0875155553221702,-0.0067185349762439,-4.079536437988281
2026-09-17T08:28:08.405325,1789633688405325600,62.07732568359375,-0.0891838520765304,0.2334887385368347,-4.584500789642334
2026-09-17T08:28:08.415285,1789633688415285500,62.08728540039063,-0.3363204002380371,0.4501118659973144,-5.206101894378662
2026-09-17T08:28:08.425244,1789633688425244700,62.09724462890625,-0.4531687200069427,0.4647086560726166,-6.048437118530273
2026-09-17T08:28:08.435203,1789633688435203600,62.10720361328125,-0.4523444771766662,0.2976019382476806,-6.892236232757568
2026-09-17T08:28:08.445163,1789633688445163800,62.11716381835937,0.1237920671701431,0.1480854302644729,-7.348963260650635
2026-09-17T08:28:08.455122,1789633688455122700,62.12712280273438,0.8423169255256653,0.2171425223350525,-7.634842872619629
2026-09-17T08:28:08.465081,1789633688465081600,62.13708154296875,1.083365559577942,0.5640025734901428,-7.391729354858398
2026-09-17T08:28:08.475040,1789633688475040800,62.14704077148438,0.9287615418434144,0.8713191151618958,-6.975846290588379
2026-09-17T08:28:08.485000,1789633688485000700,62.15700073242188,0.5595043897628784,1.3625192642211914,-6.376171588897705
2026-09-17T08:28:08.494959,1789633688494959600,62.166959716796875,0.2501755654811859,1.4791404008865356,-5.9690423011779785
2026-09-17T08:28:08.504918,1789633688504918500,62.17691845703125,0.2623973488807678,1.4266382455825806,-6.015964984893799
2026-09-17T08:28:08.514877,1789633688514877400,62.18687744140625,0.3245525956153869,1.357643485069275,-6.084717273712158
2026-09-17T08:28:08.524837,1789633688524837600,62.196837646484376,-0.0300339832901954,1.2209213972091677,-5.643696308135986
2026-09-17T08:28:08.534796,1789633688534796800,62.206796875,-0.5975056886672974,1.039849877357483,-5.115136623382568
2026-09-17T08:28:08.544755,1789633688544755700,62.216755615234376,-1.0622682571411133,0.7964709997177124,-2.8962583541870117
2026-09-17T08:28:08.554715,1789633688554715600,62.22671557617188,-0.8705981969833374,0.7171737551689148,-0.6522819399833679
2026-09-17T08:28:08.564674,1789633688564674600,62.236674560546874,-0.2498052418231964,0.3426949977874756,0.8590822219848633
2026-09-17T08:28:08.574633,1789633688574633500,62.24663354492188,0.2890041768550873,-0.1062495112419128,1.9444901943206787
2026-09-17T08:28:08.584592,1789633688584592600,62.256592529296874,0.7027065753936768,-0.3660967946052551,2.7538034915924072
2026-09-17T08:28:08.594552,1789633688594552600,62.266552490234375,0.8634632229804993,-0.4511645436286926,3.365643262863159
2026-09-17T08:28:08.604511,1789633688604511700,62.27651171875,0.7558672428131104,-0.4376207888126373,3.85578989982605
2026-09-17T08:28:08.614470,1789633688614470700,62.286470703125,0.4404136836528778,-0.3480069935321808,4.325470447540283
2026-09-17T08:28:08.624429,1789633688624429800,62.296429931640624,0.0394689291715621,-0.2507874965667724,4.724492073059082
2026-09-17T08:28:08.634389,1789633688634389800,62.3063896484375,-0.2880157232284546,-0.1465450078248977,4.981807708740234
2026-09-17T08:28:08.644348,1789633688644348700,62.3163486328125,-0.4942048490047455,0.0241329967975616,5.162921905517578
2026-09-17T08:28:08.654307,1789633688654307600,62.3263076171875,-0.6443437337875366,0.1736231446266174,5.318383693695068
2026-09-17T08:28:08.664266,1789633688664266500,62.3362666015625,-0.8286387324333191,0.2775652706623077,5.5313262939453125
2026-09-17T08:28:08.674226,1789633688674226400,62.34622631835938,-1.0349167585372925,0.2884379029273987,5.790005683898926
2026-09-17T08:28:08.684185,1789633688684185900,62.356185791015626,-1.1596829891204834,0.2913263440132141,5.982706546783447
2026-09-17T08:28:08.694144,1789633688694144800,62.36614477539062,-1.1805392503738403,0.2331075072288513,6.06096887588501
2026-09-17T08:28:08.704104,1789633688704104700,62.37610473632813,-1.166002869606018,0.1403733193874359,5.958468914031982
2026-09-17T08:28:08.714063,1789633688714063600,62.38606372070313,-1.1596059799194336,0.0280086938291788,5.779585838317871
2026-09-17T08:28:08.724022,1789633688724022500,62.3960224609375,-1.1510769128799438,-0.0462961643934249,5.603208541870117
2026-09-17T08:28:08.733981,1789633688733981700,62.40598168945313,-1.1995855569839478,-0.1236708387732505,5.548888206481934
2026-09-17T08:28:08.743941,1789633688743941600,62.41594165039062,-1.252365231513977,-0.1961445212364196,5.600480079650879
2026-09-17T08:28:08.753900,1789633688753900500,62.425900634765625,-1.238202452659607,-0.2744387686252594,5.773804187774658
2026-09-17T08:28:08.763859,1789633688763859700,62.43585961914062,-1.1566741466522217,-0.3318464159965515,6.020583629608154
2026-09-17T08:28:08.773818,1789633688773818600,62.445818603515626,-1.0514161586761477,-0.4246951341629028,6.137337684631348
2026-09-17T08:28:08.783778,1789633688783778600,62.45577856445313,-1.0728609561920166,-0.3484852910041809,6.199650287628174
2026-09-17T08:28:08.793737,1789633688793737700,62.46573779296875,-1.2924556732177734,-0.1692857444286346,6.202887058258057
2026-09-17T08:28:08.803696,1789633688803696600,62.47569653320313,-1.5708673000335691,-0.0614442266523838,6.128086566925049
2026-09-17T08:28:08.813656,1789633688813656600,62.48565649414063,-1.7461514472961426,0.26001638174057,6.023854732513428
2026-09-17T08:28:08.823615,1789633688823615500,62.495615478515624,-1.8380215167999268,0.4415552616119385,6.05239200592041
2026-09-17T08:28:08.833574,1789633688833574700,62.50557470703125,-1.8219224214553833,0.6778641939163208,5.969679832458496
2026-09-17T08:28:08.843533,1789633688843533600,62.515533447265625,-1.73724102973938,0.8141517043113708,5.604221343994141
2026-09-17T08:28:08.853493,1789633688853493800,62.52549365234375,-1.6301209926605225,0.8703374862670898,5.267846584320068
2026-09-17T08:28:08.863452,1789633688863452700,62.53545263671875,-1.6248029470443726,0.9698742032051086,5.06492280960083
2026-09-17T08:28:08.873411,1789633688873411600,62.54541162109375,-1.8233495950698853,1.1372607946395874,4.638750076293945
2026-09-17T08:28:08.883370,1789633688883370800,62.555370849609375,-2.1052451133728027,1.1574046611785889,3.751410722732544
2026-09-17T08:28:08.893330,1789633688893330700,62.56533056640625,-2.3372058868408203,0.9459547400474548,2.618155002593994
2026-09-17T08:28:08.903289,1789633688903289600,62.57528955078125,-2.382995128631592,0.540518581867218,1.3933607339859009
2026-09-17T08:28:08.913248,1789633688913248500,62.58524853515625,-1.951268196105957,-0.0696896314620971,0.3906182944774627
2026-09-17T08:28:08.923208,1789633688923208700,62.595208740234376,-0.9042909145355223,-0.4998902976512909,-0.3861890435218811
2026-09-17T08:28:08.933167,1789633688933167600,62.60516772460937,0.1191746741533279,-0.9462494254112244,-0.7909852266311646
2026-09-17T08:28:08.943126,1789633688943126800,62.61512670898438,-0.1348810344934463,-0.3840358555316925,-2.9652633666992188
2026-09-17T08:28:08.953085,1789633688953085700,62.625085693359374,-0.3905543684959411,0.4543080925941467,-1.8799835443496704
2026-09-17T08:28:08.963045,1789633688963045600,62.635045654296874,0.3166914880275726,0.4910141825675964,-1.563654899597168
2026-09-17T08:28:08.973004,1789633688973004500,62.64500463867188,2.758361339569092,-0.2967773675918579,-5.224263668060303
2026-09-17T08:28:08.982963,1789633688982963500,62.65496337890625,3.945845127105713,-0.1994162052869796,-8.28537368774414
2026-09-17T08:28:08.992922,1789633688992922600,62.66492260742187,2.5725882053375244,-1.7744392156600952,-8.12829303741455
2026-09-17T08:28:09.002882,1789633689002882800,62.6748828125,0.1945650279521942,-3.6544480323791504,-6.135781764984131
2026-09-17T08:28:09.012841,1789633689012841700,62.684841796875,1.408393144607544,-1.4674800634384155,-2.447167158126831
2026-09-17T08:28:09.022800,1789633689022800600,62.69480053710937,3.0341367721557617,0.1756649911403656,0.4656435549259186
2026-09-17T08:28:09.032759,1789633689032759600,62.70475952148438,2.3585057258605957,-0.0952290818095207,0.4041314423084259
2026-09-17T08:28:09.042719,1789633689042719500,62.71471948242188,0.2278774529695511,-0.3943784832954407,-0.4491765201091766
2026-09-17T08:28:09.052678,1789633689052678700,62.7246787109375,-1.4904776811599731,-0.6649543642997742,-0.3939569294452667
2026-09-17T08:28:09.062637,1789633689062637600,62.73463745117188,-1.5041571855545044,-0.4769724309444427,-0.0455201156437397
2026-09-17T08:28:09.072597,1789633689072597800,62.74459765625,-0.4127193093299866,-0.2067854404449463,-0.0807041972875595
2026-09-17T08:28:09.082556,1789633689082556700,62.754556640625,0.1400208324193954,-0.122175209224224,-0.1230644434690475
2026-09-17T08:28:09.092515,1789633689092515600,62.764515625,-0.0301873795688152,-0.1928062438964843,-0.159643217921257
2026-09-17T08:28:09.102474,1789633689102474800,62.77447485351563,-0.1818871647119522,-0.1977024674415588,-0.1651626229286193
2026-09-17T08:28:09.112434,1789633689112434700,62.7844345703125,0.0359005592763423,-0.1009881645441055,-0.1536897271871566
2026-09-17T08:28:09.122393,1789633689122393600,62.7943935546875,0.3323625922203064,-0.0121738798916339,-0.1829645186662674
2026-09-17T08:28:09.132352,1789633689132352500,62.8043525390625,0.3840260505676269,-0.0017241679597645,-0.2173813581466674
2026-09-17T08:28:09.142311,1789633689142311700,62.814311767578126,0.2546086609363556,-0.0015683728270232,-0.218592032790184
2026-09-17T08:28:09.152272,1789633689152272000,62.82427197265625,0.0761616975069046,-0.0061607277020812,-0.2013784199953079
2026-09-17T08:28:09.162230,1789633689162230800,62.83423071289062,-0.006546233780682,0.005125748924911,-0.2011648416519165
2026-09-17T08:28:09.172189,1789633689172189700,62.84418969726563,0.0356329120695591,0.0233444347977638,-0.2109245210886001
2026-09-17T08:28:09.182148,1789633689182148600,62.85414868164062,0.1420861184597015,0.0419996082782745,-0.2326074391603469
2026-09-17T08:28:09.192108,1789633689192108500,62.86410864257813,0.2503997981548309,0.0667361170053482,-0.2559862732887268
2026-09-17T08:28:09.202067,1789633689202067700,62.87406762695313,0.3270623683929443,0.0536133870482444,-0.2743668854236603
2026-09-17T08:28:09.212026,1789633689212026600,62.884026611328125,0.3722071945667267,0.0544126033782959,-0.2844520211219787
2026-09-17T08:28:09.221986,1789633689221986600,62.893986572265625,0.4176103770732879,0.0514306612312793,-0.2850190103054046
2026-09-17T08:28:09.231945,1789633689231945500,62.90394555664062,0.4520325362682342,0.0500045381486415,-0.2775360643863678
2026-09-17T08:28:09.241904,1789633689241904600,62.913904541015626,0.4772624969482422,0.0586598142981529,-0.3029647171497345
2026-09-17T08:28:09.251863,1789633689251863800,62.92386376953125,0.521730363368988,0.0630702748894691,-0.3281893730163574
2026-09-17T08:28:09.261823,1789633689261823700,62.93382373046875,0.5539085268974304,0.0702056810259819,-0.3373557031154632
2026-09-17T08:28:09.271782,1789633689271782700,62.94378271484375,0.5152735710144043,0.0685244277119636,-0.323957622051239
2026-09-17T08:28:09.281741,1789633689281741600,62.95374145507813,0.4320793151855469,0.0613962113857269,-0.3069038093090057
2026-09-17T08:28:09.291700,1789633689291700500,62.96370043945313,0.3683554828166961,0.0503198578953743,-0.291043072938919
2026-09-17T08:28:09.301660,1789633689301660400,62.97366040039063,0.3919398784637451,0.05228953063488,-0.2983369529247284
2026-09-17T08:28:09.311619,1789633689311619600,62.98361962890625,0.4941112697124481,0.0745181441307067,-0.312002956867218
2026-09-17T08:28:09.321578,1789633689321578500,62.99357861328125,0.6201986074447632,0.0951235517859458,-0.3436599373817444
2026-09-17T08:28:09.331537,1789633689331537400,63.003537353515625,0.7173464894294739,0.1067863330245018,-0.372820496559143
2026-09-17T08:28:09.341497,1789633689341497300,63.013497314453126,0.7525705099105835,0.1199210435152053,-0.3918194770812988
2026-09-17T08:28:09.351456,1789633689351456500,63.02345654296875,0.7656168341636658,0.123259849846363,-0.4119636416435241
2026-09-17T08:28:09.361415,1789633689361415700,63.03341577148438,0.7416244149208069,0.1166256442666053,-0.4132786989212036
2026-09-17T08:28:09.371375,1789633689371375600,63.04337573242187,0.6680018305778503,0.1016102135181427,-0.4068117439746856
2026-09-17T08:28:09.381334,1789633689381334500,63.05333447265625,0.4998477101325989,0.0663683339953422,-0.3935124576091766
2026-09-17T08:28:09.391293,1789633689391293400,63.06329345703125,0.2825201749801636,0.0323459170758724,-0.3760181665420532
2026-09-17T08:28:09.401252,1789633689401252600,63.07325268554688,0.1664979755878448,0.0097495289519429,-0.3895494043827057
2026-09-17T08:28:09.411212,1789633689411212500,63.08321264648438,0.1360237002372741,0.0146137923002243,-0.4109114110469818
2026-09-17T08:28:09.421171,1789633689421171500,63.09317138671875,0.1627586334943771,0.0297176446765661,-0.4704954028129577
2026-09-17T08:28:09.431130,1789633689431130400,63.10313037109375,0.1971269994974136,0.0342095978558063,-0.5466886758804321
2026-09-17T08:28:09.441089,1789633689441089300,63.11308935546875,0.210997000336647,0.0315160751342773,-0.6097880005836487
2026-09-17T08:28:09.451049,1789633689451049500,63.123049560546875,0.1608829647302627,0.0029419567435979,-0.6595633029937744
2026-09-17T08:28:09.461008,1789633689461008600,63.13300854492188,0.0808565765619278,-0.0358536429703235,-0.6954458951950073
2026-09-17T08:28:09.470967,1789633689470967600,63.142967529296875,0.060505237430334,-0.0699016228318214,-0.7690205574035645
2026-09-17T08:28:09.480926,1789633689480926500,63.15292651367187,0.1000771448016166,-0.1032475531101226,-0.8643618822097778
2026-09-17T08:28:09.490886,1789633689490886400,63.16288647460937,0.0910516902804374,-0.1498869657516479,-0.9508930444717408
2026-09-17T08:28:09.500845,1789633689500845300,63.17284521484375,0.0899848341941833,-0.1998372077941894,-1.0491690635681152
2026-09-17T08:28:09.510804,1789633689510804500,63.18280444335937,0.1050170436501503,-0.2636966109275818,-1.162076711654663
2026-09-17T08:28:09.520764,1789633689520764700,63.1927646484375,0.0862074047327041,-0.3327353298664093,-1.2951916456222534
2026-09-17T08:28:09.530723,1789633689530723600,63.2027236328125,0.0285659488290548,-0.3870427906513214,-1.4303981065750122
2026-09-17T08:28:09.540682,1789633689540682500,63.2126826171875,0.0397062189877033,-0.3759179711341858,-1.6054309606552124
2026-09-17T08:28:09.550641,1789633689550641700,63.2226416015625,0.1236847415566444,-0.3019579946994781,-1.7927976846694946
2026-09-17T08:28:09.560601,1789633689560601600,63.2326015625,0.1742778718471527,-0.2903516590595245,-2.0147545337677
2026-09-17T08:28:09.570560,1789633689570560500,63.242560546875,0.1559785008430481,-0.379375010728836,-2.289130687713623
2026-09-17T08:28:09.580519,1789633689580519400,63.25251953125,0.0582269057631492,-0.3928018808364868,-2.5534377098083496
2026-09-17T08:28:09.590478,1789633689590478300,63.262478271484376,0.0507615320384502,-0.2507347464561462,-2.8290507793426514
2026-09-17T08:28:09.600438,1789633689600438500,63.2724384765625,0.1554306894540786,-0.1865922510623932,-3.186383008956909
2026-09-17T08:28:09.610397,1789633689610397700,63.282397705078125,0.0981125310063362,-0.1218281611800193,-3.574122905731201
2026-09-17T08:28:09.620356,1789633689620356600,63.29235668945312,-0.0104525573551654,0.0407666116952896,-3.982034206390381
2026-09-17T08:28:09.630316,1789633689630316500,63.30231665039062,-0.1357782632112503,0.3123461902141571,-4.457306861877441
2026-09-17T08:28:09.640275,1789633689640275500,63.312275390625,-0.3114635348320007,0.4976300299167633,-5.037333011627197
2026-09-17T08:28:09.650234,1789633689650234400,63.322234375,-0.3917799293994903,0.4821703732013702,-5.75338888168335
2026-09-17T08:28:09.660193,1789633689660193500,63.33219360351563,-0.4062494337558746,0.3530038595199585,-6.438696384429932
2026-09-17T08:28:09.670153,1789633689670153700,63.34215380859375,-0.0430672243237495,0.2024902552366256,-6.806334495544434
2026-09-17T08:28:09.680112,1789633689680112600,63.35211254882813,0.5767566561698914,0.3807835578918457,-6.836222171783447
2026-09-17T08:28:09.690071,1789633689690071600,63.36207153320313,0.948052704334259,0.5340932011604309,-6.878006458282471
2026-09-17T08:28:09.700030,1789633689700030500,63.372030517578125,0.912777543067932,0.8261194825172424,-6.76875638961792
2026-09-17T08:28:09.709990,1789633689709990400,63.381990478515625,0.5080617070198059,1.2813224792480469,-6.324680805206299
2026-09-17T08:28:09.719949,1789633689719949600,63.39194946289062,0.0479654781520366,1.413326382637024,-6.037515163421631
2026-09-17T08:28:09.729908,1789633689729908500,63.401908447265626,-0.1235402375459671,1.3543682098388672,-5.954343795776367
2026-09-17T08:28:09.739868,1789633689739868400,63.41186840820313,0.0711469650268554,1.5096355676651,-6.194177150726318
2026-09-17T08:28:09.749827,1789633689749827600,63.42182763671875,0.0796051621437072,1.415951371192932,-5.963604927062988
2026-09-17T08:28:09.759786,1789633689759786500,63.43178637695313,-0.2768309712409973,1.4560588598251345,-5.5099873542785645
2026-09-17T08:28:09.769745,1789633689769745700,63.44174560546875,-0.7532012462615967,1.191956877708435,-4.504216194152832
2026-09-17T08:28:09.779705,1789633689779705600,63.45170556640625,-0.8226833939552307,0.9785625338554382,-2.404709577560425
2026-09-17T08:28:09.789664,1789633689789664500,63.46166455078125,-0.4163121879100799,0.8372927904129028,-0.4712186157703399
2026-09-17T08:28:09.799623,1789633689799623400,63.47162353515625,-0.024264508858323,0.3609685897827148,0.9428261518478394
2026-09-17T08:28:09.809582,1789633689809582600,63.48158251953125,0.319165289402008,-0.0650807321071624,2.045076370239258
2026-09-17T08:28:09.819542,1789633689819542500,63.49154248046875,0.583521842956543,-0.3310916423797607,2.860166072845459
2026-09-17T08:28:09.829501,1789633689829501400,63.50150146484375,0.6562450528144836,-0.4942169189453125,3.4464995861053467
2026-09-17T08:28:09.839460,1789633689839460600,63.511460693359375,0.5884466171264648,-0.5326889157295227,3.892472982406616
2026-09-17T08:28:09.849419,1789633689849419500,63.52141943359375,0.4058064520359039,-0.451293408870697,4.260797500610352
2026-09-17T08:28:09.859379,1789633689859379500,63.53137939453125,0.1452763229608535,-0.3105299174785614,4.577940940856934
2026-09-17T08:28:09.869338,1789633689869338600,63.54133862304688,-0.1627981513738632,-0.1212148368358612,4.863210201263428
2026-09-17T08:28:09.879297,1789633689879297500,63.55129760742187,-0.500110924243927,0.0729501098394393,5.157509803771973
2026-09-17T08:28:09.889257,1789633689889257500,63.56125756835937,-0.818556010723114,0.2273255735635757,5.501290798187256
2026-09-17T08:28:09.899216,1789633689899216400,63.57121630859375,-1.0366753339767456,0.3797776997089386,5.855462074279785
2026-09-17T08:28:09.909175,1789633689909175300,63.58117529296875,-1.0854966640472412,0.532812237739563,6.110379219055176
2026-09-17T08:28:09.919134,1789633689919134700,63.591134765625,-1.0299031734466553,0.6445581912994385,6.188357353210449
2026-09-17T08:28:09.929094,1789633689929094700,63.6010947265625,-1.0632909536361694,0.7063542008399963,6.153444766998291
2026-09-17T08:28:09.939053,1789633689939053600,63.611053466796875,-1.1903162002563477,0.7429042458534241,5.983660697937012
2026-09-17T08:28:09.949012,1789633689949012500,63.62101245117187,-1.3115766048431396,0.6570202112197876,5.725884914398193
2026-09-17T08:28:09.958971,1789633689958971400,63.63097143554688,-1.402621865272522,0.5777475237846375,5.503857135772705
2026-09-17T08:28:09.968931,1789633689968931300,63.640931396484376,-1.523853421211243,0.4793066680431366,5.449426174163818
2026-09-17T08:28:09.978890,1789633689978890500,63.65089038085937,-1.5708001852035522,0.2334495037794113,5.466591835021973
2026-09-17T08:28:09.988849,1789633689988849400,63.66084936523438,-1.5628093481063845,0.0447126179933548,5.640770435333252
2026-09-17T08:28:09.998809,1789633689998809600,63.6708095703125,-1.5314549207687378,-0.1638374030590057,5.9342217445373535
2026-09-17T08:28:10.008768,1789633690008768500,63.6807685546875,-1.492986083030701,-0.349944144487381,6.143069744110107
2026-09-17T08:28:10.018727,1789633690018727400,63.6907275390625,-1.5150599479675293,-0.4863800406455993,6.250694751739502
2026-09-17T08:28:10.028686,1789633690028686600,63.7006865234375,-1.6650571823120115,-0.5386461615562439,6.278574466705322
2026-09-17T08:28:10.038646,1789633690038646500,63.710646484375,-1.923192858695984,-0.4929623007774353,6.26068115234375
2026-09-17T08:28:10.048605,1789633690048605400,63.72060546875,-2.187173366546631,-0.4120626449584961,6.255396366119385
2026-09-17T08:28:10.058564,1789633690058564400,63.730564453125,-2.3470778465270996,-0.2588267624378204,6.162028789520264
2026-09-17T08:28:10.068523,1789633690068523500,63.7405234375,-2.379314661026001,-0.2199126482009887,5.982762813568115
2026-09-17T08:28:10.078483,1789633690078483500,63.7504833984375,-2.175331115722656,-0.0816336050629615,5.582045078277588
2026-09-17T08:28:10.088442,1789633690088442600,63.76044262695312,-2.094238758087158,-0.0384856015443801,5.229813575744629
2026-09-17T08:28:10.098401,1789633690098401500,63.770401611328126,-2.2221591472625732,0.0424539893865585,4.830453395843506
2026-09-17T08:28:10.108360,1789633690108360400,63.7803603515625,-2.5061140060424805,0.1440993845462799,4.230537414550781
2026-09-17T08:28:10.118320,1789633690118320400,63.7903203125,-2.793435573577881,0.0234139841049909,3.1881189346313477
2026-09-17T08:28:10.128279,1789633690128279600,63.80027954101563,-2.688892126083374,-0.156510517001152,1.892748236656189
2026-09-17T08:28:10.138238,1789633690138238500,63.81023852539062,-1.982954978942871,-0.2453636825084686,0.6324576735496521
2026-09-17T08:28:10.148198,1789633690148198700,63.82019873046875,-1.2499263286590576,-0.3851945400238037,-0.4532979428768158
2026-09-17T08:28:10.158157,1789633690158157600,63.83015747070313,-0.5735646486282349,-0.4534271359443664,-1.204448699951172
2026-09-17T08:28:10.168116,1789633690168116500,63.840116455078125,-0.0939684957265853,-0.2602907121181488,-2.4641106128692627
2026-09-17T08:28:10.178075,1789633690178075600,63.85007568359375,-0.1304961442947387,0.3392182886600494,-0.7485048174858093
2026-09-17T08:28:10.188035,1789633690188035600,63.86003564453125,1.6428232192993164,-0.7911649346351624,-1.0925716161727903
2026-09-17T08:28:10.197994,1789633690197994500,63.869994384765626,3.644516706466675,-0.3243564963340759,-4.8661909103393555
2026-09-17T08:28:10.207953,1789633690207953400,63.87995336914062,4.5092453956604,-0.0904382839798927,-7.959051609039307
2026-09-17T08:28:10.217912,1789633690217912300,63.889912353515626,3.5305380821228027,-0.3831548392772674,-8.36644172668457
2026-09-17T08:28:10.227872,1789633690227872500,63.89987255859375,0.3015753626823425,-2.901050090789795,-6.675094127655029
2026-09-17T08:28:10.237831,1789633690237831700,63.909831787109376,-1.0295263528823853,-2.9448819160461426,-3.834439992904663
2026-09-17T08:28:10.247790,1789633690247790600,63.91979052734375,0.9971169233322144,-0.6777814030647278,-0.731572151184082
2026-09-17T08:28:10.257750,1789633690257750500,63.92975048828125,2.534996032714844,0.0991659983992576,0.1319466233253479
2026-09-17T08:28:10.267709,1789633690267709400,63.93970947265625,1.6839171648025513,-0.1240186095237732,-0.147055983543396
2026-09-17T08:28:10.277668,1789633690277668400,63.94966845703125,-0.0717385560274124,-0.3019228279590606,-0.2715851366519928
2026-09-17T08:28:10.287627,1789633690287627500,63.95962744140625,-1.2869426012039185,-0.5284217596054077,-0.1893363296985626
2026-09-17T08:28:10.297587,1789633690297587500,63.96958740234375,-0.9855939745903016,-0.381506085395813,-0.1242257729172706
2026-09-17T08:28:10.307546,1789633690307546600,63.979546630859375,0.0646983832120895,-0.110258862376213,-0.1790112555027008
2026-09-17T08:28:10.317505,1789633690317505800,63.989505859375,0.6178699731826782,-0.0132364388555288,-0.2111335098743438
2026-09-17T08:28:10.327464,1789633690327464700,63.999464599609375,0.5724015831947327,-0.0117661077529191,-0.2360684126615524
2026-09-17T08:28:10.337424,1789633690337424600,64.00942456054688,0.4217188358306885,-0.0287517495453357,-0.2294957339763641
2026-09-17T08:28:10.347383,1789633690347383800,64.0193837890625,0.4394027590751648,0.0126811787486076,-0.1520387530326843
2026-09-17T08:28:10.357342,1789633690357342700,64.0293427734375,0.4709979593753814,0.0626663118600845,-0.0692312270402908
2026-09-17T08:28:10.367303,1789633690367303000,64.03930297851562,0.3772914409637451,0.0487478375434875,-0.0478172823786735
2026-09-17T08:28:10.377261,1789633690377261800,64.04926171875,0.2513007521629333,-0.0186668913811445,-0.1695826053619384
2026-09-17T08:28:10.387220,1789633690387220700,64.059220703125,0.2807342708110809,-0.0546019896864891,-0.2939463555812835
2026-09-17T08:28:10.397180,1789633690397180000,64.06917993164062,0.3704662919044494,-0.0351121798157691,-0.2904118299484253
2026-09-17T08:28:10.407139,1789633690407139800,64.07913989257813,0.3635308742523193,-0.0215883776545524,-0.2775372862815857
2026-09-17T08:28:10.417098,1789633690417098800,64.0890986328125,0.2917565703392029,-0.0219412464648485,-0.2629945576190948
2026-09-17T08:28:10.427057,1789633690427057700,64.0990576171875,0.2854672372341156,-0.0053534819744527,-0.2407015115022659
2026-09-17T08:28:10.437016,1789633690437016800,64.10901684570312,0.3955492675304413,0.0092265252023935,-0.246297612786293
2026-09-17T08:28:10.446977,1789633690446977000,64.11897705078125,0.4972463548183441,0.0310055911540985,-0.2200114130973816
2026-09-17T08:28:10.456936,1789633690456936000,64.12893603515624,0.4447410702705383,0.0255085602402687,-0.1973138302564621
2026-09-17T08:28:10.466894,1789633690466894800,64.13889477539063,0.3825922012329101,0.0207175333052873,-0.1985351592302322
2026-09-17T08:28:10.476853,1789633690476853800,64.14885375976563,0.3979485034942627,0.0422720909118652,-0.1873706579208374
2026-09-17T08:28:10.486813,1789633690486813700,64.15881372070312,0.3754882216453552,0.0537766814231872,-0.1643039435148239
2026-09-17T08:28:10.496772,1789633690496772900,64.16877294921875,0.2722193598747253,0.0301875509321689,-0.1824329942464828
2026-09-17T08:28:10.506731,1789633690506731800,64.17873168945313,0.164683312177658,0.0126538313925266,-0.1997209042310714
2026-09-17T08:28:10.516691,1789633690516691700,64.18869165039062,0.1115817427635192,0.0131936548277735,-0.1951349526643753
2026-09-17T08:28:10.526651,1789633690526651000,64.19865087890625,0.125850424170494,0.0240391120314598,-0.1901130229234695
2026-09-17T08:28:10.536609,1789633690536609800,64.20860986328125,0.178534135222435,0.0412455275654792,-0.1857161521911621
2026-09-17T08:28:10.546569,1789633690546569000,64.21856884765624,0.2353020906448364,0.0673351809382438,-0.1739572286605835
2026-09-17T08:28:10.556529,1789633690556529000,64.22852880859375,0.2624820470809936,0.0785359069705009,-0.1679534018039703
2026-09-17T08:28:10.566487,1789633690566487800,64.23848779296875,0.2623893618583679,0.0742242485284805,-0.1652316451072693
2026-09-17T08:28:10.576446,1789633690576446700,64.24844677734374,0.2338701039552688,0.0611486621201038,-0.1681416779756546
2026-09-17T08:28:10.586405,1789633690586405600,64.25840551757813,0.2178282886743545,0.0429209247231483,-0.179203912615776
2026-09-17T08:28:10.596365,1789633690596365600,64.26836547851562,0.2201865166425705,0.0425230488181114,-0.1800891607999801
2026-09-17T08:28:10.606325,1789633690606325000,64.27832495117187,0.2021657079458236,0.0358267948031425,-0.1618100106716156
2026-09-17T08:28:10.616284,1789633690616284000,64.28828393554687,0.1472055166959762,0.0181226320564746,-0.1381734013557434
2026-09-17T08:28:10.626242,1789633690626242800,64.29824291992188,0.1068940460681915,-0.0123162325471639,-0.1376157253980636
2026-09-17T08:28:10.636202,1789633690636202800,64.30820263671875,0.0832893848419189,-0.0272405873984098,-0.1277604401111602
2026-09-17T08:28:10.646162,1789633690646162000,64.31816186523437,0.0814925506711006,-0.0489903576672077,-0.122268721461296
2026-09-17T08:28:10.656120,1789633690656120800,64.32812084960938,0.1077065765857696,-0.0672607123851776,-0.1299631297588348
2026-09-17T08:28:10.666080,1789633690666080800,64.33808081054687,0.1856224089860916,-0.0812015607953071,-0.1417348384857177
2026-09-17T08:28:10.676039,1789633690676039700,64.34803979492187,0.247329980134964,-0.0874794274568557,-0.1484241634607315
2026-09-17T08:28:10.685998,1789633690685998800,64.35799877929688,0.2616204917430877,-0.0817019715905189,-0.1424088925123214
2026-09-17T08:28:10.695958,1789633690695958000,64.3679580078125,0.2758636176586151,-0.066732607781887,-0.1475525200366974
2026-09-17T08:28:10.705918,1789633690705918000,64.37791796875,0.2345787733793258,-0.0489666536450386,-0.1542250663042068
2026-09-17T08:28:10.715876,1789633690715876900,64.387876953125,0.2362429797649383,-0.0334305725991725,-0.1960023343563079
2026-09-17T08:28:10.725835,1789633690725835800,64.39783569335937,0.2602670788764953,-0.0280078444629907,-0.2402092218399047
2026-09-17T08:28:10.735794,1789633690735794700,64.40779467773437,0.2195614725351333,-0.0162507873028516,-0.2699756324291229
2026-09-17T08:28:10.745754,1789633690745754600,64.41775463867188,0.0829034894704818,-0.0150688756257295,-0.3026688694953918
2026-09-17T08:28:10.755713,1789633690755713800,64.4277138671875,0.0846467986702919,-0.0091057922691106,-0.3901361227035522
2026-09-17T08:28:10.765672,1789633690765672700,64.43767260742187,0.1523560732603073,-0.0004308114293962,-0.5191580057144165
2026-09-17T08:28:10.775633,1789633690775633000,64.4476328125,0.1723763793706894,0.0251035764813423,-0.6486337184906006
2026-09-17T08:28:10.785591,1789633690785591800,64.457591796875,0.1792779564857483,0.0447225533425807,-0.8163795471191406
2026-09-17T08:28:10.795550,1789633690795550700,64.46755078125,0.2462231814861297,0.00920663587749,-0.9853891134262084
2026-09-17T08:28:10.805510,1789633690805510000,64.47751000976562,0.2421288341283798,-0.0394988507032394,-1.1709980964660645
2026-09-17T08:28:10.815469,1789633690815469800,64.4874697265625,0.2257506549358368,-0.0970662757754325,-1.3672302961349487
2026-09-17T08:28:10.825428,1789633690825428700,64.4974287109375,0.2180445343255996,-0.1485393196344375,-1.5690784454345703
2026-09-17T08:28:10.835387,1789633690835387600,64.5073876953125,0.2238329201936721,-0.1981428265571594,-1.754027247428894
2026-09-17T08:28:10.845346,1789633690845346800,64.51734692382813,0.2305347621440887,-0.2286274880170822,-1.9625767469406128
2026-09-17T08:28:10.855306,1789633690855306800,64.527306640625,0.2077900320291519,-0.3122970759868622,-2.2492237091064453
2026-09-17T08:28:10.865266,1789633690865266000,64.53726586914063,0.1595343500375747,-0.3424544632434845,-2.571241617202759
2026-09-17T08:28:10.875224,1789633690875224800,64.54722485351563,0.1242232322692871,-0.2887065410614013,-2.884813070297241
2026-09-17T08:28:10.885184,1789633690885184800,64.55718481445312,0.1738219410181045,-0.3095074295997619,-3.237172842025757
2026-09-17T08:28:10.895143,1789633690895143700,64.56714379882813,0.1168811619281768,-0.320640504360199,-3.637192249298096
2026-09-17T08:28:10.905102,1789633690905102800,64.57710278320313,-0.0296475514769554,-0.2698143422603607,-4.050537586212158
2026-09-17T08:28:10.915061,1789633690915061800,64.58706176757812,-0.1039569377899169,-0.0614568777382373,-4.469046115875244
2026-09-17T08:28:10.925022,1789633690925022000,64.59702197265625,-0.230672538280487,0.2521910369396209,-4.926293849945068
2026-09-17T08:28:10.934980,1789633690934980900,64.60698095703125,-0.4235008358955383,0.4349789917469024,-5.5173773765563965
2026-09-17T08:28:10.944939,1789633690944939800,64.61693969726562,-0.5557949542999268,0.3912312388420105,-6.1749958992004395
2026-09-17T08:28:10.954899,1789633690954899000,64.62689892578125,-0.3875894546508789,0.2093003243207931,-6.678537845611572
2026-09-17T08:28:10.964859,1789633690964859000,64.63685888671876,0.113682173192501,0.1277236938476562,-6.856937885284424
2026-09-17T08:28:10.974817,1789633690974817800,64.64681787109375,0.5784592032432556,0.4281964302062988,-6.710800647735596
2026-09-17T08:28:10.984776,1789633690984776700,64.65677661132813,0.7298740148544312,0.6295241713523865,-6.504114627838135
2026-09-17T08:28:10.994735,1789633690994735600,64.66673559570313,0.6493589282035828,0.9377683401107788,-6.3138604164123535
2026-09-17T08:28:11.004695,1789633691004695800,64.67669580078125,0.2797949910163879,1.4083502292633057,-5.850492000579834
2026-09-17T08:28:11.014655,1789633691014655000,64.68665502929687,-0.1818450838327407,1.3541817665100098,-5.631523609161377
2026-09-17T08:28:11.024614,1789633691024614000,64.69661376953125,-0.404093861579895,1.1323460340499878,-5.62886381149292
2026-09-17T08:28:11.034573,1789633691034573800,64.70657373046875,-0.2469146251678466,1.288464069366455,-6.000442981719971
2026-09-17T08:28:11.044532,1789633691044532700,64.71653271484375,-0.2125345468521118,1.3343247175216677,-5.956827640533447
2026-09-17T08:28:11.054491,1789633691054491600,64.72649169921876,-0.5519208312034607,1.4960709810256958,-5.608521461486816
2026-09-17T08:28:11.064450,1789633691064450800,64.73645092773438,-1.0505608320236206,1.2527225017547607,-4.696920394897461
2026-09-17T08:28:11.074411,1789633691074411000,64.74641088867187,-0.9875527620315552,1.0893746614456177,-2.775681495666504
2026-09-17T08:28:11.084370,1789633691084370000,64.75636987304688,-0.3720677495002746,0.9287108778953552,-0.940085232257843
2026-09-17T08:28:11.094328,1789633691094328800,64.76632885742187,0.1399454772472381,0.4379742443561554,0.5925841927528381
2026-09-17T08:28:11.104287,1789633691104287700,64.77628784179687,0.523962140083313,0.0074452208355069,1.8598586320877075
2026-09-17T08:28:11.114247,1789633691114247700,64.78624755859374,0.9493645429611206,-0.284882515668869,2.832682847976685
2026-09-17T08:28:11.124206,1789633691124206800,64.79620678710937,1.1664832830429075,-0.5059486031532288,3.5770466327667236
2026-09-17T08:28:11.134165,1789633691134165800,64.80616577148437,1.1367511749267578,-0.597689688205719,4.219015121459961
2026-09-17T08:28:11.144125,1789633691144125700,64.81612573242188,1.0162814855575562,-0.5843392610549927,4.7439398765563965
2026-09-17T08:28:11.154084,1789633691154084600,64.82608471679687,0.8667935132980347,-0.4809518754482269,5.1079535484313965
2026-09-17T08:28:11.164043,1789633691164043800,64.83604370117187,0.6475104689598083,-0.3478153944015503,5.363271236419678
2026-09-17T08:28:11.174003,1789633691174003000,64.8460029296875,0.3793221116065979,-0.2609859704971313,5.54660701751709
2026-09-17T08:28:11.183963,1789633691183963000,64.855962890625,0.107920691370964,-0.1530051678419113,5.664555549621582
2026-09-17T08:28:11.193921,1789633691193921800,64.865921875,-0.1305584609508514,-0.0196830686181783,5.750670433044434
2026-09-17T08:28:11.203880,1789633691203880700,64.87588061523438,-0.3570200800895691,0.1222895085811615,5.827706813812256
2026-09-17T08:28:11.213840,1789633691213840000,64.88583984375,-0.5990965962409973,0.196083053946495,5.85274076461792
2026-09-17T08:28:11.223799,1789633691223799800,64.8957998046875,-0.7530710101127625,0.2048839926719665,5.784803867340088
2026-09-17T08:28:11.233758,1789633691233758700,64.9057587890625,-0.7684206366539001,0.1330952942371368,5.684658527374268
2026-09-17T08:28:11.243718,1789633691243718000,64.9157177734375,-0.7068667411804199,0.0615025982260704,5.615237712860107
2026-09-17T08:28:11.253677,1789633691253677800,64.925677734375,-0.6361821889877319,-0.1351630538702011,5.574621677398682
2026-09-17T08:28:11.263636,1789633691263636700,64.93563671875,-0.5168049335479736,-0.3219297528266907,5.57873010635376
2026-09-17T08:28:11.273596,1789633691273596000,64.94559594726563,-0.4006650447845459,-0.5118498802185059,5.639970302581787
2026-09-17T08:28:11.283554,1789633691283554800,64.95555493164062,-0.3463248312473297,-0.6966469287872314,5.711068153381348
2026-09-17T08:28:11.293514,1789633691293514800,64.9655146484375,-0.3505821526050567,-0.8715636134147644,5.739180088043213
2026-09-17T08:28:11.303473,1789633691303473700,64.9754736328125,-0.4191106259822845,-1.0199642181396484,5.753793716430664
2026-09-17T08:28:11.313432,1789633691313432600,64.9854326171875,-0.5486579537391663,-1.1636455059051514,5.739422798156738
2026-09-17T08:28:11.323391,1789633691323391200,64.99539111328124,-0.6544594764709473,-1.2738229036331177,5.708093643188477
2026-09-17T08:28:11.333351,1789633691333351200,65.00535107421875,-0.6960495114326477,-1.326316475868225,5.694150447845459
2026-09-17T08:28:11.343310,1789633691343310000,65.01531005859376,-0.6972668766975403,-1.3449125289916992,5.752500534057617
2026-09-17T08:28:11.353269,1789633691353269000,65.02526904296874,-0.6807147860527039,-1.278497576713562,5.705514907836914
2026-09-17T08:28:11.363228,1789633691363228200,65.03522827148437,-0.7076089978218079,-1.1682692766189575,5.567756652832031
2026-09-17T08:28:11.373188,1789633691373188400,65.04518823242188,-0.7852973937988281,-0.962980091571808,5.338278770446777
2026-09-17T08:28:11.383147,1789633691383147300,65.05514721679687,-0.9971808791160583,-0.6508485674858093,5.030350208282471
2026-09-17T08:28:11.393106,1789633691393106200,65.06510620117187,-1.3601309061050415,-0.2599001824855804,4.638541221618652
2026-09-17T08:28:11.403066,1789633691403066000,65.07506616210938,-1.753628134727478,0.1581388562917709,4.188669204711914
2026-09-17T08:28:11.413025,1789633691413025000,65.08502490234375,-2.085285186767578,0.5317984223365784,3.7035012245178223
2026-09-17T08:28:11.422984,1789633691422984200,65.09498413085937,-2.3435218334198,0.80484539270401,3.2334916591644287
2026-09-17T08:28:11.432943,1789633691432943000,65.10494311523438,-2.52653169631958,0.9662215113639832,2.751448154449463
2026-09-17T08:28:11.442903,1789633691442903300,65.1149033203125,-2.6103827953338623,0.970795512199402,2.220484972000122
2026-09-17T08:28:11.452862,1789633691452862200,65.1248623046875,-2.5090491771698,0.8324903845787048,1.6204979419708252
2026-09-17T08:28:11.462821,1789633691462821000,65.13482104492188,-2.154919385910034,0.6024052500724792,1.1912896633148191
2026-09-17T08:28:11.472780,1789633691472780300,65.1447802734375,-1.6919817924499512,0.4237777292728424,0.8380994200706482
2026-09-17T08:28:11.482740,1789633691482740200,65.154740234375,-1.241884469985962,0.2965859472751617,0.5549963116645813
2026-09-17T08:28:11.492699,1789633691492699100,65.16469921875,-0.749674916267395,0.2539806962013244,0.2565741837024688
2026-09-17T08:28:11.502658,1789633691502658000,65.17465795898437,-0.1837852001190185,0.1768196076154709,-0.2742060720920563
2026-09-17T08:28:11.512618,1789633691512618000,65.18461791992188,0.4964641630649566,0.0046478784643113,-1.0664719343185425
2026-09-17T08:28:11.522577,1789633691522577400,65.19457739257813,0.949125111103058,-0.1459940820932388,-1.7534337043762207
2026-09-17T08:28:11.532536,1789633691532536300,65.20453637695313,0.8911089897155762,-0.1061588004231453,-1.9253509044647217
2026-09-17T08:28:11.542495,1789633691542495200,65.2144951171875,0.5484144687652588,-1.2876176834106443,-1.5304603576660156
2026-09-17T08:28:11.552455,1789633691552455200,65.224455078125,1.768990993499756,-2.2357401847839355,-0.7971330881118774
2026-09-17T08:28:11.562414,1789633691562414000,65.2344140625,2.5502398014068604,-0.3287889361381531,-3.432316780090332
2026-09-17T08:28:11.572373,1789633691572373200,65.24437329101562,2.135983467102051,-1.5551018714904783,-6.099363327026367
2026-09-17T08:28:11.582332,1789633691582332200,65.25433227539062,0.7079489827156067,-1.1462597846984863,-6.145755290985107
2026-09-17T08:28:11.592292,1789633691592292000,65.2642919921875,-1.0437917709350586,-0.663007915019989,-5.0676140785217285
2026-09-17T08:28:11.602251,1789633691602251300,65.27425122070312,-3.138831377029419,-1.1311739683151243,-4.085641384124756
2026-09-17T08:28:11.612210,1789633691612210200,65.28421020507812,-4.795699596405029,-3.0959932804107666,-3.194837808609009
2026-09-17T08:28:11.622170,1789633691622170000,65.29417016601562,-1.230033278465271,-0.7915177345275879,-1.6768410205841064
2026-09-17T08:28:11.632129,1789633691632129300,65.30412939453124,3.143815517425537,-0.1882999986410141,-0.3815710544586181
2026-09-17T08:28:11.642088,1789633691642088200,65.31408813476563,2.800610065460205,0.076169729232788,-0.001046618563123
2026-09-17T08:28:11.652047,1789633691652047000,65.32404711914063,1.2166796922683716,-0.0863688439130783,-0.0779805481433868
2026-09-17T08:28:11.662007,1789633691662007000,65.33400708007812,-0.5780696272850037,-0.395553320646286,-0.3162929713726043
2026-09-17T08:28:11.671966,1789633691671966000,65.34396606445313,-1.6247220039367676,-0.6326782703399658,-0.2519728541374206
2026-09-17T08:28:11.681925,1789633691681925000,65.35392504882813,-1.3624461889266968,-0.4250577092170715,-0.1851022094488144
2026-09-17T08:28:11.691884,1789633691691884300,65.36388427734374,-0.0059866956435143,-0.1100041344761848,-0.2466888725757599
2026-09-17T08:28:11.701844,1789633691701844200,65.37384423828125,0.8651564717292786,-0.0097608882933855,-0.3043399155139923
2026-09-17T08:28:11.711803,1789633691711803100,65.38380322265625,0.7880747318267822,-0.0805849954485893,-0.3784396946430206
2026-09-17T08:28:11.721762,1789633691721762300,65.39376220703124,0.4302553236484527,-0.1429413110017776,-0.3910007774829864
2026-09-17T08:28:11.731722,1789633691731722200,65.40372216796875,0.217066615819931,-0.1735045462846756,-0.3121019601821899
2026-09-17T08:28:11.741681,1789633691741681200,65.41368115234376,0.2189753055572509,-0.1849694550037384,-0.2999108135700226
2026-09-17T08:28:11.751640,1789633691751640000,65.42364013671875,0.2692539393901825,-0.1674327999353408,-0.3320330679416656
2026-09-17T08:28:11.761599,1789633691761599000,65.43359887695313,0.2865234613418579,-0.1578819006681442,-0.3433219194412231
2026-09-17T08:28:11.771559,1789633691771559200,65.44355908203126,0.3167636692523956,-0.1253924071788787,-0.3314775228500366
2026-09-17T08:28:11.781518,1789633691781518300,65.45351831054687,0.3276778161525726,-0.0851661637425422,-0.2869843542575836
2026-09-17T08:28:11.791477,1789633691791477200,65.46347729492187,0.2790562212467193,-0.0648598298430442,-0.2172494977712631
2026-09-17T08:28:11.801436,1789633691801436200,65.47343627929688,0.1937602311372757,-0.0515171252191066,-0.1556119620800018
2026-09-17T08:28:11.811396,1789633691811396000,65.48339599609375,0.1106096878647804,-0.0590173825621604,-0.1205314695835113
2026-09-17T08:28:11.821355,1789633691821355000,65.49335498046875,0.0900455564260482,-0.0583606474101543,-0.1130269467830658
2026-09-17T08:28:11.831314,1789633691831314200,65.50331420898438,0.1020819768309593,-0.0526199378073215,-0.1068715825676918
2026-09-17T08:28:11.841274,1789633691841274400,65.5132744140625,0.0940187275409698,-0.0426440052688121,-0.0856160968542099
2026-09-17T08:28:11.851233,1789633691851233300,65.5232333984375,0.0883022546768188,-0.0340949892997741,-0.0655451789498329
2026-09-17T08:28:11.861192,1789633691861192200,65.53319213867188,0.0678278729319572,-0.0266463961452245,-0.0503494516015052
2026-09-17T08:28:11.871151,1789633691871151000,65.54315112304687,0.0723323374986648,-0.0159111935645341,-0.0438915528357028
2026-09-17T08:28:11.881111,1789633691881111000,65.55311108398438,0.1007003337144851,0.0002067910972982,-0.0347670316696167
2026-09-17T08:28:11.891070,1789633691891070200,65.5630703125,0.0951353907585144,0.0103118894621729,-0.0231026522815227
2026-09-17T08:28:11.901029,1789633691901029000,65.57302905273437,0.0618698485195636,0.0108999153599143,-0.004773445893079
2026-09-17T08:28:11.910988,1789633691910988000,65.58298803710937,0.0607326813042163,0.0238343551754951,0.0113820871338248
2026-09-17T08:28:11.920948,1789633691920948200,65.5929482421875,0.0698918178677558,0.0352926068007946,0.0278542712330818
2026-09-17T08:28:11.930907,1789633691930907100,65.6029072265625,0.0828784555196762,0.0405984222888946,0.0341936610639095
2026-09-17T08:28:11.940866,1789633691940866300,65.6128662109375,0.123332142829895,0.0494957752525806,0.0334703475236892
2026-09-17T08:28:11.950825,1789633691950825200,65.6228251953125,0.1873052716255188,0.0500806085765361,0.0257650222629308
2026-09-17T08:28:11.960785,1789633691960785200,65.63278515625,0.2405133545398712,0.0395004004240036,-0.0160423461347818
2026-09-17T08:28:11.970744,1789633691970744000,65.642744140625,0.2398310601711273,0.0210835766047239,-0.0332711338996887
2026-09-17T08:28:11.980703,1789633691980703200,65.652703125,0.2251604944467544,0.0223997104912996,-0.0317960083484649
2026-09-17T08:28:11.990663,1789633691990663200,65.6626630859375,0.2300340831279754,0.0150943947955966,-0.0427735559642314
2026-09-17T08:28:12.000622,1789633692000622300,65.67262231445312,0.2425088584423065,0.0145673546940088,-0.0446843765676021
2026-09-17T08:28:12.010581,1789633692010581200,65.68258129882813,0.2536395490169525,0.0263148229569196,-0.0367470905184745
2026-09-17T08:28:12.020540,1789633692020540200,65.6925400390625,0.2593714594841003,0.029008612036705,-0.0436968766152858
2026-09-17T08:28:12.030500,1789633692030500000,65.7025,0.2721322774887085,0.036873459815979,-0.0476924143731594
2026-09-17T08:28:12.040459,1789633692040459300,65.71245922851563,0.2934404909610748,0.0528180710971355,-0.043989822268486
2026-09-17T08:28:12.050418,1789633692050418200,65.72241821289063,0.3138197958469391,0.0597215145826339,-0.0449634753167629
2026-09-17T08:28:12.060377,1789633692060377000,65.73237719726562,0.3625327348709106,0.0591326914727687,-0.0799227878451347
2026-09-17T08:28:12.070337,1789633692070337000,65.7423369140625,0.414806067943573,0.0473644472658634,-0.1212047189474105
2026-09-17T08:28:12.080296,1789633692080296200,65.75229614257813,0.447797566652298,0.0438860952854156,-0.153710201382637
2026-09-17T08:28:12.090255,1789633692090255400,65.76225537109374,0.475890189409256,0.0384894646704196,-0.1807695180177688
2026-09-17T08:28:12.100215,1789633692100215300,65.77221533203125,0.5166807770729065,0.0452118143439292,-0.1914266943931579
2026-09-17T08:28:12.110174,1789633692110174200,65.78217431640626,0.548552930355072,0.03110265545547,-0.1937755942344665
2026-09-17T08:28:12.120133,1789633692120133000,65.79213305664062,0.6012576818466187,0.0246162600815296,-0.2172175347805023
2026-09-17T08:28:12.130092,1789633692130092000,65.80209204101563,0.6654002070426941,0.0018342488911002,-0.2891630828380584
2026-09-17T08:28:12.140052,1789633692140052000,65.81205200195312,0.6327705979347229,-0.0017929763998836,-0.3289011716842651
2026-09-17T08:28:12.150011,1789633692150011100,65.82201123046875,0.6090895533561707,0.0058132777921855,-0.3272044658660888
2026-09-17T08:28:12.159970,1789633692159970300,65.83197021484375,0.6583444476127625,-0.020026309415698,-0.3715988397598266
2026-09-17T08:28:12.169929,1789633692169929200,65.84192919921875,0.7237409949302673,0.0092607401311397,-0.4115957915782928
2026-09-17T08:28:12.179889,1789633692179889200,65.85188916015625,0.7743868827819824,0.0398777686059474,-0.460188627243042
2026-09-17T08:28:12.189848,1789633692189848000,65.86184814453125,0.7979726195335388,0.0594349615275859,-0.509939432144165
2026-09-17T08:28:12.199807,1789633692199807200,65.87180712890626,0.7803651094436646,0.0827863588929176,-0.5419868230819702
2026-09-17T08:28:12.209767,1789633692209767200,65.88176708984375,0.7600425481796265,0.1388131529092788,-0.557021975517273
2026-09-17T08:28:12.219726,1789633692219726000,65.89172607421875,0.8953569531440735,0.1084578931331634,-0.6961236596107483
2026-09-17T08:28:12.229685,1789633692229685000,65.90168505859376,1.0544947385787964,0.087210401892662,-0.831460177898407
2026-09-17T08:28:12.239644,1789633692239644400,65.91164453125,1.125272274017334,0.0817344039678573,-0.94256991147995
2026-09-17T08:28:12.249604,1789633692249604400,65.92160424804688,1.0718460083007812,0.0442605353891849,-1.1185302734375
2026-09-17T08:28:12.259563,1789633692259563300,65.93156323242188,0.9277836084365844,-0.0019754029344767,-1.3886898756027222
2026-09-17T08:28:12.269522,1789633692269522200,65.94152221679687,0.7293655872344971,0.011776627972722,-1.6301603317260742
2026-09-17T08:28:12.279481,1789633692279481000,65.95148120117187,0.7200067043304443,-0.0683930441737175,-1.8751734495162964
2026-09-17T08:28:12.289441,1789633692289441000,65.96144091796874,0.6209051609039307,-0.1068645343184471,-2.100238800048828
2026-09-17T08:28:12.299400,1789633692299400200,65.97140014648437,0.5876138210296631,-0.1148303151130676,-2.3805484771728516
2026-09-17T08:28:12.309359,1789633692309359000,65.98135913085937,0.4941829144954681,-0.125709593296051,-2.696739196777344
2026-09-17T08:28:12.319318,1789633692319318500,65.99131860351562,0.436769962310791,-0.171266421675682,-3.0180373191833496
2026-09-17T08:28:12.329278,1789633692329278500,66.00127856445313,0.4747026860713959,-0.284628689289093,-3.3624730110168457
2026-09-17T08:28:12.339237,1789633692339237400,66.0112373046875,0.5358427166938782,-0.31627157330513,-3.657074689865112
2026-09-17T08:28:12.349196,1789633692349196500,66.02119653320312,0.603538990020752,-0.3939445316791534,-3.913607358932495
2026-09-17T08:28:12.359156,1789633692359156700,66.03115673828125,0.7649499773979187,-0.4951206743717193,-4.127340793609619
2026-09-17T08:28:12.369115,1789633692369115600,66.04111572265624,0.980273962020874,-0.5840103030204773,-4.360457420349121
2026-09-17T08:28:12.379074,1789633692379074600,66.05107446289063,1.2081258296966553,-0.5596455931663513,-4.570467472076416
2026-09-17T08:28:12.389033,1789633692389033500,66.06103344726563,1.4114227294921875,-0.4999798536300659,-4.671642780303955
2026-09-17T08:28:12.398993,1789633692398993400,66.07099340820312,1.8831831216812136,-0.4903112649917602,-4.782134056091309
2026-09-17T08:28:12.408952,1789633692408952600,66.08095263671875,2.349168062210083,-0.5198587775230408,-4.685222625732422
2026-09-17T08:28:12.418911,1789633692418911500,66.09091137695313,2.8395068645477295,-0.5358590483665466,-4.3448896408081055
2026-09-17T08:28:12.428871,1789633692428871400,66.10087133789062,3.2943148612976074,-0.7267845273017883,-4.097468852996826
2026-09-17T08:28:12.438830,1789633692438830600,66.11083056640625,3.5647666454315186,-0.702759325504303,-3.8907277584075928
2026-09-17T08:28:12.448789,1789633692448789500,66.12078955078125,3.621371984481811,-0.5241456627845764,-3.686965942382813
2026-09-17T08:28:12.458748,1789633692458748700,66.13074877929688,3.3921735286712646,-0.481099933385849,-3.638782262802124
2026-09-17T08:28:12.468708,1789633692468708600,66.14070849609375,3.155148506164551,-0.4289996922016144,-3.8101534843444824
2026-09-17T08:28:12.478667,1789633692478667500,66.15066748046875,3.0092129707336426,-0.2254348546266555,-3.99371075630188
2026-09-17T08:28:12.488626,1789633692488626400,66.16062646484374,2.5973925590515137,-0.4185039103031158,-3.726772546768189
2026-09-17T08:28:12.498585,1789633692498585300,66.17058544921875,1.6946063041687012,-0.7900620102882385,-3.220320701599121
2026-09-17T08:28:12.508545,1789633692508545300,66.18054516601562,0.7056480050086975,-1.2662922143936155,-2.5083932876586914
2026-09-17T08:28:12.518504,1789633692518504700,66.19050463867187,0.1300683468580246,-1.591604471206665,-1.672709345817566
2026-09-17T08:28:12.528463,1789633692528463600,66.20046362304687,0.0713157206773758,-1.7628024816513062,-0.8455973863601685
2026-09-17T08:28:12.538422,1789633692538422500,66.21042260742188,0.6056025624275208,-1.7772189378738403,-0.1019322499632835
2026-09-17T08:28:12.548382,1789633692548382500,66.22038256835937,1.2455888986587524,-1.886858344078064,0.6018341183662415
2026-09-17T08:28:12.558341,1789633692558341400,66.23034130859375,1.559783935546875,-2.0333669185638428,1.201980471611023
2026-09-17T08:28:12.568300,1789633692568300500,66.24030053710938,1.799982666969299,-2.0766453742980957,1.675291895866394
2026-09-17T08:28:12.578260,1789633692578260500,66.25026049804687,1.9314604997634888,-1.9693337678909304,2.065319538116455
2026-09-17T08:28:12.588219,1789633692588219400,66.26021948242187,1.8430153131484983,-1.7341015338897705,2.4186503887176514
2026-09-17T08:28:12.598178,1789633692598178600,66.27017846679688,1.5769098997116089,-1.4652453660964966,2.7696547508239746
2026-09-17T08:28:12.608137,1789633692608137700,66.2801376953125,1.199800729751587,-1.2253261804580688,3.130737781524658
2026-09-17T08:28:12.618097,1789633692618097700,66.29009765625,0.8605648279190063,-0.9728291630744934,3.4492809772491455
2026-09-17T08:28:12.628056,1789633692628056600,66.300056640625,0.691947340965271,-0.6899844408035278,3.718975782394409
2026-09-17T08:28:12.638015,1789633692638015500,66.31001538085937,0.5814983248710632,-0.5431643724441528,4.089323997497559
2026-09-17T08:28:12.647974,1789633692647974400,66.31997436523437,0.4810039103031158,-0.4905035495758056,4.586655616760254
2026-09-17T08:28:12.657934,1789633692657934300,66.32993432617188,0.4481676518917084,-0.4747608006000519,5.092543601989746
2026-09-17T08:28:12.667893,1789633692667893500,66.3398935546875,0.4730253517627716,-0.471838504076004,5.464278697967529
2026-09-17T08:28:12.677852,1789633692677852400,66.34985229492187,0.4881235957145691,-0.4593035578727722,5.594205379486084
2026-09-17T08:28:12.687812,1789633692687812600,66.3598125,0.4316302239894867,-0.4347231090068817,5.4635186195373535
2026-09-17T08:28:12.697771,1789633692697771500,66.369771484375,0.2439128011465072,-0.4234241247177124,5.236144542694092
2026-09-17T08:28:12.707730,1789633692707730400,66.37973046875,-0.1008515134453773,-0.4553647339344024,5.102662563323975
2026-09-17T08:28:12.717689,1789633692717689600,66.38968969726562,-0.4859283566474914,-0.5197266936302185,5.152811050415039
2026-09-17T08:28:12.727649,1789633692727649500,66.3996494140625,-0.7260405421257019,-0.5809506177902222,5.277842998504639
2026-09-17T08:28:12.737608,1789633692737608400,66.4096083984375,-0.7755883932113647,-0.6313594579696655,5.366397857666016
2026-09-17T08:28:12.747567,1789633692747567400,66.4195673828125,-0.7388902902603149,-0.6802068948745728,5.362613201141357
2026-09-17T08:28:12.757526,1789633692757526300,66.4295263671875,-0.7915210127830505,-0.7209625840187073,5.310608386993408
2026-09-17T08:28:12.767486,1789633692767486500,66.43948657226562,-0.9502480626106262,-0.7503446936607361,5.2492570877075195
2026-09-17T08:28:12.777445,1789633692777445600,66.44944555664063,-1.1591628789901731,-0.7836973667144775,5.22263765335083
2026-09-17T08:28:12.787404,1789633692787404500,66.45940454101563,-1.3639930486679075,-0.8000776171684265,5.242740631103516
2026-09-17T08:28:12.797364,1789633692797364500,66.46936450195312,-1.50999653339386,-0.8317676782608032,5.275224685668945
2026-09-17T08:28:12.807323,1789633692807323400,66.47932348632813,-1.5808513164520264,-0.8810928463935852,5.299135684967041
2026-09-17T08:28:12.817282,1789633692817282600,66.48928247070313,-1.5740413665771484,-0.9076605439186096,5.277297496795654
2026-09-17T08:28:12.827241,1789633692827241500,66.49924145507812,-1.552537441253662,-0.909425973892212,5.163818359375
2026-09-17T08:28:12.837201,1789633692837201700,66.50920166015625,-1.600833535194397,-0.8445556163787842,4.978784084320068
2026-09-17T08:28:12.847160,1789633692847160600,66.51916064453125,-1.7289118766784668,-0.6913713812828064,4.807682037353516
2026-09-17T08:28:12.857119,1789633692857119500,66.52911938476562,-1.8625797033309937,-0.430252730846405,4.649271488189697
2026-09-17T08:28:12.867078,1789633692867078700,66.53907861328125,-1.892677664756775,-0.0334198921918869,4.438901424407959
2026-09-17T08:28:12.877038,1789633692877038600,66.54903857421876,-1.9279786348342896,0.3534772396087646,4.1634297370910645
2026-09-17T08:28:12.886997,1789633692886997500,66.55899755859375,-2.0806376934051514,0.6760954856872559,3.811901569366455
2026-09-17T08:28:12.896956,1789633692896956400,66.56895629882813,-2.301262378692627,0.8760885000228882,3.399761915206909
2026-09-17T08:28:12.906916,1789633692906916600,66.57891650390626,-2.5361404418945312,0.7944951057434082,2.905565023422241
2026-09-17T08:28:12.916875,1789633692916875500,66.58887548828125,-2.639786720275879,0.4805182814598083,2.3261876106262207
2026-09-17T08:28:12.926834,1789633692926834700,66.59883471679687,-2.362231731414795,0.1949600279331207,1.6158075332641602
2026-09-17T08:28:12.936793,1789633692936793600,66.60879370117188,-1.836947560310364,-0.1616622805595398,0.8812602162361145
2026-09-17T08:28:12.946753,1789633692946753500,66.61875341796875,-1.343803644180298,-0.4062768220901489,0.3044525682926178
2026-09-17T08:28:12.956712,1789633692956712400,66.62871240234375,-0.727465033531189,-0.5814475417137146,-0.0693897530436515
2026-09-17T08:28:12.966671,1789633692966671400,66.63867138671876,0.3585043549537658,-0.7850334644317627,-0.9429523944854736
2026-09-17T08:28:12.976630,1789633692976630500,66.64863061523438,1.1771632432937622,-0.7088217735290527,-1.795170783996582
2026-09-17T08:28:12.986590,1789633692986590700,66.6585908203125,-0.4951181411743164,0.7535226345062256,-1.8869953155517576
2026-09-17T08:28:12.996549,1789633692996549600,66.66854956054688,0.2206074744462967,-0.2250092923641204,-0.6438434720039368
2026-09-17T08:28:13.006508,1789633693006508500,66.67850854492187,2.2515714168548584,0.7344890236854553,-3.4046809673309326
2026-09-17T08:28:13.016468,1789633693016468500,66.68846850585938,3.2164831161499023,-0.3081758320331573,-7.232873916625977
2026-09-17T08:28:13.026427,1789633693026427400,66.69842749023438,2.2689197063446045,-0.3988569974899292,-7.639675617218018
2026-09-17T08:28:13.036386,1789633693036386600,66.70838647460937,0.0349707677960395,-1.1589263677597046,-6.318092346191406
2026-09-17T08:28:13.046345,1789633693046345500,66.71834545898437,-2.17251968383789,-2.4983859062194824,-4.961662769317627
2026-09-17T08:28:13.056305,1789633693056305400,66.72830541992188,-2.213850975036621,-2.567619800567627,-3.0020813941955566
2026-09-17T08:28:13.066264,1789633693066264300,66.73826440429687,1.0921554565429688,-0.4328402578830719,-0.6690995693206787
2026-09-17T08:28:13.076223,1789633693076223500,66.74822338867187,2.3494937419891357,0.1293559819459915,0.4400021135807037
2026-09-17T08:28:13.086182,1789633693086182700,66.7581826171875,1.383387565612793,-0.162465214729309,0.3179300129413605
2026-09-17T08:28:13.096142,1789633693096142600,66.768142578125,-0.1189370453357696,-0.2478182017803192,-0.2306201756000518
2026-09-17T08:28:13.106101,1789633693106101500,66.7781015625,-1.1903682947158811,-0.5706934332847595,-0.4074053466320038
2026-09-17T08:28:13.116060,1789633693116060400,66.78806030273438,-1.004826903343201,-0.4144516587257385,-0.2410690933465957
2026-09-17T08:28:13.126020,1789633693126020400,66.79802026367187,-0.0043433494865894,-0.1357803493738174,-0.1731265187263488
2026-09-17T08:28:13.135979,1789633693135979500,66.8079794921875,0.5650895237922668,-0.0562335960566997,-0.2120094746351242
2026-09-17T08:28:13.145938,1789633693145938400,66.8179384765625,0.4164518117904663,-0.1484519392251968,-0.2681265473365783
2026-09-17T08:28:13.155897,1789633693155897600,66.82789770507813,0.0621667020022869,-0.1788963973522186,-0.2881564497947693
2026-09-17T08:28:13.165857,1789633693165857500,66.837857421875,-0.1255906820297241,-0.1915823519229889,-0.3361383378505707
2026-09-17T08:28:13.175816,1789633693175816400,66.84781640625,-0.0932143703103065,-0.1462444365024566,-0.3719480037689209
2026-09-17T08:28:13.185775,1789633693185775600,66.85777563476563,0.033654898405075,-0.1041329428553581,-0.381656289100647
2026-09-17T08:28:13.195734,1789633693195734500,66.86773461914062,0.1473875939846038,-0.089390754699707,-0.386169284582138
2026-09-17T08:28:13.205694,1789633693205694500,66.87769458007813,0.2106049060821533,-0.061999075114727,-0.3791880905628204
2026-09-17T08:28:13.215653,1789633693215653400,66.8876533203125,0.2471147179603576,-0.0401571579277515,-0.3359410166740417
2026-09-17T08:28:13.225612,1789633693225612300,66.8976123046875,0.2060232013463974,-0.0293146278709173,-0.3044925332069397
2026-09-17T08:28:13.235572,1789633693235572500,66.90757250976563,0.1188867017626762,-0.0642244145274162,-0.3208827078342438
2026-09-17T08:28:13.245531,1789633693245531600,66.91753173828126,0.0828743726015091,-0.0482313297688961,-0.2960588335990906
2026-09-17T08:28:13.255490,1789633693255490600,66.92749047851562,0.1353098899126052,-0.0502010062336921,-0.2724786698818207
2026-09-17T08:28:13.265449,1789633693265449500,66.93744946289063,0.2358287721872329,-0.0246130842715501,-0.2837222814559936
2026-09-17T08:28:13.275409,1789633693275409400,66.94740942382812,0.3473766148090362,-0.0177285466343164,-0.3038128912448883
2026-09-17T08:28:13.285368,1789633693285368300,66.95736840820312,0.3995604515075683,0.0109374523162841,-0.2781845033168793
2026-09-17T08:28:13.295327,1789633693295327500,66.96732739257813,0.3776772618293762,0.0288176499307155,-0.2413894683122635
2026-09-17T08:28:13.305286,1789633693305286400,66.97728637695313,0.2976527214050293,0.032635822892189,-0.2161155343055725
2026-09-17T08:28:13.315246,1789633693315246600,66.98724658203125,0.2854208350181579,0.0121087105944752,-0.2466912865638733
2026-09-17T08:28:13.325205,1789633693325205500,66.99720556640625,0.3565072417259216,0.0330038703978061,-0.2561476528644562
2026-09-17T08:28:13.335164,1789633693335164700,67.00716455078125,0.4012185335159302,0.0456823818385601,-0.2495768219232559
2026-09-17T08:28:13.345124,1789633693345124600,67.01712451171875,0.3693370223045349,0.0477809533476829,-0.2494929283857345
2026-09-17T08:28:13.355083,1789633693355083500,67.02708349609375,0.3247378766536712,0.0452831722795963,-0.2495757639408111
2026-09-17T08:28:13.365042,1789633693365042400,67.03704248046876,0.331742525100708,0.0491423606872558,-0.2635608315467834
2026-09-17T08:28:13.375001,1789633693375001300,67.04700146484375,0.4022438526153564,0.0678009986877441,-0.3023494780063629
2026-09-17T08:28:13.384961,1789633693384961500,67.05696142578125,0.4970491826534271,0.0904165655374527,-0.3555237650871277
2026-09-17T08:28:13.394920,1789633693394920700,67.06692065429688,0.5463219285011292,0.1000164598226547,-0.3625814020633697
2026-09-17T08:28:13.404879,1789633693404879600,67.07687963867187,0.5001315474510193,0.1042130663990974,-0.3393546342849731
2026-09-17T08:28:13.414838,1789633693414838500,67.08683862304687,0.420546144247055,0.0913657173514366,-0.3415544331073761
2026-09-17T08:28:13.424798,1789633693424798500,67.09679858398438,0.4026446640491485,0.0813884437084198,-0.3607022762298584
2026-09-17T08:28:13.434757,1789633693434757400,67.10675732421875,0.4193301498889923,0.0900405272841453,-0.3710702359676361
2026-09-17T08:28:13.444716,1789633693444716500,67.11671655273437,0.4260828793048858,0.0876508727669715,-0.3912439346313476
2026-09-17T08:28:13.454676,1789633693454676500,67.12667651367188,0.433292031288147,0.0808978900313377,-0.4147817492485046
2026-09-17T08:28:13.464635,1789633693464635600,67.1366357421875,0.4294834434986114,0.0730327814817428,-0.4367288649082184
2026-09-17T08:28:13.474594,1789633693474594600,67.14659448242188,0.3998001217842102,0.0568639300763607,-0.459953248500824
2026-09-17T08:28:13.484553,1789633693484553500,67.15655346679688,0.3763640522956848,0.061697032302618,-0.4833504259586334
2026-09-17T08:28:13.494513,1789633693494513400,67.16651342773437,0.3466210663318634,0.0621774680912494,-0.4965722262859344
2026-09-17T08:28:13.504472,1789633693504472600,67.17647265625,0.2503621876239776,0.0504608899354934,-0.5000588893890381
2026-09-17T08:28:13.514431,1789633693514431500,67.18643139648438,0.1499732434749603,0.0626930594444274,-0.5352461338043213
2026-09-17T08:28:13.524390,1789633693524390400,67.19639038085937,0.0951102674007415,0.1162838488817215,-0.5812003016471863
2026-09-17T08:28:13.534350,1789633693534350300,67.20635034179688,0.062527023255825,0.132290780544281,-0.6302610635757446
2026-09-17T08:28:13.544309,1789633693544309500,67.2163095703125,0.0239731557667255,0.0942970365285873,-0.6874207854270935
2026-09-17T08:28:13.554268,1789633693554268700,67.2262685546875,-0.0378089845180511,0.0654297024011612,-0.7474843859672546
2026-09-17T08:28:13.564228,1789633693564228600,67.236228515625,-0.0735227763652801,0.0330006629228591,-0.8225343823432922
2026-09-17T08:28:13.574187,1789633693574187500,67.2461875,-0.0863530933856964,-0.0108530782163143,-0.9102914333343506
2026-09-17T08:28:13.584146,1789633693584146400,67.256146484375,-0.1049350276589393,-0.0689616575837135,-0.9996377825737
2026-09-17T08:28:13.594105,1789633693594105600,67.26610571289062,-0.0763891413807869,-0.120153471827507,-1.071931004524231
2026-09-17T08:28:13.604065,1789633693604065500,67.2760654296875,-0.0265020057559013,-0.1799004226922989,-1.170042872428894
2026-09-17T08:28:13.614024,1789633693614024400,67.2860244140625,-0.0476448386907577,-0.2046736776828766,-1.3135758638381958
2026-09-17T08:28:13.623983,1789633693623983600,67.29598364257812,-0.023083571344614,-0.2189913690090179,-1.485503077507019
2026-09-17T08:28:13.633942,1789633693633942500,67.30594262695313,0.0239055082201957,-0.1963765919208526,-1.6473116874694824
2026-09-17T08:28:13.643902,1789633693643902500,67.31590234375,0.0544748716056346,-0.148845300078392,-1.8372483253479004
2026-09-17T08:28:13.653861,1789633693653861600,67.32586157226562,0.1162679269909858,-0.1389908045530319,-2.103135347366333
2026-09-17T08:28:13.663820,1789633693663820500,67.33582055664063,0.1443512290716171,-0.1168900355696678,-2.451953649520874
2026-09-17T08:28:13.673779,1789633693673779500,67.34577954101563,0.0897404477000236,-0.0108155272901058,-2.776279926300049
2026-09-17T08:28:13.683739,1789633693683739400,67.35573950195312,0.1243130713701248,0.0203660950064659,-3.116002321243286
2026-09-17T08:28:13.693698,1789633693693698300,67.3656982421875,0.114062562584877,0.0490291640162467,-3.5341718196868896
2026-09-17T08:28:13.703657,1789633693703657500,67.37565747070313,-0.0868873223662376,0.0977980345487594,-3.952717065811157
2026-09-17T08:28:13.713617,1789633693713617700,67.38561767578125,-0.2919184863567352,0.2204331457614898,-4.363777160644531
2026-09-17T08:28:13.723576,1789633693723576600,67.39557666015625,-0.3779207468032837,0.3520886301994324,-4.882041931152344
2026-09-17T08:28:13.733535,1789633693733535500,67.40553540039062,-0.463895320892334,0.3448637425899505,-5.425362586975098
2026-09-17T08:28:13.743494,1789633693743494400,67.41549438476562,-0.5710675716400146,0.2559306621551513,-5.9756574630737305
2026-09-17T08:28:13.753454,1789633693753454300,67.42545434570313,-0.4617466926574707,0.1719851791858673,-6.351555824279785
2026-09-17T08:28:13.763413,1789633693763413500,67.43541357421876,0.0341810509562492,0.2777898907661438,-6.575839042663574
2026-09-17T08:28:13.773372,1789633693773372400,67.44537231445312,0.3329957127571106,0.4802274107933044,-6.384180068969727
2026-09-17T08:28:13.783332,1789633693783332600,67.45533251953125,0.2258865684270858,0.8886671662330627,-6.127335071563721
2026-09-17T08:28:13.793291,1789633693793291500,67.46529150390624,-0.3130251169204712,1.2114064693450928,-5.872098445892334
2026-09-17T08:28:13.803250,1789633693803250400,67.47525048828125,-0.7218408584594727,1.1866856813430786,-5.836308002471924
2026-09-17T08:28:13.813209,1789633693813209600,67.48520971679687,-0.7102664709091187,1.1891931295394895,-5.755295753479004
2026-09-17T08:28:13.823169,1789633693823169500,67.49516943359374,-0.5272809267044067,1.2848352193832395,-5.546219825744629
2026-09-17T08:28:13.833128,1789633693833128400,67.50512841796875,-0.4459384381771087,1.4924757480621338,-5.557034492492676
2026-09-17T08:28:13.843087,1789633693843087400,67.51508740234375,-0.5966088771820068,1.4695323705673218,-4.923057556152344
2026-09-17T08:28:13.853046,1789633693853046500,67.52504663085938,-0.8196384906768799,1.6811434030532837,-4.1002583503723145
2026-09-17T08:28:13.863006,1789633693863006500,67.53500634765625,-0.9365129470825196,1.5397889614105225,-2.417255163192749
2026-09-17T08:28:13.872965,1789633693872965600,67.54496557617188,-0.7821696996688843,1.4308414459228516,-0.7927535772323608
2026-09-17T08:28:13.882924,1789633693882924500,67.55492456054688,-0.369635134935379,1.1271076202392578,0.4312304556369781
2026-09-17T08:28:13.892884,1789633693892884500,67.56488452148437,0.0595724284648895,0.7641984224319458,1.5138345956802368
2026-09-17T08:28:13.902843,1789633693902843400,67.57484350585938,0.4031729400157928,0.4717484414577484,2.416278600692749
2026-09-17T08:28:13.912802,1789633693912802600,67.58480249023438,0.6222115159034729,0.2197545766830444,3.1074154376983643
2026-09-17T08:28:13.922761,1789633693922761500,67.59476147460937,0.7457990050315857,0.0716396644711494,3.62235164642334
2026-09-17T08:28:13.932721,1789633693932721700,67.6047216796875,0.7503364682197571,0.0078857224434614,4.000617504119873
2026-09-17T08:28:13.942680,1789633693942680600,67.6146806640625,0.6482852101325989,-0.0010971201118081,4.314700126647949
2026-09-17T08:28:13.952639,1789633693952639500,67.62463940429687,0.4543237388134002,0.022123247385025,4.574556350708008
2026-09-17T08:28:13.962598,1789633693962598700,67.6345986328125,0.1949401050806045,0.0764836892485618,4.768274784088135
2026-09-17T08:28:13.972558,1789633693972558600,67.64455859375,-0.0975543484091758,0.1497469842433929,4.905048370361328
2026-09-17T08:28:13.982517,1789633693982517500,67.654517578125,-0.3806089460849762,0.232750803232193,4.965493679046631
2026-09-17T08:28:13.992476,1789633693992476400,67.66447631835938,-0.6263508200645447,0.29080531001091,4.946357250213623
2026-09-17T08:28:14.002436,1789633694002436400,67.67443627929687,-0.8380752801895142,0.2842797636985779,4.958321571350098
2026-09-17T08:28:14.012395,1789633694012395500,67.6843955078125,-0.9585697650909424,0.2247447967529297,5.078170299530029
2026-09-17T08:28:14.022354,1789633694022354700,67.69435473632812,-0.9404259324073792,0.1540509313344955,5.26593542098999
2026-09-17T08:28:14.032313,1789633694032313600,67.70431372070313,-0.8270508646965027,0.0557235516607761,5.398404121398926
2026-09-17T08:28:14.042273,1789633694042273500,67.7142734375,-0.7213164567947388,-0.0681086480617523,5.447910308837891
2026-09-17T08:28:14.052232,1789633694052232400,67.724232421875,-0.6903390884399414,-0.1870347559452057,5.463176727294922
2026-09-17T08:28:14.062191,1789633694062191400,67.73419140625,-0.7193212509155273,-0.2703014314174652,5.4345574378967285
2026-09-17T08:28:14.072150,1789633694072150500,67.74415063476563,-0.7978666424751282,-0.3170950412750244,5.432727336883545
2026-09-17T08:28:14.082110,1789633694082110500,67.7541103515625,-0.9050479531288148,-0.3058575689792633,5.502007484436035
2026-09-17T08:28:14.092069,1789633694092069600,67.76406958007813,-1.0108723640441897,-0.3316657245159149,5.615822792053223
2026-09-17T08:28:14.102028,1789633694102028500,67.77402856445312,-1.0794754028320312,-0.288585901260376,5.710187911987305
2026-09-17T08:28:14.111988,1789633694111988500,67.78398852539063,-1.1397203207015991,-0.2345958948135376,5.756689071655273
2026-09-17T08:28:14.121947,1789633694121947600,67.79394775390625,-1.188079595565796,-0.1562137305736541,5.729658603668213
2026-09-17T08:28:14.131906,1789633694131906600,67.80390649414062,-1.194494128227234,-0.0997251644730568,5.593884468078613
2026-09-17T08:28:14.141865,1789633694141865500,67.81386547851562,-1.2067543268203735,0.0026651273947209,5.484539031982422
2026-09-17T08:28:14.151825,1789633694151825400,67.82382543945313,-1.236329436302185,0.1238940805196762,5.343714237213135
2026-09-17T08:28:14.161784,1789633694161784300,67.83378442382812,-1.3137621879577637,0.2763291597366333,5.188260555267334
2026-09-17T08:28:14.171743,1789633694171743500,67.84374340820312,-1.4483813047409058,0.4592422544956207,5.086740970611572
2026-09-17T08:28:14.181702,1789633694181702700,67.85370263671875,-1.5787129402160645,0.7321448922157288,4.934878826141357
2026-09-17T08:28:14.191662,1789633694191662600,67.86366259765624,-1.6372328996658323,1.009352207183838,4.635429859161377
2026-09-17T08:28:14.201621,1789633694201621500,67.87362158203125,-1.74207866191864,1.2815065383911133,4.17899227142334
2026-09-17T08:28:14.211580,1789633694211580400,67.88358032226563,-1.9097089767456057,1.463696002960205,3.6582634449005127
2026-09-17T08:28:14.221540,1789633694221540400,67.89354028320312,-2.056140661239624,1.5602132081985474,3.06280517578125
2026-09-17T08:28:14.231499,1789633694231499500,67.90349951171875,-2.1289119720458984,1.5416408777236938,2.3343679904937744
2026-09-17T08:28:14.241458,1789633694241458400,67.91345849609375,-2.101481676101685,1.2614678144454956,1.6859006881713867
2026-09-17T08:28:14.251417,1789633694251417300,67.92341723632812,-1.749840497970581,0.9779546856880188,1.0458652973175049
2026-09-17T08:28:14.261377,1789633694261377500,67.93337744140625,-1.0782945156097412,0.5993359684944153,0.3389412760734558
2026-09-17T08:28:14.271336,1789633694271336400,67.94333642578125,-0.3572639524936676,0.1441839188337326,-0.327170193195343
2026-09-17T08:28:14.281295,1789633694281295600,67.95329565429688,0.2306112796068191,-0.2887518107891083,-0.9686293005943298
2026-09-17T08:28:14.291254,1789633694291254500,67.96325463867187,0.7938109636306763,-0.7140769958496094,-1.7063106298446655
2026-09-17T08:28:14.301214,1789633694301214500,67.97321435546876,0.8342832922935486,-0.3929037749767303,-1.9451247453689575
2026-09-17T08:28:14.311173,1789633694311173400,67.98317333984374,-0.714950442314148,0.2424167394638061,-2.0848124027252197
2026-09-17T08:28:14.321132,1789633694321132500,67.99313256835937,0.1589280366897583,-1.4455875158309937,0.4119989573955536
2026-09-17T08:28:14.331092,1789633694331092700,68.0030927734375,2.820634365081787,0.4846719801425934,-2.8504836559295654
2026-09-17T08:28:14.341052,1789633694341052000,68.01305200195313,3.737261295318603,-0.3865803778171539,-7.0490922927856445
2026-09-17T08:28:14.351010,1789633694351010800,68.0230107421875,2.9601874351501465,-0.5937122106552124,-8.060559272766113
2026-09-17T08:28:14.360969,1789633694360969700,68.0329697265625,0.4368110597133636,-1.9643381834030151,-6.971383571624756
2026-09-17T08:28:14.370929,1789633694370929700,68.0429296875,-1.5560771226882937,-3.1479732990264893,-4.74788761138916
2026-09-17T08:28:14.380888,1789633694380888600,68.052888671875,0.2004541754722595,-1.128325343132019,-1.27301824092865
2026-09-17T08:28:14.390847,1789633694390847700,68.06284765625,2.1400344371795654,0.1203581988811492,0.6972419023513794
2026-09-17T08:28:14.400808,1789633694400808000,68.07280786132813,1.9441930055618288,-0.1785110533237457,0.1720686554908752
2026-09-17T08:28:14.410766,1789633694410766800,68.08276684570312,0.508252739906311,-0.3723116815090179,-0.5442058444023132
2026-09-17T08:28:14.420725,1789633694420725800,68.09272583007812,-0.8664557933807373,-0.4865181446075439,-0.3727805316448211
2026-09-17T08:28:14.430685,1789633694430685000,68.10268481445313,-0.9691001772880554,-0.3855196237564087,-0.132310152053833
2026-09-17T08:28:14.440644,1789633694440644900,68.11264477539062,-0.179122969508171,-0.1702858805656433,-0.1708756536245346
2026-09-17T08:28:14.450603,1789633694450603800,68.12260375976562,0.2273260056972503,-0.0841568559408187,-0.1651690304279327
2026-09-17T08:28:14.460562,1789633694460562700,68.13256274414063,0.1692190319299698,-0.0700362399220466,-0.1421380192041397
2026-09-17T08:28:14.470521,1789633694470521600,68.142521484375,0.0655371099710464,-0.0633812695741653,-0.151045486330986
2026-09-17T08:28:14.480481,1789633694480481800,68.15248168945313,0.1030200347304344,-0.0403619669377803,-0.1560783237218856
2026-09-17T08:28:14.490441,1789633694490441000,68.16244091796875,0.2051743566989898,-0.0087137604132294,-0.177811324596405
2026-09-17T08:28:14.500399,1789633694500399900,68.17239990234376,0.1910915672779083,-0.0090868696570396,-0.1909638792276382
2026-09-17T08:28:14.510359,1789633694510359800,68.18235986328125,0.0625951141119003,-0.0098085859790444,-0.1686929315328598
2026-09-17T08:28:14.520318,1789633694520318700,68.19231860351563,-0.0226135216653347,-0.0121428472921252,-0.148203358054161
2026-09-17T08:28:14.530277,1789633694530277600,68.20227758789062,-0.0106735061854124,0.0023713808041065,-0.1368612200021743
2026-09-17T08:28:14.540236,1789633694540236800,68.21223681640625,0.0179027449339628,0.0033588809892535,-0.1369949132204055
2026-09-17T08:28:14.550196,1789633694550196700,68.22219677734375,0.0200601704418659,0.0011042486876249,-0.1656883507966995
2026-09-17T08:28:14.560156,1789633694560156000,68.23215600585938,0.0325980708003044,0.0160649064928293,-0.1909128576517105
2026-09-17T08:28:14.570114,1789633694570114800,68.24211474609375,0.11712147295475,0.0283830910921096,-0.2256434112787246
2026-09-17T08:28:14.580073,1789633694580073700,68.25207373046875,0.2495634108781814,0.0430099703371524,-0.2547573447227478
2026-09-17T08:28:14.590033,1789633694590033700,68.26203369140624,0.3521063029766083,0.0497725345194339,-0.2672446370124817
2026-09-17T08:28:14.599992,1789633694599992800,68.27199291992187,0.3759740591049194,0.0396780893206596,-0.256982147693634
2026-09-17T08:28:14.609951,1789633694609951700,68.28195166015625,0.3148912787437439,0.0229848623275756,-0.230678379535675
2026-09-17T08:28:14.619911,1789633694619911700,68.29191162109375,0.2309002429246902,0.0121364770457148,-0.2274346500635147
2026-09-17T08:28:14.629870,1789633694629870600,68.30187060546875,0.2129404097795486,0.0053177196532487,-0.2439944595098495
2026-09-17T08:28:14.639829,1789633694639829800,68.31182983398438,0.2588248252868652,0.0100751901045441,-0.2666584849357605
2026-09-17T08:28:14.649789,1789633694649789000,68.32178881835938,0.3455626368522644,0.0207400843501091,-0.3106901347637176
2026-09-17T08:28:14.659748,1789633694659748900,68.33174877929687,0.4255624115467071,0.0296843107789754,-0.3354862928390503
2026-09-17T08:28:14.669707,1789633694669707800,68.34170776367188,0.4528113305568695,0.0408536083996295,-0.3375699520111084
2026-09-17T08:28:14.679666,1789633694679666700,68.35166674804688,0.4475705027580261,0.0584139600396156,-0.343955934047699
2026-09-17T08:28:14.689626,1789633694689626600,68.36162670898437,0.469735711812973,0.0692495703697204,-0.3736983835697174
2026-09-17T08:28:14.699585,1789633694699585800,68.37158569335938,0.4922743141651153,0.0884040892124176,-0.3991004228591919
2026-09-17T08:28:14.709544,1789633694709544700,68.38154467773437,0.4926657974720001,0.1005736663937568,-0.4363196790218353
2026-09-17T08:28:14.719503,1789633694719503600,68.39150366210937,0.5302014350891113,0.1196821182966232,-0.4686890840530395
2026-09-17T08:28:14.729463,1789633694729463800,68.4014638671875,0.5238756537437439,0.1170146912336349,-0.4790959060192108
2026-09-17T08:28:14.739422,1789633694739422700,68.41142260742187,0.4026589393615722,0.0891660153865814,-0.4745616316795349
2026-09-17T08:28:14.749382,1789633694749382000,68.4213818359375,0.3041251897811889,0.0630137771368026,-0.4702726006507873
2026-09-17T08:28:14.759340,1789633694759340800,68.4313408203125,0.2686707973480224,0.0429761484265327,-0.5039911270141602
2026-09-17T08:28:14.769300,1789633694769300700,68.44130078125,0.2208012640476226,0.0336154028773307,-0.5420098900794983
2026-09-17T08:28:14.779259,1789633694779259600,68.451259765625,0.1826277822256088,0.007833607494831,-0.5889204144477844
2026-09-17T08:28:14.789218,1789633694789218600,68.46121850585938,0.1572297513484954,-0.005983936600387,-0.5958496928215027
2026-09-17T08:28:14.799178,1789633694799178800,68.4711787109375,0.1342796832323074,-0.0223003271967172,-0.6182889342308044
2026-09-17T08:28:14.809138,1789633694809138000,68.48113793945312,0.1248518303036689,-0.0221269559115171,-0.6593577861785889
2026-09-17T08:28:14.819096,1789633694819096800,68.49109692382812,0.1527516394853592,-0.0143041843548417,-0.7013659477233887
2026-09-17T08:28:14.829055,1789633694829055700,68.5010556640625,0.1876204013824463,0.0023006242699921,-0.7430574893951416
2026-09-17T08:28:14.839015,1789633694839015700,68.511015625,0.1812530606985092,0.0188005045056343,-0.7727336287498474
2026-09-17T08:28:14.848974,1789633694848974600,68.520974609375,0.103004589676857,-0.0170246046036481,-0.8471894860267639
2026-09-17T08:28:14.858933,1789633694858933800,68.53093383789063,0.0390596985816955,-0.0626232475042343,-0.9498668909072876
2026-09-17T08:28:14.868892,1789633694868892700,68.540892578125,0.0143162682652473,-0.0981601998209953,-1.0685114860534668
2026-09-17T08:28:14.878852,1789633694878852900,68.55085278320313,-0.0178760215640068,-0.1563105881214141,-1.182797908782959
2026-09-17T08:28:14.888811,1789633694888811800,68.56081176757813,-0.0462706424295902,-0.2254641056060791,-1.3019723892211914
2026-09-17T08:28:14.898770,1789633694898770700,68.57077075195312,-0.0690212324261665,-0.2761456668376922,-1.4186575412750244
2026-09-17T08:28:14.908730,1789633694908730600,68.58073071289063,-0.0613153763115406,-0.313258945941925,-1.5665903091430664
2026-09-17T08:28:14.918689,1789633694918689800,68.59068969726563,-0.0386667847633361,-0.3145231306552887,-1.7210255861282349
2026-09-17T08:28:14.928648,1789633694928648700,68.60064868164062,-0.0151116605848073,-0.2619233131408691,-1.8924847841262815
2026-09-17T08:28:14.938607,1789633694938607600,68.61060766601562,0.0700543671846389,-0.2197622656822204,-2.133530855178833
2026-09-17T08:28:14.948567,1789633694948567800,68.62056787109375,0.1034304276108741,-0.2235359698534011,-2.448715925216675
2026-09-17T08:28:14.958527,1789633694958527000,68.63052685546874,0.0206737667322158,-0.1438062489032745,-2.777352094650269
2026-09-17T08:28:14.968486,1789633694968486000,68.64048583984375,0.0024377717636525,-0.0769577100872993,-3.134892702102661
2026-09-17T08:28:14.978444,1789633694978444800,68.65044482421875,0.0341853164136409,0.05774737149477,-3.5764482021331787
2026-09-17T08:28:14.988404,1789633694988404700,68.66040478515625,-0.1065214723348617,0.1527777463197708,-4.031229019165039
2026-09-17T08:28:14.998363,1789633694998363600,68.67036376953125,-0.3294946253299713,0.3117663264274597,-4.5112385749816895
2026-09-17T08:28:15.008322,1789633695008322800,68.68032275390625,-0.5202168822288513,0.4404454827308655,-5.092031955718994
2026-09-17T08:28:15.018282,1789633695018282800,68.69028271484375,-0.6212287545204163,0.3957962393760681,-5.790339946746826
2026-09-17T08:28:15.028242,1789633695028242000,68.70024194335937,-0.6075851321220398,0.1360400468111038,-6.422069072723389
2026-09-17T08:28:15.038200,1789633695038200800,68.71020092773438,-0.0673439726233482,-0.0280836466699838,-6.8471574783325195
2026-09-17T08:28:15.048159,1789633695048159700,68.72015966796874,0.5980604290962219,0.0978378057479858,-6.766129970550537
2026-09-17T08:28:15.058119,1789633695058119700,68.73011962890625,0.8461918830871582,0.2484960108995437,-6.704377174377441
2026-09-17T08:28:15.068078,1789633695068078800,68.74007885742188,0.6937741637229919,0.6678666472434998,-6.444092273712158
2026-09-17T08:28:15.078037,1789633695078037800,68.75003784179688,0.0340697355568409,1.102321982383728,-5.98468542098999
2026-09-17T08:28:15.087996,1789633695087996700,68.75999658203125,-0.2903594672679901,1.1699970960617063,-5.773444652557373
2026-09-17T08:28:15.097956,1789633695097956600,68.76995654296876,-0.1463386565446853,1.1346343755722046,-5.486196041107178
2026-09-17T08:28:15.107915,1789633695107915500,68.77991552734375,0.0149479713290929,1.217375874519348,-5.33243465423584
2026-09-17T08:28:15.117875,1789633695117875000,68.789875,-0.151371493935585,1.45897114276886,-5.023197174072266
2026-09-17T08:28:15.127835,1789633695127835000,68.7998349609375,-0.4620350897312164,1.6578344106674194,-4.348413467407227
2026-09-17T08:28:15.137793,1789633695137793800,68.80979370117187,-0.8027269244194031,1.6431751251220703,-2.820566892623902
2026-09-17T08:28:15.147752,1789633695147752700,68.81975268554687,-0.8520649075508118,1.551167130470276,-0.9434020519256592
2026-09-17T08:28:15.157712,1789633695157712000,68.8297119140625,-0.3910647928714752,1.3420453071594238,0.3201980888843536
2026-09-17T08:28:15.167671,1789633695167671800,68.839671875,0.2269449084997177,0.9481289386749268,1.2096494436264038
2026-09-17T08:28:15.177630,1789633695177630700,68.84963061523437,0.6313056945800781,0.6489619612693787,1.9304779767990112
2026-09-17T08:28:15.187589,1789633695187589600,68.85958959960938,0.8862692713737488,0.4748593866825104,2.4092860221862793
2026-09-17T08:28:15.197549,1789633695197549800,68.8695498046875,1.0008976459503174,0.3667225241661072,2.699209690093994
2026-09-17T08:28:15.207508,1789633695207508700,68.8795087890625,0.9118324518203736,0.3207606077194214,2.8835701942443848
2026-09-17T08:28:15.217468,1789633695217468000,68.88946801757812,0.6777198314666748,0.3104991912841797,3.0276124477386475
2026-09-17T08:28:15.227426,1789633695227426800,68.8994267578125,0.349778950214386,0.3141623735427856,3.1705162525177
2026-09-17T08:28:15.237386,1789633695237386800,68.90938671875,-0.0580237098038196,0.298222541809082,3.364182472229004
2026-09-17T08:28:15.247345,1789633695247345700,68.919345703125,-0.4942553639411926,0.2005937397480011,3.6758594512939458
2026-09-17T08:28:15.257304,1789633695257304600,68.9293046875,-0.8308706283569336,0.0946686416864395,4.141948699951172
2026-09-17T08:28:15.267263,1789633695267263700,68.939263671875,-0.963099241256714,0.040756668895483,4.656239986419678
2026-09-17T08:28:15.277224,1789633695277224000,68.94922387695313,-0.8716034293174744,0.0191725473850965,5.092635154724121
2026-09-17T08:28:15.287182,1789633695287182800,68.95918286132813,-0.7818549275398254,-0.0598756670951843,5.337306976318359
2026-09-17T08:28:15.297141,1789633695297141800,68.96914184570312,-0.7733474373817444,-0.1421266049146652,5.385418891906738
2026-09-17T08:28:15.307101,1789633695307101700,68.97910180664063,-0.8125784397125244,-0.1564485430717468,5.333680629730225
2026-09-17T08:28:15.317060,1789633695317060600,68.989060546875,-0.9690051078796388,-0.1836213171482086,5.24237060546875
2026-09-17T08:28:15.327019,1789633695327019000,68.99901904296875,-1.1931151151657104,-0.2138109058141708,5.217509746551514
2026-09-17T08:28:15.336978,1789633695336978000,69.00897802734374,-1.3712033033370972,-0.213329941034317,5.237405776977539
2026-09-17T08:28:15.346937,1789633695346937900,69.01893774414063,-1.460654377937317,-0.2164458334445953,5.3022661209106445
2026-09-17T08:28:15.356897,1789633695356897000,69.02889697265626,-1.427161455154419,-0.2614777684211731,5.353729248046875
2026-09-17T08:28:15.366856,1789633695366856200,69.03885620117188,-1.2731404304504397,-0.3427699506282806,5.406773090362549
2026-09-17T08:28:15.376815,1789633695376815000,69.04881518554687,-1.101772665977478,-0.4451759457588196,5.451965808868408
2026-09-17T08:28:15.386775,1789633695386775000,69.05877514648438,-1.0238120555877686,-0.5321494936943054,5.503445148468018
2026-09-17T08:28:15.396734,1789633695396734000,69.06873388671875,-1.056950330734253,-0.574408233165741,5.536889553070068
2026-09-17T08:28:15.406692,1789633695406692900,69.07869287109375,-1.1890188455581665,-0.581872284412384,5.542905330657959
2026-09-17T08:28:15.416652,1789633695416652800,69.08865283203124,-1.317412495613098,-0.5321531891822815,5.555462837219238
2026-09-17T08:28:15.426612,1789633695426612000,69.09861206054687,-1.3901396989822388,-0.4533814191818237,5.555364608764648
2026-09-17T08:28:15.436571,1789633695436571100,69.10857104492187,-1.4537863731384275,-0.3133423030376434,5.524324893951416
2026-09-17T08:28:15.446530,1789633695446530000,69.11853002929688,-1.5408976078033447,-0.1446070671081543,5.440781593322754
2026-09-17T08:28:15.456490,1789633695456490000,69.12848999023437,-1.6376017332077026,0.0182039570063352,5.381747245788574
2026-09-17T08:28:15.466449,1789633695466449000,69.13844897460937,-1.6530219316482544,0.2223400473594665,5.323088645935059
2026-09-17T08:28:15.476408,1789633695476408000,69.14840795898438,-1.578547477722168,0.4794860780239105,5.161668300628662
2026-09-17T08:28:15.486368,1789633695486368000,69.15836791992187,-1.6081799268722534,0.6943898797035217,4.781485080718994
2026-09-17T08:28:15.496327,1789633695496327000,69.16832690429688,-1.7805074453353882,0.9349287152290344,4.226029872894287
2026-09-17T08:28:15.506285,1789633695506285800,69.17828588867188,-1.985594391822815,1.0771478414535522,3.360797882080078
2026-09-17T08:28:15.516245,1789633695516245000,69.18824487304687,-2.0933234691619873,0.9816991686820984,2.3254542350769043
2026-09-17T08:28:15.526205,1789633695526205200,69.198205078125,-1.9081006050109863,0.7398244738578796,1.3983548879623413
2026-09-17T08:28:15.536164,1789633695536164000,69.2081640625,-1.3750625848770142,0.5208444595336914,0.4864805340766907
2026-09-17T08:28:15.546123,1789633695546123000,69.218123046875,-0.6886187195777893,0.2248026728630066,-0.3419337868690491
2026-09-17T08:28:15.556082,1789633695556082000,69.22808203125,-0.0270655248314142,0.2233360707759857,-0.9838954210281372
2026-09-17T08:28:15.566041,1789633695566041900,69.23804174804687,0.4431451261043548,-0.2804535925388336,-2.767871141433716
2026-09-17T08:28:15.576001,1789633695576001000,69.2480009765625,0.5355590581893921,0.662066638469696,-1.6530765295028689
2026-09-17T08:28:15.585960,1789633695585960000,69.2579599609375,1.741352677345276,0.0063433581963181,-2.362311840057373
2026-09-17T08:28:15.595920,1789633695595920100,69.26792016601563,3.3591582775115967,0.2487666457891464,-5.823224067687988
2026-09-17T08:28:15.605879,1789633695605879000,69.27787915039063,3.526738166809082,0.2457980215549469,-7.483216285705566
2026-09-17T08:28:15.615838,1789633695615838000,69.287837890625,1.434190034866333,-1.1093000173568726,-6.263368129730225
2026-09-17T08:28:15.625797,1789633695625797000,69.29779711914063,-1.301948070526123,-3.3057899475097656,-4.479455471038818
2026-09-17T08:28:15.635757,1789633695635757000,69.30775708007812,-0.8631196022033691,-2.115048408508301,-2.230539560317993
2026-09-17T08:28:15.645716,1789633695645716000,69.31771606445312,1.4478806257247925,-0.0807566568255424,-0.3190323710441589
2026-09-17T08:28:15.655675,1789633695655675000,69.3276748046875,1.836392879486084,-0.074442833662033,0.1640474647283554
2026-09-17T08:28:15.665635,1789633695665635000,69.33763500976562,0.8182508945465088,-0.3729656040668487,-0.1729406863451004
2026-09-17T08:28:15.675594,1789633695675594000,69.34759399414062,-0.3564907312393188,-0.4518894553184509,-0.4159296154975891
2026-09-17T08:28:15.685553,1789633695685553200,69.35755322265625,-0.8364296555519104,-0.5148958563804626,-0.3387245833873749
2026-09-17T08:28:15.695512,1789633695695512000,69.36751196289063,-0.2212895005941391,-0.291242778301239,-0.2682863473892212
2026-09-17T08:28:15.705472,1789633695705472000,69.37747192382812,0.5291051268577576,-0.1114104390144348,-0.2674991190433502
2026-09-17T08:28:15.715431,1789633695715431000,69.38743090820313,0.6175404787063599,-0.0715692862868309,-0.2868160903453827
2026-09-17T08:28:15.725390,1789633695725390000,69.39739013671876,0.416544497013092,-0.0966490730643272,-0.2766119241714477
2026-09-17T08:28:15.735349,1789633695735349000,69.40734887695312,0.2531702220439911,-0.1066961139440536,-0.2377196699380874
2026-09-17T08:28:15.745309,1789633695745309200,69.41730908203125,0.2500479221343994,-0.0790999010205268,-0.2274161726236343
2026-09-17T08:28:15.755268,1789633695755268000,69.42726806640626,0.2128776460886001,-0.0429418981075286,-0.2005344927310943
2026-09-17T08:28:15.765227,1789633695765227000,69.43722705078125,0.0564808547496795,-0.0680874660611152,-0.1853259801864624
2026-09-17T08:28:15.775187,1789633695775187000,69.44718701171875,-0.0924452394247055,-0.0815899595618248,-0.1798648983240127
2026-09-17T08:28:15.785146,1789633695785146000,69.45714599609374,-0.1307374984025955,-0.056374616920948,-0.1551968306303024
2026-09-17T08:28:15.795105,1789633695795105000,69.46710498046875,-0.0529564172029495,-0.0098071154206991,-0.133990079164505
2026-09-17T08:28:15.805064,1789633695805064000,69.47706396484375,0.0380166321992874,0.0209864825010299,-0.1196415051817894
2026-09-17T08:28:15.815023,1789633695815023900,69.48702392578124,0.0487539619207382,0.0261916313320398,-0.1220426112413406
2026-09-17T08:28:15.824983,1789633695824983000,69.49698315429687,0.0094433072954416,0.026930658146739,-0.1172441244125366
2026-09-17T08:28:15.834942,1789633695834942200,69.50694213867187,-0.016921455040574,0.0190562233328819,-0.1224293038249015
2026-09-17T08:28:15.844901,1789633695844901000,69.51690112304688,0.0132596176117658,0.0082816071808338,-0.1452445983886718
2026-09-17T08:28:15.854861,1789633695854861000,69.52686108398437,0.0747381597757339,0.0054567921906709,-0.1694173216819763
2026-09-17T08:28:15.864820,1789633695864820000,69.53682006835938,0.1295809000730514,0.0173922814428806,-0.1850719153881073
2026-09-17T08:28:15.874779,1789633695874779000,69.54677880859376,0.1726865619421005,0.0265181344002485,-0.2067218124866485
2026-09-17T08:28:15.884738,1789633695884738800,69.55673876953125,0.2137892544269561,0.0405386127531528,-0.189444288611412
2026-09-17T08:28:15.894698,1789633695894698000,69.56669799804688,0.205006942152977,0.0430598258972168,-0.1668862551450729
2026-09-17T08:28:15.904657,1789633695904657200,69.5766572265625,0.1699938327074051,0.0376171246170997,-0.1786092221736908
2026-09-17T08:28:15.914616,1789633695914616000,69.58661596679687,0.1867059767246246,0.0312029011547565,-0.1975275129079818
2026-09-17T08:28:15.924576,1789633695924576000,69.59657592773438,0.2600235939025879,0.0443408079445362,-0.2210730612277984
2026-09-17T08:28:15.934535,1789633695934535000,69.60653491210938,0.3287472724914551,0.0556075759232044,-0.2462383359670639
2026-09-17T08:28:15.944494,1789633695944494000,69.616494140625,0.3698049485683441,0.0605607889592647,-0.2693545520305633
2026-09-17T08:28:15.954454,1789633695954454000,69.6264541015625,0.3728276491165161,0.0653140023350715,-0.2772393822669983
2026-09-17T08:28:15.964413,1789633695964413000,69.63641284179687,0.3610700368881225,0.062199167907238,-0.2906111180782318
2026-09-17T08:28:15.974371,1789633695974371800,69.64637182617187,0.3583922386169433,0.07239481061697,-0.3099139630794525
2026-09-17T08:28:15.984331,1789633695984331000,69.6563310546875,0.3789819478988647,0.0772028863430023,-0.3419296741485595
2026-09-17T08:28:15.994291,1789633695994291000,69.666291015625,0.4070450067520141,0.087858460843563,-0.3702284395694732
2026-09-17T08:28:16.004250,1789633696004250000,69.67625,0.4324747323989868,0.0954287573695182,-0.4185080826282501
2026-09-17T08:28:16.014209,1789633696014209000,69.686208984375,0.4631572663784027,0.085759088397026,-0.4372724592685699
2026-09-17T08:28:16.024168,1789633696024168000,69.69616796875,0.4340862035751343,0.0933120772242546,-0.4355219602584839
2026-09-17T08:28:16.034128,1789633696034128000,69.7061279296875,0.3548662066459656,0.0814194679260253,-0.44085893034935
2026-09-17T08:28:16.044087,1789633696044087000,69.71608715820312,0.3083122968673706,0.0882470160722732,-0.4535691440105438
2026-09-17T08:28:16.054046,1789633696054046000,69.7260458984375,0.2968945205211639,0.0981249436736106,-0.5059410333633423
2026-09-17T08:28:16.064004,1789633696064004900,69.7360048828125,0.316502034664154,0.1016903817653656,-0.5735088586807251
2026-09-17T08:28:16.073965,1789633696073965000,69.74596508789062,0.3062611222267151,0.0998035371303558,-0.6122376322746277
2026-09-17T08:28:16.083924,1789633696083924000,69.75592407226563,0.2609716653823852,0.077062003314495,-0.6372873187065125
2026-09-17T08:28:16.093883,1789633696093883100,69.76588305664062,0.2199571281671524,0.0526599884033203,-0.6713017821311951
2026-09-17T08:28:16.103843,1789633696103843000,69.77584301757813,0.1163820028305053,0.0413740463554859,-0.7072826623916626
2026-09-17T08:28:16.113802,1789633696113802000,69.78580200195313,0.0027097712736576,-0.0094502512365579,-0.7969475388526917
2026-09-17T08:28:16.123761,1789633696123761000,69.79576098632812,-0.0723948329687118,-0.0536139868199825,-0.8715834617614746
2026-09-17T08:28:16.133719,1789633696133719800,69.8057197265625,-0.0937816128134727,-0.0953712835907936,-0.9293402433395386
2026-09-17T08:28:16.143680,1789633696143680000,69.81567993164063,-0.1043828576803207,-0.1417148113250732,-1.0199919939041138
2026-09-17T08:28:16.153639,1789633696153639200,69.82563916015626,-0.1068830341100692,-0.1702564507722854,-1.1320106983184814
2026-09-17T08:28:16.163598,1789633696163598000,69.83559814453125,-0.0445261821150779,-0.2281857877969741,-1.258082389831543
2026-09-17T08:28:16.173558,1789633696173558000,69.84555810546875,-0.0004980061203241,-0.2523033916950226,-1.401240587234497
2026-09-17T08:28:16.183517,1789633696183517000,69.85551684570312,0.0399357005953788,-0.2448183000087738,-1.5288316011428833
2026-09-17T08:28:16.193475,1789633696193475800,69.86547583007813,0.0945952162146568,-0.2260589897632599,-1.6817132234573364
2026-09-17T08:28:16.203435,1789633696203435000,69.87543505859375,0.1303987503051757,-0.2005853205919265,-1.8424667119979856
2026-09-17T08:28:16.213395,1789633696213395200,69.88539526367188,0.1531424224376678,-0.1978281587362289,-2.033655166625977
2026-09-17T08:28:16.223354,1789633696223354000,69.89535400390625,0.1460038125514984,-0.2122153490781784,-2.2837414741516113
2026-09-17T08:28:16.233313,1789633696233313000,69.90531298828125,0.1030691266059875,-0.217327281832695,-2.6009862422943115
2026-09-17T08:28:16.243272,1789633696243272200,69.91527221679688,0.0359737202525138,-0.0874238833785057,-2.922025203704834
2026-09-17T08:28:16.253232,1789633696253232000,69.92523217773437,0.0706187784671783,0.0112904468551278,-3.2422685623168945
2026-09-17T08:28:16.263191,1789633696263191000,69.93519091796875,0.081889808177948,0.1227432042360305,-3.673133850097656
2026-09-17T08:28:16.273150,1789633696273150000,69.94514990234374,-0.1305119395256042,0.2715968489646911,-4.11353063583374
2026-09-17T08:28:16.283110,1789633696283110000,69.95510986328125,-0.3875844776630401,0.4683679938316345,-4.591387748718262
2026-09-17T08:28:16.293069,1789633696293069000,69.96506909179688,-0.5347113609313965,0.5139825940132141,-5.258581638336182
2026-09-17T08:28:16.303028,1789633696303028200,69.9750283203125,-0.5920302867889404,0.3266433477401733,-5.927595615386963
2026-09-17T08:28:16.312987,1789633696312987100,69.98498706054687,-0.2816047668457031,0.0728350356221199,-6.552584171295166
2026-09-17T08:28:16.322947,1789633696322947000,69.99494702148438,0.3293249011039734,-0.0452695041894912,-6.872349262237549
2026-09-17T08:28:16.332906,1789633696332906800,70.00490673828125,0.6219381093978882,0.1299630403518676,-6.795566558837891
2026-09-17T08:28:16.342865,1789633696342865700,70.01486572265625,0.7581835985183716,0.2843123972415924,-6.631152629852295
2026-09-17T08:28:16.352824,1789633696352824600,70.02482446289062,0.5652554035186768,0.5906829833984375,-6.3466291427612305
2026-09-17T08:28:16.362784,1789633696362784500,70.03478442382813,0.1385677307844162,1.0009506940841677,-6.071316242218018
2026-09-17T08:28:16.372743,1789633696372743700,70.04474365234375,0.0700105130672454,0.983278751373291,-5.888716697692871
2026-09-17T08:28:16.382702,1789633696382702600,70.05470263671874,0.1988134980201721,0.9016363024711608,-5.6688361167907715
2026-09-17T08:28:16.392662,1789633696392662800,70.06466284179687,0.2933807373046875,0.9633044600486756,-5.6364312171936035
2026-09-17T08:28:16.402621,1789633696402621700,70.07462158203126,0.0181648936122655,1.1993820667266846,-5.525143146514893
2026-09-17T08:28:16.412580,1789633696412580600,70.08458056640625,-0.4831504225730896,1.414476752281189,-5.110981464385986
2026-09-17T08:28:16.422539,1789633696422539800,70.09453979492187,-1.0105746984481812,1.4166086912155151,-3.984325885772705
2026-09-17T08:28:16.432499,1789633696432499700,70.10449975585938,-0.9783146381378174,1.3428637981414795,-2.0401716232299805
2026-09-17T08:28:16.442458,1789633696442458600,70.11445874023437,-0.5397502779960632,1.299180507659912,-0.3366752564907074
2026-09-17T08:28:16.452417,1789633696452417500,70.12441748046875,-0.0037470627576112,0.8683108687400818,0.9535034894943236
2026-09-17T08:28:16.462377,1789633696462377700,70.13437768554688,0.5101609826087952,0.5017613768577576,2.043170213699341
2026-09-17T08:28:16.472337,1789633696472337000,70.1443369140625,0.8650516867637634,0.2584416568279266,2.8985049724578857
2026-09-17T08:28:16.482295,1789633696482295800,70.1542958984375,1.05086350440979,0.1162480190396308,3.565826892852783
2026-09-17T08:28:16.492254,1789633696492254700,70.16425463867188,1.0576092004776,0.0680125802755355,4.076286315917969
2026-09-17T08:28:16.502214,1789633696502214700,70.17421459960937,0.937780261039734,0.0749668926000595,4.4279704093933105
2026-09-17T08:28:16.512173,1789633696512173600,70.18417358398438,0.7418424487113953,0.1358427554368972,4.70471715927124
2026-09-17T08:28:16.522132,1789633696522132700,70.1941328125,0.4516747891902923,0.1843176186084747,5.067612171173096
2026-09-17T08:28:16.532091,1789633696532091600,70.20409155273437,0.1526127159595489,0.22707200050354,5.4654316902160645
2026-09-17T08:28:16.542051,1789633696542051800,70.2140517578125,-0.0763435065746307,0.2729542851448059,5.751485347747803
2026-09-17T08:28:16.552010,1789633696552010800,70.2240107421875,-0.2432653754949569,0.3169523477554321,5.876555919647217
2026-09-17T08:28:16.561969,1789633696561969700,70.2339697265625,-0.393313467502594,0.3678432404994964,5.855323791503906
2026-09-17T08:28:16.571929,1789633696571929600,70.2439296875,-0.5753439664840698,0.4077994525432586,5.744459629058838
2026-09-17T08:28:16.581888,1789633696581888800,70.253888671875,-0.8394283652305603,0.3628026843070984,5.6150078773498535
2026-09-17T08:28:16.591847,1789633696591847700,70.26384765625,-1.0807628631591797,0.2403388321399688,5.577376365661621
2026-09-17T08:28:16.601806,1789633696601806600,70.273806640625,-1.1385449171066284,0.1562266200780868,5.644091606140137
2026-09-17T08:28:16.611766,1789633696611766500,70.2837666015625,-1.0701144933700562,0.0628900229930877,5.7096781730651855
2026-09-17T08:28:16.621725,1789633696621725400,70.29372534179687,-1.0240534543991089,-0.0776465907692909,5.755885601043701
2026-09-17T08:28:16.631684,1789633696631684900,70.30368481445312,-1.0152770280838013,-0.1884181052446365,5.798779487609863
2026-09-17T08:28:16.641643,1789633696641643800,70.31364379882812,-1.016271710395813,-0.3040259182453155,5.81826639175415
2026-09-17T08:28:16.651603,1789633696651603700,70.32360375976563,-1.0393823385238647,-0.4061776101589203,5.788049221038818
2026-09-17T08:28:16.661562,1789633696661562600,70.33356274414062,-1.1153554916381836,-0.4527190029621124,5.7835516929626465
2026-09-17T08:28:16.671521,1789633696671521500,70.343521484375,-1.2422358989715576,-0.448824942111969,5.764077663421631
2026-09-17T08:28:16.681481,1789633696681481500,70.3534814453125,-1.385512351989746,-0.4947860240936279,5.67470645904541
2026-09-17T08:28:16.691440,1789633696691440600,70.36344067382812,-1.459023356437683,-0.4248301088809967,5.590531349182129
2026-09-17T08:28:16.701399,1789633696701399600,70.37339965820313,-1.523614525794983,-0.2615120410919189,5.484580993652344
2026-09-17T08:28:16.711358,1789633696711358700,70.38335864257813,-1.662303805351257,-0.0551977381110191,5.355759143829346
2026-09-17T08:28:16.721318,1789633696721318700,70.39331860351562,-1.816433668136597,0.142894834280014,5.196516513824463
2026-09-17T08:28:16.731277,1789633696731277800,70.40327783203125,-1.8848470449447632,0.3156482279300689,5.103616237640381
2026-09-17T08:28:16.741236,1789633696741236700,70.41323681640625,-1.8106484413146973,0.5803187489509583,4.951688289642334
2026-09-17T08:28:16.751195,1789633696751195600,70.42319555664062,-1.7180652618408203,0.7724623680114746,4.58674430847168
2026-09-17T08:28:16.761155,1789633696761155600,70.43315551757813,-1.7084687948226929,0.9407792091369628,4.14829158782959
2026-09-17T08:28:16.771114,1789633696771114500,70.44311450195312,-1.8295425176620483,1.1240992546081543,3.5923752784729004
2026-09-17T08:28:16.781073,1789633696781073700,70.45307373046874,-2.0110018253326416,1.1011146306991575,2.8772387504577637
2026-09-17T08:28:16.791033,1789633696791033900,70.46303393554687,-2.203268527984619,0.9512063264846802,2.142327070236206
2026-09-17T08:28:16.800992,1789633696800992800,70.47299267578126,-2.1374857425689697,0.5597714185714722,1.427909255027771
2026-09-17T08:28:16.810951,1789633696810951700,70.48295166015625,-1.5120668411254885,0.0740188360214233,0.663320779800415
2026-09-17T08:28:16.820910,1789633696820910600,70.49291064453125,-0.6014750599861145,-0.4762440323829651,0.0666858628392219
2026-09-17T08:28:16.830870,1789633696830870500,70.50287060546874,0.0543924868106842,-0.8849455118179321,-0.2579036653041839
2026-09-17T08:28:16.840829,1789633696840829700,70.51282958984375,0.4808820188045501,-1.1348530054092407,-0.6268824934959412
2026-09-17T08:28:16.850788,1789633696850788600,70.52278857421875,0.6533899307250977,-0.9749425053596495,-1.1222704648971558
2026-09-17T08:28:16.860748,1789633696860748800,70.53274877929688,-0.6075066328048706,-0.2436901479959488,-1.9244084358215332
2026-09-17T08:28:16.870707,1789633696870707700,70.54270776367187,-0.5629205107688904,-0.6479880809783936,-0.3881306648254394
2026-09-17T08:28:16.880666,1789633696880666600,70.55266650390625,1.2037537097930908,0.1630342006683349,-1.9439117908477783
2026-09-17T08:28:16.890625,1789633696890625800,70.56262573242188,2.239107131958008,0.4652790129184723,-5.3828229904174805
2026-09-17T08:28:16.900585,1789633696900585700,70.57258569335937,2.4596288204193115,0.3036970496177673,-6.615921497344971
2026-09-17T08:28:16.910544,1789633696910544600,70.58254467773438,0.8881190419197083,-0.1947902590036392,-5.996347904205322
2026-09-17T08:28:16.920503,1789633696920503600,70.59250366210938,-1.3288242816925049,-1.7225642204284668,-5.112987041473389
2026-09-17T08:28:16.930462,1789633696930462700,70.60246264648437,-2.307509422302246,-2.936459541320801,-3.907545328140259
2026-09-17T08:28:16.940422,1789633696940422700,70.61242260742188,-0.0649789199233055,-1.4576680660247805,-1.8285095691680908
2026-09-17T08:28:16.950381,1789633696950381800,70.6223818359375,2.7144105434417725,-0.1005846634507179,-0.296114981174469
2026-09-17T08:28:16.960340,1789633696960340700,70.6323408203125,2.8815412521362305,-0.095339834690094,0.0594007819890975
2026-09-17T08:28:16.970300,1789633696970300700,70.64230078125,1.5138883590698242,-0.2685803174972534,-0.2333589196205139
2026-09-17T08:28:16.980259,1789633696980259600,70.65225952148438,-0.2154440581798553,-0.5146114230155945,-0.6287283301353455
2026-09-17T08:28:16.990218,1789633696990218800,70.66221875,-0.9992640018463136,-0.588629424571991,-0.5274779200553894
2026-09-17T08:28:17.000177,1789633697000177700,70.672177734375,-0.4950141906738281,-0.3321300148963928,-0.2970172464847564
2026-09-17T08:28:17.010137,1789633697010137600,70.6821376953125,0.3721342384815216,-0.1152142062783241,-0.2789546251296997
2026-09-17T08:28:17.020096,1789633697020096800,70.6920966796875,0.6076706051826477,-0.0933006480336189,-0.3180940449237823
2026-09-17T08:28:17.030055,1789633697030055700,70.7020556640625,0.3945351541042328,-0.1332667022943496,-0.3450074195861816
2026-09-17T08:28:17.040014,1789633697040014800,70.71201489257813,0.1885904967784881,-0.1540611982345581,-0.2970572113990783
2026-09-17T08:28:17.049974,1789633697049974800,70.72197485351562,0.2250720858573913,-0.1138530597090721,-0.2487354725599289
2026-09-17T08:28:17.059933,1789633697059933700,70.73193359375,0.3368555903434753,-0.1001178100705146,-0.2601812183856964
2026-09-17T08:28:17.069892,1789633697069892600,70.741892578125,0.3285116553306579,-0.1100471392273902,-0.2635133564472198
2026-09-17T08:28:17.079852,1789633697079852500,70.7518525390625,0.2490210831165313,-0.1019138470292091,-0.2284816056489944
2026-09-17T08:28:17.089811,1789633697089811500,70.7618115234375,0.1746475249528885,-0.0849883928894996,-0.1917076110839843
2026-09-17T08:28:17.099771,1789633697099771000,70.77177099609375,0.1441609859466552,-0.0505856722593307,-0.1582364737987518
2026-09-17T08:28:17.109729,1789633697109729800,70.78172973632813,0.0992584899067878,-0.057342916727066,-0.1398238986730575
2026-09-17T08:28:17.119689,1789633697119689700,70.79168969726562,0.0049658142961561,-0.0820381417870521,-0.171054795384407
2026-09-17T08:28:17.129648,1789633697129648600,70.80164868164063,-0.038359023630619,-0.0830770432949066,-0.1989609897136688
2026-09-17T08:28:17.139607,1789633697139607600,70.81160766601562,0.0290690213441848,-0.0623613744974136,-0.1999972313642501
2026-09-17T08:28:17.149566,1789633697149566700,70.82156665039062,0.1024244576692581,-0.0443016812205314,-0.1843016296625137
2026-09-17T08:28:17.159526,1789633697159526700,70.83152661132813,0.1149825900793075,-0.0287509504705667,-0.165712758898735
2026-09-17T08:28:17.169485,1789633697169485600,70.84148559570312,0.0936227068305015,-0.0242808349430561,-0.142883613705635
2026-09-17T08:28:17.179444,1789633697179444700,70.85144482421875,0.0663356930017471,-0.0219260677695274,-0.1528592854738235
2026-09-17T08:28:17.189404,1789633697189404700,70.86140478515625,0.0630118027329444,-0.0181419812142848,-0.1712318956851959
2026-09-17T08:28:17.199363,1789633697199363600,70.87136352539062,0.1038777455687522,0.0111964661628007,-0.1721317768096923
2026-09-17T08:28:17.209322,1789633697209322800,70.88132275390625,0.1672854721546173,0.0266902036964893,-0.1921563446521759
2026-09-17T08:28:17.219281,1789633697219281700,70.89128173828125,0.2334533184766769,0.0188298840075731,-0.2187160551548004
2026-09-17T08:28:17.229241,1789633697229241600,70.90124169921874,0.2758668065071106,0.0285088773816823,-0.2378977388143539
2026-09-17T08:28:17.239200,1789633697239200500,70.91120043945313,0.3015905618667602,0.0281397625803947,-0.2599966526031494
2026-09-17T08:28:17.249159,1789633697249159700,70.92115966796875,0.2876454591751098,0.0477859005331993,-0.2342529445886612
2026-09-17T08:28:17.259118,1789633697259118600,70.93111865234376,0.2678541541099548,0.0558041483163833,-0.2253228276968002
2026-09-17T08:28:17.269078,1789633697269078800,70.94107885742187,0.2877543568611145,0.0563226640224456,-0.2366966605186462
2026-09-17T08:28:17.279037,1789633697279037700,70.95103759765625,0.3576492965221405,0.0583999305963516,-0.2717430591583252
2026-09-17T08:28:17.288996,1789633697288996600,70.96099658203126,0.4493105113506317,0.0522674694657325,-0.321522057056427
2026-09-17T08:28:17.298956,1789633697298956500,70.97095654296875,0.5110130310058594,0.0352181792259216,-0.3446297943592071
2026-09-17T08:28:17.308915,1789633697308915700,70.98091577148438,0.478503555059433,0.0379077047109603,-0.3229425847530365
2026-09-17T08:28:17.318874,1789633697318874600,70.99087451171874,0.4009280502796173,0.0269690379500389,-0.3171747326850891
2026-09-17T08:28:17.328833,1789633697328833500,71.00083349609375,0.3508995175361633,0.035083957016468,-0.3211180567741394
2026-09-17T08:28:17.338793,1789633697338793500,71.01079345703126,0.3637844324111938,0.0471241101622581,-0.334365963935852
2026-09-17T08:28:17.348752,1789633697348752400,71.02075244140624,0.3972193300724029,0.0745059251785278,-0.3544983863830566
2026-09-17T08:28:17.358711,1789633697358711600,71.03071166992187,0.4520200192928314,0.0984842330217361,-0.3767861127853393
2026-09-17T08:28:17.368670,1789633697368670500,71.04067041015625,0.4598699510097503,0.1124554425477981,-0.3972501158714294
2026-09-17T08:28:17.378630,1789633697378630700,71.05063061523437,0.4181555211544037,0.1136762350797653,-0.4179559350013733
2026-09-17T08:28:17.388589,1789633697388589600,71.06058959960937,0.380027562379837,0.1090692281723022,-0.4426796436309814
2026-09-17T08:28:17.398548,1789633697398548500,71.07054858398438,0.3578578233718872,0.099781721830368,-0.4755017757415771
2026-09-17T08:28:17.408508,1789633697408508400,71.08050830078125,0.3065474927425384,0.1156805306673049,-0.5382722020149231
2026-09-17T08:28:17.418467,1789633697418467600,71.09046752929687,0.2899195253849029,0.0890939235687255,-0.6105613112449646
2026-09-17T08:28:17.428426,1789633697428426500,71.10042651367188,0.2883679568767547,0.0308298226445913,-0.6649649143218994
2026-09-17T08:28:17.438385,1789633697438385400,71.11038549804688,0.1858234703540802,-0.0362770408391952,-0.7018531560897827
2026-09-17T08:28:17.448345,1789633697448345600,71.120345703125,0.0646531134843826,-0.0951616689562797,-0.7765335440635681
2026-09-17T08:28:17.458304,1789633697458304800,71.1303046875,-0.0093838293105363,-0.1587419807910919,-0.8724967837333679
2026-09-17T08:28:17.468263,1789633697468263700,71.140263671875,-0.0580392517149448,-0.2009706497192382,-0.9599376916885376
2026-09-17T08:28:17.478222,1789633697478222600,71.15022265625,-0.0617341212928295,-0.2375790029764175,-1.045984148979187
2026-09-17T08:28:17.488182,1789633697488182500,71.1601826171875,-0.0232402570545673,-0.2585490047931671,-1.1627366542816162
2026-09-17T08:28:17.498141,1789633697498141400,71.17014135742187,0.0482613556087017,-0.2855872809886932,-1.29889178276062
2026-09-17T08:28:17.508100,1789633697508100600,71.1801005859375,0.0708207264542579,-0.2910741865634918,-1.4195420742034912
2026-09-17T08:28:17.518060,1789633697518060500,71.190060546875,0.0952397808432579,-0.2618145644664764,-1.549855351448059
2026-09-17T08:28:17.528019,1789633697528019700,71.20001977539063,0.1512330025434494,-0.2421367317438125,-1.718074917793274
2026-09-17T08:28:17.537978,1789633697537978600,71.209978515625,0.1938438564538955,-0.2342758774757385,-1.9473779201507568
2026-09-17T08:28:17.547937,1789633697547937500,71.2199375,0.2284558862447738,-0.2291540950536728,-2.2156870365142822
2026-09-17T08:28:17.557897,1789633697557897500,71.2298974609375,0.1969211399555206,-0.1754202842712402,-2.49385142326355
2026-09-17T08:28:17.567856,1789633697567856600,71.23985668945312,0.1930433064699173,-0.1259800344705581,-2.7720770835876465
2026-09-17T08:28:17.577815,1789633697577815600,71.24981567382812,0.1612955033779144,-0.1058912798762321,-3.06844711303711
2026-09-17T08:28:17.587774,1789633697587774500,71.2597744140625,0.0922687575221061,-0.0952663272619247,-3.397804021835327
2026-09-17T08:28:17.597734,1789633697597734400,71.269734375,-0.0260099433362483,0.0718390420079231,-3.753926515579224
2026-09-17T08:28:17.607693,1789633697607693300,71.279693359375,-0.2071834653615951,0.2887876033782959,-4.133254051208496
2026-09-17T08:28:17.617652,1789633697617652700,71.28965283203125,-0.3799078464508056,0.3438585698604584,-4.657589435577393
2026-09-17T08:28:17.627612,1789633697627612700,71.29961279296874,-0.4294128119945526,0.2944116592407226,-5.222696304321289
2026-09-17T08:28:17.637571,1789633697637571600,71.30957153320313,-0.3544541299343109,0.126270592212677,-5.715290069580078
2026-09-17T08:28:17.647530,1789633697647530500,71.31953051757813,0.104659117758274,-0.0108912587165832,-5.945119380950928
2026-09-17T08:28:17.657489,1789633697657489700,71.32948974609376,0.5447201728820801,-0.0848677530884742,-6.023515224456787
2026-09-17T08:28:17.667449,1789633697667449600,71.33944970703125,0.6815110445022583,0.0242725871503353,-5.935943126678467
2026-09-17T08:28:17.677408,1789633697677408500,71.34940844726563,0.7334303855895996,0.2468508034944534,-5.746002197265625
2026-09-17T08:28:17.687367,1789633697687367400,71.35936743164062,0.458630234003067,0.5248759984970093,-5.4819254875183105
2026-09-17T08:28:17.697327,1789633697697327600,71.36932763671875,0.2651923298835754,0.7682253122329712,-5.358517646789551
2026-09-17T08:28:17.707286,1789633697707286500,71.37928662109375,0.3489354252815246,0.7715153694152832,-5.30922269821167
2026-09-17T08:28:17.717245,1789633697717245700,71.38924560546874,0.4657999873161316,0.7409422993659973,-5.221724033355713
2026-09-17T08:28:17.727204,1789633697727204600,71.39920458984375,0.5460115075111389,0.7766246199607849,-5.264132976531982
2026-09-17T08:28:17.737164,1789633697737164500,71.40916455078126,0.4360604882240295,0.946825385093689,-5.289880275726318
2026-09-17T08:28:17.747123,1789633697747123500,71.41912353515625,0.0316275171935558,0.9458717107772828,-4.748692989349365
2026-09-17T08:28:17.757082,1789633697757082400,71.42908227539063,-0.3367497026920318,1.198883295059204,-4.000798225402832
2026-09-17T08:28:17.767041,1789633697767041500,71.43904150390625,-0.4340826570987701,1.1645740270614624,-2.434804916381836
2026-09-17T08:28:17.777001,1789633697777001700,71.44900170898437,-0.1806437373161316,1.0882720947265625,-0.8553231358528137
2026-09-17T08:28:17.786960,1789633697786960600,71.45896069335937,0.2264502644538879,0.8527337908744812,0.4950031340122223
2026-09-17T08:28:17.796919,1789633697796919600,71.46891943359375,0.6499887704849243,0.5150836110115051,1.6444703340530396
2026-09-17T08:28:17.806879,1789633697806879500,71.47887939453125,0.9759767651557922,0.2453509122133255,2.631355047225952
2026-09-17T08:28:17.816838,1789633697816838400,71.48883837890625,1.1954033374786377,-0.0028929873369634,3.425218343734741
2026-09-17T08:28:17.826797,1789633697826797600,71.49879760742188,1.3354201316833496,-0.1506744623184204,4.075306415557861
2026-09-17T08:28:17.836756,1789633697836756500,71.50875659179688,1.3548002243041992,-0.1745012253522873,4.616492748260498
2026-09-17T08:28:17.846716,1789633697846716700,71.51871655273438,1.23193097114563,-0.1184078678488731,5.024956703186035
2026-09-17T08:28:17.856675,1789633697856675600,71.52867553710938,1.0092781782150269,-0.1039335876703262,5.291402816772461
2026-09-17T08:28:17.866634,1789633697866634500,71.53863452148437,0.7024275064468384,-0.0896087065339088,5.42790412902832
2026-09-17T08:28:17.876593,1789633697876593700,71.54859375,0.371089220046997,-0.0537606924772262,5.408492565155029
2026-09-17T08:28:17.886553,1789633697886553600,71.5585537109375,0.0520220063626766,-0.0019800560548901,5.264068126678467
2026-09-17T08:28:17.896512,1789633697896512500,71.56851245117187,-0.308825135231018,0.0106886010617017,5.093518257141113
2026-09-17T08:28:17.906471,1789633697906471400,71.57847143554687,-0.6556187272071838,-0.0453200712800025,4.8943328857421875
2026-09-17T08:28:17.916431,1789633697916431600,71.588431640625,-0.851285994052887,-0.1392721384763717,4.726846694946289
2026-09-17T08:28:17.926390,1789633697926390500,71.598390625,-0.8105063438415527,-0.1936179399490356,4.735551834106445
2026-09-17T08:28:17.936349,1789633697936349700,71.608349609375,-0.6980524659156799,-0.2522271871566772,4.934741497039795
2026-09-17T08:28:17.946308,1789633697946308600,71.61830859375,-0.6372085809707642,-0.3132884204387665,5.21630334854126
2026-09-17T08:28:17.956268,1789633697956268500,71.6282685546875,-0.5810781717300415,-0.3248430490493774,5.436803817749023
2026-09-17T08:28:17.966227,1789633697966227500,71.6382275390625,-0.531570553779602,-0.3684544563293457,5.493316650390625
2026-09-17T08:28:17.976186,1789633697976186600,71.6481865234375,-0.4968837201595306,-0.4031202793121338,5.409837245941162
2026-09-17T08:28:17.986145,1789633697986145500,71.6581455078125,-0.4932232201099396,-0.4063869118690491,5.271946907043457
2026-09-17T08:28:17.996105,1789633697996105500,71.66810546875,-0.5786211490631104,-0.3809332251548767,5.09904670715332
2026-09-17T08:28:18.006064,1789633698006064600,71.67806469726563,-0.7434338331222534,-0.3268020749092102,4.896259307861328
2026-09-17T08:28:18.016023,1789633698016023600,71.6880234375,-0.97629052400589,-0.2335166186094284,4.701629638671875
2026-09-17T08:28:18.025983,1789633698025983500,71.6979833984375,-1.1918119192123413,-0.1464275121688842,4.519963264465332
2026-09-17T08:28:18.035942,1789633698035942700,71.70794262695313,-1.2980996370315552,-0.0175086818635463,4.344810485839844
2026-09-17T08:28:18.045901,1789633698045901600,71.71790161132813,-1.3886854648590088,0.1037485003471374,4.177654266357422
2026-09-17T08:28:18.055860,1789633698055860500,71.72786059570312,-1.4739586114883425,0.1673860698938369,4.015246391296387
2026-09-17T08:28:18.065820,1789633698065820400,71.7378203125,-1.5432881116867063,0.2230607867240905,3.89595627784729
2026-09-17T08:28:18.075779,1789633698075779300,71.747779296875,-1.5925451517105105,0.2623381316661834,3.7965166568756104
2026-09-17T08:28:18.085738,1789633698085738800,71.75773876953124,-1.6248687505722046,0.3054525852203369,3.710833549499512
2026-09-17T08:28:18.095698,1789633698095698700,71.76769873046875,-1.6444687843322754,0.3807236552238464,3.615140676498413
2026-09-17T08:28:18.105657,1789633698105657600,71.77765771484376,-1.6975363492965698,0.449869155883789,3.4545161724090576
2026-09-17T08:28:18.115616,1789633698115616500,71.78761645507812,-1.8010605573654177,0.5096907019615173,3.255391836166382
2026-09-17T08:28:18.125575,1789633698125575400,71.79757543945313,-1.9410001039505005,0.5166335701942444,3.033470392227173
2026-09-17T08:28:18.135535,1789633698135535400,71.80753540039062,-2.0261483192443848,0.453641265630722,2.772707223892212
2026-09-17T08:28:18.145494,1789633698145494500,71.81749462890625,-1.920478582382202,0.3729623854160309,2.480848550796509
2026-09-17T08:28:18.155453,1789633698155453400,71.82745336914063,-1.6593457460403442,0.2670471370220184,2.10817813873291
2026-09-17T08:28:18.165412,1789633698165412600,71.83741259765625,-1.3716093301773071,0.1052180379629135,1.680025935173035
2026-09-17T08:28:18.175372,1789633698175372500,71.84737255859375,-1.1052887439727783,-0.0714696496725082,1.2296406030654907
2026-09-17T08:28:18.185331,1789633698185331500,71.85733154296875,-0.8752129077911377,-0.2669142484664917,0.7557505369186401
2026-09-17T08:28:18.195290,1789633698195290600,71.86729052734376,-0.6778982281684875,-0.4138027727603912,0.3424838781356811
2026-09-17T08:28:18.205250,1789633698205250600,71.87725048828125,-0.4949670433998108,-0.5139530897140503,0.0594132989645004
2026-09-17T08:28:18.215209,1789633698215209500,71.88720947265625,-0.3098983764648437,-0.6141592860221863,-0.0372815504670143
2026-09-17T08:28:18.225168,1789633698225168400,71.89716845703126,-0.0766816437244415,-0.5499318242073059,-0.0762422680854797
2026-09-17T08:28:18.235127,1789633698235127600,71.90712744140625,-0.0161189641803503,-0.4774837493896484,-2.421319007873535
2026-09-17T08:28:18.245087,1789633698245087700,71.91708764648438,0.6653054356575012,-0.114615261554718,-2.202291250228882
2026-09-17T08:28:18.255046,1789633698255046700,71.92704663085938,0.6957072615623474,0.6464730501174927,-2.5548596382141113
2026-09-17T08:28:18.265005,1789633698265005600,71.93700561523437,1.6441694498062134,-0.3083775341510772,-3.986773014068603
2026-09-17T08:28:18.274964,1789633698274964500,71.94696459960937,2.6260406970977783,0.2069979310035705,-5.590149879455566
2026-09-17T08:28:18.284924,1789633698284924400,71.95692431640624,1.935961365699768,-0.6122457981109619,-5.653158187866211
2026-09-17T08:28:18.294883,1789633698294883600,71.96688354492187,-0.0020036781206727,-2.7258992195129395,-4.835005283355713
2026-09-17T08:28:18.304842,1789633698304842500,71.97684252929687,-0.1398808509111404,-2.230639696121216,-3.2038040161132812
2026-09-17T08:28:18.314802,1789633698314802700,71.986802734375,1.7841302156448364,-0.3650123178958893,-0.8865936994552612
2026-09-17T08:28:18.324761,1789633698324761600,71.99676171875,2.528610944747925,0.2269316911697387,0.1561403721570968
2026-09-17T08:28:18.334720,1789633698334720000,72.00671997070313,1.518986701965332,-0.192335620522499,-0.2070801705121994
2026-09-17T08:28:18.344679,1789633698344679200,72.01667919921876,-0.0540011003613472,-0.4293391108512878,-0.5836958885192871
2026-09-17T08:28:18.354639,1789633698354639000,72.02663916015625,-1.3870068788528442,-0.7277979850769043,-0.5611793994903564
2026-09-17T08:28:18.364598,1789633698364598000,72.03659790039063,-1.2779475450515747,-0.6493905186653137,-0.5512258410453796
2026-09-17T08:28:18.374557,1789633698374557000,72.04655688476562,0.3252362310886383,-0.1678710281848907,-0.5754371881484985
2026-09-17T08:28:18.384516,1789633698384516900,72.05651684570313,1.0941622257232666,0.0197079293429851,-0.5112254023551941
2026-09-17T08:28:18.394476,1789633698394476000,72.06647607421876,0.753869354724884,-0.0399431511759758,-0.4287864565849304
2026-09-17T08:28:18.404435,1789633698404435000,72.07643505859374,0.409354031085968,-0.0668996721506118,-0.3893264234066009
2026-09-17T08:28:18.414393,1789633698414393900,72.08639379882813,0.3411028087139129,-0.0411064177751541,-0.3013427555561065
2026-09-17T08:28:18.424354,1789633698424354000,72.09635400390626,0.4028607308864593,-0.0082949437201023,-0.2181764990091323
2026-09-17T08:28:18.434313,1789633698434313000,72.10631298828125,0.3517352044582367,-0.016199205070734,-0.2100583910942077
2026-09-17T08:28:18.444272,1789633698444272000,72.11627221679687,0.1359126418828964,-0.0528405755758285,-0.221282809972763
2026-09-17T08:28:18.454231,1789633698454231000,72.12623095703125,-0.0123737603425979,-0.0843455046415329,-0.2488350719213485
2026-09-17T08:28:18.464191,1789633698464191000,72.13619091796875,0.1161583811044693,-0.0431131124496459,-0.2499978244304657
2026-09-17T08:28:18.474150,1789633698474150000,72.14614990234375,0.2903011441230774,0.0065527120605111,-0.2351094186305999
2026-09-17T08:28:18.484108,1789633698484108800,72.15610888671876,0.2711005508899688,0.0015299904625862,-0.2030830383300781
2026-09-17T08:28:18.494068,1789633698494068000,72.16606787109374,0.1339360475540161,-0.0148212853819131,-0.2067571282386779
2026-09-17T08:28:18.504028,1789633698504028200,72.17602807617187,0.0801228806376457,-0.0306516494601964,-0.2024673074483871
2026-09-17T08:28:18.513987,1789633698513987000,72.18598706054688,0.043382178992033,-0.044390894472599,-0.1875070035457611
2026-09-17T08:28:18.523946,1789633698523946000,72.19594604492187,-0.0186702720820903,-0.049571007490158,-0.176006406545639
2026-09-17T08:28:18.533906,1789633698533906000,72.20590600585938,-0.0029144790023565,-0.0388925299048423,-0.1688909828662872
2026-09-17T08:28:18.543865,1789633698543865000,72.21586499023438,0.0966366082429885,0.0162950884550809,-0.1640421599149704
2026-09-17T08:28:18.553824,1789633698553824000,72.22582397460937,0.2060395330190658,0.0665007308125495,-0.1523535400629043
2026-09-17T08:28:18.563783,1789633698563783000,72.23578295898437,0.2836568355560303,0.1026078686118125,-0.1215101480484008
2026-09-17T08:28:18.573743,1789633698573743000,72.2457431640625,0.2673082053661346,0.0989359021186828,-0.1012647971510887
2026-09-17T08:28:18.583702,1789633698583702000,72.25570190429687,0.1975230127573013,0.0741408094763755,-0.096886821091175
2026-09-17T08:28:18.593661,1789633698593661200,72.2656611328125,0.1126991957426071,0.0451299324631691,-0.095653511583805
2026-09-17T08:28:18.603620,1789633698603620000,72.2756201171875,0.0171404555439949,0.0301235523074865,-0.08242879062891
2026-09-17T08:28:18.613580,1789633698613580000,72.285580078125,-0.0337837114930152,0.0156759023666381,-0.0738792419433593
2026-09-17T08:28:18.623539,1789633698623539000,72.2955390625,0.0133127905428409,0.0277077127248048,-0.0668356567621231
2026-09-17T08:28:18.633497,1789633698633497900,72.30549780273438,0.0106206005439162,0.0272738840430974,-0.037597868591547
2026-09-17T08:28:18.643457,1789633698643457800,72.31545776367187,-0.0519618205726146,0.0265223402529954,0.0196204129606485
2026-09-17T08:28:18.653417,1789633698653417200,72.32541723632812,-0.0071613262407481,0.0582344643771648,0.0721736326813697
2026-09-17T08:28:18.663376,1789633698663376100,72.33537622070313,-0.065558061003685,0.0299295876175165,0.0762008652091026
2026-09-17T08:28:18.673335,1789633698673335000,72.3453349609375,-0.150566428899765,0.0115218199789524,0.0410327613353729
2026-09-17T08:28:18.683295,1789633698683295000,72.355294921875,-0.007502210792154,0.0661997124552726,0.0516960583627224
2026-09-17T08:28:18.693254,1789633698693254000,72.36525390625,0.09131570905447,0.0999725908041,0.0955854803323745
2026-09-17T08:28:18.703213,1789633698703213000,72.37521313476563,-0.0361261293292045,0.0702474564313888,0.1235926151275634
2026-09-17T08:28:18.713172,1789633698713172000,72.385171875,-0.1603586077690124,0.0226181466132402,0.1166598722338676
2026-09-17T08:28:18.723132,1789633698723132000,72.3951318359375,-0.1680564731359481,-0.0068697044625878,0.0821431726217269
2026-09-17T08:28:18.733091,1789633698733091000,72.40509106445313,-0.14195217192173,-0.0180134363472461,0.037792757153511
2026-09-17T08:28:18.743050,1789633698743050000,72.41505004882812,-0.1676924228668213,-0.0251983795315027,0.0376723818480968
2026-09-17T08:28:18.753010,1789633698753010000,72.42501000976563,-0.1801656037569046,-0.0283811222761869,0.0648115873336792
2026-09-17T08:28:18.762969,1789633698762969000,72.43496899414062,-0.1364793628454208,-0.0437259897589683,0.0278519764542579
2026-09-17T08:28:18.772928,1789633698772928000,72.44492797851562,-0.1342247426509857,-0.0582700446248054,-0.0206937212496995
2026-09-17T08:28:18.782887,1789633698782887000,72.45488696289063,-0.1346409916877746,-0.011231429874897,-0.0424533449113369
2026-09-17T08:28:18.792846,1789633698792846800,72.46484692382812,-0.0739954859018325,0.0486366972327232,0.0185596756637096
2026-09-17T08:28:18.802806,1789633698802806000,72.47480590820312,-0.1096102073788642,0.044107723981142,0.0927635952830314
2026-09-17T08:28:18.812765,1789633698812765200,72.48476513671875,-0.2083101570606231,0.0111425854265689,0.0969546139240264
2026-09-17T08:28:18.822724,1789633698822724000,72.49472412109375,-0.1631232351064682,0.0101742604747414,0.1110802814364433
2026-09-17T08:28:18.832684,1789633698832684000,72.50468408203125,-0.0633068904280662,0.003615160472691,0.10698913782835
2026-09-17T08:28:18.842643,1789633698842643000,72.51464282226563,0.068107858300209,0.0041142366826534,0.0391842611134052
2026-09-17T08:28:18.852602,1789633698852602000,72.52460205078125,0.1222419366240501,-0.0049279937520623,0.0198579654097557
2026-09-17T08:28:18.862562,1789633698862562000,72.53456201171875,0.0181464273482561,-0.0377141721546649,0.0099339615553617
2026-09-17T08:28:18.872521,1789633698872521000,72.54452099609375,-0.0128202773630619,0.0166827589273452,0.0602647773921489
2026-09-17T08:28:18.882479,1789633698882479900,72.55447998046876,0.0913508608937263,0.0883178040385246,0.0772062093019485
2026-09-17T08:28:18.892438,1789633698892438800,72.56443872070312,0.0005967284087091,0.0592973306775093,0.0536076724529266
2026-09-17T08:28:18.902399,1789633698902399000,72.57439892578125,-0.1760960221290588,0.0060466267168521,0.0384231284260749
2026-09-17T08:28:18.912358,1789633698912358100,72.58435815429688,-0.1858844757080078,0.0092647904530167,0.0286626424640417
2026-09-17T08:28:18.922317,1789633698922317000,72.59431713867187,-0.0016086352989077,0.0594746954739093,0.0168318171054124
2026-09-17T08:28:18.932276,1789633698932276000,72.60427587890625,0.1374595016241073,0.1019321456551551,0.0289438720792531
2026-09-17T08:28:18.942236,1789633698942236000,72.61423583984374,0.1271591931581497,0.09030532091856,0.0334139876067638
2026-09-17T08:28:18.952194,1789633698952194800,72.62419482421875,0.0890565514564514,0.0535718016326427,0.0255882907658815
2026-09-17T08:28:18.962154,1789633698962154000,72.63415405273437,0.0853006914258003,0.0367121249437332,-0.0013091046130284
2026-09-17T08:28:18.972114,1789633698972114200,72.6441142578125,0.0821413844823837,0.010319935157895,-0.0235078837722539
2026-09-17T08:28:18.982073,1789633698982073000,72.65407299804687,0.0465586297214031,-0.0185513943433761,-0.0379946790635585
2026-09-17T08:28:18.992032,1789633698992032000,72.66403198242188,0.0692069455981254,0.0042985277250409,-0.0356180742383003
2026-09-17T08:28:19.001991,1789633699001991000,72.67399096679688,0.2179159969091415,0.063276894390583,-0.0263960808515548
2026-09-17T08:28:19.011950,1789633699011950800,72.68395092773437,0.2424538284540176,0.074309304356575,-0.0276805236935615
2026-09-17T08:28:19.021910,1789633699021910000,72.69390991210938,0.1380145102739334,0.0556602515280246,-0.0338196419179439
2026-09-17T08:28:19.031869,1789633699031869000,72.70386889648438,0.0720357522368431,0.0444920174777507,-0.027373993769288
2026-09-17T08:28:19.041827,1789633699041827800,72.71382788085937,0.07142935693264,0.0607799105346202,-0.0014518500538542
2026-09-17T08:28:19.051788,1789633699051788000,72.7237880859375,0.0729343071579933,0.0804665386676788,0.0390646830201149
2026-09-17T08:28:19.061747,1789633699061747200,72.73374731445313,0.0274520441889762,0.0849001631140708,0.0790451169013977
2026-09-17T08:28:19.071706,1789633699071706000,72.7437060546875,-0.0521434471011161,0.0546913929283618,0.0872876048088073
2026-09-17T08:28:19.081666,1789633699081666000,72.753666015625,-0.1349552422761917,0.0024870454799383,0.0972728580236435
2026-09-17T08:28:19.091625,1789633699091625000,72.763625,-0.256479799747467,-0.0448836646974086,0.1124582067131996
2026-09-17T08:28:19.101584,1789633699101584000,72.773583984375,-0.3340129554271698,-0.0356768518686294,0.1362591385841369
2026-09-17T08:28:19.111543,1789633699111543000,72.78354296875,-0.2402302622795105,0.0415284521877765,0.1928201466798782
2026-09-17T08:28:19.121503,1789633699121503200,72.79350317382813,-0.0653489977121353,0.1119448319077491,0.1847145557403564
2026-09-17T08:28:19.131462,1789633699131462100,72.80346215820313,-0.0194337051361799,0.1022008582949638,0.1651674807071685
2026-09-17T08:28:19.141421,1789633699141421000,72.81342114257812,-0.1534745991230011,0.0646313801407814,0.1778563857078552
2026-09-17T08:28:19.151380,1789633699151380000,72.8233798828125,-0.2862097322940826,0.0351057089865207,0.1762819290161132
2026-09-17T08:28:19.161340,1789633699161340000,72.83333984375,-0.2962157726287842,0.0390743501484394,0.167132630944252
2026-09-17T08:28:19.171299,1789633699171299000,72.84329907226562,-0.2020794153213501,0.0299668721854686,0.1570120900869369
2026-09-17T08:28:19.181258,1789633699181258000,72.85325805664063,-0.2122452408075332,0.0456696674227714,0.2069170624017715
2026-09-17T08:28:19.191218,1789633699191218000,72.86321801757812,-0.347524493932724,0.0401401482522487,0.2467499673366546
2026-09-17T08:28:19.201177,1789633699201177000,72.87317700195312,-0.3770610988140106,0.0409135296940803,0.222552478313446
2026-09-17T08:28:19.211136,1789633699211136000,72.88313598632813,-0.2161558270454406,0.0612355805933475,0.2025577425956726
2026-09-17T08:28:19.221095,1789633699221095200,72.89309521484375,-0.1363946795463562,0.0874213799834251,0.1833001524209976
2026-09-17T08:28:19.231055,1789633699231055000,72.90305517578125,-0.1616997718811035,0.0751567259430885,0.1582278162240982
2026-09-17T08:28:19.241014,1789633699241014000,72.91301391601563,-0.1675422191619873,0.0996495485305786,0.2154269367456436
2026-09-17T08:28:19.250973,1789633699250973000,72.92297290039062,-0.1799450814723968,0.0760089382529258,0.2027433514595031
2026-09-17T08:28:19.260932,1789633699260932000,72.93293212890624,-0.1554519981145858,0.0382034964859485,0.1165924966335296
2026-09-17T08:28:19.270892,1789633699270892000,72.94289208984375,-0.0860774517059326,0.0218769870698452,0.0775745213031768
2026-09-17T08:28:19.280851,1789633699280851200,72.95285131835938,-0.0068774330429732,0.0380442403256893,0.0664227977395057
2026-09-17T08:28:19.290810,1789633699290810000,72.96281005859375,0.0554514564573764,0.0408786423504352,0.0341889671981334
2026-09-17T08:28:19.300769,1789633699300769000,72.97276904296875,0.061977531760931,0.0393382683396339,0.035644918680191
2026-09-17T08:28:19.310729,1789633699310729000,72.98272900390624,0.0546871274709701,0.0267186146229505,0.0445316210389137
2026-09-17T08:28:19.320688,1789633699320688000,72.99268823242187,0.0367787033319473,-0.009915561415255,0.0214263014495372
2026-09-17T08:28:19.330647,1789633699330647300,73.00264721679687,0.0611106753349304,-0.0313343033194541,0.0098604597151279
2026-09-17T08:28:19.340607,1789633699340607500,73.012607421875,0.1443365812301635,-0.0094511061906814,0.0256740432232618
2026-09-17T08:28:19.350566,1789633699350566400,73.02256640625,0.1979268342256546,-0.0103376731276512,0.0091275572776794
2026-09-17T08:28:19.360525,1789633699360525300,73.032525390625,0.1176738142967224,-0.0253903921693563,0.0228268578648567
2026-09-17T08:28:19.370484,1789633699370484500,73.042484375,-0.0131896585226058,-0.0045932345092296,0.0550463125109672
2026-09-17T08:28:19.380444,1789633699380444400,73.0524443359375,-0.0267326310276985,-0.0416354089975357,-0.0339932814240455
2026-09-17T08:28:19.390403,1789633699390403300,73.0624033203125,-0.0229165870696306,-0.0009223332162946,0.0325173027813434
2026-09-17T08:28:19.400362,1789633699400362200,73.0723623046875,-0.0675975084304809,-0.0236031450331211,-0.0057435343042016
2026-09-17T08:28:19.410321,1789633699410321200,73.08232104492187,0.0291130580008029,0.0019900996703654,0.0123782120645046
2026-09-17T08:28:19.420281,1789633699420281300,73.09228125,0.0833137109875679,0.00766156706959,0.0078218095004558
2026-09-17T08:28:19.430240,1789633699430240500,73.10224047851563,0.0721758380532264,-0.0209303963929414,-0.0152552798390388
2026-09-17T08:28:19.440199,1789633699440199400,73.11219946289063,0.1753221899271011,-0.0131883202120661,-0.0357080921530723
2026-09-17T08:28:19.450159,1789633699450159400,73.12215942382812,0.4003715515136719,-0.0130248023197054,-0.1028120294213295
2026-09-17T08:28:19.460118,1789633699460118300,73.1321181640625,0.5142459273338318,-0.0019404597114771,-0.1133352443575859
2026-09-17T08:28:19.470077,1789633699470077200,73.1420771484375,0.5641844868659973,-0.0097493799403309,-0.1102358549833297
2026-09-17T08:28:19.480036,1789633699480036400,73.15203637695312,0.5696913599967957,0.0058974893763661,-0.0710674151778221
2026-09-17T08:28:19.489996,1789633699489996300,73.16199633789063,0.5601723790168762,-0.0033418152015656,-0.0605793520808219
2026-09-17T08:28:19.499955,1789633699499955500,73.17195556640625,0.4821391105651855,-0.045349720865488,-0.058960948139429
2026-09-17T08:28:19.509914,1789633699509914400,73.18191430664062,0.3376059234142303,-0.0467430837452411,-0.0731643885374069
2026-09-17T08:28:19.519874,1789633699519874300,73.19187426757813,0.2564322352409363,-0.0495806820690631,-0.0736911594867706
2026-09-17T08:28:19.529833,1789633699529833200,73.20183325195312,0.2363029867410659,-0.0344166457653045,-0.0454328879714012
2026-09-17T08:28:19.539792,1789633699539792400,73.21179248046874,0.1993401795625686,-0.0088521614670753,-0.0209360681474208
2026-09-17T08:28:19.549751,1789633699549751300,73.22175122070313,0.1817840933799743,0.0145751340314745,-0.0063134506344795
2026-09-17T08:28:19.559711,1789633699559711200,73.23171118164062,0.1826256513595581,0.027080537751317,-0.0040471004322171
2026-09-17T08:28:19.569670,1789633699569670100,73.24167016601562,0.1379021257162094,0.0237095095217227,-0.00975345633924
2026-09-17T08:28:19.579629,1789633699579629000,73.25162915039063,0.0595175698399543,0.0305903181433677,-0.0028939517214894
2026-09-17T08:28:19.589588,1789633699589588500,73.26158837890625,0.0038276754785329,0.0411161966621875,0.0153838545083999
2026-09-17T08:28:19.599548,1789633699599548400,73.27154833984375,-0.0127164144068956,0.0434866771101951,0.0280368011444807
2026-09-17T08:28:19.609507,1789633699609507300,73.28150732421875,0.0066202664747834,0.0468710213899612,0.0345812514424324
2026-09-17T08:28:19.619466,1789633699619466200,73.29146630859375,0.0380897782742977,0.0583132915198802,0.0430503711104393
2026-09-17T08:28:19.629425,1789633699629425400,73.30142529296874,0.0752986595034599,0.0583628267049789,0.0516161620616912
2026-09-17T08:28:19.639385,1789633699639385300,73.31138525390625,0.0998613536357879,0.0553642213344574,0.0414458028972148
2026-09-17T08:28:19.649344,1789633699649344300,73.32134423828126,0.1244372576475143,0.0535548701882362,0.0462789088487625
2026-09-17T08:28:19.659303,1789633699659303200,73.33130322265625,0.1391522884368896,0.0637172237038612,0.0596061646938324
2026-09-17T08:28:19.669263,1789633699669263400,73.34126342773438,0.1223285794258117,0.0682003945112228,0.0596477091312408
2026-09-17T08:28:19.679222,1789633699679222300,73.35122216796876,0.0988187193870544,0.0682680383324623,0.0570969358086586
2026-09-17T08:28:19.689181,1789633699689181400,73.36118139648437,0.0508216321468353,0.0679862722754478,0.0476405806839466
2026-09-17T08:28:19.699140,1789633699699140400,73.37114038085937,-0.0106558427214622,0.0760199651122093,0.0398114211857318
2026-09-17T08:28:19.709100,1789633699709100300,73.38110034179688,-0.067220315337181,0.0815127342939376,0.03752376511693
2026-09-17T08:28:19.719059,1789633699719059200,73.39105908203125,-0.0934372693300247,0.0846749693155288,0.0508078783750534
2026-09-17T08:28:19.729018,1789633699729018000,73.40101806640625,-0.0693937242031097,0.0790061652660369,0.0426879003643989
2026-09-17T08:28:19.738977,1789633699738977300,73.41097729492188,-0.0113975331187248,0.0546765923500061,-0.0014478681841865
2026-09-17T08:28:19.748937,1789633699748937500,73.4209375,0.0048655923455953,0.0687093213200569,-0.012886943295598
2026-09-17T08:28:19.758896,1789633699758896400,73.430896484375,0.034052237868309,0.0821614786982536,-0.0202087722718715
2026-09-17T08:28:19.768855,1789633699768855300,73.44085522460938,0.0522320419549942,0.0956466645002365,-0.0064380997791886
2026-09-17T08:28:19.778815,1789633699778815200,73.45081518554687,0.0362669229507446,0.1078127846121788,0.0112247839570045
2026-09-17T08:28:19.788774,1789633699788774100,73.46077416992188,0.0184338651597499,0.110877014696598,0.0213839448988437
2026-09-17T08:28:19.798733,1789633699798733300,73.4707333984375,-0.0257386546581983,0.1159125193953514,0.0378271006047725
2026-09-17T08:28:19.808692,1789633699808692200,73.48069213867187,-0.0804362595081329,0.1240516752004623,0.0429267883300781
2026-09-17T08:28:19.818652,1789633699818652400,73.49065234375,-0.125224769115448,0.1323751211166381,0.0565222240984439
2026-09-17T08:28:19.828611,1789633699828611300,73.500611328125,-0.1769942194223404,0.1532505750656128,0.095775619149208
2026-09-17T08:28:19.838570,1789633699838570200,73.5105703125,-0.2235971391201019,0.1597268432378769,0.1291519403457641
2026-09-17T08:28:19.848529,1789633699848529400,73.520529296875,-0.2186194360256195,0.1577566415071487,0.1434834748506546
2026-09-17T08:28:19.858489,1789633699858489300,73.5304892578125,-0.2245343178510666,0.1498347967863083,0.1316947340965271
2026-09-17T08:28:19.868448,1789633699868448300,73.5404482421875,-0.1936970353126526,0.1466483324766159,0.0948815941810607
2026-09-17T08:28:19.878407,1789633699878407200,73.5504072265625,-0.1469087600708007,0.1614797413349151,0.0996989905834198
2026-09-17T08:28:19.888367,1789633699888367400,73.56036743164063,-0.1317093074321746,0.1740871369838714,0.1141287982463836
2026-09-17T08:28:19.898326,1789633699898326300,73.570326171875,-0.1153870522975921,0.1550655215978622,0.0722915977239608
2026-09-17T08:28:19.908285,1789633699908285400,73.58028540039062,-0.0700392723083496,0.1237672492861747,-0.0175650529563426
2026-09-17T08:28:19.918244,1789633699918244400,73.59024438476563,-0.0326088108122348,0.1415252089500427,-0.0461479611694812
2026-09-17T08:28:19.928204,1789633699928204300,73.60020434570312,-0.0245029479265213,0.1790920197963714,-0.029745552688837
2026-09-17T08:28:19.938163,1789633699938163200,73.6101630859375,-0.0099429143592715,0.2133312225341797,-0.0109700001776218
2026-09-17T08:28:19.948122,1789633699948122400,73.62012231445313,-0.0043713152408599,0.2248909324407577,0.0133811458945274
2026-09-17T08:28:19.958081,1789633699958081300,73.63008129882813,-0.0213324557989835,0.2225359082221985,0.0511234626173973
2026-09-17T08:28:19.968041,1789633699968041200,73.64004125976562,-0.0533804036676883,0.2327997237443924,0.0707256644964218
2026-09-17T08:28:19.978000,1789633699978000400,73.65000048828125,-0.0628442168235778,0.2288923412561416,0.0654046684503555
2026-09-17T08:28:19.987959,1789633699987959300,73.65995922851563,-0.0235790982842445,0.2421074658632278,0.0712612196803093
2026-09-17T08:28:19.997918,1789633699997918500,73.66991845703124,0.0081918807700276,0.2171448618173599,0.0539661236107349
2026-09-17T08:28:20.007878,1789633700007878400,73.67987841796875,0.0055052838288247,0.1761401742696762,0.0300328265875577
2026-09-17T08:28:20.017837,1789633700017837300,73.68983740234376,-0.0055199367925524,0.1505032479763031,0.0011859980877488
2026-09-17T08:28:20.027796,1789633700027796200,73.69979614257812,-0.0042623924091458,0.1282272487878799,-0.0348460376262664
2026-09-17T08:28:20.037756,1789633700037756200,73.70975610351563,0.0165712498128414,0.1373427063226699,-0.0241854041814804
2026-09-17T08:28:20.047715,1789633700047715000,73.71971508789062,0.0228248853236436,0.1541736274957656,0.0004139477096032
2026-09-17T08:28:20.057674,1789633700057674500,73.72967456054687,-0.0001438134349882,0.1774856001138687,0.0377450734376907
2026-09-17T08:28:20.067633,1789633700067633400,73.73963330078125,-0.0336780697107315,0.1350167095661163,0.0477279350161552
2026-09-17T08:28:20.077593,1789633700077593300,73.74959326171874,-0.0892206877470016,0.12803815305233,0.0686191022396087
2026-09-17T08:28:20.087552,1789633700087552300,73.75955224609375,-0.1284911334514618,0.1350057870149612,0.0825301259756088
2026-09-17T08:28:20.097511,1789633700097511200,73.76951123046875,-0.1197807341814041,0.1581547856330871,0.0923470705747604
2026-09-17T08:28:20.107471,1789633700107471000,73.77947119140624,-0.1234527081251144,0.1793242543935775,0.114286720752716
2026-09-17T08:28:20.117430,1789633700117430300,73.78943017578125,-0.1212228387594223,0.1717933565378189,0.1177560240030288
2026-09-17T08:28:20.127389,1789633700127389200,73.79938916015625,-0.0857039839029312,0.1486749947071075,0.1142973750829696
2026-09-17T08:28:20.137348,1789633700137348400,73.80934838867188,-0.0365707986056804,0.136342167854309,0.0968837589025497
2026-09-17T08:28:20.147308,1789633700147308300,73.81930834960937,-0.012464128434658,0.1190699636936187,0.093657873570919
2026-09-17T08:28:20.157267,1789633700157267500,73.82926733398438,0.0013140009250491,0.1149900034070015,0.1016244515776634
2026-09-17T08:28:20.167226,1789633700167226400,73.83922631835938,-0.0107389334589242,0.106850579380989,0.1064000353217125
2026-09-17T08:28:20.177185,1789633700177185300,73.84918530273437,-0.0271477326750755,0.1035325527191162,0.1115772202610969
2026-09-17T08:28:20.187145,1789633700187145200,73.85914526367188,-0.0435549356043338,0.0896766558289527,0.1001922041177749
2026-09-17T08:28:20.197104,1789633700197104000,73.86910424804688,-0.0581937991082668,0.0836573764681816,0.0586463622748851
2026-09-17T08:28:20.207063,1789633700207063300,73.87906323242187,-0.0664533227682113,0.0702462345361709,0.0272658020257949
2026-09-17T08:28:20.217022,1789633700217022200,73.88902221679687,-0.0544017255306243,0.0583134070038795,0.0057365410029888
2026-09-17T08:28:20.226982,1789633700226982400,73.898982421875,-0.0346341468393802,0.0564265549182891,-0.010942037217319
2026-09-17T08:28:20.236941,1789633700236941300,73.90894140625,-0.0085620656609535,0.0591251365840435,-0.0062037413008511
2026-09-17T08:28:20.246900,1789633700246900200,73.91890014648438,0.0091977566480636,0.0572462789714336,-0.0008539832197129
2026-09-17T08:28:20.256860,1789633700256860200,73.92886010742187,0.0060158120468258,0.0572995394468307,0.0016504534287378
2026-09-17T08:28:20.266819,1789633700266819300,73.9388193359375,0.0008127940818667,0.0536661893129348,-0.0102040749043226
2026-09-17T08:28:20.276778,1789633700276778200,73.9487783203125,0.0135283228009939,0.0513188801705837,-0.0076650180853903
2026-09-17T08:28:20.286737,1789633700286737200,73.95873706054688,0.0288833100348711,0.0501643978059291,0.0112871015444397
2026-09-17T08:28:20.296697,1789633700296697300,73.968697265625,0.0366818457841873,0.0453848242759704,0.0385647937655448
2026-09-17T08:28:20.306656,1789633700306656300,73.97865625,0.0535423196852207,0.0289254244416952,0.0532065890729427
2026-09-17T08:28:20.316615,1789633700316615400,73.98861547851563,0.0712707191705703,0.0237860549241304,0.0416740365326404
2026-09-17T08:28:20.326574,1789633700326574300,73.99857421875,0.0623986609280109,0.0167039111256599,0.0261810962110757
2026-09-17T08:28:20.336534,1789633700336534800,74.00853466796875,0.0329281203448772,0.0151984263211488,0.0210672952234745
2026-09-17T08:28:20.346493,1789633700346493700,74.01849365234375,0.0175875127315521,0.0160024333745241,0.0243943817913532
2026-09-17T08:28:20.356452,1789633700356452600,74.02845263671875,0.0182911194860935,0.0097192386165261,0.0248156934976577
2026-09-17T08:28:20.366412,1789633700366412500,74.03841259765625,0.0321166552603244,0.0043673496693372,0.0215615779161453
2026-09-17T08:28:20.376372,1789633700376372000,74.0483720703125,0.0344863347709178,0.0013244220754131,0.0096625741571187
2026-09-17T08:28:20.386331,1789633700386331000,74.05833081054688,0.0362858325242996,-0.0074855806306004,-0.0159706175327301
2026-09-17T08:28:20.396289,1789633700396289800,74.06828979492188,0.0366027504205703,-0.0139006040990352,-0.0335591994225978
2026-09-17T08:28:20.406249,1789633700406249700,74.07824975585937,0.0507345460355281,-0.017373364418745,-0.0587481744587421
2026-09-17T08:28:20.416208,1789633700416208600,74.08820874023438,0.0658501163125038,-0.0191353131085634,-0.0642726346850395
2026-09-17T08:28:20.426167,1789633700426167800,74.09816772460937,0.075819656252861,-0.0186732541769742,-0.0586187466979026
2026-09-17T08:28:20.436127,1789633700436127700,74.10812768554688,0.0832283049821853,-0.0247039832174778,-0.0559590458869934
2026-09-17T08:28:20.446086,1789633700446086700,74.11808666992188,0.0717596709728241,-0.0195315908640623,-0.0396945886313915
2026-09-17T08:28:20.456045,1789633700456045800,74.1280458984375,0.0524062141776084,-0.0099838925525546,-0.035964298993349
2026-09-17T08:28:20.466004,1789633700466004700,74.13800463867187,0.0477962829172611,-0.0080349911004304,-0.0392351932823658
2026-09-17T08:28:20.475964,1789633700475964700,74.14796459960938,0.03942197188735,-0.001369897974655,-0.0276563018560409
2026-09-17T08:28:20.485923,1789633700485923800,74.157923828125,0.0167214535176754,-0.0049851387739181,-0.0286243613809347
2026-09-17T08:28:20.495882,1789633700495882800,74.1678828125,0.0174215976148843,-0.0085188876837491,-0.0230985693633556
2026-09-17T08:28:20.505841,1789633700505841700,74.17784155273438,0.0231063812971115,-0.0066802408546209,-0.0107034174725413
2026-09-17T08:28:20.515801,1789633700515801600,74.18780151367187,0.0372166074812412,-0.0050370711833238,-0.0152558255940675
2026-09-17T08:28:20.525760,1789633700525760800,74.1977607421875,0.05166931822896,-0.0051180310547351,-0.0143386330455541
2026-09-17T08:28:20.535720,1789633700535720000,74.20771997070312,0.0480444878339767,-0.0060456097126007,-0.0120797399431467
2026-09-17T08:28:20.545680,1789633700545680000,74.21767993164063,0.0381031744182109,-0.0116539606824517,-0.024415235966444
2026-09-17T08:28:20.555638,1789633700555638800,74.227638671875,0.027349330484867,-0.0096443388611078,-0.012594262138009
2026-09-17T08:28:20.565597,1789633700565597700,74.23759765625,0.0102113559842109,-0.0063279047608375,-0.0132201053202152
2026-09-17T08:28:20.575556,1789633700575556900,74.24755688476563,0.0028549060225486,-0.0034064173232764,-0.0160137619823217
2026-09-17T08:28:20.585516,1789633700585516800,74.25751684570312,0.0059777284041047,-0.003584316233173,-0.0063845701515674
2026-09-17T08:28:20.595475,1789633700595475700,74.26747583007813,0.0101322596892714,-0.0010636344086378,0.0051029752939939
2026-09-17T08:28:20.605434,1789633700605434600,74.2774345703125,0.0385300777852535,-0.0010476554743945,0.0220047272741794
2026-09-17T08:28:20.615393,1789633700615393500,74.2873935546875,0.1022169142961502,0.0106529425829648,0.0109696527943015
2026-09-17T08:28:20.625353,1789633700625353700,74.29735375976563,0.0455312617123127,-0.0086871990934014,-0.0152057576924562
2026-09-17T08:28:20.635313,1789633700635313000,74.30731298828125,0.0176644772291183,-0.0063798362389206,-0.0237933862954378
2026-09-17T08:28:20.645271,1789633700645271800,74.31727172851562,0.0056789219379425,-0.0091995913535356,-0.0235358588397502
2026-09-17T08:28:20.655231,1789633700655231700,74.32723168945313,0.0031585951801389,-0.0029038647189736,-0.0239243898540735
2026-09-17T08:28:20.665190,1789633700665190700,74.33719067382812,-0.0219560787081718,-0.004867679439485,-0.0153159881010651
2026-09-17T08:28:20.675149,1789633700675149600,74.34714965820312,-0.0533057451248168,-0.010981498286128,-0.013146842829883
2026-09-17T08:28:20.685108,1789633700685108700,74.35710864257813,-0.0504258014261722,-0.0146641181781888,-0.0154129276052117
2026-09-17T08:28:20.695069,1789633700695069000,74.36706884765626,-0.0385960415005683,-0.0148404194042086,-0.0220655035227537
2026-09-17T08:28:20.705027,1789633700705027800,74.37702783203125,-0.0193027704954147,-0.0098078437149524,-0.0159780513495206
2026-09-17T08:28:20.714986,1789633700714986800,74.38698681640625,0.007780245039612,-0.004451161250472,-0.0120157981291413
2026-09-17T08:28:20.724945,1789633700724945700,74.39694555664063,0.0112950848415493,-0.0081004910171031,-0.0071182451210916
2026-09-17T08:28:20.734905,1789633700734905600,74.40690551757812,0.0163031592965126,-0.0116355707868933,-0.0185192395001649
2026-09-17T08:28:20.744864,1789633700744864800,74.41686474609375,0.026641285046935,-0.019847959280014,-0.0234625991433858
2026-09-17T08:28:20.754823,1789633700754823700,74.42682373046875,0.0388265773653984,-0.0139900716021656,-0.0254700891673564
2026-09-17T08:28:20.764783,1789633700764783900,74.43678393554687,0.0434745922684669,-0.0123205361887812,-0.0242018923163414
2026-09-17T08:28:20.774742,1789633700774742800,74.44674267578125,0.0344685800373554,-0.0042788544669747,-0.0083478270098567
2026-09-17T08:28:20.784702,1789633700784702000,74.45670190429688,0.0227711796760559,-0.0044128117151558,0.0039607710205018
2026-09-17T08:28:20.794660,1789633700794660900,74.46666088867188,0.0028454074636101,-0.0079968934878706,0.0110232075676321
2026-09-17T08:28:20.804620,1789633700804620800,74.47662084960938,0.0113709848374128,-0.0110834976658225,0.0008850862504914
2026-09-17T08:28:20.814579,1789633700814579700,74.48657983398438,0.0145398806780576,-0.008988388814032,0.0022331783547997
2026-09-17T08:28:20.824538,1789633700824538600,74.49653857421875,0.0121243931353092,-0.0047294613905251,0.0120200291275978
2026-09-17T08:28:20.834497,1789633700834497800,74.50649780273437,0.0120642054826021,0.0008727641543373,0.0182582158595323
2026-09-17T08:28:20.844458,1789633700844458000,74.5164580078125,0.012028519064188,0.0025617408100515,0.0237280838191509
2026-09-17T08:28:20.854417,1789633700854417000,74.5264169921875,0.004641443490982,0.000718833412975,0.0273835379630327
2026-09-17T08:28:20.864375,1789633700864375800,74.53637573242187,0.0111054684966802,-0.0030375551432371,0.0114067029207944
2026-09-17T08:28:20.874335,1789633700874335700,74.54633569335938,0.0136338733136653,-0.0008803948294371,0.013072776608169
2026-09-17T08:28:20.884294,1789633700884294700,74.55629467773437,0.0125853866338729,0.0029431055299937,0.0075408583506941
2026-09-17T08:28:20.894253,1789633700894253800,74.56625390625,0.0059605068527162,0.0026144715957343,-0.0035043358802795
2026-09-17T08:28:20.904212,1789633700904212700,74.57621264648438,-0.0062138675712049,0.0026408368721604,-0.0019615665078163
2026-09-17T08:28:20.914172,1789633700914172700,74.58617260742187,-0.015289919450879,0.0043670977465808,-0.009352371096611
2026-09-17T08:28:20.924131,1789633700924131800,74.5961318359375,-0.0169003326445817,0.0064366403967142,-0.0084538208320736
2026-09-17T08:28:20.934090,1789633700934090800,74.6060908203125,-0.01627635397017,0.0128684407100081,0.0004219625261612
2026-09-17T08:28:20.944050,1789633700944050700,74.61605078125,-0.0177056733518838,0.0127171734347939,0.0046446709893643
2026-09-17T08:28:20.954009,1789633700954009900,74.626009765625,-0.0111015662550926,0.0129837552085518,0.0139050148427486
2026-09-17T08:28:20.963968,1789633700963968800,74.63596875,-0.0104536190629005,0.0171004701405763,0.0262410417199134
2026-09-17T08:28:20.973927,1789633700973927700,74.645927734375,-0.0152457114309072,0.0197891965508461,0.0259329136461019
2026-09-17T08:28:20.983887,1789633700983887600,74.6558876953125,-0.0236304085701704,0.0125597799196839,0.0140426997095346
2026-09-17T08:28:20.993846,1789633700993846500,74.66584643554687,-0.0209531318396329,0.0099434908479452,-0.004921936430037
2026-09-17T08:28:21.003806,1789633701003806000,74.67580590820313,-0.0147271938621997,0.0082015171647071,0.002117597265169
2026-09-17T08:28:21.013764,1789633701013764900,74.68576489257812,0.0034515429288148,0.0105357775464653,0.0089312950149178
2026-09-17T08:28:21.023724,1789633701023724800,74.69572485351563,0.0069408165290951,0.0119075719267129,0.017745291814208
2026-09-17T08:28:21.033683,1789633701033683700,74.70568359375,-0.0080280136317014,0.0115403225645422,0.0221557524055242
2026-09-17T08:28:21.043643,1789633701043643000,74.71564282226562,-0.0236037764698267,0.0066560846753418,0.0098258508369326
2026-09-17T08:28:21.053602,1789633701053602800,74.72560278320313,-0.0225624796003103,0.0027960990555584,-0.0003841763245873
2026-09-17T08:28:21.063561,1789633701063561700,74.73556176757812,-0.0132265035063028,0.0067381099797785,-0.0028752970974892
2026-09-17T08:28:21.073520,1789633701073520600,74.74552075195312,-0.007418415043503,0.0078009776771068,0.0021767192520201
2026-09-17T08:28:21.083479,1789633701083479600,74.7554794921875,0.0001737242564558,0.0083551816642284,0.0082884076982736
2026-09-17T08:28:21.093439,1789633701093439700,74.76543969726562,-0.0042857392691075,0.0053966757841408,0.0008222356555052
2026-09-17T08:28:21.103399,1789633701103399000,74.77539892578125,-0.0064210616983473,0.0007792871911078,-0.0175969861447811
2026-09-17T08:28:21.113357,1789633701113357800,74.78535791015625,0.0026973355561494,-0.0003339140675961,-0.0226540621370077
2026-09-17T08:28:21.123316,1789633701123316700,74.79531665039063,0.0011905191931873,0.0044800154864788,-0.0118530793115496
2026-09-17T08:28:21.133276,1789633701133276700,74.80527661132813,-0.0073379878886044,0.0104284519329667,0.0034968482796102
2026-09-17T08:28:21.143235,1789633701143235600,74.81523559570313,-0.0124904047697782,0.0138018783181905,0.0170302335172891
2026-09-17T08:28:21.153194,1789633701153194800,74.82519482421876,-0.0293724499642848,0.011990662664175,0.027466095983982
2026-09-17T08:28:21.163155,1789633701163155000,74.83515502929687,-0.0487227104604244,0.0088782263919711,0.0223397780209779
2026-09-17T08:28:21.173113,1789633701173113900,74.84511376953125,-0.0543901845812797,0.005205194465816,0.0158224906772375
2026-09-17T08:28:21.183072,1789633701183072800,74.85507275390626,-0.0395925976336002,0.0004882037173956,0.0088234366849064
2026-09-17T08:28:21.193031,1789633701193031700,74.86503173828125,-0.0189919807016849,-0.0010950455907732,0.0011402170639485
2026-09-17T08:28:21.202991,1789633701202991600,74.87499169921875,-0.005663392599672,0.002311936346814,-1.45295634865e-05
2026-09-17T08:28:21.212950,1789633701212950800,74.88495068359374,-0.0013352227397263,0.0025143367238342,-0.0091813961043953
2026-09-17T08:28:21.222909,1789633701222909700,74.89490966796875,0.0017825399991124,-0.0006881144363433,-0.0066159730777144
2026-09-17T08:28:21.232868,1789633701232868600,74.90486865234375,0.004787384532392,-0.0022370088845491,-0.0135737480595707
2026-09-17T08:28:21.242828,1789633701242828800,74.91482885742188,0.0019247527234256,-0.0021600434556603,-0.0156081365421414
2026-09-17T08:28:21.252787,1789633701252787700,74.92478759765625,-0.0037943855859339,-0.0016252808272838,-0.0174348000437021
2026-09-17T08:28:21.262747,1789633701262747000,74.93474682617187,-0.0173940826207399,-0.0003453656099736,-0.0082751223817467
2026-09-17T08:28:21.272706,1789633701272706800,74.94470678710937,-0.0214490126818418,-0.00109105091542,6.5365267801e-05
2026-09-17T08:28:21.282665,1789633701282665700,74.95466577148437,-0.0182353761047124,-0.00487513653934,-0.0024989924859255
2026-09-17T08:28:21.292624,1789633701292624600,74.96462475585938,-0.0170300286263227,-0.0057001840323209,-0.0071459421887993
2026-09-17T08:28:21.302583,1789633701302583800,74.97458374023438,-0.0139695238322019,-0.0070855598896741,-0.0073667182587087
2026-09-17T08:28:21.312543,1789633701312543700,74.98454370117187,-0.0207725688815116,-0.0073942206799983,-0.0152049334719777
2026-09-17T08:28:21.322503,1789633701322503000,74.9945029296875,-0.019596517086029,-0.0032106605358421,-0.0122834462672472
2026-09-17T08:28:21.332462,1789633701332462000,75.00446215820313,-0.0113875903189182,-0.0017198231071233,-0.0084743266925215
2026-09-17T08:28:21.342421,1789633701342421000,75.0144208984375,-0.0139703229069709,-0.002308115363121,0.0005532563664019
2026-09-17T08:28:21.352381,1789633701352381000,75.024380859375,-0.0179650653153657,-0.0003288541920483,0.001219579251483
2026-09-17T08:28:21.362340,1789633701362340000,75.03434008789063,-0.0120083726942539,-0.0062274895608425,-0.0083435662090778
2026-09-17T08:28:21.372299,1789633701372299000,75.04429907226563,0.0004051527939736,-0.0081966305151581,-0.0203525591641664
2026-09-17T08:28:21.382259,1789633701382259000,75.05425903320312,-0.0058820373378694,-0.0056471871212124,-0.0127566903829574
2026-09-17T08:28:21.392218,1789633701392218000,75.06421801757813,-0.0017245770432054,-0.0029065278358757,-0.0077528767287731
2026-09-17T08:28:21.402177,1789633701402177000,75.07417700195313,-0.0094016715884208,-0.0005917081143707,0.0055669234134256
2026-09-17T08:28:21.412136,1789633701412136200,75.08413623046874,-0.0135159883648157,-0.0048932461068034,0.003294714493677
2026-09-17T08:28:21.422096,1789633701422096100,75.09409619140625,-0.0103329792618751,-0.0064168404787778,-0.0060657639987766
2026-09-17T08:28:21.432055,1789633701432055000,75.10405493164062,-0.009447744116187,-0.0060756895691156,-0.0104440012946724
2026-09-17T08:28:21.442014,1789633701442014000,75.11401391601562,-0.0136827025562524,-0.0009035642724484,-0.0080551458522677
2026-09-17T08:28:21.451972,1789633701451972900,75.12397290039063,-0.0163517221808433,0.0059769786894321,0.0025314525701105
2026-09-17T08:28:21.461932,1789633701461932800,75.13393286132812,-0.0142973605543375,0.0122721586376428,0.0110045652836561
2026-09-17T08:28:21.471892,1789633701471892200,75.14389233398437,-0.0204750951379537,0.01085349265486,0.0180587451905012
2026-09-17T08:28:21.481851,1789633701481851100,75.15385107421875,-0.0133335627615451,0.0031809257343411,0.0077035776339471
2026-09-17T08:28:21.491811,1789633701491811000,75.16381103515624,-0.0004023173823952,0.0021020793356001,-0.0014467774890363
2026-09-17T08:28:21.501770,1789633701501770000,75.17377001953125,0.0072971475310623,0.0048454012721776,-0.0001820423931349
2026-09-17T08:28:21.511729,1789633701511729000,75.18372900390625,0.0082758590579032,0.0055665858089923,0.0056036752648651
2026-09-17T08:28:21.521688,1789633701521688000,75.19368798828125,0.0064422730356454,0.0015958123840391,0.0059802462346851
2026-09-17T08:28:21.531648,1789633701531648000,75.20364794921875,0.0132546387612819,-0.0022700321860611,0.0109028331935405
2026-09-17T08:28:21.541607,1789633701541607000,75.21360693359375,0.0171202179044485,-0.0037861699238419,0.0129207102581858
2026-09-17T08:28:21.551566,1789633701551566000,75.22356616210938,0.0980400964617729,0.0195353962481021,0.0254823081195354
2026-09-17T08:28:21.561525,1789633701561525000,75.23352490234375,0.1196726858615875,0.0287981368601322,0.0185234677046537
2026-09-17T08:28:21.571485,1789633701571485000,75.24348486328125,0.0725459232926368,0.0246262960135936,0.019647853448987
2026-09-17T08:28:21.581444,1789633701581444000,75.25344409179688,0.0155239179730415,0.014885252341628,0.0295585412532091
2026-09-17T08:28:21.591403,1789633701591403000,75.26340307617187,-0.0241726282984018,0.0082411980256438,0.0185572896152734
2026-09-17T08:28:21.601363,1789633701601363000,75.27336303710938,-0.1046179383993148,-0.0118771195411682,0.0099470242857933
2026-09-17T08:28:21.611321,1789633701611321900,75.28332177734374,-0.145604521036148,-0.0160505585372447,0.0033064323943108
2026-09-17T08:28:21.621281,1789633701621281000,75.29328100585937,-0.1034216433763504,-0.0079449620097875,0.0001505864202044
2026-09-17T08:28:21.631240,1789633701631240000,75.30323999023437,-0.0245199035853147,0.0034094250295311,0.0064473645761609
2026-09-17T08:28:21.641200,1789633701641200000,75.3132001953125,-0.0152366571128368,0.003743918146938,0.0049826260656118
2026-09-17T08:28:21.651159,1789633701651159000,75.32315893554687,-0.0224948357790708,0.0007238934049382,-0.0017104304861277
2026-09-17T08:28:21.661118,1789633701661118000,75.33311791992188,-0.0148172080516815,-0.0085923764854669,-0.0068537932820618
2026-09-17T08:28:21.671077,1789633701671077000,75.3430771484375,-0.0062083611264824,-0.0133508425205945,-0.0171824693679809
2026-09-17T08:28:21.681037,1789633701681037000,75.353037109375,0.0014207966160029,-0.0101409349590539,-0.0125152813270688
2026-09-17T08:28:21.690996,1789633701690996000,75.36299584960938,0.0157997347414493,-0.0051717432215809,-0.0083229327574372
2026-09-17T08:28:21.700955,1789633701700955000,75.37295483398438,0.027769312262535,-0.0019288116600364,-0.0023907413706183
2026-09-17T08:28:21.710915,1789633701710915000,75.3829150390625,0.0122441500425338,-0.001714693615213,0.0045931320637464
2026-09-17T08:28:21.720874,1789633701720874000,75.3928740234375,0.003034405875951,-0.0048766648396849,0.0028234615456312
2026-09-17T08:28:21.730833,1789633701730833200,75.40283325195313,0.0060365870594978,-0.0011306623928248,-0.0019025838701054
2026-09-17T08:28:21.740792,1789633701740792000,75.4127919921875,0.0040727723389863,-0.0007575533818453,-0.0036962232552468
2026-09-17T08:28:21.750752,1789633701750752000,75.422751953125,-0.0072105089202523,0.0019143960671499,-0.0006064234767109
2026-09-17T08:28:21.760711,1789633701760711000,75.4327109375,-0.0205271132290363,0.0051088575273752,0.0087402062490582
2026-09-17T08:28:21.770669,1789633701770669800,75.442669921875,-0.0166881643235683,0.0087262298911809,0.0150633500888943
2026-09-17T08:28:21.780630,1789633701780630000,75.45263012695312,-0.0117000648751854,0.0099137332290411,0.0119554409757256
2026-09-17T08:28:21.790589,1789633701790589200,75.46258911132813,-0.004063450731337,0.0038734173867851,0.0124361412599682
2026-09-17T08:28:21.800548,1789633701800548000,75.47254809570312,0.0080009344965219,0.0025077483151108,0.0117128267884254
2026-09-17T08:28:21.810507,1789633701810507000,75.48250708007812,0.0203260444104671,0.0050851553678512,0.0128534585237503
2026-09-17T08:28:21.820467,1789633701820467000,75.49246704101563,0.0222272761166095,0.0070521663874387,0.0204751603305339
2026-09-17T08:28:21.830425,1789633701830425900,75.50242578125,0.0134721333160996,0.01197368837893,0.0232570990920066
2026-09-17T08:28:21.840385,1789633701840385000,75.51238500976562,-0.0019587548449635,0.0092849610373377,0.0159911960363388
2026-09-17T08:28:21.850344,1789633701850344000,75.52234399414063,-0.0079593891277909,0.0076814712956547,0.0096981460228562
2026-09-17T08:28:21.860304,1789633701860304100,75.53230419921876,-0.0152838816866278,0.0069126170128583,0.0055854259990155
2026-09-17T08:28:21.870263,1789633701870263000,75.54226293945312,-0.0289546847343444,0.0069435089826583,0.0042695580050349
2026-09-17T08:28:21.880222,1789633701880222200,75.55222216796875,-0.0335672795772552,0.008333146572113,0.0016830961685627
2026-09-17T08:28:21.890182,1789633701890182100,75.56218212890624,-0.034192856401205,0.0114738130941987,0.0070400442928075
2026-09-17T08:28:21.900141,1789633701900141000,75.57214111328125,-0.0336935147643089,0.0073405867442488,0.0123836770653724
2026-09-17T08:28:21.910100,1789633701910100000,75.58209985351563,-0.0176852531731128,0.0052294991910457,0.0083364713937044
2026-09-17T08:28:21.920059,1789633701920059000,75.59205883789062,-0.0125229815021157,0.0009961380856111,0.0032138810493052
2026-09-17T08:28:21.930018,1789633701930018800,75.60201879882813,-0.006469084881246,0.0054609277285635,0.0023760504554957
2026-09-17T08:28:21.939978,1789633701939978200,75.61197827148438,0.0001110541634261,0.007083592005074,0.0001589690218679
2026-09-17T08:28:21.949937,1789633701949937200,75.62193725585938,-0.0009014797396957,0.0123228291049599,0.0079724173992872
2026-09-17T08:28:21.959896,1789633701959896000,75.63189599609375,-0.0082672508433461,0.0139966253191232,0.0185635425150394
2026-09-17T08:28:21.969856,1789633701969856000,75.64185595703125,-0.0128747848793864,0.0173143912106752,0.0313230119645595
2026-09-17T08:28:21.979815,1789633701979815000,75.65181494140624,-0.0156782940030097,0.0160203613340854,0.0328553989529609
2026-09-17T08:28:21.989774,1789633701989774000,75.66177416992187,-0.0119075262919068,0.023104103282094,0.0317019820213317
2026-09-17T08:28:21.999734,1789633701999734000,75.67173413085938,-0.0190916694700717,0.0241571180522441,0.0373614653944969
2026-09-17T08:28:22.009693,1789633702009693000,75.68169287109374,-0.0136684076860547,0.0244007967412471,0.0342082828283309
2026-09-17T08:28:22.019651,1789633702019651800,75.69165185546875,0.0026059031952172,0.0234361998736858,0.0277232192456722
2026-09-17T08:28:22.029611,1789633702029611000,75.70161108398437,-0.0035848813131451,0.0200457293540239,0.0323256962001323
2026-09-17T08:28:22.039571,1789633702039571000,75.71157104492187,-0.0158213078975677,0.0157910622656345,0.0342594161629676
2026-09-17T08:28:22.049530,1789633702049530000,75.72153002929687,-0.0316918827593326,0.0139074092730879,0.0325723029673099
2026-09-17T08:28:22.059489,1789633702059489000,75.73148901367188,-0.0453613549470901,0.0063397707417607,0.0326149128377437
2026-09-17T08:28:22.069448,1789633702069448000,75.74144799804688,-0.031824242323637,0.0018579370807856,0.0288342908024787
2026-09-17T08:28:22.079407,1789633702079407900,75.75140795898437,-0.004758003167808,-0.008080979809165,0.0336860381066799
2026-09-17T08:28:22.089367,1789633702089367000,75.76136694335938,0.0128537472337484,-0.0073243761435151,0.0472276769578456
2026-09-17T08:28:22.099326,1789633702099326000,75.77132592773438,0.0163712501525878,-0.0118112694472074,0.0652442276477813
2026-09-17T08:28:22.109286,1789633702109286100,75.7812861328125,-0.0002319612540304,-0.0092218779027462,0.070685863494873
2026-09-17T08:28:22.119245,1789633702119245000,75.7912451171875,-0.0205888971686363,-0.0088008325546979,0.0674708932638168
2026-09-17T08:28:22.129204,1789633702129204000,75.80120385742188,-0.0243855006992816,-0.0036990146618336,0.0685966163873672
2026-09-17T08:28:22.139163,1789633702139163100,75.8111630859375,-0.0361534766852855,0.0014968123286962,0.0821268036961555
2026-09-17T08:28:22.149123,1789633702149123000,75.821123046875,-0.0445794500410556,-0.0039757173508405,0.1012765318155288
2026-09-17T08:28:22.159082,1789633702159082000,75.83108203125,-0.0294132828712463,0.0015900230500847,0.1127848476171493
2026-09-17T08:28:22.169041,1789633702169041000,75.841041015625,-0.0562073439359664,-0.0149532668292522,0.0938915833830833
2026-09-17T08:28:22.178999,1789633702178999800,75.85099975585938,-0.0282486826181411,-0.0033474776428192,0.0950924009084701
2026-09-17T08:28:22.188960,1789633702188960000,75.8609599609375,-0.013863350264728,-0.0053712138906121,0.0813036188483238
2026-09-17T08:28:22.198919,1789633702198919200,75.87091918945312,-0.0100331930443644,-0.0158134680241346,0.0506602264940738
2026-09-17T08:28:22.208878,1789633702208878000,75.88087817382812,-0.019297532737255,-0.009994993917644,0.0618204697966575
2026-09-17T08:28:22.218838,1789633702218838000,75.89083813476563,-0.0274196378886699,-0.0049080895259976,0.1028461977839469
2026-09-17T08:28:22.228797,1789633702228797000,75.900796875,-0.0225852020084857,-0.0026377451140433,0.1106005236506462
2026-09-17T08:28:22.238755,1789633702238755800,75.910755859375,-0.0179438479244709,-0.0039307102560997,0.0946393981575965
2026-09-17T08:28:22.248715,1789633702248715000,75.92071508789063,-0.0250174701213836,-0.0090746050700545,0.074606567621231
2026-09-17T08:28:22.258675,1789633702258675200,75.93067529296874,-0.0215843878686428,-0.004396229982376,0.0808500871062278
2026-09-17T08:28:22.268634,1789633702268634000,75.94063403320312,-0.0205417610704898,0.0115246791392564,0.0891961604356765
2026-09-17T08:28:22.278593,1789633702278593000,75.95059301757813,-0.0362834371626377,0.0139644015580415,0.0795589834451675
2026-09-17T08:28:22.288552,1789633702288552000,75.96055200195312,-0.0392304919660091,0.0164728313684463,0.0831515863537788
2026-09-17T08:28:22.298512,1789633702298512000,75.97051196289063,-0.0445522852241992,0.0161700304597616,0.0664708763360977
2026-09-17T08:28:22.308471,1789633702308471000,75.98047094726563,-0.0484141372144222,0.0060052778571844,0.0395372696220874
2026-09-17T08:28:22.318430,1789633702318430000,75.99042993164062,-0.0342943221330642,0.0090524666011333,0.0452343039214611
2026-09-17T08:28:22.328390,1789633702328390100,76.00039013671875,-0.0172767229378223,0.0165663082152605,0.0465477742254734
2026-09-17T08:28:22.338348,1789633702338348000,76.01034814453125,-0.0099176112562417,0.0147047601640224,0.0404640473425388
2026-09-17T08:28:22.348307,1789633702348307200,76.02030712890625,0.0343771502375602,0.0287715774029493,0.0524370893836021
2026-09-17T08:28:22.358266,1789633702358266000,76.03026611328124,0.0219252742826938,0.027201110497117,0.057488840073347
2026-09-17T08:28:22.368226,1789633702368226000,76.04022607421875,-0.005264270119369,0.0244681742042303,0.0244009252637624
2026-09-17T08:28:22.378185,1789633702378185000,76.05018505859375,0.0130707947537302,0.0208803638815879,-0.0163627490401268
2026-09-17T08:28:22.388144,1789633702388144000,76.06014404296874,0.0223891958594322,0.015561232343316,-0.0166506357491016
2026-09-17T08:28:22.398104,1789633702398104000,76.07010400390625,-0.0031563783995807,0.0230007730424404,-0.0049726762808859
2026-09-17T08:28:22.408063,1789633702408063200,76.08006323242188,-0.0163446180522441,0.0147271305322647,-0.0071455491706728
2026-09-17T08:28:22.418022,1789633702418022100,76.09002221679688,0.0151208965107798,0.0066729318350553,-0.0143470028415322
2026-09-17T08:28:22.427981,1789633702427981000,76.09998095703125,0.0348890088498592,0.0068534947931766,-0.028752839192748
2026-09-17T08:28:22.437941,1789633702437941000,76.10994091796876,0.0285418964922428,0.0371544063091278,-0.0536467358469963
2026-09-17T08:28:22.447900,1789633702447900200,76.11990014648437,-0.1923755705356598,-0.058441624045372,-0.043236706405878
2026-09-17T08:28:22.457859,1789633702457859000,76.12985913085937,0.0827353596687316,-0.0208186134696006,-0.1133084744215011
2026-09-17T08:28:22.467818,1789633702467818000,76.13981787109375,0.0965997725725174,-0.026278892531991,-0.0491803511977195
2026-09-17T08:28:22.477778,1789633702477778200,76.14977807617187,0.0944410115480423,-0.016811354085803,-0.0287544373422861
2026-09-17T08:28:22.487737,1789633702487737000,76.15973706054687,0.0400086715817451,-0.0041733235120773,-0.0045993011444807
2026-09-17T08:28:22.497696,1789633702497696300,76.1696962890625,0.0017923074774444,0.0164688378572464,0.0205979328602552
2026-09-17T08:28:22.507656,1789633702507656200,76.17965625,0.0085732480511069,0.0234119649976491,0.017109990119934
2026-09-17T08:28:22.517615,1789633702517615000,76.18961499023438,0.0047308392822742,0.0319244936108589,0.0214253757148981
2026-09-17T08:28:22.527574,1789633702527574000,76.19957397460938,-0.0250981636345386,0.0634752288460731,0.0543638840317726
2026-09-17T08:28:22.537533,1789633702537533000,76.20953295898437,-0.0289783887565135,0.0548023767769336,0.091344267129898
2026-09-17T08:28:22.547493,1789633702547493000,76.2194931640625,0.1370337456464767,0.0730069428682327,0.1207921728491783
2026-09-17T08:28:22.557452,1789633702557452300,76.22945239257812,0.1716101020574569,0.0824870020151138,0.0999566689133644
2026-09-17T08:28:22.567411,1789633702567411200,76.2394111328125,0.1126791387796402,0.0655591487884521,0.0757240280508995
2026-09-17T08:28:22.577370,1789633702577370000,76.2493701171875,0.1132368072867393,0.0620365887880325,0.0436108410358428
2026-09-17T08:28:22.587330,1789633702587330000,76.259330078125,0.1253107786178589,0.0512257516384124,0.003137448336929
2026-09-17T08:28:22.597289,1789633702597289000,76.2692890625,0.1129273474216461,0.045549489557743,-0.0087767355144023
2026-09-17T08:28:22.607248,1789633702607248100,76.279248046875,0.0954940319061279,0.0350603647530078,0.0135064655914902
2026-09-17T08:28:22.617208,1789633702617208300,76.28920825195313,0.0274039283394813,0.0077784107998013,0.0311312675476074
2026-09-17T08:28:22.627167,1789633702627167200,76.29916723632813,0.2008265703916549,0.0614312514662742,0.0262286532670259
2026-09-17T08:28:22.637126,1789633702637126100,76.30912622070312,0.3223429024219513,0.086369089782238,0.0271833967417478
2026-09-17T08:28:22.647085,1789633702647085300,76.31908520507812,0.349038690328598,0.099998615682125,0.0218605361878871
2026-09-17T08:28:22.657045,1789633702657045200,76.32904516601562,0.3859426379203796,0.159787118434906,0.0612761192023754
2026-09-17T08:28:22.667004,1789633702667004200,76.33900415039062,0.3806213736534118,0.1927770376205444,0.1236215159296989
2026-09-17T08:28:22.676963,1789633702676963000,76.34896313476563,0.2996026873588562,0.1721066385507583,0.1414593756198883
2026-09-17T08:28:22.686923,1789633702686923000,76.35892309570312,0.1597951650619506,0.0982323959469795,0.1217034831643104
2026-09-17T08:28:22.696882,1789633702696882200,76.36888208007812,0.0653552114963531,0.0474421866238117,0.0877684205770492
2026-09-17T08:28:22.706841,1789633702706841300,76.37884130859375,0.026814479380846,0.0394806675612926,0.0582896247506141
2026-09-17T08:28:22.716800,1789633702716800300,76.38880029296875,-0.0034379642456769,0.0250641778111457,0.0621400214731693
2026-09-17T08:28:22.726760,1789633702726760200,76.39876025390625,-0.0367109663784503,0.000895723234862,0.083207756280899
2026-09-17T08:28:22.736719,1789633702736719000,76.40871899414063,-0.0341053269803524,-0.0124608287587761,0.1255650669336319
2026-09-17T08:28:22.746678,1789633702746678000,76.41867797851563,-0.0145207094028592,-0.0730930194258689,0.2616518139839172
2026-09-17T08:28:22.756637,1789633702756637200,76.42863720703124,0.0319929979741573,0.006168249528855,0.3567721843719482
2026-09-17T08:28:22.766597,1789633702766597000,76.43859716796875,0.1181270778179168,0.0640075802803039,0.3171824216842651
2026-09-17T08:28:22.776556,1789633702776556000,76.44855615234376,0.2171788215637207,0.1326122134923935,0.2609279453754425
2026-09-17T08:28:22.786515,1789633702786515200,76.45851513671874,0.3360479474067688,0.1627277731895446,0.1765544861555099
2026-09-17T08:28:22.796475,1789633702796475100,76.46847509765625,0.474147230386734,0.1876653432846069,0.0506362318992614
2026-09-17T08:28:22.806434,1789633702806434000,76.47843408203126,0.5599031448364258,0.2403762191534042,0.0401010327041149
2026-09-17T08:28:22.816393,1789633702816393200,76.48839331054687,0.5205656290054321,0.2445938736200332,0.0900363698601722
2026-09-17T08:28:22.826352,1789633702826352000,76.49835205078125,0.4091509282588959,0.1932547837495803,0.1239056512713432
2026-09-17T08:28:22.836312,1789633702836312000,76.50831201171874,0.339499682188034,0.1549862325191497,0.1230875328183174
2026-09-17T08:28:22.846271,1789633702846271000,76.51827099609375,0.3675875067710876,0.1125311702489852,0.0418355502188205
2026-09-17T08:28:22.856230,1789633702856230100,76.52823022460937,0.5446270108222961,0.1282044202089309,-0.1072631180286407
2026-09-17T08:28:22.866190,1789633702866190000,76.53819018554688,0.7377994060516357,0.1591799110174179,-0.1426575928926468
2026-09-17T08:28:22.876149,1789633702876149200,76.54814916992187,0.8280693888664246,0.1385667771100998,-0.0693466290831565
2026-09-17T08:28:22.886108,1789633702886108200,76.55810815429687,0.8027272820472717,0.1507145166397094,-0.0189878530800342
2026-09-17T08:28:22.896067,1789633702896067000,76.56806713867188,0.6850799918174744,0.1096248626708984,0.0182471331208944
2026-09-17T08:28:22.906027,1789633702906027000,76.57802709960937,0.6003690958023071,0.0957266241312027,0.0301948729902505
2026-09-17T08:28:22.915986,1789633702915986200,76.58798608398438,0.5668862462043762,0.0848079323768615,0.0285373218357563
2026-09-17T08:28:22.925945,1789633702925945000,76.59794506835938,0.5704532861709595,0.0886162519454956,0.0203560907393693
2026-09-17T08:28:22.935904,1789633702935904000,76.60790405273437,0.5337184071540833,0.066162072122097,0.0279072187840938
2026-09-17T08:28:22.945864,1789633702945864200,76.6178642578125,0.4565211236476898,0.0355407856404781,0.0314356386661529
2026-09-17T08:28:22.955823,1789633702955823000,76.62782299804688,0.3836386501789093,0.002701346296817,0.0054695531725883
2026-09-17T08:28:22.965782,1789633702965782300,76.6377822265625,0.3648484349250793,-0.0152267878875136,-0.026543240994215
2026-09-17T08:28:22.975742,1789633702975742200,76.6477421875,0.3840921819210052,-0.0072873719036579,-0.0559863522648811
2026-09-17T08:28:22.985701,1789633702985701000,76.657701171875,0.434360146522522,0.0086393970996141,-0.0921701863408088
2026-09-17T08:28:22.995660,1789633702995660000,76.66765991210937,0.4886478781700134,0.0119028342887759,-0.1156408935785293
2026-09-17T08:28:23.005619,1789633703005619000,76.67761889648438,0.4923952221870422,0.026677519083023,-0.094065822660923
2026-09-17T08:28:23.015579,1789633703015579100,76.6875791015625,0.384476751089096,0.0094806887209415,-0.0594066493213176
2026-09-17T08:28:23.025538,1789633703025538300,76.69753833007813,0.2463476359844207,-0.0154267912730574,-0.0165766272693872
2026-09-17T08:28:23.035497,1789633703035497200,76.70749731445312,0.1341172307729721,-0.0236269310116767,-0.0097725167870521
2026-09-17T08:28:23.045457,1789633703045457200,76.71745703125,0.085999771952629,-0.0325360037386417,-0.0240281522274017
2026-09-17T08:28:23.055416,1789633703055416000,76.727416015625,0.0702165439724922,-0.0381214506924152,-0.0198083724826574
2026-09-17T08:28:23.065375,1789633703065375000,76.737375,0.0558693036437034,-0.037750206887722,-0.0051127835176885
2026-09-17T08:28:23.075334,1789633703075334100,76.74733422851563,0.0399563834071159,-0.0451276935636997,-0.0135406227782368
2026-09-17T08:28:23.085294,1789633703085294300,76.75729443359376,0.0618206672370433,-0.0427324473857879,-0.0387397184967994
2026-09-17T08:28:23.095253,1789633703095253200,76.76725317382812,0.1180937886238098,-0.0268528163433074,-0.0544068291783332
2026-09-17T08:28:23.105212,1789633703105212200,76.77721215820313,0.1277059465646743,-0.0277034305036067,-0.0406353585422039
2026-09-17T08:28:23.115171,1789633703115171000,76.78717114257813,0.102850392460823,-0.0371536575257778,-0.0264582857489585
2026-09-17T08:28:23.125131,1789633703125131000,76.79713110351562,0.0873949974775314,-0.0398927181959152,-0.0141954943537712
2026-09-17T08:28:23.135090,1789633703135090200,76.80709008789063,0.0617064200341701,-0.0355744026601314,-0.0045473943464457
2026-09-17T08:28:23.145049,1789633703145049000,76.81704907226562,0.0247915424406528,-0.0467583462595939,0.013057698495686
2026-09-17T08:28:23.155009,1789633703155009000,76.82700903320313,0.0247310884296894,-0.0614355616271495,0.0111135905608534
2026-09-17T08:28:23.164968,1789633703164968000,76.83696801757813,0.0820851922035217,-0.0359520390629768,0.0219382755458354
2026-09-17T08:28:23.174927,1789633703174927400,76.84692724609376,0.146597608923912,-0.0373805575072765,0.0287575647234916
2026-09-17T08:28:23.184886,1789633703184886300,76.85688623046875,0.2158397883176803,-0.0437883883714675,0.0242365822196006
2026-09-17T08:28:23.194846,1789633703194846200,76.86684619140625,0.2382641434669494,-0.0716277509927749,0.0097268829122185
2026-09-17T08:28:23.204805,1789633703204805000,76.87680517578124,0.2387317866086959,-0.090531401336193,-0.000302582164295
2026-09-17T08:28:23.214764,1789633703214764000,76.88676391601562,0.2269222736358642,-0.0711318701505661,0.0049643516540527
2026-09-17T08:28:23.224724,1789633703224724000,76.89672387695313,0.1791054755449295,-0.0663240626454353,0.0010420477483421
2026-09-17T08:28:23.234683,1789633703234683100,76.90668310546874,0.1274089962244033,-0.0374910794198513,0.0203520953655242
2026-09-17T08:28:23.244642,1789633703244642000,76.91664208984375,0.0450153239071369,-0.0617697872221469,0.019449284300208
2026-09-17T08:28:23.254601,1789633703254601200,76.92660131835937,0.0166278891265392,-0.0753878653049469,-0.0028661410324275
2026-09-17T08:28:23.264561,1789633703264561200,76.93656103515625,0.0495078079402446,-0.0418730452656745,-0.0060294433496892
2026-09-17T08:28:23.274520,1789633703274520000,76.94652001953125,0.0838921442627906,-0.0226559415459632,-0.0131382197141647
2026-09-17T08:28:23.284479,1789633703284479200,76.95647924804688,0.1279727965593338,0.0001870561391115,-0.0124742938205599
2026-09-17T08:28:23.294439,1789633703294439200,76.96643920898437,0.1120398938655853,-0.021032478660345,-0.0104180667549371
2026-09-17T08:28:23.304398,1789633703304398000,76.97639819335937,0.0574730597436428,-0.047993253916502,-0.0245543923228979
2026-09-17T08:28:23.314357,1789633703314357000,76.98635693359375,-0.0198877789080142,-0.0772147923707962,-0.027892131358385
2026-09-17T08:28:23.324316,1789633703324316000,76.99631591796874,-0.028012815862894,-0.0598006471991539,-0.0251623913645744
2026-09-17T08:28:23.334275,1789633703334275800,77.00627587890625,-0.0321305952966213,-0.0464797802269458,-0.0169982053339481
2026-09-17T08:28:23.344235,1789633703344235000,77.01623510742188,-0.0369969867169857,-0.0504524186253547,-0.0128561910241842
2026-09-17T08:28:23.354194,1789633703354194000,77.02619384765624,-0.0404220782220363,-0.0568964704871177,-0.0101855723187327
2026-09-17T08:28:23.364152,1789633703364152800,77.03615283203125,-0.032139915972948,-0.0655022114515304,-0.0220997557044029
2026-09-17T08:28:23.374112,1789633703374112800,77.04611279296876,-0.0071043381467461,-0.0537004098296165,-0.0374507494270801
2026-09-17T08:28:23.384072,1789633703384072000,77.05607202148437,0.0002792761661112,-0.0528085157275199,-0.048547875136137
2026-09-17T08:28:23.394030,1789633703394030800,77.06603076171875,0.0118384603410959,-0.0464619360864162,-0.0497859790921211
2026-09-17T08:28:23.403991,1789633703403991000,77.07599096679688,0.0212514027953147,-0.0416703782975673,-0.0320770218968391
2026-09-17T08:28:23.413950,1789633703413950000,77.08594995117187,0.0187634788453578,-0.0589766651391983,-0.0286500677466392
2026-09-17T08:28:23.423908,1789633703423908900,77.09590893554687,0.0237177573144435,-0.0639314800500869,-0.0383389145135879
2026-09-17T08:28:23.433868,1789633703433868000,77.10586791992188,0.0373691208660602,-0.0622840411961078,-0.0544126890599727
2026-09-17T08:28:23.443828,1789633703443828000,77.11582788085937,0.045383371412754,-0.0489951372146606,-0.0531120002269744
2026-09-17T08:28:23.453787,1789633703453787000,77.12578686523437,0.0343211330473423,-0.0428573489189147,-0.0405826270580291
2026-09-17T08:28:23.463745,1789633703463745800,77.13574584960938,0.0211177133023738,-0.0275649465620517,-0.0203010570257902
2026-09-17T08:28:23.473706,1789633703473706000,77.1457060546875,0.0009951340034604,-0.011793440207839,-0.0017590650822967
2026-09-17T08:28:23.483665,1789633703483665000,77.15566479492188,-0.0232090055942535,-0.0118115497753024,-0.0032839910127222
2026-09-17T08:28:23.493624,1789633703493624000,77.1656240234375,-0.0568700283765792,-0.0201754719018936,-0.0058677894994616
2026-09-17T08:28:23.503583,1789633703503583000,77.1755830078125,-0.0767675712704658,-0.019778661429882,0.0044745961204171
2026-09-17T08:28:23.513543,1789633703513543000,77.18554296875,-0.0814832299947738,-0.0189437605440616,0.007138289976865
2026-09-17T08:28:23.523501,1789633703523501800,77.19550170898438,-0.0701437592506408,-0.019829262048006,0.0014918558299541
2026-09-17T08:28:23.533460,1789633703533460700,77.20546069335937,-0.0538923479616642,-0.0179421454668045,-0.0016061994247138
2026-09-17T08:28:23.543421,1789633703543421000,77.2154208984375,-0.0522454492747783,-0.0232684686779975,-0.0035923852119594
2026-09-17T08:28:23.553380,1789633703553380000,77.22538012695313,-0.0594687424600124,-0.0275481678545475,-0.0040262136608362
2026-09-17T08:28:23.563339,1789633703563339000,77.23533911132813,-0.0557693429291248,-0.0337466746568679,-0.0080060418695211
2026-09-17T08:28:23.573298,1789633703573298000,77.2452978515625,-0.0371815450489521,-0.0243531726300716,-0.0119331385940313
2026-09-17T08:28:23.583257,1789633703583257900,77.2552578125,-0.0433643385767936,-0.0214782916009426,-0.0219391677528619
2026-09-17T08:28:23.593217,1789633703593217000,77.26521704101563,-0.0559541694819927,-0.0151921669021248,-0.0033050300553441
2026-09-17T08:28:23.603176,1789633703603176000,77.27517602539062,-0.0519937798380851,-0.0089369341731071,0.0211033746600151
2026-09-17T08:28:23.613134,1789633703613134800,77.285134765625,-0.0514073520898819,-0.0061928126960992,0.0375260226428508
2026-09-17T08:28:23.623095,1789633703623095000,77.29509497070312,-0.0341474041342735,0.0040028332732617,0.0334969274699687
2026-09-17T08:28:23.633054,1789633703633054000,77.30505395507812,0.0120397955179214,0.0161404572427272,0.0254187602549791
2026-09-17T08:28:23.643013,1789633703643013000,77.31501318359375,0.0710959210991859,0.0344401001930236,0.0165232699364423
2026-09-17T08:28:23.652973,1789633703652973000,77.32497314453126,0.1247482299804687,0.0542921051383018,-0.0038941211532801
2026-09-17T08:28:23.662932,1789633703662932000,77.33493188476562,0.1188687682151794,0.0555163584649562,-0.0080907298251986
2026-09-17T08:28:23.672891,1789633703672891000,77.34489086914063,0.0633141696453094,0.0446226969361305,0.0040988242253661
2026-09-17T08:28:23.682849,1789633703682849800,77.35484985351563,0.0129540590569376,0.0430769994854927,0.0216061789542436
2026-09-17T08:28:23.692809,1789633703692809700,77.36480981445312,0.0202023833990097,0.046903695911169,0.0246472433209419
2026-09-17T08:28:23.702769,1789633703702769200,77.37476904296875,0.0801187083125114,0.0558292791247367,0.0188857596367597
2026-09-17T08:28:23.712728,1789633703712728000,77.38472802734375,0.099960058927536,0.038845770061016,0.009541792795062
2026-09-17T08:28:23.722688,1789633703722688000,77.39468798828125,0.0677861422300338,0.0125158941373229,-0.0041620349511504
2026-09-17T08:28:23.732647,1789633703732647000,77.40464697265625,0.0001503792591392,-0.0165567696094512,-0.0244031250476837
2026-09-17T08:28:23.742605,1789633703742605800,77.41460571289062,-0.0630043596029281,-0.0353973023593425,-0.0349822640419006
2026-09-17T08:28:23.752565,1789633703752565000,77.42456494140625,-0.0947132855653762,-0.0333266928791999,-0.0223570186644792
2026-09-17T08:28:23.762525,1789633703762525000,77.43452490234375,-0.1162675768136978,-0.0305591374635696,0.0002233921259175
2026-09-17T08:28:23.772483,1789633703772483800,77.44448388671876,-0.1389971226453781,-0.0316869877278804,0.0096903974190354
2026-09-17T08:28:23.782442,1789633703782442800,77.45444287109375,-0.1172441616654396,-0.0122174154967069,0.0104235652834177
2026-09-17T08:28:23.792402,1789633703792402000,77.46440185546875,-0.0979253202676773,-0.0025482764467597,-0.0023705267813056
2026-09-17T08:28:23.802361,1789633703802361900,77.47436181640624,-0.0737592652440071,-0.0044649536721408,0.00103938463144
2026-09-17T08:28:23.812321,1789633703812321000,77.48432104492187,-0.0226590633392334,-0.0035645388998091,0.0012255397159606
2026-09-17T08:28:23.822280,1789633703822280000,77.49428002929687,0.0290467403829097,-0.0006672861054539,-0.0016067321412265
2026-09-17T08:28:23.832239,1789633703832239900,77.50423999023438,0.0484814271330833,-0.0044982433319091,-0.0049079866148531
2026-09-17T08:28:23.842198,1789633703842198800,77.51419873046875,0.0416773185133934,-0.005533680319786,-0.0025532196741551
2026-09-17T08:28:23.852158,1789633703852158000,77.52415795898438,0.0126408711075782,-0.0102637205272912,-0.0018669229466468
2026-09-17T08:28:23.862116,1789633703862116900,77.53411694335938,0.0051246313378214,0.0016097166808322,0.0023912051692605
2026-09-17T08:28:23.872077,1789633703872077000,77.5440771484375,0.0057619260624051,0.0014358123298734,0.0099396687000989
2026-09-17T08:28:23.882036,1789633703882036000,77.55403588867188,0.0286198370158672,0.0174291599541902,0.0326977111399173
2026-09-17T08:28:23.891995,1789633703891995000,77.56399487304688,0.0345022268593311,0.0225008837878704,0.0330846682190895
2026-09-17T08:28:23.901954,1789633703901954800,77.57395483398437,0.027323942631483,0.0214910134673118,0.0261125136166811
2026-09-17T08:28:23.911914,1789633703911914000,77.5839140625,0.0160537119954824,0.0153359156101942,0.0296598449349403
2026-09-17T08:28:23.921873,1789633703921873000,77.59387280273438,0.0018073981627821,0.0065357657149434,0.0276864413172006
2026-09-17T08:28:23.931831,1789633703931831800,77.60383178710937,0.0063337069004774,0.0002661519683897,-0.0008248281083069
2026-09-17T08:28:23.941792,1789633703941792000,77.6137919921875,0.0013677102979272,-0.0060340883210301,-0.0166661087423563
2026-09-17T08:28:23.951751,1789633703951751000,77.6237509765625,0.0032316567376255,-0.0038127456791698,-0.0121366046369075
2026-09-17T08:28:23.961710,1789633703961710000,77.6337099609375,0.0192404501140117,0.0087706902995705,-0.0119840055704116
2026-09-17T08:28:23.971670,1789633703971670000,77.643669921875,0.0342968963086605,0.0211655758321285,-0.0117504466325044
2026-09-17T08:28:23.981629,1789633703981629000,77.65362890625,0.020790409296751,0.0254785642027854,0.0047478368505835
2026-09-17T08:28:23.991587,1789633703991587800,77.663587890625,-0.0185450129210948,0.0237978436052799,0.0232813078910112
2026-09-17T08:28:24.001546,1789633704001546800,77.67354663085938,-0.0593544952571392,0.0069810464046895,0.0291730184108018
2026-09-17T08:28:24.011507,1789633704011507000,77.6835068359375,-0.0546630658209323,0.0140117919072508,0.0335989259183406
2026-09-17T08:28:24.021466,1789633704021466000,77.69346606445312,-0.0296637080609798,0.0234236679971218,0.032585859298706
2026-09-17T08:28:24.031425,1789633704031425000,77.70342504882812,0.0187381785362958,0.0300994142889976,0.0289607644081115
2026-09-17T08:28:24.041384,1789633704041384000,77.71338403320313,0.066083587706089,0.0423584803938865,0.023963076993823
2026-09-17T08:28:24.051344,1789633704051344000,77.72334375,0.0803821012377739,0.0471250042319297,0.0253604371100664
2026-09-17T08:28:24.061302,1789633704061302800,77.733302734375,0.0686354264616966,0.0466341823339462,0.0365979112684726
2026-09-17T08:28:24.071262,1789633704071262000,77.74326196289063,0.048459056764841,0.0468941070139408,0.0396437682211399
2026-09-17T08:28:24.081222,1789633704081222000,77.75322192382812,0.0107737286016345,0.0433326624333858,0.0403103567659854
2026-09-17T08:28:24.091181,1789633704091181000,77.76318115234375,-0.0473857149481773,0.0154235335066914,0.0337533876299858
2026-09-17T08:28:24.101140,1789633704101140000,77.77313989257813,-0.0954887941479682,-0.0110538806766271,0.0213598366826772
2026-09-17T08:28:24.111099,1789633704111099000,77.78309887695312,-0.139767050743103,-0.0308414325118064,0.014348798431456
2026-09-17T08:28:24.121058,1789633704121058800,77.79305883789063,-0.1378546357154846,-0.0251835472881793,0.0188199803233146
2026-09-17T08:28:24.131018,1789633704131018000,77.80301806640625,-0.1040423363447189,-0.0117247309535741,0.0150697166100144
2026-09-17T08:28:24.140977,1789633704140977000,77.81297680664062,-0.0707046240568161,0.0002661519683897,0.0086070233955979
2026-09-17T08:28:24.150936,1789633704150936800,77.82293676757813,-0.0492808185517787,0.0037192064337432,-0.0021635992452502
2026-09-17T08:28:24.160895,1789633704160895700,77.83289575195313,-0.0420572608709335,0.0040965764783322,-0.0030728024430572
2026-09-17T08:28:24.170855,1789633704170855000,77.84285498046874,-0.0526758171617984,0.0009907981147989,0.0049550305120646
2026-09-17T08:28:24.180814,1789633704180814000,77.85281396484375,-0.0664680674672126,0.0010190275497734,0.016341108828783
2026-09-17T08:28:24.190774,1789633704190774000,77.86277392578126,-0.0441896542906761,0.0008765484672039,0.0184386149048805
2026-09-17T08:28:24.200733,1789633704200733000,77.87273291015624,0.0172207094728946,0.0129193626344203,0.0087127508595585
2026-09-17T08:28:24.210691,1789633704210691800,77.88269189453125,0.0825070366263389,0.0270559526979923,-0.0039745485410094
2026-09-17T08:28:24.220651,1789633704220651800,77.89265185546876,0.1045798435807228,0.0206015184521675,-0.0163968633860349
2026-09-17T08:28:24.230611,1789633704230611000,77.90261083984375,0.0855872482061386,0.0180182494223117,-0.0129754999652504
2026-09-17T08:28:24.240569,1789633704240569900,77.91256982421875,0.0337544120848178,-0.0005407859571278,-0.0155435856431722
2026-09-17T08:28:24.250528,1789633704250528800,77.92252880859375,-0.0223514661192893,-0.0070990864187479,-0.0108726685866713
2026-09-17T08:28:24.260489,1789633704260489000,77.93248901367187,-0.0717115625739097,-0.0173503905534744,-0.0064366408623754
2026-09-17T08:28:24.270447,1789633704270447900,77.94244775390625,-0.0950600281357765,-0.0237832590937614,0.0058115031570196
2026-09-17T08:28:24.280407,1789633704280407000,77.95240698242188,-0.0873533710837364,-0.0180281661450862,0.0034673884510993
2026-09-17T08:28:24.290366,1789633704290366000,77.96236596679688,-0.0477002337574958,-0.014459797181189,-0.014192565344274
2026-09-17T08:28:24.300326,1789633704300326000,77.97232592773437,0.0160068403929471,-0.0042977072298526,-0.0179902333766222
2026-09-17T08:28:24.310284,1789633704310284800,77.98228491210938,0.0572900995612144,-0.0048106322064995,-0.0166495963931083
2026-09-17T08:28:24.320243,1789633704320243700,77.99224365234375,0.0736110135912895,-0.0044734757393598,-0.0112423151731491
2026-09-17T08:28:24.330204,1789633704330204000,78.00220385742188,0.0921135917305946,0.010670056566596,-0.0081988545134663
2026-09-17T08:28:24.340163,1789633704340163000,78.0121630859375,0.0739495009183883,0.0135270962491631,-0.0086971316486597
2026-09-17T08:28:24.350122,1789633704350122000,78.0221220703125,0.0242250896990299,0.0051264208741486,2.87150469375e-05
2026-09-17T08:28:24.360081,1789633704360081000,78.03208081054687,-0.0182701721787452,-0.0006470459047704,-0.0035766724031418
2026-09-17T08:28:24.370041,1789633704370041000,78.042041015625,-0.057107850909233,-0.0091337412595748,-0.0072614219971001
2026-09-17T08:28:24.380000,1789633704380000000,78.052,-0.0626538842916488,-0.0107966195791959,-0.0141840428113937
2026-09-17T08:28:24.389959,1789633704389959200,78.06195922851562,-0.0490560494363307,-0.0040343203581869,-0.0059514129534363
2026-09-17T08:28:24.399919,1789633704399919000,78.07191918945313,-0.0450019165873527,-0.0106528084725141,-0.0072592911310493
2026-09-17T08:28:24.409878,1789633704409878000,78.0818779296875,-0.0395240634679794,-0.0179040618240833,-0.0053402176126837
2026-09-17T08:28:24.419837,1789633704419837000,78.0918369140625,-0.0273108035326004,-0.0174529254436492,-0.0029545580036938
2026-09-17T08:28:24.429796,1789633704429796000,78.10179614257812,-0.0060814172029495,-0.0161202773451805,-0.0045641725882887
2026-09-17T08:28:24.439756,1789633704439756000,78.11175610351563,0.0179466865956783,-0.0097582526504993,-0.0078294742852449
2026-09-17T08:28:24.449715,1789633704449715200,78.12171508789062,0.0441870801150798,0.0058617196045815,-0.0094649214297533
2026-09-17T08:28:24.459674,1789633704459674000,78.13167407226562,0.0491168573498725,0.0217192471027374,0.003066316479817
2026-09-17T08:28:24.469634,1789633704469634000,78.14163403320312,0.0394165590405464,0.0307811833918094,0.0222687739878892
2026-09-17T08:28:24.479593,1789633704479593000,78.15159301757812,0.0052745677530765,0.0194787271320819,0.0350000150501728
2026-09-17T08:28:24.489552,1789633704489552100,78.16155224609375,-0.0210627652704715,0.0144874323159456,0.0334639027714729
2026-09-17T08:28:24.499511,1789633704499511000,78.17151098632813,-0.0442972443997859,-0.0033152671530842,0.0158444289118051
2026-09-17T08:28:24.509471,1789633704509471000,78.18147094726562,-0.0474421717226505,-0.012375340797007,0.0021528522484004
2026-09-17T08:28:24.519430,1789633704519430100,78.19143017578125,-0.0258684381842613,-0.0164640918374061,0.0021043827291578
2026-09-17T08:28:24.529389,1789633704529389000,78.20138916015625,0.0240485221147537,-0.0036958325654268,0.0056812744587659
2026-09-17T08:28:24.539348,1789633704539348200,78.21134814453124,0.0609908290207386,0.0006887955823913,-0.0032557614613324
2026-09-17T08:28:24.549308,1789633704549308200,78.22130810546875,0.0615578144788742,-0.0020273625850677,-0.0086625106632709
2026-09-17T08:28:24.559267,1789633704559267000,78.23126708984375,0.0351294018328189,0.0008869348093867,-0.0091272322461009
2026-09-17T08:28:24.569226,1789633704569226000,78.24122607421874,-0.0102452700957655,-0.0068934904411435,-0.0140532813966274
2026-09-17T08:28:24.579186,1789633704579186000,78.25118603515625,-0.0576463416218757,-0.0147013450041413,-0.0088324202224612
2026-09-17T08:28:24.589144,1789633704589144800,78.26114477539062,-0.0734293013811111,-0.0171637050807476,0.0035997475497424
2026-09-17T08:28:24.599104,1789633704599104300,78.27110424804688,-0.0492062494158744,0.000527674332261,0.009010225534439
2026-09-17T08:28:24.609063,1789633704609063200,78.28106323242187,-0.0178099796175956,0.0115417093038558,0.0134611669927835
2026-09-17T08:28:24.619023,1789633704619023000,78.29102319335938,-0.0032009426504373,0.0153154088184237,0.0189044028520584
2026-09-17T08:28:24.628982,1789633704628982000,78.30098193359375,0.0230839252471923,0.0148466927930712,0.0072911554016172
2026-09-17T08:28:24.638941,1789633704638941000,78.31094091796875,0.0459005571901798,0.0172603148967027,0.0006513621192425
2026-09-17T08:28:24.648900,1789633704648900900,78.32090087890624,0.0518231615424156,0.0172917395830154,-0.0019233820494264
2026-09-17T08:28:24.658860,1789633704658860000,78.33086010742187,0.0457040183246135,0.0164065062999725,0.0069055296480655
2026-09-17T08:28:24.668819,1789633704668819000,78.34081884765625,0.0345602855086326,0.0123893935233354,0.0085654780268669
2026-09-17T08:28:24.678777,1789633704678777900,78.35077783203126,0.0109926406294107,-0.0047049047425389,0.003059125971049
2026-09-17T08:28:24.688738,1789633704688738000,78.36073803710937,0.0095361582934856,-0.0112403016537427,0.0002960964047815
2026-09-17T08:28:24.698697,1789633704698697200,78.370697265625,0.0097492113709449,-0.0038822540082037,0.0089665502309799
2026-09-17T08:28:24.708656,1789633704708656000,78.38065625,0.0174444150179624,-0.0035845125094056,0.0147650502622127
2026-09-17T08:28:24.718616,1789633704718616000,78.39061596679687,0.0182960964739322,-0.0011114596854895,0.012407430447638
2026-09-17T08:28:24.728575,1789633704728575000,78.40057495117188,0.002112065674737,0.0005082749994471,0.0160631518810987
2026-09-17T08:28:24.738534,1789633704738534000,78.41053393554688,-0.0109464786946773,-0.0006475369445979,0.0183385573327541
2026-09-17T08:28:24.748493,1789633704748493000,78.4204931640625,-0.025558978319168,-0.001566061284393,0.0219567269086837
2026-09-17T08:28:24.758453,1789633704758453200,78.43045336914062,-0.0298147089779377,-0.0078868074342608,0.0213982630521059
2026-09-17T08:28:24.768412,1789633704768412200,78.440412109375,-0.0289278738200664,-0.0083842854946851,0.0212523210793733
2026-09-17T08:28:24.778371,1789633704778371000,78.45037109375,-0.032615553587675,-0.0133095355704426,0.0061705731786787
2026-09-17T08:28:24.788330,1789633704788330000,78.460330078125,-0.0224292315542697,0.0074348906055092,0.0119874496012926
2026-09-17T08:28:24.798290,1789633704798290000,78.4702900390625,-0.0291587710380554,0.0133748054504394,0.018071174621582
2026-09-17T08:28:24.808249,1789633704808249000,78.4802490234375,-0.0403696149587631,0.0065632378682494,0.0079844528809189
2026-09-17T08:28:24.818208,1789633704818208000,78.4902080078125,-0.0531511902809143,-0.003861439647153,0.0200688131153583
2026-09-17T08:28:24.828168,1789633704828168200,78.50016821289063,-0.0500496700406074,-0.0056343059986829,0.0286836065351963
2026-09-17T08:28:24.838127,1789633704838127000,78.51012719726563,-0.0316869094967842,-0.0101385097950696,0.0196512285619974
2026-09-17T08:28:24.848086,1789633704848086000,78.5200859375,0.0046441992744803,0.0061978520825505,0.007872600108385
2026-09-17T08:28:24.858045,1789633704858045200,78.53004516601563,0.0198660288006067,0.0060034412890672,-0.0013129092985764
2026-09-17T08:28:24.868005,1789633704868005000,78.54000512695312,-0.0048571601510047,-0.0080601796507835,-0.0041790031827986
2026-09-17T08:28:24.877964,1789633704877964000,78.54996411132812,-0.0208331979811191,-0.0173937603831291,-0.0001730763469822
2026-09-17T08:28:24.887923,1789633704887923000,78.5599228515625,-0.0193338394165039,-0.0133292432874441,0.0039894445799291
2026-09-17T08:28:24.897883,1789633704897883000,78.5698828125,-0.0087509686127305,-0.0098836459219455,0.0036397713702172
2026-09-17T08:28:24.907842,1789633704907842000,78.57984204101562,0.0157011114060878,0.0054377857595682,0.0095756910741329
2026-09-17T08:28:24.917801,1789633704917801200,78.58980126953125,0.0297796465456485,0.0141140986233949,0.0103847598657011
2026-09-17T08:28:24.927760,1789633704927760100,78.59976000976563,0.0233150906860828,0.0137979816645383,0.0049170232377946
2026-09-17T08:28:24.937720,1789633704937720000,78.60971997070313,-0.0120426351204514,0.0001647272147238,-0.0055079208686947
2026-09-17T08:28:24.947679,1789633704947679000,78.61967895507813,-0.0347551368176937,-0.0048103239387273,-0.0168484598398208
2026-09-17T08:28:24.957638,1789633704957638100,78.62963818359376,-0.0341479368507862,-0.0008126529864966,-0.0168742910027503
2026-09-17T08:28:24.967598,1789633704967598000,78.63959814453125,-0.0221085846424102,-0.0029586281161755,-0.0207760892808437
2026-09-17T08:28:24.977557,1789633704977557000,78.64955688476563,-0.0195780508220195,-0.0105766002088785,-0.0195070933550596
2026-09-17T08:28:24.987516,1789633704987516200,78.65951611328126,-0.0124929761514067,-0.0065107522532343,-0.0121463816612958
2026-09-17T08:28:24.997475,1789633704997475000,78.66947509765625,-0.0294652990996837,-0.0098817814141511,-0.0129461288452148
2026-09-17T08:28:25.007435,1789633705007435000,78.67943505859375,-0.0213913954794406,-0.0072156907990574,-0.0167254209518432
2026-09-17T08:28:25.017394,1789633705017394200,78.68939428710938,-0.0037543457001447,0.0044180620461702,-0.0132856825366616
2026-09-17T08:28:25.027353,1789633705027353000,78.69935302734375,0.0101851727813482,0.0073525989428162,-0.0102302376180887
2026-09-17T08:28:25.037312,1789633705037312000,78.70931201171875,0.0004656994715332,-0.0042420057579874,-0.0048096398822963
2026-09-17T08:28:25.047272,1789633705047272000,78.71927197265624,0.002349087037146,0.0013889824040234,-0.0015480663860216
2026-09-17T08:28:25.057230,1789633705057230800,78.72923095703125,-0.0076398979872465,-0.0030680841300636,0.0002498336252756
2026-09-17T08:28:25.067190,1789633705067190000,78.73918994140625,-0.0193966887891292,-0.0094479527324438,0.0103820962831377
2026-09-17T08:28:25.077150,1789633705077150200,78.74915014648437,-0.0134860696271061,-0.0012179859913885,0.0209098383784294
2026-09-17T08:28:25.087109,1789633705087109000,78.75910913085937,0.0049533923156559,0.0028968642000108,0.0157451704144477
2026-09-17T08:28:25.097068,1789633705097068000,78.76906811523438,0.0241515859961509,0.0085848439484834,0.0036325808614492
2026-09-17T08:28:25.107027,1789633705107027000,78.77902685546874,0.0221875049173831,0.0112115191295742,0.0005776687758043
2026-09-17T08:28:25.116987,1789633705116987000,78.78898681640625,0.0166262947022914,0.005484125111252,0.0061924112960696
2026-09-17T08:28:25.126946,1789633705126946000,78.79894604492188,-0.0012275381013751,-0.0003535239957273,0.0078246630728244
2026-09-17T08:28:25.136905,1789633705136905000,78.80890502929688,-0.0385360270738601,-0.0186941809952259,0.0038983644917607
2026-09-17T08:28:25.146865,1789633705146865200,78.818865234375,-0.0543852970004081,-0.024356061592698,-0.0019398174481466
2026-09-17T08:28:25.156824,1789633705156824000,78.82882397460938,-0.0312991514801979,-0.0178686007857322,-0.0075628156773746
2026-09-17T08:28:25.166783,1789633705166783000,78.83878295898438,-0.0068401498720049,-0.0064031602814793,-0.0087236873805522
2026-09-17T08:28:25.176742,1789633705176742100,78.8487421875,0.0088977999985218,-0.0018406331073492,-0.0048421304672956
2026-09-17T08:28:25.186702,1789633705186702000,78.8587021484375,0.0049033248797059,0.0040412247180938,-0.00074778648559
2026-09-17T08:28:25.196661,1789633705196661000,78.86866088867187,-0.0236556157469749,-0.0079536531120538,-0.0026290433015674
2026-09-17T08:28:25.206620,1789633705206620000,78.87861987304687,-0.0418410114943981,-0.0167559329420328,-0.0073593501001596
2026-09-17T08:28:25.216580,1789633705216580000,78.888580078125,-0.0410804115235805,-0.0091291721910238,-0.0072336490266025
2026-09-17T08:28:25.226539,1789633705226539000,78.8985390625,-0.027198951691389,-0.0102490317076444,-0.0105751166120171
2026-09-17T08:28:25.236498,1789633705236498200,78.90849829101562,-0.0101904068142175,-0.0086985388770699,-0.0090424679219722
2026-09-17T08:28:25.246457,1789633705246457000,78.91845703125,-0.0089301988482475,-0.01990139298141,0.0040477677248418
2026-09-17T08:28:25.256417,1789633705256417000,78.9284169921875,-0.0332597717642784,-0.0266642235219478,0.0207481849938631
2026-09-17T08:28:25.266376,1789633705266376000,78.9383759765625,-0.0472522862255573,-0.0326997451484203,0.0142711102962493
2026-09-17T08:28:25.276335,1789633705276335000,78.94833520507812,-0.0318413712084293,-0.0229461845010519,0.0025446796789765
2026-09-17T08:28:25.286294,1789633705286294000,78.9582939453125,-0.0021804175339639,-0.0123771633952856,-0.0092403404414653
2026-09-17T08:28:25.296254,1789633705296254200,78.96825415039062,0.0195730812847614,-0.0024981677997857,-0.0026498159859329
2026-09-17T08:28:25.306213,1789633705306213000,78.97821313476562,0.0204295553267002,0.0010249281767755,0.0114090116694569
2026-09-17T08:28:25.316172,1789633705316172000,78.98817211914063,-0.0031838966533541,-0.006442841142416,0.0140732377767562
2026-09-17T08:28:25.326132,1789633705326132000,78.99813208007812,-0.0335149019956588,-0.0122272269800305,0.0180450771003961
2026-09-17T08:28:25.336091,1789633705336091400,79.00809130859375,-0.034064844250679,-0.0167452804744243,0.0102982074022293
2026-09-17T08:28:25.346050,1789633705346050600,79.01805053710937,-0.0069940807297825,-0.0090823005884885,0.0005513034993782
2026-09-17T08:28:25.356009,1789633705356009500,79.02800952148438,0.0153509052470326,-0.0086388839408755,-0.0132534578442573
2026-09-17T08:28:25.365969,1789633705365969400,79.03796948242187,0.0193043686449527,-0.0142475012689828,-0.0165938604623079
2026-09-17T08:28:25.375928,1789633705375928300,79.04792822265625,0.0097153903916478,-0.0155830774456262,-0.0121088316664099
2026-09-17T08:28:25.385887,1789633705385887500,79.05788745117188,-0.0074305729940533,-0.0224806629121303,-0.0058410819619894
2026-09-17T08:28:25.395847,1789633705395847400,79.06784741210937,-0.0068332264199852,-0.0163037274032831,0.0049346000887453
2026-09-17T08:28:25.405806,1789633705405806300,79.07780639648438,0.0053994716145098,-0.0075611025094985,0.001878622919321
2026-09-17T08:28:25.415765,1789633705415765200,79.08776513671874,0.0269785337150096,0.0029272241517901,-0.0044852667488157
2026-09-17T08:28:25.425724,1789633705425724200,79.09772412109375,0.0410797074437141,0.0080639291554689,-0.0164172928780317
2026-09-17T08:28:25.435684,1789633705435684400,79.10768432617188,0.0409734472632408,0.0105854105204343,-0.0181909594684839
2026-09-17T08:28:25.445643,1789633705445643500,79.1176435546875,0.0447021387517452,0.0182385370135307,-0.0040066968649625
2026-09-17T08:28:25.455602,1789633705455602400,79.1276025390625,0.0510172918438911,0.0234977472573518,0.0012924611801281
